test_ibs,mean_ibs,std_ibs,test_cindex,mean_cindex,std_cindex,test_auc,mean_auc,std_auc,test_tpr,test_fpr,mean_bias,std_bias,mean_mse,std_mse,best_params,sample_size,method,kernel,task
"[np.float64(0.07112908099839618), np.float64(0.09930459348592617), np.float64(0.09331676497687305), np.float64(0.05083717051687014), np.float64(0.08601329197730627)]",0.0801201803910743,0.0174083592005312,"[np.float64(0.8020733023304346), np.float64(0.7916258253272769), np.float64(0.8001477261527233), np.float64(0.8315414108410426), np.float64(0.8523114433462027)]",0.815539941599536,0.022796254013501,"[np.float64(0.9683851406417354), np.float64(0.9892211591131246), np.float64(0.9642124326749173), np.float64(0.982441543715191), np.float64(0.9738840672794244)]",0.9756288686848784,0.0091325115847883,"[array([0.        , 0.36834433, 0.46418687, 0.46418687, 0.46418687,
       0.51983997, 0.53828675, 0.55642312, 0.55642312, 0.55642312,
       0.57406696, 0.57406696, 0.64279076, 0.65981041, 0.65981041,
       0.65981041, 0.67624751, 0.69249125, 0.69249125, 0.69249125,
       0.7080525 , 0.7080525 , 0.73850493, 0.73850493, 0.73850493,
       0.73850493, 0.75306683, 0.75306683, 0.76714458, 0.7948644 ,
       0.8085306 , 0.8085306 , 0.82193612, 0.82193612, 0.82193612,
       0.82193612, 0.82193612, 0.83428378, 0.83428378, 0.84620971,
       0.84620971, 0.84620971, 0.84620971, 0.84620971, 0.85721057,
       0.86796597, 0.86796597, 0.86796597, 0.86796597, 0.87791709,
       0.87791709, 0.87791709, 0.88728671, 0.89653027, 0.90546827,
       0.9231851 , 0.9231851 , 0.9316598 , 0.9316598 , 0.9316598 ,
       0.9316598 , 0.9316598 , 0.9316598 , 0.9316598 , 0.9316598 ,
       0.9316598 , 0.9316598 , 0.9381393 , 0.9381393 , 0.9381393 ,
       0.94400232, 0.94400232, 0.94400232, 0.9493674 , 0.95972937,
       0.96468391, 0.96468391, 0.96468391, 0.96468391, 0.96882048,
       0.9727522 , 0.9727522 , 0.97993281, 0.97993281, 0.97993281,
       0.97993281, 0.98282136, 0.98282136, 0.98282136, 0.98282136,
       0.9869204 , 0.99069241, 0.99069241, 0.99214247, 0.99335335,
       0.99440458, 0.99532485, 0.99591357, 0.99769835, 0.99893382,
       1.        ]), array([0.1074755 , 0.62632405, 0.67923686, 0.73155236, 0.73155236,
       0.74857894, 0.76547679, 0.78218767, 0.79882846, 0.8316316 ,
       0.84782775, 0.86383875, 0.86383875, 0.86383875, 0.86383875,
       0.86383875, 0.87897421, 0.87897421, 0.87897421, 0.87897421,
       0.87897421, 0.87897421, 0.87897421, 0.8928228 , 0.8928228 ,
       0.8928228 , 0.90617255, 0.90617255, 0.90617255, 0.90617255,
       0.90617255, 0.90617255, 0.90617255, 0.90617255, 0.90617255,
       0.90617255, 0.9177528 , 0.9177528 , 0.9177528 , 0.9177528 ,
       0.9177528 , 0.9177528 , 0.9177528 , 0.9177528 , 0.9177528 ,
       0.9177528 , 0.9177528 , 0.9177528 , 0.9177528 , 0.9177528 ,
       0.9177528 , 0.93550084, 0.93550084, 0.93550084, 0.94375019,
       0.94375019, 0.94375019, 0.94375019, 0.95133004, 0.95133004,
       0.95133004, 0.95133004, 0.95814185, 0.95814185, 0.95814185,
       0.95814185, 0.95814185, 0.95814185, 0.96388356, 0.96388356,
       0.96388356, 0.96914775, 0.96914775, 0.96914775, 0.96914775,
       0.96914775, 0.96914775, 0.96914775, 0.96914775, 0.97295449,
       0.97655088, 0.97655088, 0.97655088, 0.97655088, 0.97655088,
       0.9847806 , 0.9847806 , 0.9847806 , 0.9847806 , 0.98686815,
       0.98873461, 0.99051794, 0.99051794, 0.99180337, 0.99288181,
       0.99387665, 0.99701512, 0.99770369, 0.99865551, 0.9988682 ,
       1.        ]), array([0.        , 0.41161526, 0.47659414, 0.524907  , 0.524907  ,
       0.60353942, 0.60353942, 0.60353942, 0.60353942, 0.61860869,
       0.64846246, 0.64846246, 0.64846246, 0.67741726, 0.67741726,
       0.67741726, 0.69128301, 0.70502487, 0.71865637, 0.74541932,
       0.74541932, 0.75844929, 0.77131661, 0.78408654, 0.78408654,
       0.78408654, 0.7963873 , 0.7963873 , 0.7963873 , 0.80812179,
       0.80812179, 0.80812179, 0.80812179, 0.80812179, 0.81908452,
       0.81908452, 0.81908452, 0.81908452, 0.82946588, 0.82946588,
       0.82946588, 0.83929791, 0.83929791, 0.84881225, 0.84881225,
       0.84881225, 0.84881225, 0.87523663, 0.87523663, 0.90065818,
       0.90065818, 0.90065818, 0.90862484, 0.90862484, 0.90862484,
       0.90862484, 0.90862484, 0.91574522, 0.92275391, 0.92275391,
       0.92940316, 0.93595922, 0.93595922, 0.93595922, 0.94197715,
       0.94197715, 0.94197715, 0.94197715, 0.9527511 , 0.9527511 ,
       0.95784415, 0.96267061, 0.96267061, 0.96719094, 0.97153037,
       0.97153037, 0.98362856, 0.98362856, 0.98362856, 0.98362856,
       0.98362856, 0.98362856, 0.98362856, 0.98362856, 0.98362856,
       0.98362856, 0.98362856, 0.98582085, 0.98785771, 0.98785771,
       0.98953405, 0.98953405, 0.99232573, 0.99354653, 0.99354653,
       0.99441713, 0.99441713, 0.99556276, 0.99808205, 0.99958186,
       1.        ]), array([0.        , 0.43487392, 0.50354743, 0.58845287, 0.60518366,
       0.65524525, 0.68806648, 0.70443159, 0.75270554, 0.75270554,
       0.75270554, 0.75270554, 0.76806964, 0.76806964, 0.76806964,
       0.78295512, 0.8124717 , 0.8124717 , 0.82687883, 0.82687883,
       0.82687883, 0.86850643, 0.86850643, 0.86850643, 0.88176027,
       0.88176027, 0.88176027, 0.88176027, 0.88176027, 0.89421694,
       0.89421694, 0.89421694, 0.90618528, 0.90618528, 0.90618528,
       0.90618528, 0.90618528, 0.90618528, 0.90618528, 0.90618528,
       0.90618528, 0.90618528, 0.92671782, 0.92671782, 0.93648555,
       0.93648555, 0.93648555, 0.93648555, 0.93648555, 0.93648555,
       0.93648555, 0.93648555, 0.93648555, 0.93648555, 0.93648555,
       0.93648555, 0.93648555, 0.93648555, 0.93648555, 0.94380115,
       0.94380115, 0.94380115, 0.95043899, 0.95704012, 0.95704012,
       0.95704012, 0.95704012, 0.95704012, 0.96270608, 0.96270608,
       0.96270608, 0.96270608, 0.96270608, 0.96744003, 0.96744003,
       0.96744003, 0.96744003, 0.96744003, 0.96744003, 0.9711148 ,
       0.9711148 , 0.9711148 , 0.9711148 , 0.97409796, 0.97409796,
       0.97953689, 0.98461201, 0.9869613 , 0.9869613 , 0.9869613 ,
       0.9869613 , 0.98853166, 0.99144116, 0.99144116, 0.99263389,
       0.99552774, 0.99623929, 0.9968853 , 0.99850179, 0.99928176,
       1.        ]), array([0.        , 0.41758503, 0.48352234, 0.48352234, 0.51582825,
       0.53182925, 0.61080303, 0.67341372, 0.68888556, 0.70417622,
       0.70417622, 0.70417622, 0.70417622, 0.70417622, 0.70417622,
       0.71851868, 0.74688132, 0.77489738, 0.78869066, 0.78869066,
       0.80213885, 0.80213885, 0.82849829, 0.82849829, 0.82849829,
       0.82849829, 0.84104331, 0.84104331, 0.85313563, 0.86513001,
       0.86513001, 0.86513001, 0.87663637, 0.87663637, 0.87663637,
       0.87663637, 0.87663637, 0.87663637, 0.87663637, 0.87663637,
       0.8868353 , 0.8868353 , 0.8868353 , 0.89644298, 0.89644298,
       0.91503525, 0.91503525, 0.91503525, 0.91503525, 0.9236216 ,
       0.9236216 , 0.9236216 , 0.9236216 , 0.9236216 , 0.9236216 ,
       0.9312144 , 0.9312144 , 0.9312144 , 0.9312144 , 0.9312144 ,
       0.9312144 , 0.9445359 , 0.9445359 , 0.9445359 , 0.9445359 ,
       0.9445359 , 0.95022662, 0.95022662, 0.95022662, 0.95022662,
       0.95525189, 0.96019628, 0.96489818, 0.96489818, 0.96489818,
       0.96489818, 0.96899417, 0.97286291, 0.97286291, 0.97286291,
       0.97286291, 0.97608868, 0.98224021, 0.98224021, 0.98496866,
       0.98496866, 0.98496866, 0.98720667, 0.99138181, 0.99329972,
       0.99329972, 0.99481032, 0.99481032, 0.99481032, 0.99481032,
       0.99565251, 0.99565251, 0.99741223, 0.99787725, 0.9983804 ,
       1.        ])]","[array([0.00000000e+00, 5.96013378e-04, 1.57168481e-03, 1.57168481e-03,
       1.57168481e-03, 3.54842258e-03, 4.28564082e-03, 5.25600804e-03,
       5.25600804e-03, 5.25600804e-03, 6.59629977e-03, 6.59629977e-03,
       1.33481850e-02, 1.51573068e-02, 1.51573068e-02, 1.51573068e-02,
       1.74039733e-02, 1.97958776e-02, 1.97958776e-02, 1.97958776e-02,
       2.27003838e-02, 2.27003838e-02, 2.90126956e-02, 2.90126956e-02,
       2.90126956e-02, 2.90126956e-02, 3.26678080e-02, 3.26678080e-02,
       3.66865592e-02, 4.50513074e-02, 4.93791745e-02, 4.93791745e-02,
       5.39028325e-02, 5.39028325e-02, 5.39028325e-02, 5.39028325e-02,
       5.39028325e-02, 5.92210460e-02, 5.92210460e-02, 6.48560089e-02,
       6.48560089e-02, 6.48560089e-02, 6.48560089e-02, 6.48560089e-02,
       7.11857889e-02, 7.76999309e-02, 7.76999309e-02, 7.76999309e-02,
       7.76999309e-02, 8.48181580e-02, 8.48181580e-02, 8.48181580e-02,
       9.23731479e-02, 1.00022820e-01, 1.07901991e-01, 1.23779895e-01,
       1.23779895e-01, 1.32007048e-01, 1.32007048e-01, 1.32007048e-01,
       1.32007048e-01, 1.32007048e-01, 1.32007048e-01, 1.32007048e-01,
       1.32007048e-01, 1.32007048e-01, 1.32007048e-01, 1.41732777e-01,
       1.41732777e-01, 1.41732777e-01, 1.51921540e-01, 1.51921540e-01,
       1.51921540e-01, 1.62484304e-01, 1.83886369e-01, 1.94757482e-01,
       1.94757482e-01, 1.94757482e-01, 1.94757482e-01, 2.06242962e-01,
       2.17882305e-01, 2.17882305e-01, 2.41673867e-01, 2.41673867e-01,
       2.41673867e-01, 2.41673867e-01, 2.54096727e-01, 2.54096727e-01,
       2.54096727e-01, 2.54096727e-01, 2.80202823e-01, 3.06554544e-01,
       3.06554544e-01, 3.20057842e-01, 3.33740783e-01, 3.47543639e-01,
       3.61444855e-01, 3.75595091e-01, 4.32624250e-01, 4.90065997e-01,
       1.00000000e+00]), array([0.00000000e+00, 5.36221234e-04, 1.25386745e-03, 2.49113611e-03,
       2.49113611e-03, 3.26189856e-03, 4.14465292e-03, 5.19006259e-03,
       6.29643748e-03, 8.92541052e-03, 1.04185936e-02, 1.20728559e-02,
       1.20728559e-02, 1.20728559e-02, 1.20728559e-02, 1.20728559e-02,
       1.44887709e-02, 1.44887709e-02, 1.44887709e-02, 1.44887709e-02,
       1.44887709e-02, 1.44887709e-02, 1.44887709e-02, 1.80241820e-02,
       1.80241820e-02, 1.80241820e-02, 2.19935584e-02, 2.19935584e-02,
       2.19935584e-02, 2.19935584e-02, 2.19935584e-02, 2.19935584e-02,
       2.19935584e-02, 2.19935584e-02, 2.19935584e-02, 2.19935584e-02,
       2.75022871e-02, 2.75022871e-02, 2.75022871e-02, 2.75022871e-02,
       2.75022871e-02, 2.75022871e-02, 2.75022871e-02, 2.75022871e-02,
       2.75022871e-02, 2.75022871e-02, 2.75022871e-02, 2.75022871e-02,
       2.75022871e-02, 2.75022871e-02, 2.75022871e-02, 4.32282256e-02,
       4.32282256e-02, 4.32282256e-02, 5.16346176e-02, 5.16346176e-02,
       5.16346176e-02, 5.16346176e-02, 6.06234365e-02, 6.06234365e-02,
       6.06234365e-02, 6.06234365e-02, 7.02803942e-02, 7.02803942e-02,
       7.02803942e-02, 7.02803942e-02, 7.02803942e-02, 7.02803942e-02,
       8.08682716e-02, 8.08682716e-02, 8.08682716e-02, 9.18715604e-02,
       9.18715604e-02, 9.18715604e-02, 9.18715604e-02, 9.18715604e-02,
       9.18715604e-02, 9.18715604e-02, 9.18715604e-02, 1.04142742e-01,
       1.16596913e-01, 1.16596913e-01, 1.16596913e-01, 1.16596913e-01,
       1.16596913e-01, 1.56185984e-01, 1.56185984e-01, 1.56185984e-01,
       1.56185984e-01, 1.69952743e-01, 1.83911845e-01, 1.97943261e-01,
       1.97943261e-01, 2.12407819e-01, 2.27052438e-01, 2.41769791e-01,
       3.01370723e-01, 3.16354507e-01, 3.46692081e-01, 3.62089851e-01,
       1.00000000e+00]), array([0.00000000e+00, 7.20402507e-04, 1.73395722e-03, 2.92441623e-03,
       2.92441623e-03, 6.83775803e-03, 6.83775803e-03, 6.83775803e-03,
       6.83775803e-03, 8.29163433e-03, 1.14902468e-02, 1.14902468e-02,
       1.14902468e-02, 1.56069692e-02, 1.56069692e-02, 1.56069692e-02,
       1.82900163e-02, 2.10995971e-02, 2.40218788e-02, 3.03771593e-02,
       3.03771593e-02, 3.39137921e-02, 3.76165461e-02, 4.14187577e-02,
       4.14187577e-02, 4.14187577e-02, 4.57001302e-02, 4.57001302e-02,
       4.57001302e-02, 5.05598442e-02, 5.05598442e-02, 5.05598442e-02,
       5.05598442e-02, 5.05598442e-02, 5.62077661e-02, 5.62077661e-02,
       5.62077661e-02, 5.62077661e-02, 6.24494363e-02, 6.24494363e-02,
       6.24494363e-02, 6.92521442e-02, 6.92521442e-02, 7.63793052e-02,
       7.63793052e-02, 7.63793052e-02, 7.63793052e-02, 9.99245764e-02,
       9.99245764e-02, 1.24494044e-01, 1.24494044e-01, 1.24494044e-01,
       1.33201872e-01, 1.33201872e-01, 1.33201872e-01, 1.33201872e-01,
       1.33201872e-01, 1.42774001e-01, 1.52460199e-01, 1.52460199e-01,
       1.62513492e-01, 1.72661969e-01, 1.72661969e-01, 1.72661969e-01,
       1.83360035e-01, 1.83360035e-01, 1.83360035e-01, 1.83360035e-01,
       2.06044960e-01, 2.06044960e-01, 2.17687617e-01, 2.29602536e-01,
       2.29602536e-01, 2.41830114e-01, 2.54242439e-01, 2.54242439e-01,
       2.92419126e-01, 2.92419126e-01, 2.92419126e-01, 2.92419126e-01,
       2.92419126e-01, 2.92419126e-01, 2.92419126e-01, 2.92419126e-01,
       2.92419126e-01, 2.92419126e-01, 2.92419126e-01, 3.07024344e-01,
       3.21788295e-01, 3.21788295e-01, 3.36920452e-01, 3.36920452e-01,
       3.67757721e-01, 3.83355121e-01, 3.83355121e-01, 3.99310186e-01,
       3.99310186e-01, 4.31828569e-01, 5.30320879e-01, 6.46698595e-01,
       1.00000000e+00]), array([0.00000000e+00, 5.77029685e-04, 1.50051876e-03, 3.51368242e-03,
       4.14586166e-03, 6.16233070e-03, 8.01393578e-03, 8.98146740e-03,
       1.26373451e-02, 1.26373451e-02, 1.26373451e-02, 1.26373451e-02,
       1.45228911e-02, 1.45228911e-02, 1.45228911e-02, 1.68473727e-02,
       2.17296134e-02, 2.17296134e-02, 2.44927776e-02, 2.44927776e-02,
       2.44927776e-02, 3.42438973e-02, 3.42438973e-02, 3.42438973e-02,
       3.80647234e-02, 3.80647234e-02, 3.80647234e-02, 3.80647234e-02,
       3.80647234e-02, 4.26166250e-02, 4.26166250e-02, 4.26166250e-02,
       4.76163568e-02, 4.76163568e-02, 4.76163568e-02, 4.76163568e-02,
       4.76163568e-02, 4.76163568e-02, 4.76163568e-02, 4.76163568e-02,
       4.76163568e-02, 4.76163568e-02, 6.07376996e-02, 6.07376996e-02,
       6.77555769e-02, 6.77555769e-02, 6.77555769e-02, 6.77555769e-02,
       6.77555769e-02, 6.77555769e-02, 6.77555769e-02, 6.77555769e-02,
       6.77555769e-02, 6.77555769e-02, 6.77555769e-02, 6.77555769e-02,
       6.77555769e-02, 6.77555769e-02, 6.77555769e-02, 7.70222493e-02,
       7.70222493e-02, 7.70222493e-02, 8.69104873e-02, 9.68324003e-02,
       9.68324003e-02, 9.68324003e-02, 9.68324003e-02, 9.68324003e-02,
       1.07611931e-01, 1.07611931e-01, 1.07611931e-01, 1.07611931e-01,
       1.07611931e-01, 1.19246191e-01, 1.19246191e-01, 1.19246191e-01,
       1.19246191e-01, 1.19246191e-01, 1.19246191e-01, 1.31851810e-01,
       1.31851810e-01, 1.31851810e-01, 1.31851810e-01, 1.45091692e-01,
       1.45091692e-01, 1.72055119e-01, 1.99352183e-01, 2.13173372e-01,
       2.13173372e-01, 2.13173372e-01, 2.13173372e-01, 2.27708911e-01,
       2.56992024e-01, 2.56992024e-01, 2.71873876e-01, 3.17147030e-01,
       3.32470162e-01, 3.47853404e-01, 4.10273689e-01, 4.57485435e-01,
       1.00000000e+00]), array([0.00000000e+00, 8.02547532e-04, 1.80004377e-03, 1.80004377e-03,
       2.95608630e-03, 3.68481207e-03, 8.35118513e-03, 1.26479439e-02,
       1.39014815e-02, 1.53347060e-02, 1.53347060e-02, 1.53347060e-02,
       1.53347060e-02, 1.53347060e-02, 1.53347060e-02, 1.77083286e-02,
       2.27752166e-02, 2.81858320e-02, 3.11041148e-02, 3.11041148e-02,
       3.43646634e-02, 3.43646634e-02, 4.14182638e-02, 4.14182638e-02,
       4.14182638e-02, 4.14182638e-02, 4.55745481e-02, 4.55745481e-02,
       5.01798100e-02, 5.48822082e-02, 5.48822082e-02, 5.48822082e-02,
       6.00686108e-02, 6.00686108e-02, 6.00686108e-02, 6.00686108e-02,
       6.00686108e-02, 6.00686108e-02, 6.00686108e-02, 6.00686108e-02,
       6.65516904e-02, 6.65516904e-02, 6.65516904e-02, 7.36211610e-02,
       7.36211610e-02, 8.83780547e-02, 8.83780547e-02, 8.83780547e-02,
       8.83780547e-02, 9.64604554e-02, 9.64604554e-02, 9.64604554e-02,
       9.64604554e-02, 9.64604554e-02, 9.64604554e-02, 1.05528232e-01,
       1.05528232e-01, 1.05528232e-01, 1.05528232e-01, 1.05528232e-01,
       1.05528232e-01, 1.25512550e-01, 1.25512550e-01, 1.25512550e-01,
       1.25512550e-01, 1.25512550e-01, 1.36466762e-01, 1.36466762e-01,
       1.36466762e-01, 1.36466762e-01, 1.48080962e-01, 1.59775360e-01,
       1.71710268e-01, 1.71710268e-01, 1.71710268e-01, 1.71710268e-01,
       1.84246087e-01, 1.97007301e-01, 1.97007301e-01, 1.97007301e-01,
       1.97007301e-01, 2.10406195e-01, 2.37501514e-01, 2.37501514e-01,
       2.51393637e-01, 2.51393637e-01, 2.51393637e-01, 2.65772168e-01,
       2.94827632e-01, 3.09523623e-01, 3.09523623e-01, 3.24623576e-01,
       3.24623576e-01, 3.24623576e-01, 3.24623576e-01, 3.40386452e-01,
       3.40386452e-01, 3.88435597e-01, 4.04572537e-01, 4.37269783e-01,
       1.00000000e+00])]",0.0375988911887807,0.0218503146591351,0.0131724986681578,0.0205384766278619,"[{'lambda_reg': 9.038804920863568e-05, 'K_bin': 1, 'gamma': 0.004683155326458668, 'coef0': -0.8206013688967273}, {'lambda_reg': 0.00015193515941380154, 'K_bin': 1, 'gamma': 0.7350147967842408, 'coef0': -2.9727143619581953}, {'lambda_reg': 0.0004593032802269408, 'K_bin': 1, 'gamma': 0.0024587986430220058, 'coef0': -0.16158378332059797}, {'lambda_reg': 4.680859429464133e-05, 'K_bin': 1, 'gamma': 0.06623339211947168, 'coef0': -3.2248351232650476}, {'lambda_reg': 1.2765452465480638e-05, 'K_bin': 1, 'gamma': 0.01927354282802912, 'coef0': -1.1789121493232715}]",600,1,sigmoid,26
"[np.float64(0.11335460279304534), np.float64(0.08774393564801894), np.float64(0.12731178106798147), np.float64(0.09948829425300176), np.float64(0.1362519663769109)]",0.1128301160277916,0.0176968778986377,"[np.float64(0.7137434068817409), np.float64(0.805537017233847), np.float64(0.6987407485610962), np.float64(0.7678305561120178), np.float64(0.6987591677709776)]",0.7369221793119358,0.0426961739149849,"[np.float64(0.8698980271132357), np.float64(0.9020917928068872), np.float64(0.867085889804379), np.float64(0.9233645997509273), np.float64(0.9203948664457812)]",0.8965670351842421,0.0240697813887997,"[array([0.        , 0.20947045, 0.27151328, 0.35359049, 0.41451938,
       0.4346104 , 0.45435427, 0.55275661, 0.57221194, 0.59143153,
       0.61050083, 0.61050083, 0.61050083, 0.61050083, 0.62866343,
       0.62866343, 0.66404413, 0.66404413, 0.68129591, 0.68129591,
       0.69819094, 0.69819094, 0.73118964, 0.74752725, 0.77956553,
       0.77956553, 0.77956553, 0.79498546, 0.79498546, 0.84003   ,
       0.85489477, 0.86949271, 0.88391105, 0.89801838, 0.89801838,
       0.92555973, 0.92555973, 0.93881032, 0.95204176, 0.95204176,
       0.95204176, 0.95204176, 0.95204176, 0.95204176, 0.96398183,
       0.96398183, 0.96398183, 0.96398183, 0.97492074, 0.97492074,
       0.97492074, 0.97492074, 0.97492074, 0.97492074, 0.97492074,
       0.97492074, 0.97492074, 0.97492074, 0.97492074, 0.98357142,
       0.98357142, 0.99185583, 0.99185583, 0.99977012, 0.99977012,
       0.99977012, 0.99977012, 0.99977012, 0.99977012, 0.99977012,
       0.99977012, 0.99977012, 0.99977012, 0.99977012, 0.99977012,
       0.99977012, 0.99977012, 0.99977012, 0.99977012, 0.99977012,
       0.99977012, 0.99977012, 0.99977012, 0.99977012, 0.99977012,
       0.99977012, 0.99977012, 0.99977012, 0.99977012, 0.99977012,
       0.99977012, 0.99977012, 0.99977012, 0.99977012, 0.99977012,
       0.99977012, 0.99977012, 0.99977012, 0.99977012, 0.99999049,
       1.        ]), array([0.        , 0.11507855, 0.206151  , 0.34143687, 0.38599103,
       0.42998691, 0.47376572, 0.51709723, 0.58148006, 0.60272637,
       0.60272637, 0.60272637, 0.64352089, 0.68403374, 0.72394338,
       0.72394338, 0.72394338, 0.72394338, 0.74312636, 0.76190997,
       0.76190997, 0.78040265, 0.78040265, 0.79824606, 0.79824606,
       0.79824606, 0.79824606, 0.79824606, 0.81493227, 0.81493227,
       0.81493227, 0.81493227, 0.81493227, 0.81493227, 0.83022557,
       0.83022557, 0.83022557, 0.8448903 , 0.85938859, 0.87360625,
       0.88767531, 0.88767531, 0.88767531, 0.90108617, 0.90108617,
       0.90108617, 0.90108617, 0.90108617, 0.91325131, 0.91325131,
       0.92501884, 0.92501884, 0.92501884, 0.92501884, 0.92501884,
       0.93565651, 0.93565651, 0.93565651, 0.95534383, 0.95534383,
       0.96469278, 0.96469278, 0.96469278, 0.96469278, 0.96469278,
       0.96469278, 0.9726847 , 0.9726847 , 0.9726847 , 0.9726847 ,
       0.9726847 , 0.97953163, 0.97953163, 0.97953163, 0.97953163,
       0.98544822, 0.98544822, 0.98544822, 0.98544822, 0.98544822,
       0.98544822, 0.9899275 , 0.9899275 , 0.9899275 , 0.9899275 ,
       0.9899275 , 0.9899275 , 0.9929706 , 0.9929706 , 0.9929706 ,
       0.9929706 , 0.9929706 , 0.9929706 , 0.99649181, 0.9978957 ,
       0.9991644 , 0.9991644 , 1.        , 1.        , 1.        ,
       1.        ]), array([0.        , 0.        , 0.17996579, 0.29122097, 0.40137005,
       0.40137005, 0.44450153, 0.52988421, 0.52988421, 0.55079881,
       0.57149533, 0.59182576, 0.61196389, 0.61196389, 0.61196389,
       0.61196389, 0.61196389, 0.61196389, 0.66853521, 0.66853521,
       0.68688869, 0.68688869, 0.70488511, 0.70488511, 0.70488511,
       0.72217691, 0.72217691, 0.75568405, 0.77228721, 0.78849857,
       0.78849857, 0.78849857, 0.78849857, 0.78849857, 0.8037349 ,
       0.8037349 , 0.8037349 , 0.81827736, 0.83261441, 0.84670239,
       0.84670239, 0.84670239, 0.84670239, 0.85982914, 0.85982914,
       0.85982914, 0.85982914, 0.85982914, 0.87173827, 0.88356672,
       0.89504917, 0.90623028, 0.91734903, 0.91734903, 0.91734903,
       0.93804441, 0.94817122, 0.94817122, 0.95788975, 0.95788975,
       0.95788975, 0.95788975, 0.95788975, 0.95788975, 0.96616092,
       0.96616092, 0.96616092, 0.96616092, 0.9735105 , 0.9735105 ,
       0.9735105 , 0.98029122, 0.98029122, 0.99290967, 0.99290967,
       0.99290967, 0.99290967, 0.99290967, 0.99290967, 0.99290967,
       0.99290967, 0.99290967, 0.99290967, 0.99290967, 0.99290967,
       0.99290967, 0.99290967, 0.99290967, 0.99290967, 0.99809631,
       0.99809631, 0.99809631, 1.        , 1.        , 1.        ,
       1.        , 1.        , 1.        , 1.        , 1.        ,
       1.        ]), array([0.        , 0.25367684, 0.36768051, 0.43528603, 0.5245707 ,
       0.54678837, 0.54678837, 0.56833532, 0.56833532, 0.56833532,
       0.58934743, 0.61001453, 0.65107381, 0.67127668, 0.71136046,
       0.7310706 , 0.75059897, 0.76982743, 0.7890317 , 0.82682347,
       0.82682347, 0.82682347, 0.82682347, 0.82682347, 0.84456716,
       0.84456716, 0.84456716, 0.84456716, 0.86144254, 0.86144254,
       0.86144254, 0.86144254, 0.87737944, 0.87737944, 0.87737944,
       0.87737944, 0.87737944, 0.87737944, 0.87737944, 0.87737944,
       0.87737944, 0.87737944, 0.87737944, 0.87737944, 0.87737944,
       0.90289593, 0.90289593, 0.90289593, 0.90289593, 0.90289593,
       0.91454703, 0.91454703, 0.93708422, 0.93708422, 0.93708422,
       0.93708422, 0.94745602, 0.94745602, 0.94745602, 0.95713014,
       0.96642436, 0.96642436, 0.96642436, 0.96642436, 0.96642436,
       0.96642436, 0.96642436, 0.96642436, 0.97394708, 0.97394708,
       0.97394708, 0.97394708, 0.97394708, 0.97394708, 0.97394708,
       0.97394708, 0.97394708, 0.97394708, 0.97394708, 0.97897621,
       0.98373804, 0.98813673, 0.98813673, 0.98813673, 0.99203726,
       0.99203726, 0.99203726, 0.99203726, 0.99203726, 0.99203726,
       0.9944878 , 0.99886222, 0.99886222, 0.99886222, 0.99886222,
       0.99886222, 0.99988752, 0.99988752, 0.99988752, 0.99988752,
       1.        ]), array([0.        , 0.29806384, 0.43568116, 0.49427709, 0.5713872 ,
       0.60937366, 0.64717159, 0.66585969, 0.70276554, 0.70276554,
       0.73888132, 0.77462237, 0.80997663, 0.88004166, 0.88004166,
       0.88004166, 0.88004166, 0.88004166, 0.88004166, 0.88004166,
       0.88004166, 0.88004166, 0.8958161 , 0.8958161 , 0.91110733,
       0.91110733, 0.91110733, 0.92573413, 0.92573413, 0.92573413,
       0.92573413, 0.92573413, 0.93950108, 0.93950108, 0.93950108,
       0.93950108, 0.93950108, 0.93950108, 0.93950108, 0.93950108,
       0.93950108, 0.95147365, 0.95147365, 0.95147365, 0.96283653,
       0.96283653, 0.96283653, 0.97361255, 0.97361255, 0.97361255,
       0.97361255, 0.97361255, 0.97361255, 0.98300356, 0.98300356,
       0.98300356, 0.98300356, 0.98300356, 0.98300356, 0.98300356,
       0.99114076, 0.99114076, 0.99114076, 0.99114076, 0.99114076,
       0.99114076, 0.99114076, 0.99114076, 0.99114076, 0.99114076,
       0.99114076, 0.99114076, 0.99114076, 0.99114076, 0.99114076,
       0.99620585, 0.99620585, 0.99620585, 0.99620585, 0.99620585,
       0.99620585, 0.99620585, 0.99620585, 0.99620585, 0.99620585,
       0.99620585, 0.99620585, 0.99620585, 0.99620585, 0.99620585,
       0.99620585, 0.99620585, 0.99784407, 0.99925841, 0.99925841,
       0.99925841, 0.99925841, 0.99925841, 0.99925841, 1.        ,
       1.        ])]","[array([0.        , 0.00215258, 0.00586657, 0.01330365, 0.02129903,
       0.02480436, 0.02964396, 0.05506036, 0.06100897, 0.06786361,
       0.07529587, 0.07529587, 0.07529587, 0.07529587, 0.08621301,
       0.08621301, 0.1116774 , 0.1116774 , 0.12609522, 0.12609522,
       0.14188418, 0.14188418, 0.17650365, 0.19443503, 0.23274581,
       0.23274581, 0.23274581, 0.25420424, 0.25420424, 0.3232503 ,
       0.34684246, 0.37146018, 0.39676815, 0.42327153, 0.42327153,
       0.47886602, 0.47886602, 0.50866221, 0.538532  , 0.538532  ,
       0.538532  , 0.538532  , 0.538532  , 0.538532  , 0.57336508,
       0.57336508, 0.57336508, 0.57336508, 0.61204607, 0.61204607,
       0.61204607, 0.61204607, 0.61204607, 0.61204607, 0.61204607,
       0.61204607, 0.61204607, 0.61204607, 0.61204607, 0.65952178,
       0.65952178, 0.70840519, 0.70840519, 0.75871116, 0.75871116,
       0.75871116, 0.75871116, 0.75871116, 0.75871116, 0.75871116,
       0.75871116, 0.75871116, 0.75871116, 0.75871116, 0.75871116,
       0.75871116, 0.75871116, 0.75871116, 0.75871116, 0.75871116,
       0.75871116, 0.75871116, 0.75871116, 0.75871116, 0.75871116,
       0.75871116, 0.75871116, 0.75871116, 0.75871116, 0.75871116,
       0.75871116, 0.75871116, 0.75871116, 0.75871116, 0.75871116,
       0.75871116, 0.75871116, 0.75871116, 0.75871116, 0.83858829,
       1.        ]), array([0.        , 0.00142207, 0.00511523, 0.01406813, 0.01844867,
       0.02426976, 0.03065094, 0.03818626, 0.05107466, 0.05592463,
       0.05592463, 0.05592463, 0.07000608, 0.0848143 , 0.101179  ,
       0.101179  , 0.101179  , 0.101179  , 0.1113529 , 0.12255727,
       0.12255727, 0.13451233, 0.13451233, 0.14814267, 0.14814267,
       0.14814267, 0.14814267, 0.14814267, 0.16475892, 0.16475892,
       0.16475892, 0.16475892, 0.16475892, 0.16475892, 0.18496925,
       0.18496925, 0.18496925, 0.20680145, 0.2290631 , 0.25204888,
       0.27541808, 0.27541808, 0.27541808, 0.3004856 , 0.3004856 ,
       0.3004856 , 0.3004856 , 0.3004856 , 0.32876743, 0.32876743,
       0.35807519, 0.35807519, 0.35807519, 0.35807519, 0.35807519,
       0.39029831, 0.39029831, 0.39029831, 0.45884204, 0.45884204,
       0.4943904 , 0.4943904 , 0.4943904 , 0.4943904 , 0.4943904 ,
       0.4943904 , 0.53344026, 0.53344026, 0.53344026, 0.53344026,
       0.53344026, 0.57544451, 0.57544451, 0.57544451, 0.57544451,
       0.61984927, 0.61984927, 0.61984927, 0.61984927, 0.61984927,
       0.61984927, 0.66796272, 0.66796272, 0.66796272, 0.66796272,
       0.66796272, 0.66796272, 0.71978186, 0.71978186, 0.71978186,
       0.71978186, 0.71978186, 0.71978186, 0.83003854, 0.88608731,
       0.94248491, 0.94248491, 1.        , 1.        , 1.        ,
       1.        ]), array([0.        , 0.        , 0.00686108, 0.01446734, 0.02507346,
       0.02507346, 0.03183317, 0.04774   , 0.04774   , 0.0528858 ,
       0.05862307, 0.06535323, 0.0726049 , 0.0726049 , 0.0726049 ,
       0.0726049 , 0.0726049 , 0.0726049 , 0.10478278, 0.10478278,
       0.11687463, 0.11687463, 0.12993484, 0.12993484, 0.12993484,
       0.14490609, 0.14490609, 0.17776805, 0.19460694, 0.21250845,
       0.21250845, 0.21250845, 0.21250845, 0.21250845, 0.23305435,
       0.23305435, 0.23305435, 0.25548209, 0.27846694, 0.30212728,
       0.30212728, 0.30212728, 0.30212728, 0.32839457, 0.32839457,
       0.32839457, 0.32839457, 0.32839457, 0.35796419, 0.38775264,
       0.41847946, 0.45002355, 0.48173675, 0.48173675, 0.48173675,
       0.54934558, 0.58374905, 0.58374905, 0.61925981, 0.61925981,
       0.61925981, 0.61925981, 0.61925981, 0.61925981, 0.65869599,
       0.65869599, 0.65869599, 0.65869599, 0.70063159, 0.70063159,
       0.70063159, 0.74411   , 0.74411   , 0.83362434, 0.83362434,
       0.83362434, 0.83362434, 0.83362434, 0.83362434, 0.83362434,
       0.83362434, 0.83362434, 0.83362434, 0.83362434, 0.83362434,
       0.83362434, 0.83362434, 0.83362434, 0.83362434, 0.94329455,
       0.94329455, 0.94329455, 1.        , 1.        , 1.        ,
       1.        , 1.        , 1.        , 1.        , 1.        ,
       1.        ]), array([0.        , 0.00243061, 0.0068889 , 0.0116127 , 0.02011254,
       0.02250367, 0.02250367, 0.02661969, 0.02661969, 0.02661969,
       0.03211116, 0.0384899 , 0.05195436, 0.05952697, 0.07550014,
       0.0843399 , 0.09364712, 0.10372559, 0.11386631, 0.13573385,
       0.13573385, 0.13573385, 0.13573385, 0.13573385, 0.14963072,
       0.14963072, 0.14963072, 0.14963072, 0.16576064, 0.16576064,
       0.16576064, 0.16576064, 0.18430406, 0.18430406, 0.18430406,
       0.18430406, 0.18430406, 0.18430406, 0.18430406, 0.18430406,
       0.18430406, 0.18430406, 0.18430406, 0.18430406, 0.18430406,
       0.23774001, 0.23774001, 0.23774001, 0.23774001, 0.23774001,
       0.26730522, 0.26730522, 0.32840306, 0.32840306, 0.32840306,
       0.32840306, 0.36125826, 0.36125826, 0.36125826, 0.39590769,
       0.4315341 , 0.4315341 , 0.4315341 , 0.4315341 , 0.4315341 ,
       0.4315341 , 0.4315341 , 0.4315341 , 0.47171631, 0.47171631,
       0.47171631, 0.47171631, 0.47171631, 0.47171631, 0.47171631,
       0.47171631, 0.47171631, 0.47171631, 0.47171631, 0.51831129,
       0.56559367, 0.61380994, 0.61380994, 0.61380994, 0.66330735,
       0.66330735, 0.66330735, 0.66330735, 0.66330735, 0.66330735,
       0.71653369, 0.8243408 , 0.8243408 , 0.8243408 , 0.8243408 ,
       0.8243408 , 0.88123245, 0.88123245, 0.88123245, 0.88123245,
       1.        ]), array([0.        , 0.00797787, 0.01914893, 0.02586476, 0.03994418,
       0.049847  , 0.06069918, 0.06718705, 0.0825312 , 0.0825312 ,
       0.10185372, 0.12306317, 0.14622029, 0.19577469, 0.19577469,
       0.19577469, 0.19577469, 0.19577469, 0.19577469, 0.19577469,
       0.19577469, 0.19577469, 0.21693411, 0.21693411, 0.24052669,
       0.24052669, 0.24052669, 0.26746499, 0.26746499, 0.26746499,
       0.26746499, 0.26746499, 0.29873298, 0.29873298, 0.29873298,
       0.29873298, 0.29873298, 0.29873298, 0.29873298, 0.29873298,
       0.29873298, 0.33903641, 0.33903641, 0.33903641, 0.38240995,
       0.38240995, 0.38240995, 0.42873855, 0.42873855, 0.42873855,
       0.42873855, 0.42873855, 0.42873855, 0.48204131, 0.48204131,
       0.48204131, 0.48204131, 0.48204131, 0.48204131, 0.48204131,
       0.54165749, 0.54165749, 0.54165749, 0.54165749, 0.54165749,
       0.54165749, 0.54165749, 0.54165749, 0.54165749, 0.54165749,
       0.54165749, 0.54165749, 0.54165749, 0.54165749, 0.54165749,
       0.61674314, 0.61674314, 0.61674314, 0.61674314, 0.61674314,
       0.61674314, 0.61674314, 0.61674314, 0.61674314, 0.61674314,
       0.61674314, 0.61674314, 0.61674314, 0.61674314, 0.61674314,
       0.61674314, 0.61674314, 0.70908451, 0.80255317, 0.80255317,
       0.80255317, 0.80255317, 0.80255317, 0.80255317, 1.        ,
       1.        ])]",0.0217943780791118,0.0212525204290911,0.0135367164875466,0.0110056956697538,"[{'lambda_reg': 0.0010288888461505875, 'K_bin': 1, 'gamma': 0.29761634717022983}, {'lambda_reg': 0.09625957392372327, 'K_bin': 1, 'gamma': 0.13167916675165506}, {'lambda_reg': 0.15285719715461998, 'K_bin': 1, 'gamma': 2.5306479196275182}, {'lambda_reg': 0.0007960561421615052, 'K_bin': 1, 'gamma': 0.013862212566788185}, {'lambda_reg': 0.06583929621725183, 'K_bin': 1, 'gamma': 0.4258082884321478}]",300,3,rbf,15
"[np.float64(0.07053112651287065), np.float64(0.07734885259475037), np.float64(0.08949949455566578), np.float64(0.057130050934751306), np.float64(0.0818265122332158)]",0.0752672073662507,0.0109663360436159,"[np.float64(0.8047948517714234), np.float64(0.8411437788316081), np.float64(0.8052223297735589), np.float64(0.8344434645795794), np.float64(0.8515265783136231)]",0.8274262006539587,0.0190967640280582,"[np.float64(0.9444886535224968), np.float64(0.9748159514452124), np.float64(0.952687654872413), np.float64(0.9749341427679639), np.float64(0.961582124748162)]",0.9617017054712496,0.0120385830513001,"[array([0.        , 0.17325701, 0.30616518, 0.38120636, 0.38120636,
       0.43646395, 0.43646395, 0.43646395, 0.45428803, 0.47198072,
       0.50702401, 0.50702401, 0.50702401, 0.52388528, 0.54050402,
       0.54050402, 0.55683192, 0.58922595, 0.6212093 , 0.6212093 ,
       0.6212093 , 0.6212093 , 0.63638639, 0.63638639, 0.66590803,
       0.66590803, 0.66590803, 0.68014632, 0.69419674, 0.69419674,
       0.70774706, 0.70774706, 0.70774706, 0.73368393, 0.74644051,
       0.78443944, 0.78443944, 0.78443944, 0.78443944, 0.78443944,
       0.78443944, 0.78443944, 0.80715981, 0.82949246, 0.82949246,
       0.84028103, 0.84028103, 0.84028103, 0.85045678, 0.85045678,
       0.85045678, 0.86005142, 0.86005142, 0.86919894, 0.87820795,
       0.87820795, 0.87820795, 0.87820795, 0.87820795, 0.87820795,
       0.8860143 , 0.89367352, 0.90118645, 0.90851067, 0.90851067,
       0.90851067, 0.90851067, 0.90851067, 0.90851067, 0.90851067,
       0.90851067, 0.92559004, 0.92559004, 0.93090175, 0.93090175,
       0.94092181, 0.94092181, 0.94092181, 0.94964778, 0.94964778,
       0.94964778, 0.96096429, 0.96096429, 0.96426537, 0.96426537,
       0.96426537, 0.96703534, 0.96703534, 0.97187486, 0.97187486,
       0.97795059, 0.98340824, 0.98340824, 0.98493297, 0.98614388,
       0.98944091, 0.99200642, 0.99470281, 0.99659929, 0.99833589,
       1.        ]), array([0.        , 0.41861661, 0.49807048, 0.5452586 , 0.67002048,
       0.67002048, 0.68520954, 0.70035827, 0.73016202, 0.77432541,
       0.77432541, 0.77432541, 0.77432541, 0.77432541, 0.80227806,
       0.80227806, 0.80227806, 0.80227806, 0.80227806, 0.80227806,
       0.80227806, 0.82798395, 0.84060769, 0.84060769, 0.85291644,
       0.85291644, 0.85291644, 0.85291644, 0.85291644, 0.85291644,
       0.85291644, 0.85291644, 0.85291644, 0.85291644, 0.85291644,
       0.86341401, 0.87380767, 0.87380767, 0.87380767, 0.87380767,
       0.87380767, 0.87380767, 0.88326454, 0.88326454, 0.88326454,
       0.89227279, 0.89227279, 0.89227279, 0.89227279, 0.89227279,
       0.89227279, 0.89227279, 0.89227279, 0.89227279, 0.89227279,
       0.89963958, 0.90674601, 0.91377914, 0.91377914, 0.91377914,
       0.9203414 , 0.93306906, 0.93933225, 0.93933225, 0.95111072,
       0.95111072, 0.95111072, 0.96185333, 0.96185333, 0.97204762,
       0.97204762, 0.97204762, 0.97204762, 0.97204762, 0.97204762,
       0.97204762, 0.97204762, 0.97204762, 0.97204762, 0.97545951,
       0.97873451, 0.98186655, 0.98186655, 0.98186655, 0.98708039,
       0.98708039, 0.98708039, 0.98708039, 0.98708039, 0.98708039,
       0.98708039, 0.98856057, 0.98989068, 0.98989068, 0.99193099,
       0.99289835, 0.99433816, 0.99533916, 0.99688057, 0.99888469,
       1.        ]), array([0.        , 0.30264766, 0.36887435, 0.46756336, 0.46756336,
       0.49974544, 0.51562437, 0.54712998, 0.54712998, 0.57804332,
       0.57804332, 0.59313097, 0.60800319, 0.63743432, 0.65202063,
       0.68079617, 0.68079617, 0.68079617, 0.68079617, 0.69450658,
       0.7081176 , 0.72158285, 0.73488313, 0.73488313, 0.73488313,
       0.73488313, 0.73488313, 0.73488313, 0.73488313, 0.73488313,
       0.73488313, 0.73488313, 0.76953702, 0.76953702, 0.7807748 ,
       0.7807748 , 0.7807748 , 0.7807748 , 0.81242731, 0.81242731,
       0.82268593, 0.82268593, 0.82268593, 0.82268593, 0.82268593,
       0.83196985, 0.83196985, 0.83196985, 0.84969263, 0.84969263,
       0.85812477, 0.88313198, 0.88313198, 0.89106291, 0.89106291,
       0.89106291, 0.89106291, 0.89106291, 0.90533484, 0.90533484,
       0.90533484, 0.91868217, 0.91868217, 0.92497697, 0.92497697,
       0.93094997, 0.93677545, 0.93677545, 0.94228324, 0.94228324,
       0.95249976, 0.96251452, 0.96251452, 0.96709365, 0.97163868,
       0.97163868, 0.97163868, 0.97163868, 0.97163868, 0.97524329,
       0.97869859, 0.97869859, 0.97869859, 0.97869859, 0.97869859,
       0.97869859, 0.97869859, 0.98105442, 0.98105442, 0.9849476 ,
       0.9849476 , 0.98813573, 0.98953365, 0.98953365, 0.99065973,
       0.99252836, 0.99401687, 0.99623664, 0.99865131, 0.99925467,
       1.        ]), array([0.        , 0.35345995, 0.38844666, 0.44018251, 0.49149658,
       0.55925801, 0.60931932, 0.67561611, 0.69198979, 0.70816085,
       0.70816085, 0.72395423, 0.73958421, 0.73958421, 0.7702223 ,
       0.78541797, 0.78541797, 0.80019216, 0.82934835, 0.82934835,
       0.82934835, 0.82934835, 0.84325043, 0.84325043, 0.84325043,
       0.84325043, 0.84325043, 0.86930335, 0.86930335, 0.86930335,
       0.86930335, 0.86930335, 0.86930335, 0.86930335, 0.86930335,
       0.86930335, 0.86930335, 0.86930335, 0.88030143, 0.88030143,
       0.88030143, 0.89091894, 0.89091894, 0.89091894, 0.89091894,
       0.90076544, 0.92009123, 0.92009123, 0.92009123, 0.92009123,
       0.92009123, 0.92009123, 0.92009123, 0.92009123, 0.92009123,
       0.92818187, 0.92818187, 0.92818187, 0.92818187, 0.92818187,
       0.94258526, 0.94258526, 0.94258526, 0.94916472, 0.94916472,
       0.94916472, 0.94916472, 0.94916472, 0.94916472, 0.95465693,
       0.95465693, 0.95465693, 0.95465693, 0.95465693, 0.95465693,
       0.95925705, 0.95925705, 0.95925705, 0.95925705, 0.95925705,
       0.96289392, 0.96625983, 0.96625983, 0.96934116, 0.97218845,
       0.97218845, 0.97218845, 0.97683484, 0.97683484, 0.98089584,
       0.98278111, 0.987797  , 0.99070796, 0.99070796, 0.99289305,
       0.9938486 , 0.99463154, 0.99576777, 0.99756923, 0.99876586,
       1.        ]), array([0.        , 0.31472927, 0.3966728 , 0.42912601, 0.46130197,
       0.47715643, 0.53973469, 0.57078913, 0.63228755, 0.64752117,
       0.64752117, 0.66243723, 0.67707046, 0.72070589, 0.76380199,
       0.76380199, 0.76380199, 0.76380199, 0.77757118, 0.80469561,
       0.80469561, 0.80469561, 0.81782283, 0.81782283, 0.81782283,
       0.8304043 , 0.8304043 , 0.8304043 , 0.8304043 , 0.8304043 ,
       0.84207913, 0.85368999, 0.85368999, 0.85368999, 0.85368999,
       0.85368999, 0.85368999, 0.85368999, 0.85368999, 0.85368999,
       0.85368999, 0.85368999, 0.86334041, 0.86334041, 0.86334041,
       0.86334041, 0.86334041, 0.86334041, 0.87199893, 0.88061794,
       0.88061794, 0.88061794, 0.88061794, 0.88858606, 0.88858606,
       0.88858606, 0.88858606, 0.88858606, 0.88858606, 0.89551748,
       0.9023166 , 0.9023166 , 0.9023166 , 0.9023166 , 0.9023166 ,
       0.9023166 , 0.91362325, 0.92471477, 0.92471477, 0.92471477,
       0.92471477, 0.92954084, 0.94381544, 0.94831351, 0.9572189 ,
       0.9572189 , 0.96519949, 0.96913943, 0.96913943, 0.96913943,
       0.97246679, 0.97246679, 0.97560067, 0.97858108, 0.97858108,
       0.97858108, 0.97858108, 0.98086681, 0.98086681, 0.98285955,
       0.98285955, 0.98594243, 0.98730319, 0.98987182, 0.99305858,
       0.99573092, 0.99573092, 0.99690156, 0.99726984, 0.99897745,
       1.        ])]","[array([0.00000000e+00, 3.85313534e-04, 2.08779589e-03, 3.74890748e-03,
       3.74890748e-03, 5.77181920e-03, 5.77181920e-03, 5.77181920e-03,
       6.89803698e-03, 8.12404100e-03, 1.08358132e-02, 1.08358132e-02,
       1.08358132e-02, 1.26931784e-02, 1.47347139e-02, 1.47347139e-02,
       1.69971146e-02, 2.17206938e-02, 2.67561281e-02, 2.67561281e-02,
       2.67561281e-02, 2.67561281e-02, 2.98924298e-02, 2.98924298e-02,
       3.67972524e-02, 3.67972524e-02, 3.67972524e-02, 4.06464616e-02,
       4.46383418e-02, 4.46383418e-02, 4.90099850e-02, 4.90099850e-02,
       4.90099850e-02, 5.86370136e-02, 6.36114107e-02, 7.87402522e-02,
       7.87402522e-02, 7.87402522e-02, 7.87402522e-02, 7.87402522e-02,
       7.87402522e-02, 7.87402522e-02, 9.08098394e-02, 1.03173856e-01,
       1.03173856e-01, 1.09642724e-01, 1.09642724e-01, 1.09642724e-01,
       1.16576958e-01, 1.16576958e-01, 1.16576958e-01, 1.23952477e-01,
       1.23952477e-01, 1.31667530e-01, 1.39487766e-01, 1.39487766e-01,
       1.39487766e-01, 1.39487766e-01, 1.39487766e-01, 1.39487766e-01,
       1.48221279e-01, 1.57066521e-01, 1.66022859e-01, 1.75122496e-01,
       1.75122496e-01, 1.75122496e-01, 1.75122496e-01, 1.75122496e-01,
       1.75122496e-01, 1.75122496e-01, 1.75122496e-01, 2.06137284e-01,
       2.06137284e-01, 2.16765183e-01, 2.16765183e-01, 2.38479175e-01,
       2.38479175e-01, 2.38479175e-01, 2.61175866e-01, 2.61175866e-01,
       2.61175866e-01, 2.96566877e-01, 2.96566877e-01, 3.08721614e-01,
       3.08721614e-01, 3.08721614e-01, 3.21279670e-01, 3.21279670e-01,
       3.46927670e-01, 3.46927670e-01, 3.86298436e-01, 4.26138556e-01,
       4.26138556e-01, 4.39642231e-01, 4.53384211e-01, 4.94865069e-01,
       5.36901433e-01, 5.93499939e-01, 6.50705878e-01, 7.52017801e-01,
       1.00000000e+00]), array([0.00000000e+00, 7.29816128e-04, 1.99215849e-03, 3.26731376e-03,
       7.81513135e-03, 7.81513135e-03, 8.81791049e-03, 9.86381995e-03,
       1.24835384e-02, 1.69929104e-02, 1.69929104e-02, 1.69929104e-02,
       1.69929104e-02, 1.69929104e-02, 2.15919300e-02, 2.15919300e-02,
       2.15919300e-02, 2.15919300e-02, 2.15919300e-02, 2.15919300e-02,
       2.15919300e-02, 2.85933228e-02, 3.23391036e-02, 3.23391036e-02,
       3.64216834e-02, 3.64216834e-02, 3.64216834e-02, 3.64216834e-02,
       3.64216834e-02, 3.64216834e-02, 3.64216834e-02, 3.64216834e-02,
       3.64216834e-02, 3.64216834e-02, 3.64216834e-02, 4.24408881e-02,
       4.85711990e-02, 4.85711990e-02, 4.85711990e-02, 4.85711990e-02,
       4.85711990e-02, 4.85711990e-02, 5.57031727e-02, 5.57031727e-02,
       5.57031727e-02, 6.33148476e-02, 6.33148476e-02, 6.33148476e-02,
       6.33148476e-02, 6.33148476e-02, 6.33148476e-02, 6.33148476e-02,
       6.33148476e-02, 6.33148476e-02, 6.33148476e-02, 7.26816716e-02,
       8.23268772e-02, 9.20504624e-02, 9.20504624e-02, 9.20504624e-02,
       1.02277536e-01, 1.23156022e-01, 1.33702871e-01, 1.33702871e-01,
       1.55596294e-01, 1.55596294e-01, 1.55596294e-01, 1.78597309e-01,
       1.78597309e-01, 2.02184630e-01, 2.02184630e-01, 2.02184630e-01,
       2.02184630e-01, 2.02184630e-01, 2.02184630e-01, 2.02184630e-01,
       2.02184630e-01, 2.02184630e-01, 2.02184630e-01, 2.15780254e-01,
       2.29522266e-01, 2.43417129e-01, 2.43417129e-01, 2.43417129e-01,
       2.72329836e-01, 2.72329836e-01, 2.72329836e-01, 2.72329836e-01,
       2.72329836e-01, 2.72329836e-01, 2.72329836e-01, 2.87990967e-01,
       3.03812566e-01, 3.03812566e-01, 3.36118592e-01, 3.52328064e-01,
       3.85276184e-01, 4.18693513e-01, 4.86020660e-01, 6.21828347e-01,
       1.00000000e+00]), array([0.00000000e+00, 4.85740606e-04, 1.60091638e-03, 3.91134997e-03,
       3.91134997e-03, 5.38108827e-03, 6.32371143e-03, 8.45603488e-03,
       8.45603488e-03, 1.11684726e-02, 1.11684726e-02, 1.28861293e-02,
       1.48148024e-02, 1.89790169e-02, 2.11877344e-02, 2.59940813e-02,
       2.59940813e-02, 2.59940813e-02, 2.59940813e-02, 2.90607132e-02,
       3.22246996e-02, 3.55314533e-02, 3.89997965e-02, 3.89997965e-02,
       3.89997965e-02, 3.89997965e-02, 3.89997965e-02, 3.89997965e-02,
       3.89997965e-02, 3.89997965e-02, 3.89997965e-02, 3.89997965e-02,
       5.45440733e-02, 5.45440733e-02, 6.00325848e-02, 6.00325848e-02,
       6.00325848e-02, 6.00325848e-02, 7.85166250e-02, 7.85166250e-02,
       8.49641924e-02, 8.49641924e-02, 8.49641924e-02, 8.49641924e-02,
       8.49641924e-02, 9.23664588e-02, 9.23664588e-02, 9.23664588e-02,
       1.07998689e-01, 1.07998689e-01, 1.16235241e-01, 1.41228184e-01,
       1.41228184e-01, 1.49955654e-01, 1.49955654e-01, 1.49955654e-01,
       1.49955654e-01, 1.49955654e-01, 1.68967903e-01, 1.68967903e-01,
       1.68967903e-01, 1.88885773e-01, 1.88885773e-01, 1.99215791e-01,
       1.99215791e-01, 2.09861012e-01, 2.20650718e-01, 2.20650718e-01,
       2.31751596e-01, 2.31751596e-01, 2.54736001e-01, 2.77918038e-01,
       2.77918038e-01, 2.89928504e-01, 3.01972379e-01, 3.01972379e-01,
       3.01972379e-01, 3.01972379e-01, 3.01972379e-01, 3.14937370e-01,
       3.28048603e-01, 3.28048603e-01, 3.28048603e-01, 3.28048603e-01,
       3.28048603e-01, 3.28048603e-01, 3.28048603e-01, 3.42236747e-01,
       3.42236747e-01, 3.71414692e-01, 3.71414692e-01, 4.01283226e-01,
       4.16409608e-01, 4.16409608e-01, 4.31802255e-01, 4.62963199e-01,
       4.94496461e-01, 5.58304684e-01, 6.54913233e-01, 6.87313472e-01,
       1.00000000e+00]), array([0.00000000e+00, 5.86775303e-04, 9.64901366e-04, 2.19377772e-03,
       3.79765137e-03, 6.52059869e-03, 9.23832929e-03, 1.32634975e-02,
       1.44480814e-02, 1.58128042e-02, 1.58128042e-02, 1.75133353e-02,
       1.93591363e-02, 1.93591363e-02, 2.36036616e-02, 2.58356256e-02,
       2.58356256e-02, 2.84423233e-02, 3.40044241e-02, 3.40044241e-02,
       3.40044241e-02, 3.40044241e-02, 3.73865181e-02, 3.73865181e-02,
       3.73865181e-02, 3.73865181e-02, 3.73865181e-02, 4.57077717e-02,
       4.57077717e-02, 4.57077717e-02, 4.57077717e-02, 4.57077717e-02,
       4.57077717e-02, 4.57077717e-02, 4.57077717e-02, 4.57077717e-02,
       4.57077717e-02, 4.57077717e-02, 5.16718498e-02, 5.16718498e-02,
       5.16718498e-02, 5.79742977e-02, 5.79742977e-02, 5.79742977e-02,
       5.79742977e-02, 6.49622609e-02, 7.92646712e-02, 7.92646712e-02,
       7.92646712e-02, 7.92646712e-02, 7.92646712e-02, 7.92646712e-02,
       7.92646712e-02, 7.92646712e-02, 7.92646712e-02, 8.78137811e-02,
       8.78137811e-02, 8.78137811e-02, 8.78137811e-02, 8.78137811e-02,
       1.06492758e-01, 1.06492758e-01, 1.06492758e-01, 1.16385473e-01,
       1.16385473e-01, 1.16385473e-01, 1.16385473e-01, 1.16385473e-01,
       1.16385473e-01, 1.27244878e-01, 1.27244878e-01, 1.27244878e-01,
       1.27244878e-01, 1.27244878e-01, 1.27244878e-01, 1.38897454e-01,
       1.38897454e-01, 1.38897454e-01, 1.38897454e-01, 1.38897454e-01,
       1.51406460e-01, 1.64156384e-01, 1.64156384e-01, 1.77159329e-01,
       1.90370359e-01, 1.90370359e-01, 1.90370359e-01, 2.17724383e-01,
       2.17724383e-01, 2.45598883e-01, 2.59665257e-01, 3.02433339e-01,
       3.31330352e-01, 3.31330352e-01, 3.60872743e-01, 3.75765739e-01,
       3.90812206e-01, 4.21287156e-01, 4.82655809e-01, 5.44562222e-01,
       1.00000000e+00]), array([0.        , 0.00102926, 0.00218518, 0.00297364, 0.00404096,
       0.00480949, 0.00872808, 0.01092343, 0.01592814, 0.01732111,
       0.01732111, 0.01903349, 0.02103035, 0.02728671, 0.03408553,
       0.03408553, 0.03408553, 0.03408553, 0.03695144, 0.04309962,
       0.04309962, 0.04309962, 0.04661123, 0.04661123, 0.04661123,
       0.05067176, 0.05067176, 0.05067176, 0.05067176, 0.05067176,
       0.05564419, 0.06068097, 0.06068097, 0.06068097, 0.06068097,
       0.06068097, 0.06068097, 0.06068097, 0.06068097, 0.06068097,
       0.06068097, 0.06068097, 0.06768957, 0.06768957, 0.06768957,
       0.06768957, 0.06768957, 0.06768957, 0.07569583, 0.08374183,
       0.08374183, 0.08374183, 0.08374183, 0.09244249, 0.09244249,
       0.09244249, 0.09244249, 0.09244249, 0.09244249, 0.10218588,
       0.11206233, 0.11206233, 0.11206233, 0.11206233, 0.11206233,
       0.11206233, 0.13412014, 0.15639433, 0.15639433, 0.15639433,
       0.15639433, 0.16825529, 0.20404297, 0.21623384, 0.24070685,
       0.24070685, 0.26611003, 0.27886227, 0.27886227, 0.27886227,
       0.29223065, 0.29223065, 0.30579362, 0.31951096, 0.31951096,
       0.31951096, 0.31951096, 0.33392701, 0.33392701, 0.34863776,
       0.34863776, 0.37896709, 0.39431348, 0.42516005, 0.47209994,
       0.51955726, 0.51955726, 0.55180993, 0.56815456, 0.70015749,
       1.        ])]",0.029691341529753,0.0068114750764862,0.0071591656305008,0.0020971869526247,"[{'lambda_reg': 0.09659140741535885, 'K_bin': 1, 'gamma': 0.11434560673204516}, {'lambda_reg': 0.00035636762532965856, 'K_bin': 1, 'gamma': 0.006127688932474101}, {'lambda_reg': 0.0014704197010856686, 'K_bin': 1, 'gamma': 0.0019169260987879114}, {'lambda_reg': 0.0005118099638185727, 'K_bin': 1, 'gamma': 0.002029778126665785}, {'lambda_reg': 0.008410550176607079, 'K_bin': 1, 'gamma': 0.020391897058557838}]",600,1,laplacian,23
"[np.float64(0.1350337823606944), np.float64(0.08604375868485897), np.float64(0.15431898457879958), np.float64(0.09600838841979029), np.float64(0.1961982179097485)]",0.1335206263907783,0.0400613599062308,"[np.float64(0.8254850405566847), np.float64(0.8335741006911477), np.float64(0.8245507718412022), np.float64(0.8613413211275218), np.float64(0.7875055896705533)]",0.826491364777422,0.0236192881166733,"[np.float64(0.9011693390868399), np.float64(0.8612762591063464), np.float64(0.9144187042273848), np.float64(0.8690061974696368), np.float64(0.9138174780791729)]",0.8919375955938762,0.0225180868015725,"[array([0.        , 0.11346706, 0.15087725, 0.22498007, 0.22498007,
       0.2611618 , 0.2611618 , 0.29683795, 0.29683795, 0.33151565,
       0.40049308, 0.40049308, 0.40049308, 0.43382648, 0.43382648,
       0.46630329, 0.46630329, 0.46630329, 0.46630329, 0.49725918,
       0.49725918, 0.49725918, 0.49725918, 0.49725918, 0.49725918,
       0.52610736, 0.52610736, 0.52610736, 0.55378188, 0.55378188,
       0.55378188, 0.55378188, 0.55378188, 0.55378188, 0.55378188,
       0.55378188, 0.60261471, 0.62657369, 0.67430211, 0.67430211,
       0.67430211, 0.67430211, 0.7188394 , 0.74051736, 0.74051736,
       0.76151376, 0.78213652, 0.78213652, 0.80194193, 0.80194193,
       0.80194193, 0.80194193, 0.82049747, 0.83865474, 0.83865474,
       0.83865474, 0.83865474, 0.83865474, 0.85485102, 0.85485102,
       0.85485102, 0.85485102, 0.86929997, 0.86929997, 0.86929997,
       0.88266134, 0.88266134, 0.88266134, 0.88266134, 0.9066539 ,
       0.9066539 , 0.9066539 , 0.9066539 , 0.91708502, 0.91708502,
       0.91708502, 0.92633279, 0.92633279, 0.93497922, 0.94307684,
       0.94307684, 0.95042141, 0.95042141, 0.95042141, 0.95042141,
       0.95042141, 0.95042141, 0.95568921, 0.96528284, 0.97372084,
       0.97372084, 0.97748669, 0.98077339, 0.98654815, 0.99159356,
       0.99159356, 0.99321067, 0.99471895, 0.99881352, 0.99954289,
       1.        ]), array([0.        , 0.        , 0.        , 0.12396037, 0.20596613,
       0.20596613, 0.20596613, 0.20596613, 0.20596613, 0.24489651,
       0.24489651, 0.24489651, 0.24489651, 0.24489651, 0.24489651,
       0.28131428, 0.28131428, 0.28131428, 0.31635392, 0.31635392,
       0.31635392, 0.31635392, 0.31635392, 0.31635392, 0.34894388,
       0.34894388, 0.34894388, 0.34894388, 0.34894388, 0.34894388,
       0.40859103, 0.40859103, 0.40859103, 0.43716037, 0.43716037,
       0.49293391, 0.52025584, 0.54714106, 0.57350042, 0.57350042,
       0.57350042, 0.57350042, 0.57350042, 0.59812607, 0.59812607,
       0.62155816, 0.66816838, 0.66816838, 0.66816838, 0.66816838,
       0.68982878, 0.68982878, 0.7105253 , 0.75120855, 0.77117056,
       0.77117056, 0.79022986, 0.79022986, 0.79022986, 0.79022986,
       0.79022986, 0.79022986, 0.79022986, 0.80636546, 0.80636546,
       0.80636546, 0.83570087, 0.83570087, 0.83570087, 0.84925491,
       0.84925491, 0.84925491, 0.87364493, 0.88540858, 0.88540858,
       0.88540858, 0.88540858, 0.89552558, 0.91444204, 0.91444204,
       0.92300538, 0.93146194, 0.93146194, 0.93146194, 0.94526358,
       0.94526358, 0.95133178, 0.95133178, 0.96685543, 0.96685543,
       0.97139287, 0.97961057, 0.98309449, 0.98309449, 0.98572411,
       0.98817389, 0.99205299, 0.99760228, 0.99886866, 1.        ,
       1.        ]), array([0.        , 0.0761197 , 0.1516214 , 0.1516214 , 0.22548968,
       0.26220494, 0.26220494, 0.29813038, 0.33340496, 0.33340496,
       0.36787857, 0.36787857, 0.36787857, 0.36787857, 0.36787857,
       0.36787857, 0.36787857, 0.36787857, 0.3993149 , 0.43046645,
       0.43046645, 0.46081291, 0.46081291, 0.46081291, 0.49003586,
       0.49003586, 0.54711755, 0.54711755, 0.60284585, 0.60284585,
       0.62968932, 0.65640695, 0.65640695, 0.65640695, 0.68174019,
       0.7318105 , 0.75660039, 0.78097615, 0.78097615, 0.80448338,
       0.80448338, 0.82708397, 0.82708397, 0.82708397, 0.82708397,
       0.82708397, 0.82708397, 0.84741717, 0.84741717, 0.84741717,
       0.84741717, 0.84741717, 0.84741717, 0.84741717, 0.84741717,
       0.84741717, 0.8645749 , 0.8645749 , 0.8645749 , 0.8645749 ,
       0.8645749 , 0.87962824, 0.8942866 , 0.8942866 , 0.8942866 ,
       0.8942866 , 0.8942866 , 0.8942866 , 0.90684657, 0.90684657,
       0.90684657, 0.92959059, 0.92959059, 0.92959059, 0.92959059,
       0.92959059, 0.93887462, 0.93887462, 0.94759084, 0.94759084,
       0.95525311, 0.95525311, 0.96243397, 0.96243397, 0.96867184,
       0.9747913 , 0.9747913 , 0.9747913 , 0.9747913 , 0.97913016,
       0.98333315, 0.98333315, 0.98333315, 0.98621376, 0.98621376,
       0.9906409 , 0.99428687, 0.99428687, 0.99617345, 0.99870414,
       1.        ]), array([0.        , 0.        , 0.11012411, 0.14639184, 0.18249173,
       0.18249173, 0.18249173, 0.18249173, 0.21699395, 0.21699395,
       0.2507463 , 0.2507463 , 0.2507463 , 0.28357428, 0.28357428,
       0.31560031, 0.34721572, 0.34721572, 0.34721572, 0.37778308,
       0.40791605, 0.40791605, 0.43735016, 0.43735016, 0.43735016,
       0.43735016, 0.43735016, 0.43735016, 0.46446063, 0.46446063,
       0.46446063, 0.46446063, 0.46446063, 0.46446063, 0.46446063,
       0.51336185, 0.51336185, 0.5610886 , 0.5610886 , 0.60700933,
       0.62942394, 0.62942394, 0.65112454, 0.65112454, 0.6723398 ,
       0.71377995, 0.71377995, 0.71377995, 0.75297112, 0.7723421 ,
       0.79132081, 0.79132081, 0.79132081, 0.79132081, 0.80859529,
       0.82570786, 0.82570786, 0.84203258, 0.85772054, 0.85772054,
       0.85772054, 0.85772054, 0.88650183, 0.88650183, 0.90001604,
       0.91321649, 0.91321649, 0.92575077, 0.92575077, 0.93737593,
       0.93737593, 0.93737593, 0.93737593, 0.93737593, 0.94728046,
       0.94728046, 0.94728046, 0.94728046, 0.94728046, 0.94728046,
       0.94728046, 0.94728046, 0.94728046, 0.9538662 , 0.9538662 ,
       0.95954325, 0.96498788, 0.96998841, 0.9747958 , 0.9747958 ,
       0.9747958 , 0.9747958 , 0.9747958 , 0.98029762, 0.98748013,
       0.98942678, 0.99286288, 0.99794509, 0.99901094, 1.        ,
       1.        ]), array([0.        , 0.03478694, 0.17209538, 0.23996435, 0.2735316 ,
       0.2735316 , 0.2735316 , 0.2735316 , 0.30584036, 0.30584036,
       0.33745516, 0.36868218, 0.39961015, 0.42988792, 0.46009605,
       0.51934955, 0.51934955, 0.5775823 , 0.6061618 , 0.63451555,
       0.63451555, 0.63451555, 0.63451555, 0.63451555, 0.63451555,
       0.66070328, 0.66070328, 0.66070328, 0.66070328, 0.66070328,
       0.66070328, 0.66070328, 0.66070328, 0.66070328, 0.66070328,
       0.68357114, 0.68357114, 0.70556069, 0.70556069, 0.7268246 ,
       0.7479664 , 0.7479664 , 0.7479664 , 0.7479664 , 0.7479664 ,
       0.76722356, 0.76722356, 0.78594856, 0.80432201, 0.84006221,
       0.84006221, 0.84006221, 0.84006221, 0.84006221, 0.84006221,
       0.85594818, 0.87155499, 0.87155499, 0.87155499, 0.88594449,
       0.88594449, 0.8996061 , 0.8996061 , 0.8996061 , 0.8996061 ,
       0.91193853, 0.91193853, 0.91193853, 0.91193853, 0.92282158,
       0.94394755, 0.94394755, 0.95401451, 0.95401451, 0.96308208,
       0.96308208, 0.96308208, 0.96308208, 0.96308208, 0.96308208,
       0.96308208, 0.96308208, 0.96961004, 0.96961004, 0.96961004,
       0.97501003, 0.97501003, 0.98431821, 0.98431821, 0.98431821,
       0.98431821, 0.98431821, 0.98431821, 0.98431821, 0.98643073,
       0.98835179, 0.99302652, 0.9956336 , 0.99830358, 0.99931169,
       1.        ])]","[array([0.00000000e+00, 3.63615592e-04, 8.07160127e-04, 2.25545225e-03,
       2.25545225e-03, 3.65975562e-03, 3.65975562e-03, 5.45946474e-03,
       5.45946474e-03, 8.04004417e-03, 1.34968063e-02, 1.34968063e-02,
       1.34968063e-02, 1.71287356e-02, 1.71287356e-02, 2.14305932e-02,
       2.14305932e-02, 2.14305932e-02, 2.14305932e-02, 2.69219290e-02,
       2.69219290e-02, 2.69219290e-02, 2.69219290e-02, 2.69219290e-02,
       2.69219290e-02, 3.40616624e-02, 3.40616624e-02, 3.40616624e-02,
       4.21192940e-02, 4.21192940e-02, 4.21192940e-02, 4.21192940e-02,
       4.21192940e-02, 4.21192940e-02, 4.21192940e-02, 4.21192940e-02,
       6.33307657e-02, 7.42942522e-02, 9.63694567e-02, 9.63694567e-02,
       9.63694567e-02, 9.63694567e-02, 1.20940391e-01, 1.33687818e-01,
       1.33687818e-01, 1.46968284e-01, 1.60540968e-01, 1.60540968e-01,
       1.74752876e-01, 1.74752876e-01, 1.74752876e-01, 1.74752876e-01,
       1.89942290e-01, 2.05443189e-01, 2.05443189e-01, 2.05443189e-01,
       2.05443189e-01, 2.05443189e-01, 2.22477737e-01, 2.22477737e-01,
       2.22477737e-01, 2.22477737e-01, 2.40878835e-01, 2.40878835e-01,
       2.40878835e-01, 2.60130517e-01, 2.60130517e-01, 2.60130517e-01,
       2.60130517e-01, 3.00769087e-01, 3.00769087e-01, 3.00769087e-01,
       3.00769087e-01, 3.22312460e-01, 3.22312460e-01, 3.22312460e-01,
       3.44781306e-01, 3.44781306e-01, 3.67720445e-01, 3.91088801e-01,
       3.91088801e-01, 4.15046103e-01, 4.15046103e-01, 4.15046103e-01,
       4.15046103e-01, 4.15046103e-01, 4.15046103e-01, 4.40627607e-01,
       4.92527316e-01, 5.45330817e-01, 5.45330817e-01, 5.72086969e-01,
       5.99217854e-01, 6.54104226e-01, 7.09561003e-01, 7.09561003e-01,
       7.37997650e-01, 7.66519398e-01, 8.82122515e-01, 9.11253447e-01,
       1.00000000e+00]), array([0.        , 0.        , 0.        , 0.00230832, 0.00425633,
       0.00425633, 0.00425633, 0.00425633, 0.00425633, 0.00656674,
       0.00656674, 0.00656674, 0.00656674, 0.00656674, 0.00656674,
       0.01049735, 0.01049735, 0.01049735, 0.01531663, 0.01531663,
       0.01531663, 0.01531663, 0.01531663, 0.01531663, 0.02171551,
       0.02171551, 0.02171551, 0.02171551, 0.02171551, 0.02171551,
       0.03808097, 0.03808097, 0.03808097, 0.04707246, 0.04707246,
       0.06593573, 0.07573159, 0.08580906, 0.09622561, 0.09622561,
       0.09622561, 0.09622561, 0.09622561, 0.1077601 , 0.1077601 ,
       0.12006424, 0.14483627, 0.14483627, 0.14483627, 0.14483627,
       0.15828284, 0.15828284, 0.17235095, 0.20094486, 0.21548659,
       0.21548659, 0.23061042, 0.23061042, 0.23061042, 0.23061042,
       0.23061042, 0.23061042, 0.23061042, 0.24761954, 0.24761954,
       0.24761954, 0.28353084, 0.28353084, 0.28353084, 0.30220461,
       0.30220461, 0.30220461, 0.34130484, 0.36113311, 0.36113311,
       0.36113311, 0.36113311, 0.38202318, 0.42465291, 0.42465291,
       0.44654483, 0.4685056 , 0.4685056 , 0.4685056 , 0.5144335 ,
       0.5144335 , 0.53793435, 0.53793435, 0.61016565, 0.61016565,
       0.63465358, 0.68418216, 0.70934942, 0.70934942, 0.73506757,
       0.76090167, 0.81322791, 0.91930474, 0.94590194, 1.        ,
       1.        ]), array([0.00000000e+00, 3.13683913e-04, 1.10430475e-03, 1.10430475e-03,
       3.15548053e-03, 4.34999452e-03, 4.34999452e-03, 6.15402792e-03,
       8.46035404e-03, 8.46035404e-03, 1.13848149e-02, 1.13848149e-02,
       1.13848149e-02, 1.13848149e-02, 1.13848149e-02, 1.13848149e-02,
       1.13848149e-02, 1.13848149e-02, 1.66532507e-02, 2.21414547e-02,
       2.21414547e-02, 2.82509729e-02, 2.82509729e-02, 2.82509729e-02,
       3.52275450e-02, 3.52275450e-02, 5.02334863e-02, 5.02334863e-02,
       6.62838922e-02, 6.62838922e-02, 7.50967842e-02, 8.40067891e-02,
       8.40067891e-02, 8.40067891e-02, 9.39851770e-02, 1.14402030e-01,
       1.24799738e-01, 1.35517047e-01, 1.35517047e-01, 1.46904622e-01,
       1.46904622e-01, 1.58991888e-01, 1.58991888e-01, 1.58991888e-01,
       1.58991888e-01, 1.58991888e-01, 1.58991888e-01, 1.72828975e-01,
       1.72828975e-01, 1.72828975e-01, 1.72828975e-01, 1.72828975e-01,
       1.72828975e-01, 1.72828975e-01, 1.72828975e-01, 1.72828975e-01,
       1.89116665e-01, 1.89116665e-01, 1.89116665e-01, 1.89116665e-01,
       1.89116665e-01, 2.07028391e-01, 2.25244938e-01, 2.25244938e-01,
       2.25244938e-01, 2.25244938e-01, 2.25244938e-01, 2.25244938e-01,
       2.45080877e-01, 2.45080877e-01, 2.45080877e-01, 2.86586332e-01,
       2.86586332e-01, 2.86586332e-01, 2.86586332e-01, 2.86586332e-01,
       3.08950419e-01, 3.08950419e-01, 3.31752705e-01, 3.31752705e-01,
       3.55368363e-01, 3.55368363e-01, 3.79355540e-01, 3.79355540e-01,
       4.04070455e-01, 4.28876742e-01, 4.28876742e-01, 4.28876742e-01,
       4.28876742e-01, 4.55057189e-01, 4.81342486e-01, 4.81342486e-01,
       4.81342486e-01, 5.08648306e-01, 5.08648306e-01, 5.64289494e-01,
       6.20533542e-01, 6.20533542e-01, 6.78135370e-01, 8.23826769e-01,
       1.00000000e+00]), array([0.        , 0.        , 0.00155337, 0.00242595, 0.00343377,
       0.00343377, 0.00343377, 0.00343377, 0.00572896, 0.00572896,
       0.00862838, 0.00862838, 0.00862838, 0.01227263, 0.01227263,
       0.01656308, 0.02118439, 0.02118439, 0.02118439, 0.02665019,
       0.03246602, 0.03246602, 0.03884498, 0.03884498, 0.03884498,
       0.03884498, 0.03884498, 0.03884498, 0.04709627, 0.04709627,
       0.04709627, 0.04709627, 0.04709627, 0.04709627, 0.04709627,
       0.06788535, 0.06788535, 0.0896208 , 0.0896208 , 0.1128115 ,
       0.1248466 , 0.1248466 , 0.13745704, 0.13745704, 0.15045856,
       0.17725961, 0.17725961, 0.17725961, 0.20587283, 0.22036043,
       0.2351641 , 0.2351641 , 0.2351641 , 0.2351641 , 0.25134101,
       0.26764837, 0.26764837, 0.28459057, 0.30204586, 0.30204586,
       0.30204586, 0.30204586, 0.33904713, 0.33904713, 0.35825397,
       0.37771363, 0.37771363, 0.39771008, 0.39771008, 0.41843908,
       0.41843908, 0.41843908, 0.41843908, 0.41843908, 0.44055452,
       0.44055452, 0.44055452, 0.44055452, 0.44055452, 0.44055452,
       0.44055452, 0.44055452, 0.44055452, 0.46534416, 0.46534416,
       0.49086601, 0.51657514, 0.54264211, 0.56886471, 0.56886471,
       0.56886471, 0.56886471, 0.56886471, 0.62462403, 0.70912539,
       0.7376531 , 0.79507694, 0.91136694, 0.94060439, 1.        ,
       1.        ]), array([0.00000000e+00, 1.21586354e-05, 1.75133315e-03, 3.34264675e-03,
       4.47582853e-03, 4.47582853e-03, 4.47582853e-03, 4.47582853e-03,
       6.76570531e-03, 6.76570531e-03, 9.69341318e-03, 1.29775241e-02,
       1.65364910e-02, 2.06930715e-02, 2.49136599e-02, 3.44235338e-02,
       3.44235338e-02, 4.48715823e-02, 5.05890560e-02, 5.65140191e-02,
       5.65140191e-02, 5.65140191e-02, 5.65140191e-02, 5.65140191e-02,
       5.65140191e-02, 6.44297874e-02, 6.44297874e-02, 6.44297874e-02,
       6.44297874e-02, 6.44297874e-02, 6.44297874e-02, 6.44297874e-02,
       6.44297874e-02, 6.44297874e-02, 6.44297874e-02, 7.53968794e-02,
       7.53968794e-02, 8.71712417e-02, 8.71712417e-02, 9.96125352e-02,
       1.12166066e-01, 1.12166066e-01, 1.12166066e-01, 1.12166066e-01,
       1.12166066e-01, 1.26451787e-01, 1.26451787e-01, 1.41226625e-01,
       1.56324565e-01, 1.87445729e-01, 1.87445729e-01, 1.87445729e-01,
       1.87445729e-01, 1.87445729e-01, 1.87445729e-01, 2.04829940e-01,
       2.22470736e-01, 2.22470736e-01, 2.22470736e-01, 2.41230366e-01,
       2.41230366e-01, 2.60659009e-01, 2.60659009e-01, 2.60659009e-01,
       2.60659009e-01, 2.81309304e-01, 2.81309304e-01, 2.81309304e-01,
       2.81309304e-01, 3.03291754e-01, 3.47844982e-01, 3.47844982e-01,
       3.70577496e-01, 3.70577496e-01, 3.94228564e-01, 3.94228564e-01,
       3.94228564e-01, 3.94228564e-01, 3.94228564e-01, 3.94228564e-01,
       3.94228564e-01, 3.94228564e-01, 4.20213808e-01, 4.20213808e-01,
       4.20213808e-01, 4.47235782e-01, 4.47235782e-01, 5.02650851e-01,
       5.02650851e-01, 5.02650851e-01, 5.02650851e-01, 5.02650851e-01,
       5.02650851e-01, 5.02650851e-01, 5.32694367e-01, 5.62913856e-01,
       6.54572722e-01, 7.16146832e-01, 8.09648290e-01, 8.72692027e-01,
       1.00000000e+00])]",0.0156334834756069,0.0318739895683557,0.0211319294642158,0.0068716997863002,"[{'lambda_reg': 0.00018749950571790065, 'K_bin': 1, 'gamma': 0.0014888619766112417}, {'lambda_reg': 0.06789206428747778, 'K_bin': 1, 'gamma': 0.16210051192782743}, {'lambda_reg': 0.00040643281933060887, 'K_bin': 1, 'gamma': 0.0036985007815299553}, {'lambda_reg': 0.007023065716188687, 'K_bin': 1, 'gamma': 0.010137124100049674}, {'lambda_reg': 0.019624006220680994, 'K_bin': 1, 'gamma': 0.21896192688957938}]",300,2,laplacian,9
"[np.float64(0.06943340653657544), np.float64(0.06654087562099886), np.float64(0.08387034438276404), np.float64(0.05566834912079893), np.float64(0.0788733489291618)]",0.0708772649180598,0.009848427208223,"[np.float64(0.8028284776601471), np.float64(0.8511140763049097), np.float64(0.8026017116924368), np.float64(0.8332804307721856), np.float64(0.858717586523795)]",0.8297084565906948,0.0235363466182168,"[np.float64(0.9610530876391326), np.float64(0.9760268524132265), np.float64(0.9575367002290803), np.float64(0.967528982288183), np.float64(0.9612119907867915)]",0.9646715226712828,0.0065280274698249,"[array([0.        , 0.27034442, 0.42317136, 0.44214522, 0.46090623,
       0.47938161, 0.5158665 , 0.5339211 , 0.5339211 , 0.5339211 ,
       0.5339211 , 0.60317256, 0.62035721, 0.62035721, 0.62035721,
       0.63698371, 0.63698371, 0.65316484, 0.6691019 , 0.68485821,
       0.70041822, 0.71584378, 0.71584378, 0.71584378, 0.71584378,
       0.73048128, 0.73048128, 0.74462528, 0.75863681, 0.77241429,
       0.78612133, 0.78612133, 0.79939723, 0.79939723, 0.79939723,
       0.82478976, 0.82478976, 0.82478976, 0.82478976, 0.82478976,
       0.82478976, 0.83629701, 0.84765278, 0.84765278, 0.85854554,
       0.85854554, 0.85854554, 0.86882719, 0.87907079, 0.87907079,
       0.87907079, 0.88862524, 0.88862524, 0.88862524, 0.88862524,
       0.88862524, 0.88862524, 0.89698521, 0.89698521, 0.89698521,
       0.91259364, 0.91259364, 0.92752565, 0.92752565, 0.92752565,
       0.92752565, 0.92752565, 0.92752565, 0.9337796 , 0.9337796 ,
       0.9337796 , 0.9337796 , 0.9337796 , 0.9337796 , 0.9337796 ,
       0.93866269, 0.95286251, 0.95286251, 0.95286251, 0.95286251,
       0.95675049, 0.96052161, 0.96409479, 0.96409479, 0.97052185,
       0.97348017, 0.97619254, 0.9813549 , 0.98373922, 0.98373922,
       0.98373922, 0.98373922, 0.98373922, 0.98523757, 0.98655249,
       0.99090719, 0.99184951, 0.99376925, 0.99567802, 0.99762344,
       1.        ]), array([0.        , 0.45106328, 0.59413906, 0.62552088, 0.62552088,
       0.64101116, 0.68689187, 0.68689187, 0.71675928, 0.71675928,
       0.73139882, 0.74592048, 0.77442495, 0.8026676 , 0.81668079,
       0.81668079, 0.83039341, 0.83039341, 0.83039341, 0.83039341,
       0.84333891, 0.85610928, 0.85610928, 0.85610928, 0.85610928,
       0.85610928, 0.85610928, 0.85610928, 0.85610928, 0.85610928,
       0.85610928, 0.86727212, 0.86727212, 0.86727212, 0.86727212,
       0.86727212, 0.87772574, 0.88804282, 0.88804282, 0.88804282,
       0.88804282, 0.88804282, 0.88804282, 0.88804282, 0.88804282,
       0.88804282, 0.88804282, 0.89662503, 0.89662503, 0.89662503,
       0.90484994, 0.90484994, 0.91263698, 0.91263698, 0.92009271,
       0.92009271, 0.92721536, 0.92721536, 0.9341412 , 0.9341412 ,
       0.9341412 , 0.9341412 , 0.9341412 , 0.94015888, 0.94015888,
       0.94015888, 0.94015888, 0.94556762, 0.95077994, 0.96083306,
       0.96083306, 0.96083306, 0.96083306, 0.96083306, 0.96083306,
       0.96083306, 0.96479048, 0.96479048, 0.96847242, 0.97190082,
       0.97190082, 0.97509283, 0.97509283, 0.97509283, 0.98304704,
       0.98304704, 0.98541752, 0.98541752, 0.98541752, 0.98541752,
       0.98541752, 0.98690664, 0.98690664, 0.99053494, 0.99151332,
       0.99326917, 0.99461852, 0.99571481, 0.99745379, 0.99860141,
       1.        ]), array([0.        , 0.35001523, 0.41607615, 0.49788236, 0.5462294 ,
       0.5462294 , 0.5462294 , 0.60892417, 0.62432617, 0.63964418,
       0.63964418, 0.63964418, 0.63964418, 0.66890029, 0.68338091,
       0.69761184, 0.69761184, 0.69761184, 0.71146474, 0.71146474,
       0.71146474, 0.72471296, 0.73778047, 0.73778047, 0.73778047,
       0.75039121, 0.75039121, 0.75039121, 0.75039121, 0.75039121,
       0.75039121, 0.75039121, 0.76189499, 0.76189499, 0.7729993 ,
       0.78401245, 0.78401245, 0.78401245, 0.79454369, 0.79454369,
       0.80468539, 0.80468539, 0.81447891, 0.81447891, 0.82388432,
       0.84246957, 0.86077169, 0.86966696, 0.86966696, 0.87830864,
       0.88667531, 0.88667531, 0.88667531, 0.88667531, 0.88667531,
       0.89428544, 0.90180149, 0.90180149, 0.90899072, 0.90899072,
       0.90899072, 0.92216052, 0.92216052, 0.92851518, 0.93463323,
       0.94054164, 0.94054164, 0.94621583, 0.95715047, 0.96245011,
       0.96245011, 0.96245011, 0.96728562, 0.97657213, 0.97657213,
       0.97657213, 0.97657213, 0.97657213, 0.97657213, 0.980229  ,
       0.98369752, 0.98369752, 0.98369752, 0.98369752, 0.98369752,
       0.98369752, 0.98369752, 0.98369752, 0.98369752, 0.98369752,
       0.98892284, 0.98892284, 0.9903181 , 0.99154682, 0.99154682,
       0.99254704, 0.99324478, 0.99379246, 0.99710722, 0.99892218,
       1.        ]), array([0.        , 0.23049856, 0.35344187, 0.38811134, 0.45689648,
       0.52501914, 0.57548067, 0.60880873, 0.62528244, 0.64164371,
       0.67400764, 0.68997583, 0.68997583, 0.7055563 , 0.7210495 ,
       0.73621819, 0.73621819, 0.75118015, 0.78047491, 0.79508272,
       0.79508272, 0.79508272, 0.79508272, 0.79508272, 0.79508272,
       0.79508272, 0.80829622, 0.80829622, 0.83414481, 0.83414481,
       0.83414481, 0.83414481, 0.84644159, 0.85852389, 0.8703015 ,
       0.8703015 , 0.8703015 , 0.8703015 , 0.8703015 , 0.88126152,
       0.88126152, 0.88126152, 0.88126152, 0.88126152, 0.88126152,
       0.89120325, 0.90090129, 0.90090129, 0.90090129, 0.90090129,
       0.90090129, 0.90975483, 0.90975483, 0.90975483, 0.90975483,
       0.91790025, 0.91790025, 0.92560522, 0.92560522, 0.93307507,
       0.93307507, 0.93307507, 0.93998975, 0.93998975, 0.93998975,
       0.94625467, 0.94625467, 0.94625467, 0.94625467, 0.94625467,
       0.94625467, 0.94625467, 0.95142279, 0.95142279, 0.95142279,
       0.95142279, 0.95570869, 0.95570869, 0.95971911, 0.96354685,
       0.96721299, 0.96721299, 0.97050882, 0.97050882, 0.97649708,
       0.97649708, 0.97649708, 0.97882548, 0.97882548, 0.98093186,
       0.98280238, 0.98443518, 0.98443518, 0.98850721, 0.98850721,
       0.99045628, 0.99045628, 0.99420941, 0.99463615, 0.99796399,
       1.        ]), array([0.        , 0.21757912, 0.33382195, 0.43232267, 0.46486998,
       0.48090767, 0.52844716, 0.57576338, 0.60681767, 0.60681767,
       0.65249463, 0.66752423, 0.68233782, 0.69711595, 0.69711595,
       0.71146596, 0.73998836, 0.76812794, 0.76812794, 0.76812794,
       0.76812794, 0.79492171, 0.80808372, 0.80808372, 0.80808372,
       0.82078453, 0.83325075, 0.83325075, 0.83325075, 0.8452607 ,
       0.8452607 , 0.8452607 , 0.8452607 , 0.8452607 , 0.85652583,
       0.85652583, 0.85652583, 0.85652583, 0.85652583, 0.85652583,
       0.8667768 , 0.87683722, 0.87683722, 0.87683722, 0.87683722,
       0.87683722, 0.87683722, 0.87683722, 0.87683722, 0.87683722,
       0.87683722, 0.87683722, 0.89326078, 0.89326078, 0.89326078,
       0.89326078, 0.89326078, 0.89326078, 0.89326078, 0.90019152,
       0.90019152, 0.91357994, 0.92645496, 0.93269247, 0.93269247,
       0.93269247, 0.93269247, 0.93269247, 0.93269247, 0.93799346,
       0.93799346, 0.94288127, 0.94767926, 0.95237694, 0.95675908,
       0.96107308, 0.96524884, 0.96524884, 0.96524884, 0.97246028,
       0.97246028, 0.97246028, 0.97246028, 0.97544894, 0.97826863,
       0.97826863, 0.98312717, 0.98312717, 0.98312717, 0.98505278,
       0.98505278, 0.98505278, 0.98505278, 0.98505278, 0.98950858,
       0.99238252, 0.99308098, 0.99424721, 0.99542338, 0.99887411,
       1.        ])]","[array([0.00000000e+00, 6.34328599e-04, 2.24682740e-03, 2.54616942e-03,
       3.00622468e-03, 3.68194378e-03, 5.38512073e-03, 6.37854551e-03,
       6.37854551e-03, 6.37854551e-03, 6.37854551e-03, 1.25923694e-02,
       1.42426378e-02, 1.42426378e-02, 1.42426378e-02, 1.63143256e-02,
       1.63143256e-02, 1.87222830e-02, 2.13145286e-02, 2.40432403e-02,
       2.69201699e-02, 2.98986095e-02, 2.98986095e-02, 2.98986095e-02,
       2.98986095e-02, 3.34720639e-02, 3.34720639e-02, 3.74181341e-02,
       4.14642157e-02, 4.56870237e-02, 4.99630086e-02, 4.99630086e-02,
       5.45645221e-02, 5.45645221e-02, 5.45645221e-02, 6.46428437e-02,
       6.46428437e-02, 6.46428437e-02, 6.46428437e-02, 6.46428437e-02,
       6.46428437e-02, 7.05797527e-02, 7.66310367e-02, 7.66310367e-02,
       8.30319091e-02, 8.30319091e-02, 8.30319091e-02, 8.98941877e-02,
       9.67851988e-02, 9.67851988e-02, 9.67851988e-02, 1.04196549e-01,
       1.04196549e-01, 1.04196549e-01, 1.04196549e-01, 1.04196549e-01,
       1.04196549e-01, 1.12509768e-01, 1.12509768e-01, 1.12509768e-01,
       1.29975442e-01, 1.29975442e-01, 1.47951840e-01, 1.47951840e-01,
       1.47951840e-01, 1.47951840e-01, 1.47951840e-01, 1.47951840e-01,
       1.57855184e-01, 1.57855184e-01, 1.57855184e-01, 1.57855184e-01,
       1.57855184e-01, 1.57855184e-01, 1.57855184e-01, 1.68793576e-01,
       2.01948107e-01, 2.01948107e-01, 2.01948107e-01, 2.01948107e-01,
       2.13637850e-01, 2.25415823e-01, 2.37343240e-01, 2.37343240e-01,
       2.61741188e-01, 2.74132856e-01, 2.86710224e-01, 3.12063064e-01,
       3.24888116e-01, 3.24888116e-01, 3.24888116e-01, 3.24888116e-01,
       3.24888116e-01, 3.38382118e-01, 3.52014606e-01, 4.07227868e-01,
       4.21141689e-01, 4.63568138e-01, 5.20628166e-01, 6.21536444e-01,
       1.00000000e+00]), array([0.        , 0.00104142, 0.00341268, 0.00438003, 0.00438003,
       0.00507776, 0.00780052, 0.00780052, 0.01038357, 0.01038357,
       0.01198893, 0.01372006, 0.0177572 , 0.02207367, 0.02434727,
       0.02434727, 0.02694155, 0.02694155, 0.02694155, 0.02694155,
       0.03035425, 0.0339538 , 0.0339538 , 0.0339538 , 0.0339538 ,
       0.0339538 , 0.0339538 , 0.0339538 , 0.0339538 , 0.0339538 ,
       0.0339538 , 0.03926839, 0.03926839, 0.03926839, 0.03926839,
       0.03926839, 0.04533963, 0.05155654, 0.05155654, 0.05155654,
       0.05155654, 0.05155654, 0.05155654, 0.05155654, 0.05155654,
       0.05155654, 0.05155654, 0.05962435, 0.05962435, 0.05962435,
       0.06807335, 0.06807335, 0.07698952, 0.07698952, 0.08625915,
       0.08625915, 0.09588414, 0.09588414, 0.1057191 , 0.1057191 ,
       0.1057191 , 0.1057191 , 0.1057191 , 0.11652296, 0.11652296,
       0.11652296, 0.11652296, 0.12797648, 0.13963957, 0.1633621 ,
       0.1633621 , 0.1633621 , 0.1633621 , 0.1633621 , 0.1633621 ,
       0.1633621 , 0.17636401, 0.17636401, 0.18965983, 0.20322614,
       0.20322614, 0.21704465, 0.21704465, 0.21704465, 0.26023048,
       0.26023048, 0.27492547, 0.27492547, 0.27492547, 0.27492547,
       0.27492547, 0.29056077, 0.29056077, 0.33836182, 0.35454201,
       0.38711675, 0.42012516, 0.45340356, 0.52044431, 0.60533996,
       1.        ]), array([0.        , 0.00127953, 0.0021274 , 0.00395147, 0.00577716,
       0.00577716, 0.00577716, 0.00996626, 0.01128323, 0.01268356,
       0.01268356, 0.01268356, 0.01268356, 0.01685392, 0.01908544,
       0.0215648 , 0.0215648 , 0.0215648 , 0.02441941, 0.02441941,
       0.02441941, 0.02787422, 0.03150839, 0.03150839, 0.03150839,
       0.03559596, 0.03559596, 0.03559596, 0.03559596, 0.03559596,
       0.03559596, 0.03559596, 0.04078231, 0.04078231, 0.04636517,
       0.05203851, 0.05203851, 0.05203851, 0.05819019, 0.05819019,
       0.06472854, 0.06472854, 0.07161248, 0.07161248, 0.07888167,
       0.09364395, 0.10868726, 0.11646281, 0.11646281, 0.12449009,
       0.13279033, 0.13279033, 0.13279033, 0.13279033, 0.13279033,
       0.14184151, 0.15098609, 0.15098609, 0.16045505, 0.16045505,
       0.16045505, 0.18059272, 0.18059272, 0.19089009, 0.20142232,
       0.21216264, 0.21216264, 0.22313544, 0.24549173, 0.25683631,
       0.25683631, 0.25683631, 0.26864159, 0.29263382, 0.29263382,
       0.29263382, 0.29263382, 0.29263382, 0.29263382, 0.30560902,
       0.31877117, 0.31877117, 0.31877117, 0.31877117, 0.31877117,
       0.31877117, 0.31877117, 0.31877117, 0.31877117, 0.31877117,
       0.36339956, 0.36339956, 0.37861964, 0.39400502, 0.39400502,
       0.40961722, 0.42552966, 0.44159105, 0.57114094, 0.68557453,
       1.        ]), array([0.        , 0.00106729, 0.00267044, 0.00352991, 0.00573511,
       0.008522  , 0.01116574, 0.01320303, 0.01438878, 0.01567326,
       0.01855709, 0.0201867 , 0.0201867 , 0.02215676, 0.02420344,
       0.02653505, 0.02653505, 0.02904819, 0.03462687, 0.03745095,
       0.03745095, 0.03745095, 0.03745095, 0.03745095, 0.03745095,
       0.03745095, 0.0414993 , 0.0414993 , 0.05010387, 0.05010387,
       0.05010387, 0.05010387, 0.05495713, 0.05999873, 0.06530784,
       0.06530784, 0.06530784, 0.06530784, 0.06530784, 0.07133483,
       0.07133483, 0.07133483, 0.07133483, 0.07133483, 0.07133483,
       0.07825593, 0.08539099, 0.08539099, 0.08539099, 0.08539099,
       0.08539099, 0.09326757, 0.09326757, 0.09326757, 0.09326757,
       0.1017659 , 0.1017659 , 0.11065096, 0.11065096, 0.11974246,
       0.11974246, 0.11974246, 0.12932143, 0.12932143, 0.12932143,
       0.13947092, 0.13947092, 0.13947092, 0.13947092, 0.13947092,
       0.13947092, 0.13947092, 0.15058344, 0.15058344, 0.15058344,
       0.15058344, 0.16247058, 0.16247058, 0.17459961, 0.18688903,
       0.19932036, 0.19932036, 0.21207682, 0.21207682, 0.23811957,
       0.23811957, 0.23811957, 0.25172547, 0.25172547, 0.26552633,
       0.27953427, 0.29375094, 0.29375094, 0.33712656, 0.33712656,
       0.36671587, 0.36671587, 0.45732251, 0.47259815, 0.68878092,
       1.        ]), array([0.        , 0.00120397, 0.00274969, 0.00518858, 0.00628226,
       0.00706049, 0.00995766, 0.01307377, 0.01563155, 0.01563155,
       0.02035516, 0.02212196, 0.02410058, 0.02611397, 0.02611397,
       0.02854719, 0.0335878 , 0.03900382, 0.03900382, 0.03900382,
       0.03900382, 0.04573958, 0.04933779, 0.04933779, 0.04933779,
       0.05338825, 0.05766877, 0.05766877, 0.05766877, 0.06239671,
       0.06239671, 0.06239671, 0.06239671, 0.06239671, 0.06785504,
       0.06785504, 0.06785504, 0.06785504, 0.06785504, 0.06785504,
       0.07430789, 0.0809476 , 0.0809476 , 0.0809476 , 0.0809476 ,
       0.0809476 , 0.0809476 , 0.0809476 , 0.0809476 , 0.0809476 ,
       0.0809476 , 0.0809476 , 0.09785266, 0.09785266, 0.09785266,
       0.09785266, 0.09785266, 0.09785266, 0.09785266, 0.10756141,
       0.10756141, 0.12744282, 0.14782767, 0.15821622, 0.15821622,
       0.15821622, 0.15821622, 0.15821622, 0.15821622, 0.16952316,
       0.16952316, 0.18123527, 0.19303545, 0.204934  , 0.21714199,
       0.22941679, 0.24182714, 0.24182714, 0.24182714, 0.26776587,
       0.26776587, 0.26776587, 0.26776587, 0.28134033, 0.29508048,
       0.29508048, 0.32332652, 0.32332652, 0.32332652, 0.33794344,
       0.33794344, 0.33794344, 0.33794344, 0.33794344, 0.39959487,
       0.44629227, 0.46211257, 0.49397938, 0.54234167, 0.77003094,
       1.        ])]",0.0313100080084188,0.0052527077491284,0.0054232372835261,0.0014340127325356,"[{'lambda_reg': 0.0005678788686567294, 'K_bin': 1, 'gamma': 0.0019696620942079805}, {'lambda_reg': 3.940829504860596e-05, 'K_bin': 1, 'gamma': 0.002167102913381593}, {'lambda_reg': 0.005396816761441773, 'K_bin': 1, 'gamma': 0.014731014993332162}, {'lambda_reg': 0.022948463559399564, 'K_bin': 1, 'gamma': 0.038891090255042025}, {'lambda_reg': 0.01382173397425091, 'K_bin': 1, 'gamma': 0.03211804222482815}]",600,1,exponential,24
"[np.float64(0.08752240181082635), np.float64(0.04019988910590061), np.float64(0.08316249842155107), np.float64(0.10765235111687642), np.float64(0.11775284568223794)]",0.0872579972274784,0.026747613026511,"[np.float64(0.802915888962959), np.float64(0.7968005538707166), np.float64(0.7386936651624448), np.float64(0.7319361026148657), np.float64(0.8697271324363488)]",0.7880146686094669,0.0501069492935633,"[np.float64(0.9541205382027327), np.float64(0.9668478098150911), np.float64(0.9289559076351595), np.float64(0.967064017155081), np.float64(0.9286097987121051)]",0.9491196143040336,0.0172541435709967,"[array([0.        , 0.35816191, 0.4172224 , 0.44642522, 0.50426793,
       0.50426793, 0.56098114, 0.56098114, 0.58852265, 0.61591895,
       0.64295952, 0.72347194, 0.72347194, 0.72347194, 0.72347194,
       0.72347194, 0.72347194, 0.72347194, 0.72347194, 0.72347194,
       0.72347194, 0.74728062, 0.74728062, 0.74728062, 0.77019728,
       0.79272078, 0.81496916, 0.81496916, 0.81496916, 0.81496916,
       0.81496916, 0.81496916, 0.81496916, 0.83512296, 0.83512296,
       0.85464738, 0.85464738, 0.85464738, 0.85464738, 0.85464738,
       0.87281222, 0.87281222, 0.87281222, 0.87281222, 0.87281222,
       0.88928442, 0.88928442, 0.88928442, 0.88928442, 0.88928442,
       0.88928442, 0.90408982, 0.90408982, 0.90408982, 0.90408982,
       0.90408982, 0.90408982, 0.90408982, 0.90408982, 0.91655759,
       0.91655759, 0.91655759, 0.91655759, 0.91655759, 0.92746819,
       0.92746819, 0.92746819, 0.93754431, 0.93754431, 0.94692408,
       0.94692408, 0.95583644, 0.95583644, 0.95583644, 0.96381743,
       0.96381743, 0.96381743, 0.96381743, 0.96381743, 0.96381743,
       0.96381743, 0.96381743, 0.96381743, 0.96904358, 0.97385183,
       0.98308285, 0.98308285, 0.98308285, 0.98308285, 0.98308285,
       0.98617758, 0.98911055, 0.99425264, 0.99425264, 0.99425264,
       0.99589328, 0.99726342, 0.99834349, 0.99899028, 0.99937104,
       1.        ]), array([0.        , 0.3997411 , 0.45597412, 0.51158335, 0.56696948,
       0.6216122 , 0.70260183, 0.75596476, 0.75596476, 0.75596476,
       0.75596476, 0.75596476, 0.75596476, 0.8058576 , 0.8058576 ,
       0.8058576 , 0.8300007 , 0.8300007 , 0.8300007 , 0.8300007 ,
       0.8300007 , 0.8300007 , 0.8300007 , 0.8300007 , 0.8300007 ,
       0.8300007 , 0.8300007 , 0.8300007 , 0.8300007 , 0.8300007 ,
       0.8300007 , 0.8300007 , 0.8300007 , 0.8300007 , 0.8300007 ,
       0.8300007 , 0.8300007 , 0.8300007 , 0.84796066, 0.84796066,
       0.84796066, 0.84796066, 0.86461238, 0.88105059, 0.89725692,
       0.89725692, 0.89725692, 0.89725692, 0.91229876, 0.92717537,
       0.92717537, 0.92717537, 0.92717537, 0.92717537, 0.92717537,
       0.94011711, 0.94011711, 0.94011711, 0.95240089, 0.95240089,
       0.95240089, 0.95240089, 0.96327591, 0.96327591, 0.96327591,
       0.96327591, 0.96327591, 0.96327591, 0.96327591, 0.96327591,
       0.96327591, 0.96327591, 0.96327591, 0.96327591, 0.96327591,
       0.97066947, 0.97066947, 0.97066947, 0.97066947, 0.97066947,
       0.97066947, 0.98185655, 0.98185655, 0.986843  , 0.986843  ,
       0.986843  , 0.986843  , 0.986843  , 0.99051869, 0.99051869,
       0.99340342, 0.99340342, 0.99340342, 0.99340342, 0.99340342,
       0.99492682, 0.99609794, 0.99699365, 0.99768459, 0.99986541,
       1.        ]), array([0.        , 0.14843156, 0.26601286, 0.35323501, 0.41099305,
       0.41099305, 0.43926204, 0.49484198, 0.55003825, 0.55003825,
       0.55003825, 0.57659906, 0.57659906, 0.6025802 , 0.62838297,
       0.65393625, 0.65393625, 0.65393625, 0.65393625, 0.67816907,
       0.70210944, 0.70210944, 0.70210944, 0.70210944, 0.70210944,
       0.70210944, 0.70210944, 0.70210944, 0.72386066, 0.72386066,
       0.72386066, 0.72386066, 0.74430018, 0.76452399, 0.78424701,
       0.78424701, 0.78424701, 0.78424701, 0.78424701, 0.78424701,
       0.80223103, 0.80223103, 0.80223103, 0.83636924, 0.83636924,
       0.83636924, 0.83636924, 0.83636924, 0.83636924, 0.85161939,
       0.866531  , 0.866531  , 0.866531  , 0.88069319, 0.88069319,
       0.89416313, 0.89416313, 0.89416313, 0.90674525, 0.90674525,
       0.90674525, 0.91853214, 0.91853214, 0.91853214, 0.92950275,
       0.92950275, 0.92950275, 0.92950275, 0.92950275, 0.92950275,
       0.94778028, 0.95650691, 0.95650691, 0.96484467, 0.96484467,
       0.96484467, 0.97220054, 0.97935112, 0.97935112, 0.97935112,
       0.97935112, 0.97935112, 0.97935112, 0.97935112, 0.98438657,
       0.98438657, 0.98438657, 0.98438657, 0.98438657, 0.99140966,
       0.99454351, 0.99454351, 0.99454351, 0.99454351, 0.99454351,
       0.99454351, 0.99579152, 0.99697942, 0.9986579 , 0.99965943,
       1.        ]), array([0.        , 0.53638023, 0.60275816, 0.60275816, 0.60275816,
       0.60275816, 0.60275816, 0.63431713, 0.63431713, 0.63431713,
       0.63431713, 0.63431713, 0.63431713, 0.66356636, 0.66356636,
       0.66356636, 0.66356636, 0.71959118, 0.71959118, 0.71959118,
       0.71959118, 0.71959118, 0.74591557, 0.74591557, 0.74591557,
       0.77143018, 0.79652794, 0.79652794, 0.79652794, 0.79652794,
       0.82029136, 0.82029136, 0.82029136, 0.82029136, 0.82029136,
       0.82029136, 0.84204183, 0.84204183, 0.84204183, 0.84204183,
       0.84204183, 0.84204183, 0.84204183, 0.88040976, 0.8994186 ,
       0.8994186 , 0.8994186 , 0.8994186 , 0.91717203, 0.91717203,
       0.93426936, 0.93426936, 0.93426936, 0.93426936, 0.93426936,
       0.93426936, 0.93426936, 0.93426936, 0.93426936, 0.93426936,
       0.93426936, 0.93426936, 0.93426936, 0.93426936, 0.93426936,
       0.93426936, 0.93426936, 0.93426936, 0.93426936, 0.93426936,
       0.93426936, 0.93426936, 0.93426936, 0.9435065 , 0.9435065 ,
       0.95198138, 0.95198138, 0.96003423, 0.96773048, 0.97511258,
       0.97511258, 0.97511258, 0.97511258, 0.97511258, 0.97511258,
       0.97511258, 0.97511258, 0.97974753, 0.98833463, 0.98833463,
       0.98833463, 0.98833463, 0.98833463, 0.98833463, 0.99040223,
       0.99409171, 0.99573744, 0.99573744, 0.99654469, 0.99941627,
       1.        ]), array([0.        , 0.07801924, 0.11668546, 0.15478625, 0.23002197,
       0.2674282 , 0.30447586, 0.30447586, 0.30447586, 0.37618021,
       0.41153333, 0.44639555, 0.48104195, 0.51541661, 0.54915028,
       0.54915028, 0.54915028, 0.54915028, 0.54915028, 0.61281349,
       0.61281349, 0.61281349, 0.61281349, 0.61281349, 0.64275765,
       0.64275765, 0.64275765, 0.64275765, 0.6710189 , 0.6710189 ,
       0.69846568, 0.69846568, 0.69846568, 0.69846568, 0.69846568,
       0.69846568, 0.72352333, 0.72352333, 0.74798   , 0.74798   ,
       0.74798   , 0.74798   , 0.74798   , 0.79297018, 0.79297018,
       0.79297018, 0.81417117, 0.81417117, 0.83462953, 0.83462953,
       0.85457718, 0.87375025, 0.87375025, 0.87375025, 0.87375025,
       0.89144051, 0.89144051, 0.89144051, 0.89144051, 0.89144051,
       0.89144051, 0.89144051, 0.89144051, 0.89144051, 0.89144051,
       0.89144051, 0.89144051, 0.89144051, 0.90430815, 0.90430815,
       0.90430815, 0.90430815, 0.90430815, 0.91496833, 0.91496833,
       0.91496833, 0.91496833, 0.92413558, 0.9330366 , 0.94143111,
       0.94143111, 0.94889554, 0.94889554, 0.94889554, 0.94889554,
       0.95507547, 0.95507547, 0.96024347, 0.96024347, 0.96024347,
       0.97256326, 0.98022119, 0.98355816, 0.98355816, 0.98600023,
       0.98600023, 0.99129689, 0.99268781, 0.99586965, 0.99945727,
       1.        ])]","[array([0.        , 0.00120554, 0.00220229, 0.00311221, 0.00563959,
       0.00563959, 0.00958664, 0.00958664, 0.01258466, 0.01576521,
       0.01939287, 0.03104166, 0.03104166, 0.03104166, 0.03104166,
       0.03104166, 0.03104166, 0.03104166, 0.03104166, 0.03104166,
       0.03104166, 0.0387315 , 0.0387315 , 0.0387315 , 0.04754252,
       0.0568477 , 0.06649868, 0.06649868, 0.06649868, 0.06649868,
       0.06649868, 0.06649868, 0.06649868, 0.07878235, 0.07878235,
       0.09185711, 0.09185711, 0.09185711, 0.09185711, 0.09185711,
       0.1066407 , 0.1066407 , 0.1066407 , 0.1066407 , 0.1066407 ,
       0.1235518 , 0.1235518 , 0.1235518 , 0.1235518 , 0.1235518 ,
       0.1235518 , 0.1425579 , 0.1425579 , 0.1425579 , 0.1425579 ,
       0.1425579 , 0.1425579 , 0.1425579 , 0.1425579 , 0.16450218,
       0.16450218, 0.16450218, 0.16450218, 0.16450218, 0.18840368,
       0.18840368, 0.18840368, 0.21335403, 0.21335403, 0.23917963,
       0.23917963, 0.26559273, 0.26559273, 0.26559273, 0.29317646,
       0.29317646, 0.29317646, 0.29317646, 0.29317646, 0.29317646,
       0.29317646, 0.29317646, 0.29317646, 0.32422276, 0.35579434,
       0.41942198, 0.41942198, 0.41942198, 0.41942198, 0.41942198,
       0.45314728, 0.4870759 , 0.55584294, 0.55584294, 0.55584294,
       0.59139589, 0.62728883, 0.66354636, 0.70034849, 0.73748498,
       1.        ]), array([0.        , 0.00115047, 0.00253268, 0.00478525, 0.00734909,
       0.01095019, 0.01771145, 0.02309821, 0.02309821, 0.02309821,
       0.02309821, 0.02309821, 0.02309821, 0.03332665, 0.03332665,
       0.03332665, 0.03956171, 0.03956171, 0.03956171, 0.03956171,
       0.03956171, 0.03956171, 0.03956171, 0.03956171, 0.03956171,
       0.03956171, 0.03956171, 0.03956171, 0.03956171, 0.03956171,
       0.03956171, 0.03956171, 0.03956171, 0.03956171, 0.03956171,
       0.03956171, 0.03956171, 0.03956171, 0.05442389, 0.05442389,
       0.05442389, 0.05442389, 0.0711114 , 0.08809684, 0.10540579,
       0.10540579, 0.10540579, 0.10540579, 0.12433952, 0.14350379,
       0.14350379, 0.14350379, 0.14350379, 0.14350379, 0.14350379,
       0.16536772, 0.16536772, 0.16536772, 0.18814967, 0.18814967,
       0.18814967, 0.18814967, 0.21289722, 0.21289722, 0.21289722,
       0.21289722, 0.21289722, 0.21289722, 0.21289722, 0.21289722,
       0.21289722, 0.21289722, 0.21289722, 0.21289722, 0.21289722,
       0.24250232, 0.24250232, 0.24250232, 0.24250232, 0.24250232,
       0.24250232, 0.30673554, 0.30673554, 0.33969919, 0.33969919,
       0.33969919, 0.33969919, 0.33969919, 0.37449172, 0.37449172,
       0.41038782, 0.41038782, 0.41038782, 0.41038782, 0.41038782,
       0.44818336, 0.48647042, 0.52514174, 0.56409877, 0.76066133,
       1.        ]), array([0.00000000e+00, 7.04197287e-04, 2.74495077e-03, 5.49888733e-03,
       7.82996320e-03, 7.82996320e-03, 9.76980045e-03, 1.48655326e-02,
       2.04482544e-02, 2.04482544e-02, 2.04482544e-02, 2.45562905e-02,
       2.45562905e-02, 2.94001003e-02, 3.44703139e-02, 3.98572146e-02,
       3.98572146e-02, 3.98572146e-02, 3.98572146e-02, 4.69201673e-02,
       5.43543201e-02, 5.43543201e-02, 5.43543201e-02, 5.43543201e-02,
       5.43543201e-02, 5.43543201e-02, 5.43543201e-02, 5.43543201e-02,
       6.45671735e-02, 6.45671735e-02, 6.45671735e-02, 6.45671735e-02,
       7.64449523e-02, 8.85965444e-02, 1.01383778e-01, 1.01383778e-01,
       1.01383778e-01, 1.01383778e-01, 1.01383778e-01, 1.01383778e-01,
       1.16378333e-01, 1.16378333e-01, 1.16378333e-01, 1.48690037e-01,
       1.48690037e-01, 1.48690037e-01, 1.48690037e-01, 1.48690037e-01,
       1.48690037e-01, 1.67154689e-01, 1.86049048e-01, 1.86049048e-01,
       1.86049048e-01, 2.05894647e-01, 2.05894647e-01, 2.26618912e-01,
       2.26618912e-01, 2.26618912e-01, 2.48470087e-01, 2.48470087e-01,
       2.48470087e-01, 2.71330655e-01, 2.71330655e-01, 2.71330655e-01,
       2.95227321e-01, 2.95227321e-01, 2.95227321e-01, 2.95227321e-01,
       2.95227321e-01, 2.95227321e-01, 3.47670976e-01, 3.74415925e-01,
       3.74415925e-01, 4.01654473e-01, 4.01654473e-01, 4.01654473e-01,
       4.30139331e-01, 4.58884756e-01, 4.58884756e-01, 4.58884756e-01,
       4.58884756e-01, 4.58884756e-01, 4.58884756e-01, 4.58884756e-01,
       4.90314923e-01, 4.90314923e-01, 4.90314923e-01, 4.90314923e-01,
       4.90314923e-01, 5.57043827e-01, 5.90887691e-01, 5.90887691e-01,
       5.90887691e-01, 5.90887691e-01, 5.90887691e-01, 5.90887691e-01,
       6.27125255e-01, 6.63439106e-01, 7.36951926e-01, 8.11324005e-01,
       1.00000000e+00]), array([0.00000000e+00, 9.23195677e-04, 1.69833572e-03, 1.69833572e-03,
       1.69833572e-03, 1.69833572e-03, 1.69833572e-03, 3.69190619e-03,
       3.69190619e-03, 3.69190619e-03, 3.69190619e-03, 3.69190619e-03,
       3.69190619e-03, 7.96121721e-03, 7.96121721e-03, 7.96121721e-03,
       7.96121721e-03, 1.89370782e-02, 1.89370782e-02, 1.89370782e-02,
       1.89370782e-02, 1.89370782e-02, 2.60881778e-02, 2.60881778e-02,
       2.60881778e-02, 3.40371389e-02, 4.23968190e-02, 4.23968190e-02,
       4.23968190e-02, 4.23968190e-02, 5.20711864e-02, 5.20711864e-02,
       5.20711864e-02, 5.20711864e-02, 5.20711864e-02, 5.20711864e-02,
       6.37288903e-02, 6.37288903e-02, 6.37288903e-02, 6.37288903e-02,
       6.37288903e-02, 6.37288903e-02, 6.37288903e-02, 9.21017332e-02,
       1.06460702e-01, 1.06460702e-01, 1.06460702e-01, 1.06460702e-01,
       1.22056603e-01, 1.22056603e-01, 1.38298946e-01, 1.38298946e-01,
       1.38298946e-01, 1.38298946e-01, 1.38298946e-01, 1.38298946e-01,
       1.38298946e-01, 1.38298946e-01, 1.38298946e-01, 1.38298946e-01,
       1.38298946e-01, 1.38298946e-01, 1.38298946e-01, 1.38298946e-01,
       1.38298946e-01, 1.38298946e-01, 1.38298946e-01, 1.38298946e-01,
       1.38298946e-01, 1.38298946e-01, 1.38298946e-01, 1.38298946e-01,
       1.38298946e-01, 1.62285771e-01, 1.62285771e-01, 1.87023648e-01,
       1.87023648e-01, 2.12177339e-01, 2.37682378e-01, 2.63496949e-01,
       2.63496949e-01, 2.63496949e-01, 2.63496949e-01, 2.63496949e-01,
       2.63496949e-01, 2.63496949e-01, 2.63496949e-01, 2.92018226e-01,
       3.49733540e-01, 3.49733540e-01, 3.49733540e-01, 3.49733540e-01,
       3.49733540e-01, 3.49733540e-01, 3.80784383e-01, 4.43325225e-01,
       4.74791725e-01, 4.74791725e-01, 5.07084356e-01, 7.02783080e-01,
       1.00000000e+00]), array([0.00000000e+00, 1.57023897e-04, 4.90494840e-04, 1.24375230e-03,
       3.46735623e-03, 4.73628251e-03, 6.27142212e-03, 6.27142212e-03,
       6.27142212e-03, 1.11168341e-02, 1.39100550e-02, 1.70677326e-02,
       2.03856479e-02, 2.39053109e-02, 2.79008611e-02, 2.79008611e-02,
       2.79008611e-02, 2.79008611e-02, 2.79008611e-02, 3.87162880e-02,
       3.87162880e-02, 3.87162880e-02, 3.87162880e-02, 3.87162880e-02,
       4.55252958e-02, 4.55252958e-02, 4.55252958e-02, 4.55252958e-02,
       5.35837623e-02, 5.35837623e-02, 6.22469132e-02, 6.22469132e-02,
       6.22469132e-02, 6.22469132e-02, 6.22469132e-02, 6.22469132e-02,
       7.26838333e-02, 7.26838333e-02, 8.35669392e-02, 8.35669392e-02,
       8.35669392e-02, 8.35669392e-02, 8.35669392e-02, 1.08245842e-01,
       1.08245842e-01, 1.08245842e-01, 1.21546074e-01, 1.21546074e-01,
       1.35397667e-01, 1.35397667e-01, 1.49628417e-01, 1.64434250e-01,
       1.64434250e-01, 1.64434250e-01, 1.64434250e-01, 1.80340969e-01,
       1.80340969e-01, 1.80340969e-01, 1.80340969e-01, 1.80340969e-01,
       1.80340969e-01, 1.80340969e-01, 1.80340969e-01, 1.80340969e-01,
       1.80340969e-01, 1.80340969e-01, 1.80340969e-01, 1.80340969e-01,
       1.99828154e-01, 1.99828154e-01, 1.99828154e-01, 1.99828154e-01,
       1.99828154e-01, 2.20954239e-01, 2.20954239e-01, 2.20954239e-01,
       2.20954239e-01, 2.43188722e-01, 2.65620861e-01, 2.88429053e-01,
       2.88429053e-01, 3.11927770e-01, 3.11927770e-01, 3.11927770e-01,
       3.11927770e-01, 3.36380141e-01, 3.36380141e-01, 3.61583795e-01,
       3.61583795e-01, 3.61583795e-01, 4.39558839e-01, 4.91954454e-01,
       5.18517526e-01, 5.18517526e-01, 5.45745008e-01, 5.45745008e-01,
       6.28934261e-01, 6.56942147e-01, 7.41701514e-01, 9.13281275e-01,
       1.00000000e+00])]",0.0034512927491997,0.011287278758894,0.0029416708411541,0.0024588891071791,"[{'lambda_reg': 0.00018793710577557585, 'K_bin': 1, 'gamma': 0.011488552150191495, 'coef0': -1.5300858944384235}, {'lambda_reg': 1.480116690585812e-05, 'K_bin': 1, 'gamma': 0.0857709132799475, 'coef0': 4.140094292919073}, {'lambda_reg': 0.00023006842936028723, 'K_bin': 1, 'gamma': 0.01799091597818772, 'coef0': 2.950209214465022}, {'lambda_reg': 8.255387727822617e-05, 'K_bin': 1, 'gamma': 0.016543949055190434, 'coef0': -1.832665984132642}, {'lambda_reg': 0.0019438475885618417, 'K_bin': 1, 'gamma': 0.0015918872968313429, 'coef0': -0.5641836256281607}]",300,1,sigmoid,5
"[np.float64(0.07127281142374674), np.float64(0.06285946318531756), np.float64(0.08854866349123522), np.float64(0.051089505051606365), np.float64(0.08324487506752619)]",0.0714030636438864,0.0135635602187401,"[np.float64(0.8010829348103938), np.float64(0.8528271173856047), np.float64(0.80003500769056), np.float64(0.8298484725491087), np.float64(0.8534742660495959)]",0.8274535596970527,0.023553416089706,"[np.float64(0.9629258929363591), np.float64(0.9608880631927583), np.float64(0.9657218049232216), np.float64(0.9851745641788678), np.float64(0.9694482652279841)]",0.9688317180918382,0.0086616480237253,"[array([0.        , 0.28872502, 0.42178662, 0.45948593, 0.45948593,
       0.45948593, 0.49584455, 0.53205382, 0.53205382, 0.53205382,
       0.53205382, 0.54933867, 0.54933867, 0.58306979, 0.63308138,
       0.64961624, 0.64961624, 0.64961624, 0.68135317, 0.68135317,
       0.68135317, 0.69670542, 0.71177754, 0.72669073, 0.72669073,
       0.72669073, 0.74112262, 0.74112262, 0.74112262, 0.76876014,
       0.76876014, 0.79564218, 0.79564218, 0.79564218, 0.79564218,
       0.79564218, 0.80807139, 0.80807139, 0.82013512, 0.82013512,
       0.83172367, 0.83172367, 0.84301535, 0.84301535, 0.84301535,
       0.84301535, 0.84301535, 0.8533692 , 0.8533692 , 0.86338615,
       0.87317514, 0.88265924, 0.8920553 , 0.91043084, 0.91934551,
       0.91934551, 0.91934551, 0.91934551, 0.91934551, 0.91934551,
       0.91934551, 0.91934551, 0.91934551, 0.91934551, 0.92633425,
       0.92633425, 0.93298025, 0.93298025, 0.93298025, 0.94512148,
       0.9509097 , 0.9509097 , 0.95647887, 0.95647887, 0.95647887,
       0.95647887, 0.95647887, 0.96099194, 0.96966516, 0.97388444,
       0.97388444, 0.97388444, 0.97388444, 0.97722771, 0.97722771,
       0.97722771, 0.97722771, 0.98243693, 0.98243693, 0.98467991,
       0.98877012, 0.98877012, 0.98877012, 0.9902632 , 0.99285919,
       0.99285919, 0.99451068, 0.99580823, 0.99734348, 0.99840379,
       1.        ]), array([0.        , 0.32063138, 0.43143147, 0.49395244, 0.54040054,
       0.57113105, 0.60152361, 0.60152361, 0.61637759, 0.63105057,
       0.64562855, 0.64562855, 0.6740925 , 0.68819444, 0.70203077,
       0.71575083, 0.71575083, 0.74252175, 0.75575852, 0.75575852,
       0.76873999, 0.76873999, 0.76873999, 0.79362231, 0.80587625,
       0.80587625, 0.80587625, 0.80587625, 0.80587625, 0.80587625,
       0.81727621, 0.81727621, 0.81727621, 0.81727621, 0.82788607,
       0.83847086, 0.84884658, 0.84884658, 0.84884658, 0.85867881,
       0.85867881, 0.85867881, 0.86814478, 0.86814478, 0.86814478,
       0.87712013, 0.8858016 , 0.8858016 , 0.8858016 , 0.89400293,
       0.89400293, 0.9019054 , 0.9019054 , 0.9095671 , 0.9095671 ,
       0.9095671 , 0.9095671 , 0.9095671 , 0.91641733, 0.91641733,
       0.92300493, 0.92300493, 0.92914263, 0.92914263, 0.93503678,
       0.93503678, 0.94051501, 0.94051501, 0.94051501, 0.94560061,
       0.94560061, 0.94560061, 0.95020017, 0.95020017, 0.95020017,
       0.95020017, 0.95797606, 0.96173995, 0.96173995, 0.96526489,
       0.96526489, 0.968429  , 0.968429  , 0.9740603 , 0.9740603 ,
       0.9740603 , 0.97882522, 0.98101208, 0.98101208, 0.98286907,
       0.98286907, 0.98439042, 0.98712981, 0.99058486, 0.99058486,
       0.99231787, 0.99367958, 0.99696799, 0.99855827, 0.99911364,
       1.        ]), array([0.        , 0.42670489, 0.45914772, 0.57159651, 0.57159651,
       0.58736365, 0.60292862, 0.60292862, 0.60292862, 0.61793062,
       0.63276412, 0.63276412, 0.64738493, 0.67612424, 0.69031501,
       0.69031501, 0.70417533, 0.70417533, 0.70417533, 0.71751913,
       0.73070727, 0.74377137, 0.75664379, 0.75664379, 0.76914308,
       0.78152334, 0.78152334, 0.79368927, 0.80553366, 0.80553366,
       0.81705902, 0.82856097, 0.82856097, 0.83958703, 0.83958703,
       0.83958703, 0.83958703, 0.83958703, 0.83958703, 0.83958703,
       0.83958703, 0.83958703, 0.83958703, 0.83958703, 0.84881554,
       0.84881554, 0.8666903 , 0.88435417, 0.88435417, 0.90144577,
       0.90144577, 0.90144577, 0.9093938 , 0.91718553, 0.91718553,
       0.91718553, 0.92449813, 0.92449813, 0.93153286, 0.93153286,
       0.93813542, 0.93813542, 0.93813542, 0.93813542, 0.94411679,
       0.94999465, 0.9555915 , 0.9555915 , 0.9555915 , 0.9555915 ,
       0.9555915 , 0.96044317, 0.96982972, 0.96982972, 0.9741841 ,
       0.9741841 , 0.9741841 , 0.98190808, 0.98190808, 0.98542692,
       0.98542692, 0.98542692, 0.98542692, 0.98542692, 0.98542692,
       0.98542692, 0.98782172, 0.98782172, 0.98782172, 0.98977458,
       0.99144326, 0.99144326, 0.99290736, 0.99413214, 0.99525271,
       0.99525271, 0.99593692, 0.99593692, 0.99788299, 0.99926755,
       1.        ]), array([0.        , 0.45160786, 0.57159924, 0.62242797, 0.6392241 ,
       0.67243145, 0.72167225, 0.72167225, 0.75385712, 0.75385712,
       0.7696467 , 0.7696467 , 0.78499289, 0.80020896, 0.81533734,
       0.8302259 , 0.8302259 , 0.8302259 , 0.85887452, 0.87303812,
       0.87303812, 0.87303812, 0.87303812, 0.88650951, 0.88650951,
       0.88650951, 0.88650951, 0.88650951, 0.88650951, 0.89900098,
       0.911283  , 0.911283  , 0.911283  , 0.911283  , 0.911283  ,
       0.911283  , 0.911283  , 0.911283  , 0.911283  , 0.911283  ,
       0.92172011, 0.93199896, 0.93199896, 0.94191922, 0.94191922,
       0.94191922, 0.94191922, 0.94191922, 0.94191922, 0.94191922,
       0.94191922, 0.94191922, 0.94191922, 0.94191922, 0.94191922,
       0.94191922, 0.94191922, 0.94191922, 0.94191922, 0.9491198 ,
       0.9491198 , 0.9491198 , 0.9491198 , 0.96212711, 0.96212711,
       0.96212711, 0.96212711, 0.96212711, 0.96212711, 0.96768877,
       0.96768877, 0.96768877, 0.96768877, 0.96768877, 0.96768877,
       0.97215184, 0.97215184, 0.97215184, 0.97215184, 0.97215184,
       0.97215184, 0.97554057, 0.97554057, 0.97554057, 0.97554057,
       0.97822917, 0.98067967, 0.98297533, 0.98732112, 0.98732112,
       0.98921965, 0.99085568, 0.99085568, 0.99085568, 0.99318013,
       0.9950354 , 0.99663263, 0.99727266, 0.99773359, 0.99953912,
       1.        ]), array([0.        , 0.36936907, 0.45224882, 0.48501684, 0.50116621,
       0.50116621, 0.53303887, 0.61159083, 0.64262089, 0.64262089,
       0.65789628, 0.68806107, 0.70300869, 0.70300869, 0.70300869,
       0.70300869, 0.70300869, 0.73109637, 0.77258887, 0.78627222,
       0.78627222, 0.79963581, 0.79963581, 0.79963581, 0.79963581,
       0.79963581, 0.79963581, 0.82450016, 0.83671048, 0.84873746,
       0.84873746, 0.86036848, 0.86036848, 0.86036848, 0.87162248,
       0.87162248, 0.87162248, 0.87162248, 0.87162248, 0.87162248,
       0.87162248, 0.88166444, 0.88166444, 0.89126972, 0.89126972,
       0.89126972, 0.89126972, 0.90025638, 0.90905171, 0.90905171,
       0.91759532, 0.91759532, 0.91759532, 0.91759532, 0.91759532,
       0.91759532, 0.92507239, 0.92507239, 0.92507239, 0.92507239,
       0.92507239, 0.93832776, 0.93832776, 0.93832776, 0.93832776,
       0.9442665 , 0.9442665 , 0.9442665 , 0.949663  , 0.949663  ,
       0.95480203, 0.95480203, 0.95480203, 0.95480203, 0.95931974,
       0.96788372, 0.96788372, 0.96788372, 0.96788372, 0.97147933,
       0.9748703 , 0.98139477, 0.98139477, 0.98139477, 0.98139477,
       0.98139477, 0.98139477, 0.98841782, 0.98841782, 0.99235597,
       0.99235597, 0.99235597, 0.99235597, 0.99235597, 0.99345605,
       0.99345605, 0.99580472, 0.99645117, 0.99723135, 0.99874565,
       1.        ])]","[array([0.00000000e+00, 3.21834126e-04, 1.74887223e-03, 2.39897892e-03,
       2.39897892e-03, 2.39897892e-03, 4.07004094e-03, 5.85482344e-03,
       5.85482344e-03, 5.85482344e-03, 5.85482344e-03, 7.37149348e-03,
       7.37149348e-03, 1.10434122e-02, 1.69968528e-02, 1.90846421e-02,
       1.90846421e-02, 1.90846421e-02, 2.42751600e-02, 2.42751600e-02,
       2.42751600e-02, 2.72635180e-02, 3.04652042e-02, 3.37879129e-02,
       3.37879129e-02, 3.37879129e-02, 3.74771343e-02, 3.74771343e-02,
       3.74771343e-02, 4.57893899e-02, 4.57893899e-02, 5.46769577e-02,
       5.46769577e-02, 5.46769577e-02, 5.46769577e-02, 5.46769577e-02,
       5.98912400e-02, 5.98912400e-02, 6.53838407e-02, 6.53838407e-02,
       7.12382964e-02, 7.12382964e-02, 7.73188188e-02, 7.73188188e-02,
       7.73188188e-02, 7.73188188e-02, 7.73188188e-02, 8.41135091e-02,
       8.41135091e-02, 9.11647542e-02, 9.83895921e-02, 1.05846601e-01,
       1.13370662e-01, 1.28736001e-01, 1.36626641e-01, 1.36626641e-01,
       1.36626641e-01, 1.36626641e-01, 1.36626641e-01, 1.36626641e-01,
       1.36626641e-01, 1.36626641e-01, 1.36626641e-01, 1.36626641e-01,
       1.45983898e-01, 1.45983898e-01, 1.55602147e-01, 1.55602147e-01,
       1.55602147e-01, 1.75714976e-01, 1.85986441e-01, 1.85986441e-01,
       1.96424710e-01, 1.96424710e-01, 1.96424710e-01, 1.96424710e-01,
       1.96424710e-01, 2.07667211e-01, 2.30420963e-01, 2.41887191e-01,
       2.41887191e-01, 2.41887191e-01, 2.41887191e-01, 2.54020500e-01,
       2.54020500e-01, 2.54020500e-01, 2.54020500e-01, 2.79412125e-01,
       2.79412125e-01, 2.92383319e-01, 3.18627079e-01, 3.18627079e-01,
       3.18627079e-01, 3.32169334e-01, 3.59550950e-01, 3.59550950e-01,
       3.87651821e-01, 4.16022218e-01, 4.58890847e-01, 5.02121155e-01,
       1.00000000e+00]), array([0.00000000e+00, 8.44668596e-04, 2.67062185e-03, 4.56848568e-03,
       6.46860628e-03, 7.98832607e-03, 9.87203208e-03, 9.87203208e-03,
       1.11825466e-02, 1.26879943e-02, 1.42957654e-02, 1.42957654e-02,
       1.82566034e-02, 2.03770631e-02, 2.27836051e-02, 2.53153632e-02,
       2.53153632e-02, 3.10996203e-02, 3.41518806e-02, 3.41518806e-02,
       3.74791131e-02, 3.74791131e-02, 3.74791131e-02, 4.52974163e-02,
       4.94081994e-02, 4.94081994e-02, 4.94081994e-02, 4.94081994e-02,
       4.94081994e-02, 4.94081994e-02, 5.44387435e-02, 5.44387435e-02,
       5.44387435e-02, 5.44387435e-02, 6.03202189e-02, 6.62287087e-02,
       7.23623637e-02, 7.23623637e-02, 7.23623637e-02, 7.90813619e-02,
       7.90813619e-02, 7.90813619e-02, 8.61948390e-02, 8.61948390e-02,
       8.61948390e-02, 9.38367111e-02, 1.01795097e-01, 1.01795097e-01,
       1.01795097e-01, 1.10270599e-01, 1.10270599e-01, 1.19067975e-01,
       1.19067975e-01, 1.28124668e-01, 1.28124668e-01, 1.28124668e-01,
       1.28124668e-01, 1.28124668e-01, 1.38055325e-01, 1.38055325e-01,
       1.48268834e-01, 1.48268834e-01, 1.58966891e-01, 1.58966891e-01,
       1.69927261e-01, 1.69927261e-01, 1.81335574e-01, 1.81335574e-01,
       1.81335574e-01, 1.93166758e-01, 1.93166758e-01, 1.93166758e-01,
       2.05521420e-01, 2.05521420e-01, 2.05521420e-01, 2.05521420e-01,
       2.31763563e-01, 2.45018252e-01, 2.45018252e-01, 2.58530282e-01,
       2.58530282e-01, 2.72430940e-01, 2.72430940e-01, 3.00982840e-01,
       3.00982840e-01, 3.00982840e-01, 3.30467839e-01, 3.45421010e-01,
       3.45421010e-01, 3.60729444e-01, 3.60729444e-01, 3.76399375e-01,
       4.08065903e-01, 4.56270088e-01, 4.56270088e-01, 4.89020496e-01,
       5.22170798e-01, 6.22479796e-01, 6.90000811e-01, 7.24019555e-01,
       1.00000000e+00]), array([0.00000000e+00, 7.85168480e-04, 1.23677079e-03, 3.94915790e-03,
       3.94915790e-03, 4.64186928e-03, 5.54238603e-03, 5.54238603e-03,
       5.54238603e-03, 7.02152672e-03, 8.67386147e-03, 8.67386147e-03,
       1.05447947e-02, 1.48029564e-02, 1.71159082e-02, 1.71159082e-02,
       1.97684898e-02, 1.97684898e-02, 1.97684898e-02, 2.29519644e-02,
       2.62954287e-02, 2.97663873e-02, 3.34343534e-02, 3.34343534e-02,
       3.74858389e-02, 4.16596561e-02, 4.16596561e-02, 4.60537646e-02,
       5.07783669e-02, 5.07783669e-02, 5.58308676e-02, 6.09074364e-02,
       6.09074364e-02, 6.64731292e-02, 6.64731292e-02, 6.64731292e-02,
       6.64731292e-02, 6.64731292e-02, 6.64731292e-02, 6.64731292e-02,
       6.64731292e-02, 6.64731292e-02, 6.64731292e-02, 6.64731292e-02,
       7.38863816e-02, 7.38863816e-02, 8.93113489e-02, 1.04953066e-01,
       1.04953066e-01, 1.21182980e-01, 1.21182980e-01, 1.21182980e-01,
       1.29912338e-01, 1.38802342e-01, 1.38802342e-01, 1.38802342e-01,
       1.48184804e-01, 1.48184804e-01, 1.57852871e-01, 1.57852871e-01,
       1.67965127e-01, 1.67965127e-01, 1.67965127e-01, 1.67965127e-01,
       1.78715851e-01, 1.89572971e-01, 2.00718914e-01, 2.00718914e-01,
       2.00718914e-01, 2.00718914e-01, 2.00718914e-01, 2.12630772e-01,
       2.36780089e-01, 2.36780089e-01, 2.49203071e-01, 2.49203071e-01,
       2.49203071e-01, 2.75061210e-01, 2.75061210e-01, 2.88342982e-01,
       2.88342982e-01, 2.88342982e-01, 2.88342982e-01, 2.88342982e-01,
       2.88342982e-01, 2.88342982e-01, 3.02780055e-01, 3.02780055e-01,
       3.02780055e-01, 3.17671366e-01, 3.32854764e-01, 3.32854764e-01,
       3.48248437e-01, 3.63888078e-01, 3.79634834e-01, 3.79634834e-01,
       3.95830098e-01, 3.95830098e-01, 4.78322386e-01, 5.78290310e-01,
       1.00000000e+00]), array([0.00000000e+00, 4.82184541e-04, 2.07998296e-03, 3.31331033e-03,
       3.85947905e-03, 5.30599999e-03, 8.00048418e-03, 8.00048418e-03,
       1.03878569e-02, 1.03878569e-02, 1.18602189e-02, 1.18602189e-02,
       1.37405673e-02, 1.57406566e-02, 1.78214311e-02, 2.01228777e-02,
       2.01228777e-02, 2.01228777e-02, 2.57641796e-02, 2.87327082e-02,
       2.87327082e-02, 2.87327082e-02, 2.87327082e-02, 3.23381878e-02,
       3.23381878e-02, 3.23381878e-02, 3.23381878e-02, 3.23381878e-02,
       3.23381878e-02, 3.68453553e-02, 4.15452457e-02, 4.15452457e-02,
       4.15452457e-02, 4.15452457e-02, 4.15452457e-02, 4.15452457e-02,
       4.15452457e-02, 4.15452457e-02, 4.15452457e-02, 4.15452457e-02,
       4.79427616e-02, 5.44858973e-02, 5.44858973e-02, 6.13590011e-02,
       6.13590011e-02, 6.13590011e-02, 6.13590011e-02, 6.13590011e-02,
       6.13590011e-02, 6.13590011e-02, 6.13590011e-02, 6.13590011e-02,
       6.13590011e-02, 6.13590011e-02, 6.13590011e-02, 6.13590011e-02,
       6.13590011e-02, 6.13590011e-02, 6.13590011e-02, 7.07346496e-02,
       7.07346496e-02, 7.07346496e-02, 7.07346496e-02, 9.07685234e-02,
       9.07685234e-02, 9.07685234e-02, 9.07685234e-02, 9.07685234e-02,
       9.07685234e-02, 1.01652251e-01, 1.01652251e-01, 1.01652251e-01,
       1.01652251e-01, 1.01652251e-01, 1.01652251e-01, 1.13546860e-01,
       1.13546860e-01, 1.13546860e-01, 1.13546860e-01, 1.13546860e-01,
       1.13546860e-01, 1.26430048e-01, 1.26430048e-01, 1.26430048e-01,
       1.26430048e-01, 1.39957463e-01, 1.53703971e-01, 1.67592955e-01,
       1.95596848e-01, 1.95596848e-01, 2.09851253e-01, 2.24347214e-01,
       2.24347214e-01, 2.24347214e-01, 2.54211067e-01, 2.84506658e-01,
       3.15039683e-01, 3.30452110e-01, 3.46029356e-01, 4.56377548e-01,
       1.00000000e+00]), array([0.00000000e+00, 6.86263464e-04, 1.89055519e-03, 2.74915541e-03,
       3.40882810e-03, 3.40882810e-03, 5.14647719e-03, 1.05997249e-02,
       1.31646230e-02, 1.31646230e-02, 1.46823577e-02, 1.80967670e-02,
       1.99362975e-02, 1.99362975e-02, 1.99362975e-02, 1.99362975e-02,
       1.99362975e-02, 2.53899803e-02, 3.41978975e-02, 3.72786690e-02,
       3.72786690e-02, 4.06733656e-02, 4.06733656e-02, 4.06733656e-02,
       4.06733656e-02, 4.06733656e-02, 4.06733656e-02, 4.92916780e-02,
       5.38186396e-02, 5.85256085e-02, 5.85256085e-02, 6.36213249e-02,
       6.36213249e-02, 6.36213249e-02, 6.90871920e-02, 6.90871920e-02,
       6.90871920e-02, 6.90871920e-02, 6.90871920e-02, 6.90871920e-02,
       6.90871920e-02, 7.57430173e-02, 7.57430173e-02, 8.28275768e-02,
       8.28275768e-02, 8.28275768e-02, 8.28275768e-02, 9.05194810e-02,
       9.83992314e-02, 9.83992314e-02, 1.06526123e-01, 1.06526123e-01,
       1.06526123e-01, 1.06526123e-01, 1.06526123e-01, 1.06526123e-01,
       1.15700125e-01, 1.15700125e-01, 1.15700125e-01, 1.15700125e-01,
       1.15700125e-01, 1.35715946e-01, 1.35715946e-01, 1.35715946e-01,
       1.35715946e-01, 1.46400252e-01, 1.46400252e-01, 1.46400252e-01,
       1.57616931e-01, 1.57616931e-01, 1.69086375e-01, 1.69086375e-01,
       1.69086375e-01, 1.69086375e-01, 1.81165836e-01, 2.05787597e-01,
       2.05787597e-01, 2.05787597e-01, 2.05787597e-01, 2.18772356e-01,
       2.31958023e-01, 2.58582145e-01, 2.58582145e-01, 2.58582145e-01,
       2.58582145e-01, 2.58582145e-01, 2.58582145e-01, 3.01231645e-01,
       3.01231645e-01, 3.30394977e-01, 3.30394977e-01, 3.30394977e-01,
       3.30394977e-01, 3.30394977e-01, 3.45829801e-01, 3.45829801e-01,
       3.93068539e-01, 4.08948735e-01, 4.41212515e-01, 5.55329916e-01,
       1.00000000e+00])]",0.026280816856356,0.0069960241493788,0.0029583768250976,0.0005864838080547,"[{'lambda_reg': 0.01952307392114967, 'K_bin': 1, 'gamma': 0.01599630710348083, 'degree': 2, 'coef0': 2.2623888329447994}, {'lambda_reg': 0.00899519761886414, 'K_bin': 1, 'gamma': 0.013432006954428269, 'degree': 2, 'coef0': 0.5183986437095467}, {'lambda_reg': 0.004145811029360267, 'K_bin': 1, 'gamma': 0.021760182399861026, 'degree': 3, 'coef0': 3.5487729765191838}, {'lambda_reg': 5.715917447190745e-05, 'K_bin': 1, 'gamma': 0.0016323068822087603, 'degree': 5, 'coef0': 1.581719921360174}, {'lambda_reg': 2.2576545266800507e-05, 'K_bin': 1, 'gamma': 0.005103314056765605, 'degree': 5, 'coef0': 2.0602999708852416}]",600,1,polynomial,27
"[np.float64(0.06561926216974874), np.float64(0.06001392561862469), np.float64(0.058958430747304585), np.float64(0.11208142362715555), np.float64(0.0934569640839098)]",0.0780260012493486,0.0211651633364784,"[np.float64(0.7879727012518969), np.float64(0.7886898816358919), np.float64(0.7997799732847863), np.float64(0.7405052216520667), np.float64(0.8016535925461769)]",0.7837202740741638,0.0223151909793235,"[np.float64(0.8311535985940869), np.float64(0.9422988630016372), np.float64(0.9663942024546985), np.float64(0.8336688775181106), np.float64(0.9464640399541897)]",0.9039959163045446,0.0590188088669675,"[array([0.        , 0.01071881, 0.03210055, 0.09547334, 0.12678587,
       0.18877407, 0.23994841, 0.27017683, 0.33020098, 0.40934563,
       0.48751561, 0.49713361, 0.55469385, 0.58300208, 0.61098174,
       0.66641167, 0.6755708 , 0.68464303, 0.70249802, 0.72888811,
       0.77245871, 0.78099957, 0.78951206, 0.80630733, 0.81462453,
       0.83914873, 0.85526812, 0.86319388, 0.88671353, 0.89443983,
       0.89443983, 0.89443983, 0.89443983, 0.90168586, 0.90168586,
       0.9087492 , 0.91573223, 0.91573223, 0.92247929, 0.92247929,
       0.92247929, 0.92247929, 0.92247929, 0.92871065, 0.92871065,
       0.92871065, 0.92871065, 0.93445063, 0.93445063, 0.9399839 ,
       0.95636071, 0.96172478, 0.96699912, 0.97210755, 0.97210755,
       0.97210755, 0.97690785, 0.97690785, 0.97690785, 0.97690785,
       0.97690785, 0.97690785, 0.97690785, 0.97690785, 0.97690785,
       0.98453156, 0.98453156, 0.98453156, 0.98453156, 0.98453156,
       0.98453156, 0.98453156, 0.98453156, 0.98453156, 0.98453156,
       0.99004253, 0.99272335, 0.99272335, 0.99516596, 0.99516596,
       0.99516596, 0.99516596, 0.99516596, 0.99516596, 0.99516596,
       0.99681739, 0.99681739, 0.99681739, 0.99681739, 0.99803571,
       0.99803571, 0.99803571, 0.99892492, 0.99892492, 0.99892492,
       0.99956597, 1.        , 1.        , 1.        , 1.        ,
       1.        ]), array([0.        , 0.47774304, 0.51974603, 0.56131563, 0.60232893,
       0.62262769, 0.64267399, 0.65266232, 0.70190576, 0.71160869,
       0.75007755, 0.75956525, 0.75956525, 0.78746971, 0.79668633,
       0.8240127 , 0.8240127 , 0.8240127 , 0.8240127 , 0.8240127 ,
       0.8240127 , 0.83242259, 0.84917389, 0.87401637, 0.88219019,
       0.88219019, 0.88219019, 0.89000538, 0.90549479, 0.90549479,
       0.92049579, 0.92049579, 0.92782113, 0.92782113, 0.92782113,
       0.92782113, 0.92782113, 0.92782113, 0.93443299, 0.93443299,
       0.93443299, 0.93443299, 0.93443299, 0.93443299, 0.94041777,
       0.94041777, 0.94041777, 0.94614361, 0.94614361, 0.94614361,
       0.94614361, 0.95137339, 0.95137339, 0.95137339, 0.95137339,
       0.95137339, 0.95605914, 0.96073146, 0.96073146, 0.96073146,
       0.96504054, 0.96504054, 0.96918058, 0.96918058, 0.96918058,
       0.96918058, 0.96918058, 0.97271293, 0.97271293, 0.97271293,
       0.97591529, 0.9822531 , 0.9822531 , 0.9822531 , 0.9822531 ,
       0.98496825, 0.98496825, 0.98748732, 0.98748732, 0.98748732,
       0.98748732, 0.98953696, 0.99346617, 0.99346617, 0.99346617,
       0.99346617, 0.99346617, 0.99494657, 0.99623392, 0.99623392,
       0.99623392, 0.99727769, 0.99908072, 0.99908072, 0.99908072,
       0.99962891, 0.99962891, 0.99996425, 0.99996425, 0.99996425,
       1.        ]), array([0.        , 0.47618442, 0.62568543, 0.6679196 , 0.68886044,
       0.73033669, 0.75080318, 0.76089952, 0.76089952, 0.77077973,
       0.79044701, 0.80013943, 0.80013943, 0.80965016, 0.82840271,
       0.83768195, 0.85603098, 0.86504202, 0.87397661, 0.88284464,
       0.89159388, 0.90020559, 0.90020559, 0.90861828, 0.91692315,
       0.92516693, 0.93319522, 0.93319522, 0.93319522, 0.94092747,
       0.94092747, 0.94092747, 0.94092747, 0.94092747, 0.94092747,
       0.94092747, 0.94092747, 0.94777007, 0.94777007, 0.94777007,
       0.94777007, 0.95418109, 0.95418109, 0.95418109, 0.95418109,
       0.95418109, 0.95418109, 0.9600372 , 0.97149012, 0.97149012,
       0.97149012, 0.97149012, 0.97149012, 0.97149012, 0.97149012,
       0.97644504, 0.98129042, 0.98600329, 0.98600329, 0.98600329,
       0.98600329, 0.98600329, 0.98600329, 0.99005312, 0.99005312,
       0.99005312, 0.99005312, 0.99005312, 0.99005312, 0.99005312,
       0.99005312, 0.99005312, 0.99005312, 0.99005312, 0.99295794,
       0.99295794, 0.99295794, 0.99295794, 0.99295794, 0.99531934,
       0.99531934, 0.99531934, 0.99531934, 0.99531934, 0.99531934,
       0.99531934, 0.99531934, 0.99531934, 0.99531934, 0.99657468,
       0.99657468, 0.99657468, 0.99744457, 0.99744457, 0.99819507,
       0.99819507, 0.99866404, 0.99866404, 0.99928625, 0.99967533,
       1.        ]), array([0.        , 0.02188611, 0.09791781, 0.15152233, 0.20461827,
       0.25722535, 0.31967714, 0.37117088, 0.39160284, 0.42191059,
       0.46176892, 0.5012732 , 0.53052122, 0.54983448, 0.59755818,
       0.61642472, 0.61642472, 0.62559905, 0.64382535, 0.67972289,
       0.68860061, 0.71487902, 0.73222981, 0.74934146, 0.74934146,
       0.75769661, 0.765926  , 0.77403078, 0.78204695, 0.78204695,
       0.78977755, 0.80517422, 0.82031414, 0.82031414, 0.82759555,
       0.84203279, 0.86342205, 0.87040087, 0.8773279 , 0.89769521,
       0.89769521, 0.89769521, 0.90411175, 0.91044624, 0.91044624,
       0.91044624, 0.91044624, 0.92808836, 0.92808836, 0.92808836,
       0.93915465, 0.93915465, 0.95511499, 0.95511499, 0.95511499,
       0.95511499, 0.95511499, 0.95986181, 0.95986181, 0.95986181,
       0.95986181, 0.96426155, 0.97270644, 0.98097784, 0.98097784,
       0.98097784, 0.98097784, 0.98097784, 0.98455033, 0.98799308,
       0.98799308, 0.9912501 , 0.9912501 , 0.9912501 , 0.9912501 ,
       0.9912501 , 0.9912501 , 0.9912501 , 0.9912501 , 0.99357549,
       0.99582778, 0.99582778, 0.99788379, 0.99788379, 0.99788379,
       0.99788379, 0.99788379, 0.99788379, 0.99788379, 0.99788379,
       0.99788379, 0.99788379, 0.99881179, 0.99881179, 0.99881179,
       0.99947185, 1.        , 1.        , 1.        , 1.        ,
       1.        ]), array([0.        , 0.44777427, 0.53397512, 0.57663148, 0.64015884,
       0.66109261, 0.692073  , 0.72280458, 0.73288957, 0.74292841,
       0.74292841, 0.75267906, 0.75267906, 0.76229393, 0.78120966,
       0.78120966, 0.79966785, 0.80885941, 0.83590027, 0.83590027,
       0.83590027, 0.84461332, 0.84461332, 0.84461332, 0.84461332,
       0.84461332, 0.84461332, 0.85260415, 0.85260415, 0.85260415,
       0.85260415, 0.86015553, 0.86015553, 0.86750238, 0.86750238,
       0.86750238, 0.87457537, 0.88148869, 0.90209203, 0.92229477,
       0.92229477, 0.92229477, 0.92867396, 0.92867396, 0.92867396,
       0.94084084, 0.94675869, 0.95260586, 0.95260586, 0.95260586,
       0.95260586, 0.95260586, 0.95795972, 0.95795972, 0.95795972,
       0.95795972, 0.95795972, 0.95795972, 0.95795972, 0.96245547,
       0.96245547, 0.9668234 , 0.97106289, 0.97106289, 0.97507844,
       0.97507844, 0.97507844, 0.97507844, 0.97862851, 0.97862851,
       0.98530364, 0.98530364, 0.98839497, 0.98839497, 0.98839497,
       0.98839497, 0.99102221, 0.99102221, 0.99102221, 0.99102221,
       0.99326129, 0.99326129, 0.99734657, 0.99734657, 0.99734657,
       0.99734657, 0.99734657, 0.99734657, 0.99734657, 0.99858853,
       0.99858853, 0.99858853, 0.99858853, 0.99858853, 0.99925127,
       0.99983947, 0.99983947, 0.99983947, 0.99983947, 0.99983947,
       1.        ])]","[array([0.00000000e+00, 2.81345609e-04, 1.03267390e-03, 5.89395090e-03,
       9.58653015e-03, 1.91213836e-02, 2.86957098e-02, 3.60476065e-02,
       5.22119263e-02, 7.67601963e-02, 1.04598408e-01, 1.08595452e-01,
       1.33076509e-01, 1.46909857e-01, 1.61852257e-01, 1.93523992e-01,
       1.99069920e-01, 2.04909170e-01, 2.17564741e-01, 2.37872607e-01,
       2.73112725e-01, 2.80745552e-01, 2.88474151e-01, 3.04706732e-01,
       3.13094519e-01, 3.39700555e-01, 3.58214520e-01, 3.67923564e-01,
       3.97920374e-01, 4.08302696e-01, 4.08302696e-01, 4.08302696e-01,
       4.08302696e-01, 4.20306120e-01, 4.20306120e-01, 4.32926224e-01,
       4.45817375e-01, 4.45817375e-01, 4.59505048e-01, 4.59505048e-01,
       4.59505048e-01, 4.59505048e-01, 4.59505048e-01, 4.74933426e-01,
       4.74933426e-01, 4.74933426e-01, 4.74933426e-01, 4.92020395e-01,
       4.92020395e-01, 5.09805097e-01, 5.63911965e-01, 5.82267788e-01,
       6.00926504e-01, 6.20145237e-01, 6.20145237e-01, 6.20145237e-01,
       6.40404011e-01, 6.40404011e-01, 6.40404011e-01, 6.40404011e-01,
       6.40404011e-01, 6.40404011e-01, 6.40404011e-01, 6.40404011e-01,
       6.40404011e-01, 6.87594434e-01, 6.87594434e-01, 6.87594434e-01,
       6.87594434e-01, 6.87594434e-01, 6.87594434e-01, 6.87594434e-01,
       6.87594434e-01, 6.87594434e-01, 6.87594434e-01, 7.41916199e-01,
       7.69329114e-01, 7.69329114e-01, 7.97546081e-01, 7.97546081e-01,
       7.97546081e-01, 7.97546081e-01, 7.97546081e-01, 7.97546081e-01,
       7.97546081e-01, 8.28433635e-01, 8.28433635e-01, 8.28433635e-01,
       8.28433635e-01, 8.60783096e-01, 8.60783096e-01, 8.60783096e-01,
       8.94243450e-01, 8.94243450e-01, 8.94243450e-01, 9.28541443e-01,
       9.63538200e-01, 9.63538200e-01, 9.63538200e-01, 9.63538200e-01,
       1.00000000e+00]), array([0.        , 0.00439876, 0.00646003, 0.01008459, 0.01571573,
       0.01928121, 0.02375729, 0.02612093, 0.04045767, 0.04385076,
       0.0586599 , 0.06282937, 0.06282937, 0.07735275, 0.08250004,
       0.09910862, 0.09910862, 0.09910862, 0.09910862, 0.09910862,
       0.09910862, 0.10716583, 0.12352723, 0.14909541, 0.15800413,
       0.15800413, 0.15800413, 0.16820642, 0.18911956, 0.18911956,
       0.21179439, 0.21179439, 0.22376361, 0.22376361, 0.22376361,
       0.22376361, 0.22376361, 0.22376361, 0.23830642, 0.23830642,
       0.23830642, 0.23830642, 0.23830642, 0.23830642, 0.25511115,
       0.25511115, 0.25511115, 0.27284988, 0.27284988, 0.27284988,
       0.27284988, 0.29237795, 0.29237795, 0.29237795, 0.29237795,
       0.29237795, 0.31386839, 0.33540725, 0.33540725, 0.33540725,
       0.35825635, 0.35825635, 0.38171517, 0.38171517, 0.38171517,
       0.38171517, 0.38171517, 0.40736597, 0.40736597, 0.40736597,
       0.43420709, 0.48813066, 0.48813066, 0.48813066, 0.48813066,
       0.51672917, 0.51672917, 0.54603494, 0.54603494, 0.54603494,
       0.54603494, 0.577034  , 0.63964556, 0.63964556, 0.63964556,
       0.63964556, 0.63964556, 0.67269788, 0.70644657, 0.70644657,
       0.70644657, 0.74107384, 0.81135471, 0.81135471, 0.81135471,
       0.84776958, 0.84776958, 0.88495224, 0.88495224, 0.88495224,
       1.        ]), array([0.        , 0.00379134, 0.01166492, 0.01550631, 0.01801095,
       0.0243636 , 0.02843998, 0.03093177, 0.03093177, 0.03413969,
       0.04086413, 0.04469429, 0.04469429, 0.04912645, 0.05888176,
       0.06408095, 0.07517328, 0.0812611 , 0.08760222, 0.0941639 ,
       0.10111918, 0.10853015, 0.10853015, 0.11660054, 0.12502816,
       0.13365823, 0.14300231, 0.14300231, 0.14300231, 0.15332727,
       0.15332727, 0.15332727, 0.15332727, 0.15332727, 0.15332727,
       0.15332727, 0.15332727, 0.16659998, 0.16659998, 0.16659998,
       0.16659998, 0.18130269, 0.18130269, 0.18130269, 0.18130269,
       0.18130269, 0.18130269, 0.19784402, 0.2317859 , 0.2317859 ,
       0.2317859 , 0.2317859 , 0.2317859 , 0.2317859 , 0.2317859 ,
       0.25131324, 0.27120353, 0.29153289, 0.29153289, 0.29153289,
       0.29153289, 0.29153289, 0.29153289, 0.31405915, 0.31405915,
       0.31405915, 0.31405915, 0.31405915, 0.31405915, 0.31405915,
       0.31405915, 0.31405915, 0.31405915, 0.31405915, 0.34037925,
       0.34037925, 0.34037925, 0.34037925, 0.34037925, 0.36849997,
       0.36849997, 0.36849997, 0.36849997, 0.36849997, 0.36849997,
       0.36849997, 0.36849997, 0.36849997, 0.36849997, 0.40028545,
       0.40028545, 0.40028545, 0.43334812, 0.43334812, 0.46680634,
       0.46680634, 0.50119742, 0.50119742, 0.57102568, 0.64162637,
       1.        ]), array([0.00000000e+00, 4.72645629e-04, 3.89439504e-03, 8.52224400e-03,
       1.47280377e-02, 2.24505907e-02, 3.38172345e-02, 4.49940654e-02,
       4.99784027e-02, 5.85103723e-02, 7.15990196e-02, 8.57861692e-02,
       9.76061098e-02, 1.06061367e-01, 1.28935254e-01, 1.38776499e-01,
       1.38776499e-01, 1.44500527e-01, 1.56328221e-01, 1.81705771e-01,
       1.88350060e-01, 2.09383619e-01, 2.23927704e-01, 2.39213740e-01,
       2.39213740e-01, 2.47479390e-01, 2.56135216e-01, 2.65177688e-01,
       2.74495050e-01, 2.74495050e-01, 2.84698462e-01, 3.05305458e-01,
       3.26709075e-01, 3.26709075e-01, 3.38306126e-01, 3.61889886e-01,
       3.98092720e-01, 4.10628600e-01, 4.23325181e-01, 4.62698733e-01,
       4.62698733e-01, 4.62698733e-01, 4.76979183e-01, 4.91514201e-01,
       4.91514201e-01, 4.91514201e-01, 4.91514201e-01, 5.39343015e-01,
       5.39343015e-01, 5.39343015e-01, 5.73385618e-01, 5.73385618e-01,
       6.26432384e-01, 6.26432384e-01, 6.26432384e-01, 6.26432384e-01,
       6.26432384e-01, 6.45893370e-01, 6.45893370e-01, 6.45893370e-01,
       6.45893370e-01, 6.66431196e-01, 7.08607044e-01, 7.51321162e-01,
       7.51321162e-01, 7.51321162e-01, 7.51321162e-01, 7.51321162e-01,
       7.74425667e-01, 7.97932670e-01, 7.97932670e-01, 8.22015985e-01,
       8.22015985e-01, 8.22015985e-01, 8.22015985e-01, 8.22015985e-01,
       8.22015985e-01, 8.22015985e-01, 8.22015985e-01, 8.48989767e-01,
       8.76190343e-01, 8.76190343e-01, 9.03999933e-01, 9.03999933e-01,
       9.03999933e-01, 9.03999933e-01, 9.03999933e-01, 9.03999933e-01,
       9.03999933e-01, 9.03999933e-01, 9.03999933e-01, 9.03999933e-01,
       9.35309329e-01, 9.35309329e-01, 9.35309329e-01, 9.67450030e-01,
       1.00000000e+00, 1.00000000e+00, 1.00000000e+00, 1.00000000e+00,
       1.00000000e+00]), array([0.        , 0.00277089, 0.00704757, 0.01060419, 0.01739931,
       0.02043733, 0.02633664, 0.03303061, 0.03576936, 0.03865551,
       0.03865551, 0.04246209, 0.04246209, 0.04670233, 0.05618575,
       0.05618575, 0.06713049, 0.07272274, 0.09120444, 0.09120444,
       0.09120444, 0.098325  , 0.098325  , 0.098325  , 0.098325  ,
       0.098325  , 0.098325  , 0.10775227, 0.10775227, 0.10775227,
       0.10775227, 0.11858305, 0.11858305, 0.13006711, 0.13006711,
       0.13006711, 0.14242584, 0.15529454, 0.19433698, 0.23465891,
       0.23465891, 0.23465891, 0.24923355, 0.24923355, 0.24923355,
       0.28027203, 0.29632013, 0.31259399, 0.31259399, 0.31259399,
       0.31259399, 0.31259399, 0.33044344, 0.33044344, 0.33044344,
       0.33044344, 0.33044344, 0.33044344, 0.33044344, 0.35103359,
       0.35103359, 0.37203198, 0.39344057, 0.39344057, 0.41556444,
       0.41556444, 0.41556444, 0.41556444, 0.43917497, 0.43917497,
       0.48775348, 0.48775348, 0.51282917, 0.51282917, 0.51282917,
       0.51282917, 0.53938714, 0.53938714, 0.53938714, 0.53938714,
       0.56718484, 0.56718484, 0.62403503, 0.62403503, 0.62403503,
       0.62403503, 0.62403503, 0.62403503, 0.62403503, 0.65501743,
       0.65501743, 0.65501743, 0.65501743, 0.65501743, 0.68784976,
       0.72092019, 0.72092019, 0.72092019, 0.72092019, 0.72092019,
       1.        ])]",0.0220474367109223,0.014893949342542,0.0138513121444141,0.0082658304879075,"[{'lambda_reg': 0.0037665188578433705, 'K_bin': 1, 'gamma': 0.21180030643807393, 'coef0': -3.872097502701768}, {'lambda_reg': 4.124273503448862e-05, 'K_bin': 1, 'gamma': 0.044827004895273616, 'coef0': 1.297921743067585}, {'lambda_reg': 1.674862758267559e-05, 'K_bin': 1, 'gamma': 0.13067584657012915, 'coef0': -2.1919221353725584}, {'lambda_reg': 0.0005287434956220561, 'K_bin': 1, 'gamma': 0.004531702045194857, 'coef0': -1.119149140294733}, {'lambda_reg': 1.067993062226402e-05, 'K_bin': 1, 'gamma': 0.09169137815781346, 'coef0': -1.712131988025832}]",600,3,sigmoid,40
"[np.float64(0.048565134733027086), np.float64(0.06574741797853835), np.float64(0.061906026457905744), np.float64(0.08965182697618249), np.float64(0.1015194670502871)]",0.0734779746391881,0.0192989112607132,"[np.float64(0.7995986585939863), np.float64(0.7960697755834766), np.float64(0.7994711662696685), np.float64(0.7732043238357725), np.float64(0.784934257266233)]",0.7906556363098274,0.0102399863803607,"[np.float64(0.9450839718941874), np.float64(0.9288323681345), np.float64(0.9463255145725417), np.float64(0.9525200387814142), np.float64(0.9237740268464325)]",0.9393071840458151,0.0110291297249438,"[array([0.        , 0.45645817, 0.56163207, 0.61367441, 0.65493887,
       0.65493887, 0.65493887, 0.65493887, 0.69443899, 0.71389236,
       0.75248632, 0.77156998, 0.79044357, 0.79981625, 0.80908794,
       0.80908794, 0.80908794, 0.80908794, 0.80908794, 0.81781156,
       0.83492766, 0.83492766, 0.85158236, 0.85985557, 0.86797797,
       0.88406097, 0.88406097, 0.88406097, 0.89179984, 0.89945424,
       0.90700359, 0.914409  , 0.92174203, 0.92896841, 0.93607125,
       0.93607125, 0.93607125, 0.93607125, 0.94273647, 0.94928842,
       0.94928842, 0.95562521, 0.95562521, 0.95562521, 0.96169451,
       0.96169451, 0.96169451, 0.96169451, 0.96169451, 0.96169451,
       0.96705846, 0.96705846, 0.96705846, 0.96705846, 0.96705846,
       0.96705846, 0.96705846, 0.96705846, 0.96705846, 0.96705846,
       0.96705846, 0.97130586, 0.97130586, 0.97532279, 0.97532279,
       0.98296673, 0.98296673, 0.98296673, 0.98643117, 0.98643117,
       0.98643117, 0.98958181, 0.98958181, 0.98958181, 0.98958181,
       0.98958181, 0.98958181, 0.98958181, 0.98958181, 0.98958181,
       0.98958181, 0.98958181, 0.98958181, 0.99149707, 0.99322273,
       0.99491661, 0.99491661, 0.99491661, 0.99491661, 0.99491661,
       0.99491661, 0.99796871, 0.99796871, 0.99796871, 0.99796871,
       0.9985621 , 0.9985621 , 0.99893134, 0.99945295, 0.99982023,
       1.        ]), array([0.        , 0.40738618, 0.47097861, 0.53394192, 0.56506965,
       0.59579343, 0.60593014, 0.6259993 , 0.65588121, 0.67552696,
       0.68531177, 0.70455851, 0.70455851, 0.72328405, 0.73256741,
       0.76945233, 0.77855997, 0.78750601, 0.80527476, 0.80527476,
       0.8138875 , 0.82246121, 0.82246121, 0.83077775, 0.83898468,
       0.83898468, 0.83898468, 0.85480443, 0.85480443, 0.85480443,
       0.86243503, 0.86988664, 0.86988664, 0.8844745 , 0.89157609,
       0.89861763, 0.91952909, 0.92639772, 0.92639772, 0.92639772,
       0.93292794, 0.93292794, 0.93924612, 0.93924612, 0.94528678,
       0.94528678, 0.94528678, 0.94528678, 0.94528678, 0.94528678,
       0.94528678, 0.94528678, 0.94528678, 0.95035655, 0.95539774,
       0.9603182 , 0.9603182 , 0.9603182 , 0.9603182 , 0.964789  ,
       0.964789  , 0.964789  , 0.964789  , 0.96882362, 0.97271226,
       0.97271226, 0.97271226, 0.97626501, 0.97626501, 0.97626501,
       0.97958822, 0.9890481 , 0.9890481 , 0.9890481 , 0.9890481 ,
       0.9890481 , 0.9890481 , 0.9890481 , 0.99145592, 0.99145592,
       0.99145592, 0.99145592, 0.99343399, 0.99343399, 0.99524806,
       0.99524806, 0.99524806, 0.99524806, 0.99659418, 0.99659418,
       0.99659418, 0.99659418, 0.99659418, 0.99817451, 0.9988272 ,
       0.99940008, 0.99984314, 0.99984314, 0.99984314, 0.99984314,
       1.        ]), array([0.        , 0.40194991, 0.52020809, 0.60527995, 0.62633821,
       0.63678001, 0.66771707, 0.68807864, 0.70828581, 0.70828581,
       0.71818949, 0.74754867, 0.75718763, 0.7858009 , 0.7858009 ,
       0.7858009 , 0.8042669 , 0.81333953, 0.82229649, 0.82229649,
       0.83109977, 0.83977599, 0.84834194, 0.87364781, 0.87364781,
       0.87364781, 0.87364781, 0.87364781, 0.8895169 , 0.8895169 ,
       0.90485166, 0.90485166, 0.91228268, 0.91228268, 0.91228268,
       0.91228268, 0.91934095, 0.91934095, 0.92615958, 0.92615958,
       0.92615958, 0.93912917, 0.93912917, 0.94536907, 0.94536907,
       0.94536907, 0.95134378, 0.95719529, 0.95719529, 0.95719529,
       0.95719529, 0.95719529, 0.96253477, 0.96775554, 0.96775554,
       0.96775554, 0.96775554, 0.96775554, 0.97240348, 0.9769206 ,
       0.9769206 , 0.9769206 , 0.9769206 , 0.9769206 , 0.9769206 ,
       0.98084729, 0.98084729, 0.98084729, 0.98084729, 0.98425492,
       0.98425492, 0.98425492, 0.98425492, 0.98425492, 0.98718719,
       0.98997948, 0.99261043, 0.99261043, 0.99261043, 0.99261043,
       0.99261043, 0.99261043, 0.99463811, 0.99463811, 0.99463811,
       0.99463811, 0.99463811, 0.99607413, 0.99607413, 0.99607413,
       0.99607413, 0.99714506, 0.99714506, 0.99797863, 0.99797863,
       0.99797863, 0.99797863, 0.99901532, 0.9992462 , 0.99971481,
       1.        ]), array([0.        , 0.41339308, 0.527168  , 0.56088882, 0.58317544,
       0.60526097, 0.6488915 , 0.6488915 , 0.67029431, 0.70200977,
       0.71246997, 0.7331339 , 0.74334515, 0.76351952, 0.77346612,
       0.79319286, 0.80290883, 0.8124822 , 0.82197113, 0.83131852,
       0.83131852, 0.84045207, 0.84045207, 0.84045207, 0.84925598,
       0.85790844, 0.85790844, 0.87490023, 0.87490023, 0.87490023,
       0.89118442, 0.89914201, 0.90700552, 0.90700552, 0.92238037,
       0.92238037, 0.92238037, 0.92238037, 0.92238037, 0.92238037,
       0.93631916, 0.93631916, 0.93631916, 0.93631916, 0.94284378,
       0.94925344, 0.94925344, 0.96164277, 0.9737351 , 0.9737351 ,
       0.9737351 , 0.9737351 , 0.9737351 , 0.9737351 , 0.9737351 ,
       0.9737351 , 0.9737351 , 0.97871093, 0.97871093, 0.97871093,
       0.97871093, 0.97871093, 0.97871093, 0.97871093, 0.97871093,
       0.97871093, 0.97871093, 0.97871093, 0.97871093, 0.97871093,
       0.97871093, 0.97871093, 0.97871093, 0.97871093, 0.97871093,
       0.97871093, 0.97871093, 0.9813971 , 0.9813971 , 0.9813971 ,
       0.9813971 , 0.9813971 , 0.98358079, 0.985613  , 0.98749841,
       0.98749841, 0.98913626, 0.98913626, 0.99060954, 0.99060954,
       0.9930681 , 0.9930681 , 0.99410464, 0.99491933, 0.99491933,
       0.99557731, 0.997164  , 0.99870801, 0.9989853 , 0.9998268 ,
       1.        ]), array([0.        , 0.36964105, 0.47704589, 0.49832084, 0.5825837 ,
       0.5825837 , 0.60322246, 0.60322246, 0.60322246, 0.63329765,
       0.63329765, 0.67236404, 0.69171262, 0.69171262, 0.70116778,
       0.71047835, 0.7473551 , 0.75644961, 0.76545393, 0.79225471,
       0.79225471, 0.8009345 , 0.80950393, 0.81792577, 0.8262392 ,
       0.8262392 , 0.8262392 , 0.8262392 , 0.8262392 , 0.83406012,
       0.849431  , 0.86461067, 0.87210647, 0.87947966, 0.87947966,
       0.89373579, 0.90075074, 0.90771343, 0.90771343, 0.91446778,
       0.91446778, 0.92096034, 0.92731873, 0.93354508, 0.95198611,
       0.95198611, 0.95198611, 0.95198611, 0.95198611, 0.95755512,
       0.95755512, 0.95755512, 0.95755512, 0.95755512, 0.95755512,
       0.95755512, 0.95755512, 0.95755512, 0.95755512, 0.95755512,
       0.96198503, 0.97491855, 0.97491855, 0.97491855, 0.98296709,
       0.98296709, 0.98296709, 0.98296709, 0.98296709, 0.98296709,
       0.98296709, 0.98296709, 0.98922895, 0.98922895, 0.98922895,
       0.98922895, 0.99186597, 0.99445465, 0.99445465, 0.99445465,
       0.99445465, 0.99445465, 0.99445465, 0.99635606, 0.99635606,
       0.99807462, 0.99807462, 0.99807462, 0.99807462, 0.99807462,
       0.99807462, 0.99807462, 0.99807462, 0.99807462, 0.99882896,
       0.99940073, 0.99940073, 0.99940073, 0.9996624 , 0.9997959 ,
       1.        ])]","[array([0.        , 0.00845314, 0.01391033, 0.01858083, 0.02363444,
       0.02363444, 0.02363444, 0.02363444, 0.03497908, 0.0417093 ,
       0.05628502, 0.06433348, 0.07313101, 0.07775838, 0.08274583,
       0.08274583, 0.08274583, 0.08274583, 0.08274583, 0.08968754,
       0.1047517 , 0.1047517 , 0.12146103, 0.13000874, 0.1390942 ,
       0.15784201, 0.15784201, 0.15784201, 0.16829501, 0.1790492 ,
       0.19017794, 0.20181993, 0.21372003, 0.22600035, 0.23872122,
       0.23872122, 0.23872122, 0.23872122, 0.2530025 , 0.26768765,
       0.26768765, 0.28313999, 0.28313999, 0.28313999, 0.29954611,
       0.29954611, 0.29954611, 0.29954611, 0.29954611, 0.29954611,
       0.31846723, 0.31846723, 0.31846723, 0.31846723, 0.31846723,
       0.31846723, 0.31846723, 0.31846723, 0.31846723, 0.31846723,
       0.31846723, 0.34136966, 0.34136966, 0.36509383, 0.36509383,
       0.41393251, 0.41393251, 0.41393251, 0.43962668, 0.43962668,
       0.43962668, 0.46643976, 0.46643976, 0.46643976, 0.46643976,
       0.46643976, 0.46643976, 0.46643976, 0.46643976, 0.46643976,
       0.46643976, 0.46643976, 0.46643976, 0.49765779, 0.52955185,
       0.56155927, 0.56155927, 0.56155927, 0.56155927, 0.56155927,
       0.56155927, 0.66481808, 0.66481808, 0.66481808, 0.66481808,
       0.70074945, 0.70074945, 0.73748007, 0.81171459, 0.88649941,
       1.        ]), array([0.        , 0.00421485, 0.00740044, 0.01275281, 0.01664798,
       0.02193441, 0.02405665, 0.02900459, 0.03719054, 0.04359681,
       0.04693102, 0.05471154, 0.05471154, 0.06428712, 0.06934844,
       0.09044955, 0.09611604, 0.10233912, 0.11521005, 0.11521005,
       0.12258108, 0.13008652, 0.13008652, 0.1384777 , 0.14724638,
       0.14724638, 0.14724638, 0.16682993, 0.16682993, 0.16682993,
       0.1775836 , 0.18895372, 0.18895372, 0.21278013, 0.22535575,
       0.23813824, 0.27721978, 0.29059777, 0.29059777, 0.29059777,
       0.3051413 , 0.3051413 , 0.32041512, 0.32041512, 0.33664478,
       0.33664478, 0.33664478, 0.33664478, 0.33664478, 0.33664478,
       0.33664478, 0.33664478, 0.33664478, 0.35621832, 0.3758903 ,
       0.3959781 , 0.3959781 , 0.3959781 , 0.3959781 , 0.41761459,
       0.41761459, 0.41761459, 0.41761459, 0.44075334, 0.46439487,
       0.46439487, 0.46439487, 0.48919327, 0.48919327, 0.48919327,
       0.51478222, 0.59330476, 0.59330476, 0.59330476, 0.59330476,
       0.59330476, 0.59330476, 0.59330476, 0.62204646, 0.62204646,
       0.62204646, 0.62204646, 0.65226831, 0.65226831, 0.68305497,
       0.68305497, 0.68305497, 0.68305497, 0.71545334, 0.71545334,
       0.71545334, 0.71545334, 0.71545334, 0.78407963, 0.81886629,
       0.8539278 , 0.88943644, 0.88943644, 0.88943644, 0.88943644,
       1.        ]), array([0.        , 0.00570401, 0.0114097 , 0.01857891, 0.02104908,
       0.0225665 , 0.02837406, 0.03309643, 0.03831789, 0.03831789,
       0.04157486, 0.05248315, 0.05659587, 0.06991546, 0.06991546,
       0.06991546, 0.08076549, 0.08670894, 0.09302633, 0.09302633,
       0.09984049, 0.10706539, 0.11464674, 0.13865797, 0.13865797,
       0.13865797, 0.13865797, 0.13865797, 0.15790293, 0.15790293,
       0.17887517, 0.17887517, 0.19012539, 0.19012539, 0.19012539,
       0.19012539, 0.20258054, 0.20258054, 0.21581038, 0.21581038,
       0.21581038, 0.24442837, 0.24442837, 0.25952904, 0.25952904,
       0.25952904, 0.27548698, 0.29184316, 0.29184316, 0.29184316,
       0.29184316, 0.29184316, 0.30985457, 0.3282497 , 0.3282497 ,
       0.3282497 , 0.3282497 , 0.3282497 , 0.34849663, 0.36916642,
       0.36916642, 0.36916642, 0.36916642, 0.36916642, 0.36916642,
       0.39174489, 0.39174489, 0.39174489, 0.39174489, 0.41600127,
       0.41600127, 0.41600127, 0.41600127, 0.41600127, 0.44179434,
       0.46803992, 0.49480703, 0.49480703, 0.49480703, 0.49480703,
       0.49480703, 0.49480703, 0.52352431, 0.52352431, 0.52352431,
       0.52352431, 0.52352431, 0.55415422, 0.55415422, 0.55415422,
       0.55415422, 0.58596435, 0.58596435, 0.61854175, 0.61854175,
       0.61854175, 0.61854175, 0.72100667, 0.75553236, 0.85983369,
       1.        ]), array([0.        , 0.00455075, 0.00856755, 0.01084518, 0.01286888,
       0.01541654, 0.02192021, 0.02192021, 0.0262467 , 0.03374935,
       0.03654107, 0.04279274, 0.04623309, 0.05376033, 0.05789025,
       0.06658381, 0.07131463, 0.07641701, 0.08173941, 0.08743057,
       0.08743057, 0.09367891, 0.09367891, 0.09367891, 0.10078614,
       0.10828799, 0.10828799, 0.12410753, 0.12410753, 0.12410753,
       0.14177076, 0.15108311, 0.16064058, 0.16064058, 0.18067311,
       0.18067311, 0.18067311, 0.18067311, 0.18067311, 0.18067311,
       0.20444735, 0.20444735, 0.20444735, 0.20444735, 0.21749334,
       0.23083887, 0.23083887, 0.25865026, 0.28723551, 0.28723551,
       0.28723551, 0.28723551, 0.28723551, 0.28723551, 0.28723551,
       0.28723551, 0.28723551, 0.30431693, 0.30431693, 0.30431693,
       0.30431693, 0.30431693, 0.30431693, 0.30431693, 0.30431693,
       0.30431693, 0.30431693, 0.30431693, 0.30431693, 0.30431693,
       0.30431693, 0.30431693, 0.30431693, 0.30431693, 0.30431693,
       0.30431693, 0.30431693, 0.32736413, 0.32736413, 0.32736413,
       0.32736413, 0.32736413, 0.35172053, 0.37647166, 0.40160525,
       0.40160525, 0.42738389, 0.42738389, 0.4535913 , 0.4535913 ,
       0.50727763, 0.50727763, 0.534623  , 0.56254639, 0.56254639,
       0.5908781 , 0.67688222, 0.79304365, 0.82236725, 0.94035909,
       1.        ]), array([0.        , 0.00444168, 0.00999125, 0.01176687, 0.02157383,
       0.02157383, 0.02540522, 0.02540522, 0.02540522, 0.03400543,
       0.03400543, 0.04881318, 0.05681359, 0.05681359, 0.06152189,
       0.06669743, 0.08858069, 0.09445439, 0.10061953, 0.11980054,
       0.11980054, 0.12701434, 0.13458477, 0.14263211, 0.15102976,
       0.15102976, 0.15102976, 0.15102976, 0.15102976, 0.16101888,
       0.1818727 , 0.20334441, 0.21438412, 0.22582001, 0.22582001,
       0.250276  , 0.2628695 , 0.2756319 , 0.2756319 , 0.28906749,
       0.28906749, 0.30334903, 0.31806414, 0.33320589, 0.3794003 ,
       0.3794003 , 0.3794003 , 0.3794003 , 0.3794003 , 0.39666619,
       0.39666619, 0.39666619, 0.39666619, 0.39666619, 0.39666619,
       0.39666619, 0.39666619, 0.39666619, 0.39666619, 0.39666619,
       0.4176129 , 0.48160408, 0.48160408, 0.48160408, 0.52611904,
       0.52611904, 0.52611904, 0.52611904, 0.52611904, 0.52611904,
       0.52611904, 0.52611904, 0.57640744, 0.57640744, 0.57640744,
       0.57640744, 0.60314763, 0.63004404, 0.63004404, 0.63004404,
       0.63004404, 0.63004404, 0.63004404, 0.65916123, 0.65916123,
       0.6888693 , 0.6888693 , 0.6888693 , 0.6888693 , 0.6888693 ,
       0.6888693 , 0.6888693 , 0.6888693 , 0.6888693 , 0.72169315,
       0.7551069 , 0.7551069 , 0.7551069 , 0.78952272, 0.82435269,
       1.        ])]",0.0289174983526917,0.0075486380382714,0.0100155633016736,0.0024204367542972,"[{'lambda_reg': 0.0005675068284566937, 'K_bin': 1, 'gamma': 0.0011122914714535304}, {'lambda_reg': 0.007024135363074058, 'K_bin': 1, 'gamma': 0.01924968789497284}, {'lambda_reg': 0.015167809962808261, 'K_bin': 1, 'gamma': 0.03613885136290168}, {'lambda_reg': 0.07302316443562752, 'K_bin': 1, 'gamma': 0.2942504465828259}, {'lambda_reg': 0.009685110887763762, 'K_bin': 1, 'gamma': 0.028485410989970233}]",600,3,laplacian,37
"[np.float64(0.24517146819731397), np.float64(0.1817153012294128), np.float64(0.32148124041412257), np.float64(0.23702375288696895), np.float64(0.28190876448680974)]",0.2534601054429256,0.0467383635326126,"[np.float64(0.44738432613300955), np.float64(0.38827752381242775), np.float64(0.4849276143250114), np.float64(0.3174829193408103), np.float64(0.34998368485547804)]",0.3976112136933474,0.061445194062746,"[np.float64(0.532549944257281), np.float64(0.5318757422005013), np.float64(0.5290915147380193), np.float64(0.5358116792925947), np.float64(0.5295893372545274)]",0.5317836435485848,0.0024034686824533,"[array([0.        , 0.        , 0.        , 0.        , 0.        ,
       0.        , 0.        , 0.        , 0.        , 0.        ,
       0.        , 0.        , 0.        , 0.        , 0.        ,
       0.        , 0.        , 0.        , 0.        , 0.        ,
       0.        , 0.        , 0.        , 0.        , 0.        ,
       0.        , 0.        , 0.        , 0.        , 0.        ,
       0.        , 0.        , 0.        , 0.        , 0.        ,
       0.        , 0.        , 0.        , 0.        , 0.        ,
       0.        , 0.        , 0.        , 0.        , 0.01937741,
       0.05729339, 0.09425992, 0.09425992, 0.1659666 , 0.20087668,
       0.37201615, 0.52356325, 0.67197438, 0.72035684, 0.84688204,
       0.92422925, 0.9850842 , 1.        , 1.        , 1.        ,
       1.        , 1.        , 1.        , 1.        , 1.        ,
       1.        , 1.        , 1.        , 1.        , 1.        ,
       1.        , 1.        , 1.        , 1.        , 1.        ,
       1.        , 1.        , 1.        , 1.        , 1.        ,
       1.        , 1.        , 1.        , 1.        , 1.        ,
       1.        , 1.        , 1.        , 1.        , 1.        ,
       1.        , 1.        , 1.        , 1.        , 1.        ,
       1.        , 1.        , 1.        , 1.        , 1.        ,
       1.        ]), array([0.        , 0.        , 0.        , 0.        , 0.        ,
       0.        , 0.        , 0.        , 0.        , 0.        ,
       0.        , 0.        , 0.        , 0.        , 0.        ,
       0.        , 0.        , 0.        , 0.        , 0.        ,
       0.        , 0.        , 0.        , 0.        , 0.        ,
       0.        , 0.        , 0.        , 0.        , 0.        ,
       0.        , 0.        , 0.        , 0.        , 0.        ,
       0.        , 0.        , 0.        , 0.        , 0.        ,
       0.        , 0.01976177, 0.01976177, 0.01976177, 0.01976177,
       0.01976177, 0.03787583, 0.12707616, 0.30139023, 0.43837237,
       0.58943789, 0.70455093, 0.7852897 , 0.84883299, 0.94132595,
       0.94132595, 0.98567317, 1.        , 1.        , 1.        ,
       1.        , 1.        , 1.        , 1.        , 1.        ,
       1.        , 1.        , 1.        , 1.        , 1.        ,
       1.        , 1.        , 1.        , 1.        , 1.        ,
       1.        , 1.        , 1.        , 1.        , 1.        ,
       1.        , 1.        , 1.        , 1.        , 1.        ,
       1.        , 1.        , 1.        , 1.        , 1.        ,
       1.        , 1.        , 1.        , 1.        , 1.        ,
       1.        , 1.        , 1.        , 1.        , 1.        ,
       1.        ]), array([0.        , 0.        , 0.        , 0.        , 0.        ,
       0.        , 0.        , 0.        , 0.        , 0.        ,
       0.        , 0.        , 0.        , 0.        , 0.        ,
       0.        , 0.        , 0.        , 0.        , 0.        ,
       0.        , 0.        , 0.        , 0.        , 0.        ,
       0.        , 0.        , 0.        , 0.        , 0.        ,
       0.        , 0.        , 0.        , 0.        , 0.        ,
       0.        , 0.        , 0.        , 0.        , 0.        ,
       0.        , 0.        , 0.0191546 , 0.0191546 , 0.0562945 ,
       0.07451924, 0.12842202, 0.16357737, 0.23240936, 0.40276531,
       0.6029181 , 0.73375551, 0.86187112, 0.90904577, 0.97048617,
       0.98542842, 1.        , 1.        , 1.        , 1.        ,
       1.        , 1.        , 1.        , 1.        , 1.        ,
       1.        , 1.        , 1.        , 1.        , 1.        ,
       1.        , 1.        , 1.        , 1.        , 1.        ,
       1.        , 1.        , 1.        , 1.        , 1.        ,
       1.        , 1.        , 1.        , 1.        , 1.        ,
       1.        , 1.        , 1.        , 1.        , 1.        ,
       1.        , 1.        , 1.        , 1.        , 1.        ,
       1.        , 1.        , 1.        , 1.        , 1.        ,
       1.        ]), array([0.        , 0.        , 0.        , 0.        , 0.        ,
       0.        , 0.        , 0.        , 0.        , 0.        ,
       0.        , 0.        , 0.        , 0.        , 0.        ,
       0.        , 0.        , 0.        , 0.        , 0.        ,
       0.        , 0.        , 0.        , 0.        , 0.        ,
       0.        , 0.        , 0.        , 0.        , 0.        ,
       0.        , 0.        , 0.        , 0.        , 0.        ,
       0.        , 0.        , 0.        , 0.        , 0.        ,
       0.        , 0.        , 0.        , 0.03812379, 0.07551999,
       0.11251311, 0.16685472, 0.20224789, 0.30646387, 0.40831546,
       0.54208897, 0.656821  , 0.72091833, 0.86291047, 0.97074976,
       0.97074976, 0.98555911, 1.        , 1.        , 1.        ,
       1.        , 1.        , 1.        , 1.        , 1.        ,
       1.        , 1.        , 1.        , 1.        , 1.        ,
       1.        , 1.        , 1.        , 1.        , 1.        ,
       1.        , 1.        , 1.        , 1.        , 1.        ,
       1.        , 1.        , 1.        , 1.        , 1.        ,
       1.        , 1.        , 1.        , 1.        , 1.        ,
       1.        , 1.        , 1.        , 1.        , 1.        ,
       1.        , 1.        , 1.        , 1.        , 1.        ,
       1.        ]), array([0.        , 0.        , 0.        , 0.        , 0.        ,
       0.        , 0.        , 0.        , 0.        , 0.        ,
       0.        , 0.        , 0.        , 0.        , 0.        ,
       0.        , 0.        , 0.        , 0.        , 0.        ,
       0.        , 0.        , 0.        , 0.        , 0.        ,
       0.        , 0.        , 0.        , 0.        , 0.        ,
       0.        , 0.        , 0.        , 0.        , 0.        ,
       0.        , 0.        , 0.        , 0.        , 0.        ,
       0.        , 0.        , 0.        , 0.0191662 , 0.03777226,
       0.03777226, 0.05592262, 0.12728405, 0.2489374 , 0.41967541,
       0.63689715, 0.73524352, 0.8157389 , 0.87896417, 0.92508515,
       0.9853973 , 1.        , 1.        , 1.        , 1.        ,
       1.        , 1.        , 1.        , 1.        , 1.        ,
       1.        , 1.        , 1.        , 1.        , 1.        ,
       1.        , 1.        , 1.        , 1.        , 1.        ,
       1.        , 1.        , 1.        , 1.        , 1.        ,
       1.        , 1.        , 1.        , 1.        , 1.        ,
       1.        , 1.        , 1.        , 1.        , 1.        ,
       1.        , 1.        , 1.        , 1.        , 1.        ,
       1.        , 1.        , 1.        , 1.        , 1.        ,
       1.        ])]","[array([0.        , 0.        , 0.        , 0.        , 0.        ,
       0.        , 0.        , 0.        , 0.        , 0.        ,
       0.        , 0.        , 0.        , 0.        , 0.        ,
       0.        , 0.        , 0.        , 0.        , 0.        ,
       0.        , 0.        , 0.        , 0.        , 0.        ,
       0.        , 0.        , 0.        , 0.        , 0.        ,
       0.        , 0.        , 0.        , 0.        , 0.        ,
       0.        , 0.        , 0.        , 0.        , 0.        ,
       0.        , 0.        , 0.        , 0.        , 0.01406261,
       0.04299365, 0.07283677, 0.07283677, 0.13466178, 0.16648041,
       0.32885031, 0.4773641 , 0.62889044, 0.68044432, 0.82031785,
       0.90940172, 0.98165137, 1.        , 1.        , 1.        ,
       1.        , 1.        , 1.        , 1.        , 1.        ,
       1.        , 1.        , 1.        , 1.        , 1.        ,
       1.        , 1.        , 1.        , 1.        , 1.        ,
       1.        , 1.        , 1.        , 1.        , 1.        ,
       1.        , 1.        , 1.        , 1.        , 1.        ,
       1.        , 1.        , 1.        , 1.        , 1.        ,
       1.        , 1.        , 1.        , 1.        , 1.        ,
       1.        , 1.        , 1.        , 1.        , 1.        ,
       1.        ]), array([0.        , 0.        , 0.        , 0.        , 0.        ,
       0.        , 0.        , 0.        , 0.        , 0.        ,
       0.        , 0.        , 0.        , 0.        , 0.        ,
       0.        , 0.        , 0.        , 0.        , 0.        ,
       0.        , 0.        , 0.        , 0.        , 0.        ,
       0.        , 0.        , 0.        , 0.        , 0.        ,
       0.        , 0.        , 0.        , 0.        , 0.        ,
       0.        , 0.        , 0.        , 0.        , 0.        ,
       0.        , 0.01355179, 0.01355179, 0.01355179, 0.01355179,
       0.01355179, 0.02876182, 0.10619069, 0.26516111, 0.39482233,
       0.54375   , 0.66198021, 0.74792469, 0.81773468, 0.92528966,
       0.92528966, 0.98097855, 1.        , 1.        , 1.        ,
       1.        , 1.        , 1.        , 1.        , 1.        ,
       1.        , 1.        , 1.        , 1.        , 1.        ,
       1.        , 1.        , 1.        , 1.        , 1.        ,
       1.        , 1.        , 1.        , 1.        , 1.        ,
       1.        , 1.        , 1.        , 1.        , 1.        ,
       1.        , 1.        , 1.        , 1.        , 1.        ,
       1.        , 1.        , 1.        , 1.        , 1.        ,
       1.        , 1.        , 1.        , 1.        , 1.        ,
       1.        ]), array([0.        , 0.        , 0.        , 0.        , 0.        ,
       0.        , 0.        , 0.        , 0.        , 0.        ,
       0.        , 0.        , 0.        , 0.        , 0.        ,
       0.        , 0.        , 0.        , 0.        , 0.        ,
       0.        , 0.        , 0.        , 0.        , 0.        ,
       0.        , 0.        , 0.        , 0.        , 0.        ,
       0.        , 0.        , 0.        , 0.        , 0.        ,
       0.        , 0.        , 0.        , 0.        , 0.        ,
       0.        , 0.        , 0.01412897, 0.01412897, 0.0435796 ,
       0.05865703, 0.10467618, 0.13615105, 0.20060909, 0.36351268,
       0.56335683, 0.69923601, 0.83789143, 0.8907733 , 0.96277076,
       0.98119634, 1.        , 1.        , 1.        , 1.        ,
       1.        , 1.        , 1.        , 1.        , 1.        ,
       1.        , 1.        , 1.        , 1.        , 1.        ,
       1.        , 1.        , 1.        , 1.        , 1.        ,
       1.        , 1.        , 1.        , 1.        , 1.        ,
       1.        , 1.        , 1.        , 1.        , 1.        ,
       1.        , 1.        , 1.        , 1.        , 1.        ,
       1.        , 1.        , 1.        , 1.        , 1.        ,
       1.        , 1.        , 1.        , 1.        , 1.        ,
       1.        ]), array([0.        , 0.        , 0.        , 0.        , 0.        ,
       0.        , 0.        , 0.        , 0.        , 0.        ,
       0.        , 0.        , 0.        , 0.        , 0.        ,
       0.        , 0.        , 0.        , 0.        , 0.        ,
       0.        , 0.        , 0.        , 0.        , 0.        ,
       0.        , 0.        , 0.        , 0.        , 0.        ,
       0.        , 0.        , 0.        , 0.        , 0.        ,
       0.        , 0.        , 0.        , 0.        , 0.        ,
       0.        , 0.        , 0.        , 0.02848305, 0.05770278,
       0.08733063, 0.1329348 , 0.16418258, 0.25991395, 0.35803924,
       0.4909269 , 0.60955236, 0.67882045, 0.83692831, 0.96253259,
       0.96253259, 0.98107976, 1.        , 1.        , 1.        ,
       1.        , 1.        , 1.        , 1.        , 1.        ,
       1.        , 1.        , 1.        , 1.        , 1.        ,
       1.        , 1.        , 1.        , 1.        , 1.        ,
       1.        , 1.        , 1.        , 1.        , 1.        ,
       1.        , 1.        , 1.        , 1.        , 1.        ,
       1.        , 1.        , 1.        , 1.        , 1.        ,
       1.        , 1.        , 1.        , 1.        , 1.        ,
       1.        , 1.        , 1.        , 1.        , 1.        ,
       1.        ]), array([0.        , 0.        , 0.        , 0.        , 0.        ,
       0.        , 0.        , 0.        , 0.        , 0.        ,
       0.        , 0.        , 0.        , 0.        , 0.        ,
       0.        , 0.        , 0.        , 0.        , 0.        ,
       0.        , 0.        , 0.        , 0.        , 0.        ,
       0.        , 0.        , 0.        , 0.        , 0.        ,
       0.        , 0.        , 0.        , 0.        , 0.        ,
       0.        , 0.        , 0.        , 0.        , 0.        ,
       0.        , 0.        , 0.        , 0.01413434, 0.02883618,
       0.02883618, 0.04399968, 0.10591001, 0.21752456, 0.38006649,
       0.59617079, 0.69784611, 0.78405463, 0.85420784, 0.90813775,
       0.98124229, 1.        , 1.        , 1.        , 1.        ,
       1.        , 1.        , 1.        , 1.        , 1.        ,
       1.        , 1.        , 1.        , 1.        , 1.        ,
       1.        , 1.        , 1.        , 1.        , 1.        ,
       1.        , 1.        , 1.        , 1.        , 1.        ,
       1.        , 1.        , 1.        , 1.        , 1.        ,
       1.        , 1.        , 1.        , 1.        , 1.        ,
       1.        , 1.        , 1.        , 1.        , 1.        ,
       1.        , 1.        , 1.        , 1.        , 1.        ,
       1.        ])]",-0.0466160525836404,0.0514729953728293,0.1529300252164974,0.0083489944283114,"[{'lambda_reg': 0.7713029189883412, 'K_bin': 1}, {'lambda_reg': 0.9937055300408014, 'K_bin': 1}, {'lambda_reg': 0.7228929520903513, 'K_bin': 1}, {'lambda_reg': 0.8939154717935043, 'K_bin': 1}, {'lambda_reg': 0.5211208250342045, 'K_bin': 1}]",300,2,linear,7
"[np.float64(0.14471520469558277), np.float64(0.08548737609942787), np.float64(0.1451955724144108), np.float64(0.14278370196248014), np.float64(0.20286944558703135)]",0.1442102601517866,0.0371282588465116,"[np.float64(0.8227864841007535), np.float64(0.8501890278699091), np.float64(0.8652499658493391), np.float64(0.7846622663574063), np.float64(0.8196033778278908)]",0.8284982244010598,0.0277651398160669,"[np.float64(0.8458424287744494), np.float64(0.874080480322587), np.float64(0.8416362300479564), np.float64(0.7544492427865175), np.float64(0.848021415588621)]",0.8328059595040262,0.0407990059592869,"[array([0.        , 0.07382884, 0.07382884, 0.14608185, 0.14608185,
       0.14608185, 0.21635544, 0.21635544, 0.21635544, 0.25030752,
       0.25030752, 0.25030752, 0.25030752, 0.28281647, 0.28281647,
       0.31450111, 0.31450111, 0.31450111, 0.31450111, 0.34482258,
       0.34482258, 0.34482258, 0.37376524, 0.37376524, 0.40218712,
       0.40218712, 0.42966632, 0.42966632, 0.42966632, 0.45604525,
       0.45604525, 0.45604525, 0.506619  , 0.506619  , 0.53128654,
       0.53128654, 0.55511258, 0.55511258, 0.55511258, 0.5780428 ,
       0.5780428 , 0.60012567, 0.60012567, 0.60012567, 0.60012567,
       0.60012567, 0.60012567, 0.60012567, 0.60012567, 0.60012567,
       0.6189931 , 0.6189931 , 0.65500163, 0.67276592, 0.70720647,
       0.70720647, 0.72379542, 0.77186668, 0.78761248, 0.78761248,
       0.81765078, 0.83219435, 0.83219435, 0.84603554, 0.87320098,
       0.87320098, 0.87320098, 0.91054062, 0.91054062, 0.91054062,
       0.91054062, 0.91054062, 0.91054062, 0.92061147, 0.92061147,
       0.93012328, 0.93012328, 0.93012328, 0.95517878, 0.96330502,
       0.97085616, 0.97085616, 0.97085616, 0.97085616, 0.97696815,
       0.9825638 , 0.9825638 , 0.9825638 , 0.9872175 , 0.9872175 ,
       0.9872175 , 0.99058123, 0.99389777, 0.99652904, 0.99652904,
       0.99652904, 0.99652904, 0.99896218, 0.99896218, 0.9999901 ,
       1.        ]), array([0.        , 0.12728553, 0.21170541, 0.21170541, 0.25306933,
       0.25306933, 0.25306933, 0.25306933, 0.25306933, 0.25306933,
       0.25306933, 0.25306933, 0.25306933, 0.29062273, 0.29062273,
       0.32741431, 0.32741431, 0.32741431, 0.32741431, 0.32741431,
       0.32741431, 0.32741431, 0.36091405, 0.39387943, 0.39387943,
       0.39387943, 0.42590879, 0.42590879, 0.42590879, 0.42590879,
       0.45612868, 0.45612868, 0.45612868, 0.45612868, 0.45612868,
       0.45612868, 0.45612868, 0.48308219, 0.48308219, 0.48308219,
       0.48308219, 0.48308219, 0.48308219, 0.48308219, 0.531219  ,
       0.55483133, 0.57819856, 0.6011699 , 0.62354945, 0.62354945,
       0.64527298, 0.66644455, 0.68721668, 0.70762404, 0.7474963 ,
       0.7474963 , 0.7474963 , 0.7659211 , 0.78420937, 0.81949819,
       0.81949819, 0.83647888, 0.83647888, 0.83647888, 0.86777825,
       0.86777825, 0.86777825, 0.88227832, 0.89625226, 0.90963385,
       0.92270915, 0.92270915, 0.92270915, 0.92270915, 0.94539991,
       0.94539991, 0.94539991, 0.94539991, 0.94539991, 0.94539991,
       0.94539991, 0.94539991, 0.95334909, 0.95334909, 0.967384  ,
       0.967384  , 0.98003946, 0.98003946, 0.98003946, 0.98003946,
       0.98464999, 0.98464999, 0.98464999, 0.98783496, 0.99070489,
       0.99548862, 0.99548862, 0.99548862, 0.99902171, 0.99958877,
       1.        ]), array([0.        , 0.03935642, 0.15587036, 0.15587036, 0.15587036,
       0.15587036, 0.15587036, 0.22962063, 0.22962063, 0.22962063,
       0.30076062, 0.30076062, 0.30076062, 0.30076062, 0.30076062,
       0.30076062, 0.30076062, 0.33348985, 0.33348985, 0.33348985,
       0.33348985, 0.33348985, 0.33348985, 0.33348985, 0.33348985,
       0.33348985, 0.33348985, 0.33348985, 0.33348985, 0.33348985,
       0.33348985, 0.33348985, 0.33348985, 0.3600729 , 0.3600729 ,
       0.3600729 , 0.3600729 , 0.41012324, 0.43466305, 0.43466305,
       0.43466305, 0.48157307, 0.48157307, 0.50408418, 0.52614073,
       0.52614073, 0.54751179, 0.56849865, 0.58926385, 0.60949677,
       0.64915599, 0.66879322, 0.68791316, 0.72527145, 0.74376665,
       0.77967086, 0.77967086, 0.81380191, 0.81380191, 0.81380191,
       0.84573219, 0.87684477, 0.87684477, 0.87684477, 0.87684477,
       0.90445363, 0.93161927, 0.93161927, 0.93161927, 0.94388042,
       0.94388042, 0.94388042, 0.94388042, 0.94388042, 0.94388042,
       0.94388042, 0.94388042, 0.94388042, 0.96153491, 0.96153491,
       0.96966093, 0.96966093, 0.96966093, 0.96966093, 0.96966093,
       0.96966093, 0.96966093, 0.97490129, 0.97490129, 0.97490129,
       0.97888897, 0.98280656, 0.98280656, 0.99158941, 0.99158941,
       0.99158941, 0.99509087, 0.9963063 , 0.99948176, 0.99948176,
       1.        ]), array([0.        , 0.        , 0.        , 0.        , 0.07213689,
       0.07213689, 0.10773494, 0.10773494, 0.10773494, 0.10773494,
       0.10773494, 0.10773494, 0.14093078, 0.14093078, 0.14093078,
       0.14093078, 0.17260393, 0.17260393, 0.17260393, 0.17260393,
       0.17260393, 0.23226346, 0.23226346, 0.23226346, 0.23226346,
       0.23226346, 0.23226346, 0.23226346, 0.23226346, 0.23226346,
       0.23226346, 0.23226346, 0.23226346, 0.23226346, 0.23226346,
       0.25680227, 0.28093425, 0.30476385, 0.35132971, 0.35132971,
       0.39708095, 0.4415803 , 0.4415803 , 0.4415803 , 0.4415803 ,
       0.4415803 , 0.4415803 , 0.46175108, 0.46175108, 0.51970239,
       0.51970239, 0.53843712, 0.53843712, 0.59182511, 0.6093882 ,
       0.6093882 , 0.62593298, 0.691397  , 0.7232778 , 0.77020307,
       0.78536481, 0.8152658 , 0.8152658 , 0.84317343, 0.84317343,
       0.85653797, 0.86948711, 0.88195072, 0.89401519, 0.90570656,
       0.91714717, 0.91714717, 0.91714717, 0.91714717, 0.94709504,
       0.94709504, 0.95627447, 0.95627447, 0.96472131, 0.96472131,
       0.96472131, 0.97204914, 0.9790804 , 0.98550203, 0.98550203,
       0.98550203, 0.98550203, 0.98550203, 0.99029566, 0.99029566,
       0.99029566, 0.99385363, 0.99385363, 0.9965439 , 0.9965439 ,
       0.9965439 , 0.9999993 , 0.9999993 , 0.9999993 , 0.9999993 ,
       1.        ]), array([0.        , 0.06977852, 0.10452569, 0.13887131, 0.13887131,
       0.13887131, 0.1720667 , 0.1720667 , 0.1720667 , 0.20428192,
       0.23597413, 0.26735237, 0.29849899, 0.29849899, 0.32888849,
       0.32888849, 0.32888849, 0.32888849, 0.32888849, 0.35740334,
       0.35740334, 0.35740334, 0.35740334, 0.3845918 , 0.3845918 ,
       0.41109501, 0.43722047, 0.46295678, 0.46295678, 0.46295678,
       0.46295678, 0.46295678, 0.48699511, 0.48699511, 0.51048935,
       0.53356963, 0.53356963, 0.53356963, 0.57760703, 0.57760703,
       0.59888604, 0.61995986, 0.61995986, 0.61995986, 0.63992064,
       0.63992064, 0.63992064, 0.63992064, 0.65833328, 0.67631946,
       0.67631946, 0.7285839 , 0.79650287, 0.79650287, 0.82912287,
       0.82912287, 0.82912287, 0.84444312, 0.85942995, 0.85942995,
       0.85942995, 0.87340443, 0.87340443, 0.87340443, 0.88609872,
       0.88609872, 0.89826906, 0.91020579, 0.91020579, 0.91020579,
       0.92089362, 0.9415911 , 0.9415911 , 0.95135723, 0.96061573,
       0.96061573, 0.96061573, 0.96061573, 0.96061573, 0.96061573,
       0.97501511, 0.97501511, 0.98169304, 0.98169304, 0.98739787,
       0.98739787, 0.98739787, 0.98739787, 0.98739787, 0.98739787,
       0.98739787, 0.98739787, 0.9905567 , 0.9905567 , 0.99299427,
       0.99481855, 0.99627021, 0.99883988, 0.99883988, 0.99943535,
       1.        ])]","[array([0.00000000e+00, 1.55357734e-04, 1.55357734e-04, 1.60179477e-03,
       1.60179477e-03, 1.60179477e-03, 4.66996743e-03, 4.66996743e-03,
       4.66996743e-03, 7.17469258e-03, 7.17469258e-03, 7.17469258e-03,
       7.17469258e-03, 1.08617665e-02, 1.08617665e-02, 1.52242074e-02,
       1.52242074e-02, 1.52242074e-02, 1.52242074e-02, 2.07034889e-02,
       2.07034889e-02, 2.07034889e-02, 2.73124337e-02, 2.73124337e-02,
       3.43480501e-02, 3.43480501e-02, 4.21560070e-02, 4.21560070e-02,
       4.21560070e-02, 5.08654187e-02, 5.08654187e-02, 5.08654187e-02,
       7.00736751e-02, 7.00736751e-02, 8.01852195e-02, 8.01852195e-02,
       9.09862096e-02, 9.09862096e-02, 9.09862096e-02, 1.02521148e-01,
       1.02521148e-01, 1.14750321e-01, 1.14750321e-01, 1.14750321e-01,
       1.14750321e-01, 1.14750321e-01, 1.14750321e-01, 1.14750321e-01,
       1.14750321e-01, 1.14750321e-01, 1.29613902e-01, 1.29613902e-01,
       1.60755447e-01, 1.76522828e-01, 2.08949015e-01, 2.08949015e-01,
       2.25679360e-01, 2.77259572e-01, 2.94680712e-01, 2.94680712e-01,
       3.30713663e-01, 3.49119780e-01, 3.49119780e-01, 3.68101364e-01,
       4.06488052e-01, 4.06488052e-01, 4.06488052e-01, 4.66860689e-01,
       4.66860689e-01, 4.66860689e-01, 4.66860689e-01, 4.66860689e-01,
       4.66860689e-01, 4.88931307e-01, 4.88931307e-01, 5.11459951e-01,
       5.11459951e-01, 5.11459951e-01, 5.81896985e-01, 6.05560822e-01,
       6.29695846e-01, 6.29695846e-01, 6.29695846e-01, 6.29695846e-01,
       6.55009960e-01, 6.80747109e-01, 6.80747109e-01, 6.80747109e-01,
       7.07256003e-01, 7.07256003e-01, 7.07256003e-01, 7.34821774e-01,
       7.62426200e-01, 7.90592071e-01, 7.90592071e-01, 7.90592071e-01,
       7.90592071e-01, 8.49241933e-01, 8.49241933e-01, 9.09043104e-01,
       1.00000000e+00]), array([0.00000000e+00, 6.77485531e-04, 1.40811374e-03, 1.40811374e-03,
       2.31334523e-03, 2.31334523e-03, 2.31334523e-03, 2.31334523e-03,
       2.31334523e-03, 2.31334523e-03, 2.31334523e-03, 2.31334523e-03,
       2.31334523e-03, 5.65040312e-03, 5.65040312e-03, 9.47363829e-03,
       9.47363829e-03, 9.47363829e-03, 9.47363829e-03, 9.47363829e-03,
       9.47363829e-03, 9.47363829e-03, 1.53976738e-02, 2.16627372e-02,
       2.16627372e-02, 2.16627372e-02, 2.85251568e-02, 2.85251568e-02,
       2.85251568e-02, 2.85251568e-02, 3.65423501e-02, 3.65423501e-02,
       3.65423501e-02, 3.65423501e-02, 3.65423501e-02, 3.65423501e-02,
       3.65423501e-02, 4.66440961e-02, 4.66440961e-02, 4.66440961e-02,
       4.66440961e-02, 4.66440961e-02, 4.66440961e-02, 4.66440961e-02,
       7.05300632e-02, 8.27641081e-02, 9.51545718e-02, 1.07797689e-01,
       1.20818474e-01, 1.20818474e-01, 1.34257923e-01, 1.48049626e-01,
       1.62096242e-01, 1.76375649e-01, 2.05535934e-01, 2.05535934e-01,
       2.05535934e-01, 2.21080587e-01, 2.36712368e-01, 2.68797741e-01,
       2.68797741e-01, 2.85264001e-01, 2.85264001e-01, 2.85264001e-01,
       3.19895380e-01, 3.19895380e-01, 3.19895380e-01, 3.37944737e-01,
       3.56329864e-01, 3.75093023e-01, 3.94051647e-01, 3.94051647e-01,
       3.94051647e-01, 3.94051647e-01, 4.34176918e-01, 4.34176918e-01,
       4.34176918e-01, 4.34176918e-01, 4.34176918e-01, 4.34176918e-01,
       4.34176918e-01, 4.34176918e-01, 4.56406959e-01, 4.56406959e-01,
       5.02056270e-01, 5.02056270e-01, 5.48585924e-01, 5.48585924e-01,
       5.48585924e-01, 5.48585924e-01, 5.72946648e-01, 5.72946648e-01,
       5.72946648e-01, 5.98217139e-01, 6.23688684e-01, 6.75241962e-01,
       6.75241962e-01, 6.75241962e-01, 7.54896483e-01, 7.81837686e-01,
       1.00000000e+00]), array([0.00000000e+00, 1.21849081e-07, 1.14294309e-03, 1.14294309e-03,
       1.14294309e-03, 1.14294309e-03, 1.14294309e-03, 4.78839317e-03,
       4.78839317e-03, 4.78839317e-03, 1.03512064e-02, 1.03512064e-02,
       1.03512064e-02, 1.03512064e-02, 1.03512064e-02, 1.03512064e-02,
       1.03512064e-02, 1.52192690e-02, 1.52192690e-02, 1.52192690e-02,
       1.52192690e-02, 1.52192690e-02, 1.52192690e-02, 1.52192690e-02,
       1.52192690e-02, 1.52192690e-02, 1.52192690e-02, 1.52192690e-02,
       1.52192690e-02, 1.52192690e-02, 1.52192690e-02, 1.52192690e-02,
       1.52192690e-02, 2.46019544e-02, 2.46019544e-02, 2.46019544e-02,
       2.46019544e-02, 4.56559644e-02, 5.65394948e-02, 5.65394948e-02,
       5.65394948e-02, 7.99002006e-02, 7.99002006e-02, 9.22738850e-02,
       1.04981467e-01, 1.04981467e-01, 1.18192560e-01, 1.31685871e-01,
       1.45342003e-01, 1.59389112e-01, 1.88075821e-01, 2.02560490e-01,
       2.17425130e-01, 2.47801969e-01, 2.63125504e-01, 2.94570421e-01,
       2.94570421e-01, 3.27317802e-01, 3.27317802e-01, 3.27317802e-01,
       3.61681736e-01, 3.96646300e-01, 3.96646300e-01, 3.96646300e-01,
       3.96646300e-01, 4.34184489e-01, 4.72048244e-01, 4.72048244e-01,
       4.72048244e-01, 4.91950945e-01, 4.91950945e-01, 4.91950945e-01,
       4.91950945e-01, 4.91950945e-01, 4.91950945e-01, 4.91950945e-01,
       4.91950945e-01, 4.91950945e-01, 5.36801025e-01, 5.36801025e-01,
       5.59741139e-01, 5.59741139e-01, 5.59741139e-01, 5.59741139e-01,
       5.59741139e-01, 5.59741139e-01, 5.59741139e-01, 5.84800890e-01,
       5.84800890e-01, 5.84800890e-01, 6.10780787e-01, 6.36812169e-01,
       6.36812169e-01, 7.17087835e-01, 7.17087835e-01, 7.17087835e-01,
       7.72333888e-01, 8.00350110e-01, 8.84744635e-01, 8.84744635e-01,
       1.00000000e+00]), array([0.        , 0.        , 0.        , 0.        , 0.00231651,
       0.00231651, 0.00385076, 0.00385076, 0.00385076, 0.00385076,
       0.00385076, 0.00385076, 0.00730518, 0.00730518, 0.00730518,
       0.00730518, 0.01197672, 0.01197672, 0.01197672, 0.01197672,
       0.01197672, 0.02426674, 0.02426674, 0.02426674, 0.02426674,
       0.02426674, 0.02426674, 0.02426674, 0.02426674, 0.02426674,
       0.02426674, 0.02426674, 0.02426674, 0.02426674, 0.02426674,
       0.03464098, 0.0453404 , 0.05628152, 0.0790377 , 0.0790377 ,
       0.10244504, 0.12685305, 0.12685305, 0.12685305, 0.12685305,
       0.12685305, 0.12685305, 0.14071877, 0.14071877, 0.18436306,
       0.18436306, 0.19937666, 0.19937666, 0.24666854, 0.26261866,
       0.26261866, 0.27938277, 0.34701074, 0.38150513, 0.43396285,
       0.45183245, 0.48790936, 0.48790936, 0.52557961, 0.52557961,
       0.54488577, 0.56452396, 0.58455025, 0.6048956 , 0.62553916,
       0.64638317, 0.64638317, 0.64638317, 0.64638317, 0.71241143,
       0.71241143, 0.73506286, 0.73506286, 0.75829988, 0.75829988,
       0.75829988, 0.78243135, 0.80679988, 0.83165571, 0.83165571,
       0.83165571, 0.83165571, 0.83165571, 0.85781284, 0.85781284,
       0.85781284, 0.88495768, 0.88495768, 0.91279609, 0.91279609,
       0.91279609, 0.97001174, 0.97001174, 0.97001174, 0.97001174,
       1.        ]), array([0.00000000e+00, 4.98403159e-04, 8.75624089e-04, 1.61461076e-03,
       1.61461076e-03, 1.61461076e-03, 3.38988764e-03, 3.38988764e-03,
       3.38988764e-03, 6.04824237e-03, 9.17779932e-03, 1.25902137e-02,
       1.62113122e-02, 1.62113122e-02, 2.05145284e-02, 2.05145284e-02,
       2.05145284e-02, 2.05145284e-02, 2.05145284e-02, 2.65066968e-02,
       2.65066968e-02, 2.65066968e-02, 2.65066968e-02, 3.36938555e-02,
       3.36938555e-02, 4.14983902e-02, 4.96432461e-02, 5.81387052e-02,
       5.81387052e-02, 5.81387052e-02, 5.81387052e-02, 5.81387052e-02,
       6.81639467e-02, 6.81639467e-02, 7.86793843e-02, 8.95677698e-02,
       8.95677698e-02, 8.95677698e-02, 1.13257379e-01, 1.13257379e-01,
       1.25768596e-01, 1.38464685e-01, 1.38464685e-01, 1.38464685e-01,
       1.52163558e-01, 1.52163558e-01, 1.52163558e-01, 1.52163558e-01,
       1.67257201e-01, 1.82735070e-01, 1.82735070e-01, 2.30694938e-01,
       2.96233357e-01, 2.96233357e-01, 3.30209361e-01, 3.30209361e-01,
       3.30209361e-01, 3.48089071e-01, 3.66269167e-01, 3.66269167e-01,
       3.66269167e-01, 3.85361336e-01, 3.85361336e-01, 3.85361336e-01,
       4.05606872e-01, 4.05606872e-01, 4.26324459e-01, 4.47252519e-01,
       4.47252519e-01, 4.47252519e-01, 4.69305754e-01, 5.14023237e-01,
       5.14023237e-01, 5.36906874e-01, 5.60247854e-01, 5.60247854e-01,
       5.60247854e-01, 5.60247854e-01, 5.60247854e-01, 5.60247854e-01,
       6.10639541e-01, 6.10639541e-01, 6.36305460e-01, 6.36305460e-01,
       6.62848085e-01, 6.62848085e-01, 6.62848085e-01, 6.62848085e-01,
       6.62848085e-01, 6.62848085e-01, 6.62848085e-01, 6.62848085e-01,
       6.91684506e-01, 6.91684506e-01, 7.21170739e-01, 7.51209506e-01,
       7.81583982e-01, 8.42633527e-01, 8.42633527e-01, 8.73779375e-01,
       1.00000000e+00])]",0.0176439434603716,0.0260274820905278,0.0242980826748095,0.0148892617638645,"[{'lambda_reg': 0.0014193681746359867, 'K_bin': 1, 'gamma': 0.06610458396908406, 'coef0': -1.2443952812381323}, {'lambda_reg': 8.499988956865439e-05, 'K_bin': 1, 'gamma': 0.016426996209730677, 'coef0': -0.6189311335458516}, {'lambda_reg': 0.0015699425287024889, 'K_bin': 1, 'gamma': 0.05731188933079024, 'coef0': -1.741754208490276}, {'lambda_reg': 0.00011516964589734609, 'K_bin': 1, 'gamma': 0.1255037657238155, 'coef0': -4.646168051971977}, {'lambda_reg': 1.8936834369171993e-05, 'K_bin': 1, 'gamma': 0.0037729605935165993, 'coef0': -0.5732966930279702}]",300,2,sigmoid,12
"[np.float64(0.10864894612988103), np.float64(0.07861815815130756), np.float64(0.12226143590624237), np.float64(0.10408395697112627), np.float64(0.14474740746324)]",0.1116719809243594,0.021750367557069,"[np.float64(0.722482298949536), np.float64(0.806918357677924), np.float64(0.7259907459792455), np.float64(0.7553217656346978), np.float64(0.7493591379249025)]",0.7520144612332611,0.0302714691214559,"[np.float64(0.8804322900938653), np.float64(0.931147951873113), np.float64(0.9781585196385711), np.float64(0.9205488145526247), np.float64(0.9563341618221406)]",0.9333243475960628,0.0331815467486326,"[array([0.        , 0.17433349, 0.23870332, 0.30265681, 0.40838544,
       0.42918754, 0.44981409, 0.49077929, 0.51106484, 0.53104274,
       0.53104274, 0.55052882, 0.56993925, 0.58911151, 0.60802064,
       0.64536845, 0.66384564, 0.70036324, 0.70036324, 0.70036324,
       0.71792535, 0.75260773, 0.76968248, 0.7866657 , 0.80340642,
       0.80340642, 0.81973504, 0.81973504, 0.83567551, 0.85136323,
       0.86667383, 0.86667383, 0.88165908, 0.88165908, 0.88165908,
       0.88165908, 0.88165908, 0.88165908, 0.89540829, 0.90887392,
       0.90887392, 0.90887392, 0.90887392, 0.9213534 , 0.93367058,
       0.93367058, 0.93367058, 0.93367058, 0.94512038, 0.94512038,
       0.94512038, 0.96658645, 0.96658645, 0.96658645, 0.96658645,
       0.96658645, 0.96658645, 0.96658645, 0.96658645, 0.97560971,
       0.97560971, 0.97560971, 0.97560971, 0.97560971, 0.97560971,
       0.97560971, 0.98324145, 0.98324145, 0.98324145, 0.99020575,
       0.99020575, 0.99020575, 0.99020575, 0.99631347, 0.99631347,
       0.99631347, 0.99631347, 0.99631347, 0.99631347, 0.99631347,
       0.99631347, 0.99631347, 0.99631347, 0.99631347, 0.99631347,
       0.99631347, 0.99631347, 0.99631347, 0.99631347, 0.99631347,
       0.99631347, 0.99849074, 0.99849074, 0.99849074, 0.99849074,
       0.99849074, 0.99944565, 0.99944565, 0.99944565, 1.        ,
       1.        ]), array([0.        , 0.25800902, 0.42013992, 0.46592392, 0.48853611,
       0.51105986, 0.53323979, 0.55536893, 0.64233512, 0.64233512,
       0.6635386 , 0.68465313, 0.68465313, 0.68465313, 0.70490685,
       0.72498824, 0.76489806, 0.76489806, 0.76489806, 0.76489806,
       0.78388769, 0.78388769, 0.80242985, 0.80242985, 0.83843222,
       0.83843222, 0.83843222, 0.83843222, 0.83843222, 0.83843222,
       0.83843222, 0.83843222, 0.8546598 , 0.87055395, 0.88616288,
       0.90150956, 0.90150956, 0.90150956, 0.90150956, 0.91604871,
       0.91604871, 0.91604871, 0.91604871, 0.91604871, 0.92934273,
       0.92934273, 0.92934273, 0.92934273, 0.92934273, 0.94141218,
       0.94141218, 0.94141218, 0.94141218, 0.94141218, 0.94141218,
       0.94141218, 0.94141218, 0.94141218, 0.94141218, 0.94141218,
       0.94141218, 0.95066276, 0.95066276, 0.95066276, 0.95066276,
       0.95066276, 0.96688925, 0.96688925, 0.97455989, 0.97455989,
       0.97455989, 0.97455989, 0.97455989, 0.97455989, 0.97455989,
       0.98062584, 0.98062584, 0.98062584, 0.98062584, 0.98062584,
       0.98062584, 0.98062584, 0.98062584, 0.98062584, 0.98842908,
       0.98842908, 0.98842908, 0.99477846, 0.99477846, 0.99759975,
       0.99759975, 0.99759975, 0.99759975, 0.99759975, 0.99759975,
       0.99884465, 0.99884465, 0.99884465, 0.99884465, 0.99953586,
       1.        ]), array([0.        , 0.65565493, 0.72031599, 0.72031599, 0.78347935,
       0.80431959, 0.80431959, 0.80431959, 0.84478398, 0.88483636,
       0.88483636, 0.88483636, 0.90421385, 0.90421385, 0.92313625,
       0.92313625, 0.92313625, 0.92313625, 0.92313625, 0.92313625,
       0.92313625, 0.92313625, 0.92313625, 0.92313625, 0.92313625,
       0.92313625, 0.92313625, 0.92313625, 0.92313625, 0.92313625,
       0.92313625, 0.92313625, 0.92313625, 0.92313625, 0.92313625,
       0.92313625, 0.93715854, 0.95117025, 0.95117025, 0.95117025,
       0.95117025, 0.95117025, 0.95117025, 0.95117025, 0.95117025,
       0.95117025, 0.95117025, 0.95117025, 0.95117025, 0.95117025,
       0.95117025, 0.95117025, 0.95117025, 0.95117025, 0.95117025,
       0.96102854, 0.96102854, 0.96102854, 0.96102854, 0.96102854,
       0.96102854, 0.96102854, 0.96102854, 0.96102854, 0.96102854,
       0.9765041 , 0.9765041 , 0.98380861, 0.98380861, 0.98380861,
       0.98380861, 0.98380861, 0.98380861, 0.98380861, 0.98380861,
       0.98380861, 0.98380861, 0.98897398, 0.99385066, 0.99385066,
       0.99385066, 0.99385066, 0.99385066, 0.99385066, 0.99385066,
       0.99385066, 0.99385066, 0.99385066, 0.99667065, 0.99924553,
       0.99924553, 0.99924553, 0.99924553, 0.99924553, 0.99924553,
       0.99924553, 0.99924553, 0.99924553, 0.99924553, 0.99986835,
       1.        ]), array([0.        , 0.34870185, 0.44059367, 0.50887236, 0.53149644,
       0.53149644, 0.53149644, 0.53149644, 0.53149644, 0.5528534 ,
       0.59503558, 0.59503558, 0.61563606, 0.63606343, 0.65615666,
       0.65615666, 0.69577462, 0.71522986, 0.73448076, 0.75354853,
       0.75354853, 0.79063566, 0.80887848, 0.8451718 , 0.8451718 ,
       0.86274185, 0.86274185, 0.86274185, 0.86274185, 0.86274185,
       0.86274185, 0.86274185, 0.87863409, 0.87863409, 0.89404847,
       0.90945762, 0.90945762, 0.90945762, 0.90945762, 0.90945762,
       0.90945762, 0.90945762, 0.90945762, 0.90945762, 0.90945762,
       0.90945762, 0.90945762, 0.92202873, 0.92202873, 0.92202873,
       0.92202873, 0.92202873, 0.92202873, 0.92202873, 0.92202873,
       0.92202873, 0.92202873, 0.92202873, 0.92202873, 0.92202873,
       0.93156906, 0.94088723, 0.94088723, 0.94088723, 0.94088723,
       0.94088723, 0.94088723, 0.94088723, 0.94088723, 0.94088723,
       0.94088723, 0.94088723, 0.94762508, 0.95414646, 0.96646073,
       0.9723675 , 0.9723675 , 0.97796562, 0.98323005, 0.98323005,
       0.98812758, 0.98812758, 0.98812758, 0.98812758, 0.98812758,
       0.98812758, 0.9947289 , 0.99776601, 0.99776601, 0.99776601,
       0.99776601, 0.99776601, 0.99776601, 0.9995087 , 0.9995087 ,
       0.9995087 , 0.9995087 , 0.9995087 , 0.9995087 , 0.99989903,
       1.        ]), array([0.        , 0.46535659, 0.54874963, 0.5693792 , 0.63073902,
       0.67119778, 0.73127425, 0.7511411 , 0.7511411 , 0.7511411 ,
       0.77023689, 0.80818015, 0.80818015, 0.82665259, 0.84501532,
       0.84501532, 0.86299013, 0.88059093, 0.88059093, 0.897913  ,
       0.897913  , 0.897913  , 0.897913  , 0.897913  , 0.897913  ,
       0.91395019, 0.91395019, 0.91395019, 0.91395019, 0.91395019,
       0.91395019, 0.91395019, 0.91395019, 0.91395019, 0.91395019,
       0.91395019, 0.91395019, 0.94102321, 0.94102321, 0.94102321,
       0.94102321, 0.94102321, 0.95346624, 0.95346624, 0.95346624,
       0.95346624, 0.95346624, 0.95346624, 0.96457329, 0.96457329,
       0.96457329, 0.96457329, 0.96457329, 0.96457329, 0.96457329,
       0.97413988, 0.97413988, 0.97413988, 0.97413988, 0.97413988,
       0.97413988, 0.97413988, 0.97413988, 0.97413988, 0.97413988,
       0.97413988, 0.98146898, 0.98146898, 0.98146898, 0.98146898,
       0.98787996, 0.98787996, 0.98787996, 0.98787996, 0.98787996,
       0.98787996, 0.98787996, 0.98787996, 0.98787996, 0.98787996,
       0.99218666, 0.99218666, 0.99218666, 0.99218666, 0.99218666,
       0.99218666, 0.99218666, 0.99515122, 0.99515122, 0.99515122,
       0.99515122, 0.99715222, 0.99887308, 0.99887308, 0.99887308,
       0.99887308, 0.99887308, 0.99887308, 0.99944857, 0.99985041,
       1.        ])]","[array([0.        , 0.00164665, 0.0054928 , 0.01067618, 0.02207901,
       0.02546325, 0.02941134, 0.0382322 , 0.04327554, 0.04930699,
       0.04930699, 0.0569181 , 0.06477218, 0.07339125, 0.08285545,
       0.10329486, 0.11414637, 0.13725229, 0.13725229, 0.13725229,
       0.15104293, 0.1800433 , 0.19539928, 0.21104921, 0.22747804,
       0.22747804, 0.24523046, 0.24523046, 0.26422956, 0.28404047,
       0.30506264, 0.30506264, 0.32712976, 0.32712976, 0.32712976,
       0.32712976, 0.32712976, 0.32712976, 0.35316689, 0.38011482,
       0.38011482, 0.38011482, 0.38011482, 0.41023016, 0.44086675,
       0.44086675, 0.44086675, 0.44086675, 0.47428925, 0.47428925,
       0.47428925, 0.54573853, 0.54573853, 0.54573853, 0.54573853,
       0.54573853, 0.54573853, 0.54573853, 0.54573853, 0.58695474,
       0.58695474, 0.58695474, 0.58695474, 0.58695474, 0.58695474,
       0.58695474, 0.6326403 , 0.6326403 , 0.6326403 , 0.68046958,
       0.68046958, 0.68046958, 0.68046958, 0.73105011, 0.73105011,
       0.73105011, 0.73105011, 0.73105011, 0.73105011, 0.73105011,
       0.73105011, 0.73105011, 0.73105011, 0.73105011, 0.73105011,
       0.73105011, 0.73105011, 0.73105011, 0.73105011, 0.73105011,
       0.73105011, 0.79425465, 0.79425465, 0.79425465, 0.79425465,
       0.79425465, 0.86138523, 0.86138523, 0.86138523, 1.        ,
       1.        ]), array([0.        , 0.00239119, 0.0088962 , 0.01206106, 0.01432149,
       0.01679622, 0.02010404, 0.02353491, 0.04101503, 0.04101503,
       0.04668882, 0.05257814, 0.05257814, 0.05257814, 0.06055321,
       0.06894589, 0.08634413, 0.08634413, 0.08634413, 0.08634413,
       0.09738215, 0.09738215, 0.10950442, 0.10950442, 0.13637059,
       0.13637059, 0.13637059, 0.13637059, 0.13637059, 0.13637059,
       0.13637059, 0.13637059, 0.15410118, 0.17263968, 0.19186929,
       0.21173432, 0.21173432, 0.21173432, 0.21173432, 0.23355605,
       0.23355605, 0.23355605, 0.23355605, 0.23355605, 0.25839477,
       0.25839477, 0.25839477, 0.25839477, 0.25839477, 0.28620068,
       0.28620068, 0.28620068, 0.28620068, 0.28620068, 0.28620068,
       0.28620068, 0.28620068, 0.28620068, 0.28620068, 0.28620068,
       0.28620068, 0.32083683, 0.32083683, 0.32083683, 0.32083683,
       0.32083683, 0.39562071, 0.39562071, 0.43408512, 0.43408512,
       0.43408512, 0.43408512, 0.43408512, 0.43408512, 0.43408512,
       0.47643773, 0.47643773, 0.47643773, 0.47643773, 0.47643773,
       0.47643773, 0.47643773, 0.47643773, 0.47643773, 0.5716315 ,
       0.5716315 , 0.5716315 , 0.67034802, 0.67034802, 0.7205626 ,
       0.7205626 , 0.7205626 , 0.7205626 , 0.7205626 , 0.7205626 ,
       0.77459681, 0.77459681, 0.77459681, 0.77459681, 0.88702331,
       1.        ]), array([0.        , 0.004038  , 0.0073236 , 0.0073236 , 0.01538128,
       0.01874974, 0.01874974, 0.01874974, 0.02936145, 0.04128593,
       0.04128593, 0.04128593, 0.04931513, 0.04931513, 0.05879437,
       0.05879437, 0.05879437, 0.05879437, 0.05879437, 0.05879437,
       0.05879437, 0.05879437, 0.05879437, 0.05879437, 0.05879437,
       0.05879437, 0.05879437, 0.05879437, 0.05879437, 0.05879437,
       0.05879437, 0.05879437, 0.05879437, 0.05879437, 0.05879437,
       0.05879437, 0.0838868 , 0.10901293, 0.10901293, 0.10901293,
       0.10901293, 0.10901293, 0.10901293, 0.10901293, 0.10901293,
       0.10901293, 0.10901293, 0.10901293, 0.10901293, 0.10901293,
       0.10901293, 0.10901293, 0.10901293, 0.10901293, 0.10901293,
       0.14737305, 0.14737305, 0.14737305, 0.14737305, 0.14737305,
       0.14737305, 0.14737305, 0.14737305, 0.14737305, 0.14737305,
       0.23760647, 0.23760647, 0.28410372, 0.28410372, 0.28410372,
       0.28410372, 0.28410372, 0.28410372, 0.28410372, 0.28410372,
       0.28410372, 0.28410372, 0.33741686, 0.39164984, 0.39164984,
       0.39164984, 0.39164984, 0.39164984, 0.39164984, 0.39164984,
       0.39164984, 0.39164984, 0.39164984, 0.45243606, 0.51400329,
       0.51400329, 0.51400329, 0.51400329, 0.51400329, 0.51400329,
       0.51400329, 0.51400329, 0.51400329, 0.51400329, 0.65156183,
       1.        ]), array([0.        , 0.00401012, 0.00780935, 0.01225424, 0.01407354,
       0.01407354, 0.01407354, 0.01407354, 0.01407354, 0.01905081,
       0.03033059, 0.03033059, 0.0371932 , 0.04448725, 0.05261406,
       0.05261406, 0.07028452, 0.08000137, 0.09022748, 0.10090998,
       0.10090998, 0.12488791, 0.13762642, 0.16358271, 0.16358271,
       0.17799792, 0.17799792, 0.17799792, 0.17799792, 0.17799792,
       0.17799792, 0.17799792, 0.19659465, 0.19659465, 0.21638231,
       0.23618304, 0.23618304, 0.23618304, 0.23618304, 0.23618304,
       0.23618304, 0.23618304, 0.23618304, 0.23618304, 0.23618304,
       0.23618304, 0.23618304, 0.26305688, 0.26305688, 0.26305688,
       0.26305688, 0.26305688, 0.26305688, 0.26305688, 0.26305688,
       0.26305688, 0.26305688, 0.26305688, 0.26305688, 0.26305688,
       0.29748417, 0.33246514, 0.33246514, 0.33246514, 0.33246514,
       0.33246514, 0.33246514, 0.33246514, 0.33246514, 0.33246514,
       0.33246514, 0.33246514, 0.37387692, 0.41582819, 0.50154632,
       0.54502937, 0.54502937, 0.58928163, 0.63436555, 0.63436555,
       0.68036388, 0.68036388, 0.68036388, 0.68036388, 0.68036388,
       0.68036388, 0.7803201 , 0.83095508, 0.83095508, 0.83095508,
       0.83095508, 0.83095508, 0.83095508, 0.88481605, 0.88481605,
       0.88481605, 0.88481605, 0.88481605, 0.88481605, 0.94204743,
       1.        ]), array([0.        , 0.00235804, 0.0072802 , 0.00931803, 0.01738383,
       0.02441403, 0.03721727, 0.04207063, 0.04207063, 0.04207063,
       0.04977033, 0.06608635, 0.06608635, 0.07608713, 0.08649285,
       0.08649285, 0.09833057, 0.11154893, 0.11154893, 0.12579623,
       0.12579623, 0.12579623, 0.12579623, 0.12579623, 0.12579623,
       0.14478658, 0.14478658, 0.14478658, 0.14478658, 0.14478658,
       0.14478658, 0.14478658, 0.14478658, 0.14478658, 0.14478658,
       0.14478658, 0.14478658, 0.20122952, 0.20122952, 0.20122952,
       0.20122952, 0.20122952, 0.23348751, 0.23348751, 0.23348751,
       0.23348751, 0.23348751, 0.23348751, 0.27067722, 0.27067722,
       0.27067722, 0.27067722, 0.27067722, 0.27067722, 0.27067722,
       0.31355344, 0.31355344, 0.31355344, 0.31355344, 0.31355344,
       0.31355344, 0.31355344, 0.31355344, 0.31355344, 0.31355344,
       0.31355344, 0.36468925, 0.36468925, 0.36468925, 0.36468925,
       0.4192142 , 0.4192142 , 0.4192142 , 0.4192142 , 0.4192142 ,
       0.4192142 , 0.4192142 , 0.4192142 , 0.4192142 , 0.4192142 ,
       0.48150705, 0.48150705, 0.48150705, 0.48150705, 0.48150705,
       0.48150705, 0.48150705, 0.54875433, 0.54875433, 0.54875433,
       0.54875433, 0.6195585 , 0.69139683, 0.69139683, 0.69139683,
       0.69139683, 0.69139683, 0.69139683, 0.76746321, 0.84417065,
       1.        ])]",0.035216688333376,0.0203929444381134,0.0228813172069408,0.0092271632645475,"[{'lambda_reg': 0.004239105498023385, 'K_bin': 1, 'gamma': 0.0438388813886566}, {'lambda_reg': 0.001823524967244474, 'K_bin': 1, 'gamma': 0.017174081268994924}, {'lambda_reg': 4.294606365037547e-05, 'K_bin': 1, 'gamma': 0.0073171680067118}, {'lambda_reg': 0.0005806706610880714, 'K_bin': 1, 'gamma': 0.002037267692709734}, {'lambda_reg': 0.0004775420784542, 'K_bin': 1, 'gamma': 0.012157863628664368}]",300,3,laplacian,16
"[np.float64(0.07130712819734478), np.float64(0.06378682392340033), np.float64(0.09285197667864435), np.float64(0.05041483772699779), np.float64(0.08367695216273632)]",0.0724075437378247,0.0148605601958899,"[np.float64(0.802394151267745), np.float64(0.8482259971717218), np.float64(0.8010920089770404), np.float64(0.8304282661441855), np.float64(0.8539184764829001)]",0.8272117800087185,0.0221961612792377,"[np.float64(0.9677342241626863), np.float64(0.9697166365714838), np.float64(0.9620337303931792), np.float64(0.983773878168281), np.float64(0.9732148370804119)]",0.9712946612752084,0.0072159496199287,"[array([0.        , 0.36899196, 0.46499768, 0.46499768, 0.46499768,
       0.52066533, 0.53913058, 0.53913058, 0.55719662, 0.55719662,
       0.57484624, 0.57484624, 0.60929162, 0.66051102, 0.66051102,
       0.66051102, 0.67690134, 0.69313863, 0.69313863, 0.69313863,
       0.69313863, 0.70863564, 0.7238281 , 0.73897575, 0.73897575,
       0.73897575, 0.75346318, 0.75346318, 0.76750429, 0.78134249,
       0.80873636, 0.82222978, 0.82222978, 0.82222978, 0.82222978,
       0.82222978, 0.82222978, 0.83456549, 0.83456549, 0.84649248,
       0.84649248, 0.84649248, 0.84649248, 0.84649248, 0.84649248,
       0.86816405, 0.86816405, 0.86816405, 0.86816405, 0.86816405,
       0.87807275, 0.87807275, 0.87807275, 0.89650409, 0.89650409,
       0.91410167, 0.92283421, 0.92283421, 0.93119446, 0.93119446,
       0.93119446, 0.93119446, 0.93119446, 0.93119446, 0.93119446,
       0.93119446, 0.93119446, 0.93764179, 0.93764179, 0.93764179,
       0.93764179, 0.94335762, 0.94335762, 0.94335762, 0.95873411,
       0.96366633, 0.96366633, 0.96366633, 0.96366633, 0.96785467,
       0.97185002, 0.97185002, 0.97538267, 0.97887595, 0.97887595,
       0.98179953, 0.98179953, 0.98179953, 0.98179953, 0.98611567,
       0.98611567, 0.98988983, 0.98988983, 0.99278007, 0.99278007,
       0.99382597, 0.99474397, 0.99600156, 0.9977697 , 0.99870567,
       1.        ]), array([0.        , 0.29072428, 0.49841155, 0.59335045, 0.60907599,
       0.62460746, 0.68579998, 0.70088259, 0.70088259, 0.70088259,
       0.71555001, 0.71555001, 0.71555001, 0.72974447, 0.72974447,
       0.7574477 , 0.77119229, 0.784767  , 0.79817028, 0.8113054 ,
       0.8113054 , 0.82423602, 0.82423602, 0.82423602, 0.82423602,
       0.82423602, 0.83629496, 0.84822634, 0.84822634, 0.85983409,
       0.85983409, 0.87115858, 0.87115858, 0.87115858, 0.87115858,
       0.87115858, 0.87115858, 0.87115858, 0.87115858, 0.87115858,
       0.87115858, 0.87115858, 0.87115858, 0.87115858, 0.87115858,
       0.87115858, 0.87997371, 0.87997371, 0.87997371, 0.87997371,
       0.88814762, 0.88814762, 0.89598346, 0.89598346, 0.89598346,
       0.89598346, 0.89598346, 0.91710075, 0.91710075, 0.91710075,
       0.92371897, 0.93644931, 0.94266275, 0.94266275, 0.94266275,
       0.94266275, 0.94266275, 0.94266275, 0.94266275, 0.94266275,
       0.94761044, 0.94761044, 0.95687047, 0.95687047, 0.96548253,
       0.96548253, 0.96944138, 0.96944138, 0.97310829, 0.97310829,
       0.97635803, 0.97959986, 0.97959986, 0.9824086 , 0.9824086 ,
       0.9824086 , 0.9824086 , 0.9824086 , 0.9824086 , 0.98620109,
       0.98620109, 0.98620109, 0.9888272 , 0.99130939, 0.99130939,
       0.99225658, 0.99445004, 0.9950497 , 0.99687377, 0.99838507,
       1.        ]), array([0.        , 0.37896341, 0.44413549, 0.52457066, 0.52457066,
       0.52457066, 0.60265333, 0.60265333, 0.60265333, 0.60265333,
       0.63246678, 0.64721334, 0.64721334, 0.66158157, 0.67589121,
       0.67589121, 0.67589121, 0.689622  , 0.70319286, 0.71669736,
       0.74318495, 0.74318495, 0.75606574, 0.76881198, 0.78146209,
       0.78146209, 0.78146209, 0.79364877, 0.79364877, 0.79364877,
       0.80527816, 0.80527816, 0.80527816, 0.80527816, 0.80527816,
       0.81614804, 0.81614804, 0.81614804, 0.8263957 , 0.8263957 ,
       0.8263957 , 0.83618193, 0.83618193, 0.84566122, 0.84566122,
       0.84566122, 0.84566122, 0.8633152 , 0.87203988, 0.89744199,
       0.89744199, 0.89744199, 0.90542915, 0.90542915, 0.90542915,
       0.90542915, 0.90542915, 0.91258866, 0.91964392, 0.91964392,
       0.9329815 , 0.9329815 , 0.9329815 , 0.9329815 , 0.93906995,
       0.93906995, 0.93906995, 0.95004057, 0.95004057, 0.95525055,
       0.96021601, 0.96021601, 0.96485546, 0.96931776, 0.96931776,
       0.98184645, 0.98184645, 0.98184645, 0.98184645, 0.98184645,
       0.98184645, 0.98184645, 0.98184645, 0.98184645, 0.98184645,
       0.98184645, 0.98418069, 0.98634887, 0.98634887, 0.98634887,
       0.9881494 , 0.99119226, 0.99252364, 0.99252364, 0.99252364,
       0.99348553, 0.99420798, 0.99584987, 0.99765637, 0.99945678,
       1.        ]), array([0.        , 0.45210364, 0.52068903, 0.58865857, 0.65588026,
       0.68912484, 0.7220366 , 0.73835445, 0.75444306, 0.75444306,
       0.75444306, 0.75444306, 0.75444306, 0.76967812, 0.76967812,
       0.78455333, 0.79929108, 0.79929108, 0.81364993, 0.84195857,
       0.86997858, 0.86997858, 0.88364162, 0.88364162, 0.88364162,
       0.88364162, 0.88364162, 0.89645455, 0.89645455, 0.89645455,
       0.89645455, 0.90861816, 0.90861816, 0.90861816, 0.90861816,
       0.90861816, 0.90861816, 0.90861816, 0.90861816, 0.90861816,
       0.92957478, 0.92957478, 0.92957478, 0.92957478, 0.92957478,
       0.9392899 , 0.9392899 , 0.9392899 , 0.9392899 , 0.9392899 ,
       0.9392899 , 0.9392899 , 0.9392899 , 0.9392899 , 0.9392899 ,
       0.9392899 , 0.9392899 , 0.9392899 , 0.9392899 , 0.9465573 ,
       0.9465573 , 0.9465573 , 0.95323599, 0.9598237 , 0.9598237 ,
       0.9598237 , 0.9598237 , 0.9598237 , 0.96545293, 0.96545293,
       0.96545293, 0.96545293, 0.96545293, 0.96545293, 0.97007645,
       0.97007645, 0.97007645, 0.97007645, 0.97007645, 0.97007645,
       0.97360751, 0.97360751, 0.97360751, 0.97663229, 0.97663229,
       0.97928361, 0.9818299 , 0.98422105, 0.98862147, 0.98862147,
       0.98862147, 0.98862147, 0.99015662, 0.99142761, 0.99367918,
       0.99457629, 0.99619364, 0.9973662 , 0.99812577, 0.99939173,
       1.        ]), array([0.        , 0.41716445, 0.46669494, 0.49929212, 0.51539046,
       0.56321532, 0.62650226, 0.64217913, 0.64217913, 0.6727821 ,
       0.68793376, 0.68793376, 0.68793376, 0.70254422, 0.71696986,
       0.73118495, 0.75945687, 0.7874557 , 0.80118915, 0.80118915,
       0.80118915, 0.80118915, 0.80118915, 0.80118915, 0.81399224,
       0.82667576, 0.8390623 , 0.85136092, 0.85136092, 0.85136092,
       0.85136092, 0.86300252, 0.86300252, 0.8742458 , 0.8742458 ,
       0.8742458 , 0.8742458 , 0.8742458 , 0.8742458 , 0.8742458 ,
       0.8742458 , 0.88411696, 0.88411696, 0.88411696, 0.90300616,
       0.91222582, 0.91222582, 0.92120531, 0.93003109, 0.93003109,
       0.93003109, 0.93003109, 0.93003109, 0.93003109, 0.93779187,
       0.93779187, 0.93779187, 0.93779187, 0.93779187, 0.93779187,
       0.94459966, 0.94459966, 0.94459966, 0.94459966, 0.94459966,
       0.94459966, 0.95033163, 0.95033163, 0.95033163, 0.95033163,
       0.95033163, 0.95534311, 0.96012192, 0.96469589, 0.96469589,
       0.96469589, 0.96881875, 0.96881875, 0.97250458, 0.97250458,
       0.97250458, 0.97250458, 0.98174036, 0.98174036, 0.98174036,
       0.98436178, 0.98436178, 0.9865936 , 0.99070247, 0.99070247,
       0.99252585, 0.99408947, 0.99408947, 0.99408947, 0.99408947,
       0.99408947, 0.9948925 , 0.99714778, 0.99714778, 0.99793868,
       1.        ])]","[array([0.00000000e+00, 6.31038180e-04, 1.61864794e-03, 1.61864794e-03,
       1.61864794e-03, 3.66037474e-03, 4.40879772e-03, 4.40879772e-03,
       5.45607098e-03, 5.45607098e-03, 6.81509203e-03, 6.81509203e-03,
       1.01723378e-02, 1.55440947e-02, 1.55440947e-02, 1.55440947e-02,
       1.78458392e-02, 2.02621473e-02, 2.02621473e-02, 2.02621473e-02,
       2.02621473e-02, 2.32326443e-02, 2.64311279e-02, 2.96631571e-02,
       2.96631571e-02, 2.96631571e-02, 3.33894387e-02, 3.33894387e-02,
       3.74498439e-02, 4.16621541e-02, 5.02982696e-02, 5.47686786e-02,
       5.47686786e-02, 5.47686786e-02, 5.47686786e-02, 5.47686786e-02,
       5.47686786e-02, 6.01057738e-02, 6.01057738e-02, 6.57488408e-02,
       6.57488408e-02, 6.57488408e-02, 6.57488408e-02, 6.57488408e-02,
       6.57488408e-02, 7.86687575e-02, 7.86687575e-02, 7.86687575e-02,
       7.86687575e-02, 7.86687575e-02, 8.58227477e-02, 8.58227477e-02,
       8.58227477e-02, 1.01168355e-01, 1.01168355e-01, 1.17138126e-01,
       1.25172601e-01, 1.25172601e-01, 1.33485788e-01, 1.33485788e-01,
       1.33485788e-01, 1.33485788e-01, 1.33485788e-01, 1.33485788e-01,
       1.33485788e-01, 1.33485788e-01, 1.33485788e-01, 1.43231014e-01,
       1.43231014e-01, 1.43231014e-01, 1.43231014e-01, 1.53523847e-01,
       1.53523847e-01, 1.53523847e-01, 1.85728154e-01, 1.96607613e-01,
       1.96607613e-01, 1.96607613e-01, 1.96607613e-01, 2.08043956e-01,
       2.19624766e-01, 2.19624766e-01, 2.31551971e-01, 2.43508637e-01,
       2.43508637e-01, 2.55891799e-01, 2.55891799e-01, 2.55891799e-01,
       2.55891799e-01, 2.81804262e-01, 2.81804262e-01, 3.08122453e-01,
       3.08122453e-01, 3.35102369e-01, 3.35102369e-01, 3.48891186e-01,
       3.62775750e-01, 3.90977893e-01, 4.47941419e-01, 4.90956123e-01,
       1.00000000e+00]), array([0.        , 0.00115989, 0.00440936, 0.00687875, 0.00739355,
       0.00811362, 0.01198108, 0.01317589, 0.01317589, 0.01317589,
       0.01480983, 0.01480983, 0.01480983, 0.01694402, 0.01694402,
       0.02193762, 0.02454762, 0.0273373 , 0.03030829, 0.03356291,
       0.03356291, 0.03703383, 0.03703383, 0.03703383, 0.03703383,
       0.03703383, 0.04142669, 0.04595448, 0.04595448, 0.05082455,
       0.05082455, 0.05599421, 0.05599421, 0.05599421, 0.05599421,
       0.05599421, 0.05599421, 0.05599421, 0.05599421, 0.05599421,
       0.05599421, 0.05599421, 0.05599421, 0.05599421, 0.05599421,
       0.05599421, 0.06381797, 0.06381797, 0.06381797, 0.06381797,
       0.07231992, 0.07231992, 0.08117943, 0.08117943, 0.08117943,
       0.08117943, 0.08117943, 0.11028607, 0.11028607, 0.11028607,
       0.12043343, 0.14126344, 0.15183893, 0.15183893, 0.15183893,
       0.15183893, 0.15183893, 0.15183893, 0.15183893, 0.15183893,
       0.16375316, 0.16375316, 0.18825362, 0.18825362, 0.21343941,
       0.21343941, 0.22639951, 0.22639951, 0.23966839, 0.23966839,
       0.2533785 , 0.26709697, 0.26709697, 0.28127351, 0.28127351,
       0.28127351, 0.28127351, 0.28127351, 0.28127351, 0.31155684,
       0.31155684, 0.31155684, 0.3430738 , 0.37474299, 0.37474299,
       0.39088844, 0.44001028, 0.45652329, 0.54033035, 0.65876276,
       1.        ]), array([0.00000000e+00, 5.39494178e-04, 1.38294400e-03, 3.48824375e-03,
       3.48824375e-03, 3.48824375e-03, 7.99415928e-03, 7.99415928e-03,
       7.99415928e-03, 7.99415928e-03, 1.12451752e-02, 1.30341261e-02,
       1.30341261e-02, 1.52091440e-02, 1.74439473e-02, 1.74439473e-02,
       1.74439473e-02, 2.02694404e-02, 2.32581319e-02, 2.63145499e-02,
       3.29594415e-02, 3.29594415e-02, 3.66523156e-02, 4.04824964e-02,
       4.44107705e-02, 4.44107705e-02, 4.44107705e-02, 4.88119512e-02,
       4.88119512e-02, 4.88119512e-02, 5.37818128e-02, 5.37818128e-02,
       5.37818128e-02, 5.37818128e-02, 5.37818128e-02, 5.95267314e-02,
       5.95267314e-02, 5.95267314e-02, 6.59065900e-02, 6.59065900e-02,
       6.59065900e-02, 7.27573041e-02, 7.27573041e-02, 7.99212488e-02,
       7.99212488e-02, 7.99212488e-02, 7.99212488e-02, 9.55804085e-02,
       1.03514398e-01, 1.28104058e-01, 1.28104058e-01, 1.28104058e-01,
       1.36790650e-01, 1.36790650e-01, 1.36790650e-01, 1.36790650e-01,
       1.36790650e-01, 1.46321811e-01, 1.55959353e-01, 1.55959353e-01,
       1.76023191e-01, 1.76023191e-01, 1.76023191e-01, 1.76023191e-01,
       1.86647319e-01, 1.86647319e-01, 1.86647319e-01, 2.09126519e-01,
       2.09126519e-01, 2.20647088e-01, 2.32417169e-01, 2.32417169e-01,
       2.44519930e-01, 2.56803465e-01, 2.56803465e-01, 2.94529823e-01,
       2.94529823e-01, 2.94529823e-01, 2.94529823e-01, 2.94529823e-01,
       2.94529823e-01, 2.94529823e-01, 2.94529823e-01, 2.94529823e-01,
       2.94529823e-01, 2.94529823e-01, 3.08984936e-01, 3.23609506e-01,
       3.23609506e-01, 3.23609506e-01, 3.38609248e-01, 3.69178350e-01,
       3.84656834e-01, 3.84656834e-01, 3.84656834e-01, 4.00512366e-01,
       4.16612232e-01, 4.65448036e-01, 5.30952961e-01, 6.46975388e-01,
       1.00000000e+00]), array([0.00000000e+00, 6.39833833e-04, 1.62739722e-03, 3.18003631e-03,
       5.41887762e-03, 6.87436005e-03, 8.63523300e-03, 9.64231258e-03,
       1.08597434e-02, 1.08597434e-02, 1.08597434e-02, 1.08597434e-02,
       1.08597434e-02, 1.28603434e-02, 1.28603434e-02, 1.51911328e-02,
       1.76480471e-02, 1.76480471e-02, 2.04526258e-02, 2.64371240e-02,
       3.26864539e-02, 3.26864539e-02, 3.61294777e-02, 3.61294777e-02,
       3.61294777e-02, 3.61294777e-02, 3.61294777e-02, 4.03525263e-02,
       4.03525263e-02, 4.03525263e-02, 4.03525263e-02, 4.51713569e-02,
       4.51713569e-02, 4.51713569e-02, 4.51713569e-02, 4.51713569e-02,
       4.51713569e-02, 4.51713569e-02, 4.51713569e-02, 4.51713569e-02,
       5.79017537e-02, 5.79017537e-02, 5.79017537e-02, 5.79017537e-02,
       5.79017537e-02, 6.49672113e-02, 6.49672113e-02, 6.49672113e-02,
       6.49672113e-02, 6.49672113e-02, 6.49672113e-02, 6.49672113e-02,
       6.49672113e-02, 6.49672113e-02, 6.49672113e-02, 6.49672113e-02,
       6.49672113e-02, 6.49672113e-02, 6.49672113e-02, 7.42786020e-02,
       7.42786020e-02, 7.42786020e-02, 8.41301618e-02, 9.40652109e-02,
       9.40652109e-02, 9.40652109e-02, 9.40652109e-02, 9.40652109e-02,
       1.04879707e-01, 1.04879707e-01, 1.04879707e-01, 1.04879707e-01,
       1.04879707e-01, 1.04879707e-01, 1.16617013e-01, 1.16617013e-01,
       1.16617013e-01, 1.16617013e-01, 1.16617013e-01, 1.16617013e-01,
       1.29356702e-01, 1.29356702e-01, 1.29356702e-01, 1.42560935e-01,
       1.42560935e-01, 1.56107836e-01, 1.69751115e-01, 1.83536738e-01,
       2.11458385e-01, 2.11458385e-01, 2.11458385e-01, 2.11458385e-01,
       2.26029442e-01, 2.40842872e-01, 2.70736218e-01, 2.85892704e-01,
       3.16367976e-01, 3.47251369e-01, 3.78513701e-01, 4.57250319e-01,
       1.00000000e+00]), array([0.00000000e+00, 8.08439046e-04, 1.43139128e-03, 2.26718594e-03,
       2.88408105e-03, 5.20198549e-03, 8.76907062e-03, 9.80480615e-03,
       9.80480615e-03, 1.26223379e-02, 1.41799901e-02, 1.41799901e-02,
       1.41799901e-02, 1.62754663e-02, 1.85545940e-02, 2.10429607e-02,
       2.61769677e-02, 3.15823494e-02, 3.45493448e-02, 3.45493448e-02,
       3.45493448e-02, 3.45493448e-02, 3.45493448e-02, 3.45493448e-02,
       3.84408801e-02, 4.24512340e-02, 4.67567179e-02, 5.11495702e-02,
       5.11495702e-02, 5.11495702e-02, 5.11495702e-02, 5.61953251e-02,
       5.61953251e-02, 6.16369171e-02, 6.16369171e-02, 6.16369171e-02,
       6.16369171e-02, 6.16369171e-02, 6.16369171e-02, 6.16369171e-02,
       6.16369171e-02, 6.84420355e-02, 6.84420355e-02, 6.84420355e-02,
       8.29000770e-02, 9.03526209e-02, 9.03526209e-02, 9.80438392e-02,
       1.05887810e-01, 1.05887810e-01, 1.05887810e-01, 1.05887810e-01,
       1.05887810e-01, 1.05887810e-01, 1.14790114e-01, 1.14790114e-01,
       1.14790114e-01, 1.14790114e-01, 1.14790114e-01, 1.14790114e-01,
       1.24639455e-01, 1.24639455e-01, 1.24639455e-01, 1.24639455e-01,
       1.24639455e-01, 1.24639455e-01, 1.35557878e-01, 1.35557878e-01,
       1.35557878e-01, 1.35557878e-01, 1.35557878e-01, 1.47192283e-01,
       1.59057912e-01, 1.71127091e-01, 1.71127091e-01, 1.71127091e-01,
       1.83644559e-01, 1.83644559e-01, 1.96596326e-01, 1.96596326e-01,
       1.96596326e-01, 1.96596326e-01, 2.37261938e-01, 2.37261938e-01,
       2.37261938e-01, 2.51271459e-01, 2.51271459e-01, 2.65668147e-01,
       2.94814062e-01, 2.94814062e-01, 3.09616622e-01, 3.24677330e-01,
       3.24677330e-01, 3.24677330e-01, 3.24677330e-01, 3.24677330e-01,
       3.40493868e-01, 4.04710860e-01, 4.04710860e-01, 4.53768536e-01,
       1.00000000e+00])]",0.0279190801524071,0.0084000339003229,0.003921700624847,0.002154311192533,"[{'lambda_reg': 0.001180736185847644, 'K_bin': 1, 'gamma': 0.007051674412568022}, {'lambda_reg': 0.052646626959793545, 'K_bin': 1, 'gamma': 0.9123265361070955}, {'lambda_reg': 0.0012448923573657267, 'K_bin': 1, 'gamma': 0.002185110295056317}, {'lambda_reg': 7.875597627816386e-05, 'K_bin': 1, 'gamma': 0.0019898502687858252}, {'lambda_reg': 0.0001326865695926694, 'K_bin': 1, 'gamma': 0.005058335323090634}]",600,1,cauchy,25
"[np.float64(0.07114776001675965), np.float64(0.06382361179968121), np.float64(0.09965590763861824), np.float64(0.055379453210069665), np.float64(0.08202464964022983)]",0.0744062764610717,0.0153636858095784,"[np.float64(0.8008194685020249), np.float64(0.8547786925521832), np.float64(0.8001678834142779), np.float64(0.8333981933775872), np.float64(0.8511437795878454)]",0.8280616034867837,0.0236442907754183,"[np.float64(0.9559122404273893), np.float64(0.964840520610426), np.float64(0.9656297589795015), np.float64(0.9713806125119022), np.float64(0.959719695376241)]",0.963496565581092,0.0052972004263476,"[array([0.        , 0.27827461, 0.36973309, 0.44219517, 0.44219517,
       0.44219517, 0.44219517, 0.51160739, 0.51160739, 0.51160739,
       0.51160739, 0.52829855, 0.52829855, 0.56085536, 0.59314105,
       0.60910319, 0.60910319, 0.60910319, 0.62449273, 0.65481989,
       0.65481989, 0.68440315, 0.68440315, 0.69879789, 0.69879789,
       0.69879789, 0.72654937, 0.74026806, 0.74026806, 0.76696292,
       0.76696292, 0.76696292, 0.76696292, 0.76696292, 0.76696292,
       0.7790748 , 0.7790748 , 0.80267913, 0.80267913, 0.81411083,
       0.81411083, 0.81411083, 0.81411083, 0.82472847, 0.84566465,
       0.85604112, 0.85604112, 0.88585574, 0.89566344, 0.89566344,
       0.89566344, 0.89566344, 0.89566344, 0.89566344, 0.89566344,
       0.89566344, 0.89566344, 0.89566344, 0.91150559, 0.91150559,
       0.9189574 , 0.92628948, 0.92628948, 0.93323641, 0.93323641,
       0.93986287, 0.93986287, 0.93986287, 0.93986287, 0.93986287,
       0.94555695, 0.950972  , 0.95631067, 0.96139786, 0.96139786,
       0.96139786, 0.96139786, 0.96139786, 0.96562608, 0.96562608,
       0.96562608, 0.97293923, 0.97293923, 0.97293923, 0.97898306,
       0.97898306, 0.97898306, 0.98140488, 0.98374851, 0.98579732,
       0.98579732, 0.98579732, 0.98730301, 0.99006237, 0.99122384,
       0.99434206, 0.99434206, 0.99627376, 0.99627376, 0.99851426,
       1.        ]), array([0.        , 0.38009851, 0.48523164, 0.55959699, 0.57431638,
       0.60337587, 0.60337587, 0.63192422, 0.66013766, 0.68806025,
       0.70178314, 0.70178314, 0.71529369, 0.72861905, 0.72861905,
       0.76763737, 0.78047931, 0.78047931, 0.78047931, 0.79290037,
       0.79290037, 0.79290037, 0.79290037, 0.80472659, 0.80472659,
       0.82784332, 0.82784332, 0.82784332, 0.82784332, 0.82784332,
       0.82784332, 0.82784332, 0.85919157, 0.85919157, 0.85919157,
       0.85919157, 0.85919157, 0.85919157, 0.85919157, 0.85919157,
       0.85919157, 0.86825557, 0.86825557, 0.87698461, 0.87698461,
       0.87698461, 0.88526197, 0.90981631, 0.90981631, 0.90981631,
       0.91758495, 0.91758495, 0.91758495, 0.92485181, 0.92485181,
       0.92485181, 0.93158396, 0.93158396, 0.93158396, 0.93158396,
       0.93158396, 0.93757909, 0.93757909, 0.93757909, 0.93757909,
       0.93757909, 0.93757909, 0.94274196, 0.94771937, 0.94771937,
       0.94771937, 0.94771937, 0.95207201, 0.95207201, 0.96017736,
       0.96017736, 0.96017736, 0.96017736, 0.96710479, 0.97042649,
       0.97358558, 0.97660011, 0.97660011, 0.97660011, 0.97660011,
       0.97899437, 0.97899437, 0.97899437, 0.98082835, 0.98082835,
       0.98564515, 0.98708247, 0.98831609, 0.98938485, 0.99125382,
       0.99204117, 0.99545647, 0.99758109, 0.99911373, 0.99911373,
       1.        ]), array([0.        , 0.42360313, 0.50105369, 0.50105369, 0.57710182,
       0.57710182, 0.57710182, 0.62120514, 0.62120514, 0.64991363,
       0.64991363, 0.64991363, 0.66379687, 0.69129006, 0.71836891,
       0.71836891, 0.73165253, 0.75784378, 0.75784378, 0.75784378,
       0.77053799, 0.77053799, 0.77053799, 0.78275248, 0.78275248,
       0.78275248, 0.78275248, 0.79431217, 0.79431217, 0.80547066,
       0.80547066, 0.80547066, 0.80547066, 0.81608633, 0.81608633,
       0.82641851, 0.82641851, 0.82641851, 0.82641851, 0.8457894 ,
       0.86485515, 0.88351069, 0.88351069, 0.88351069, 0.89239659,
       0.89239659, 0.89239659, 0.89239659, 0.89239659, 0.89239659,
       0.9083653 , 0.9083653 , 0.91596628, 0.92346356, 0.92346356,
       0.92346356, 0.93048508, 0.93048508, 0.93048508, 0.93048508,
       0.93686675, 0.94311705, 0.94311705, 0.95489719, 0.95489719,
       0.95489719, 0.96028377, 0.96028377, 0.96545682, 0.97036396,
       0.97517779, 0.97985436, 0.97985436, 0.97985436, 0.97985436,
       0.97985436, 0.97985436, 0.97985436, 0.97985436, 0.97985436,
       0.97985436, 0.97985436, 0.97985436, 0.98256771, 0.98256771,
       0.98506837, 0.98506837, 0.98714066, 0.98714066, 0.99061847,
       0.99061847, 0.99213469, 0.99213469, 0.99213469, 0.99321027,
       0.99400023, 0.99400023, 0.99679933, 0.99837042, 0.99951171,
       1.        ]), array([0.        , 0.32538919, 0.41005273, 0.46018789, 0.50990642,
       0.52629994, 0.57491992, 0.60716453, 0.68668707, 0.68668707,
       0.70225706, 0.71768138, 0.73279958, 0.73279958, 0.73279958,
       0.73279958, 0.73279958, 0.73279958, 0.7470321 , 0.7470321 ,
       0.77459509, 0.78821885, 0.80163516, 0.82813224, 0.82813224,
       0.82813224, 0.82813224, 0.82813224, 0.84052338, 0.86505034,
       0.86505034, 0.86505034, 0.86505034, 0.86505034, 0.86505034,
       0.8762113 , 0.8762113 , 0.8762113 , 0.88701533, 0.88701533,
       0.89737574, 0.89737574, 0.90744572, 0.90744572, 0.90744572,
       0.90744572, 0.90744572, 0.90744572, 0.90744572, 0.90744572,
       0.91605515, 0.91605515, 0.9243091 , 0.93250752, 0.93250752,
       0.93250752, 0.93250752, 0.93250752, 0.93250752, 0.93971361,
       0.93971361, 0.93971361, 0.94629087, 0.94629087, 0.94629087,
       0.94629087, 0.94629087, 0.94629087, 0.95181571, 0.95181571,
       0.95181571, 0.95181571, 0.95181571, 0.95181571, 0.95181571,
       0.95181571, 0.95181571, 0.95588317, 0.96366432, 0.96366432,
       0.96709842, 0.96709842, 0.97031583, 0.97031583, 0.97307708,
       0.97567415, 0.98056592, 0.98056592, 0.98268651, 0.98473072,
       0.98473072, 0.98798021, 0.99093858, 0.99093858, 0.99424935,
       0.99511759, 0.99590578, 0.99710074, 0.99758863, 0.99865135,
       1.        ]), array([0.        , 0.32177081, 0.40120733, 0.44838658, 0.4639623 ,
       0.4793321 , 0.49460514, 0.57005845, 0.61475232, 0.61475232,
       0.61475232, 0.64360874, 0.64360874, 0.65768787, 0.65768787,
       0.68523386, 0.71249611, 0.71249611, 0.7258287 , 0.738989  ,
       0.75204493, 0.75204493, 0.75204493, 0.76457803, 0.77686892,
       0.78903462, 0.8129971 , 0.82486948, 0.82486948, 0.83644033,
       0.83644033, 0.83644033, 0.83644033, 0.84739949, 0.85819221,
       0.85819221, 0.85819221, 0.85819221, 0.85819221, 0.85819221,
       0.85819221, 0.85819221, 0.8675571 , 0.8675571 , 0.8675571 ,
       0.8675571 , 0.87633299, 0.87633299, 0.87633299, 0.88459864,
       0.89266542, 0.89266542, 0.89266542, 0.90804415, 0.90804415,
       0.90804415, 0.91527264, 0.91527264, 0.9221121 , 0.9221121 ,
       0.9221121 , 0.9221121 , 0.92837581, 0.92837581, 0.92837581,
       0.92837581, 0.93951704, 0.93951704, 0.94480247, 0.94983937,
       0.95469468, 0.96409772, 0.96409772, 0.96409772, 0.96409772,
       0.9681448 , 0.97210457, 0.97210457, 0.9757937 , 0.9757937 ,
       0.9757937 , 0.97895444, 0.97895444, 0.98176453, 0.98176453,
       0.98176453, 0.98408808, 0.98408808, 0.98408808, 0.98408808,
       0.98756712, 0.98903172, 0.99046294, 0.99046294, 0.99154533,
       0.99154533, 0.99360864, 0.9959446 , 0.99684677, 0.99949395,
       1.        ])]","[array([0.00000000e+00, 5.82743409e-04, 1.83201985e-03, 3.40345904e-03,
       3.40345904e-03, 3.40345904e-03, 3.40345904e-03, 7.45056219e-03,
       7.45056219e-03, 7.45056219e-03, 7.45056219e-03, 8.99961281e-03,
       8.99961281e-03, 1.27678138e-02, 1.67560830e-02, 1.88969017e-02,
       1.88969017e-02, 1.88969017e-02, 2.15025166e-02, 2.70805832e-02,
       2.70805832e-02, 3.32624953e-02, 3.32624953e-02, 3.66756117e-02,
       3.66756117e-02, 3.66756117e-02, 4.43444338e-02, 4.83063188e-02,
       4.83063188e-02, 5.68328287e-02, 5.68328287e-02, 5.68328287e-02,
       5.68328287e-02, 5.68328287e-02, 5.68328287e-02, 6.20990035e-02,
       6.20990035e-02, 7.31341788e-02, 7.31341788e-02, 7.89524798e-02,
       7.89524798e-02, 7.89524798e-02, 7.89524798e-02, 8.54315844e-02,
       9.86325638e-02, 1.05307427e-01, 1.05307427e-01, 1.26399266e-01,
       1.33535814e-01, 1.33535814e-01, 1.33535814e-01, 1.33535814e-01,
       1.33535814e-01, 1.33535814e-01, 1.33535814e-01, 1.33535814e-01,
       1.33535814e-01, 1.33535814e-01, 1.50871767e-01, 1.50871767e-01,
       1.59920656e-01, 1.69066734e-01, 1.69066734e-01, 1.78525447e-01,
       1.78525447e-01, 1.88244301e-01, 1.88244301e-01, 1.88244301e-01,
       1.88244301e-01, 1.88244301e-01, 1.98719990e-01, 2.09422175e-01,
       2.20186360e-01, 2.31154674e-01, 2.31154674e-01, 2.31154674e-01,
       2.31154674e-01, 2.31154674e-01, 2.42820241e-01, 2.42820241e-01,
       2.42820241e-01, 2.67079420e-01, 2.67079420e-01, 2.67079420e-01,
       2.92368941e-01, 2.92368941e-01, 2.92368941e-01, 3.05500809e-01,
       3.18696155e-01, 3.32130807e-01, 3.32130807e-01, 3.32130807e-01,
       3.46006329e-01, 3.73961937e-01, 3.88116875e-01, 4.30878925e-01,
       4.30878925e-01, 4.74604104e-01, 4.74604104e-01, 5.93567273e-01,
       1.00000000e+00]), array([0.        , 0.00119801, 0.00309446, 0.00532908, 0.00596133,
       0.00768322, 0.00768322, 0.01002152, 0.01276368, 0.01585658,
       0.01769054, 0.01769054, 0.01978054, 0.02209389, 0.02209389,
       0.03018889, 0.0330852 , 0.0330852 , 0.0330852 , 0.03648906,
       0.03648906, 0.03648906, 0.03648906, 0.04061025, 0.04061025,
       0.04949865, 0.04949865, 0.04949865, 0.04949865, 0.04949865,
       0.04949865, 0.04949865, 0.06684315, 0.06684315, 0.06684315,
       0.06684315, 0.06684315, 0.06684315, 0.06684315, 0.06684315,
       0.06684315, 0.07429535, 0.07429535, 0.0821515 , 0.0821515 ,
       0.0821515 , 0.09055234, 0.11608976, 0.11608976, 0.11608976,
       0.12510407, 0.12510407, 0.12510407, 0.13472349, 0.13472349,
       0.13472349, 0.14498772, 0.14498772, 0.14498772, 0.14498772,
       0.14498772, 0.15614075, 0.15614075, 0.15614075, 0.15614075,
       0.15614075, 0.15614075, 0.16829742, 0.18067772, 0.18067772,
       0.18067772, 0.18067772, 0.19381146, 0.19381146, 0.22080241,
       0.22080241, 0.22080241, 0.22080241, 0.24921383, 0.2635908 ,
       0.27816386, 0.29291125, 0.29291125, 0.29291125, 0.29291125,
       0.30840664, 0.30840664, 0.30840664, 0.32457769, 0.32457769,
       0.37391705, 0.39056643, 0.40746146, 0.4245553 , 0.45906683,
       0.47650002, 0.56429483, 0.63526343, 0.7069459 , 0.7069459 ,
       1.        ]), array([0.00000000e+00, 7.65142497e-04, 2.02964638e-03, 2.02964638e-03,
       4.87756930e-03, 4.87756930e-03, 4.87756930e-03, 8.30878400e-03,
       8.30878400e-03, 1.13795073e-02, 1.13795073e-02, 1.13795073e-02,
       1.34466652e-02, 1.78895350e-02, 2.28002217e-02, 2.28002217e-02,
       2.55443847e-02, 3.14572196e-02, 3.14572196e-02, 3.14572196e-02,
       3.48668639e-02, 3.48668639e-02, 3.48668639e-02, 3.88181400e-02,
       3.88181400e-02, 3.88181400e-02, 3.88181400e-02, 4.35087214e-02,
       4.35087214e-02, 4.86522766e-02, 4.86522766e-02, 4.86522766e-02,
       4.86522766e-02, 5.44087227e-02, 5.44087227e-02, 6.04852313e-02,
       6.04852313e-02, 6.04852313e-02, 6.04852313e-02, 7.40986700e-02,
       8.80566344e-02, 1.02477744e-01, 1.02477744e-01, 1.02477744e-01,
       1.10187186e-01, 1.10187186e-01, 1.10187186e-01, 1.10187186e-01,
       1.10187186e-01, 1.10187186e-01, 1.27641897e-01, 1.27641897e-01,
       1.36802100e-01, 1.46079383e-01, 1.46079383e-01, 1.46079383e-01,
       1.55893836e-01, 1.55893836e-01, 1.55893836e-01, 1.55893836e-01,
       1.66430715e-01, 1.77115912e-01, 1.77115912e-01, 1.99299765e-01,
       1.99299765e-01, 1.99299765e-01, 2.10960164e-01, 2.10960164e-01,
       2.22861647e-01, 2.35063348e-01, 2.47370413e-01, 2.59832456e-01,
       2.59832456e-01, 2.59832456e-01, 2.59832456e-01, 2.59832456e-01,
       2.59832456e-01, 2.59832456e-01, 2.59832456e-01, 2.59832456e-01,
       2.59832456e-01, 2.59832456e-01, 2.59832456e-01, 2.74511084e-01,
       2.74511084e-01, 2.89429863e-01, 2.89429863e-01, 3.04832292e-01,
       3.04832292e-01, 3.36389960e-01, 3.36389960e-01, 3.52420229e-01,
       3.52420229e-01, 3.52420229e-01, 3.68948005e-01, 3.85798251e-01,
       3.85798251e-01, 4.71348741e-01, 5.40543548e-01, 6.27965803e-01,
       1.00000000e+00]), array([0.00000000e+00, 7.43978381e-04, 1.85026053e-03, 3.13942324e-03,
       4.82161203e-03, 5.55150225e-03, 8.26998496e-03, 1.02414628e-02,
       1.61974240e-02, 1.61974240e-02, 1.77041783e-02, 1.93483507e-02,
       2.12812892e-02, 2.12812892e-02, 2.12812892e-02, 2.12812892e-02,
       2.12812892e-02, 2.12812892e-02, 2.40497240e-02, 2.40497240e-02,
       3.04375273e-02, 3.37802187e-02, 3.73186109e-02, 4.47119212e-02,
       4.47119212e-02, 4.47119212e-02, 4.47119212e-02, 4.47119212e-02,
       4.92173948e-02, 5.84691808e-02, 5.84691808e-02, 5.84691808e-02,
       5.84691808e-02, 5.84691808e-02, 5.84691808e-02, 6.41351242e-02,
       6.41351242e-02, 6.41351242e-02, 7.01377623e-02, 7.01377623e-02,
       7.65588942e-02, 7.65588942e-02, 8.32539824e-02, 8.32539824e-02,
       8.32539824e-02, 8.32539824e-02, 8.32539824e-02, 8.32539824e-02,
       8.32539824e-02, 8.32539824e-02, 9.13268678e-02, 9.13268678e-02,
       9.97350899e-02, 1.08195685e-01, 1.08195685e-01, 1.08195685e-01,
       1.08195685e-01, 1.08195685e-01, 1.08195685e-01, 1.17592389e-01,
       1.17592389e-01, 1.17592389e-01, 1.27582280e-01, 1.27582280e-01,
       1.27582280e-01, 1.27582280e-01, 1.27582280e-01, 1.27582280e-01,
       1.38564960e-01, 1.38564960e-01, 1.38564960e-01, 1.38564960e-01,
       1.38564960e-01, 1.38564960e-01, 1.38564960e-01, 1.38564960e-01,
       1.38564960e-01, 1.50922434e-01, 1.75971109e-01, 1.75971109e-01,
       1.88926054e-01, 1.88926054e-01, 2.02085405e-01, 2.02085405e-01,
       2.15675067e-01, 2.29419610e-01, 2.57193933e-01, 2.57193933e-01,
       2.71387956e-01, 2.85654021e-01, 2.85654021e-01, 3.14977559e-01,
       3.44575716e-01, 3.44575716e-01, 3.90035894e-01, 4.05411298e-01,
       4.20862218e-01, 4.52123857e-01, 4.67858062e-01, 5.31633345e-01,
       1.00000000e+00]), array([0.00000000e+00, 8.71251017e-04, 2.16459679e-03, 3.45654353e-03,
       4.04827283e-03, 4.86011381e-03, 5.77539488e-03, 1.13265098e-02,
       1.52751502e-02, 1.52751502e-02, 1.52751502e-02, 1.89118294e-02,
       1.89118294e-02, 2.11033147e-02, 2.11033147e-02, 2.61407522e-02,
       3.14814846e-02, 3.14814846e-02, 3.44709634e-02, 3.76446044e-02,
       4.09298151e-02, 4.09298151e-02, 4.09298151e-02, 4.47738885e-02,
       4.88768745e-02, 5.31136782e-02, 6.19816397e-02, 6.65319725e-02,
       6.65319725e-02, 7.14046315e-02, 7.14046315e-02, 7.14046315e-02,
       7.14046315e-02, 7.69311406e-02, 8.26355594e-02, 8.26355594e-02,
       8.26355594e-02, 8.26355594e-02, 8.26355594e-02, 8.26355594e-02,
       8.26355594e-02, 8.26355594e-02, 8.98662346e-02, 8.98662346e-02,
       8.98662346e-02, 8.98662346e-02, 9.77265024e-02, 9.77265024e-02,
       9.77265024e-02, 1.06132192e-01, 1.14750450e-01, 1.14750450e-01,
       1.14750450e-01, 1.32793835e-01, 1.32793835e-01, 1.32793835e-01,
       1.42308165e-01, 1.42308165e-01, 1.52238345e-01, 1.52238345e-01,
       1.52238345e-01, 1.52238345e-01, 1.62783956e-01, 1.62783956e-01,
       1.62783956e-01, 1.62783956e-01, 1.85356927e-01, 1.85356927e-01,
       1.96948252e-01, 2.08805243e-01, 2.20856336e-01, 2.45287308e-01,
       2.45287308e-01, 2.45287308e-01, 2.45287308e-01, 2.58202351e-01,
       2.71210714e-01, 2.71210714e-01, 2.84508368e-01, 2.84508368e-01,
       2.84508368e-01, 2.98370848e-01, 2.98370848e-01, 3.12608135e-01,
       3.12608135e-01, 3.12608135e-01, 3.27365506e-01, 3.27365506e-01,
       3.27365506e-01, 3.27365506e-01, 3.58128818e-01, 3.73804347e-01,
       3.89515555e-01, 3.89515555e-01, 4.05599629e-01, 4.05599629e-01,
       4.55117338e-01, 5.21584690e-01, 5.55102487e-01, 7.41924730e-01,
       1.00000000e+00])]",0.007324126907032,0.0096224636179667,0.0006327413791065,0.0005718355514852,"[{'lambda_reg': 0.6606054736267819, 'K_bin': 1}, {'lambda_reg': 0.33203360924684117, 'K_bin': 1}, {'lambda_reg': 0.10328763165916174, 'K_bin': 1}, {'lambda_reg': 0.7465821238430391, 'K_bin': 1}, {'lambda_reg': 0.5440708334805417, 'K_bin': 1}]",600,1,linear,21
"[np.float64(0.20245942471807193), np.float64(0.22010879345111053), np.float64(0.2135647392995523), np.float64(0.23848333428820173), np.float64(0.241635166144313)]",0.2232502915802499,0.0148727151605679,"[np.float64(0.7001063954907024), np.float64(0.7233522890117785), np.float64(0.7033029174782502), np.float64(0.640916109434342), np.float64(0.7054992076363489)]",0.6946353838102844,0.0280481794797656,"[np.float64(0.675705667897329), np.float64(0.6852204106238271), np.float64(0.7026463615359626), np.float64(0.6855279514585355), np.float64(0.6794472570156325)]",0.6857095297062573,0.0092349530687323,"[array([0.        , 0.        , 0.        , 0.        , 0.        ,
       0.        , 0.        , 0.        , 0.        , 0.        ,
       0.        , 0.        , 0.        , 0.        , 0.01377501,
       0.01377501, 0.04075748, 0.05400604, 0.06723941, 0.06723941,
       0.06723941, 0.06723941, 0.07968955, 0.07968955, 0.10416195,
       0.15224336, 0.16420829, 0.16420829, 0.17581939, 0.18717125,
       0.19842807, 0.19842807, 0.19842807, 0.22004147, 0.25180048,
       0.30400314, 0.32457692, 0.35486459, 0.38480099, 0.41431799,
       0.41431799, 0.41431799, 0.45176105, 0.47939164, 0.51531784,
       0.5418336 , 0.58548121, 0.59399766, 0.63583028, 0.660447  ,
       0.66844538, 0.68423939, 0.71514543, 0.74557002, 0.77516211,
       0.79692948, 0.81109334, 0.81797888, 0.84506808, 0.86491556,
       0.87136663, 0.89026672, 0.89641621, 0.90241872, 0.9141172 ,
       0.92551886, 0.92551886, 0.93082026, 0.94125141, 0.95126687,
       0.95610182, 0.95610182, 0.96515928, 0.96515928, 0.9777974 ,
       0.98182166, 0.98955394, 0.98955394, 0.99310327, 1.        ,
       1.        , 1.        , 1.        , 1.        , 1.        ,
       1.        , 1.        , 1.        , 1.        , 1.        ,
       1.        , 1.        , 1.        , 1.        , 1.        ,
       1.        , 1.        , 1.        , 1.        , 1.        ,
       1.        ]), array([0.        , 0.        , 0.        , 0.        , 0.        ,
       0.        , 0.        , 0.        , 0.        , 0.        ,
       0.        , 0.        , 0.        , 0.        , 0.        ,
       0.01480755, 0.01480755, 0.02916134, 0.02916134, 0.02916134,
       0.04298549, 0.04298549, 0.05653944, 0.06994416, 0.09643964,
       0.10948404, 0.10948404, 0.12213262, 0.12213262, 0.15905656,
       0.15905656, 0.18299271, 0.20674953, 0.21839636, 0.26415563,
       0.28682571, 0.29795692, 0.30883364, 0.30883364, 0.33019968,
       0.3717582 , 0.38202155, 0.41238729, 0.43217135, 0.47107008,
       0.47107008, 0.49938518, 0.50853993, 0.5265919 , 0.5265919 ,
       0.55271346, 0.56976749, 0.59503834, 0.63593736, 0.67611814,
       0.70756857, 0.72287816, 0.73779262, 0.76716962, 0.78160569,
       0.78855876, 0.82253011, 0.84249208, 0.87454925, 0.8807994 ,
       0.88689904, 0.88689904, 0.89833165, 0.89833165, 0.920138  ,
       0.93060596, 0.95091028, 0.9608754 , 0.97030684, 0.9747999 ,
       0.97914641, 0.98331006, 0.98331006, 0.98331006, 0.98331006,
       0.98331006, 0.98331006, 0.98973321, 0.99282835, 0.99572738,
       0.99572738, 0.99572738, 0.99572738, 0.99794794, 1.        ,
       1.        , 1.        , 1.        , 1.        , 1.        ,
       1.        , 1.        , 1.        , 1.        , 1.        ,
       1.        ]), array([0.        , 0.        , 0.        , 0.        , 0.        ,
       0.        , 0.        , 0.        , 0.        , 0.        ,
       0.        , 0.        , 0.        , 0.        , 0.0143973 ,
       0.0143973 , 0.02835618, 0.04212803, 0.05576605, 0.05576605,
       0.05576605, 0.06885888, 0.1079125 , 0.13360779, 0.15893915,
       0.18399297, 0.20873933, 0.22088603, 0.23282909, 0.24465538,
       0.26801396, 0.26801396, 0.26801396, 0.29042858, 0.31238429,
       0.33400786, 0.34468956, 0.36575551, 0.36575551, 0.40655888,
       0.43655758, 0.43655758, 0.45599388, 0.46553318, 0.4842817 ,
       0.52106853, 0.53015752, 0.53904652, 0.57373324, 0.61652187,
       0.65011171, 0.67471086, 0.69080459, 0.73806883, 0.79217657,
       0.79217657, 0.79954828, 0.81405002, 0.82110894, 0.82110894,
       0.84127239, 0.85427187, 0.85427187, 0.86676754, 0.8728629 ,
       0.87877324, 0.8902569 , 0.89581694, 0.90659145, 0.91701735,
       0.93222106, 0.94701854, 0.94701854, 0.95161015, 0.95608288,
       0.96451743, 0.96851147, 0.9723548 , 0.98346518, 0.98697468,
       0.98697468, 0.9935252 , 0.9935252 , 0.9935252 , 0.9935252 ,
       0.99602082, 0.99602082, 0.99825217, 0.99825217, 0.99825217,
       1.        , 1.        , 1.        , 1.        , 1.        ,
       1.        , 1.        , 1.        , 1.        , 1.        ,
       1.        ]), array([0.        , 0.        , 0.        , 0.        , 0.        ,
       0.        , 0.        , 0.        , 0.        , 0.        ,
       0.        , 0.        , 0.        , 0.        , 0.01362424,
       0.01362424, 0.01362424, 0.01362424, 0.01362424, 0.02651345,
       0.02651345, 0.05142716, 0.08843243, 0.1006898 , 0.1006898 ,
       0.11264521, 0.13599308, 0.15914882, 0.19337675, 0.23831541,
       0.24938473, 0.30408664, 0.32574505, 0.33629523, 0.35723204,
       0.38805876, 0.3982035 , 0.41807017, 0.42785729, 0.47624644,
       0.49523254, 0.50455869, 0.51375174, 0.5319475 , 0.5496712 ,
       0.55843241, 0.58418164, 0.61800742, 0.66766153, 0.68383499,
       0.69171535, 0.7072658 , 0.75301133, 0.76793527, 0.78257893,
       0.79703712, 0.79703712, 0.80391624, 0.83054499, 0.8500768 ,
       0.86921878, 0.88796375, 0.91223677, 0.91817863, 0.91817863,
       0.91817863, 0.92367035, 0.93959159, 0.94467329, 0.94467329,
       0.94946338, 0.95866595, 0.9631613 , 0.9631613 , 0.97567114,
       0.98369399, 0.98369399, 0.98369399, 0.98723598, 0.98723598,
       0.99377192, 1.        , 1.        , 1.        , 1.        ,
       1.        , 1.        , 1.        , 1.        , 1.        ,
       1.        , 1.        , 1.        , 1.        , 1.        ,
       1.        , 1.        , 1.        , 1.        , 1.        ,
       1.        ]), array([0.        , 0.        , 0.        , 0.        , 0.        ,
       0.        , 0.        , 0.        , 0.        , 0.        ,
       0.        , 0.        , 0.        , 0.        , 0.        ,
       0.        , 0.        , 0.        , 0.        , 0.        ,
       0.        , 0.02827035, 0.02827035, 0.04202322, 0.05557838,
       0.05557838, 0.08185004, 0.08185004, 0.09463338, 0.11987272,
       0.14485162, 0.14485162, 0.15692725, 0.15692725, 0.168695  ,
       0.19186511, 0.22607781, 0.2487508 , 0.25974587, 0.28154574,
       0.32438803, 0.37707027, 0.39784189, 0.41834638, 0.42834084,
       0.46752626, 0.47710446, 0.50548945, 0.54282016, 0.56101516,
       0.5879682 , 0.59669654, 0.59669654, 0.63874371, 0.64698541,
       0.67120954, 0.69504111, 0.71051875, 0.72558498, 0.74025694,
       0.75463619, 0.77575976, 0.81663601, 0.83657775, 0.8559466 ,
       0.86849842, 0.88071629, 0.91035089, 0.91035089, 0.91594336,
       0.92675999, 0.93720302, 0.9523233 , 0.9523233 , 0.95700233,
       0.96158036, 0.96598254, 0.97439607, 0.97842787, 0.98590493,
       0.98590493, 0.98590493, 0.9925314 , 0.9956641 , 0.9956641 ,
       0.9956641 , 0.9956641 , 0.99811006, 0.99811006, 0.99811006,
       1.        , 1.        , 1.        , 1.        , 1.        ,
       1.        , 1.        , 1.        , 1.        , 1.        ,
       1.        ])]","[array([0.        , 0.        , 0.        , 0.        , 0.        ,
       0.        , 0.        , 0.        , 0.        , 0.        ,
       0.        , 0.        , 0.        , 0.        , 0.00238415,
       0.00238415, 0.00777292, 0.01073261, 0.0137089 , 0.0137089 ,
       0.0137089 , 0.0137089 , 0.01754148, 0.01754148, 0.02567442,
       0.04288421, 0.04724725, 0.04724725, 0.05199712, 0.0570304 ,
       0.0621676 , 0.0621676 , 0.0621676 , 0.07342617, 0.09103678,
       0.12118484, 0.13357999, 0.15279917, 0.17240239, 0.1924641 ,
       0.1924641 , 0.1924641 , 0.22130442, 0.24342849, 0.27392714,
       0.29727001, 0.33677098, 0.34490412, 0.38638936, 0.41180838,
       0.42050791, 0.43812862, 0.47411563, 0.51062899, 0.54805249,
       0.5765866 , 0.5959895 , 0.60590566, 0.64606547, 0.67669854,
       0.68708969, 0.7187585 , 0.72947935, 0.74036088, 0.76245909,
       0.78488181, 0.78488181, 0.79652984, 0.82001358, 0.84395177,
       0.85610976, 0.85610976, 0.88109529, 0.88109529, 0.9196101 ,
       0.93265439, 0.9590887 , 0.9590887 , 0.97265221, 1.        ,
       1.        , 1.        , 1.        , 1.        , 1.        ,
       1.        , 1.        , 1.        , 1.        , 1.        ,
       1.        , 1.        , 1.        , 1.        , 1.        ,
       1.        , 1.        , 1.        , 1.        , 1.        ,
       1.        ]), array([0.        , 0.        , 0.        , 0.        , 0.        ,
       0.        , 0.        , 0.        , 0.        , 0.        ,
       0.        , 0.        , 0.        , 0.        , 0.        ,
       0.00228467, 0.00228467, 0.00499327, 0.00499327, 0.00499327,
       0.0081967 , 0.0081967 , 0.01165257, 0.01524786, 0.02273177,
       0.0266637 , 0.0266637 , 0.03096543, 0.03096543, 0.04482526,
       0.04482526, 0.05470026, 0.06474282, 0.06998044, 0.0917046 ,
       0.10276247, 0.10848183, 0.11443895, 0.11443895, 0.12671514,
       0.15236393, 0.1588941 , 0.17888106, 0.19263524, 0.22076899,
       0.22076899, 0.24267179, 0.25023771, 0.26561012, 0.26561012,
       0.28956229, 0.30586705, 0.330614  , 0.37299786, 0.41605275,
       0.45114521, 0.46907976, 0.48738346, 0.52441308, 0.54316372,
       0.55278659, 0.60164276, 0.63134964, 0.68199416, 0.69227375,
       0.70269396, 0.70269396, 0.72425065, 0.72425065, 0.76835329,
       0.79081122, 0.83631716, 0.85924488, 0.88267119, 0.89459238,
       0.90665048, 0.91887942, 0.91887942, 0.91887942, 0.91887942,
       0.91887942, 0.91887942, 0.9451163 , 0.95834351, 0.97175395,
       0.97175395, 0.97175395, 0.97175395, 0.98579826, 1.        ,
       1.        , 1.        , 1.        , 1.        , 1.        ,
       1.        , 1.        , 1.        , 1.        , 1.        ,
       1.        ]), array([0.        , 0.        , 0.        , 0.        , 0.        ,
       0.        , 0.        , 0.        , 0.        , 0.        ,
       0.        , 0.        , 0.        , 0.        , 0.00219871,
       0.00219871, 0.00484095, 0.0076724 , 0.01063923, 0.01063923,
       0.01063923, 0.01415761, 0.02494024, 0.03247308, 0.0403741 ,
       0.04855588, 0.05704871, 0.06152424, 0.06620578, 0.07100546,
       0.08090224, 0.08090224, 0.08090224, 0.09175398, 0.10306998,
       0.11472199, 0.12067959, 0.13289571, 0.13289571, 0.15867197,
       0.17861502, 0.17861502, 0.19247978, 0.19959309, 0.21415366,
       0.24399325, 0.25156212, 0.25933332, 0.29129749, 0.33182912,
       0.36490296, 0.39030848, 0.40755475, 0.4603224 , 0.52293056,
       0.52293056, 0.53223672, 0.55109353, 0.56071613, 0.56071613,
       0.59060904, 0.61098563, 0.61098563, 0.63187189, 0.64246927,
       0.65325383, 0.6751639 , 0.68630284, 0.70893032, 0.73191046,
       0.7668209 , 0.80214231, 0.80214231, 0.81426095, 0.82649988,
       0.85149458, 0.86421777, 0.87709342, 0.91614488, 0.92935826,
       0.92935826, 0.95625895, 0.95625895, 0.95625895, 0.95625895,
       0.97049801, 0.97049801, 0.98500443, 0.98500443, 0.98500443,
       1.        , 1.        , 1.        , 1.        , 1.        ,
       1.        , 1.        , 1.        , 1.        , 1.        ,
       1.        ]), array([0.        , 0.        , 0.        , 0.        , 0.        ,
       0.        , 0.        , 0.        , 0.        , 0.        ,
       0.        , 0.        , 0.        , 0.        , 0.00237821,
       0.00237821, 0.00237821, 0.00237821, 0.00237821, 0.00558371,
       0.00558371, 0.012968  , 0.02445557, 0.02837225, 0.02837225,
       0.03262879, 0.04177549, 0.05113844, 0.06575203, 0.08602311,
       0.09127697, 0.11827195, 0.1293202 , 0.13515838, 0.14701883,
       0.16546062, 0.17175514, 0.18482008, 0.19151711, 0.22561736,
       0.2396734 , 0.24688928, 0.25425496, 0.26920058, 0.28467751,
       0.29252925, 0.31668596, 0.34946503, 0.39985434, 0.41707613,
       0.42591931, 0.44384232, 0.49863089, 0.51725908, 0.53620271,
       0.55535511, 0.55535511, 0.56532523, 0.60620483, 0.63735951,
       0.66895295, 0.70099323, 0.74452432, 0.75554935, 0.75554935,
       0.75554935, 0.76708104, 0.80229955, 0.81429273, 0.81429273,
       0.82661412, 0.85168194, 0.86433507, 0.86433507, 0.90339326,
       0.92978888, 0.92978888, 0.92978888, 0.94351508, 0.94351508,
       0.97158428, 1.        , 1.        , 1.        , 1.        ,
       1.        , 1.        , 1.        , 1.        , 1.        ,
       1.        , 1.        , 1.        , 1.        , 1.        ,
       1.        , 1.        , 1.        , 1.        , 1.        ,
       1.        ]), array([0.        , 0.        , 0.        , 0.        , 0.        ,
       0.        , 0.        , 0.        , 0.        , 0.        ,
       0.        , 0.        , 0.        , 0.        , 0.        ,
       0.        , 0.        , 0.        , 0.        , 0.        ,
       0.        , 0.00636636, 0.00636636, 0.00988891, 0.01358695,
       0.01358695, 0.02172751, 0.02172751, 0.02611068, 0.0351676 ,
       0.0444557 , 0.0444557 , 0.04946709, 0.04946709, 0.05475178,
       0.06564549, 0.08246761, 0.09380261, 0.09977319, 0.11188324,
       0.13677571, 0.16866412, 0.18168692, 0.19494685, 0.20180564,
       0.22994423, 0.23717252, 0.25916775, 0.2889527 , 0.30426271,
       0.32752905, 0.33551174, 0.33551174, 0.37684064, 0.38525531,
       0.41094404, 0.43698123, 0.45470336, 0.47279069, 0.49122801,
       0.50992517, 0.53836617, 0.5964651 , 0.62595519, 0.65595383,
       0.67627314, 0.69688889, 0.74923613, 0.74923613, 0.76000246,
       0.78186206, 0.80405329, 0.83782328, 0.83782328, 0.84940044,
       0.86106726, 0.87289018, 0.89688296, 0.90903466, 0.93385871,
       0.93385871, 0.93385871, 0.95943781, 0.97238762, 0.97238762,
       0.97238762, 0.97238762, 0.98594703, 0.98594703, 0.98594703,
       1.        , 1.        , 1.        , 1.        , 1.        ,
       1.        , 1.        , 1.        , 1.        , 1.        ,
       1.        ])]",0.2885288167020093,0.03662731080356,0.1705983221146289,0.0102597036779126,"[{'lambda_reg': 0.2571571446651111, 'K_bin': 1}, {'lambda_reg': 0.45409804321949093, 'K_bin': 1}, {'lambda_reg': 0.0029660709370100554, 'K_bin': 1}, {'lambda_reg': 0.5308168434625671, 'K_bin': 1}, {'lambda_reg': 0.3610453949735484, 'K_bin': 1}]",600,3,linear,35
"[np.float64(0.2849867899607254), np.float64(0.18582045609386824), np.float64(0.2632636674965369), np.float64(0.23309396383036718), np.float64(0.22154534354027106)]",0.2377420441843537,0.0342438558942539,"[np.float64(0.6603224235790693), np.float64(0.7252699480963162), np.float64(0.6203213442816001), np.float64(0.6746840267794505), np.float64(0.6841049057749098)]",0.6729405297022693,0.0340412878166493,"[np.float64(0.6752999479976602), np.float64(0.6494705420087538), np.float64(0.6880230743585625), np.float64(0.6499505302427644), np.float64(0.6672047542660005)]",0.6659897697747482,0.014857753581808,"[array([0.        , 0.        , 0.        , 0.        , 0.        ,
       0.        , 0.        , 0.        , 0.        , 0.        ,
       0.        , 0.        , 0.        , 0.        , 0.        ,
       0.        , 0.        , 0.0315884 , 0.0315884 , 0.0315884 ,
       0.0315884 , 0.0315884 , 0.06137662, 0.06137662, 0.09032836,
       0.09032836, 0.09032836, 0.11806819, 0.11806819, 0.11806819,
       0.1445652 , 0.1445652 , 0.1445652 , 0.1445652 , 0.1445652 ,
       0.19414004, 0.21866951, 0.21866951, 0.24219543, 0.24219543,
       0.24219543, 0.24219543, 0.26432982, 0.28611093, 0.28611093,
       0.28611093, 0.30671693, 0.34717292, 0.36695949, 0.44470728,
       0.46388065, 0.50138884, 0.51965599, 0.53760083, 0.59025478,
       0.59025478, 0.60692293, 0.62318959, 0.67146911, 0.67146911,
       0.74780503, 0.74780503, 0.76252322, 0.79085931, 0.79085931,
       0.79085931, 0.81673709, 0.82924001, 0.85356605, 0.86553714,
       0.86553714, 0.89915137, 0.92058668, 0.93079015, 0.94081417,
       0.94081417, 0.959319  , 0.96821302, 0.97656727, 0.98485753,
       0.99256516, 1.        , 1.        , 1.        , 1.        ,
       1.        , 1.        , 1.        , 1.        , 1.        ,
       1.        , 1.        , 1.        , 1.        , 1.        ,
       1.        , 1.        , 1.        , 1.        , 1.        ,
       1.        ]), array([0.        , 0.        , 0.        , 0.        , 0.        ,
       0.        , 0.        , 0.        , 0.        , 0.        ,
       0.        , 0.        , 0.        , 0.        , 0.        ,
       0.        , 0.        , 0.        , 0.        , 0.        ,
       0.        , 0.        , 0.        , 0.        , 0.        ,
       0.        , 0.        , 0.02503138, 0.0499931 , 0.09889365,
       0.12312241, 0.17058073, 0.17058073, 0.17058073, 0.17058073,
       0.17058073, 0.17058073, 0.19227181, 0.2135823 , 0.23464073,
       0.27630986, 0.31722134, 0.31722134, 0.35651588, 0.39512708,
       0.41402598, 0.45141112, 0.50649803, 0.54242692, 0.57773471,
       0.57773471, 0.62845849, 0.64522108, 0.66135254, 0.69310329,
       0.69310329, 0.70841626, 0.73802194, 0.75252406, 0.78090608,
       0.80839737, 0.80839737, 0.80839737, 0.89807426, 0.89807426,
       0.92238265, 0.95754668, 0.95754668, 0.95754668, 0.95754668,
       0.95754668, 0.96751793, 0.96751793, 0.96751793, 0.96751793,
       0.97611571, 0.99274603, 0.99274603, 0.99274603, 1.        ,
       1.        , 1.        , 1.        , 1.        , 1.        ,
       1.        , 1.        , 1.        , 1.        , 1.        ,
       1.        , 1.        , 1.        , 1.        , 1.        ,
       1.        , 1.        , 1.        , 1.        , 1.        ,
       1.        ]), array([0.        , 0.        , 0.        , 0.        , 0.        ,
       0.        , 0.        , 0.        , 0.        , 0.        ,
       0.02887596, 0.02887596, 0.02887596, 0.02887596, 0.02887596,
       0.02887596, 0.02887596, 0.08196356, 0.08196356, 0.08196356,
       0.08196356, 0.10732445, 0.13215785, 0.13215785, 0.15640378,
       0.18047636, 0.20428994, 0.20428994, 0.20428994, 0.20428994,
       0.20428994, 0.20428994, 0.24796834, 0.24796834, 0.26903172,
       0.28997191, 0.28997191, 0.31013133, 0.32984868, 0.38860879,
       0.44627736, 0.48402191, 0.50252121, 0.55728613, 0.55728613,
       0.59262357, 0.60979257, 0.66071729, 0.6774055 , 0.6774055 ,
       0.69335892, 0.70918278, 0.72468487, 0.72468487, 0.75449971,
       0.78335729, 0.79759803, 0.81148202, 0.81148202, 0.82471826,
       0.86324892, 0.86324892, 0.88768828, 0.89975606, 0.92291754,
       0.94532872, 0.95644233, 0.95644233, 0.95644233, 0.96640837,
       0.96640837, 0.96640837, 0.96640837, 0.96640837, 0.9748523 ,
       0.9908172 , 0.9908172 , 0.9908172 , 0.9908172 , 0.9908172 ,
       0.9908172 , 0.9908172 , 0.9908172 , 0.9908172 , 0.99591545,
       0.99591545, 0.99591545, 0.99591545, 1.        , 1.        ,
       1.        , 1.        , 1.        , 1.        , 1.        ,
       1.        , 1.        , 1.        , 1.        , 1.        ,
       1.        ]), array([0.        , 0.        , 0.        , 0.        , 0.        ,
       0.        , 0.        , 0.        , 0.        , 0.        ,
       0.        , 0.        , 0.        , 0.        , 0.        ,
       0.        , 0.        , 0.        , 0.        , 0.        ,
       0.        , 0.        , 0.        , 0.        , 0.05194847,
       0.05194847, 0.05194847, 0.05194847, 0.05194847, 0.05194847,
       0.07586761, 0.07586761, 0.07586761, 0.09885348, 0.14384402,
       0.18823572, 0.21015612, 0.25302206, 0.25302206, 0.29466252,
       0.33554747, 0.35579813, 0.35579813, 0.43362083, 0.43362083,
       0.45247825, 0.47101283, 0.48917033, 0.48917033, 0.54111941,
       0.57538982, 0.60890533, 0.65818822, 0.65818822, 0.70540996,
       0.72079828, 0.75070989, 0.78007063, 0.79432785, 0.80841717,
       0.83588671, 0.83588671, 0.9137633 , 0.9137633 , 0.92597767,
       0.92597767, 0.92597767, 0.92597767, 0.92597767, 0.95760082,
       0.95760082, 0.95760082, 0.96733825, 0.97664929, 0.97664929,
       0.98532884, 0.98532884, 0.98532884, 0.99281338, 1.        ,
       1.        , 1.        , 1.        , 1.        , 1.        ,
       1.        , 1.        , 1.        , 1.        , 1.        ,
       1.        , 1.        , 1.        , 1.        , 1.        ,
       1.        , 1.        , 1.        , 1.        , 1.        ,
       1.        ]), array([0.        , 0.        , 0.        , 0.        , 0.        ,
       0.        , 0.        , 0.        , 0.        , 0.        ,
       0.        , 0.        , 0.        , 0.        , 0.        ,
       0.        , 0.        , 0.        , 0.        , 0.        ,
       0.02410238, 0.04793183, 0.04793183, 0.04793183, 0.11695839,
       0.16249888, 0.18493304, 0.20716373, 0.20716373, 0.22860757,
       0.22860757, 0.27049484, 0.29120944, 0.31156289, 0.33157176,
       0.33157176, 0.42884872, 0.42884872, 0.48558908, 0.48558908,
       0.52185671, 0.53988324, 0.5574744 , 0.62686512, 0.64374927,
       0.66030854, 0.69331083, 0.69331083, 0.70907808, 0.72448566,
       0.73964727, 0.76948647, 0.78393756, 0.7981723 , 0.7981723 ,
       0.7981723 , 0.7981723 , 0.7981723 , 0.81088359, 0.88583027,
       0.89795224, 0.92188677, 0.92188677, 0.93311997, 0.93311997,
       0.9544743 , 0.96476618, 0.98487991, 0.98487991, 0.98487991,
       0.98487991, 0.98487991, 0.99334312, 0.99334312, 0.99334312,
       0.99334312, 0.99334312, 0.99334312, 1.        , 1.        ,
       1.        , 1.        , 1.        , 1.        , 1.        ,
       1.        , 1.        , 1.        , 1.        , 1.        ,
       1.        , 1.        , 1.        , 1.        , 1.        ,
       1.        , 1.        , 1.        , 1.        , 1.        ,
       1.        ])]","[array([0.        , 0.        , 0.        , 0.        , 0.        ,
       0.        , 0.        , 0.        , 0.        , 0.        ,
       0.        , 0.        , 0.        , 0.        , 0.        ,
       0.        , 0.        , 0.00487149, 0.00487149, 0.00487149,
       0.00487149, 0.00487149, 0.01116597, 0.01116597, 0.01812167,
       0.01812167, 0.01812167, 0.02603534, 0.02603534, 0.02603534,
       0.03493143, 0.03493143, 0.03493143, 0.03493143, 0.03493143,
       0.05542634, 0.0658777 , 0.0658777 , 0.07712234, 0.07712234,
       0.07712234, 0.07712234, 0.08946694, 0.10209079, 0.10209079,
       0.10209079, 0.11564354, 0.14334664, 0.15754711, 0.21545449,
       0.23013969, 0.26017292, 0.27557446, 0.29123077, 0.3391329 ,
       0.3391329 , 0.3557984 , 0.37278126, 0.42414124, 0.42414124,
       0.51300581, 0.51300581, 0.53121269, 0.5684962 , 0.5684962 ,
       0.5684962 , 0.60772292, 0.62768089, 0.66813422, 0.68851259,
       0.68851259, 0.75146504, 0.7942034 , 0.81597902, 0.8378965 ,
       0.8378965 , 0.88295131, 0.90576201, 0.92899939, 0.95228735,
       0.97603586, 1.        , 1.        , 1.        , 1.        ,
       1.        , 1.        , 1.        , 1.        , 1.        ,
       1.        , 1.        , 1.        , 1.        , 1.        ,
       1.        , 1.        , 1.        , 1.        , 1.        ,
       1.        ]), array([0.        , 0.        , 0.        , 0.        , 0.        ,
       0.        , 0.        , 0.        , 0.        , 0.        ,
       0.        , 0.        , 0.        , 0.        , 0.        ,
       0.        , 0.        , 0.        , 0.        , 0.        ,
       0.        , 0.        , 0.        , 0.        , 0.        ,
       0.        , 0.        , 0.00872191, 0.01750998, 0.03605766,
       0.0455419 , 0.0654594 , 0.0654594 , 0.0654594 , 0.0654594 ,
       0.0654594 , 0.0654594 , 0.07735391, 0.08960989, 0.10210529,
       0.12752134, 0.15365698, 0.15365698, 0.1813284 , 0.20964884,
       0.22419534, 0.25368029, 0.29884878, 0.32971687, 0.36117487,
       0.36117487, 0.41048744, 0.42706299, 0.444238  , 0.47907446,
       0.47907446, 0.49702686, 0.53390069, 0.55262324, 0.5906593 ,
       0.62954137, 0.62954137, 0.62954137, 0.77184277, 0.77184277,
       0.81374794, 0.87783907, 0.87783907, 0.87783907, 0.87783907,
       0.87783907, 0.900865  , 0.900865  , 0.900865  , 0.900865  ,
       0.92519545, 0.97439321, 0.97439321, 0.97439321, 1.        ,
       1.        , 1.        , 1.        , 1.        , 1.        ,
       1.        , 1.        , 1.        , 1.        , 1.        ,
       1.        , 1.        , 1.        , 1.        , 1.        ,
       1.        , 1.        , 1.        , 1.        , 1.        ,
       1.        ]), array([0.        , 0.        , 0.        , 0.        , 0.        ,
       0.        , 0.        , 0.        , 0.        , 0.        ,
       0.00320506, 0.00320506, 0.00320506, 0.00320506, 0.00320506,
       0.00320506, 0.00320506, 0.01475792, 0.01475792, 0.01475792,
       0.01475792, 0.02183861, 0.02950087, 0.02950087, 0.03781087,
       0.04631199, 0.05509868, 0.05509868, 0.05509868, 0.05509868,
       0.05509868, 0.05509868, 0.07702585, 0.07702585, 0.08884484,
       0.10079964, 0.10079964, 0.1136153 , 0.12691838, 0.16725974,
       0.20880461, 0.23727426, 0.25192032, 0.29666666, 0.29666666,
       0.32779033, 0.34390314, 0.39288356, 0.40952648, 0.40952648,
       0.42697955, 0.44457547, 0.46252616, 0.46252616, 0.49973889,
       0.53800705, 0.55734847, 0.57708323, 0.57708323, 0.59753219,
       0.66017794, 0.66017794, 0.7033175 , 0.72505477, 0.76960329,
       0.81497906, 0.83776836, 0.83776836, 0.83776836, 0.86182294,
       0.86182294, 0.86182294, 0.86182294, 0.86182294, 0.88755576,
       0.94003901, 0.94003901, 0.94003901, 0.94003901, 0.94003901,
       0.94003901, 0.94003901, 0.94003901, 0.94003901, 0.96946067,
       0.96946067, 0.96946067, 0.96946067, 1.        , 1.        ,
       1.        , 1.        , 1.        , 1.        , 1.        ,
       1.        , 1.        , 1.        , 1.        , 1.        ,
       1.        ]), array([0.        , 0.        , 0.        , 0.        , 0.        ,
       0.        , 0.        , 0.        , 0.        , 0.        ,
       0.        , 0.        , 0.        , 0.        , 0.        ,
       0.        , 0.        , 0.        , 0.        , 0.        ,
       0.        , 0.        , 0.        , 0.        , 0.01524694,
       0.01524694, 0.01524694, 0.01524694, 0.01524694, 0.01524694,
       0.02486713, 0.02486713, 0.02486713, 0.03539408, 0.05740132,
       0.07999038, 0.09155254, 0.11562404, 0.11562404, 0.14088619,
       0.1668824 , 0.18006688, 0.18006688, 0.23589438, 0.23589438,
       0.25043252, 0.26528433, 0.28050251, 0.28050251, 0.32860879,
       0.36103167, 0.394188  , 0.44488474, 0.44488474, 0.49758408,
       0.51549278, 0.55215066, 0.58934374, 0.60835142, 0.62752223,
       0.6665528 , 0.6665528 , 0.78804782, 0.78804782, 0.80904032,
       0.80904032, 0.80904032, 0.80904032, 0.80904032, 0.8768952 ,
       0.8768952 , 0.8768952 , 0.90029428, 0.92410765, 0.92410765,
       0.94853457, 0.94853457, 0.94853457, 0.97412256, 1.        ,
       1.        , 1.        , 1.        , 1.        , 1.        ,
       1.        , 1.        , 1.        , 1.        , 1.        ,
       1.        , 1.        , 1.        , 1.        , 1.        ,
       1.        , 1.        , 1.        , 1.        , 1.        ,
       1.        ]), array([0.        , 0.        , 0.        , 0.        , 0.        ,
       0.        , 0.        , 0.        , 0.        , 0.        ,
       0.        , 0.        , 0.        , 0.        , 0.        ,
       0.        , 0.        , 0.        , 0.        , 0.        ,
       0.0074447 , 0.01522789, 0.01522789, 0.01522789, 0.04163065,
       0.05982434, 0.06933801, 0.07910404, 0.07910404, 0.08984592,
       0.08984592, 0.11257044, 0.12421676, 0.13631098, 0.14883255,
       0.14883255, 0.21487264, 0.21487264, 0.25651306, 0.25651306,
       0.2862072 , 0.30118733, 0.31670741, 0.37999565, 0.39639258,
       0.41319244, 0.44693635, 0.44693635, 0.46471849, 0.48294671,
       0.50147998, 0.53914684, 0.55856132, 0.57824412, 0.57824412,
       0.57824412, 0.57824412, 0.57824412, 0.59981635, 0.73088814,
       0.75319126, 0.79818124, 0.79818124, 0.82158664, 0.82158664,
       0.86977664, 0.89434949, 0.94407813, 0.94407813, 0.94407813,
       0.94407813, 0.94407813, 0.97091894, 0.97091894, 0.97091894,
       0.97091894, 0.97091894, 0.97091894, 1.        , 1.        ,
       1.        , 1.        , 1.        , 1.        , 1.        ,
       1.        , 1.        , 1.        , 1.        , 1.        ,
       1.        , 1.        , 1.        , 1.        , 1.        ,
       1.        , 1.        , 1.        , 1.        , 1.        ,
       1.        ])]",0.2817452057823569,0.0510084844100665,0.1662219577228107,0.0184833800980627,"[{'lambda_reg': 0.8918987710061254, 'K_bin': 1}, {'lambda_reg': 0.6792541232005573, 'K_bin': 1}, {'lambda_reg': 0.801132622757744, 'K_bin': 1}, {'lambda_reg': 0.8178927014539774, 'K_bin': 1}, {'lambda_reg': 0.9036692990579237, 'K_bin': 1}]",300,3,linear,14
"[np.float64(0.11046354740572067), np.float64(0.07531046447581954), np.float64(0.12935488049799865), np.float64(0.09525834997895886), np.float64(0.12497150226043695)]",0.1070717489237869,0.0198835560382088,"[np.float64(0.8436965282433535), np.float64(0.8620585522411461), np.float64(0.8386204148979891), np.float64(0.8806722218729572), np.float64(0.8345750452764386)]",0.851924552506377,0.0171745876604477,"[np.float64(0.9025328781653971), np.float64(0.92027153242332), np.float64(0.9166018773018412), np.float64(0.9370191289959748), np.float64(0.9072520323751659)]",0.91673548985234,0.0119632571713399,"[array([0.        , 0.18509865, 0.23984961, 0.23984961, 0.25770387,
       0.27532045, 0.29290417, 0.29290417, 0.29290417, 0.32688014,
       0.34362903, 0.42661116, 0.44297088, 0.44297088, 0.45899607,
       0.45899607, 0.45899607, 0.48982011, 0.5205396 , 0.5205396 ,
       0.53549092, 0.55013937, 0.55013937, 0.55013937, 0.55013937,
       0.55013937, 0.55013937, 0.56380781, 0.56380781, 0.56380781,
       0.56380781, 0.57661397, 0.57661397, 0.57661397, 0.57661397,
       0.58878698, 0.60079394, 0.61260244, 0.61260244, 0.62404555,
       0.64635237, 0.64635237, 0.64635237, 0.64635237, 0.65675509,
       0.67730753, 0.69750154, 0.69750154, 0.69750154, 0.72618948,
       0.74494755, 0.77243432, 0.80848601, 0.82601399, 0.82601399,
       0.83447444, 0.83447444, 0.84248692, 0.85037566, 0.8580272 ,
       0.86547649, 0.87287202, 0.87995688, 0.8868451 , 0.89368491,
       0.89368491, 0.89368491, 0.89985256, 0.91185415, 0.92366583,
       0.92366583, 0.92922616, 0.92922616, 0.92922616, 0.94401064,
       0.94873307, 0.95330411, 0.95774458, 0.96611155, 0.9701369 ,
       0.97396794, 0.97396794, 0.97732331, 0.97732331, 0.98029584,
       0.98312248, 0.98312248, 0.98555704, 0.98796501, 0.98796501,
       0.98984812, 0.98984812, 0.98984812, 0.99117225, 0.99353582,
       0.99662601, 0.99739534, 0.99804205, 0.99845352, 0.99964781,
       1.        ]), array([0.        , 0.21633945, 0.30520939, 0.34035984, 0.35785737,
       0.35785737, 0.35785737, 0.35785737, 0.39124275, 0.42429398,
       0.42429398, 0.44053323, 0.44053323, 0.44053323, 0.47173124,
       0.47173124, 0.47173124, 0.47173124, 0.47173124, 0.48647233,
       0.50098279, 0.51530039, 0.52942367, 0.54333306, 0.54333306,
       0.54333306, 0.54333306, 0.55666557, 0.56967802, 0.59551011,
       0.59551011, 0.62068624, 0.63297038, 0.66966615, 0.68171114,
       0.68171114, 0.69334052, 0.69334052, 0.7046501 , 0.72689523,
       0.73779065, 0.74853333, 0.75903255, 0.75903255, 0.75903255,
       0.75903255, 0.76886939, 0.76886939, 0.81621496, 0.81621496,
       0.83445494, 0.84345126, 0.86956311, 0.86956311, 0.8949274 ,
       0.90313485, 0.90313485, 0.90313485, 0.90313485, 0.90313485,
       0.90313485, 0.91025609, 0.91025609, 0.91709649, 0.91709649,
       0.91709649, 0.9233871 , 0.9233871 , 0.9233871 , 0.92912937,
       0.93470542, 0.93470542, 0.93980548, 0.94478288, 0.95423633,
       0.95878236, 0.95878236, 0.96299704, 0.96714357, 0.9709725 ,
       0.9709725 , 0.9709725 , 0.97424506, 0.97743496, 0.97743496,
       0.97743496, 0.97743496, 0.97743496, 0.97743496, 0.97959972,
       0.98154751, 0.98154751, 0.98461847, 0.98734275, 0.99183045,
       0.99389991, 0.99477216, 0.99617902, 0.99918945, 0.9994074 ,
       1.        ]), array([0.        , 0.25842866, 0.2766069 , 0.2766069 , 0.2766069 ,
       0.29419042, 0.32926139, 0.34652888, 0.34652888, 0.36338233,
       0.38013294, 0.3967655 , 0.3967655 , 0.44523669, 0.46126181,
       0.47707128, 0.47707128, 0.47707128, 0.47707128, 0.47707128,
       0.50673826, 0.50673826, 0.53561342, 0.53561342, 0.53561342,
       0.54954679, 0.54954679, 0.59019187, 0.60361172, 0.60361172,
       0.61673514, 0.61673514, 0.61673514, 0.62917191, 0.64141706,
       0.64141706, 0.65330543, 0.65330543, 0.65330543, 0.65330543,
       0.66449895, 0.66449895, 0.67528818, 0.69653375, 0.70693327,
       0.72734835, 0.7375062 , 0.78716093, 0.8065614 , 0.81605946,
       0.81605946, 0.83437831, 0.83437831, 0.84324274, 0.86033215,
       0.86871619, 0.86871619, 0.87671678, 0.87671678, 0.89207281,
       0.89948771, 0.91405493, 0.92123648, 0.92123648, 0.92806973,
       0.92806973, 0.93452566, 0.93452566, 0.93452566, 0.94042433,
       0.94610995, 0.94610995, 0.9566369 , 0.9566369 , 0.96150915,
       0.96150915, 0.96150915, 0.96584994, 0.96584994, 0.9697504 ,
       0.97356025, 0.97356025, 0.97356025, 0.97674641, 0.97674641,
       0.98256278, 0.98779212, 0.98779212, 0.98779212, 0.98987106,
       0.98987106, 0.98987106, 0.99151651, 0.99294626, 0.99420879,
       0.99420879, 0.99497191, 0.99634719, 0.99760434, 0.99936803,
       1.        ]), array([0.        , 0.15681804, 0.22333461, 0.22333461, 0.28859735,
       0.31006666, 0.31006666, 0.35210332, 0.37295714, 0.39351435,
       0.39351435, 0.41363723, 0.45350676, 0.45350676, 0.45350676,
       0.45350676, 0.47247112, 0.47247112, 0.47247112, 0.49075585,
       0.52692999, 0.52692999, 0.52692999, 0.52692999, 0.52692999,
       0.56083834, 0.57754724, 0.57754724, 0.59392916, 0.60995901,
       0.62581526, 0.64149215, 0.64149215, 0.64149215, 0.64149215,
       0.64149215, 0.65598866, 0.67021063, 0.67021063, 0.67021063,
       0.68390317, 0.68390317, 0.68390317, 0.68390317, 0.6965356 ,
       0.70910094, 0.72133478, 0.72133478, 0.72133478, 0.76759388,
       0.79037525, 0.80153986, 0.81232925, 0.84441663, 0.85492981,
       0.85492981, 0.85492981, 0.8648167 , 0.8648167 , 0.8740639 ,
       0.88313113, 0.89191057, 0.90053495, 0.90904272, 0.90904272,
       0.91706291, 0.91706291, 0.92448394, 0.9317072 , 0.9317072 ,
       0.9317072 , 0.9383703 , 0.9448036 , 0.95092996, 0.95092996,
       0.95092996, 0.95645497, 0.95645497, 0.96148579, 0.96629729,
       0.96629729, 0.96629729, 0.96629729, 0.96629729, 0.97351949,
       0.97351949, 0.97351949, 0.97656198, 0.97656198, 0.97656198,
       0.97656198, 0.97869785, 0.98618058, 0.99266413, 0.99403728,
       0.99535469, 0.99535469, 0.99703494, 0.99812814, 0.9994036 ,
       1.        ]), array([0.        , 0.11939038, 0.15874823, 0.19754264, 0.19754264,
       0.21665885, 0.23552661, 0.23552661, 0.25398415, 0.27224766,
       0.29039808, 0.29039808, 0.29039808, 0.3078638 , 0.35970514,
       0.39381615, 0.41074999, 0.41074999, 0.42727201, 0.42727201,
       0.45931243, 0.45931243, 0.45931243, 0.45931243, 0.47467433,
       0.47467433, 0.47467433, 0.48943634, 0.50380427, 0.50380427,
       0.53201844, 0.55966283, 0.57323536, 0.57323536, 0.59988326,
       0.59988326, 0.62572546, 0.65092559, 0.67582196, 0.70026848,
       0.72428974, 0.73616924, 0.75964556, 0.75964556, 0.77089714,
       0.78191182, 0.78191182, 0.79257334, 0.79257334, 0.81311427,
       0.82321959, 0.84300627, 0.84300627, 0.84300627, 0.84300627,
       0.84300627, 0.86079235, 0.86079235, 0.86079235, 0.86910361,
       0.87713505, 0.87713505, 0.87713505, 0.87713505, 0.87713505,
       0.89139809, 0.89139809, 0.89807098, 0.89807098, 0.9044368 ,
       0.9044368 , 0.91031174, 0.91598541, 0.91598541, 0.91598541,
       0.92611932, 0.93106878, 0.93571849, 0.94026458, 0.944462  ,
       0.94845874, 0.94845874, 0.95211595, 0.96613502, 0.9694564 ,
       0.9725625 , 0.97828958, 0.97828958, 0.98321987, 0.98547785,
       0.98762452, 0.98947902, 0.99115545, 0.99275084, 0.99275084,
       0.99380131, 0.99633538, 0.99781244, 0.99822459, 0.99913831,
       1.        ])]","[array([0.00000000e+00, 2.21129192e-04, 9.23380539e-04, 9.23380539e-04,
       1.48093533e-03, 2.23259748e-03, 3.01109549e-03, 3.01109549e-03,
       3.01109549e-03, 5.54117246e-03, 7.00147926e-03, 1.49256188e-02,
       1.67037693e-02, 1.67037693e-02, 1.87551213e-02, 1.87551213e-02,
       1.87551213e-02, 2.38593970e-02, 2.90490577e-02, 2.90490577e-02,
       3.19774513e-02, 3.51532060e-02, 3.51532060e-02, 3.51532060e-02,
       3.51532060e-02, 3.51532060e-02, 3.51532060e-02, 3.91293258e-02,
       3.91293258e-02, 3.91293258e-02, 3.91293258e-02, 4.38096811e-02,
       4.38096811e-02, 4.38096811e-02, 4.38096811e-02, 4.90071372e-02,
       5.43401992e-02, 5.98353510e-02, 5.98353510e-02, 6.56289120e-02,
       7.76892398e-02, 7.76892398e-02, 7.76892398e-02, 7.76892398e-02,
       8.43324991e-02, 9.78256353e-02, 1.11611508e-01, 1.11611508e-01,
       1.11611508e-01, 1.33599545e-01, 1.48558157e-01, 1.71527195e-01,
       2.02640440e-01, 2.18603663e-01, 2.18603663e-01, 2.26833178e-01,
       2.26833178e-01, 2.35428556e-01, 2.44124991e-01, 2.53015148e-01,
       2.62070487e-01, 2.71169725e-01, 2.80522695e-01, 2.90036262e-01,
       2.99589361e-01, 2.99589361e-01, 2.99589361e-01, 3.09691416e-01,
       3.30168070e-01, 3.50799831e-01, 3.50799831e-01, 3.61397890e-01,
       3.61397890e-01, 3.61397890e-01, 3.94740950e-01, 4.06023321e-01,
       4.17429338e-01, 4.28941991e-01, 4.52387060e-01, 4.64238741e-01,
       4.76249117e-01, 4.76249117e-01, 4.88647979e-01, 4.88647979e-01,
       5.01359501e-01, 5.14190177e-01, 5.14190177e-01, 5.27341072e-01,
       5.40513676e-01, 5.40513676e-01, 5.54114932e-01, 5.54114932e-01,
       5.54114932e-01, 5.68172720e-01, 5.96520786e-01, 6.39414629e-01,
       6.53925520e-01, 6.68536552e-01, 6.83339709e-01, 7.42921145e-01,
       1.00000000e+00]), array([0.00000000e+00, 2.94986017e-04, 1.50759485e-03, 2.33332990e-03,
       2.81278142e-03, 2.81278142e-03, 2.81278142e-03, 2.81278142e-03,
       5.15120805e-03, 7.77600918e-03, 7.77600918e-03, 9.33382419e-03,
       9.33382419e-03, 9.33382419e-03, 1.35468690e-02, 1.35468690e-02,
       1.35468690e-02, 1.35468690e-02, 1.35468690e-02, 1.63886419e-02,
       1.94280584e-02, 2.26327730e-02, 2.60040174e-02, 2.95585683e-02,
       2.95585683e-02, 2.95585683e-02, 2.95585683e-02, 3.36075113e-02,
       3.79307587e-02, 4.67424941e-02, 4.67424941e-02, 5.61164008e-02,
       6.10638136e-02, 7.60403343e-02, 8.11927081e-02, 8.11927081e-02,
       8.67012701e-02, 8.67012701e-02, 9.24839028e-02, 1.04369728e-01,
       1.10507310e-01, 1.16775787e-01, 1.23252918e-01, 1.23252918e-01,
       1.23252918e-01, 1.23252918e-01, 1.30297720e-01, 1.30297720e-01,
       1.67097462e-01, 1.67097462e-01, 1.82415771e-01, 1.90180909e-01,
       2.14228036e-01, 2.14228036e-01, 2.38915834e-01, 2.47357050e-01,
       2.47357050e-01, 2.47357050e-01, 2.47357050e-01, 2.47357050e-01,
       2.47357050e-01, 2.56729169e-01, 2.56729169e-01, 2.66341975e-01,
       2.66341975e-01, 2.66341975e-01, 2.76425963e-01, 2.76425963e-01,
       2.76425963e-01, 2.86979884e-01, 2.97676252e-01, 2.97676252e-01,
       3.08780565e-01, 3.19989990e-01, 3.42838514e-01, 3.54417636e-01,
       3.54417636e-01, 3.66280725e-01, 3.78202225e-01, 3.90395919e-01,
       3.90395919e-01, 3.90395919e-01, 4.03066426e-01, 4.15807769e-01,
       4.15807769e-01, 4.15807769e-01, 4.15807769e-01, 4.15807769e-01,
       4.15807769e-01, 4.29427686e-01, 4.43233540e-01, 4.43233540e-01,
       4.71551981e-01, 5.00167524e-01, 5.58222082e-01, 5.87398821e-01,
       6.02126434e-01, 6.31871036e-01, 7.37617094e-01, 7.52905459e-01,
       1.00000000e+00]), array([0.00000000e+00, 3.41407692e-04, 5.96329371e-04, 5.96329371e-04,
       5.96329371e-04, 1.33926378e-03, 2.90395525e-03, 3.90621563e-03,
       3.90621563e-03, 5.24821500e-03, 6.67460657e-03, 8.19786936e-03,
       8.19786936e-03, 1.39381791e-02, 1.59598770e-02, 1.81585395e-02,
       1.81585395e-02, 1.81585395e-02, 1.81585395e-02, 1.81585395e-02,
       2.41575765e-02, 2.41575765e-02, 3.08063468e-02, 3.08063468e-02,
       3.08063468e-02, 3.45444772e-02, 3.45444772e-02, 4.67066351e-02,
       5.08661401e-02, 5.08661401e-02, 5.52688805e-02, 5.52688805e-02,
       5.52688805e-02, 6.02350686e-02, 6.53584985e-02, 6.53584985e-02,
       7.07746779e-02, 7.07746779e-02, 7.07746779e-02, 7.07746779e-02,
       7.67610402e-02, 7.67610402e-02, 8.30791452e-02, 9.59885128e-02,
       1.02626397e-01, 1.16217245e-01, 1.23053432e-01, 1.58165358e-01,
       1.72588759e-01, 1.79966352e-01, 1.79966352e-01, 1.95277292e-01,
       1.95277292e-01, 2.03174820e-01, 2.19494598e-01, 2.27786327e-01,
       2.27786327e-01, 2.36392696e-01, 2.36392696e-01, 2.54134829e-01,
       2.63221803e-01, 2.81611208e-01, 2.90889655e-01, 2.90889655e-01,
       3.00453905e-01, 3.00453905e-01, 3.10327774e-01, 3.10327774e-01,
       3.10327774e-01, 3.20658917e-01, 3.31164870e-01, 3.31164870e-01,
       3.52869591e-01, 3.52869591e-01, 3.64042977e-01, 3.64042977e-01,
       3.64042977e-01, 3.75652460e-01, 3.75652460e-01, 3.87623262e-01,
       3.99668424e-01, 3.99668424e-01, 3.99668424e-01, 4.12225358e-01,
       4.12225358e-01, 4.37795418e-01, 4.63847189e-01, 4.63847189e-01,
       4.63847189e-01, 4.77312669e-01, 4.77312669e-01, 4.77312669e-01,
       4.91133864e-01, 5.05132048e-01, 5.19267456e-01, 5.19267456e-01,
       5.33812659e-01, 5.63026939e-01, 6.07509541e-01, 6.97090682e-01,
       1.00000000e+00]), array([0.00000000e+00, 2.82911768e-04, 8.11552291e-04, 8.11552291e-04,
       2.07925223e-03, 2.66976659e-03, 2.66976659e-03, 4.38244897e-03,
       5.33575929e-03, 6.46389906e-03, 6.46389906e-03, 7.84804892e-03,
       1.08381147e-02, 1.08381147e-02, 1.08381147e-02, 1.08381147e-02,
       1.29051413e-02, 1.29051413e-02, 1.29051413e-02, 1.53727662e-02,
       2.05410246e-02, 2.05410246e-02, 2.05410246e-02, 2.05410246e-02,
       2.05410246e-02, 2.70448277e-02, 3.04412976e-02, 3.04412976e-02,
       3.40305060e-02, 3.78272344e-02, 4.17262954e-02, 4.57310718e-02,
       4.57310718e-02, 4.57310718e-02, 4.57310718e-02, 4.57310718e-02,
       5.04316073e-02, 5.52939680e-02, 5.52939680e-02, 5.52939680e-02,
       6.04683925e-02, 6.04683925e-02, 6.04683925e-02, 6.04683925e-02,
       6.62676842e-02, 7.21065159e-02, 7.81407543e-02, 7.81407543e-02,
       7.81407543e-02, 1.03855176e-01, 1.16917617e-01, 1.23582093e-01,
       1.30467741e-01, 1.51290183e-01, 1.58338634e-01, 1.58338634e-01,
       1.58338634e-01, 1.65756248e-01, 1.65756248e-01, 1.73550914e-01,
       1.81451666e-01, 1.89522046e-01, 1.97683829e-01, 2.05914338e-01,
       2.05914338e-01, 2.14432251e-01, 2.14432251e-01, 2.23303327e-01,
       2.32290982e-01, 2.32290982e-01, 2.32290982e-01, 2.41608805e-01,
       2.51062086e-01, 2.60696292e-01, 2.60696292e-01, 2.60696292e-01,
       2.70684952e-01, 2.70684952e-01, 2.80964906e-01, 2.91374130e-01,
       2.91374130e-01, 2.91374130e-01, 2.91374130e-01, 2.91374130e-01,
       3.13607705e-01, 3.13607705e-01, 3.13607705e-01, 3.25059654e-01,
       3.25059654e-01, 3.25059654e-01, 3.25059654e-01, 3.37045993e-01,
       3.85616604e-01, 4.34776159e-01, 4.47212076e-01, 4.59680848e-01,
       4.59680848e-01, 4.85181047e-01, 5.11027273e-01, 5.63256670e-01,
       1.00000000e+00]), array([0.00000000e+00, 2.34016114e-04, 6.26826781e-04, 1.42373244e-03,
       1.42373244e-03, 2.02371075e-03, 2.80187307e-03, 2.80187307e-03,
       3.87424321e-03, 5.08577126e-03, 6.37840422e-03, 6.37840422e-03,
       6.37840422e-03, 8.16209061e-03, 1.39117930e-02, 1.80675777e-02,
       2.02327238e-02, 2.02327238e-02, 2.26932298e-02, 2.26932298e-02,
       2.83340181e-02, 2.83340181e-02, 2.83340181e-02, 2.83340181e-02,
       3.16265443e-02, 3.16265443e-02, 3.16265443e-02, 3.53493061e-02,
       3.93546907e-02, 3.93546907e-02, 4.77396224e-02, 5.65331972e-02,
       6.11090362e-02, 6.11090362e-02, 7.06172783e-02, 7.06172783e-02,
       8.07033537e-02, 9.12499198e-02, 1.02014337e-01, 1.13101387e-01,
       1.24493421e-01, 1.30283487e-01, 1.42066346e-01, 1.42066346e-01,
       1.48306746e-01, 1.54717049e-01, 1.54717049e-01, 1.61380638e-01,
       1.61380638e-01, 1.75268728e-01, 1.82331208e-01, 1.96760240e-01,
       1.96760240e-01, 1.96760240e-01, 1.96760240e-01, 1.96760240e-01,
       2.12624078e-01, 2.12624078e-01, 2.12624078e-01, 2.20973236e-01,
       2.29523084e-01, 2.29523084e-01, 2.29523084e-01, 2.29523084e-01,
       2.29523084e-01, 2.47913604e-01, 2.47913604e-01, 2.57437788e-01,
       2.57437788e-01, 2.67182203e-01, 2.67182203e-01, 2.77278668e-01,
       2.87519477e-01, 2.87519477e-01, 2.87519477e-01, 3.08871366e-01,
       3.19631571e-01, 3.30606755e-01, 3.41656256e-01, 3.52955822e-01,
       3.64399311e-01, 3.64399311e-01, 3.76086306e-01, 4.23271605e-01,
       4.35199454e-01, 4.47281699e-01, 4.71794113e-01, 4.71794113e-01,
       4.96877973e-01, 5.09568481e-01, 5.22338818e-01, 5.35318692e-01,
       5.48426278e-01, 5.61591988e-01, 5.61591988e-01, 5.75148508e-01,
       6.16260815e-01, 6.43821291e-01, 6.57835611e-01, 7.00110010e-01,
       1.00000000e+00])]",0.0326745479691433,0.0111853574413643,0.0075712231486439,0.0037080865739938,"[{'lambda_reg': 1.2707911494982352e-05, 'K_bin': 1, 'gamma': 0.0027084706093813853}, {'lambda_reg': 5.155132575306096e-05, 'K_bin': 1, 'gamma': 0.0048166375608763344}, {'lambda_reg': 1.3429193655987657e-05, 'K_bin': 1, 'gamma': 0.004799571296514152}, {'lambda_reg': 1.783416253433743e-05, 'K_bin': 1, 'gamma': 0.008438792975966183}, {'lambda_reg': 2.844472619804606e-05, 'K_bin': 1, 'gamma': 0.0036217901607718947}]",600,2,cauchy,32
"[np.float64(0.12297455108573845), np.float64(0.09893424503403266), np.float64(0.0987145891829957), np.float64(0.09736232393247587), np.float64(0.14797982638137924)]",0.1131931071233244,0.0198461523172331,"[np.float64(0.7169977536487122), np.float64(0.8013394489359076), np.float64(0.7424570351764033), np.float64(0.7657470223638985), np.float64(0.728179013798711)]",0.7509440547847265,0.0300048381250321,"[np.float64(0.8656737922025446), np.float64(0.9417101974056309), np.float64(0.9172359204200246), np.float64(0.9318264966344503), np.float64(0.9328533329181891)]",0.9178599479161678,0.0272487971701912,"[array([0.        , 0.13057809, 0.19513239, 0.25909248, 0.28016987,
       0.30109755, 0.38354953, 0.46540463, 0.50576586, 0.50576586,
       0.50576586, 0.54473822, 0.56409993, 0.60244439, 0.62127997,
       0.62127997, 0.63975999, 0.63975999, 0.63975999, 0.6753997 ,
       0.69306578, 0.71039245, 0.74468369, 0.77848512, 0.77848512,
       0.81139604, 0.81139604, 0.82754121, 0.82754121, 0.84317196,
       0.87384797, 0.87384797, 0.87384797, 0.88860669, 0.88860669,
       0.90283386, 0.90283386, 0.90283386, 0.90283386, 0.90283386,
       0.91607475, 0.91607475, 0.92895063, 0.94160145, 0.94160145,
       0.94160145, 0.94160145, 0.94160145, 0.94160145, 0.94160145,
       0.96382574, 0.96382574, 0.96382574, 0.96382574, 0.96382574,
       0.97385545, 0.97385545, 0.97385545, 0.98304113, 0.99217791,
       0.99217791, 0.99217791, 0.99217791, 0.99217791, 0.99217791,
       0.99217791, 0.99217791, 0.99217791, 0.99217791, 0.99217791,
       0.99217791, 0.99217791, 0.99217791, 0.99217791, 0.99217791,
       0.99217791, 0.99217791, 0.99217791, 0.9971658 , 0.9971658 ,
       0.9971658 , 0.9971658 , 0.9971658 , 0.9971658 , 0.9971658 ,
       0.9971658 , 0.9971658 , 0.9971658 , 0.9971658 , 0.9971658 ,
       0.9971658 , 0.99922828, 0.99922828, 0.99922828, 0.99922828,
       0.99922828, 0.99922828, 0.99922828, 0.99966985, 0.99966985,
       1.        ]), array([0.        , 0.29921714, 0.4130604 , 0.4806068 , 0.56993559,
       0.61412531, 0.61412531, 0.63569525, 0.65710481, 0.65710481,
       0.65710481, 0.76046058, 0.78079944, 0.78079944, 0.80080767,
       0.80080767, 0.82025837, 0.82025837, 0.82025837, 0.82025837,
       0.82025837, 0.82025837, 0.82025837, 0.82025837, 0.83800765,
       0.83800765, 0.83800765, 0.83800765, 0.83800765, 0.83800765,
       0.85429368, 0.85429368, 0.87004003, 0.87004003, 0.88540349,
       0.88540349, 0.90025444, 0.90025444, 0.90025444, 0.90025444,
       0.90025444, 0.90025444, 0.90025444, 0.91345187, 0.91345187,
       0.91345187, 0.92610153, 0.92610153, 0.92610153, 0.93806394,
       0.93806394, 0.93806394, 0.93806394, 0.93806394, 0.9489041 ,
       0.9489041 , 0.9489041 , 0.9489041 , 0.9489041 , 0.9489041 ,
       0.95837524, 0.95837524, 0.96733931, 0.97600934, 0.97600934,
       0.97600934, 0.98408695, 0.98408695, 0.98408695, 0.98408695,
       0.98408695, 0.98408695, 0.98408695, 0.98408695, 0.98408695,
       0.98408695, 0.98408695, 0.98408695, 0.98408695, 0.98408695,
       0.98883736, 0.98883736, 0.98883736, 0.99680594, 0.99680594,
       0.99680594, 0.99680594, 0.99680594, 0.99680594, 0.99680594,
       0.99917322, 0.99917322, 0.99917322, 0.99917322, 0.99917322,
       0.99917322, 0.99917322, 0.99917322, 0.99968228, 0.99968228,
       1.        ]), array([0.        , 0.33489365, 0.40139251, 0.42334639, 0.53174482,
       0.53174482, 0.55297934, 0.55297934, 0.57368838, 0.59417624,
       0.61451083, 0.63451121, 0.67423497, 0.67423497, 0.71311454,
       0.73220213, 0.73220213, 0.73220213, 0.75071664, 0.75071664,
       0.75071664, 0.75071664, 0.75071664, 0.76812295, 0.76812295,
       0.76812295, 0.78493806, 0.78493806, 0.80130629, 0.83338123,
       0.84918588, 0.86484876, 0.86484876, 0.87996781, 0.87996781,
       0.87996781, 0.89452188, 0.89452188, 0.89452188, 0.89452188,
       0.92150835, 0.92150835, 0.93454139, 0.93454139, 0.93454139,
       0.93454139, 0.93454139, 0.93454139, 0.93454139, 0.94608696,
       0.94608696, 0.94608696, 0.94608696, 0.94608696, 0.9565469 ,
       0.9565469 , 0.9565469 , 0.9565469 , 0.9565469 , 0.96587657,
       0.96587657, 0.96587657, 0.97439998, 0.97439998, 0.98251459,
       0.98251459, 0.98251459, 0.98251459, 0.98251459, 0.98251459,
       0.98251459, 0.98251459, 0.98251459, 0.98863746, 0.98863746,
       0.98863746, 0.98863746, 0.98863746, 0.98863746, 0.98863746,
       0.98863746, 0.98863746, 0.99287286, 0.99287286, 0.99287286,
       0.99287286, 0.99287286, 0.99287286, 0.99287286, 0.99287286,
       0.99531094, 0.99531094, 0.99919765, 0.99919765, 0.99919765,
       0.99919765, 0.99919765, 0.99919765, 0.99976948, 0.99976948,
       1.        ]), array([0.        , 0.30256959, 0.39458148, 0.46280306, 0.5528015 ,
       0.5528015 , 0.57480825, 0.57480825, 0.57480825, 0.57480825,
       0.61724215, 0.63812357, 0.65888873, 0.67928538, 0.71974683,
       0.71974683, 0.7394805 , 0.77840615, 0.79761641, 0.81669801,
       0.8354653 , 0.8354653 , 0.8354653 , 0.8354653 , 0.85327756,
       0.85327756, 0.85327756, 0.85327756, 0.85327756, 0.85327756,
       0.86985478, 0.86985478, 0.86985478, 0.86985478, 0.88546669,
       0.88546669, 0.88546669, 0.88546669, 0.88546669, 0.89973567,
       0.89973567, 0.89973567, 0.89973567, 0.89973567, 0.89973567,
       0.89973567, 0.89973567, 0.89973567, 0.91209299, 0.93609194,
       0.93609194, 0.93609194, 0.93609194, 0.93609194, 0.93609194,
       0.93609194, 0.93609194, 0.93609194, 0.93609194, 0.95550044,
       0.95550044, 0.96469125, 0.96469125, 0.97344734, 0.97344734,
       0.97344734, 0.97344734, 0.97344734, 0.97344734, 0.97344734,
       0.97344734, 0.97344734, 0.97344734, 0.97344734, 0.97344734,
       0.97931329, 0.97931329, 0.97931329, 0.97931329, 0.97931329,
       0.98413002, 0.98413002, 0.98413002, 0.98413002, 0.98800942,
       0.98800942, 0.99485089, 0.99485089, 0.99485089, 0.99485089,
       0.99485089, 0.99485089, 0.99485089, 0.99485089, 0.9979072 ,
       0.99923296, 0.99923296, 0.99995257, 0.99995257, 0.99995257,
       1.        ]), array([0.        , 0.40044029, 0.4798186 , 0.57749621, 0.57749621,
       0.61595561, 0.61595561, 0.67237419, 0.69091443, 0.70929003,
       0.72752227, 0.7455467 , 0.78108768, 0.78108768, 0.79850722,
       0.83272586, 0.8667905 , 0.8667905 , 0.88343875, 0.88343875,
       0.89958265, 0.89958265, 0.91544416, 0.91544416, 0.91544416,
       0.93069782, 0.93069782, 0.93069782, 0.93069782, 0.94509824,
       0.94509824, 0.95902016, 0.95902016, 0.95902016, 0.95902016,
       0.95902016, 0.95902016, 0.95902016, 0.95902016, 0.95902016,
       0.95902016, 0.97090954, 0.98265353, 0.98265353, 0.98265353,
       0.98265353, 0.98265353, 0.98265353, 0.98265353, 0.98265353,
       0.98265353, 0.98265353, 0.99248002, 0.99248002, 0.99248002,
       0.99248002, 0.99248002, 0.99248002, 0.99248002, 0.99248002,
       0.99248002, 0.99248002, 0.99248002, 0.99248002, 0.99248002,
       0.99248002, 0.99248002, 0.99248002, 0.99248002, 0.99248002,
       0.99248002, 0.99248002, 0.99248002, 0.99248002, 0.99248002,
       0.99248002, 0.99248002, 0.99248002, 0.99248002, 0.99248002,
       0.99248002, 0.99248002, 0.99248002, 0.99248002, 0.99576425,
       0.99576425, 0.99576425, 0.99851038, 0.99851038, 0.99851038,
       0.99851038, 0.99851038, 0.99851038, 0.99851038, 0.99851038,
       0.99851038, 0.99937052, 0.99937052, 0.99978691, 0.9999974 ,
       1.        ])]","[array([0.        , 0.00135382, 0.00440107, 0.00936526, 0.01180273,
       0.0147232 , 0.0304658 , 0.04813396, 0.05879503, 0.05879503,
       0.05879503, 0.07393661, 0.08190898, 0.09907619, 0.10874587,
       0.10874587, 0.11956257, 0.11956257, 0.11956257, 0.14545544,
       0.15889797, 0.17343543, 0.20367851, 0.23550175, 0.23550175,
       0.27019782, 0.27019782, 0.28854686, 0.28854686, 0.30855544,
       0.35046139, 0.35046139, 0.35046139, 0.37328318, 0.37328318,
       0.39781976, 0.39781976, 0.39781976, 0.39781976, 0.39781976,
       0.42553813, 0.42553813, 0.454434  , 0.48405598, 0.48405598,
       0.48405598, 0.48405598, 0.48405598, 0.48405598, 0.48405598,
       0.55322754, 0.55322754, 0.55322754, 0.55322754, 0.55322754,
       0.59130529, 0.59130529, 0.59130529, 0.63210592, 0.67306431,
       0.67306431, 0.67306431, 0.67306431, 0.67306431, 0.67306431,
       0.67306431, 0.67306431, 0.67306431, 0.67306431, 0.67306431,
       0.67306431, 0.67306431, 0.67306431, 0.67306431, 0.67306431,
       0.67306431, 0.67306431, 0.67306431, 0.72740719, 0.72740719,
       0.72740719, 0.72740719, 0.72740719, 0.72740719, 0.72740719,
       0.72740719, 0.72740719, 0.72740719, 0.72740719, 0.72740719,
       0.72740719, 0.79118757, 0.79118757, 0.79118757, 0.79118757,
       0.79118757, 0.79118757, 0.79118757, 0.86019705, 0.86019705,
       1.        ]), array([0.        , 0.00299113, 0.00735189, 0.01193438, 0.01994191,
       0.0251743 , 0.0251743 , 0.02914923, 0.03353928, 0.03353928,
       0.03353928, 0.0650461 , 0.07220757, 0.07220757, 0.08022486,
       0.08022486, 0.08968526, 0.08968526, 0.08968526, 0.08968526,
       0.08968526, 0.08968526, 0.08968526, 0.08968526, 0.10354966,
       0.10354966, 0.10354966, 0.10354966, 0.10354966, 0.10354966,
       0.12120158, 0.12120158, 0.14025042, 0.14025042, 0.16029035,
       0.16029035, 0.18165685, 0.18165685, 0.18165685, 0.18165685,
       0.18165685, 0.18165685, 0.18165685, 0.20730336, 0.20730336,
       0.20730336, 0.23436776, 0.23436776, 0.23436776, 0.26321102,
       0.26321102, 0.26321102, 0.26321102, 0.26321102, 0.29495914,
       0.29495914, 0.29495914, 0.29495914, 0.29495914, 0.29495914,
       0.33025087, 0.33025087, 0.36685512, 0.40422046, 0.40422046,
       0.40422046, 0.44311924, 0.44311924, 0.44311924, 0.44311924,
       0.44311924, 0.44311924, 0.44311924, 0.44311924, 0.44311924,
       0.44311924, 0.44311924, 0.44311924, 0.44311924, 0.44311924,
       0.49063022, 0.49063022, 0.49063022, 0.58961825, 0.58961825,
       0.58961825, 0.58961825, 0.58961825, 0.58961825, 0.58961825,
       0.64329778, 0.64329778, 0.64329778, 0.64329778, 0.64329778,
       0.64329778, 0.64329778, 0.64329778, 0.70178716, 0.70178716,
       1.        ]), array([0.        , 0.00418469, 0.00641112, 0.0077683 , 0.01852394,
       0.01852394, 0.02196408, 0.02196408, 0.02692577, 0.03252793,
       0.03857388, 0.04558754, 0.06041698, 0.06041698, 0.07769081,
       0.08734751, 0.08734751, 0.08734751, 0.09866364, 0.09866364,
       0.09866364, 0.09866364, 0.09866364, 0.11318861, 0.11318861,
       0.11318861, 0.12942546, 0.12942546, 0.14695626, 0.18393336,
       0.20309606, 0.22266924, 0.22266924, 0.24381714, 0.24381714,
       0.24381714, 0.26660097, 0.26660097, 0.26660097, 0.26660097,
       0.31831209, 0.31831209, 0.34550015, 0.34550015, 0.34550015,
       0.34550015, 0.34550015, 0.34550015, 0.34550015, 0.37699531,
       0.37699531, 0.37699531, 0.37699531, 0.37699531, 0.41163396,
       0.41163396, 0.41163396, 0.41163396, 0.41163396, 0.4495454 ,
       0.4495454 , 0.4495454 , 0.48979143, 0.48979143, 0.53122115,
       0.53122115, 0.53122115, 0.53122115, 0.53122115, 0.53122115,
       0.53122115, 0.53122115, 0.53122115, 0.5784181 , 0.5784181 ,
       0.5784181 , 0.5784181 , 0.5784181 , 0.5784181 , 0.5784181 ,
       0.5784181 , 0.5784181 , 0.63108033, 0.63108033, 0.63108033,
       0.63108033, 0.63108033, 0.63108033, 0.63108033, 0.63108033,
       0.68894684, 0.68894684, 0.80754488, 0.80754488, 0.80754488,
       0.80754488, 0.80754488, 0.80754488, 0.87081522, 0.87081522,
       1.        ]), array([0.        , 0.00245368, 0.00591789, 0.01047938, 0.01896447,
       0.01896447, 0.02231476, 0.02231476, 0.02231476, 0.02231476,
       0.03295434, 0.03911083, 0.04555722, 0.05292256, 0.06848078,
       0.06848078, 0.07749937, 0.09688735, 0.10721116, 0.11785578,
       0.12928422, 0.12928422, 0.12928422, 0.12928422, 0.14309416,
       0.14309416, 0.14309416, 0.14309416, 0.14309416, 0.14309416,
       0.15998388, 0.15998388, 0.15998388, 0.15998388, 0.17928075,
       0.17928075, 0.17928075, 0.17928075, 0.17928075, 0.20192644,
       0.20192644, 0.20192644, 0.20192644, 0.20192644, 0.20192644,
       0.20192644, 0.20192644, 0.20192644, 0.22933915, 0.28594931,
       0.28594931, 0.28594931, 0.28594931, 0.28594931, 0.28594931,
       0.28594931, 0.28594931, 0.28594931, 0.28594931, 0.35400649,
       0.35400649, 0.38931543, 0.38931543, 0.4257084 , 0.4257084 ,
       0.4257084 , 0.4257084 , 0.4257084 , 0.4257084 , 0.4257084 ,
       0.4257084 , 0.4257084 , 0.4257084 , 0.4257084 , 0.4257084 ,
       0.46930844, 0.46930844, 0.46930844, 0.46930844, 0.46930844,
       0.51552485, 0.51552485, 0.51552485, 0.51552485, 0.56407867,
       0.56407867, 0.66347378, 0.66347378, 0.66347378, 0.66347378,
       0.66347378, 0.66347378, 0.66347378, 0.66347378, 0.77230783,
       0.82722956, 0.82722956, 0.88366282, 0.88366282, 0.88366282,
       1.        ]), array([0.        , 0.00650261, 0.0112598 , 0.02473225, 0.02473225,
       0.03310013, 0.03310013, 0.05183975, 0.05938157, 0.06772525,
       0.0767671 , 0.08682102, 0.10940247, 0.10940247, 0.12240241,
       0.15142406, 0.18119572, 0.18119572, 0.19795209, 0.19795209,
       0.21716478, 0.21716478, 0.23775278, 0.23775278, 0.23775278,
       0.26130123, 0.26130123, 0.26130123, 0.26130123, 0.28900518,
       0.28900518, 0.31903959, 0.31903959, 0.31903959, 0.31903959,
       0.31903959, 0.31903959, 0.31903959, 0.31903959, 0.31903959,
       0.31903959, 0.35897301, 0.39961458, 0.39961458, 0.39961458,
       0.39961458, 0.39961458, 0.39961458, 0.39961458, 0.39961458,
       0.39961458, 0.39961458, 0.44959494, 0.44959494, 0.44959494,
       0.44959494, 0.44959494, 0.44959494, 0.44959494, 0.44959494,
       0.44959494, 0.44959494, 0.44959494, 0.44959494, 0.44959494,
       0.44959494, 0.44959494, 0.44959494, 0.44959494, 0.44959494,
       0.44959494, 0.44959494, 0.44959494, 0.44959494, 0.44959494,
       0.44959494, 0.44959494, 0.44959494, 0.44959494, 0.44959494,
       0.44959494, 0.44959494, 0.44959494, 0.44959494, 0.53143801,
       0.53143801, 0.53143801, 0.61590185, 0.61590185, 0.61590185,
       0.61590185, 0.61590185, 0.61590185, 0.61590185, 0.61590185,
       0.61590185, 0.70955099, 0.70955099, 0.80536128, 0.90217441,
       1.        ])]",0.0273458537628457,0.0189605737121171,0.0074554571310594,0.0034327780480135,"[{'lambda_reg': 5.455190989291832e-05, 'K_bin': 1, 'gamma': 0.010419193325873684, 'degree': 3, 'coef0': 3.069256422316414}, {'lambda_reg': 2.60185608545458e-05, 'K_bin': 1, 'gamma': 0.0085200504259502, 'degree': 3, 'coef0': 2.774139744924262}, {'lambda_reg': 9.391869203840535e-05, 'K_bin': 1, 'gamma': 1.3171787270741797, 'degree': 2, 'coef0': 4.673999859510785}, {'lambda_reg': 0.1214518055130152, 'K_bin': 1, 'gamma': 1.3163462682960883, 'degree': 2, 'coef0': 0.7172378337977592}, {'lambda_reg': 0.0005899572970788247, 'K_bin': 1, 'gamma': 0.039677026976914435, 'degree': 2, 'coef0': 1.7070213312863503}]",300,3,polynomial,20
"[np.float64(0.07151118362373023), np.float64(0.06974084058050992), np.float64(0.09394996100367922), np.float64(0.05035151125835033), np.float64(0.08612564816871093)]",0.0743358289269961,0.0150203465199575,"[np.float64(0.8028613719516038), np.float64(0.8455467977089645), np.float64(0.8006514378679205), np.float64(0.8304282661441855), np.float64(0.8529452675663519)]",0.8264866282478053,0.0214685628806835,"[np.float64(0.961844156292927), np.float64(0.9768844224833471), np.float64(0.9670575464436815), np.float64(0.9840958231713922), np.float64(0.9743572459533645)]",0.9728478388689424,0.0077420667072104,"[array([0.        , 0.28970736, 0.40413508, 0.46084035, 0.46084035,
       0.46084035, 0.47905732, 0.5333713 , 0.5333713 , 0.5333713 ,
       0.5333713 , 0.55059637, 0.55059637, 0.56749059, 0.61773993,
       0.65087815, 0.65087815, 0.65087815, 0.65087815, 0.68248304,
       0.68248304, 0.68248304, 0.69768594, 0.71260332, 0.72739606,
       0.72739606, 0.72739606, 0.74166398, 0.74166398, 0.74166398,
       0.76901477, 0.7824378 , 0.79575132, 0.79575132, 0.79575132,
       0.80838449, 0.80838449, 0.80838449, 0.82041804, 0.82041804,
       0.82041804, 0.83200842, 0.83200842, 0.84309137, 0.84309137,
       0.84309137, 0.85355171, 0.85355171, 0.85355171, 0.86351506,
       0.86351506, 0.87312403, 0.88246819, 0.90084038, 0.9098901 ,
       0.91866391, 0.91866391, 0.91866391, 0.91866391, 0.91866391,
       0.91866391, 0.91866391, 0.91866391, 0.91866391, 0.91866391,
       0.92558855, 0.92558855, 0.93205897, 0.93205897, 0.93205897,
       0.94389182, 0.94960895, 0.95512875, 0.95512875, 0.95512875,
       0.95512875, 0.95512875, 0.95974298, 0.96843528, 0.97260727,
       0.97260727, 0.97260727, 0.97260727, 0.97602612, 0.97602612,
       0.97602612, 0.97602612, 0.97871163, 0.98587918, 0.98587918,
       0.98784303, 0.98784303, 0.98784303, 0.9908601 , 0.99217184,
       0.99217184, 0.99386171, 0.99637688, 0.99743433, 0.99853125,
       1.        ]), array([0.        , 0.61374013, 0.61374013, 0.61374013, 0.67618369,
       0.67618369, 0.67618369, 0.69129201, 0.69129201, 0.70603878,
       0.70603878, 0.70603878, 0.72037118, 0.72037118, 0.73442678,
       0.73442678, 0.76182361, 0.76182361, 0.78850077, 0.81489915,
       0.81489915, 0.81489915, 0.82752251, 0.82752251, 0.82752251,
       0.83973976, 0.83973976, 0.83973976, 0.83973976, 0.83973976,
       0.85115947, 0.86235306, 0.86235306, 0.87326828, 0.87326828,
       0.87326828, 0.87326828, 0.87326828, 0.87326828, 0.87326828,
       0.87326828, 0.87326828, 0.87326828, 0.87326828, 0.87326828,
       0.87326828, 0.88200462, 0.88200462, 0.89048691, 0.89048691,
       0.89048691, 0.89852099, 0.89852099, 0.89852099, 0.90605046,
       0.91338217, 0.91338217, 0.93457261, 0.94145987, 0.94145987,
       0.94145987, 0.94145987, 0.94765241, 0.94765241, 0.95353362,
       0.95353362, 0.95353362, 0.95897847, 0.95897847, 0.96410671,
       0.96410671, 0.96410671, 0.96410671, 0.96860191, 0.97718658,
       0.98549009, 0.98549009, 0.98549009, 0.98549009, 0.98549009,
       0.98549009, 0.98858093, 0.98858093, 0.99134117, 0.99134117,
       0.99134117, 0.99134117, 0.99134117, 0.99134117, 0.99134117,
       0.99134117, 0.99282553, 0.99417628, 0.99546833, 0.9964902 ,
       0.9964902 , 0.9964902 , 0.99820118, 0.99909376, 0.99955178,
       1.        ]), array([0.        , 0.42788826, 0.50906654, 0.5252078 , 0.57274131,
       0.60435896, 0.60435896, 0.60435896, 0.61960332, 0.64982027,
       0.64982027, 0.66453017, 0.67917927, 0.67917927, 0.67917927,
       0.69326175, 0.72105685, 0.72105685, 0.74826605, 0.74826605,
       0.76151316, 0.7746037 , 0.78759569, 0.78759569, 0.78759569,
       0.80010925, 0.80010925, 0.80010925, 0.81203269, 0.81203269,
       0.81203269, 0.81203269, 0.81203269, 0.82314592, 0.82314592,
       0.82314592, 0.82314592, 0.8336412 , 0.8336412 , 0.8336412 ,
       0.84357611, 0.84357611, 0.85317447, 0.85317447, 0.85317447,
       0.85317447, 0.86210555, 0.87969658, 0.87969658, 0.90517016,
       0.90517016, 0.90517016, 0.91312201, 0.91312201, 0.91312201,
       0.91312201, 0.91312201, 0.91312201, 0.92710797, 0.92710797,
       0.92710797, 0.94011522, 0.94011522, 0.94011522, 0.94011522,
       0.9460159 , 0.9460159 , 0.9460159 , 0.95129179, 0.95647096,
       0.95647096, 0.96138881, 0.96611893, 0.96611893, 0.97044537,
       0.97458107, 0.97458107, 0.98228313, 0.98607131, 0.98607131,
       0.98607131, 0.98607131, 0.98607131, 0.98607131, 0.98607131,
       0.98607131, 0.98607131, 0.98607131, 0.98805728, 0.98988073,
       0.98988073, 0.98988073, 0.9913602 , 0.99380701, 0.99486014,
       0.99486014, 0.99559062, 0.9961198 , 0.99763236, 0.99896284,
       1.        ]), array([0.        , 0.45209649, 0.53777792, 0.58872287, 0.65599396,
       0.68926207, 0.72220695, 0.73853992, 0.75465911, 0.75465911,
       0.75465911, 0.75465911, 0.75465911, 0.76994415, 0.76994415,
       0.78485787, 0.79965181, 0.81410803, 0.81410803, 0.8566267 ,
       0.8706255 , 0.8706255 , 0.88431822, 0.88431822, 0.88431822,
       0.88431822, 0.88431822, 0.89716041, 0.89716041, 0.89716041,
       0.90935714, 0.90935714, 0.90935714, 0.90935714, 0.90935714,
       0.90935714, 0.90935714, 0.90935714, 0.90935714, 0.90935714,
       0.93034982, 0.93034982, 0.93034982, 0.93034982, 0.93034982,
       0.94009142, 0.94009142, 0.94009142, 0.94009142, 0.94009142,
       0.94009142, 0.94009142, 0.94009142, 0.94009142, 0.94009142,
       0.94009142, 0.94009142, 0.94009142, 0.94009142, 0.94734779,
       0.94734779, 0.94734779, 0.95400167, 0.96056462, 0.96056462,
       0.96056462, 0.96056462, 0.96056462, 0.96616121, 0.96616121,
       0.96616121, 0.96616121, 0.96616121, 0.96616121, 0.97074214,
       0.97074214, 0.97074214, 0.97074214, 0.97074214, 0.97074214,
       0.97074214, 0.97422439, 0.97422439, 0.97724361, 0.97724361,
       0.97985895, 0.98236318, 0.98471246, 0.98906063, 0.98906063,
       0.98906063, 0.98906063, 0.99056452, 0.99179505, 0.9929656 ,
       0.99399355, 0.99641479, 0.99753665, 0.9982555 , 0.99928211,
       1.        ]), array([0.        , 0.41733691, 0.48333118, 0.48333118, 0.51568268,
       0.54762019, 0.6266812 , 0.67354065, 0.68903384, 0.70436333,
       0.70436333, 0.70436333, 0.70436333, 0.70436333, 0.71874479,
       0.74718272, 0.7612596 , 0.77527719, 0.78909904, 0.78909904,
       0.8025805 , 0.8025805 , 0.82893374, 0.82893374, 0.82893374,
       0.84148376, 0.84148376, 0.84148376, 0.85357986, 0.86556661,
       0.86556661, 0.86556661, 0.87705415, 0.87705415, 0.87705415,
       0.87705415, 0.87705415, 0.87705415, 0.87705415, 0.87705415,
       0.88720616, 0.88720616, 0.88720616, 0.89674378, 0.90615747,
       0.91546947, 0.91546947, 0.91546947, 0.91546947, 0.9240008 ,
       0.9240008 , 0.9240008 , 0.9240008 , 0.9240008 , 0.9240008 ,
       0.931549  , 0.931549  , 0.931549  , 0.93861096, 0.93861096,
       0.93861096, 0.9452141 , 0.9452141 , 0.9452141 , 0.9452141 ,
       0.9452141 , 0.9452141 , 0.95077968, 0.95077968, 0.95077968,
       0.95077968, 0.9557012 , 0.96530684, 0.96530684, 0.96530684,
       0.96530684, 0.96943349, 0.96943349, 0.97319339, 0.97319339,
       0.97319339, 0.97319339, 0.97630625, 0.9822651 , 0.98494532,
       0.98494532, 0.98494532, 0.98714477, 0.9912842 , 0.99313785,
       0.99313785, 0.99465944, 0.99465944, 0.99465944, 0.99465944,
       0.99465944, 0.99547108, 0.99720778, 0.99768743, 0.99821179,
       1.        ])]","[array([0.00000000e+00, 3.72218460e-04, 1.62222216e-03, 2.63204936e-03,
       2.63204936e-03, 2.63204936e-03, 3.48681251e-03, 6.30604225e-03,
       6.30604225e-03, 6.30604225e-03, 6.30604225e-03, 7.91133305e-03,
       7.91133305e-03, 9.76697056e-03, 1.56617568e-02, 1.98650332e-02,
       1.98650332e-02, 1.98650332e-02, 1.98650332e-02, 2.52285087e-02,
       2.52285087e-02, 2.52285087e-02, 2.83639083e-02, 3.17153447e-02,
       3.51610903e-02, 3.51610903e-02, 3.51610903e-02, 3.90039439e-02,
       3.90039439e-02, 3.90039439e-02, 4.75863482e-02, 5.20684988e-02,
       5.66335160e-02, 5.66335160e-02, 5.66335160e-02, 6.17133261e-02,
       6.17133261e-02, 6.17133261e-02, 6.72468425e-02, 6.72468425e-02,
       6.72468425e-02, 7.31156944e-02, 7.31156944e-02, 7.93684994e-02,
       7.93684994e-02, 7.93684994e-02, 8.60924108e-02, 8.60924108e-02,
       8.60924108e-02, 9.31923699e-02, 9.31923699e-02, 1.00560476e-01,
       1.08128954e-01, 1.23505118e-01, 1.31296389e-01, 1.39296433e-01,
       1.39296433e-01, 1.39296433e-01, 1.39296433e-01, 1.39296433e-01,
       1.39296433e-01, 1.39296433e-01, 1.39296433e-01, 1.39296433e-01,
       1.39296433e-01, 1.48695666e-01, 1.48695666e-01, 1.58438595e-01,
       1.58438595e-01, 1.58438595e-01, 1.78762830e-01, 1.89075742e-01,
       1.99537971e-01, 1.99537971e-01, 1.99537971e-01, 1.99537971e-01,
       1.99537971e-01, 2.10685408e-01, 2.33385977e-01, 2.44868039e-01,
       2.44868039e-01, 2.44868039e-01, 2.44868039e-01, 2.56919974e-01,
       2.56919974e-01, 2.56919974e-01, 2.56919974e-01, 2.69526795e-01,
       3.08019932e-01, 3.08019932e-01, 3.21172811e-01, 3.21172811e-01,
       3.21172811e-01, 3.48167611e-01, 3.61813915e-01, 3.61813915e-01,
       3.89812954e-01, 4.46465213e-01, 4.74942779e-01, 5.32668181e-01,
       1.00000000e+00]), array([0.00000000e+00, 9.16558807e-04, 9.16558807e-04, 9.16558807e-04,
       3.30954909e-03, 3.30954909e-03, 3.30954909e-03, 4.44196106e-03,
       4.44196106e-03, 5.95864484e-03, 5.95864484e-03, 5.95864484e-03,
       7.91576230e-03, 7.91576230e-03, 1.01670817e-02, 1.01670817e-02,
       1.54289919e-02, 1.54289919e-02, 2.14558184e-02, 2.77789526e-02,
       2.77789526e-02, 2.77789526e-02, 3.15525459e-02, 3.15525459e-02,
       3.15525459e-02, 3.57577881e-02, 3.57577881e-02, 3.57577881e-02,
       3.57577881e-02, 3.57577881e-02, 4.08107000e-02, 4.61039600e-02,
       4.61039600e-02, 5.16930847e-02, 5.16930847e-02, 5.16930847e-02,
       5.16930847e-02, 5.16930847e-02, 5.16930847e-02, 5.16930847e-02,
       5.16930847e-02, 5.16930847e-02, 5.16930847e-02, 5.16930847e-02,
       5.16930847e-02, 5.16930847e-02, 5.95980744e-02, 5.95980744e-02,
       6.77730939e-02, 6.77730939e-02, 6.77730939e-02, 7.64244859e-02,
       7.64244859e-02, 7.64244859e-02, 8.56122283e-02, 9.50101470e-02,
       9.50101470e-02, 1.24059217e-01, 1.33929537e-01, 1.33929537e-01,
       1.33929537e-01, 1.33929537e-01, 1.44538246e-01, 1.44538246e-01,
       1.55477872e-01, 1.55477872e-01, 1.55477872e-01, 1.66881281e-01,
       1.66881281e-01, 1.78621204e-01, 1.78621204e-01, 1.78621204e-01,
       1.78621204e-01, 1.91033970e-01, 2.16290739e-01, 2.41846341e-01,
       2.41846341e-01, 2.41846341e-01, 2.41846341e-01, 2.41846341e-01,
       2.41846341e-01, 2.55751761e-01, 2.55751761e-01, 2.70008559e-01,
       2.70008559e-01, 2.70008559e-01, 2.70008559e-01, 2.70008559e-01,
       2.70008559e-01, 2.70008559e-01, 2.70008559e-01, 2.85621450e-01,
       3.01376360e-01, 3.17193652e-01, 3.33298110e-01, 3.33298110e-01,
       3.33298110e-01, 3.83051282e-01, 4.16483735e-01, 4.50378064e-01,
       1.00000000e+00]), array([0.00000000e+00, 6.59301634e-04, 1.91912420e-03, 2.26761573e-03,
       4.22355129e-03, 5.60048458e-03, 5.60048458e-03, 5.60048458e-03,
       6.86620154e-03, 9.67556921e-03, 9.67556921e-03, 1.14878609e-02,
       1.33623220e-02, 1.33623220e-02, 1.33623220e-02, 1.58162497e-02,
       2.11023424e-02, 2.11023424e-02, 2.69876057e-02, 2.69876057e-02,
       3.02958264e-02, 3.37641681e-02, 3.73332878e-02, 3.73332878e-02,
       3.73332878e-02, 4.13916877e-02, 4.13916877e-02, 4.13916877e-02,
       4.60535629e-02, 4.60535629e-02, 4.60535629e-02, 4.60535629e-02,
       4.60535629e-02, 5.15440192e-02, 5.15440192e-02, 5.15440192e-02,
       5.15440192e-02, 5.76664195e-02, 5.76664195e-02, 5.76664195e-02,
       6.43618916e-02, 6.43618916e-02, 7.14015303e-02, 7.14015303e-02,
       7.14015303e-02, 7.14015303e-02, 7.91235798e-02, 9.48449398e-02,
       9.48449398e-02, 1.19360630e-01, 1.19360630e-01, 1.19360630e-01,
       1.28084080e-01, 1.28084080e-01, 1.28084080e-01, 1.28084080e-01,
       1.28084080e-01, 1.28084080e-01, 1.47492199e-01, 1.47492199e-01,
       1.47492199e-01, 1.67901199e-01, 1.67901199e-01, 1.67901199e-01,
       1.67901199e-01, 1.78722299e-01, 1.78722299e-01, 1.78722299e-01,
       1.90182347e-01, 2.01741315e-01, 2.01741315e-01, 2.13567511e-01,
       2.25585697e-01, 2.25585697e-01, 2.38016718e-01, 2.50642792e-01,
       2.50642792e-01, 2.76477177e-01, 2.89458644e-01, 2.89458644e-01,
       2.89458644e-01, 2.89458644e-01, 2.89458644e-01, 2.89458644e-01,
       2.89458644e-01, 2.89458644e-01, 2.89458644e-01, 2.89458644e-01,
       3.04283165e-01, 3.19273878e-01, 3.19273878e-01, 3.19273878e-01,
       3.34616367e-01, 3.65825071e-01, 3.81603564e-01, 3.81603564e-01,
       3.97712016e-01, 4.14026323e-01, 4.79901414e-01, 5.62818187e-01,
       1.00000000e+00]), array([0.00000000e+00, 6.26320068e-04, 1.90318029e-03, 3.09500540e-03,
       5.28561793e-03, 6.71810158e-03, 8.44718703e-03, 9.43971619e-03,
       1.06284190e-02, 1.06284190e-02, 1.06284190e-02, 1.06284190e-02,
       1.06284190e-02, 1.25825795e-02, 1.25825795e-02, 1.48774696e-02,
       1.72822761e-02, 1.99969897e-02, 1.99969897e-02, 2.89211184e-02,
       3.20555850e-02, 3.20555850e-02, 3.54709197e-02, 3.54709197e-02,
       3.54709197e-02, 3.54709197e-02, 3.54709197e-02, 3.96667287e-02,
       3.96667287e-02, 3.96667287e-02, 4.44548505e-02, 4.44548505e-02,
       4.44548505e-02, 4.44548505e-02, 4.44548505e-02, 4.44548505e-02,
       4.44548505e-02, 4.44548505e-02, 4.44548505e-02, 4.44548505e-02,
       5.71517819e-02, 5.71517819e-02, 5.71517819e-02, 5.71517819e-02,
       5.71517819e-02, 6.41928348e-02, 6.41928348e-02, 6.41928348e-02,
       6.41928348e-02, 6.41928348e-02, 6.41928348e-02, 6.41928348e-02,
       6.41928348e-02, 6.41928348e-02, 6.41928348e-02, 6.41928348e-02,
       6.41928348e-02, 6.41928348e-02, 6.41928348e-02, 7.35144366e-02,
       7.35144366e-02, 7.35144366e-02, 8.33889043e-02, 9.33468196e-02,
       9.33468196e-02, 9.33468196e-02, 9.33468196e-02, 9.33468196e-02,
       1.04191497e-01, 1.04191497e-01, 1.04191497e-01, 1.04191497e-01,
       1.04191497e-01, 1.04191497e-01, 1.15968199e-01, 1.15968199e-01,
       1.15968199e-01, 1.15968199e-01, 1.15968199e-01, 1.15968199e-01,
       1.15968199e-01, 1.28753091e-01, 1.28753091e-01, 1.41962876e-01,
       1.41962876e-01, 1.55543285e-01, 1.69225643e-01, 1.83050198e-01,
       2.11020843e-01, 2.11020843e-01, 2.11020843e-01, 2.11020843e-01,
       2.25621156e-01, 2.40472321e-01, 2.55378532e-01, 2.70415593e-01,
       3.16134818e-01, 3.47066055e-01, 3.78367107e-01, 4.41346458e-01,
       1.00000000e+00]), array([0.00000000e+00, 6.83603807e-04, 1.56756700e-03, 1.56756700e-03,
       2.65099962e-03, 4.14574227e-03, 8.66028463e-03, 1.19424303e-02,
       1.31622897e-02, 1.45447894e-02, 1.45447894e-02, 1.45447894e-02,
       1.45447894e-02, 1.45447894e-02, 1.68691675e-02, 2.18408182e-02,
       2.44678153e-02, 2.71537156e-02, 3.00340770e-02, 3.00340770e-02,
       3.32526335e-02, 3.32526335e-02, 4.02954696e-02, 4.02954696e-02,
       4.02954696e-02, 4.44394365e-02, 4.44394365e-02, 4.44394365e-02,
       4.90343712e-02, 5.37379600e-02, 5.37379600e-02, 5.37379600e-02,
       5.89375178e-02, 5.89375178e-02, 5.89375178e-02, 5.89375178e-02,
       5.89375178e-02, 5.89375178e-02, 5.89375178e-02, 5.89375178e-02,
       6.54639509e-02, 6.54639509e-02, 6.54639509e-02, 7.26008007e-02,
       7.98607733e-02, 8.72217805e-02, 8.72217805e-02, 8.72217805e-02,
       8.72217805e-02, 9.53583992e-02, 9.53583992e-02, 9.53583992e-02,
       9.53583992e-02, 9.53583992e-02, 9.53583992e-02, 1.04471784e-01,
       1.04471784e-01, 1.04471784e-01, 1.14068255e-01, 1.14068255e-01,
       1.14068255e-01, 1.24120570e-01, 1.24120570e-01, 1.24120570e-01,
       1.24120570e-01, 1.24120570e-01, 1.24120570e-01, 1.35203730e-01,
       1.35203730e-01, 1.35203730e-01, 1.35203730e-01, 1.46926777e-01,
       1.70608732e-01, 1.70608732e-01, 1.70608732e-01, 1.70608732e-01,
       1.83121502e-01, 1.83121502e-01, 1.95998637e-01, 1.95998637e-01,
       1.95998637e-01, 1.95998637e-01, 2.09518633e-01, 2.36823754e-01,
       2.50773580e-01, 2.50773580e-01, 2.50773580e-01, 2.65201062e-01,
       2.94313821e-01, 3.09084869e-01, 3.09084869e-01, 3.24185815e-01,
       3.24185815e-01, 3.24185815e-01, 3.24185815e-01, 3.24185815e-01,
       3.39992121e-01, 3.88104733e-01, 4.04240874e-01, 4.36945282e-01,
       1.00000000e+00])]",0.0270488967093061,0.0074398418793615,0.0046651431992653,0.0039311856362666,"[{'lambda_reg': 0.005238356940465183, 'K_bin': 1, 'gamma': 0.008056445885270151}, {'lambda_reg': 0.0009826000390640518, 'K_bin': 1, 'gamma': 0.5062963070960056}, {'lambda_reg': 0.0001213653078749097, 'K_bin': 1, 'gamma': 0.002757738455581987}, {'lambda_reg': 2.5667592746546714e-05, 'K_bin': 1, 'gamma': 0.00509684215800746}, {'lambda_reg': 3.0308493683005526e-05, 'K_bin': 1, 'gamma': 0.008474915541830023}]",600,1,rbf,22
"[np.float64(0.1221174335380222), np.float64(0.09280911997831326), np.float64(0.1186260605285076), np.float64(0.09693742444616173), np.float64(0.13928688090401103)]",0.1139553838790031,0.0171283066106603,"[np.float64(0.7215697737813105), np.float64(0.8067917345496288), np.float64(0.7219140898036762), np.float64(0.7644949031016404), np.float64(0.7076364588836941)]",0.7444813920239901,0.0365373613974293,"[np.float64(0.8737494709934164), np.float64(0.9053163255767943), np.float64(0.8851569853484986), np.float64(0.9335176131006742), np.float64(0.9414671258443261)]",0.907841504172742,0.0263559315904737,"[array([0.        , 0.1296542 , 0.23645494, 0.25769049, 0.27864822,
       0.42376437, 0.46478188, 0.50521115, 0.50521115, 0.52496373,
       0.58389465, 0.60321182, 0.60321182, 0.60321182, 0.60321182,
       0.62180875, 0.6402022 , 0.65831397, 0.69415498, 0.69415498,
       0.7116027 , 0.72891875, 0.74593239, 0.77966552, 0.77966552,
       0.81257954, 0.82875805, 0.82875805, 0.82875805, 0.84427981,
       0.84427981, 0.85943783, 0.85943783, 0.8741627 , 0.8741627 ,
       0.88844099, 0.90247029, 0.90247029, 0.90247029, 0.90247029,
       0.91559401, 0.92858213, 0.92858213, 0.94104883, 0.94104883,
       0.94104883, 0.94104883, 0.95273793, 0.96411252, 0.96411252,
       0.96411252, 0.96411252, 0.96411252, 0.96411252, 0.96411252,
       0.96411252, 0.97374657, 0.97374657, 0.99217062, 0.99217062,
       0.99217062, 0.99217062, 0.99217062, 0.99217062, 0.99217062,
       0.99217062, 0.99217062, 0.99217062, 0.99217062, 0.99217062,
       0.99217062, 0.99217062, 0.99217062, 0.99217062, 0.99217062,
       0.99217062, 0.99217062, 0.99217062, 0.99217062, 0.99672452,
       0.99672452, 0.99672452, 0.99672452, 0.99672452, 0.99672452,
       0.99672452, 0.99672452, 0.99968596, 0.99968596, 0.99968596,
       0.99968596, 0.99968596, 0.99968596, 0.99968596, 0.99968596,
       0.99968596, 0.99968596, 0.99968596, 0.99968596, 0.99968596,
       1.        ]), array([0.        , 0.11465603, 0.1824093 , 0.24980129, 0.38333854,
       0.44907409, 0.47077551, 0.55677468, 0.57804894, 0.57804894,
       0.59887849, 0.61938267, 0.61938267, 0.63944578, 0.73889652,
       0.73889652, 0.73889652, 0.77725849, 0.77725849, 0.79591011,
       0.79591011, 0.79591011, 0.79591011, 0.79591011, 0.79591011,
       0.81318239, 0.81318239, 0.81318239, 0.81318239, 0.82967306,
       0.82967306, 0.82967306, 0.82967306, 0.84522051, 0.86059031,
       0.86059031, 0.87545049, 0.87545049, 0.87545049, 0.87545049,
       0.87545049, 0.87545049, 0.87545049, 0.9018621 , 0.9018621 ,
       0.92745769, 0.92745769, 0.92745769, 0.92745769, 0.92745769,
       0.92745769, 0.93891532, 0.93891532, 0.94981009, 0.94981009,
       0.96031787, 0.96031787, 0.96031787, 0.97004418, 0.97004418,
       0.97004418, 0.97004418, 0.97004418, 0.97004418, 0.97004418,
       0.97818647, 0.97818647, 0.97818647, 0.97818647, 0.97818647,
       0.97818647, 0.9849802 , 0.9849802 , 0.9849802 , 0.9849802 ,
       0.990861  , 0.990861  , 0.990861  , 0.990861  , 0.99576854,
       0.99576854, 0.99576854, 0.99576854, 0.99576854, 0.99576854,
       0.99576854, 0.99576854, 0.99576854, 0.99576854, 0.99576854,
       0.99576854, 0.99576854, 0.99576854, 0.99576854, 0.99730741,
       0.99856872, 0.99953103, 0.99953103, 0.99953103, 0.99986598,
       1.        ]), array([0.        , 0.15606247, 0.31087948, 0.37682614, 0.42022254,
       0.44172717, 0.50538732, 0.50538732, 0.526256  , 0.54684937,
       0.54684937, 0.56697215, 0.6265672 , 0.64612268, 0.64612268,
       0.66528432, 0.66528432, 0.68407541, 0.68407541, 0.70236644,
       0.72038183, 0.73819964, 0.77350059, 0.77350059, 0.79071826,
       0.79071826, 0.79071826, 0.8072582 , 0.8072582 , 0.8072582 ,
       0.8072582 , 0.82280287, 0.82280287, 0.82280287, 0.83765935,
       0.83765935, 0.85207366, 0.8663224 , 0.88031866, 0.88031866,
       0.88031866, 0.88031866, 0.88031866, 0.88031866, 0.88031866,
       0.8928536 , 0.8928536 , 0.90498959, 0.90498959, 0.92816301,
       0.92816301, 0.92816301, 0.93905717, 0.93905717, 0.93905717,
       0.93905717, 0.93905717, 0.93905717, 0.93905717, 0.93905717,
       0.94817369, 0.94817369, 0.94817369, 0.9652152 , 0.9652152 ,
       0.9652152 , 0.9652152 , 0.9652152 , 0.97246897, 0.97246897,
       0.97246897, 0.97246897, 0.97246897, 0.97866348, 0.97866348,
       0.97866348, 0.97866348, 0.97866348, 0.97866348, 0.97866348,
       0.97866348, 0.98306465, 0.98718578, 0.99100857, 0.99468892,
       0.99808095, 0.99808095, 0.99808095, 0.99808095, 0.99808095,
       0.99808095, 0.99808095, 1.        , 1.        , 1.        ,
       1.        , 1.        , 1.        , 1.        , 1.        ,
       1.        ]), array([0.        , 0.3015301 , 0.39331538, 0.46147662, 0.55150363,
       0.55150363, 0.57348015, 0.57348015, 0.57348015, 0.59479723,
       0.63686987, 0.65775595, 0.67828354, 0.71895131, 0.71895131,
       0.7389049 , 0.77819055, 0.79756619, 0.8359541 , 0.8359541 ,
       0.8359541 , 0.8359541 , 0.8359541 , 0.85395754, 0.85395754,
       0.85395754, 0.85395754, 0.87097355, 0.87097355, 0.87097355,
       0.87097355, 0.87097355, 0.88700953, 0.88700953, 0.88700953,
       0.88700953, 0.88700953, 0.88700953, 0.88700953, 0.88700953,
       0.88700953, 0.88700953, 0.88700953, 0.88700953, 0.88700953,
       0.88700953, 0.88700953, 0.91186562, 0.91186562, 0.91186562,
       0.923537  , 0.923537  , 0.923537  , 0.923537  , 0.93427451,
       0.94476276, 0.94476276, 0.94476276, 0.94476276, 0.95431179,
       0.96375471, 0.97289197, 0.97289197, 0.97289197, 0.97289197,
       0.97289197, 0.97289197, 0.97289197, 0.97289197, 0.97289197,
       0.97289197, 0.97289197, 0.97289197, 0.97937892, 0.97937892,
       0.97937892, 0.97937892, 0.97937892, 0.97937892, 0.97937892,
       0.97937892, 0.97937892, 0.97937892, 0.98354772, 0.98731959,
       0.99093694, 0.99422607, 0.99422607, 0.99422607, 0.99422607,
       0.99422607, 0.99422607, 0.99422607, 0.99765788, 0.99924525,
       0.99924525, 0.99924525, 0.99924525, 0.99994032, 0.99994032,
       1.        ]), array([0.        , 0.43552   , 0.53312967, 0.61054855, 0.61054855,
       0.62945133, 0.68578985, 0.70430409, 0.70430409, 0.75877256,
       0.81256873, 0.83023723, 0.88283217, 0.88283217, 0.88283217,
       0.88283217, 0.88283217, 0.88283217, 0.89916031, 0.89916031,
       0.89916031, 0.93069181, 0.93069181, 0.93069181, 0.93069181,
       0.93069181, 0.93069181, 0.93069181, 0.93069181, 0.93069181,
       0.93069181, 0.94441038, 0.94441038, 0.94441038, 0.94441038,
       0.94441038, 0.94441038, 0.95707738, 0.95707738, 0.95707738,
       0.95707738, 0.96896186, 0.96896186, 0.96896186, 0.96896186,
       0.96896186, 0.97973807, 0.97973807, 0.97973807, 0.97973807,
       0.97973807, 0.97973807, 0.97973807, 0.97973807, 0.97973807,
       0.98884681, 0.98884681, 0.98884681, 0.98884681, 0.98884681,
       0.98884681, 0.98884681, 0.98884681, 0.98884681, 0.98884681,
       0.98884681, 0.98884681, 0.98884681, 0.9952265 , 0.9952265 ,
       0.9952265 , 0.9952265 , 0.9952265 , 0.9952265 , 0.9952265 ,
       0.9952265 , 0.9952265 , 0.9952265 , 0.9952265 , 0.9952265 ,
       0.9952265 , 0.9952265 , 0.9952265 , 0.9952265 , 0.99851728,
       0.99851728, 0.99851728, 0.99851728, 0.99851728, 0.99851728,
       0.99851728, 0.99851728, 0.99851728, 0.99851728, 0.99851728,
       0.99851728, 0.99944125, 0.99944125, 0.99997061, 0.99997061,
       1.        ])]","[array([0.        , 0.00134938, 0.00661371, 0.00808107, 0.01047266,
       0.03249645, 0.04026684, 0.04999411, 0.04999411, 0.05639487,
       0.07668438, 0.08453363, 0.08453363, 0.08453363, 0.08453363,
       0.09477889, 0.10570109, 0.11756032, 0.14255137, 0.14255137,
       0.15661971, 0.17112605, 0.18663844, 0.21864177, 0.21864177,
       0.25337005, 0.27166067, 0.27166067, 0.27166067, 0.29213608,
       0.29213608, 0.31382156, 0.31382156, 0.33694803, 0.33694803,
       0.36156009, 0.38700047, 0.38700047, 0.38700047, 0.38700047,
       0.41545346, 0.44435757, 0.44435757, 0.47499625, 0.47499625,
       0.47499625, 0.47499625, 0.50822178, 0.54249359, 0.54249359,
       0.54249359, 0.54249359, 0.54249359, 0.54249359, 0.54249359,
       0.54249359, 0.58255566, 0.58255566, 0.66548772, 0.66548772,
       0.66548772, 0.66548772, 0.66548772, 0.66548772, 0.66548772,
       0.66548772, 0.66548772, 0.66548772, 0.66548772, 0.66548772,
       0.66548772, 0.66548772, 0.66548772, 0.66548772, 0.66548772,
       0.66548772, 0.66548772, 0.66548772, 0.66548772, 0.7224499 ,
       0.7224499 , 0.7224499 , 0.7224499 , 0.7224499 , 0.7224499 ,
       0.7224499 , 0.7224499 , 0.78470974, 0.78470974, 0.78470974,
       0.78470974, 0.78470974, 0.78470974, 0.78470974, 0.78470974,
       0.78470974, 0.78470974, 0.78470974, 0.78470974, 0.78470974,
       1.        ]), array([0.        , 0.00105617, 0.00442261, 0.00873804, 0.02064377,
       0.02931028, 0.03275187, 0.04863671, 0.05320033, 0.05320033,
       0.05893212, 0.06551854, 0.06551854, 0.07326357, 0.11426038,
       0.11426038, 0.11426038, 0.13438471, 0.13438471, 0.14583738,
       0.14583738, 0.14583738, 0.14583738, 0.14583738, 0.14583738,
       0.16091323, 0.16091323, 0.16091323, 0.16091323, 0.17804221,
       0.17804221, 0.17804221, 0.17804221, 0.19764878, 0.217722  ,
       0.217722  , 0.23913387, 0.23913387, 0.23913387, 0.23913387,
       0.23913387, 0.23913387, 0.23913387, 0.29064892, 0.29064892,
       0.34430742, 0.34430742, 0.34430742, 0.34430742, 0.34430742,
       0.34430742, 0.37465697, 0.37465697, 0.40648501, 0.40648501,
       0.4393296 , 0.4393296 , 0.4393296 , 0.47422691, 0.47422691,
       0.47422691, 0.47422691, 0.47422691, 0.47422691, 0.47422691,
       0.51328506, 0.51328506, 0.51328506, 0.51328506, 0.51328506,
       0.51328506, 0.55588556, 0.55588556, 0.55588556, 0.55588556,
       0.60088409, 0.60088409, 0.60088409, 0.60088409, 0.64843914,
       0.64843914, 0.64843914, 0.64843914, 0.64843914, 0.64843914,
       0.64843914, 0.64843914, 0.64843914, 0.64843914, 0.64843914,
       0.64843914, 0.64843914, 0.64843914, 0.64843914, 0.70484288,
       0.76197571, 0.81989393, 0.81989393, 0.81989393, 0.87946008,
       1.        ]), array([0.        , 0.00365276, 0.01087836, 0.01513252, 0.01959815,
       0.02238626, 0.03319966, 0.03319966, 0.03781212, 0.04321431,
       0.04321431, 0.04996651, 0.07244138, 0.08082097, 0.08082097,
       0.09033037, 0.09033037, 0.10090275, 0.10090275, 0.11290965,
       0.12570727, 0.13907167, 0.16676053, 0.16676053, 0.18184653,
       0.18184653, 0.18184653, 0.19887676, 0.19887676, 0.19887676,
       0.19887676, 0.21876207, 0.21876207, 0.21876207, 0.24062157,
       0.24062157, 0.26374954, 0.28735246, 0.31167967, 0.31167967,
       0.31167967, 0.31167967, 0.31167967, 0.31167967, 0.31167967,
       0.34019893, 0.34019893, 0.36986264, 0.36986264, 0.43234151,
       0.43234151, 0.43234151, 0.46556763, 0.46556763, 0.46556763,
       0.46556763, 0.46556763, 0.46556763, 0.46556763, 0.46556763,
       0.50389326, 0.50389326, 0.50389326, 0.5839626 , 0.5839626 ,
       0.5839626 , 0.5839626 , 0.5839626 , 0.62763183, 0.62763183,
       0.62763183, 0.62763183, 0.62763183, 0.67433976, 0.67433976,
       0.67433976, 0.67433976, 0.67433976, 0.67433976, 0.67433976,
       0.67433976, 0.72619218, 0.77884798, 0.83235958, 0.88627984,
       0.94102715, 0.94102715, 0.94102715, 0.94102715, 0.94102715,
       0.94102715, 0.94102715, 1.        , 1.        , 1.        ,
       1.        , 1.        , 1.        , 1.        , 1.        ,
       1.        ]), array([0.        , 0.00238518, 0.00562696, 0.00976957, 0.01745101,
       0.01745101, 0.0207102 , 0.0207102 , 0.0207102 , 0.0256345 ,
       0.03690095, 0.04291355, 0.04983132, 0.06464509, 0.06464509,
       0.07301221, 0.09131585, 0.10114233, 0.12171278, 0.12171278,
       0.12171278, 0.12171278, 0.12171278, 0.13500406, 0.13500406,
       0.13500406, 0.13500406, 0.15078864, 0.15078864, 0.15078864,
       0.15078864, 0.15078864, 0.16904781, 0.16904781, 0.16904781,
       0.16904781, 0.16904781, 0.16904781, 0.16904781, 0.16904781,
       0.16904781, 0.16904781, 0.16904781, 0.16904781, 0.16904781,
       0.16904781, 0.16904781, 0.22378629, 0.22378629, 0.22378629,
       0.25306616, 0.25306616, 0.25306616, 0.25306616, 0.28470404,
       0.3169713 , 0.3169713 , 0.3169713 , 0.3169713 , 0.35161009,
       0.38651682, 0.42219536, 0.42219536, 0.42219536, 0.42219536,
       0.42219536, 0.42219536, 0.42219536, 0.42219536, 0.42219536,
       0.42219536, 0.42219536, 0.42219536, 0.46456598, 0.46456598,
       0.46456598, 0.46456598, 0.46456598, 0.46456598, 0.46456598,
       0.46456598, 0.46456598, 0.46456598, 0.51278996, 0.56201619,
       0.61163256, 0.66207772, 0.66207772, 0.66207772, 0.66207772,
       0.66207772, 0.66207772, 0.66207772, 0.77091286, 0.82565497,
       0.82565497, 0.82565497, 0.82565497, 0.88265018, 0.88265018,
       1.        ]), array([0.        , 0.00625309, 0.01485676, 0.02524087, 0.02524087,
       0.03020257, 0.04702348, 0.05401901, 0.05401901, 0.08062873,
       0.11075767, 0.12218022, 0.15859695, 0.15859695, 0.15859695,
       0.15859695, 0.15859695, 0.15859695, 0.17703566, 0.17703566,
       0.17703566, 0.21980072, 0.21980072, 0.21980072, 0.21980072,
       0.21980072, 0.21980072, 0.21980072, 0.21980072, 0.21980072,
       0.21980072, 0.25189923, 0.25189923, 0.25189923, 0.25189923,
       0.25189923, 0.25189923, 0.28950221, 0.28950221, 0.28950221,
       0.28950221, 0.33120125, 0.33120125, 0.33120125, 0.33120125,
       0.33120125, 0.37870161, 0.37870161, 0.37870161, 0.37870161,
       0.37870161, 0.37870161, 0.37870161, 0.37870161, 0.37870161,
       0.43493035, 0.43493035, 0.43493035, 0.43493035, 0.43493035,
       0.43493035, 0.43493035, 0.43493035, 0.43493035, 0.43493035,
       0.43493035, 0.43493035, 0.43493035, 0.50544428, 0.50544428,
       0.50544428, 0.50544428, 0.50544428, 0.50544428, 0.50544428,
       0.50544428, 0.50544428, 0.50544428, 0.50544428, 0.50544428,
       0.50544428, 0.50544428, 0.50544428, 0.50544428, 0.5921272 ,
       0.5921272 , 0.5921272 , 0.5921272 , 0.5921272 , 0.5921272 ,
       0.5921272 , 0.5921272 , 0.5921272 , 0.5921272 , 0.5921272 ,
       0.5921272 , 0.69119917, 0.69119917, 0.7923368 , 0.7923368 ,
       1.        ])]",0.0235130569192268,0.020169477204047,0.0114884344021744,0.0070466674807435,"[{'lambda_reg': 2.03379945024678e-05, 'K_bin': 1, 'gamma': 0.008472132957414193}, {'lambda_reg': 0.000786653247457706, 'K_bin': 1, 'gamma': 0.006222168421606896}, {'lambda_reg': 0.12114715259096802, 'K_bin': 1, 'gamma': 0.32908048134559226}, {'lambda_reg': 1.3537069648989322e-05, 'K_bin': 1, 'gamma': 0.0022119745540931115}, {'lambda_reg': 0.0013702065925358152, 'K_bin': 1, 'gamma': 0.07477527046849777}]",300,3,cauchy,18
"[np.float64(0.11085800222742269), np.float64(0.072753543931403), np.float64(0.1283916397439521), np.float64(0.09535328137225658), np.float64(0.1552957219030739)]",0.1125304378356216,0.0281442721740842,"[np.float64(0.8444133860232539), np.float64(0.8629710861306554), np.float64(0.8432562165797388), np.float64(0.8839107197856716), np.float64(0.8305539154365164)]",0.8530210647911673,0.0185870433626426,"[np.float64(0.8988994672301537), np.float64(0.9320617726181075), np.float64(0.9234156692918101), np.float64(0.9441384561167492), np.float64(0.6906206965470663)]",0.8778272123607774,0.0947704547509525,"[array([0.        , 0.18512821, 0.23979672, 0.23979672, 0.23979672,
       0.25759024, 0.29262144, 0.29262144, 0.29262144, 0.30952275,
       0.32635011, 0.376095  , 0.42535058, 0.44156113, 0.44156113,
       0.45739961, 0.45739961, 0.45739961, 0.48792148, 0.51827474,
       0.51827474, 0.53304607, 0.54752246, 0.54752246, 0.54752246,
       0.54752246, 0.54752246, 0.54752246, 0.56098501, 0.56098501,
       0.56098501, 0.56098501, 0.57360831, 0.57360831, 0.57360831,
       0.58574183, 0.59761912, 0.60936049, 0.60936049, 0.620736  ,
       0.620736  , 0.64284809, 0.64284809, 0.64284809, 0.64284809,
       0.66340631, 0.68361859, 0.69355998, 0.69355998, 0.7126781 ,
       0.74079887, 0.75911687, 0.80406756, 0.82158063, 0.82158063,
       0.83004778, 0.83004778, 0.8380701 , 0.84595   , 0.84595   ,
       0.86843944, 0.86843944, 0.87558551, 0.88947237, 0.88947237,
       0.88947237, 0.88947237, 0.9018464 , 0.91996787, 0.91996787,
       0.92564142, 0.92564142, 0.92564142, 0.94081796, 0.94567854,
       0.95039076, 0.95495019, 0.96361408, 0.96782959, 0.97184387,
       0.97184387, 0.97184387, 0.97536196, 0.97536196, 0.98162279,
       0.98162279, 0.98162279, 0.98678572, 0.98678572, 0.98882907,
       0.98882907, 0.98882907, 0.98882907, 0.99159847, 0.99517984,
       0.99623012, 0.99708055, 0.99774466, 0.99862401, 0.99958315,
       1.        ]), array([0.        , 0.30555017, 0.35874049, 0.35874049, 0.35874049,
       0.35874049, 0.39278244, 0.44328209, 0.44328209, 0.44328209,
       0.44328209, 0.4756059 , 0.4756059 , 0.4756059 , 0.4756059 ,
       0.49093406, 0.49093406, 0.50593577, 0.50593577, 0.52063238,
       0.53521731, 0.5494706 , 0.56356804, 0.56356804, 0.56356804,
       0.56356804, 0.57695122, 0.60356544, 0.62969228, 0.64251847,
       0.64251847, 0.68012144, 0.69253594, 0.69253594, 0.69253594,
       0.72799375, 0.73957601, 0.75107171, 0.75107171, 0.75107171,
       0.76200162, 0.76200162, 0.77254469, 0.77254469, 0.7827021 ,
       0.7827021 , 0.7827021 , 0.82131532, 0.83080786, 0.85851756,
       0.85851756, 0.85851756, 0.87609285, 0.89318786, 0.90163008,
       0.90988268, 0.91797886, 0.91797886, 0.91797886, 0.91797886,
       0.91797886, 0.91797886, 0.91797886, 0.93154045, 0.93154045,
       0.93154045, 0.93154045, 0.93154045, 0.93745351, 0.93745351,
       0.94289604, 0.94289604, 0.94809551, 0.94809551, 0.95289358,
       0.95741055, 0.95741055, 0.96160453, 0.96574353, 0.96574353,
       0.97316244, 0.97316244, 0.97976852, 0.97976852, 0.97976852,
       0.98248964, 0.98504577, 0.98504577, 0.98504577, 0.98504577,
       0.98504577, 0.9867901 , 0.9867901 , 0.98822963, 0.99054633,
       0.99246309, 0.99395947, 0.99719876, 0.99806217, 0.99971512,
       1.        ]), array([0.        , 0.27647986, 0.29467536, 0.29467536, 0.3124943 ,
       0.33016866, 0.34754122, 0.36472276, 0.38188374, 0.41568173,
       0.41568173, 0.43213154, 0.43213154, 0.48046756, 0.48046756,
       0.49618611, 0.49618611, 0.49618611, 0.49618611, 0.51125541,
       0.52618545, 0.54090643, 0.54090643, 0.58372317, 0.58372317,
       0.59757039, 0.61131014, 0.61131014, 0.61131014, 0.61131014,
       0.61131014, 0.62412878, 0.64941906, 0.64941906, 0.64941906,
       0.66155352, 0.66155352, 0.66155352, 0.67303589, 0.67303589,
       0.67303589, 0.67303589, 0.67303589, 0.68363575, 0.70447403,
       0.72484928, 0.75490528, 0.80436465, 0.82381997, 0.833296  ,
       0.84252866, 0.84252866, 0.84252866, 0.85133464, 0.85984484,
       0.86820857, 0.86820857, 0.88414138, 0.88414138, 0.89178899,
       0.90667063, 0.92123057, 0.9283858 , 0.9283858 , 0.93520498,
       0.93520498, 0.93520498, 0.93520498, 0.93520498, 0.94109118,
       0.94109118, 0.94649763, 0.95712301, 0.95712301, 0.95712301,
       0.96184754, 0.96184754, 0.96184754, 0.97008436, 0.97008436,
       0.97756834, 0.97756834, 0.97756834, 0.97756834, 0.98061567,
       0.98061567, 0.98061567, 0.98554596, 0.98554596, 0.98988782,
       0.98988782, 0.98988782, 0.99301572, 0.99432181, 0.99432181,
       0.99540242, 0.99540242, 0.99661003, 0.99756398, 0.99938125,
       1.        ]), array([0.        , 0.20208394, 0.24642157, 0.24642157, 0.35489859,
       0.35489859, 0.37624949, 0.39733744, 0.39733744, 0.39733744,
       0.4177732 , 0.43781002, 0.43781002, 0.45755514, 0.45755514,
       0.47679673, 0.47679673, 0.51423575, 0.51423575, 0.53258424,
       0.53258424, 0.55052054, 0.58577249, 0.58577249, 0.58577249,
       0.60276995, 0.63636388, 0.65286433, 0.65286433, 0.65286433,
       0.65286433, 0.65286433, 0.65286433, 0.65286433, 0.65286433,
       0.6825016 , 0.6825016 , 0.6825016 , 0.6825016 , 0.6962617 ,
       0.6962617 , 0.6962617 , 0.70936848, 0.70936848, 0.72204202,
       0.72204202, 0.72204202, 0.74594439, 0.76955994, 0.7811634 ,
       0.80381548, 0.83722502, 0.83722502, 0.84793178, 0.85837205,
       0.86861671, 0.86861671, 0.86861671, 0.87817986, 0.87817986,
       0.88718945, 0.90503903, 0.90503903, 0.91343604, 0.92156799,
       0.92156799, 0.92929981, 0.93683731, 0.93683731, 0.93683731,
       0.93683731, 0.94349538, 0.94986214, 0.94986214, 0.94986214,
       0.95560101, 0.95560101, 0.95560101, 0.96063586, 0.96063586,
       0.96063586, 0.96063586, 0.96916602, 0.96916602, 0.96916602,
       0.96916602, 0.97245644, 0.97547422, 0.97547422, 0.97808759,
       0.97808759, 0.9802299 , 0.98403485, 0.98728876, 0.99038879,
       0.99547012, 0.99547012, 0.99699666, 0.9982023 , 0.99934625,
       1.        ]), array([0.        , 0.        , 0.        , 0.        , 0.        ,
       0.01877248, 0.01877248, 0.01877248, 0.01877248, 0.01877248,
       0.03650201, 0.03650201, 0.03650201, 0.03650201, 0.05343791,
       0.05343791, 0.05343791, 0.05343791, 0.05343791, 0.05343791,
       0.05343791, 0.05343791, 0.06880055, 0.06880055, 0.06880055,
       0.0835631 , 0.11281585, 0.11281585, 0.1270332 , 0.1270332 ,
       0.1270332 , 0.1270332 , 0.1270332 , 0.1270332 , 0.14013848,
       0.14013848, 0.14013848, 0.15259452, 0.16495842, 0.18928814,
       0.18928814, 0.18928814, 0.20075601, 0.24604712, 0.26819503,
       0.29007787, 0.3115028 , 0.33257018, 0.3636899 , 0.3636899 ,
       0.41311988, 0.44240501, 0.46147673, 0.49886702, 0.51715188,
       0.58912373, 0.62411382, 0.65847381, 0.6753308 , 0.70814389,
       0.73194055, 0.747518  , 0.77797745, 0.80760049, 0.82196197,
       0.82196197, 0.84908137, 0.86225218, 0.88147061, 0.89398107,
       0.90613121, 0.91773341, 0.92341046, 0.93438589, 0.93438589,
       0.93937132, 0.93937132, 0.94863322, 0.95307816, 0.965639  ,
       0.96976639, 0.97365264, 0.97365264, 0.97714487, 0.98360063,
       0.98360063, 0.98930319, 0.98930319, 0.99178182, 0.99406783,
       0.99610618, 0.99799903, 0.99960411, 0.99960411, 0.99960411,
       0.99960411, 0.99960411, 0.99960411, 1.        , 1.        ,
       1.        ])]","[array([0.00000000e+00, 2.51258431e-04, 1.03667020e-03, 1.03667020e-03,
       1.03667020e-03, 1.64886913e-03, 3.32692899e-03, 3.32692899e-03,
       3.32692899e-03, 4.66732335e-03, 6.06807179e-03, 1.08719972e-02,
       1.60752872e-02, 1.79794615e-02, 1.79794615e-02, 2.01873108e-02,
       2.01873108e-02, 2.01873108e-02, 2.55457542e-02, 3.10418164e-02,
       3.10418164e-02, 3.41206344e-02, 3.74401802e-02, 3.74401802e-02,
       3.74401802e-02, 3.74401802e-02, 3.74401802e-02, 3.74401802e-02,
       4.15871995e-02, 4.15871995e-02, 4.15871995e-02, 4.15871995e-02,
       4.64191814e-02, 4.64191814e-02, 4.64191814e-02, 5.16509093e-02,
       5.70917661e-02, 6.26435541e-02, 6.26435541e-02, 6.84939501e-02,
       6.84939501e-02, 8.07162248e-02, 8.07162248e-02, 8.07162248e-02,
       8.07162248e-02, 9.42067142e-02, 1.07979554e-01, 1.15000436e-01,
       1.15000436e-01, 1.29666292e-01, 1.52119213e-01, 1.67438109e-01,
       2.06424445e-01, 2.22400306e-01, 2.22400306e-01, 2.30624423e-01,
       2.30624423e-01, 2.39211591e-01, 2.47915003e-01, 2.47915003e-01,
       2.74964050e-01, 2.74964050e-01, 2.84266397e-01, 3.03201860e-01,
       3.03201860e-01, 3.03201860e-01, 3.03201860e-01, 3.23372057e-01,
       3.53986115e-01, 3.53986115e-01, 3.64490286e-01, 3.64490286e-01,
       3.64490286e-01, 3.97507917e-01, 4.08675611e-01, 4.19964396e-01,
       4.31377878e-01, 4.54576186e-01, 4.66270373e-01, 4.78128790e-01,
       4.78128790e-01, 4.78128790e-01, 4.90392188e-01, 4.90392188e-01,
       5.15551800e-01, 5.15551800e-01, 5.15551800e-01, 5.41607493e-01,
       5.41607493e-01, 5.55074529e-01, 5.55074529e-01, 5.55074529e-01,
       5.55074529e-01, 5.83083750e-01, 6.25565019e-01, 6.39842577e-01,
       6.54283242e-01, 6.68875977e-01, 6.98427803e-01, 7.43049264e-01,
       1.00000000e+00]), array([0.00000000e+00, 6.78956019e-04, 1.42704233e-03, 1.42704233e-03,
       1.42704233e-03, 1.42704233e-03, 3.14588341e-03, 6.20872874e-03,
       6.20872874e-03, 6.20872874e-03, 6.20872874e-03, 9.40567888e-03,
       9.40567888e-03, 9.40567888e-03, 9.40567888e-03, 1.17214186e-02,
       1.17214186e-02, 1.43179956e-02, 1.43179956e-02, 1.71770518e-02,
       2.01321808e-02, 2.33726219e-02, 2.67471399e-02, 2.67471399e-02,
       2.67471399e-02, 2.67471399e-02, 3.07361331e-02, 3.88449973e-02,
       4.73731478e-02, 5.18413118e-02, 5.18413118e-02, 6.59990749e-02,
       7.08214112e-02, 7.08214112e-02, 7.08214112e-02, 8.68246384e-02,
       9.23629456e-02, 9.79757175e-02, 9.79757175e-02, 9.79757175e-02,
       1.04075233e-01, 1.04075233e-01, 1.10507549e-01, 1.10507549e-01,
       1.17271639e-01, 1.17271639e-01, 1.17271639e-01, 1.46062730e-01,
       1.53398809e-01, 1.76067675e-01, 1.76067675e-01, 1.76067675e-01,
       1.91952660e-01, 2.08250826e-01, 2.16490482e-01, 2.24893268e-01,
       2.33430626e-01, 2.33430626e-01, 2.33430626e-01, 2.33430626e-01,
       2.33430626e-01, 2.33430626e-01, 2.33430626e-01, 2.52768564e-01,
       2.52768564e-01, 2.52768564e-01, 2.52768564e-01, 2.52768564e-01,
       2.63184042e-01, 2.63184042e-01, 2.74004312e-01, 2.74004312e-01,
       2.85033686e-01, 2.85033686e-01, 2.96408378e-01, 3.08024894e-01,
       3.08024894e-01, 3.19919284e-01, 3.31860968e-01, 3.31860968e-01,
       3.56483413e-01, 3.56483413e-01, 3.81805125e-01, 3.81805125e-01,
       3.81805125e-01, 3.94966597e-01, 4.08270020e-01, 4.08270020e-01,
       4.08270020e-01, 4.08270020e-01, 4.08270020e-01, 4.22271819e-01,
       4.22271819e-01, 4.36535837e-01, 4.65547668e-01, 4.94903564e-01,
       5.24621118e-01, 5.99346554e-01, 6.29608646e-01, 7.36703672e-01,
       1.00000000e+00]), array([0.00000000e+00, 2.98403849e-04, 5.12980697e-04, 5.12980697e-04,
       1.03755503e-03, 1.68114570e-03, 2.57318816e-03, 3.62247813e-03,
       4.68869774e-03, 7.25247279e-03, 7.25247279e-03, 8.90414566e-03,
       8.90414566e-03, 1.46934119e-02, 1.46934119e-02, 1.69470682e-02,
       1.69470682e-02, 1.69470682e-02, 1.69470682e-02, 1.97352086e-02,
       2.26379806e-02, 2.57128672e-02, 2.57128672e-02, 3.60457235e-02,
       3.60457235e-02, 3.98399082e-02, 4.37225536e-02, 4.37225536e-02,
       4.37225536e-02, 4.37225536e-02, 4.37225536e-02, 4.83634888e-02,
       5.79309968e-02, 5.79309968e-02, 5.79309968e-02, 6.31351584e-02,
       6.31351584e-02, 6.31351584e-02, 6.88761392e-02, 6.88761392e-02,
       6.88761392e-02, 6.88761392e-02, 6.88761392e-02, 7.53436122e-02,
       8.85761180e-02, 1.02189799e-01, 1.23027582e-01, 1.58279120e-01,
       1.72650105e-01, 1.80042746e-01, 1.87635740e-01, 1.87635740e-01,
       1.87635740e-01, 1.95579979e-01, 2.03767707e-01, 2.12076021e-01,
       2.12076021e-01, 2.29346814e-01, 2.29346814e-01, 2.38244647e-01,
       2.56380789e-01, 2.74781761e-01, 2.84084939e-01, 2.84084939e-01,
       2.93664756e-01, 2.93664756e-01, 2.93664756e-01, 2.93664756e-01,
       2.93664756e-01, 3.04012621e-01, 3.04012621e-01, 3.14755430e-01,
       3.36395417e-01, 3.36395417e-01, 3.36395417e-01, 3.47699596e-01,
       3.47699596e-01, 3.47699596e-01, 3.71305900e-01, 3.71305900e-01,
       3.95531959e-01, 3.95531959e-01, 3.95531959e-01, 3.95531959e-01,
       4.08216849e-01, 4.08216849e-01, 4.08216849e-01, 4.34545164e-01,
       4.34545164e-01, 4.61357888e-01, 4.61357888e-01, 4.61357888e-01,
       4.89169964e-01, 5.03288287e-01, 5.03288287e-01, 5.17592223e-01,
       5.17592223e-01, 5.46985126e-01, 5.76586850e-01, 6.66251949e-01,
       1.00000000e+00]), array([0.00000000e+00, 2.64105852e-04, 6.57952100e-04, 6.57952100e-04,
       3.03458971e-03, 3.03458971e-03, 3.71251474e-03, 4.54507754e-03,
       4.54507754e-03, 4.54507754e-03, 5.76118099e-03, 7.21189607e-03,
       7.21189607e-03, 8.83415097e-03, 8.83415097e-03, 1.07525231e-02,
       1.07525231e-02, 1.52033282e-02, 1.52033282e-02, 1.76469183e-02,
       1.76469183e-02, 2.03329095e-02, 2.60698876e-02, 2.60698876e-02,
       2.60698876e-02, 2.93079946e-02, 3.60200269e-02, 3.95504196e-02,
       3.95504196e-02, 3.95504196e-02, 3.95504196e-02, 3.95504196e-02,
       3.95504196e-02, 3.95504196e-02, 3.95504196e-02, 4.85892998e-02,
       4.85892998e-02, 4.85892998e-02, 4.85892998e-02, 5.37312425e-02,
       5.37312425e-02, 5.37312425e-02, 5.92573940e-02, 5.92573940e-02,
       6.50383267e-02, 6.50383267e-02, 6.50383267e-02, 7.74497986e-02,
       9.00299458e-02, 9.64401707e-02, 1.09586921e-01, 1.29641414e-01,
       1.29641414e-01, 1.36578978e-01, 1.43673255e-01, 1.50882568e-01,
       1.50882568e-01, 1.50882568e-01, 1.58492671e-01, 1.58492671e-01,
       1.66428306e-01, 1.82399324e-01, 1.82399324e-01, 1.90695211e-01,
       1.99146972e-01, 1.99146972e-01, 2.07834048e-01, 2.16635394e-01,
       2.16635394e-01, 2.16635394e-01, 2.16635394e-01, 2.25953921e-01,
       2.35443762e-01, 2.35443762e-01, 2.35443762e-01, 2.45302859e-01,
       2.45302859e-01, 2.45302859e-01, 2.55575973e-01, 2.55575973e-01,
       2.55575973e-01, 2.55575973e-01, 2.77027580e-01, 2.77027580e-01,
       2.77027580e-01, 2.77027580e-01, 2.88326561e-01, 2.99785884e-01,
       2.99785884e-01, 3.11483030e-01, 3.11483030e-01, 3.23457197e-01,
       3.47687619e-01, 3.72242100e-01, 3.96887071e-01, 4.46834927e-01,
       4.46834927e-01, 4.72405244e-01, 4.98164277e-01, 5.50427636e-01,
       1.00000000e+00]), array([0.00000000e+00, 0.00000000e+00, 0.00000000e+00, 0.00000000e+00,
       0.00000000e+00, 6.51777964e-04, 6.51777964e-04, 6.51777964e-04,
       6.51777964e-04, 6.51777964e-04, 2.07099824e-03, 2.07099824e-03,
       2.07099824e-03, 2.07099824e-03, 4.07420386e-03, 4.07420386e-03,
       4.07420386e-03, 4.07420386e-03, 4.07420386e-03, 4.07420386e-03,
       4.07420386e-03, 4.07420386e-03, 7.23507976e-03, 7.23507976e-03,
       7.23507976e-03, 1.08375291e-02, 1.82428312e-02, 1.82428312e-02,
       2.22464636e-02, 2.22464636e-02, 2.22464636e-02, 2.22464636e-02,
       2.22464636e-02, 2.22464636e-02, 2.70683979e-02, 2.70683979e-02,
       2.70683979e-02, 3.23680711e-02, 3.77355459e-02, 4.87634169e-02,
       4.87634169e-02, 4.87634169e-02, 5.47902282e-02, 7.93245338e-02,
       9.19578772e-02, 1.04786267e-01, 1.17951605e-01, 1.31380044e-01,
       1.51876901e-01, 1.51876901e-01, 1.87830993e-01, 2.09677822e-01,
       2.24574746e-01, 2.54922800e-01, 2.70398735e-01, 3.33161625e-01,
       3.65275853e-01, 3.97853729e-01, 4.14380347e-01, 4.48096497e-01,
       4.73981963e-01, 4.91450119e-01, 5.26898180e-01, 5.62961701e-01,
       5.81324617e-01, 5.81324617e-01, 6.19230420e-01, 6.38469487e-01,
       6.67723805e-01, 6.87448781e-01, 7.07438900e-01, 7.27832207e-01,
       7.38120148e-01, 7.58974662e-01, 7.58974662e-01, 7.69771519e-01,
       7.69771519e-01, 7.91886919e-01, 8.03081495e-01, 8.37234748e-01,
       8.48662988e-01, 8.60268672e-01, 8.60268672e-01, 8.72164293e-01,
       8.96344567e-01, 8.96344567e-01, 9.21079076e-01, 9.21079076e-01,
       9.33720547e-01, 9.46503752e-01, 9.59469198e-01, 9.72541706e-01,
       9.85825965e-01, 9.85825965e-01, 9.85825965e-01, 9.85825965e-01,
       9.85825965e-01, 9.85825965e-01, 1.00000000e+00, 1.00000000e+00,
       1.00000000e+00])]",0.0312129782017522,0.0105842882110358,0.0195121962958021,0.0274179385493731,"[{'lambda_reg': 5.807875816957083e-05, 'K_bin': 1, 'gamma': 0.019707431546916315, 'coef0': -0.984142952312073}, {'lambda_reg': 3.1807431796169074e-05, 'K_bin': 1, 'gamma': 0.06120260150289526, 'coef0': 1.7068652362491745}, {'lambda_reg': 2.663422611050696e-05, 'K_bin': 1, 'gamma': 0.026390406545322594, 'coef0': 1.660490328690674}, {'lambda_reg': 6.42052534666743e-05, 'K_bin': 1, 'gamma': 0.14051414649664493, 'coef0': 2.1597014591994554}, {'lambda_reg': 0.0035427519954871543, 'K_bin': 1, 'gamma': 0.009862756237534485, 'coef0': -0.6472174504498156}]",600,2,sigmoid,33
"[np.float64(0.05269571161381426), np.float64(0.06818744801877628), np.float64(0.06268198295364742), np.float64(0.09723357972596139), np.float64(0.10913805378235907)]",0.0779873552189116,0.0214976418070604,"[np.float64(0.7786065859004588), np.float64(0.785337828071781), np.float64(0.7670042052049518), np.float64(0.7744533901047569), np.float64(0.7778882881529252)]",0.7766580594869748,0.0059783956045712,"[np.float64(0.922514077080973), np.float64(0.9107247923228721), np.float64(0.9544268514934291), np.float64(0.9683175659515093), np.float64(0.9287192231389271)]",0.936940501997542,0.0212285993732735,"[array([0.        , 0.09499983, 0.38881518, 0.52373939, 0.57511926,
       0.61580964, 0.66608012, 0.67603508, 0.69577921, 0.71525878,
       0.71525878, 0.71525878, 0.7246847 , 0.74331524, 0.78941341,
       0.8076437 , 0.8076437 , 0.81650858, 0.82527275, 0.83394281,
       0.83394281, 0.83394281, 0.84234534, 0.84234534, 0.88312646,
       0.88312646, 0.89101206, 0.90668564, 0.90668564, 0.90668564,
       0.90668564, 0.90668564, 0.90668564, 0.9138291 , 0.9138291 ,
       0.9138291 , 0.92757989, 0.93428951, 0.93428951, 0.93428951,
       0.93428951, 0.93428951, 0.93428951, 0.93428951, 0.94626958,
       0.94626958, 0.94626958, 0.94626958, 0.94626958, 0.94626958,
       0.94626958, 0.95154387, 0.95154387, 0.95154387, 0.95154387,
       0.95635453, 0.96104337, 0.96104337, 0.9655701 , 0.9655701 ,
       0.9655701 , 0.9655701 , 0.9655701 , 0.9655701 , 0.96948387,
       0.96948387, 0.96948387, 0.97664821, 0.98007781, 0.98007781,
       0.98007781, 0.98007781, 0.98007781, 0.98007781, 0.98007781,
       0.98007781, 0.98007781, 0.98007781, 0.98007781, 0.98232469,
       0.98664044, 0.99079672, 0.99079672, 0.99079672, 0.99079672,
       0.99079672, 0.99079672, 0.99361617, 0.99498475, 0.99498475,
       0.99609891, 0.99712152, 0.99798089, 0.99798089, 0.99798089,
       0.9997269 , 0.9997269 , 0.9997269 , 1.        , 1.        ,
       1.        ]), array([0.        , 0.30027731, 0.42792153, 0.50152581, 0.51194344,
       0.57369874, 0.59415202, 0.6143438 , 0.64434516, 0.6541769 ,
       0.6541769 , 0.6541769 , 0.68279353, 0.71114559, 0.72050857,
       0.72050857, 0.72050857, 0.73851267, 0.73851267, 0.73851267,
       0.73851267, 0.74714113, 0.76413501, 0.77249691, 0.78070765,
       0.81336197, 0.82946599, 0.8454023 , 0.8454023 , 0.87629062,
       0.88392485, 0.89147004, 0.89885307, 0.89885307, 0.90600616,
       0.9130727 , 0.9130727 , 0.9130727 , 0.91983618, 0.92649268,
       0.92649268, 0.92649268, 0.92649268, 0.92649268, 0.93258535,
       0.93258535, 0.93258535, 0.93258535, 0.93258535, 0.93258535,
       0.93806984, 0.93806984, 0.93806984, 0.94835694, 0.94835694,
       0.95326038, 0.95326038, 0.95326038, 0.95326038, 0.95326038,
       0.95326038, 0.9618523 , 0.97015336, 0.97419891, 0.97419891,
       0.97419891, 0.97419891, 0.97782309, 0.98134507, 0.98134507,
       0.98134507, 0.98134507, 0.98134507, 0.98134507, 0.98415283,
       0.98693626, 0.98693626, 0.98693626, 0.98693626, 0.98929441,
       0.99147199, 0.99147199, 0.99147199, 0.9933195 , 0.9933195 ,
       0.9933195 , 0.9933195 , 0.9933195 , 0.99470973, 0.9972206 ,
       0.9972206 , 0.99827686, 0.99827686, 0.9990852 , 0.9990852 ,
       0.9990852 , 0.99958041, 0.99958041, 0.99983046, 1.        ,
       1.        ]), array([0.        , 0.39230685, 0.58651246, 0.61849289, 0.66069406,
       0.69200134, 0.70234014, 0.71251525, 0.72265774, 0.75275974,
       0.76264828, 0.78228171, 0.7919881 , 0.8111575 , 0.8111575 ,
       0.82981206, 0.83902861, 0.84821004, 0.84821004, 0.85714079,
       0.85714079, 0.87455495, 0.87455495, 0.87455495, 0.87455495,
       0.88282519, 0.89100856, 0.89100856, 0.89899254, 0.89899254,
       0.89899254, 0.90662969, 0.90662969, 0.91397905, 0.92124034,
       0.93556159, 0.93556159, 0.93556159, 0.93556159, 0.94229974,
       0.94229974, 0.94229974, 0.94229974, 0.94229974, 0.94229974,
       0.94229974, 0.94229974, 0.9481445 , 0.95386719, 0.95948348,
       0.95948348, 0.95948348, 0.95948348, 0.95948348, 0.95948348,
       0.96445299, 0.96445299, 0.96445299, 0.96914171, 0.96914171,
       0.96914171, 0.96914171, 0.97330221, 0.97330221, 0.97330221,
       0.97330221, 0.97713079, 0.98079671, 0.98440607, 0.98440607,
       0.98440607, 0.98440607, 0.98440607, 0.98741451, 0.98741451,
       0.98741451, 0.98741451, 0.98741451, 0.98741451, 0.98741451,
       0.98741451, 0.98741451, 0.98741451, 0.98930943, 0.98930943,
       0.98930943, 0.98930943, 0.99075623, 0.99075623, 0.9920202 ,
       0.99315867, 0.99416936, 0.99514144, 0.99674104, 0.99674104,
       0.99731722, 0.99778003, 0.99856527, 0.99945536, 1.        ,
       1.        ]), array([0.        , 0.45662772, 0.55821032, 0.61397052, 0.65812943,
       0.70192806, 0.71279598, 0.71279598, 0.7339236 , 0.75485206,
       0.7756575 , 0.7756575 , 0.8061431 , 0.82615702, 0.85583173,
       0.85583173, 0.86554117, 0.87514074, 0.88460913, 0.88460913,
       0.91228489, 0.91228489, 0.91228489, 0.91228489, 0.92100975,
       0.92100975, 0.92100975, 0.92100975, 0.92100975, 0.93740249,
       0.93740249, 0.93740249, 0.9452754 , 0.9452754 , 0.95294103,
       0.95294103, 0.95294103, 0.95294103, 0.95294103, 0.95294103,
       0.95294103, 0.95294103, 0.95294103, 0.95294103, 0.95946313,
       0.95946313, 0.96569983, 0.96569983, 0.96569983, 0.96569983,
       0.96569983, 0.96569983, 0.96569983, 0.97118726, 0.97118726,
       0.97118726, 0.98139407, 0.98139407, 0.98139407, 0.98139407,
       0.98139407, 0.98588752, 0.98588752, 0.98588752, 0.98588752,
       0.98588752, 0.98981986, 0.98981986, 0.98981986, 0.98981986,
       0.98981986, 0.98981986, 0.98981986, 0.98981986, 0.98981986,
       0.98981986, 0.98981986, 0.98981986, 0.98981986, 0.98981986,
       0.98981986, 0.98981986, 0.98981986, 0.98981986, 0.98981986,
       0.98981986, 0.98981986, 0.99140515, 0.99140515, 0.99140515,
       0.99264761, 0.99264761, 0.99359155, 0.99443054, 0.99593114,
       0.99593114, 0.99693884, 0.99734868, 0.998817  , 0.99948015,
       1.        ]), array([0.        , 0.35680672, 0.45298697, 0.51648332, 0.54791855,
       0.59979601, 0.63056913, 0.65085997, 0.6810647 , 0.6810647 ,
       0.70067791, 0.71041135, 0.71041135, 0.72946137, 0.72946137,
       0.73873487, 0.7754562 , 0.7754562 , 0.79342947, 0.79342947,
       0.80222443, 0.81087258, 0.81087258, 0.81926649, 0.82760488,
       0.82760488, 0.8519163 , 0.8519163 , 0.85974405, 0.85974405,
       0.85974405, 0.86724774, 0.88211289, 0.88211289, 0.88211289,
       0.889202  , 0.90325082, 0.91012247, 0.91688306, 0.92361085,
       0.92361085, 0.93655086, 0.93655086, 0.93655086, 0.93655086,
       0.93655086, 0.94250918, 0.94830719, 0.94830719, 0.94830719,
       0.94830719, 0.94830719, 0.95362545, 0.95362545, 0.96362268,
       0.96362268, 0.96849935, 0.96849935, 0.96849935, 0.96849935,
       0.96849935, 0.96849935, 0.96849935, 0.97254203, 0.97652236,
       0.98430848, 0.98430848, 0.98430848, 0.98787803, 0.98787803,
       0.98787803, 0.98787803, 0.98787803, 0.98787803, 0.98787803,
       0.99064473, 0.99064473, 0.99064473, 0.99064473, 0.99064473,
       0.99292258, 0.99292258, 0.99292258, 0.99485068, 0.99485068,
       0.99485068, 0.99642891, 0.99642891, 0.99642891, 0.99642891,
       0.99642891, 0.99642891, 0.99730232, 0.99807125, 0.99807125,
       0.99870351, 0.99916939, 0.99952296, 0.99952296, 0.99975145,
       1.        ])]","[array([0.        , 0.0028882 , 0.0181464 , 0.03060316, 0.03724771,
       0.04405431, 0.05469892, 0.05718528, 0.06275578, 0.06928018,
       0.06928018, 0.06928018, 0.07367407, 0.08325976, 0.10894809,
       0.11997696, 0.11997696, 0.1263937 , 0.13317363, 0.14029285,
       0.14029285, 0.14029285, 0.14837669, 0.14837669, 0.19323629,
       0.19323629, 0.203184  , 0.22343136, 0.22343136, 0.22343136,
       0.22343136, 0.22343136, 0.22343136, 0.2360549 , 0.2360549 ,
       0.2360549 , 0.26323511, 0.27742293, 0.27742293, 0.27742293,
       0.27742293, 0.27742293, 0.27742293, 0.27742293, 0.31098769,
       0.31098769, 0.31098769, 0.31098769, 0.31098769, 0.31098769,
       0.31098769, 0.33035077, 0.33035077, 0.33035077, 0.33035077,
       0.35138553, 0.37285953, 0.37285953, 0.394918  , 0.394918  ,
       0.394918  , 0.394918  , 0.394918  , 0.394918  , 0.41918661,
       0.41918661, 0.41918661, 0.47011507, 0.49612938, 0.49612938,
       0.49612938, 0.49612938, 0.49612938, 0.49612938, 0.49612938,
       0.49612938, 0.49612938, 0.49612938, 0.49612938, 0.52640815,
       0.58760752, 0.64938191, 0.64938191, 0.64938191, 0.64938191,
       0.64938191, 0.64938191, 0.71597634, 0.74942193, 0.74942193,
       0.78378487, 0.81847788, 0.8537595 , 0.8537595 , 0.8537595 ,
       0.96260455, 0.96260455, 0.96260455, 1.        , 1.        ,
       1.        ]), array([0.        , 0.00659885, 0.01296981, 0.01958154, 0.02085552,
       0.03104116, 0.03488283, 0.03961017, 0.04767093, 0.05092928,
       0.05092928, 0.05092928, 0.06368001, 0.07732681, 0.08217281,
       0.08217281, 0.08217281, 0.09430968, 0.09430968, 0.09430968,
       0.09430968, 0.10164343, 0.11720184, 0.12543844, 0.13418699,
       0.16982008, 0.18839239, 0.20753272, 0.20753272, 0.24914714,
       0.2598483 , 0.270851  , 0.28240297, 0.28240297, 0.2947337 ,
       0.30735757, 0.30735757, 0.30735757, 0.32100788, 0.33502055,
       0.33502055, 0.33502055, 0.33502055, 0.33502055, 0.35094283,
       0.35094283, 0.35094283, 0.35094283, 0.35094283, 0.35094283,
       0.368925  , 0.368925  , 0.368925  , 0.40719879, 0.40719879,
       0.42714894, 0.42714894, 0.42714894, 0.42714894, 0.42714894,
       0.42714894, 0.4711642 , 0.51616459, 0.53902033, 0.53902033,
       0.53902033, 0.53902033, 0.56330324, 0.58793227, 0.58793227,
       0.58793227, 0.58793227, 0.58793227, 0.58793227, 0.61498035,
       0.64211081, 0.64211081, 0.64211081, 0.64211081, 0.67068165,
       0.6998641 , 0.6998641 , 0.6998641 , 0.73016445, 0.73016445,
       0.73016445, 0.73016445, 0.73016445, 0.76201358, 0.82662491,
       0.82662491, 0.8596052 , 0.8596052 , 0.89342512, 0.89342512,
       0.89342512, 0.92830564, 0.92830564, 0.96401647, 1.        ,
       1.        ]), array([0.        , 0.00480202, 0.01343216, 0.01610871, 0.02108263,
       0.0259119 , 0.02783173, 0.03027508, 0.03282269, 0.04150647,
       0.04486624, 0.05204516, 0.05598748, 0.06465036, 0.06465036,
       0.07495973, 0.08046853, 0.08608966, 0.08608966, 0.09251245,
       0.09251245, 0.10678861, 0.10678861, 0.10678861, 0.10678861,
       0.11532373, 0.12413666, 0.12413666, 0.13358721, 0.13358721,
       0.13358721, 0.14414694, 0.14414694, 0.15562705, 0.16738876,
       0.19155608, 0.19155608, 0.19155608, 0.19155608, 0.20499083,
       0.20499083, 0.20499083, 0.20499083, 0.20499083, 0.20499083,
       0.20499083, 0.20499083, 0.22128264, 0.23796482, 0.2549873 ,
       0.2549873 , 0.2549873 , 0.2549873 , 0.2549873 , 0.2549873 ,
       0.27407815, 0.27407815, 0.27407815, 0.294067  , 0.294067  ,
       0.294067  , 0.294067  , 0.31574508, 0.31574508, 0.31574508,
       0.31574508, 0.33848464, 0.3617444 , 0.38518504, 0.38518504,
       0.38518504, 0.38518504, 0.38518504, 0.41054741, 0.41054741,
       0.41054741, 0.41054741, 0.41054741, 0.41054741, 0.41054741,
       0.41054741, 0.41054741, 0.41054741, 0.43947083, 0.43947083,
       0.43947083, 0.43947083, 0.46982734, 0.46982734, 0.50076855,
       0.53211112, 0.56386232, 0.595737  , 0.66058825, 0.66058825,
       0.69372901, 0.72723234, 0.79468793, 0.89679159, 1.        ,
       1.        ]), array([0.        , 0.0041667 , 0.00819751, 0.0122378 , 0.01666941,
       0.02206291, 0.02362949, 0.02362949, 0.02838648, 0.03367518,
       0.03929231, 0.03929231, 0.04964705, 0.05737736, 0.069897  ,
       0.069897  , 0.07455644, 0.07950924, 0.08481224, 0.08481224,
       0.1026686 , 0.1026686 , 0.1026686 , 0.1026686 , 0.10995664,
       0.10995664, 0.10995664, 0.10995664, 0.10995664, 0.12735462,
       0.12735462, 0.12735462, 0.13691717, 0.13691717, 0.14703313,
       0.14703313, 0.14703313, 0.14703313, 0.14703313, 0.14703313,
       0.14703313, 0.14703313, 0.14703313, 0.14703313, 0.16020202,
       0.16020202, 0.17413285, 0.17413285, 0.17413285, 0.17413285,
       0.17413285, 0.17413285, 0.17413285, 0.19006409, 0.19006409,
       0.19006409, 0.22397704, 0.22397704, 0.22397704, 0.22397704,
       0.22397704, 0.24256193, 0.24256193, 0.24256193, 0.24256193,
       0.24256193, 0.26264487, 0.26264487, 0.26264487, 0.26264487,
       0.26264487, 0.26264487, 0.26264487, 0.26264487, 0.26264487,
       0.26264487, 0.26264487, 0.26264487, 0.26264487, 0.26264487,
       0.26264487, 0.26264487, 0.26264487, 0.26264487, 0.26264487,
       0.26264487, 0.26264487, 0.28899386, 0.28899386, 0.28899386,
       0.31625815, 0.31625815, 0.34431939, 0.37266085, 0.42981728,
       0.42981728, 0.48828966, 0.51777685, 0.6667635 , 0.78731844,
       1.        ]), array([0.        , 0.00522174, 0.01037453, 0.01586691, 0.01964511,
       0.02763912, 0.03360081, 0.03831586, 0.04615194, 0.04615194,
       0.05310164, 0.05681775, 0.05681775, 0.06562471, 0.06562471,
       0.07085763, 0.09301817, 0.09301817, 0.10537598, 0.10537598,
       0.11218701, 0.11948214, 0.11948214, 0.12761571, 0.13593238,
       0.13593238, 0.16320314, 0.16320314, 0.17320376, 0.17320376,
       0.17320376, 0.18427305, 0.20688067, 0.20688067, 0.20688067,
       0.21931715, 0.24461682, 0.25777041, 0.27129028, 0.2849183 ,
       0.2849183 , 0.31387455, 0.31387455, 0.31387455, 0.31387455,
       0.31387455, 0.33004008, 0.34673428, 0.34673428, 0.34673428,
       0.34673428, 0.34673428, 0.36501059, 0.36501059, 0.40367138,
       0.40367138, 0.42340396, 0.42340396, 0.42340396, 0.42340396,
       0.42340396, 0.42340396, 0.42340396, 0.44588679, 0.46857525,
       0.51452775, 0.51452775, 0.51452775, 0.53857086, 0.53857086,
       0.53857086, 0.53857086, 0.53857086, 0.53857086, 0.53857086,
       0.56526156, 0.56526156, 0.56526156, 0.56526156, 0.56526156,
       0.5935644 , 0.5935644 , 0.5935644 , 0.62302059, 0.62302059,
       0.62302059, 0.65363059, 0.65363059, 0.65363059, 0.65363059,
       0.65363059, 0.65363059, 0.68656489, 0.71984376, 0.71984376,
       0.7535733 , 0.78785154, 0.82250017, 0.82250017, 0.89337586,
       1.        ])]",0.0278133898261159,0.0099231235271788,0.0125821507284973,0.0037076003821692,"[{'lambda_reg': 0.0013599221661194805, 'K_bin': 1, 'gamma': 0.0019121655146501718}, {'lambda_reg': 0.0008492367792668534, 'K_bin': 1, 'gamma': 0.0020620224653451567}, {'lambda_reg': 0.021151497858433427, 'K_bin': 1, 'gamma': 0.19633689228219964}, {'lambda_reg': 0.009497612758233843, 'K_bin': 1, 'gamma': 0.12017653956588388}, {'lambda_reg': 0.0002022904419665467, 'K_bin': 1, 'gamma': 0.0013503760576620725}]",600,3,exponential,38
"[np.float64(0.10456128490315109), np.float64(0.04599785498551555), np.float64(0.08655590279504499), np.float64(0.11556940869893405), np.float64(0.13626583913570595)]",0.0977900581036703,0.0304991117749844,"[np.float64(0.8025454674273644), np.float64(0.8100183924666461), np.float64(0.7521863498390343), np.float64(0.7275700753771442), np.float64(0.8675986060062166)]",0.7919837782232811,0.0487593256531369,"[np.float64(0.9065845331368926), np.float64(0.9506547982849272), np.float64(0.933481705060969), np.float64(0.9386560541077555), np.float64(0.94626640934717)]",0.9351286999875428,0.0154598355663627,"[array([0.        , 0.03028298, 0.21008613, 0.26952156, 0.26952156,
       0.32753196, 0.3562105 , 0.3562105 , 0.41248099, 0.44043058,
       0.44043058, 0.44043058, 0.46729619, 0.49409407, 0.52045979,
       0.52045979, 0.57195576, 0.62294662, 0.62294662, 0.62294662,
       0.6719935 , 0.69612236, 0.69612236, 0.69612236, 0.69612236,
       0.69612236, 0.69612236, 0.69612236, 0.69612236, 0.71777959,
       0.71777959, 0.71777959, 0.71777959, 0.73844343, 0.7586059 ,
       0.77857939, 0.79831993, 0.79831993, 0.79831993, 0.79831993,
       0.79831993, 0.81637405, 0.81637405, 0.81637405, 0.81637405,
       0.83314545, 0.83314545, 0.83314545, 0.83314545, 0.83314545,
       0.83314545, 0.83314545, 0.83314545, 0.84775095, 0.84775095,
       0.84775095, 0.84775095, 0.86097773, 0.86097773, 0.86097773,
       0.8858527 , 0.8858527 , 0.8858527 , 0.89741664, 0.89741664,
       0.89741664, 0.89741664, 0.89741664, 0.89741664, 0.89741664,
       0.90674928, 0.9156914 , 0.92423945, 0.93246362, 0.94050318,
       0.94812202, 0.94812202, 0.94812202, 0.95485351, 0.95485351,
       0.96744448, 0.96744448, 0.97876771, 0.97876771, 0.97876771,
       0.97876771, 0.98306615, 0.98306615, 0.98306615, 0.98652778,
       0.98652778, 0.98652778, 0.98652778, 0.99306242, 0.99306242,
       0.99635758, 0.99781412, 0.99898117, 0.99964057, 0.99964057,
       1.        ]), array([0.        , 0.23053297, 0.31632575, 0.4291875 , 0.45710478,
       0.48475073, 0.51224574, 0.53922215, 0.5660514 , 0.59249304,
       0.67104895, 0.69691425, 0.74809839, 0.74809839, 0.77324247,
       0.77324247, 0.77324247, 0.77324247, 0.77324247, 0.79694967,
       0.79694967, 0.79694967, 0.79694967, 0.79694967, 0.81913968,
       0.81913968, 0.81913968, 0.81913968, 0.81913968, 0.81913968,
       0.81913968, 0.81913968, 0.83890149, 0.83890149, 0.83890149,
       0.83890149, 0.83890149, 0.85715157, 0.85715157, 0.87503846,
       0.87503846, 0.87503846, 0.87503846, 0.87503846, 0.89149673,
       0.89149673, 0.89149673, 0.89149673, 0.89149673, 0.89149673,
       0.89149673, 0.89149673, 0.9054943 , 0.9054943 , 0.9054943 ,
       0.9054943 , 0.9054943 , 0.91808412, 0.91808412, 0.91808412,
       0.91808412, 0.91808412, 0.94047488, 0.94047488, 0.94047488,
       0.94047488, 0.94047488, 0.94047488, 0.94992947, 0.94992947,
       0.94992947, 0.94992947, 0.94992947, 0.94992947, 0.95772695,
       0.95772695, 0.96467875, 0.96467875, 0.96467875, 0.96467875,
       0.96467875, 0.96467875, 0.97010272, 0.97524584, 0.97524584,
       0.97978874, 0.97978874, 0.97978874, 0.97978874, 0.98313739,
       0.98933188, 0.99197571, 0.99197571, 0.99197571, 0.99383425,
       0.99536708, 0.99670427, 0.99670427, 0.99908395, 0.99954523,
       1.        ]), array([0.        , 0.11972341, 0.20849731, 0.26717723, 0.4116843 ,
       0.49773767, 0.49773767, 0.52572112, 0.55350584, 0.55350584,
       0.55350584, 0.55350584, 0.55350584, 0.57990633, 0.57990633,
       0.60553292, 0.60553292, 0.6305434 , 0.655298  , 0.655298  ,
       0.655298  , 0.655298  , 0.70261331, 0.72572983, 0.72572983,
       0.7709031 , 0.7709031 , 0.7709031 , 0.7709031 , 0.7709031 ,
       0.7709031 , 0.7709031 , 0.7709031 , 0.7709031 , 0.79071997,
       0.81034592, 0.82958019, 0.84877295, 0.84877295, 0.84877295,
       0.84877295, 0.86674278, 0.86674278, 0.86674278, 0.86674278,
       0.86674278, 0.86674278, 0.86674278, 0.86674278, 0.86674278,
       0.86674278, 0.86674278, 0.86674278, 0.88111955, 0.88111955,
       0.88111955, 0.8944645 , 0.8944645 , 0.8944645 , 0.8944645 ,
       0.8944645 , 0.91817044, 0.91817044, 0.92950095, 0.92950095,
       0.92950095, 0.93986267, 0.93986267, 0.93986267, 0.93986267,
       0.94899155, 0.94899155, 0.94899155, 0.95734286, 0.95734286,
       0.95734286, 0.95734286, 0.96449267, 0.96449267, 0.96449267,
       0.97066128, 0.97066128, 0.98189678, 0.98189678, 0.98189678,
       0.98666574, 0.98666574, 0.99062289, 0.99436851, 0.99436851,
       0.99436851, 0.99436851, 0.99436851, 0.99436851, 0.99629653,
       0.99629653, 0.99749734, 0.99749734, 0.99898237, 0.99898237,
       1.        ]), array([0.        , 0.26737511, 0.39933185, 0.49706478, 0.49706478,
       0.49706478, 0.49706478, 0.49706478, 0.49706478, 0.5276197 ,
       0.5276197 , 0.5276197 , 0.5276197 , 0.5276197 , 0.55654818,
       0.58522961, 0.58522961, 0.58522961, 0.61295294, 0.61295294,
       0.61295294, 0.61295294, 0.61295294, 0.63889705, 0.66458817,
       0.68996522, 0.73979244, 0.73979244, 0.73979244, 0.73979244,
       0.73979244, 0.73979244, 0.73979244, 0.73979244, 0.73979244,
       0.73979244, 0.76136752, 0.78247608, 0.80324944, 0.80324944,
       0.80324944, 0.80324944, 0.84214761, 0.84214761, 0.86117636,
       0.86117636, 0.86117636, 0.86117636, 0.86117636, 0.86117636,
       0.86117636, 0.86117636, 0.86117636, 0.87711188, 0.87711188,
       0.87711188, 0.87711188, 0.87711188, 0.87711188, 0.87711188,
       0.89071368, 0.89071368, 0.89071368, 0.90319151, 0.90319151,
       0.90319151, 0.91459983, 0.92590703, 0.92590703, 0.92590703,
       0.92590703, 0.92590703, 0.92590703, 0.94459678, 0.95334805,
       0.96204115, 0.96204115, 0.96204115, 0.96204115, 0.96204115,
       0.96204115, 0.96204115, 0.96204115, 0.973703  , 0.973703  ,
       0.973703  , 0.973703  , 0.973703  , 0.97801596, 0.97801596,
       0.98138864, 0.98463856, 0.98463856, 0.98463856, 0.98463856,
       0.99047975, 0.99364411, 0.99582036, 0.99755187, 0.9992634 ,
       1.        ]), array([0.        , 0.03838529, 0.1520853 , 0.189584  , 0.26380574,
       0.30047224, 0.44606365, 0.55442542, 0.55442542, 0.58949805,
       0.58949805, 0.58949805, 0.58949805, 0.62328857, 0.62328857,
       0.62328857, 0.62328857, 0.65548778, 0.65548778, 0.65548778,
       0.65548778, 0.65548778, 0.71601313, 0.71601313, 0.71601313,
       0.71601313, 0.71601313, 0.71601313, 0.71601313, 0.71601313,
       0.74300948, 0.74300948, 0.76949894, 0.76949894, 0.76949894,
       0.76949894, 0.76949894, 0.76949894, 0.79362222, 0.79362222,
       0.79362222, 0.81637678, 0.81637678, 0.81637678, 0.81637678,
       0.83763975, 0.87957386, 0.87957386, 0.87957386, 0.87957386,
       0.89887342, 0.89887342, 0.89887342, 0.89887342, 0.89887342,
       0.89887342, 0.89887342, 0.89887342, 0.89887342, 0.89887342,
       0.89887342, 0.89887342, 0.91372804, 0.91372804, 0.91372804,
       0.91372804, 0.91372804, 0.92672614, 0.92672614, 0.92672614,
       0.92672614, 0.92672614, 0.92672614, 0.92672614, 0.92672614,
       0.93652142, 0.93652142, 0.93652142, 0.93652142, 0.94470425,
       0.94470425, 0.94470425, 0.94470425, 0.94470425, 0.94470425,
       0.95068248, 0.95068248, 0.95068248, 0.96032823, 0.96484959,
       0.96902627, 0.97257887, 0.97599194, 0.98164079, 0.98888519,
       0.98888519, 0.98888519, 0.99310792, 0.99581425, 0.99881181,
       1.        ])]","[array([0.00000000e+00, 2.09910286e-04, 3.75935355e-03, 5.54554673e-03,
       5.54554673e-03, 9.05402909e-03, 1.12030813e-02, 1.12030813e-02,
       1.68144343e-02, 1.98444976e-02, 1.98444976e-02, 1.98444976e-02,
       2.41846578e-02, 2.86066838e-02, 3.35510200e-02, 3.35510200e-02,
       4.49328783e-02, 5.69252199e-02, 5.69252199e-02, 5.69252199e-02,
       7.12670699e-02, 7.89148909e-02, 7.89148909e-02, 7.89148909e-02,
       7.89148909e-02, 7.89148909e-02, 7.89148909e-02, 7.89148909e-02,
       7.89148909e-02, 8.95499340e-02, 8.95499340e-02, 8.95499340e-02,
       8.95499340e-02, 1.01385586e-01, 1.13827216e-01, 1.26497233e-01,
       1.39448793e-01, 1.39448793e-01, 1.39448793e-01, 1.39448793e-01,
       1.39448793e-01, 1.54438585e-01, 1.54438585e-01, 1.54438585e-01,
       1.54438585e-01, 1.70978660e-01, 1.70978660e-01, 1.70978660e-01,
       1.70978660e-01, 1.70978660e-01, 1.70978660e-01, 1.70978660e-01,
       1.70978660e-01, 1.90136466e-01, 1.90136466e-01, 1.90136466e-01,
       1.90136466e-01, 2.10960605e-01, 2.10960605e-01, 2.10960605e-01,
       2.54516762e-01, 2.54516762e-01, 2.54516762e-01, 2.77350611e-01,
       2.77350611e-01, 2.77350611e-01, 2.77350611e-01, 2.77350611e-01,
       2.77350611e-01, 2.77350611e-01, 3.02881231e-01, 3.28883827e-01,
       3.55362701e-01, 3.82233020e-01, 4.09326458e-01, 4.36928383e-01,
       4.36928383e-01, 4.36928383e-01, 4.65602757e-01, 4.65602757e-01,
       5.24005431e-01, 5.24005431e-01, 5.83940309e-01, 5.83940309e-01,
       5.83940309e-01, 5.83940309e-01, 6.15555283e-01, 6.15555283e-01,
       6.15555283e-01, 6.48181635e-01, 6.48181635e-01, 6.48181635e-01,
       6.48181635e-01, 7.50714123e-01, 7.50714123e-01, 8.20351760e-01,
       8.55401475e-01, 8.90801078e-01, 9.26814212e-01, 9.26814212e-01,
       1.00000000e+00]), array([0.        , 0.00149188, 0.00294261, 0.00695033, 0.00835668,
       0.01013107, 0.01211019, 0.01479274, 0.01767488, 0.02108279,
       0.0323496 , 0.03653925, 0.04565978, 0.04565978, 0.05082769,
       0.05082769, 0.05082769, 0.05082769, 0.05082769, 0.05794459,
       0.05794459, 0.05794459, 0.05794459, 0.05794459, 0.0671194 ,
       0.0671194 , 0.0671194 , 0.0671194 , 0.0671194 , 0.0671194 ,
       0.0671194 , 0.0671194 , 0.07958782, 0.07958782, 0.07958782,
       0.07958782, 0.07958782, 0.09410675, 0.09410675, 0.1091183 ,
       0.1091183 , 0.1091183 , 0.1091183 , 0.1091183 , 0.12606764,
       0.12606764, 0.12606764, 0.12606764, 0.12606764, 0.12606764,
       0.12606764, 0.12606764, 0.14635466, 0.14635466, 0.14635466,
       0.14635466, 0.14635466, 0.16855116, 0.16855116, 0.16855116,
       0.16855116, 0.16855116, 0.21672698, 0.21672698, 0.21672698,
       0.21672698, 0.21672698, 0.21672698, 0.2431761 , 0.2431761 ,
       0.2431761 , 0.2431761 , 0.2431761 , 0.2431761 , 0.27187292,
       0.27187292, 0.30171681, 0.30171681, 0.30171681, 0.30171681,
       0.30171681, 0.30171681, 0.33363307, 0.36593025, 0.36593025,
       0.39904157, 0.39904157, 0.39904157, 0.39904157, 0.43377279,
       0.5039172 , 0.53960442, 0.53960442, 0.53960442, 0.57635681,
       0.61355099, 0.65101054, 0.65101054, 0.76560267, 0.8042503 ,
       1.        ]), array([0.00000000e+00, 4.43709649e-04, 2.04793576e-03, 3.74484533e-03,
       1.07239762e-02, 1.57238434e-02, 1.57238434e-02, 1.82654307e-02,
       2.10550526e-02, 2.10550526e-02, 2.10550526e-02, 2.10550526e-02,
       2.10550526e-02, 2.55724158e-02, 2.55724158e-02, 3.10557224e-02,
       3.10557224e-02, 3.73080322e-02, 4.38797163e-02, 4.38797163e-02,
       4.38797163e-02, 4.38797163e-02, 5.97613994e-02, 6.83776627e-02,
       6.83776627e-02, 8.69329441e-02, 8.69329441e-02, 8.69329441e-02,
       8.69329441e-02, 8.69329441e-02, 8.69329441e-02, 8.69329441e-02,
       8.69329441e-02, 8.69329441e-02, 9.96676739e-02, 1.12640694e-01,
       1.26102594e-01, 1.39616317e-01, 1.39616317e-01, 1.39616317e-01,
       1.39616317e-01, 1.54656430e-01, 1.54656430e-01, 1.54656430e-01,
       1.54656430e-01, 1.54656430e-01, 1.54656430e-01, 1.54656430e-01,
       1.54656430e-01, 1.54656430e-01, 1.54656430e-01, 1.54656430e-01,
       1.54656430e-01, 1.74181242e-01, 1.74181242e-01, 1.74181242e-01,
       1.94993920e-01, 1.94993920e-01, 1.94993920e-01, 1.94993920e-01,
       1.94993920e-01, 2.40343714e-01, 2.40343714e-01, 2.63670723e-01,
       2.63670723e-01, 2.63670723e-01, 2.88206930e-01, 2.88206930e-01,
       2.88206930e-01, 2.88206930e-01, 3.14281914e-01, 3.14281914e-01,
       3.14281914e-01, 3.41327419e-01, 3.41327419e-01, 3.41327419e-01,
       3.41327419e-01, 3.69872585e-01, 3.69872585e-01, 3.69872585e-01,
       3.99642437e-01, 3.99642437e-01, 4.60557259e-01, 4.60557259e-01,
       4.60557259e-01, 4.92074083e-01, 4.92074083e-01, 5.24604181e-01,
       5.57398291e-01, 5.57398291e-01, 5.57398291e-01, 5.57398291e-01,
       5.57398291e-01, 5.57398291e-01, 5.92461054e-01, 5.92461054e-01,
       6.28431471e-01, 6.28431471e-01, 7.01516378e-01, 7.01516378e-01,
       1.00000000e+00]), array([0.00000000e+00, 5.76850164e-04, 2.57948337e-03, 5.30425246e-03,
       5.30425246e-03, 5.30425246e-03, 5.30425246e-03, 5.30425246e-03,
       5.30425246e-03, 8.21583495e-03, 8.21583495e-03, 8.21583495e-03,
       8.21583495e-03, 8.21583495e-03, 1.27382666e-02, 1.75053787e-02,
       1.75053787e-02, 1.75053787e-02, 2.32213991e-02, 2.32213991e-02,
       2.32213991e-02, 2.32213991e-02, 2.32213991e-02, 3.06995849e-02,
       3.84283304e-02, 4.64681287e-02, 6.34657364e-02, 6.34657364e-02,
       6.34657364e-02, 6.34657364e-02, 6.34657364e-02, 6.34657364e-02,
       6.34657364e-02, 6.34657364e-02, 6.34657364e-02, 6.34657364e-02,
       7.52710556e-02, 8.75384165e-02, 1.00137771e-01, 1.00137771e-01,
       1.00137771e-01, 1.00137771e-01, 1.27959624e-01, 1.27959624e-01,
       1.42286862e-01, 1.42286862e-01, 1.42286862e-01, 1.42286862e-01,
       1.42286862e-01, 1.42286862e-01, 1.42286862e-01, 1.42286862e-01,
       1.42286862e-01, 1.59677661e-01, 1.59677661e-01, 1.59677661e-01,
       1.59677661e-01, 1.59677661e-01, 1.59677661e-01, 1.59677661e-01,
       1.79379812e-01, 1.79379812e-01, 1.79379812e-01, 2.00195146e-01,
       2.00195146e-01, 2.00195146e-01, 2.22069742e-01, 2.44044483e-01,
       2.44044483e-01, 2.44044483e-01, 2.44044483e-01, 2.44044483e-01,
       2.44044483e-01, 2.91880988e-01, 3.16387149e-01, 3.40950928e-01,
       3.40950928e-01, 3.40950928e-01, 3.40950928e-01, 3.40950928e-01,
       3.40950928e-01, 3.40950928e-01, 3.40950928e-01, 3.95747937e-01,
       3.95747937e-01, 3.95747937e-01, 3.95747937e-01, 3.95747937e-01,
       4.24649855e-01, 4.24649855e-01, 4.54483035e-01, 4.84437802e-01,
       4.84437802e-01, 4.84437802e-01, 4.84437802e-01, 5.78173190e-01,
       6.41386215e-01, 7.05577872e-01, 7.70210009e-01, 8.68035454e-01,
       1.00000000e+00]), array([0.00000000e+00, 8.98521862e-05, 1.47058857e-03, 2.23713348e-03,
       4.36223944e-03, 5.76396597e-03, 1.21910365e-02, 1.76462046e-02,
       1.76462046e-02, 2.02644584e-02, 2.02644584e-02, 2.02644584e-02,
       2.02644584e-02, 2.38612845e-02, 2.38612845e-02, 2.38612845e-02,
       2.38612845e-02, 2.86726820e-02, 2.86726820e-02, 2.86726820e-02,
       2.86726820e-02, 2.86726820e-02, 4.12516082e-02, 4.12516082e-02,
       4.12516082e-02, 4.12516082e-02, 4.12516082e-02, 4.12516082e-02,
       4.12516082e-02, 4.12516082e-02, 5.00341035e-02, 5.00341035e-02,
       5.92034878e-02, 5.92034878e-02, 5.92034878e-02, 5.92034878e-02,
       5.92034878e-02, 5.92034878e-02, 7.01788698e-02, 7.01788698e-02,
       7.01788698e-02, 8.21989283e-02, 8.21989283e-02, 8.21989283e-02,
       8.21989283e-02, 9.53574539e-02, 1.22126210e-01, 1.22126210e-01,
       1.22126210e-01, 1.22126210e-01, 1.36783315e-01, 1.36783315e-01,
       1.36783315e-01, 1.36783315e-01, 1.36783315e-01, 1.36783315e-01,
       1.36783315e-01, 1.36783315e-01, 1.36783315e-01, 1.36783315e-01,
       1.36783315e-01, 1.36783315e-01, 1.54833028e-01, 1.54833028e-01,
       1.54833028e-01, 1.54833028e-01, 1.54833028e-01, 1.74299743e-01,
       1.74299743e-01, 1.74299743e-01, 1.74299743e-01, 1.74299743e-01,
       1.74299743e-01, 1.74299743e-01, 1.74299743e-01, 1.96211020e-01,
       1.96211020e-01, 1.96211020e-01, 1.96211020e-01, 2.19353005e-01,
       2.19353005e-01, 2.19353005e-01, 2.19353005e-01, 2.19353005e-01,
       2.19353005e-01, 2.44177658e-01, 2.44177658e-01, 2.44177658e-01,
       2.95590628e-01, 3.21527240e-01, 3.47726936e-01, 3.74402963e-01,
       4.01185488e-01, 4.55649102e-01, 5.38282464e-01, 5.38282464e-01,
       5.38282464e-01, 6.23222125e-01, 7.09319188e-01, 8.53969094e-01,
       1.00000000e+00])]",0.0059803683051818,0.0149160574856694,0.0058527862296801,0.0006846588917867,"[{'lambda_reg': 0.0034092076725004117, 'K_bin': 1, 'gamma': 0.002629648360330154}, {'lambda_reg': 0.033877632442564774, 'K_bin': 1, 'gamma': 0.06950930444976482}, {'lambda_reg': 0.0018459559370071616, 'K_bin': 1, 'gamma': 0.003296930621318952}, {'lambda_reg': 0.013253880369156772, 'K_bin': 1, 'gamma': 0.028371568990650787}, {'lambda_reg': 0.032653375845836295, 'K_bin': 1, 'gamma': 0.04084489765423543}]",300,1,laplacian,2
"[np.float64(0.2423279097108558), np.float64(0.23040775807474578), np.float64(0.24920524284367715), np.float64(0.25831719169661843), np.float64(0.238235397266399)]",0.2436986999184592,0.0095120785700037,"[np.float64(0.5406907061218061), np.float64(0.5507779847365037), np.float64(0.6216919537730209), np.float64(0.6047450688919705), np.float64(0.4988266464528286)]",0.5633464719952259,0.0446141178467252,"[np.float64(0.5589303501204723), np.float64(0.5505504650420155), np.float64(0.5304820640482408), np.float64(0.5408578051501507), np.float64(0.5569021713110908)]",0.547544571134394,0.0106026225978639,"[array([0.        , 0.        , 0.        , 0.        , 0.        ,
       0.        , 0.        , 0.        , 0.        , 0.        ,
       0.        , 0.        , 0.        , 0.        , 0.        ,
       0.        , 0.        , 0.        , 0.        , 0.        ,
       0.        , 0.        , 0.        , 0.        , 0.        ,
       0.        , 0.        , 0.        , 0.        , 0.        ,
       0.        , 0.        , 0.        , 0.        , 0.01085028,
       0.01085028, 0.01085028, 0.01085028, 0.02110849, 0.04118825,
       0.05116894, 0.07054915, 0.10884062, 0.1463472 , 0.18335172,
       0.2559658 , 0.31838971, 0.37971034, 0.43996422, 0.50746221,
       0.61488097, 0.68781412, 0.75922013, 0.80583978, 0.85907524,
       0.90381773, 0.91106538, 0.93246168, 0.95348675, 0.98073119,
       0.98073119, 1.        , 1.        , 1.        , 1.        ,
       1.        , 1.        , 1.        , 1.        , 1.        ,
       1.        , 1.        , 1.        , 1.        , 1.        ,
       1.        , 1.        , 1.        , 1.        , 1.        ,
       1.        , 1.        , 1.        , 1.        , 1.        ,
       1.        , 1.        , 1.        , 1.        , 1.        ,
       1.        , 1.        , 1.        , 1.        , 1.        ,
       1.        , 1.        , 1.        , 1.        , 1.        ,
       1.        ]), array([0.        , 0.        , 0.        , 0.        , 0.        ,
       0.        , 0.        , 0.        , 0.        , 0.        ,
       0.        , 0.        , 0.        , 0.        , 0.        ,
       0.        , 0.        , 0.        , 0.        , 0.        ,
       0.        , 0.        , 0.        , 0.        , 0.        ,
       0.        , 0.        , 0.        , 0.        , 0.        ,
       0.        , 0.        , 0.        , 0.        , 0.        ,
       0.        , 0.        , 0.        , 0.        , 0.01042421,
       0.01042421, 0.03044681, 0.04033632, 0.05970911, 0.08836746,
       0.14448072, 0.18115486, 0.25320193, 0.32376791, 0.3930521 ,
       0.45239381, 0.53563479, 0.65836531, 0.7546765 , 0.80956095,
       0.88620641, 0.90865007, 0.94543419, 0.95981335, 0.95981335,
       0.98715008, 0.98715008, 0.99368315, 1.        , 1.        ,
       1.        , 1.        , 1.        , 1.        , 1.        ,
       1.        , 1.        , 1.        , 1.        , 1.        ,
       1.        , 1.        , 1.        , 1.        , 1.        ,
       1.        , 1.        , 1.        , 1.        , 1.        ,
       1.        , 1.        , 1.        , 1.        , 1.        ,
       1.        , 1.        , 1.        , 1.        , 1.        ,
       1.        , 1.        , 1.        , 1.        , 1.        ,
       1.        ]), array([0.        , 0.        , 0.        , 0.        , 0.        ,
       0.        , 0.        , 0.        , 0.        , 0.        ,
       0.        , 0.        , 0.        , 0.        , 0.        ,
       0.        , 0.        , 0.        , 0.        , 0.        ,
       0.        , 0.        , 0.        , 0.        , 0.        ,
       0.        , 0.        , 0.        , 0.        , 0.        ,
       0.        , 0.        , 0.        , 0.        , 0.        ,
       0.        , 0.        , 0.        , 0.        , 0.        ,
       0.        , 0.        , 0.        , 0.        , 0.00945034,
       0.0187456 , 0.10038126, 0.16295757, 0.23289402, 0.36181116,
       0.50473652, 0.69476923, 0.79982971, 0.86325767, 0.9022036 ,
       0.96307193, 1.        , 1.        , 1.        , 1.        ,
       1.        , 1.        , 1.        , 1.        , 1.        ,
       1.        , 1.        , 1.        , 1.        , 1.        ,
       1.        , 1.        , 1.        , 1.        , 1.        ,
       1.        , 1.        , 1.        , 1.        , 1.        ,
       1.        , 1.        , 1.        , 1.        , 1.        ,
       1.        , 1.        , 1.        , 1.        , 1.        ,
       1.        , 1.        , 1.        , 1.        , 1.        ,
       1.        , 1.        , 1.        , 1.        , 1.        ,
       1.        ]), array([0.        , 0.        , 0.        , 0.        , 0.        ,
       0.        , 0.        , 0.        , 0.        , 0.        ,
       0.        , 0.        , 0.        , 0.        , 0.        ,
       0.        , 0.        , 0.        , 0.        , 0.        ,
       0.        , 0.        , 0.        , 0.        , 0.        ,
       0.        , 0.        , 0.        , 0.        , 0.        ,
       0.        , 0.        , 0.        , 0.        , 0.        ,
       0.        , 0.        , 0.        , 0.        , 0.        ,
       0.01005499, 0.01978273, 0.01978273, 0.0292407 , 0.05705313,
       0.13948026, 0.193226  , 0.26386581, 0.38502224, 0.49527763,
       0.61193795, 0.70166596, 0.78932202, 0.82853054, 0.88204647,
       0.93479469, 0.98609838, 0.98609838, 0.99311626, 1.        ,
       1.        , 1.        , 1.        , 1.        , 1.        ,
       1.        , 1.        , 1.        , 1.        , 1.        ,
       1.        , 1.        , 1.        , 1.        , 1.        ,
       1.        , 1.        , 1.        , 1.        , 1.        ,
       1.        , 1.        , 1.        , 1.        , 1.        ,
       1.        , 1.        , 1.        , 1.        , 1.        ,
       1.        , 1.        , 1.        , 1.        , 1.        ,
       1.        , 1.        , 1.        , 1.        , 1.        ,
       1.        ]), array([0.        , 0.        , 0.        , 0.        , 0.        ,
       0.        , 0.        , 0.        , 0.        , 0.        ,
       0.        , 0.        , 0.        , 0.        , 0.        ,
       0.        , 0.        , 0.        , 0.        , 0.        ,
       0.        , 0.        , 0.        , 0.        , 0.        ,
       0.        , 0.        , 0.        , 0.        , 0.        ,
       0.        , 0.        , 0.        , 0.        , 0.        ,
       0.        , 0.        , 0.        , 0.        , 0.        ,
       0.02031119, 0.04041975, 0.07994444, 0.08957664, 0.108684  ,
       0.13655684, 0.20076518, 0.28185616, 0.34383027, 0.4393806 ,
       0.51622184, 0.58304103, 0.63189696, 0.70402988, 0.78252617,
       0.84376533, 0.88149198, 0.92551342, 0.9470566 , 0.9610479 ,
       0.96794453, 0.97465285, 0.98117885, 0.99380781, 1.        ,
       1.        , 1.        , 1.        , 1.        , 1.        ,
       1.        , 1.        , 1.        , 1.        , 1.        ,
       1.        , 1.        , 1.        , 1.        , 1.        ,
       1.        , 1.        , 1.        , 1.        , 1.        ,
       1.        , 1.        , 1.        , 1.        , 1.        ,
       1.        , 1.        , 1.        , 1.        , 1.        ,
       1.        , 1.        , 1.        , 1.        , 1.        ,
       1.        ])]","[array([0.        , 0.        , 0.        , 0.        , 0.        ,
       0.        , 0.        , 0.        , 0.        , 0.        ,
       0.        , 0.        , 0.        , 0.        , 0.        ,
       0.        , 0.        , 0.        , 0.        , 0.        ,
       0.        , 0.        , 0.        , 0.        , 0.        ,
       0.        , 0.        , 0.        , 0.        , 0.        ,
       0.        , 0.        , 0.        , 0.        , 0.00572214,
       0.00572214, 0.00572214, 0.00572214, 0.01205854, 0.02518432,
       0.03180861, 0.04566014, 0.07384968, 0.10285352, 0.13237821,
       0.19287478, 0.24696438, 0.30219857, 0.35853944, 0.42434366,
       0.53362582, 0.61077005, 0.68949861, 0.74300552, 0.8066276 ,
       0.86208196, 0.87154163, 0.90028026, 0.92940401, 0.96905422,
       0.96905422, 1.        , 1.        , 1.        , 1.        ,
       1.        , 1.        , 1.        , 1.        , 1.        ,
       1.        , 1.        , 1.        , 1.        , 1.        ,
       1.        , 1.        , 1.        , 1.        , 1.        ,
       1.        , 1.        , 1.        , 1.        , 1.        ,
       1.        , 1.        , 1.        , 1.        , 1.        ,
       1.        , 1.        , 1.        , 1.        , 1.        ,
       1.        , 1.        , 1.        , 1.        , 1.        ,
       1.        ]), array([0.        , 0.        , 0.        , 0.        , 0.        ,
       0.        , 0.        , 0.        , 0.        , 0.        ,
       0.        , 0.        , 0.        , 0.        , 0.        ,
       0.        , 0.        , 0.        , 0.        , 0.        ,
       0.        , 0.        , 0.        , 0.        , 0.        ,
       0.        , 0.        , 0.        , 0.        , 0.        ,
       0.        , 0.        , 0.        , 0.        , 0.        ,
       0.        , 0.        , 0.        , 0.        , 0.00628755,
       0.00628755, 0.01967065, 0.02648137, 0.04050027, 0.06192081,
       0.10593939, 0.13600396, 0.19740625, 0.26025769, 0.32436328,
       0.38170999, 0.46513368, 0.59235422, 0.69596348, 0.75767132,
       0.8475483 , 0.87504952, 0.92149344, 0.94039828, 0.94039828,
       0.97959889, 0.97959889, 0.98969367, 1.        , 1.        ,
       1.        , 1.        , 1.        , 1.        , 1.        ,
       1.        , 1.        , 1.        , 1.        , 1.        ,
       1.        , 1.        , 1.        , 1.        , 1.        ,
       1.        , 1.        , 1.        , 1.        , 1.        ,
       1.        , 1.        , 1.        , 1.        , 1.        ,
       1.        , 1.        , 1.        , 1.        , 1.        ,
       1.        , 1.        , 1.        , 1.        , 1.        ,
       1.        ]), array([0.        , 0.        , 0.        , 0.        , 0.        ,
       0.        , 0.        , 0.        , 0.        , 0.        ,
       0.        , 0.        , 0.        , 0.        , 0.        ,
       0.        , 0.        , 0.        , 0.        , 0.        ,
       0.        , 0.        , 0.        , 0.        , 0.        ,
       0.        , 0.        , 0.        , 0.        , 0.        ,
       0.        , 0.        , 0.        , 0.        , 0.        ,
       0.        , 0.        , 0.        , 0.        , 0.        ,
       0.        , 0.        , 0.        , 0.        , 0.00721755,
       0.01459001, 0.0829616 , 0.1370566 , 0.20045706, 0.3215442 ,
       0.46195355, 0.65525239, 0.766855  , 0.83675682, 0.88114126,
       0.95359992, 1.        , 1.        , 1.        , 1.        ,
       1.        , 1.        , 1.        , 1.        , 1.        ,
       1.        , 1.        , 1.        , 1.        , 1.        ,
       1.        , 1.        , 1.        , 1.        , 1.        ,
       1.        , 1.        , 1.        , 1.        , 1.        ,
       1.        , 1.        , 1.        , 1.        , 1.        ,
       1.        , 1.        , 1.        , 1.        , 1.        ,
       1.        , 1.        , 1.        , 1.        , 1.        ,
       1.        , 1.        , 1.        , 1.        , 1.        ,
       1.        ]), array([0.        , 0.        , 0.        , 0.        , 0.        ,
       0.        , 0.        , 0.        , 0.        , 0.        ,
       0.        , 0.        , 0.        , 0.        , 0.        ,
       0.        , 0.        , 0.        , 0.        , 0.        ,
       0.        , 0.        , 0.        , 0.        , 0.        ,
       0.        , 0.        , 0.        , 0.        , 0.        ,
       0.        , 0.        , 0.        , 0.        , 0.        ,
       0.        , 0.        , 0.        , 0.        , 0.        ,
       0.00657353, 0.01348154, 0.01348154, 0.02066532, 0.04279056,
       0.11019883, 0.15637007, 0.21897554, 0.33105295, 0.43742162,
       0.55409478, 0.64774307, 0.74350923, 0.78768851, 0.85094602,
       0.91498824, 0.98050701, 0.98050701, 0.99018495, 1.        ,
       1.        , 1.        , 1.        , 1.        , 1.        ,
       1.        , 1.        , 1.        , 1.        , 1.        ,
       1.        , 1.        , 1.        , 1.        , 1.        ,
       1.        , 1.        , 1.        , 1.        , 1.        ,
       1.        , 1.        , 1.        , 1.        , 1.        ,
       1.        , 1.        , 1.        , 1.        , 1.        ,
       1.        , 1.        , 1.        , 1.        , 1.        ,
       1.        , 1.        , 1.        , 1.        , 1.        ,
       1.        ]), array([0.        , 0.        , 0.        , 0.        , 0.        ,
       0.        , 0.        , 0.        , 0.        , 0.        ,
       0.        , 0.        , 0.        , 0.        , 0.        ,
       0.        , 0.        , 0.        , 0.        , 0.        ,
       0.        , 0.        , 0.        , 0.        , 0.        ,
       0.        , 0.        , 0.        , 0.        , 0.        ,
       0.        , 0.        , 0.        , 0.        , 0.        ,
       0.        , 0.        , 0.        , 0.        , 0.        ,
       0.01310013, 0.02639855, 0.05367301, 0.06073526, 0.07501346,
       0.09720209, 0.14978613, 0.21882548, 0.27359594, 0.36146205,
       0.4346602 , 0.50117761, 0.5522972 , 0.63010293, 0.7181698 ,
       0.79014785, 0.83567022, 0.89152085, 0.91990371, 0.93918849,
       0.94892779, 0.95885137, 0.96895336, 0.98957134, 1.        ,
       1.        , 1.        , 1.        , 1.        , 1.        ,
       1.        , 1.        , 1.        , 1.        , 1.        ,
       1.        , 1.        , 1.        , 1.        , 1.        ,
       1.        , 1.        , 1.        , 1.        , 1.        ,
       1.        , 1.        , 1.        , 1.        , 1.        ,
       1.        , 1.        , 1.        , 1.        , 1.        ,
       1.        , 1.        , 1.        , 1.        , 1.        ,
       1.        ])]",-0.0379780502142615,0.0354472483495867,0.1559601895647203,0.0081768476551359,"[{'lambda_reg': 0.7574305457264907, 'K_bin': 1}, {'lambda_reg': 0.6846259594306225, 'K_bin': 1}, {'lambda_reg': 0.5360736153216511, 'K_bin': 1}, {'lambda_reg': 0.3713507426033475, 'K_bin': 1}, {'lambda_reg': 0.6931697802398137, 'K_bin': 1}]",600,2,linear,28
"[np.float64(0.08802855608840174), np.float64(0.04020962637234959), np.float64(0.07829401016379424), np.float64(0.10918616582985649), np.float64(0.12380040775588823)]",0.087903753242058,0.0286656706409848,"[np.float64(0.8043643481730431), np.float64(0.7960317391954163), np.float64(0.7408106867351187), np.float64(0.7331968680418118), np.float64(0.8697271324363488)]",0.7888261549163478,0.049474087765231,"[np.float64(0.9509466514036349), np.float64(0.9765285947981059), np.float64(0.9490122267498786), np.float64(0.9758720837404686), np.float64(0.9735624558023411)]",0.9651844024988858,0.0124688558505261,"[array([0.        , 0.3297288 , 0.41869143, 0.44795375, 0.47705964,
       0.50587377, 0.56246728, 0.56246728, 0.56246728, 0.58987997,
       0.61717925, 0.6439406 , 0.72371892, 0.72371892, 0.72371892,
       0.72371892, 0.72371892, 0.72371892, 0.72371892, 0.72371892,
       0.72371892, 0.72371892, 0.74742403, 0.74742403, 0.74742403,
       0.74742403, 0.7697957 , 0.79187468, 0.81354532, 0.81354532,
       0.81354532, 0.81354532, 0.81354532, 0.83381882, 0.83381882,
       0.83381882, 0.85323248, 0.85323248, 0.85323248, 0.85323248,
       0.85323248, 0.85323248, 0.87094739, 0.87094739, 0.87094739,
       0.87094739, 0.87094739, 0.87094739, 0.88681351, 0.88681351,
       0.88681351, 0.88681351, 0.90148537, 0.90148537, 0.90148537,
       0.90148537, 0.90148537, 0.90148537, 0.90148537, 0.90148537,
       0.91366364, 0.91366364, 0.91366364, 0.92501176, 0.92501176,
       0.92501176, 0.92501176, 0.92501176, 0.93470681, 0.94412209,
       0.94412209, 0.94412209, 0.95272511, 0.95272511, 0.96058226,
       0.96058226, 0.96058226, 0.96058226, 0.96058226, 0.96058226,
       0.96058226, 0.96058226, 0.96622115, 0.96622115, 0.97590835,
       0.98068519, 0.98068519, 0.98479997, 0.98479997, 0.98815197,
       0.98815197, 0.99114029, 0.99377337, 0.99377337, 0.99377337,
       0.99705686, 0.99705686, 0.99818416, 0.99889391, 0.99929309,
       1.        ]), array([0.        , 0.45598362, 0.56856771, 0.65185275, 0.73471905,
       0.73471905, 0.76181143, 0.76181143, 0.76181143, 0.8139936 ,
       0.8139936 , 0.83946337, 0.83946337, 0.83946337, 0.83946337,
       0.83946337, 0.83946337, 0.83946337, 0.83946337, 0.83946337,
       0.83946337, 0.83946337, 0.83946337, 0.83946337, 0.83946337,
       0.83946337, 0.83946337, 0.83946337, 0.83946337, 0.83946337,
       0.83946337, 0.83946337, 0.83946337, 0.83946337, 0.83946337,
       0.83946337, 0.85773291, 0.85773291, 0.85773291, 0.87539739,
       0.89272644, 0.90961641, 0.90961641, 0.90961641, 0.94198518,
       0.94198518, 0.94198518, 0.94198518, 0.94198518, 0.94198518,
       0.94198518, 0.94198518, 0.94198518, 0.94198518, 0.94198518,
       0.94198518, 0.95461227, 0.95461227, 0.95461227, 0.95461227,
       0.95461227, 0.95461227, 0.95461227, 0.95461227, 0.95461227,
       0.96474705, 0.96474705, 0.96474705, 0.96474705, 0.96474705,
       0.96474705, 0.97303127, 0.97303127, 0.97303127, 0.97303127,
       0.97303127, 0.98005772, 0.98005772, 0.98005772, 0.98005772,
       0.98005772, 0.98005772, 0.98005772, 0.98005772, 0.98487119,
       0.98933424, 0.98933424, 0.98933424, 0.98933424, 0.98933424,
       0.98933424, 0.98933424, 0.98933424, 0.99575407, 0.99575407,
       0.99575407, 0.99575407, 0.9977843 , 0.9984546 , 0.99887288,
       1.        ]), array([0.        , 0.35395339, 0.41254827, 0.47028817, 0.55602261,
       0.55602261, 0.58391856, 0.58391856, 0.58391856, 0.61102883,
       0.63782563, 0.66441111, 0.66441111, 0.69028088, 0.71594594,
       0.71594594, 0.71594594, 0.71594594, 0.71594594, 0.71594594,
       0.71594594, 0.71594594, 0.73916268, 0.73916268, 0.73916268,
       0.73916268, 0.73916268, 0.76091737, 0.78237201, 0.78237201,
       0.80338901, 0.80338901, 0.80338901, 0.80338901, 0.80338901,
       0.80338901, 0.82236231, 0.82236231, 0.82236231, 0.82236231,
       0.84039137, 0.84039137, 0.84039137, 0.84039137, 0.84039137,
       0.84039137, 0.84039137, 0.84039137, 0.85603477, 0.87124756,
       0.88624756, 0.88624756, 0.88624756, 0.88624756, 0.88624756,
       0.9130913 , 0.9130913 , 0.9130913 , 0.9130913 , 0.92541479,
       0.92541479, 0.92541479, 0.92541479, 0.92541479, 0.9361655 ,
       0.9361655 , 0.9361655 , 0.94616797, 0.94616797, 0.94616797,
       0.94616797, 0.94616797, 0.94616797, 0.96242866, 0.96242866,
       0.97008898, 0.97008898, 0.97008898, 0.97682719, 0.97682719,
       0.97682719, 0.98271975, 0.98271975, 0.9878664 , 0.9878664 ,
       0.9878664 , 0.9878664 , 0.9878664 , 0.99143185, 0.99143185,
       0.99143185, 0.99143185, 0.99143185, 0.99598179, 0.99788375,
       0.99788375, 0.99788375, 0.99788375, 0.99788375, 0.99929457,
       1.        ]), array([0.        , 0.56746441, 0.60039726, 0.60039726, 0.60039726,
       0.60039726, 0.60039726, 0.63178408, 0.63178408, 0.63178408,
       0.66202886, 0.66202886, 0.69144106, 0.69144106, 0.72047194,
       0.72047194, 0.74865152, 0.74865152, 0.74865152, 0.77591307,
       0.77591307, 0.77591307, 0.80226747, 0.80226747, 0.80226747,
       0.80226747, 0.80226747, 0.80226747, 0.80226747, 0.8262139 ,
       0.8262139 , 0.8492924 , 0.8492924 , 0.8492924 , 0.8492924 ,
       0.87117979, 0.87117979, 0.87117979, 0.87117979, 0.87117979,
       0.89156195, 0.91134544, 0.93106091, 0.93106091, 0.93106091,
       0.94960717, 0.94960717, 0.94960717, 0.94960717, 0.94960717,
       0.94960717, 0.94960717, 0.94960717, 0.94960717, 0.94960717,
       0.94960717, 0.94960717, 0.94960717, 0.94960717, 0.94960717,
       0.94960717, 0.94960717, 0.94960717, 0.94960717, 0.94960717,
       0.94960717, 0.94960717, 0.94960717, 0.94960717, 0.94960717,
       0.94960717, 0.94960717, 0.9589674 , 0.9589674 , 0.96767234,
       0.98475298, 0.98475298, 0.98475298, 0.98475298, 0.98475298,
       0.98475298, 0.98475298, 0.98475298, 0.98475298, 0.98475298,
       0.98475298, 0.98475298, 0.9893356 , 0.9893356 , 0.9893356 ,
       0.9893356 , 0.99238825, 0.99238825, 0.99238825, 0.99238825,
       0.99580282, 0.99724515, 0.99724515, 0.99724515, 0.9991225 ,
       1.        ]), array([0.        , 0.31239267, 0.38950026, 0.50408138, 0.57962811,
       0.57962811, 0.57962811, 0.61612183, 0.65236221, 0.65236221,
       0.65236221, 0.65236221, 0.6871257 , 0.6871257 , 0.6871257 ,
       0.6871257 , 0.6871257 , 0.71999385, 0.75210453, 0.75210453,
       0.75210453, 0.75210453, 0.75210453, 0.75210453, 0.75210453,
       0.75210453, 0.78109817, 0.78109817, 0.78109817, 0.80892134,
       0.80892134, 0.80892134, 0.80892134, 0.80892134, 0.80892134,
       0.80892134, 0.80892134, 0.85843039, 0.85843039, 0.85843039,
       0.85843039, 0.85843039, 0.88132499, 0.88132499, 0.88132499,
       0.90293366, 0.90293366, 0.92371474, 0.92371474, 0.92371474,
       0.92371474, 0.92371474, 0.94287532, 0.94287532, 0.94287532,
       0.94287532, 0.94287532, 0.94287532, 0.94287532, 0.95918904,
       0.95918904, 0.95918904, 0.95918904, 0.95918904, 0.95918904,
       0.95918904, 0.95918904, 0.95918904, 0.95918904, 0.95918904,
       0.95918904, 0.95918904, 0.95918904, 0.95918904, 0.95918904,
       0.95918904, 0.95918904, 0.95918904, 0.96811362, 0.96811362,
       0.96811362, 0.96811362, 0.96811362, 0.96811362, 0.96811362,
       0.9743332 , 0.9743332 , 0.9743332 , 0.9743332 , 0.97885186,
       0.98311208, 0.98686751, 0.98686751, 0.98982384, 0.98982384,
       0.99188097, 0.99188097, 0.99335128, 0.99783545, 0.9984823 ,
       1.        ])]","[array([0.        , 0.001114  , 0.00261698, 0.00360575, 0.00478924,
       0.00633588, 0.01071713, 0.01071713, 0.01071713, 0.01400816,
       0.01744035, 0.0215421 , 0.03447684, 0.03447684, 0.03447684,
       0.03447684, 0.03447684, 0.03447684, 0.03447684, 0.03447684,
       0.03447684, 0.03447684, 0.04238271, 0.04238271, 0.04238271,
       0.04238271, 0.05194833, 0.06187826, 0.07231645, 0.07231645,
       0.07231645, 0.07231645, 0.07231645, 0.08449367, 0.08449367,
       0.08449367, 0.09774113, 0.09774113, 0.09774113, 0.09774113,
       0.09774113, 0.09774113, 0.11310304, 0.11310304, 0.11310304,
       0.11310304, 0.11310304, 0.11310304, 0.13076615, 0.13076615,
       0.13076615, 0.13076615, 0.14991578, 0.14991578, 0.14991578,
       0.14991578, 0.14991578, 0.14991578, 0.14991578, 0.14991578,
       0.17216917, 0.17216917, 0.17216917, 0.19545587, 0.19545587,
       0.19545587, 0.19545587, 0.19545587, 0.22080015, 0.24649266,
       0.24649266, 0.24649266, 0.2731962 , 0.2731962 , 0.30082812,
       0.30082812, 0.30082812, 0.30082812, 0.30082812, 0.30082812,
       0.30082812, 0.30082812, 0.33122114, 0.33122114, 0.39398695,
       0.42545296, 0.42545296, 0.45774304, 0.45774304, 0.49098255,
       0.49098255, 0.52467474, 0.5588091 , 0.5588091 , 0.5588091 ,
       0.62954566, 0.62954566, 0.66555427, 0.7020826 , 0.73899751,
       1.        ]), array([0.00000000e+00, 9.26826611e-04, 3.14026828e-03, 6.41882102e-03,
       1.02851489e-02, 1.02851489e-02, 1.23174792e-02, 1.23174792e-02,
       1.23174792e-02, 1.91931444e-02, 1.91931444e-02, 2.35030957e-02,
       2.35030957e-02, 2.35030957e-02, 2.35030957e-02, 2.35030957e-02,
       2.35030957e-02, 2.35030957e-02, 2.35030957e-02, 2.35030957e-02,
       2.35030957e-02, 2.35030957e-02, 2.35030957e-02, 2.35030957e-02,
       2.35030957e-02, 2.35030957e-02, 2.35030957e-02, 2.35030957e-02,
       2.35030957e-02, 2.35030957e-02, 2.35030957e-02, 2.35030957e-02,
       2.35030957e-02, 2.35030957e-02, 2.35030957e-02, 2.35030957e-02,
       3.79198527e-02, 3.79198527e-02, 3.79198527e-02, 5.31859018e-02,
       6.89227935e-02, 8.52760245e-02, 8.52760245e-02, 8.52760245e-02,
       1.19963295e-01, 1.19963295e-01, 1.19963295e-01, 1.19963295e-01,
       1.19963295e-01, 1.19963295e-01, 1.19963295e-01, 1.19963295e-01,
       1.19963295e-01, 1.19963295e-01, 1.19963295e-01, 1.19963295e-01,
       1.42300211e-01, 1.42300211e-01, 1.42300211e-01, 1.42300211e-01,
       1.42300211e-01, 1.42300211e-01, 1.42300211e-01, 1.42300211e-01,
       1.42300211e-01, 1.68135540e-01, 1.68135540e-01, 1.68135540e-01,
       1.68135540e-01, 1.68135540e-01, 1.68135540e-01, 1.96568462e-01,
       1.96568462e-01, 1.96568462e-01, 1.96568462e-01, 1.96568462e-01,
       2.26766866e-01, 2.26766866e-01, 2.26766866e-01, 2.26766866e-01,
       2.26766866e-01, 2.26766866e-01, 2.26766866e-01, 2.26766866e-01,
       2.60071598e-01, 2.93868206e-01, 2.93868206e-01, 2.93868206e-01,
       2.93868206e-01, 2.93868206e-01, 2.93868206e-01, 2.93868206e-01,
       2.93868206e-01, 4.05040672e-01, 4.05040672e-01, 4.05040672e-01,
       4.05040672e-01, 4.82313457e-01, 5.21433855e-01, 5.60908005e-01,
       1.00000000e+00]), array([0.        , 0.00197771, 0.00281843, 0.00475886, 0.00879549,
       0.00879549, 0.01101851, 0.01101851, 0.01101851, 0.01425212,
       0.01788892, 0.02179753, 0.02179753, 0.02662671, 0.03171921,
       0.03171921, 0.03171921, 0.03171921, 0.03171921, 0.03171921,
       0.03171921, 0.03171921, 0.03996086, 0.03996086, 0.03996086,
       0.03996086, 0.03996086, 0.05008306, 0.0605912 , 0.0605912 ,
       0.07166227, 0.07166227, 0.07166227, 0.07166227, 0.07166227,
       0.07166227, 0.08536203, 0.08536203, 0.08536203, 0.08536203,
       0.10027632, 0.10027632, 0.10027632, 0.10027632, 0.10027632,
       0.10027632, 0.10027632, 0.10027632, 0.11825916, 0.13679587,
       0.15560628, 0.15560628, 0.15560628, 0.15560628, 0.15560628,
       0.19728685, 0.19728685, 0.19728685, 0.19728685, 0.21953991,
       0.21953991, 0.21953991, 0.21953991, 0.21953991, 0.24381597,
       0.24381597, 0.24381597, 0.26905446, 0.26905446, 0.26905446,
       0.26905446, 0.26905446, 0.26905446, 0.32434744, 0.32434744,
       0.35259851, 0.35259851, 0.35259851, 0.38203564, 0.38203564,
       0.38203564, 0.41256048, 0.41256048, 0.44404474, 0.44404474,
       0.44404474, 0.44404474, 0.44404474, 0.47756283, 0.47756283,
       0.47756283, 0.47756283, 0.47756283, 0.54791876, 0.5835765 ,
       0.5835765 , 0.5835765 , 0.5835765 , 0.5835765 , 0.69607425,
       1.        ]), array([0.00000000e+00, 7.20259448e-04, 1.20764351e-03, 1.20764351e-03,
       1.20764351e-03, 1.20764351e-03, 1.20764351e-03, 3.23280723e-03,
       3.23280723e-03, 3.23280723e-03, 6.39389754e-03, 6.39389754e-03,
       1.03831267e-02, 1.03831267e-02, 1.47516421e-02, 1.47516421e-02,
       1.99668991e-02, 1.99668991e-02, 1.99668991e-02, 2.60952872e-02,
       2.60952872e-02, 2.60952872e-02, 3.31259857e-02, 3.31259857e-02,
       3.31259857e-02, 3.31259857e-02, 3.31259857e-02, 3.31259857e-02,
       3.31259857e-02, 4.25517752e-02, 4.25517752e-02, 5.28408720e-02,
       5.28408720e-02, 5.28408720e-02, 5.28408720e-02, 6.43147055e-02,
       6.43147055e-02, 6.43147055e-02, 6.43147055e-02, 6.43147055e-02,
       7.72857244e-02, 9.08522209e-02, 1.04486379e-01, 1.04486379e-01,
       1.04486379e-01, 1.19283494e-01, 1.19283494e-01, 1.19283494e-01,
       1.19283494e-01, 1.19283494e-01, 1.19283494e-01, 1.19283494e-01,
       1.19283494e-01, 1.19283494e-01, 1.19283494e-01, 1.19283494e-01,
       1.19283494e-01, 1.19283494e-01, 1.19283494e-01, 1.19283494e-01,
       1.19283494e-01, 1.19283494e-01, 1.19283494e-01, 1.19283494e-01,
       1.19283494e-01, 1.19283494e-01, 1.19283494e-01, 1.19283494e-01,
       1.19283494e-01, 1.19283494e-01, 1.19283494e-01, 1.19283494e-01,
       1.43217560e-01, 1.43217560e-01, 1.67803415e-01, 2.17302604e-01,
       2.17302604e-01, 2.17302604e-01, 2.17302604e-01, 2.17302604e-01,
       2.17302604e-01, 2.17302604e-01, 2.17302604e-01, 2.17302604e-01,
       2.17302604e-01, 2.17302604e-01, 2.17302604e-01, 2.45988765e-01,
       2.45988765e-01, 2.45988765e-01, 2.45988765e-01, 2.76196711e-01,
       2.76196711e-01, 2.76196711e-01, 2.76196711e-01, 3.39288967e-01,
       3.71098624e-01, 3.71098624e-01, 3.71098624e-01, 5.02208470e-01,
       1.00000000e+00]), array([0.00000000e+00, 6.07471408e-04, 1.49360061e-03, 3.62351696e-03,
       5.66661181e-03, 5.66661181e-03, 5.66661181e-03, 7.63668892e-03,
       9.79454492e-03, 9.79454492e-03, 9.79454492e-03, 9.79454492e-03,
       1.30471300e-02, 1.30471300e-02, 1.30471300e-02, 1.30471300e-02,
       1.30471300e-02, 1.77046164e-02, 2.29235681e-02, 2.29235681e-02,
       2.29235681e-02, 2.29235681e-02, 2.29235681e-02, 2.29235681e-02,
       2.29235681e-02, 2.29235681e-02, 3.04529952e-02, 3.04529952e-02,
       3.04529952e-02, 3.88500194e-02, 3.88500194e-02, 3.88500194e-02,
       3.88500194e-02, 3.88500194e-02, 3.88500194e-02, 3.88500194e-02,
       3.88500194e-02, 6.01932707e-02, 6.01932707e-02, 6.01932707e-02,
       6.01932707e-02, 6.01932707e-02, 7.22435535e-02, 7.22435535e-02,
       7.22435535e-02, 8.52470067e-02, 8.52470067e-02, 9.88639114e-02,
       9.88639114e-02, 9.88639114e-02, 9.88639114e-02, 9.88639114e-02,
       1.13681991e-01, 1.13681991e-01, 1.13681991e-01, 1.13681991e-01,
       1.13681991e-01, 1.13681991e-01, 1.13681991e-01, 1.30610274e-01,
       1.30610274e-01, 1.30610274e-01, 1.30610274e-01, 1.30610274e-01,
       1.30610274e-01, 1.30610274e-01, 1.30610274e-01, 1.30610274e-01,
       1.30610274e-01, 1.30610274e-01, 1.30610274e-01, 1.30610274e-01,
       1.30610274e-01, 1.30610274e-01, 1.30610274e-01, 1.30610274e-01,
       1.30610274e-01, 1.30610274e-01, 1.53015681e-01, 1.53015681e-01,
       1.53015681e-01, 1.53015681e-01, 1.53015681e-01, 1.53015681e-01,
       1.53015681e-01, 1.77426143e-01, 1.77426143e-01, 1.77426143e-01,
       1.77426143e-01, 2.03097387e-01, 2.28960207e-01, 2.55197189e-01,
       2.55197189e-01, 2.82026505e-01, 2.82026505e-01, 3.09522335e-01,
       3.09522335e-01, 3.37453138e-01, 4.79232591e-01, 5.07773778e-01,
       1.00000000e+00])]",0.0025923837239141,0.0105671679232596,0.0023770527969567,0.0011410014456223,"[{'lambda_reg': 0.008144606078318928, 'K_bin': 1, 'gamma': 0.002499032297811451, 'degree': 3, 'coef0': 2.7932672971514085}, {'lambda_reg': 0.0002254636364235795, 'K_bin': 1, 'gamma': 0.0014692695769557198, 'degree': 4, 'coef0': 2.0283924227326184}, {'lambda_reg': 0.0031416727768187854, 'K_bin': 1, 'gamma': 0.010185419723890126, 'degree': 2, 'coef0': 0.4195784787786172}, {'lambda_reg': 3.779963304992421e-05, 'K_bin': 1, 'gamma': 0.005684786938786426, 'degree': 4, 'coef0': 2.296463855719253}, {'lambda_reg': 7.632700261402739e-05, 'K_bin': 1, 'gamma': 0.0034212615005667166, 'degree': 2, 'coef0': 3.4551310627666525}]",300,1,polynomial,6
"[np.float64(0.11971210409060865), np.float64(0.08919374654488704), np.float64(0.12076005595368584), np.float64(0.10448040936489858), np.float64(0.13505060109402528)]",0.1138393834096211,0.0156671511383044,"[np.float64(0.7047266377186364), np.float64(0.809615228162921), np.float64(0.7281796697249721), np.float64(0.7646197652291836), np.float64(0.7020154547555908)]",0.7418313511182608,0.0406507061916309,"[np.float64(0.8490803195754933), np.float64(0.8933448473282031), np.float64(0.9043314447907858), np.float64(0.9233731720303816), np.float64(0.9029080936394107)]",0.8946075754728551,0.0247597952074206,"[array([0.        , 0.06471729, 0.17199504, 0.25684425, 0.36171169,
       0.38252479, 0.44401168, 0.50487602, 0.50487602, 0.5246941 ,
       0.54439807, 0.56387989, 0.58313495, 0.58313495, 0.58313495,
       0.58313495, 0.58313495, 0.61942488, 0.61942488, 0.63717237,
       0.63717237, 0.6717167 , 0.6717167 , 0.68862635, 0.68862635,
       0.70498277, 0.75382561, 0.76970929, 0.81707846, 0.81707846,
       0.81707846, 0.81707846, 0.83188467, 0.83188467, 0.84639839,
       0.86057426, 0.86057426, 0.88833879, 0.88833879, 0.91493533,
       0.91493533, 0.91493533, 0.91493533, 0.91493533, 0.92713548,
       0.92713548, 0.92713548, 0.93876016, 0.95026212, 0.95026212,
       0.97216359, 0.97216359, 0.97216359, 0.97216359, 0.97216359,
       0.97216359, 0.97216359, 0.98151865, 0.98151865, 0.98151865,
       0.98151865, 0.98151865, 0.98151865, 0.98151865, 0.9895592 ,
       0.9895592 , 0.9895592 , 0.9895592 , 0.9895592 , 0.9895592 ,
       0.9895592 , 0.9895592 , 0.99573284, 0.99573284, 0.99573284,
       0.99573284, 0.99573284, 0.99573284, 0.99573284, 0.99573284,
       0.99573284, 0.99573284, 0.99573284, 0.99573284, 0.99573284,
       0.99573284, 0.99573284, 0.99573284, 0.99573284, 0.99825924,
       0.99825924, 0.99825924, 0.99825924, 0.99825924, 0.99825924,
       0.99825924, 0.99922029, 1.        , 1.        , 1.        ,
       1.        ]), array([0.        , 0.        , 0.29797702, 0.36604594, 0.38855189,
       0.41080135, 0.43283257, 0.45458801, 0.54077251, 0.56206144,
       0.62524882, 0.64598812, 0.64598812, 0.64598812, 0.686221  ,
       0.72601383, 0.72601383, 0.7455019 , 0.76461263, 0.76461263,
       0.76461263, 0.76461263, 0.76461263, 0.76461263, 0.78242258,
       0.78242258, 0.79978063, 0.79978063, 0.81660633, 0.81660633,
       0.81660633, 0.81660633, 0.81660633, 0.81660633, 0.81660633,
       0.84709492, 0.84709492, 0.86181365, 0.86181365, 0.86181365,
       0.86181365, 0.86181365, 0.86181365, 0.86181365, 0.86181365,
       0.87480227, 0.87480227, 0.87480227, 0.87480227, 0.87480227,
       0.87480227, 0.88628015, 0.89759556, 0.9087093 , 0.9087093 ,
       0.9087093 , 0.9087093 , 0.91885166, 0.92878045, 0.92878045,
       0.92878045, 0.92878045, 0.93764268, 0.94647345, 0.95500914,
       0.95500914, 0.96297357, 0.96297357, 0.96297357, 0.96297357,
       0.96297357, 0.96297357, 0.96297357, 0.96938902, 0.96938902,
       0.96938902, 0.96938902, 0.98050042, 0.98050042, 0.98050042,
       0.98530518, 0.98530518, 0.98530518, 0.98530518, 0.98903056,
       0.98903056, 0.99248128, 0.99248128, 0.99543494, 0.99543494,
       0.99791426, 0.99791426, 1.        , 1.        , 1.        ,
       1.        , 1.        , 1.        , 1.        , 1.        ,
       1.        ]), array([0.        , 0.17856219, 0.37815798, 0.44382435, 0.5088667 ,
       0.55171762, 0.55171762, 0.59380412, 0.59380412, 0.59380412,
       0.59380412, 0.59380412, 0.6732207 , 0.69296099, 0.71243404,
       0.71243404, 0.73147559, 0.73147559, 0.73147559, 0.73147559,
       0.73147559, 0.74931301, 0.74931301, 0.76677951, 0.76677951,
       0.78374344, 0.78374344, 0.80036864, 0.80036864, 0.80036864,
       0.80036864, 0.83157911, 0.83157911, 0.83157911, 0.84659945,
       0.84659945, 0.84659945, 0.86092432, 0.86092432, 0.86092432,
       0.87456395, 0.87456395, 0.87456395, 0.88758606, 0.88758606,
       0.91258714, 0.91258714, 0.91258714, 0.91258714, 0.92417459,
       0.93544666, 0.93544666, 0.93544666, 0.94621037, 0.94621037,
       0.94621037, 0.94621037, 0.96563557, 0.96563557, 0.96563557,
       0.96563557, 0.96563557, 0.96563557, 0.96563557, 0.96563557,
       0.96563557, 0.96563557, 0.97315624, 0.97315624, 0.98026906,
       0.98026906, 0.98026906, 0.98026906, 0.98641318, 0.98641318,
       0.98641318, 0.98641318, 0.98641318, 0.98641318, 0.98641318,
       0.98641318, 0.98641318, 0.98641318, 0.98641318, 0.98641318,
       0.98980218, 0.98980218, 0.99278062, 0.99559729, 0.99559729,
       0.99559729, 0.99559729, 0.99559729, 0.99723217, 0.99866547,
       1.        , 1.        , 1.        , 1.        , 1.        ,
       1.        ]), array([0.        , 0.32720924, 0.48968421, 0.51268272, 0.55811871,
       0.58051396, 0.58051396, 0.6245787 , 0.6245787 , 0.6245787 ,
       0.64596726, 0.64596726, 0.64596726, 0.64596726, 0.64596726,
       0.64596726, 0.64596726, 0.68516778, 0.72387345, 0.72387345,
       0.76166635, 0.76166635, 0.76166635, 0.76166635, 0.79759498,
       0.79759498, 0.79759498, 0.79759498, 0.83169252, 0.84856804,
       0.84856804, 0.84856804, 0.86473084, 0.86473084, 0.86473084,
       0.86473084, 0.87996686, 0.87996686, 0.87996686, 0.87996686,
       0.87996686, 0.89407233, 0.89407233, 0.89407233, 0.89407233,
       0.89407233, 0.89407233, 0.89407233, 0.90644121, 0.90644121,
       0.90644121, 0.90644121, 0.90644121, 0.91752376, 0.92848268,
       0.92848268, 0.92848268, 0.93859587, 0.93859587, 0.93859587,
       0.9481832 , 0.9481832 , 0.9481832 , 0.9481832 , 0.9481832 ,
       0.9481832 , 0.9562357 , 0.9562357 , 0.96387833, 0.96387833,
       0.96387833, 0.96387833, 0.97051476, 0.97688784, 0.97688784,
       0.97688784, 0.98273407, 0.98273407, 0.98273407, 0.98273407,
       0.98273407, 0.98273407, 0.98273407, 0.98678735, 0.98678735,
       0.99033987, 0.99033987, 0.99033987, 0.99332621, 0.99595463,
       0.99595463, 0.99595463, 0.99595463, 0.99595463, 0.9990069 ,
       0.9990069 , 0.9990069 , 0.9990069 , 0.99963458, 1.        ,
       1.        ]), array([0.        , 0.12070881, 0.32074377, 0.45935669, 0.53777299,
       0.57639227, 0.59566331, 0.6335098 , 0.68981719, 0.68981719,
       0.70824451, 0.74449143, 0.74449143, 0.76223912, 0.76223912,
       0.77954628, 0.77954628, 0.81333838, 0.81333838, 0.82979346,
       0.84605884, 0.86224195, 0.91004841, 0.92568311, 0.92568311,
       0.92568311, 0.92568311, 0.92568311, 0.92568311, 0.92568311,
       0.92568311, 0.92568311, 0.93959687, 0.93959687, 0.93959687,
       0.93959687, 0.93959687, 0.93959687, 0.93959687, 0.93959687,
       0.93959687, 0.93959687, 0.93959687, 0.93959687, 0.93959687,
       0.93959687, 0.96170757, 0.96170757, 0.96170757, 0.96170757,
       0.97201946, 0.97201946, 0.97201946, 0.97201946, 0.97201946,
       0.97201946, 0.97201946, 0.98080857, 0.98945496, 0.98945496,
       0.98945496, 0.98945496, 0.98945496, 0.98945496, 0.98945496,
       0.98945496, 0.98945496, 0.98945496, 0.98945496, 0.98945496,
       0.98945496, 0.98945496, 0.98945496, 0.98945496, 0.99489276,
       0.99489276, 0.99489276, 0.99489276, 0.99489276, 0.99489276,
       0.99489276, 0.99489276, 0.99489276, 0.99489276, 0.99489276,
       0.99489276, 0.99489276, 0.99489276, 0.99489276, 0.99489276,
       0.9970343 , 0.9970343 , 0.99879552, 0.99879552, 0.99879552,
       0.99879552, 0.99965939, 0.99965939, 0.99965939, 1.        ,
       1.        ])]","[array([0.        , 0.00171419, 0.00648849, 0.01350024, 0.02618251,
       0.02924517, 0.04155795, 0.05591323, 0.05591323, 0.06224048,
       0.06894209, 0.07637252, 0.08454697, 0.08454697, 0.08454697,
       0.08454697, 0.08454697, 0.10818001, 0.10818001, 0.12130064,
       0.12130064, 0.15066081, 0.15066081, 0.16653027, 0.16653027,
       0.18421484, 0.23801135, 0.25724689, 0.31587837, 0.31587837,
       0.31587837, 0.31587837, 0.33864898, 0.33864898, 0.36237923,
       0.38721795, 0.38721795, 0.43882191, 0.43882191, 0.49425792,
       0.49425792, 0.49425792, 0.49425792, 0.49425792, 0.52557876,
       0.52557876, 0.52557876, 0.5587876 , 0.59239911, 0.59239911,
       0.66323914, 0.66323914, 0.66323914, 0.66323914, 0.66323914,
       0.66323914, 0.66323914, 0.70389441, 0.70389441, 0.70389441,
       0.70389441, 0.70389441, 0.70389441, 0.70389441, 0.74886242,
       0.74886242, 0.74886242, 0.74886242, 0.74886242, 0.74886242,
       0.74886242, 0.74886242, 0.79995554, 0.79995554, 0.79995554,
       0.79995554, 0.79995554, 0.79995554, 0.79995554, 0.79995554,
       0.79995554, 0.79995554, 0.79995554, 0.79995554, 0.79995554,
       0.79995554, 0.79995554, 0.79995554, 0.79995554, 0.8630149 ,
       0.8630149 , 0.8630149 , 0.8630149 , 0.8630149 , 0.8630149 ,
       0.8630149 , 0.93120995, 1.        , 1.        , 1.        ,
       1.        ]), array([0.        , 0.        , 0.011278  , 0.01563618, 0.01755291,
       0.02011753, 0.02323342, 0.02704593, 0.04441085, 0.04940175,
       0.06609064, 0.07246989, 0.07246989, 0.07246989, 0.0883751 ,
       0.10539184, 0.10539184, 0.11493168, 0.12542467, 0.12542467,
       0.12542467, 0.12542467, 0.12542467, 0.12542467, 0.13920342,
       0.13920342, 0.15412368, 0.15412368, 0.17038862, 0.17038862,
       0.17038862, 0.17038862, 0.17038862, 0.17038862, 0.17038862,
       0.21090772, 0.21090772, 0.23249485, 0.23249485, 0.23249485,
       0.23249485, 0.23249485, 0.23249485, 0.23249485, 0.23249485,
       0.25845222, 0.25845222, 0.25845222, 0.25845222, 0.25845222,
       0.25845222, 0.28822568, 0.31840953, 0.34910281, 0.34910281,
       0.34910281, 0.34910281, 0.38224977, 0.41593621, 0.41593621,
       0.41593621, 0.41593621, 0.45231675, 0.48877677, 0.52598215,
       0.52598215, 0.56463054, 0.56463054, 0.56463054, 0.56463054,
       0.56463054, 0.56463054, 0.56463054, 0.60719161, 0.60719161,
       0.60719161, 0.60719161, 0.6966572 , 0.6966572 , 0.6966572 ,
       0.74328687, 0.74328687, 0.74328687, 0.74328687, 0.79264302,
       0.79264302, 0.84269296, 0.84269296, 0.89399846, 0.89399846,
       0.94650214, 0.94650214, 1.        , 1.        , 1.        ,
       1.        , 1.        , 1.        , 1.        , 1.        ,
       1.        ]), array([0.        , 0.00346628, 0.01106029, 0.01607693, 0.02288536,
       0.02889054, 0.02889054, 0.03709063, 0.03709063, 0.03709063,
       0.03709063, 0.03709063, 0.06714806, 0.07498934, 0.08359795,
       0.08359795, 0.09344553, 0.09344553, 0.09344553, 0.09344553,
       0.09344553, 0.10675058, 0.10675058, 0.12112066, 0.12112066,
       0.13693378, 0.13693378, 0.15371952, 0.15371952, 0.15371952,
       0.15371952, 0.1931483 , 0.1931483 , 0.1931483 , 0.21454212,
       0.21454212, 0.21454212, 0.23793284, 0.23793284, 0.23793284,
       0.26329114, 0.26329114, 0.26329114, 0.29042253, 0.29042253,
       0.34768055, 0.34768055, 0.34768055, 0.34768055, 0.37893131,
       0.41108766, 0.41108766, 0.41108766, 0.44470367, 0.44470367,
       0.44470367, 0.44470367, 0.5179719 , 0.5179719 , 0.5179719 ,
       0.5179719 , 0.5179719 , 0.5179719 , 0.5179719 , 0.5179719 ,
       0.5179719 , 0.5179719 , 0.56089975, 0.56089975, 0.60499867,
       0.60499867, 0.60499867, 0.60499867, 0.65187906, 0.65187906,
       0.65187906, 0.65187906, 0.65187906, 0.65187906, 0.65187906,
       0.65187906, 0.65187906, 0.65187906, 0.65187906, 0.65187906,
       0.70667032, 0.70667032, 0.76264044, 0.81907504, 0.81907504,
       0.81907504, 0.81907504, 0.81907504, 0.87890297, 0.93930967,
       1.        , 1.        , 1.        , 1.        , 1.        ,
       1.        ]), array([0.        , 0.00498737, 0.01022883, 0.01149379, 0.01538832,
       0.01812065, 0.01812065, 0.02535067, 0.02535067, 0.02535067,
       0.0305317 , 0.0305317 , 0.0305317 , 0.0305317 , 0.0305317 ,
       0.0305317 , 0.0305317 , 0.04959354, 0.06985907, 0.06985907,
       0.09234486, 0.09234486, 0.09234486, 0.09234486, 0.11936531,
       0.11936531, 0.11936531, 0.11936531, 0.15083979, 0.16699842,
       0.16699842, 0.16699842, 0.18489072, 0.18489072, 0.18489072,
       0.18489072, 0.20503731, 0.20503731, 0.20503731, 0.20503731,
       0.20503731, 0.2279339 , 0.2279339 , 0.2279339 , 0.2279339 ,
       0.2279339 , 0.2279339 , 0.2279339 , 0.2550546 , 0.2550546 ,
       0.2550546 , 0.2550546 , 0.2550546 , 0.28530421, 0.31585454,
       0.31585454, 0.31585454, 0.34846203, 0.34846203, 0.34846203,
       0.38234864, 0.38234864, 0.38234864, 0.38234864, 0.38234864,
       0.38234864, 0.4199686 , 0.4199686 , 0.45858554, 0.45858554,
       0.45858554, 0.45858554, 0.49965001, 0.54135504, 0.54135504,
       0.54135504, 0.58434159, 0.58434159, 0.58434159, 0.58434159,
       0.58434159, 0.58434159, 0.58434159, 0.63168935, 0.63168935,
       0.68025517, 0.68025517, 0.68025517, 0.73019818, 0.78101181,
       0.78101181, 0.78101181, 0.78101181, 0.78101181, 0.88800151,
       0.88800151, 0.88800151, 0.88800151, 0.94368181, 1.        ,
       1.        ]), array([0.        , 0.00468039, 0.01775763, 0.03340892, 0.04599372,
       0.05499661, 0.05967571, 0.07223566, 0.09320368, 0.09320368,
       0.1017663 , 0.12168879, 0.12168879, 0.13337967, 0.13337967,
       0.14709825, 0.14709825, 0.17831996, 0.17831996, 0.1959605 ,
       0.21447424, 0.23336668, 0.2934632 , 0.31487985, 0.31487985,
       0.31487985, 0.31487985, 0.31487985, 0.31487985, 0.31487985,
       0.31487985, 0.31487985, 0.34421774, 0.34421774, 0.34421774,
       0.34421774, 0.34421774, 0.34421774, 0.34421774, 0.34421774,
       0.34421774, 0.34421774, 0.34421774, 0.34421774, 0.34421774,
       0.34421774, 0.42920724, 0.42920724, 0.42920724, 0.42920724,
       0.47512401, 0.47512401, 0.47512401, 0.47512401, 0.47512401,
       0.47512401, 0.47512401, 0.52804993, 0.58163277, 0.58163277,
       0.58163277, 0.58163277, 0.58163277, 0.58163277, 0.58163277,
       0.58163277, 0.58163277, 0.58163277, 0.58163277, 0.58163277,
       0.58163277, 0.58163277, 0.58163277, 0.58163277, 0.64998427,
       0.64998427, 0.64998427, 0.64998427, 0.64998427, 0.64998427,
       0.64998427, 0.64998427, 0.64998427, 0.64998427, 0.64998427,
       0.64998427, 0.64998427, 0.64998427, 0.64998427, 0.64998427,
       0.73350798, 0.73350798, 0.81878221, 0.81878221, 0.81878221,
       0.81878221, 0.90818687, 0.90818687, 0.90818687, 1.        ,
       1.        ])]",0.0306954778917497,0.0161799357234997,0.0141462414847125,0.0072032246206398,"[{'lambda_reg': 0.0007712865727732205, 'K_bin': 1, 'gamma': 0.003638732429809765}, {'lambda_reg': 0.11977767842391882, 'K_bin': 1, 'gamma': 0.374815437137061}, {'lambda_reg': 0.004617085624966294, 'K_bin': 1, 'gamma': 0.02744161747607792}, {'lambda_reg': 0.009534514573108993, 'K_bin': 1, 'gamma': 0.06887337255273411}, {'lambda_reg': 0.0004393827332547068, 'K_bin': 1, 'gamma': 0.0020991344177478696}]",300,3,exponential,17
"[np.float64(0.0505792557068062), np.float64(0.06112439154847304), np.float64(0.058919372512071966), np.float64(0.09776996077640092), np.float64(0.09329728060102482)]",0.0723380522289553,0.0193148833991395,"[np.float64(0.7879541383737303), np.float64(0.791155755880074), np.float64(0.787934020761648), np.float64(0.7514785400802578), np.float64(0.798650856239142)]",0.7834346622669704,0.0164499938111621,"[np.float64(0.9678344792828049), np.float64(0.9365838450042577), np.float64(0.9658180667369902), np.float64(0.9741294209754814), np.float64(0.9441905984677823)]",0.9577112820934632,0.0146077503168978,"[array([0.        , 0.57300283, 0.62541026, 0.69799764, 0.70822809,
       0.71837216, 0.738473  , 0.738473  , 0.76798249, 0.8166099 ,
       0.82623524, 0.82623524, 0.82623524, 0.83552993, 0.83552993,
       0.83552993, 0.85344265, 0.87125749, 0.87125749, 0.87125749,
       0.87125749, 0.87970763, 0.89637188, 0.91280875, 0.91280875,
       0.91280875, 0.92067777, 0.92067777, 0.92838278, 0.92838278,
       0.93591104, 0.94327733, 0.94327733, 0.94327733, 0.95741244,
       0.95741244, 0.95741244, 0.95741244, 0.96407454, 0.96407454,
       0.97053403, 0.97053403, 0.97053403, 0.97053403, 0.97053403,
       0.97053403, 0.97053403, 0.97053403, 0.97607154, 0.97607154,
       0.97607154, 0.97607154, 0.97607154, 0.97607154, 0.97607154,
       0.98090859, 0.98090859, 0.98090859, 0.98090859, 0.98090859,
       0.98090859, 0.98090859, 0.98090859, 0.98090859, 0.98090859,
       0.98090859, 0.98090859, 0.98090859, 0.98090859, 0.98090859,
       0.98090859, 0.98090859, 0.98691763, 0.98691763, 0.98691763,
       0.98691763, 0.98953754, 0.98953754, 0.98953754, 0.99184659,
       0.9939885 , 0.9939885 , 0.9939885 , 0.9939885 , 0.9939885 ,
       0.9939885 , 0.99552156, 0.99552156, 0.99552156, 0.99552156,
       0.99771538, 0.99771538, 0.99865093, 0.99865093, 0.99865093,
       0.99865093, 0.99908798, 0.99908798, 0.99960227, 0.99973947,
       1.        ]), array([0.        , 0.43674767, 0.49998291, 0.54170966, 0.59319055,
       0.6237512 , 0.63381105, 0.6537642 , 0.69321284, 0.69321284,
       0.70283802, 0.7219068 , 0.74085754, 0.75955565, 0.7688134 ,
       0.78703357, 0.80512001, 0.814086  , 0.82290415, 0.82290415,
       0.82290415, 0.82290415, 0.82290415, 0.83123234, 0.85584072,
       0.88004444, 0.88004444, 0.88004444, 0.88779416, 0.90308652,
       0.90308652, 0.91051648, 0.91788161, 0.91788161, 0.92494495,
       0.92494495, 0.92494495, 0.93173582, 0.93173582, 0.93173582,
       0.93173582, 0.93173582, 0.93173582, 0.93173582, 0.93173582,
       0.93173582, 0.93760347, 0.93760347, 0.93760347, 0.94314228,
       0.94314228, 0.94314228, 0.94836476, 0.94836476, 0.95333769,
       0.95333769, 0.95333769, 0.95801067, 0.95801067, 0.95801067,
       0.95801067, 0.96224118, 0.96635375, 0.96635375, 0.97020783,
       0.97020783, 0.97020783, 0.97382585, 0.97382585, 0.97714589,
       0.98037792, 0.98037792, 0.98037792, 0.98037792, 0.98325745,
       0.98325745, 0.98325745, 0.98325745, 0.98563835, 0.9879194 ,
       0.9879194 , 0.98999663, 0.98999663, 0.99181878, 0.99181878,
       0.99512318, 0.99512318, 0.99512318, 0.99512318, 0.99630573,
       0.99743846, 0.99840418, 0.99840418, 0.99924793, 0.99924793,
       0.9998792 , 0.9998792 , 0.9998792 , 0.9998792 , 0.99999214,
       1.        ]), array([0.        , 0.50882707, 0.62658445, 0.65825559, 0.66878016,
       0.69989992, 0.73066421, 0.74081963, 0.7608246 , 0.77077263,
       0.7904201 , 0.80008002, 0.80008002, 0.8095658 , 0.81892841,
       0.83748672, 0.84663298, 0.87379669, 0.88275519, 0.89157192,
       0.90027997, 0.90027997, 0.90027997, 0.90027997, 0.9086081 ,
       0.9086081 , 0.92477299, 0.93280211, 0.93280211, 0.93280211,
       0.94049949, 0.94049949, 0.94049949, 0.94049949, 0.94049949,
       0.94049949, 0.94049949, 0.94049949, 0.94049949, 0.94049949,
       0.94049949, 0.94049949, 0.94049949, 0.94673632, 0.94673632,
       0.9527668 , 0.9527668 , 0.9527668 , 0.9527668 , 0.96404526,
       0.96404526, 0.96944645, 0.96944645, 0.96944645, 0.9744576 ,
       0.9744576 , 0.9744576 , 0.97917065, 0.98382166, 0.98382166,
       0.98382166, 0.98807921, 0.98807921, 0.98807921, 0.98807921,
       0.98807921, 0.98807921, 0.99176098, 0.99176098, 0.99176098,
       0.99176098, 0.99176098, 0.99176098, 0.99176098, 0.99176098,
       0.99176098, 0.99176098, 0.99176098, 0.99176098, 0.99412503,
       0.99412503, 0.99412503, 0.99412503, 0.99412503, 0.99412503,
       0.99412503, 0.99574116, 0.99574116, 0.99574116, 0.99574116,
       0.99574116, 0.99574116, 0.99574116, 0.99734523, 0.99734523,
       0.99734523, 0.99826588, 0.9986401 , 0.99938222, 0.99981114,
       1.        ]), array([0.        , 0.60846443, 0.65385261, 0.67620617, 0.67620617,
       0.7310287 , 0.76358953, 0.77432788, 0.79560772, 0.79560772,
       0.8059571 , 0.81627055, 0.81627055, 0.81627055, 0.81627055,
       0.81627055, 0.82602348, 0.8356315 , 0.84514252, 0.85456313,
       0.86377442, 0.86377442, 0.86377442, 0.86377442, 0.86377442,
       0.86377442, 0.87235308, 0.88076535, 0.88914439, 0.89735056,
       0.90551062, 0.90551062, 0.91341793, 0.92116886, 0.92116886,
       0.928658  , 0.93608789, 0.93608789, 0.93608789, 0.94312002,
       0.95003795, 0.95003795, 0.95003795, 0.95003795, 0.95003795,
       0.95647164, 0.96896134, 0.96896134, 0.96896134, 0.9808117 ,
       0.9808117 , 0.9808117 , 0.9808117 , 0.9808117 , 0.9808117 ,
       0.9808117 , 0.9808117 , 0.98577669, 0.99071045, 0.99071045,
       0.99071045, 0.99071045, 0.99071045, 0.99071045, 0.99071045,
       0.99071045, 0.99071045, 0.99071045, 0.99071045, 0.99071045,
       0.99071045, 0.99071045, 0.99071045, 0.99071045, 0.99071045,
       0.99071045, 0.99071045, 0.99071045, 0.99071045, 0.99071045,
       0.99071045, 0.99071045, 0.99071045, 0.99071045, 0.99071045,
       0.99071045, 0.99233079, 0.99233079, 0.99233079, 0.99368066,
       0.99368066, 0.99368066, 0.99570451, 0.99741657, 0.99741657,
       0.99799603, 0.99799603, 0.99874851, 0.99898667, 0.99973481,
       1.        ]), array([0.        , 0.44734376, 0.51196532, 0.57602559, 0.62878634,
       0.66012902, 0.71181279, 0.71181279, 0.72193177, 0.72193177,
       0.73179845, 0.73179845, 0.75107245, 0.77014865, 0.77014865,
       0.77954371, 0.79808498, 0.80723305, 0.82533028, 0.82533028,
       0.82533028, 0.83406971, 0.84262391, 0.84262391, 0.84262391,
       0.84262391, 0.84262391, 0.84262391, 0.84262391, 0.85040668,
       0.85040668, 0.85803036, 0.87306119, 0.87306119, 0.87306119,
       0.87306119, 0.88015807, 0.90087625, 0.91450045, 0.91450045,
       0.91450045, 0.91450045, 0.91450045, 0.933303  , 0.933303  ,
       0.93937186, 0.93937186, 0.93937186, 0.94515445, 0.95073426,
       0.95073426, 0.95073426, 0.95073426, 0.95073426, 0.95073426,
       0.95073426, 0.95556356, 0.96035447, 0.96495387, 0.96495387,
       0.96495387, 0.96495387, 0.96919789, 0.96919789, 0.97718287,
       0.97718287, 0.97718287, 0.97718287, 0.97718287, 0.98406924,
       0.98406924, 0.98406924, 0.9871549 , 0.9871549 , 0.9871549 ,
       0.9871549 , 0.9871549 , 0.98970488, 0.99218819, 0.99218819,
       0.99218819, 0.99432209, 0.99633354, 0.99821296, 0.99821296,
       0.99821296, 0.99821296, 0.99821296, 0.99821296, 0.99821296,
       0.99821296, 0.99821296, 0.99821296, 0.99907288, 0.99907288,
       0.9997212 , 0.9997212 , 0.9997212 , 0.9997212 , 0.99984728,
       1.        ])]","[array([0.        , 0.00399021, 0.00671076, 0.01335873, 0.0148131 ,
       0.01658069, 0.02079499, 0.02079499, 0.02944353, 0.04587044,
       0.04951893, 0.04951893, 0.04951893, 0.05436638, 0.05436638,
       0.05436638, 0.06651485, 0.07901824, 0.07901824, 0.07901824,
       0.07901824, 0.08692802, 0.10360344, 0.12110334, 0.12110334,
       0.12110334, 0.13112029, 0.13112029, 0.14173194, 0.14173194,
       0.15298449, 0.16482431, 0.16482431, 0.16482431, 0.19067044,
       0.19067044, 0.19067044, 0.19067044, 0.20506369, 0.20506369,
       0.22019161, 0.22019161, 0.22019161, 0.22019161, 0.22019161,
       0.22019161, 0.22019161, 0.22019161, 0.23866264, 0.23866264,
       0.23866264, 0.23866264, 0.23866264, 0.23866264, 0.23866264,
       0.25967352, 0.25967352, 0.25967352, 0.25967352, 0.25967352,
       0.25967352, 0.25967352, 0.25967352, 0.25967352, 0.25967352,
       0.25967352, 0.25967352, 0.25967352, 0.25967352, 0.25967352,
       0.25967352, 0.25967352, 0.31498488, 0.31498488, 0.31498488,
       0.31498488, 0.34403514, 0.34403514, 0.34403514, 0.37421263,
       0.40499614, 0.40499614, 0.40499614, 0.40499614, 0.40499614,
       0.40499614, 0.43798732, 0.43798732, 0.43798732, 0.43798732,
       0.50713274, 0.50713274, 0.54229051, 0.54229051, 0.54229051,
       0.54229051, 0.57925588, 0.57925588, 0.65449123, 0.69254386,
       1.        ]), array([0.        , 0.00389743, 0.00688007, 0.01039631, 0.01719857,
       0.0224447 , 0.0246447 , 0.02963635, 0.04124543, 0.04124543,
       0.04498956, 0.05312289, 0.06167552, 0.07112561, 0.07617502,
       0.08732295, 0.09894598, 0.10503184, 0.11164289, 0.11164289,
       0.11164289, 0.11164289, 0.11164289, 0.1199945 , 0.14638571,
       0.17421445, 0.17421445, 0.17421445, 0.18462101, 0.20616983,
       0.20616983, 0.21771234, 0.22948516, 0.22948516, 0.24233003,
       0.24233003, 0.24233003, 0.2561429 , 0.2561429 , 0.2561429 ,
       0.2561429 , 0.2561429 , 0.2561429 , 0.2561429 , 0.2561429 ,
       0.2561429 , 0.27323542, 0.27323542, 0.27323542, 0.29149611,
       0.29149611, 0.29149611, 0.31088054, 0.31088054, 0.3311515 ,
       0.3311515 , 0.3311515 , 0.35248802, 0.35248802, 0.35248802,
       0.35248802, 0.37539636, 0.39872369, 0.39872369, 0.42296927,
       0.42296927, 0.42296927, 0.44805348, 0.44805348, 0.4741962 ,
       0.50065159, 0.50065159, 0.50065159, 0.50065159, 0.52835924,
       0.52835924, 0.52835924, 0.52835924, 0.55783822, 0.58767188,
       0.58767188, 0.61822964, 0.61822964, 0.64969355, 0.64969355,
       0.71382882, 0.71382882, 0.71382882, 0.71382882, 0.74756484,
       0.78147786, 0.81598418, 0.81598418, 0.85092378, 0.85092378,
       0.88661821, 0.88661821, 0.88661821, 0.88661821, 0.92415399,
       1.        ]), array([0.        , 0.00379646, 0.00908744, 0.012002  , 0.01308105,
       0.01782102, 0.02373781, 0.02603896, 0.03165387, 0.03464163,
       0.04144007, 0.04538162, 0.04538162, 0.04989968, 0.05482547,
       0.06522969, 0.07087175, 0.0887086 , 0.09497227, 0.10170526,
       0.10879805, 0.10879805, 0.10879805, 0.10879805, 0.11714861,
       0.11714861, 0.13547646, 0.14481692, 0.14481692, 0.14481692,
       0.15525563, 0.15525563, 0.15525563, 0.15525563, 0.15525563,
       0.15525563, 0.15525563, 0.15525563, 0.15525563, 0.15525563,
       0.15525563, 0.15525563, 0.15525563, 0.17052963, 0.17052963,
       0.18648677, 0.18648677, 0.18648677, 0.18648677, 0.22099159,
       0.22099159, 0.23903207, 0.23903207, 0.23903207, 0.25836379,
       0.25836379, 0.25836379, 0.27868238, 0.29920639, 0.29920639,
       0.29920639, 0.32103298, 0.32103298, 0.32103298, 0.32103298,
       0.32103298, 0.32103298, 0.34476575, 0.34476575, 0.34476575,
       0.34476575, 0.34476575, 0.34476575, 0.34476575, 0.34476575,
       0.34476575, 0.34476575, 0.34476575, 0.34476575, 0.37286092,
       0.37286092, 0.37286092, 0.37286092, 0.37286092, 0.37286092,
       0.37286092, 0.40343219, 0.40343219, 0.40343219, 0.40343219,
       0.40343219, 0.40343219, 0.40343219, 0.46996495, 0.46996495,
       0.46996495, 0.53876025, 0.57344296, 0.67875087, 0.78509568,
       1.        ]), array([0.        , 0.00176171, 0.00330214, 0.00497043, 0.00497043,
       0.01194041, 0.01699983, 0.01899028, 0.02349036, 0.02349036,
       0.02650666, 0.02961772, 0.02961772, 0.02961772, 0.02961772,
       0.02961772, 0.03420709, 0.0391786 , 0.04440596, 0.04987178,
       0.0558896 , 0.0558896 , 0.0558896 , 0.0558896 , 0.0558896 ,
       0.0558896 , 0.06357595, 0.07170107, 0.07991387, 0.08858257,
       0.09737291, 0.09737291, 0.10682982, 0.11669915, 0.11669915,
       0.1272589 , 0.13797496, 0.13797496, 0.13797496, 0.14974001,
       0.16180628, 0.16180628, 0.16180628, 0.16180628, 0.16180628,
       0.17514964, 0.20283245, 0.20283245, 0.20283245, 0.23220144,
       0.23220144, 0.23220144, 0.23220144, 0.23220144, 0.23220144,
       0.23220144, 0.23220144, 0.24941828, 0.26671749, 0.26671749,
       0.26671749, 0.26671749, 0.26671749, 0.26671749, 0.26671749,
       0.26671749, 0.26671749, 0.26671749, 0.26671749, 0.26671749,
       0.26671749, 0.26671749, 0.26671749, 0.26671749, 0.26671749,
       0.26671749, 0.26671749, 0.26671749, 0.26671749, 0.26671749,
       0.26671749, 0.26671749, 0.26671749, 0.26671749, 0.26671749,
       0.26671749, 0.29275537, 0.29275537, 0.29275537, 0.31950659,
       0.31950659, 0.31950659, 0.37479157, 0.43089883, 0.43089883,
       0.45968189, 0.45968189, 0.51831993, 0.5480031 , 0.66727516,
       1.        ]), array([0.        , 0.00316175, 0.00632597, 0.01128808, 0.0174182 ,
       0.0221013 , 0.03168118, 0.03168118, 0.03429473, 0.03429473,
       0.03771646, 0.03771646, 0.04603132, 0.05497975, 0.05497975,
       0.05991218, 0.07057411, 0.07629768, 0.08838195, 0.08838195,
       0.08838195, 0.09541449, 0.10304032, 0.10304032, 0.10304032,
       0.10304032, 0.10304032, 0.10304032, 0.10304032, 0.11313723,
       0.11313723, 0.12374373, 0.14565032, 0.14565032, 0.14565032,
       0.14565032, 0.15794425, 0.19665978, 0.22307207, 0.22307207,
       0.22307207, 0.22307207, 0.22307207, 0.26792376, 0.26792376,
       0.28351065, 0.28351065, 0.28351065, 0.30001452, 0.31716796,
       0.31716796, 0.31716796, 0.31716796, 0.31716796, 0.31716796,
       0.31716796, 0.33672539, 0.35640582, 0.3766997 , 0.3766997 ,
       0.3766997 , 0.3766997 , 0.39813193, 0.39813193, 0.44260777,
       0.44260777, 0.44260777, 0.44260777, 0.44260777, 0.4906027 ,
       0.4906027 , 0.4906027 , 0.51574535, 0.51574535, 0.51574535,
       0.51574535, 0.51574535, 0.54260395, 0.56967607, 0.56967607,
       0.56967607, 0.59786744, 0.62645104, 0.65545753, 0.65545753,
       0.65545753, 0.65545753, 0.65545753, 0.65545753, 0.65545753,
       0.65545753, 0.65545753, 0.65545753, 0.68772972, 0.68772972,
       0.72067969, 0.72067969, 0.72067969, 0.72067969, 0.75530249,
       1.        ])]",0.0262525757908472,0.0052984180462378,0.0089599219725521,0.0030994512904287,"[{'lambda_reg': 6.082129064788089e-05, 'K_bin': 1, 'gamma': 0.04162268950755187}, {'lambda_reg': 0.00225227879701403, 'K_bin': 1, 'gamma': 0.048026418675020256}, {'lambda_reg': 0.0005093020553636274, 'K_bin': 1, 'gamma': 0.06018811180159479}, {'lambda_reg': 0.00017345853299046196, 'K_bin': 1, 'gamma': 0.029704409538746687}, {'lambda_reg': 0.00015242421970405352, 'K_bin': 1, 'gamma': 0.029998132401732585}]",600,3,rbf,36
"[np.float64(0.123891797723115), np.float64(0.09705485882599578), np.float64(0.09814449594639497), np.float64(0.10645496947269312), np.float64(0.14800990274341513)]",0.1147112049423228,0.0192221455010644,"[np.float64(0.719431071353999), np.float64(0.803086054444849), np.float64(0.7405753837951047), np.float64(0.7615549367778105), np.float64(0.730007202555312)]",0.7509309297854151,0.0295645305322848,"[np.float64(0.8739183957293626), np.float64(0.9311860070927567), np.float64(0.9226155587003037), np.float64(0.9453607122229175), np.float64(0.9346520498453641)]",0.9215465447181408,0.0249053064243272,"[array([0.        , 0.15247645, 0.26005902, 0.28130477, 0.30242728,
       0.36509618, 0.46861068, 0.46861068, 0.5092462 , 0.5092462 ,
       0.5092462 , 0.60731019, 0.62668989, 0.62668989, 0.62668989,
       0.62668989, 0.64509007, 0.64509007, 0.6631989 , 0.68113088,
       0.71627872, 0.71627872, 0.73354994, 0.73354994, 0.75027374,
       0.78322799, 0.78322799, 0.81546097, 0.83133319, 0.83133319,
       0.84677713, 0.86199355, 0.87692311, 0.87692311, 0.87692311,
       0.89128547, 0.90543753, 0.90543753, 0.90543753, 0.90543753,
       0.91856801, 0.91856801, 0.93126183, 0.94392942, 0.94392942,
       0.94392942, 0.94392942, 0.94392942, 0.94392942, 0.95524054,
       0.95524054, 0.96598654, 0.96598654, 0.96598654, 0.96598654,
       0.96598654, 0.96598654, 0.96598654, 0.96598654, 0.96598654,
       0.98386435, 0.98386435, 0.99221927, 0.99221927, 0.99221927,
       0.99221927, 0.99221927, 0.99221927, 0.99221927, 0.99221927,
       0.99221927, 0.99221927, 0.99221927, 0.99221927, 0.99221927,
       0.99221927, 0.99747816, 0.99747816, 0.99747816, 0.99747816,
       0.99747816, 0.99747816, 0.99747816, 0.99747816, 0.99747816,
       0.99747816, 0.99747816, 0.99747816, 0.99747816, 0.99747816,
       0.99970186, 0.99970186, 0.99970186, 0.99970186, 0.99970186,
       0.99970186, 0.99970186, 0.99970186, 0.99970186, 0.99970186,
       1.        ]), array([0.        , 0.22951128, 0.3431653 , 0.4332095 , 0.47768126,
       0.56596246, 0.58775635, 0.60930486, 0.63058036, 0.65169499,
       0.65169499, 0.65169499, 0.75353248, 0.75353248, 0.7735403 ,
       0.79323787, 0.79323787, 0.81241042, 0.81241042, 0.81241042,
       0.81241042, 0.81241042, 0.81241042, 0.81241042, 0.83000464,
       0.83000464, 0.83000464, 0.83000464, 0.83000464, 0.83000464,
       0.84637393, 0.84637393, 0.84637393, 0.87737642, 0.87737642,
       0.87737642, 0.87737642, 0.87737642, 0.89182997, 0.89182997,
       0.89182997, 0.90557969, 0.90557969, 0.90557969, 0.90557969,
       0.91846313, 0.91846313, 0.93079071, 0.93079071, 0.93079071,
       0.93079071, 0.93079071, 0.93079071, 0.93079071, 0.94140612,
       0.95197681, 0.95197681, 0.95197681, 0.96178792, 0.96178792,
       0.97111951, 0.98012182, 0.98012182, 0.98012182, 0.98012182,
       0.98012182, 0.98012182, 0.98012182, 0.98012182, 0.98012182,
       0.98012182, 0.98012182, 0.98012182, 0.98012182, 0.98012182,
       0.98595877, 0.98595877, 0.98595877, 0.98595877, 0.98595877,
       0.99550246, 0.99550246, 0.99550246, 0.99550246, 0.99550246,
       0.99550246, 0.99550246, 0.99855034, 0.99855034, 0.99855034,
       0.99855034, 0.99855034, 0.99855034, 0.99855034, 0.99855034,
       0.99855034, 0.99855034, 0.99934477, 0.99934477, 0.9999246 ,
       1.        ]), array([0.        , 0.37804387, 0.42203964, 0.50890976, 0.53045462,
       0.55176033, 0.55176033, 0.57261606, 0.57261606, 0.61357846,
       0.63377894, 0.67384613, 0.67384613, 0.71307685, 0.73238719,
       0.73238719, 0.73238719, 0.75114267, 0.75114267, 0.75114267,
       0.75114267, 0.76881602, 0.76881602, 0.76881602, 0.78595113,
       0.78595113, 0.78595113, 0.80234292, 0.83479976, 0.86659981,
       0.86659981, 0.86659981, 0.86659981, 0.86659981, 0.88156028,
       0.89624079, 0.89624079, 0.89624079, 0.89624079, 0.89624079,
       0.90979615, 0.92312788, 0.93630152, 0.93630152, 0.93630152,
       0.93630152, 0.93630152, 0.93630152, 0.94811364, 0.94811364,
       0.94811364, 0.94811364, 0.94811364, 0.95877435, 0.95877435,
       0.95877435, 0.95877435, 0.95877435, 0.96825493, 0.96825493,
       0.96825493, 0.96825493, 0.97692355, 0.97692355, 0.98514144,
       0.98514144, 0.98514144, 0.98514144, 0.98514144, 0.98514144,
       0.98514144, 0.98514144, 0.98514144, 0.98514144, 0.99111867,
       0.99111867, 0.99111867, 0.99111867, 0.99111867, 0.99111867,
       0.99111867, 0.99111867, 0.99111867, 0.99111867, 0.99111867,
       0.99468536, 0.99468536, 0.99468536, 0.99468536, 0.99468536,
       0.99468536, 0.99468536, 0.99468536, 0.99806354, 0.99953312,
       0.99953312, 0.99953312, 0.99953312, 0.99953312, 0.99982327,
       1.        ]), array([0.        , 0.34434446, 0.45789619, 0.57031606, 0.57031606,
       0.59235709, 0.59235709, 0.59235709, 0.61367602, 0.63462374,
       0.67638506, 0.69692536, 0.69692536, 0.71712991, 0.75707056,
       0.79628832, 0.79628832, 0.81555159, 0.83449917, 0.83449917,
       0.8530596 , 0.8530596 , 0.8530596 , 0.8530596 , 0.8530596 ,
       0.87035427, 0.87035427, 0.88736478, 0.88736478, 0.88736478,
       0.88736478, 0.88736478, 0.88736478, 0.88736478, 0.90269974,
       0.91783102, 0.91783102, 0.91783102, 0.91783102, 0.91783102,
       0.91783102, 0.91783102, 0.91783102, 0.91783102, 0.91783102,
       0.91783102, 0.91783102, 0.93008826, 0.93008826, 0.93008826,
       0.93008826, 0.93008826, 0.93008826, 0.93008826, 0.94086819,
       0.97220068, 0.97220068, 0.97220068, 0.97220068, 0.97220068,
       0.97220068, 0.97220068, 0.97220068, 0.97220068, 0.97220068,
       0.97220068, 0.97220068, 0.97220068, 0.97220068, 0.97944146,
       0.97944146, 0.97944146, 0.97944146, 0.98566957, 0.98566957,
       0.98566957, 0.99141918, 0.99141918, 0.99141918, 0.99141918,
       0.99141918, 0.99141918, 0.99141918, 0.99141918, 0.99141918,
       0.99141918, 0.99141918, 0.99141918, 0.99141918, 0.99141918,
       0.99141918, 0.99141918, 0.99332571, 0.99844054, 0.99844054,
       0.99844054, 0.99844054, 0.99929759, 0.99979026, 0.99979026,
       1.        ]), array([0.        , 0.44016632, 0.47982804, 0.57759584, 0.57759584,
       0.61613639, 0.63501946, 0.67256964, 0.69112024, 0.72783604,
       0.74593011, 0.74593011, 0.78155346, 0.78155346, 0.7989539 ,
       0.85036237, 0.86738949, 0.88406135, 0.88406135, 0.88406135,
       0.9001753 , 0.9001753 , 0.91599206, 0.91599206, 0.93130145,
       0.93130145, 0.93130145, 0.93130145, 0.93130145, 0.94564269,
       0.94564269, 0.95956188, 0.95956188, 0.95956188, 0.95956188,
       0.95956188, 0.95956188, 0.95956188, 0.95956188, 0.95956188,
       0.95956188, 0.95956188, 0.98300395, 0.98300395, 0.98300395,
       0.98300395, 0.98300395, 0.98300395, 0.98300395, 0.98300395,
       0.98300395, 0.98300395, 0.9927497 , 0.9927497 , 0.9927497 ,
       0.9927497 , 0.9927497 , 0.9927497 , 0.9927497 , 0.9927497 ,
       0.9927497 , 0.9927497 , 0.9927497 , 0.9927497 , 0.9927497 ,
       0.9927497 , 0.9927497 , 0.9927497 , 0.9927497 , 0.9927497 ,
       0.9927497 , 0.9927497 , 0.9927497 , 0.9927497 , 0.9927497 ,
       0.9927497 , 0.9927497 , 0.9927497 , 0.9927497 , 0.9927497 ,
       0.9927497 , 0.9927497 , 0.9927497 , 0.9927497 , 0.99602244,
       0.99602244, 0.99602244, 0.99602244, 0.99852078, 0.99852078,
       0.99852078, 0.99852078, 0.99852078, 0.99852078, 0.99852078,
       0.99852078, 0.99938763, 0.99938763, 0.99982063, 0.99982063,
       1.        ])]","[array([0.        , 0.00209355, 0.00784166, 0.00985761, 0.01226784,
       0.02173379, 0.04049766, 0.04049766, 0.05046768, 0.05046768,
       0.05046768, 0.08667041, 0.09465675, 0.09465675, 0.09465675,
       0.09465675, 0.10577707, 0.10577707, 0.11782953, 0.13044786,
       0.15797568, 0.15797568, 0.17270808, 0.17270808, 0.18919195,
       0.22373815, 0.22373815, 0.26059207, 0.27980055, 0.27980055,
       0.30037933, 0.32168605, 0.34391056, 0.34391056, 0.34391056,
       0.36794986, 0.39266197, 0.39266197, 0.39266197, 0.39266197,
       0.42064263, 0.42064263, 0.45002039, 0.47948208, 0.47948208,
       0.47948208, 0.47948208, 0.47948208, 0.47948208, 0.51328377,
       0.51328377, 0.54889355, 0.54889355, 0.54889355, 0.54889355,
       0.54889355, 0.54889355, 0.54889355, 0.54889355, 0.54889355,
       0.63167673, 0.63167673, 0.67493675, 0.67493675, 0.67493675,
       0.67493675, 0.67493675, 0.67493675, 0.67493675, 0.67493675,
       0.67493675, 0.67493675, 0.67493675, 0.67493675, 0.67493675,
       0.67493675, 0.7281025 , 0.7281025 , 0.7281025 , 0.7281025 ,
       0.7281025 , 0.7281025 , 0.7281025 , 0.7281025 , 0.7281025 ,
       0.7281025 , 0.7281025 , 0.7281025 , 0.7281025 , 0.7281025 ,
       0.79097932, 0.79097932, 0.79097932, 0.79097932, 0.79097932,
       0.79097932, 0.79097932, 0.79097932, 0.79097932, 0.79097932,
       1.        ]), array([0.        , 0.00287687, 0.00718641, 0.01292502, 0.01722863,
       0.02756207, 0.03086582, 0.03480912, 0.03946391, 0.04453802,
       0.04453802, 0.04453802, 0.07964458, 0.07964458, 0.08760333,
       0.09637065, 0.09637065, 0.10650632, 0.10650632, 0.10650632,
       0.10650632, 0.10650632, 0.10650632, 0.10650632, 0.12075552,
       0.12075552, 0.12075552, 0.12075552, 0.12075552, 0.12075552,
       0.13819723, 0.13819723, 0.13819723, 0.17760536, 0.17760536,
       0.17760536, 0.17760536, 0.17760536, 0.20004   , 0.20004   ,
       0.20004   , 0.22430901, 0.22430901, 0.22430901, 0.22430901,
       0.25083578, 0.25083578, 0.27881125, 0.27881125, 0.27881125,
       0.27881125, 0.27881125, 0.27881125, 0.27881125, 0.31124911,
       0.34380352, 0.34380352, 0.34380352, 0.3783376 , 0.3783376 ,
       0.41412142, 0.45076344, 0.45076344, 0.45076344, 0.45076344,
       0.45076344, 0.45076344, 0.45076344, 0.45076344, 0.45076344,
       0.45076344, 0.45076344, 0.45076344, 0.45076344, 0.45076344,
       0.49565525, 0.49565525, 0.49565525, 0.49565525, 0.49565525,
       0.59099071, 0.59099071, 0.59099071, 0.59099071, 0.59099071,
       0.59099071, 0.59099071, 0.64315158, 0.64315158, 0.64315158,
       0.64315158, 0.64315158, 0.64315158, 0.64315158, 0.64315158,
       0.64315158, 0.64315158, 0.70118552, 0.70118552, 0.81988319,
       1.        ]), array([0.        , 0.00480189, 0.00677837, 0.01402929, 0.01634981,
       0.01937366, 0.01937366, 0.02372085, 0.02372085, 0.03461806,
       0.04089226, 0.05442218, 0.05442218, 0.07041207, 0.07930403,
       0.07930403, 0.07930403, 0.08982777, 0.08982777, 0.08982777,
       0.08982777, 0.10353389, 0.10353389, 0.10353389, 0.11882295,
       0.11882295, 0.11882295, 0.136298  , 0.17220897, 0.2100515 ,
       0.2100515 , 0.2100515 , 0.2100515 , 0.2100515 , 0.23173585,
       0.25424356, 0.25424356, 0.25424356, 0.25424356, 0.25424356,
       0.28006019, 0.30653445, 0.33347368, 0.33347368, 0.33347368,
       0.33347368, 0.33347368, 0.33347368, 0.36441694, 0.36441694,
       0.36441694, 0.36441694, 0.36441694, 0.39874634, 0.39874634,
       0.39874634, 0.39874634, 0.39874634, 0.43654636, 0.43654636,
       0.43654636, 0.43654636, 0.47673425, 0.47673425, 0.51824767,
       0.51824767, 0.51824767, 0.51824767, 0.51824767, 0.51824767,
       0.51824767, 0.51824767, 0.51824767, 0.51824767, 0.56635058,
       0.56635058, 0.56635058, 0.56635058, 0.56635058, 0.56635058,
       0.56635058, 0.56635058, 0.56635058, 0.56635058, 0.56635058,
       0.62154259, 0.62154259, 0.62154259, 0.62154259, 0.62154259,
       0.62154259, 0.62154259, 0.62154259, 0.74297017, 0.80432949,
       0.80432949, 0.80432949, 0.80432949, 0.80432949, 0.86915738,
       1.        ]), array([0.        , 0.00246885, 0.0065183 , 0.01353741, 0.01353741,
       0.01610337, 0.01610337, 0.01610337, 0.02056393, 0.02599841,
       0.03721926, 0.04372269, 0.04372269, 0.05110703, 0.06710478,
       0.08499918, 0.08499918, 0.09485315, 0.1055354 , 0.1055354 ,
       0.11723339, 0.11723339, 0.11723339, 0.11723339, 0.11723339,
       0.13225237, 0.13225237, 0.14801688, 0.14801688, 0.14801688,
       0.14801688, 0.14801688, 0.14801688, 0.14801688, 0.16817756,
       0.18887262, 0.18887262, 0.18887262, 0.18887262, 0.18887262,
       0.18887262, 0.18887262, 0.18887262, 0.18887262, 0.18887262,
       0.18887262, 0.18887262, 0.21710826, 0.21710826, 0.21710826,
       0.21710826, 0.21710826, 0.21710826, 0.21710826, 0.24921993,
       0.34819781, 0.34819781, 0.34819781, 0.34819781, 0.34819781,
       0.34819781, 0.34819781, 0.34819781, 0.34819781, 0.34819781,
       0.34819781, 0.34819781, 0.34819781, 0.34819781, 0.38959512,
       0.38959512, 0.38959512, 0.38959512, 0.43364939, 0.43364939,
       0.43364939, 0.47895909, 0.47895909, 0.47895909, 0.47895909,
       0.47895909, 0.47895909, 0.47895909, 0.47895909, 0.47895909,
       0.47895909, 0.47895909, 0.47895909, 0.47895909, 0.47895909,
       0.47895909, 0.47895909, 0.53435188, 0.70211691, 0.70211691,
       0.70211691, 0.70211691, 0.76026319, 0.8193655 , 0.8193655 ,
       1.        ]), array([0.        , 0.00764289, 0.01006395, 0.02288927, 0.02288927,
       0.03078689, 0.03662712, 0.04936241, 0.0568266 , 0.07363763,
       0.08333184, 0.08333184, 0.10547913, 0.10547913, 0.11856152,
       0.16168158, 0.17658754, 0.19322885, 0.19322885, 0.19322885,
       0.21259537, 0.21259537, 0.23341357, 0.23341357, 0.2567101 ,
       0.2567101 , 0.2567101 , 0.2567101 , 0.2567101 , 0.28473581,
       0.28473581, 0.31482307, 0.31482307, 0.31482307, 0.31482307,
       0.31482307, 0.31482307, 0.31482307, 0.31482307, 0.31482307,
       0.31482307, 0.31482307, 0.39647225, 0.39647225, 0.39647225,
       0.39647225, 0.39647225, 0.39647225, 0.39647225, 0.39647225,
       0.39647225, 0.39647225, 0.44694555, 0.44694555, 0.44694555,
       0.44694555, 0.44694555, 0.44694555, 0.44694555, 0.44694555,
       0.44694555, 0.44694555, 0.44694555, 0.44694555, 0.44694555,
       0.44694555, 0.44694555, 0.44694555, 0.44694555, 0.44694555,
       0.44694555, 0.44694555, 0.44694555, 0.44694555, 0.44694555,
       0.44694555, 0.44694555, 0.44694555, 0.44694555, 0.44694555,
       0.44694555, 0.44694555, 0.44694555, 0.44694555, 0.5290375 ,
       0.5290375 , 0.5290375 , 0.5290375 , 0.61491222, 0.61491222,
       0.61491222, 0.61491222, 0.61491222, 0.61491222, 0.61491222,
       0.61491222, 0.70875623, 0.70875623, 0.80471951, 0.80471951,
       1.        ])]",0.0246414622281574,0.0215562437574557,0.0060386374723373,0.0026477011935134,"[{'lambda_reg': 0.0001706586214973012, 'K_bin': 1, 'gamma': 0.07051307402336982, 'coef0': -1.526178136888623}, {'lambda_reg': 9.390434096206021e-05, 'K_bin': 1, 'gamma': 0.01621930279978376, 'coef0': -0.49879528795103667}, {'lambda_reg': 1.148361643110778e-05, 'K_bin': 1, 'gamma': 0.01797850320109431, 'coef0': 1.9458655127887372}, {'lambda_reg': 2.1246299237674735e-05, 'K_bin': 1, 'gamma': 0.07332719457635735, 'coef0': 2.843817667388074}, {'lambda_reg': 5.5092642293474314e-05, 'K_bin': 1, 'gamma': 0.04118610971474601, 'coef0': -1.072485723023604}]",300,3,sigmoid,19
"[np.float64(0.13765957154722946), np.float64(0.09076690258560628), np.float64(0.1286491670704416), np.float64(0.10507444522003778), np.float64(0.21766635849574942)]",0.1359632889838129,0.0441103147440365,"[np.float64(0.8248330818172491), np.float64(0.8352038625110253), np.float64(0.8338909953110137), np.float64(0.8331283954194052), np.float64(0.8149459198792516)]",0.8284004509875891,0.0076490061317503,"[np.float64(0.8785080707140644), np.float64(0.9304126511058048), np.float64(0.9155354267295382), np.float64(0.8774467757126097), np.float64(0.9502893057622104)]",0.9104384460048454,0.0287090169814501,"[array([0.        , 0.        , 0.        , 0.03655357, 0.07256455,
       0.14364524, 0.24928172, 0.28406993, 0.31852116, 0.31852116,
       0.31852116, 0.38545577, 0.38545577, 0.38545577, 0.4176424 ,
       0.4176424 , 0.44918492, 0.48041411, 0.48041411, 0.48041411,
       0.48041411, 0.48041411, 0.48041411, 0.48041411, 0.48041411,
       0.48041411, 0.48041411, 0.48041411, 0.48041411, 0.48041411,
       0.48041411, 0.5584694 , 0.5584694 , 0.5584694 , 0.5584694 ,
       0.5584694 , 0.58239114, 0.58239114, 0.60577216, 0.60577216,
       0.62835121, 0.62835121, 0.65030258, 0.69302783, 0.71412412,
       0.7348415 , 0.75508883, 0.75508883, 0.75508883, 0.75508883,
       0.75508883, 0.75508883, 0.77325246, 0.77325246, 0.77325246,
       0.77325246, 0.78994938, 0.80613688, 0.83786645, 0.83786645,
       0.83786645, 0.83786645, 0.83786645, 0.86577177, 0.86577177,
       0.86577177, 0.89152515, 0.89152515, 0.89152515, 0.89152515,
       0.9029776 , 0.9029776 , 0.913584  , 0.913584  , 0.913584  ,
       0.913584  , 0.92261337, 0.93143865, 0.93143865, 0.93143865,
       0.93915886, 0.93915886, 0.93915886, 0.94577768, 0.95187898,
       0.95748194, 0.95748194, 0.95748194, 0.95748194, 0.96584974,
       0.97370158, 0.98077826, 0.98407644, 0.98407644, 0.99127301,
       0.99337018, 0.9965589 , 0.99768915, 0.99935174, 1.        ,
       1.        ]), array([0.        , 0.21983044, 0.263381  , 0.30645807, 0.30645807,
       0.34864043, 0.34864043, 0.38985988, 0.47126384, 0.47126384,
       0.47126384, 0.47126384, 0.47126384, 0.47126384, 0.50944344,
       0.50944344, 0.54676707, 0.54676707, 0.54676707, 0.54676707,
       0.54676707, 0.54676707, 0.54676707, 0.54676707, 0.54676707,
       0.54676707, 0.54676707, 0.57903162, 0.57903162, 0.57903162,
       0.57903162, 0.57903162, 0.57903162, 0.57903162, 0.6082021 ,
       0.6082021 , 0.63650914, 0.63650914, 0.63650914, 0.63650914,
       0.63650914, 0.66288041, 0.66288041, 0.7133818 , 0.7133818 ,
       0.7133818 , 0.7133818 , 0.7133818 , 0.7133818 , 0.7133818 ,
       0.73556923, 0.75745615, 0.77872906, 0.79942595, 0.79942595,
       0.79942595, 0.79942595, 0.81840883, 0.83694313, 0.83694313,
       0.85484541, 0.85484541, 0.85484541, 0.87116768, 0.87116768,
       0.87116768, 0.8862446 , 0.90088122, 0.90088122, 0.90088122,
       0.91430816, 0.91430816, 0.91430816, 0.91430816, 0.91430816,
       0.91430816, 0.92529111, 0.93577024, 0.93577024, 0.94511377,
       0.9543525 , 0.96273075, 0.96273075, 0.96273075, 0.96985161,
       0.96985161, 0.96985161, 0.97585223, 0.98153524, 0.98153524,
       0.98153524, 0.98153524, 0.98153524, 0.9878364 , 0.9878364 ,
       0.99033724, 0.9941415 , 0.9941415 , 0.99832489, 0.99832489,
       1.        ]), array([0.        , 0.27877638, 0.31828416, 0.31828416, 0.31828416,
       0.31828416, 0.31828416, 0.35557118, 0.35557118, 0.35557118,
       0.35557118, 0.35557118, 0.35557118, 0.39041791, 0.39041791,
       0.39041791, 0.42410375, 0.42410375, 0.45700037, 0.48941231,
       0.48941231, 0.48941231, 0.48941231, 0.48941231, 0.48941231,
       0.51960081, 0.51960081, 0.51960081, 0.51960081, 0.51960081,
       0.54793358, 0.57587926, 0.57587926, 0.57587926, 0.57587926,
       0.60213377, 0.60213377, 0.60213377, 0.60213377, 0.62679147,
       0.65109468, 0.65109468, 0.65109468, 0.69692503, 0.69692503,
       0.69692503, 0.71883456, 0.78265243, 0.80348619, 0.82393835,
       0.82393835, 0.82393835, 0.8432633 , 0.8432633 , 0.8432633 ,
       0.8432633 , 0.86101328, 0.86101328, 0.86101328, 0.87772656,
       0.89388841, 0.89388841, 0.89388841, 0.89388841, 0.89388841,
       0.89388841, 0.89388841, 0.92053296, 0.92053296, 0.92053296,
       0.92053296, 0.93220327, 0.94361219, 0.94361219, 0.94361219,
       0.94361219, 0.94361219, 0.95282405, 0.96166842, 0.96166842,
       0.96166842, 0.96166842, 0.97658927, 0.97658927, 0.97658927,
       0.97658927, 0.98258832, 0.98258832, 0.98258832, 0.98258832,
       0.98258832, 0.98650694, 0.98990939, 0.98990939, 0.98990939,
       0.99227801, 0.99392795, 0.99661225, 0.99771803, 0.99910817,
       1.        ]), array([0.        , 0.15132141, 0.15132141, 0.15132141, 0.18797713,
       0.18797713, 0.22384631, 0.22384631, 0.22384631, 0.22384631,
       0.22384631, 0.25786397, 0.25786397, 0.25786397, 0.32343721,
       0.35584715, 0.35584715, 0.35584715, 0.35584715, 0.38663804,
       0.38663804, 0.38663804, 0.41634331, 0.41634331, 0.41634331,
       0.44503665, 0.44503665, 0.44503665, 0.44503665, 0.47238266,
       0.47238266, 0.49885846, 0.49885846, 0.49885846, 0.52430772,
       0.54937171, 0.54937171, 0.57345862, 0.57345862, 0.57345862,
       0.59626662, 0.61896346, 0.61896346, 0.64094917, 0.66238047,
       0.7045455 , 0.7045455 , 0.7045455 , 0.7045455 , 0.7045455 ,
       0.72356726, 0.74248445, 0.74248445, 0.74248445, 0.77786482,
       0.79506239, 0.84579966, 0.86214068, 0.878245  , 0.8940923 ,
       0.90951897, 0.90951897, 0.90951897, 0.92395522, 0.9378036 ,
       0.9378036 , 0.9378036 , 0.9378036 , 0.95010278, 0.95010278,
       0.95010278, 0.95010278, 0.95010278, 0.96052277, 0.96052277,
       0.96052277, 0.96052277, 0.96052277, 0.96052277, 0.96052277,
       0.96052277, 0.96052277, 0.96753914, 0.96753914, 0.96753914,
       0.96753914, 0.96753914, 0.96753914, 0.96753914, 0.96753914,
       0.97555333, 0.97920341, 0.98565779, 0.98565779, 0.99301354,
       0.99506149, 0.99814674, 0.99814674, 0.99814674, 0.99935144,
       1.        ]), array([0.        , 0.32460176, 0.35672448, 0.35672448, 0.41966271,
       0.45073829, 0.51225025, 0.51225025, 0.51225025, 0.54186813,
       0.57124098, 0.57124098, 0.59999056, 0.59999056, 0.59999056,
       0.62797585, 0.65556181, 0.65556181, 0.65556181, 0.65556181,
       0.68179459, 0.68179459, 0.68179459, 0.706917  , 0.73171428,
       0.73171428, 0.73171428, 0.73171428, 0.73171428, 0.73171428,
       0.75458625, 0.75458625, 0.75458625, 0.77641154, 0.79809246,
       0.79809246, 0.81907833, 0.81907833, 0.81907833, 0.81907833,
       0.81907833, 0.81907833, 0.81907833, 0.83788073, 0.85632064,
       0.85632064, 0.85632064, 0.85632064, 0.85632064, 0.88978943,
       0.9062689 , 0.9224069 , 0.9224069 , 0.9224069 , 0.9224069 ,
       0.9224069 , 0.9224069 , 0.9224069 , 0.93621639, 0.93621639,
       0.93621639, 0.93621639, 0.93621639, 0.93621639, 0.94822413,
       0.94822413, 0.94822413, 0.94822413, 0.95889657, 0.96913485,
       0.96913485, 0.96913485, 0.96913485, 0.96913485, 0.96913485,
       0.97743386, 0.97743386, 0.97743386, 0.97743386, 0.98448171,
       0.98448171, 0.98448171, 0.98448171, 0.98448171, 0.98448171,
       0.98448171, 0.98448171, 0.98887893, 0.98887893, 0.98887893,
       0.99228525, 0.99228525, 0.99228525, 0.99228525, 0.99440142,
       0.99440142, 0.99570321, 0.99696145, 0.99837975, 0.99973033,
       1.        ])]","[array([0.00000000e+00, 0.00000000e+00, 0.00000000e+00, 6.10093447e-04,
       1.65827374e-03, 4.51461029e-03, 9.59403878e-03, 1.16294702e-02,
       1.39369874e-02, 1.39369874e-02, 1.39369874e-02, 2.01408370e-02,
       2.01408370e-02, 2.01408370e-02, 2.42767751e-02, 2.42767751e-02,
       2.89327669e-02, 3.38417384e-02, 3.38417384e-02, 3.38417384e-02,
       3.38417384e-02, 3.38417384e-02, 3.38417384e-02, 3.38417384e-02,
       3.38417384e-02, 3.38417384e-02, 3.38417384e-02, 3.38417384e-02,
       3.38417384e-02, 3.38417384e-02, 3.38417384e-02, 6.11900555e-02,
       6.11900555e-02, 6.11900555e-02, 6.11900555e-02, 6.11900555e-02,
       7.19990199e-02, 7.19990199e-02, 8.32445549e-02, 8.32445549e-02,
       9.51375941e-02, 9.51375941e-02, 1.07537427e-01, 1.33287776e-01,
       1.46377996e-01, 1.59774135e-01, 1.73549793e-01, 1.73549793e-01,
       1.73549793e-01, 1.73549793e-01, 1.73549793e-01, 1.73549793e-01,
       1.89007827e-01, 1.89007827e-01, 1.89007827e-01, 1.89007827e-01,
       2.05650061e-01, 2.22703605e-01, 2.57331811e-01, 2.57331811e-01,
       2.57331811e-01, 2.57331811e-01, 2.57331811e-01, 2.95047689e-01,
       2.95047689e-01, 2.95047689e-01, 3.34501033e-01, 3.34501033e-01,
       3.34501033e-01, 3.34501033e-01, 3.55377629e-01, 3.55377629e-01,
       3.76937320e-01, 3.76937320e-01, 3.76937320e-01, 3.76937320e-01,
       3.99770299e-01, 4.22768050e-01, 4.22768050e-01, 4.22768050e-01,
       4.46658039e-01, 4.46658039e-01, 4.46658039e-01, 4.71437280e-01,
       4.96634365e-01, 5.22233802e-01, 5.22233802e-01, 5.22233802e-01,
       5.22233802e-01, 5.75724160e-01, 6.29631104e-01, 6.84163909e-01,
       7.11624217e-01, 7.11624217e-01, 7.96183458e-01, 8.24613456e-01,
       8.82285377e-01, 9.11496056e-01, 9.70400163e-01, 1.00000000e+00,
       1.00000000e+00]), array([0.00000000e+00, 1.31337403e-04, 4.10889560e-04, 9.79058850e-04,
       9.79058850e-04, 2.09259987e-03, 2.09259987e-03, 3.79308871e-03,
       7.82490441e-03, 7.82490441e-03, 7.82490441e-03, 7.82490441e-03,
       7.82490441e-03, 7.82490441e-03, 1.13783314e-02, 1.13783314e-02,
       1.54535199e-02, 1.54535199e-02, 1.54535199e-02, 1.54535199e-02,
       1.54535199e-02, 1.54535199e-02, 1.54535199e-02, 1.54535199e-02,
       1.54535199e-02, 1.54535199e-02, 1.54535199e-02, 2.26124776e-02,
       2.26124776e-02, 2.26124776e-02, 2.26124776e-02, 2.26124776e-02,
       2.26124776e-02, 2.26124776e-02, 3.16574259e-02, 3.16574259e-02,
       4.12286879e-02, 4.12286879e-02, 4.12286879e-02, 4.12286879e-02,
       4.12286879e-02, 5.19799008e-02, 5.19799008e-02, 7.48484213e-02,
       7.48484213e-02, 7.48484213e-02, 7.48484213e-02, 7.48484213e-02,
       7.48484213e-02, 7.48484213e-02, 8.81498967e-02, 1.01634551e-01,
       1.15493479e-01, 1.29703518e-01, 1.29703518e-01, 1.29703518e-01,
       1.29703518e-01, 1.44958329e-01, 1.60486580e-01, 1.60486580e-01,
       1.76400078e-01, 1.76400078e-01, 1.76400078e-01, 1.93276669e-01,
       1.93276669e-01, 1.93276669e-01, 2.10912372e-01, 2.28816458e-01,
       2.28816458e-01, 2.28816458e-01, 2.47457901e-01, 2.47457901e-01,
       2.47457901e-01, 2.47457901e-01, 2.47457901e-01, 2.47457901e-01,
       2.67589087e-01, 2.88027371e-01, 2.88027371e-01, 3.09157870e-01,
       3.30352244e-01, 3.52071123e-01, 3.52071123e-01, 3.52071123e-01,
       3.74556453e-01, 3.74556453e-01, 3.74556453e-01, 3.97724620e-01,
       4.21086393e-01, 4.21086393e-01, 4.21086393e-01, 4.21086393e-01,
       4.21086393e-01, 4.70897219e-01, 4.70897219e-01, 4.96198689e-01,
       5.47531506e-01, 5.47531506e-01, 6.52284939e-01, 6.52284939e-01,
       1.00000000e+00]), array([0.00000000e+00, 8.44518042e-04, 1.19195254e-03, 1.19195254e-03,
       1.19195254e-03, 1.19195254e-03, 1.19195254e-03, 3.12603783e-03,
       3.12603783e-03, 3.12603783e-03, 3.12603783e-03, 3.12603783e-03,
       3.12603783e-03, 6.80363909e-03, 6.80363909e-03, 6.80363909e-03,
       1.13106554e-02, 1.13106554e-02, 1.63815457e-02, 2.17987250e-02,
       2.17987250e-02, 2.17987250e-02, 2.17987250e-02, 2.17987250e-02,
       2.17987250e-02, 2.88044790e-02, 2.88044790e-02, 2.88044790e-02,
       2.88044790e-02, 2.88044790e-02, 3.71360956e-02, 4.57442693e-02,
       4.57442693e-02, 4.57442693e-02, 4.57442693e-02, 5.55607338e-02,
       5.55607338e-02, 5.55607338e-02, 5.55607338e-02, 6.65180614e-02,
       7.77286704e-02, 7.77286704e-02, 7.77286704e-02, 1.02133289e-01,
       1.02133289e-01, 1.02133289e-01, 1.15054097e-01, 1.55181678e-01,
       1.68871089e-01, 1.82833140e-01, 1.82833140e-01, 1.82833140e-01,
       1.97600549e-01, 1.97600549e-01, 1.97600549e-01, 1.97600549e-01,
       2.13493229e-01, 2.13493229e-01, 2.13493229e-01, 2.30126592e-01,
       2.47153935e-01, 2.47153935e-01, 2.47153935e-01, 2.47153935e-01,
       2.47153935e-01, 2.47153935e-01, 2.47153935e-01, 2.85266186e-01,
       2.85266186e-01, 2.85266186e-01, 2.85266186e-01, 3.05502585e-01,
       3.25925744e-01, 3.25925744e-01, 3.25925744e-01, 3.25925744e-01,
       3.25925744e-01, 3.47918625e-01, 3.70174071e-01, 3.70174071e-01,
       3.70174071e-01, 3.70174071e-01, 4.16662527e-01, 4.16662527e-01,
       4.16662527e-01, 4.16662527e-01, 4.40950865e-01, 4.40950865e-01,
       4.40950865e-01, 4.40950865e-01, 4.40950865e-01, 4.66725600e-01,
       4.92869118e-01, 4.92869118e-01, 4.92869118e-01, 5.19751279e-01,
       5.47146908e-01, 6.02377981e-01, 6.30162398e-01, 6.86318114e-01,
       1.00000000e+00]), array([0.00000000e+00, 5.18264758e-04, 5.18264758e-04, 5.18264758e-04,
       1.56567533e-03, 1.56567533e-03, 3.22768557e-03, 3.22768557e-03,
       3.22768557e-03, 3.22768557e-03, 3.22768557e-03, 6.33645366e-03,
       6.33645366e-03, 6.33645366e-03, 1.44778334e-02, 1.88428556e-02,
       1.88428556e-02, 1.88428556e-02, 1.88428556e-02, 2.44729919e-02,
       2.44729919e-02, 2.44729919e-02, 3.09514175e-02, 3.09514175e-02,
       3.09514175e-02, 3.82205538e-02, 3.82205538e-02, 3.82205538e-02,
       3.82205538e-02, 4.65424885e-02, 4.65424885e-02, 5.55443927e-02,
       5.55443927e-02, 5.55443927e-02, 6.53484198e-02, 7.54535041e-02,
       7.54535041e-02, 8.63220612e-02, 8.63220612e-02, 8.63220612e-02,
       9.81899482e-02, 1.10144696e-01, 1.10144696e-01, 1.22655112e-01,
       1.35598741e-01, 1.62031072e-01, 1.62031072e-01, 1.62031072e-01,
       1.62031072e-01, 1.62031072e-01, 1.76857488e-01, 1.91765625e-01,
       1.91765625e-01, 1.91765625e-01, 2.23499418e-01, 2.39751242e-01,
       2.89175146e-01, 3.06096269e-01, 3.23202351e-01, 3.40509260e-01,
       3.58144847e-01, 3.58144847e-01, 3.58144847e-01, 3.76554342e-01,
       3.95423191e-01, 3.95423191e-01, 3.95423191e-01, 3.95423191e-01,
       4.15502570e-01, 4.15502570e-01, 4.15502570e-01, 4.15502570e-01,
       4.15502570e-01, 4.37050328e-01, 4.37050328e-01, 4.37050328e-01,
       4.37050328e-01, 4.37050328e-01, 4.37050328e-01, 4.37050328e-01,
       4.37050328e-01, 4.37050328e-01, 4.61257647e-01, 4.61257647e-01,
       4.61257647e-01, 4.61257647e-01, 4.61257647e-01, 4.61257647e-01,
       4.61257647e-01, 4.61257647e-01, 5.14375118e-01, 5.41212821e-01,
       5.95549109e-01, 5.95549109e-01, 6.78870913e-01, 7.06960505e-01,
       7.63929404e-01, 7.63929404e-01, 7.63929404e-01, 8.22367743e-01,
       1.00000000e+00]), array([0.00000000e+00, 8.69757592e-04, 1.31099552e-03, 1.31099552e-03,
       3.56573485e-03, 5.10622452e-03, 8.85823740e-03, 8.85823740e-03,
       8.85823740e-03, 1.19289951e-02, 1.52569831e-02, 1.52569831e-02,
       1.92392601e-02, 1.92392601e-02, 1.92392601e-02, 2.40238794e-02,
       2.92277029e-02, 2.92277029e-02, 2.92277029e-02, 2.92277029e-02,
       3.58520690e-02, 3.58520690e-02, 3.58520690e-02, 4.36420688e-02,
       5.17733973e-02, 5.17733973e-02, 5.17733973e-02, 5.17733973e-02,
       5.17733973e-02, 5.17733973e-02, 6.19258639e-02, 6.19258639e-02,
       6.19258639e-02, 7.31771154e-02, 8.45799327e-02, 8.45799327e-02,
       9.67123878e-02, 9.67123878e-02, 9.67123878e-02, 9.67123878e-02,
       9.67123878e-02, 9.67123878e-02, 9.67123878e-02, 1.11137006e-01,
       1.25942161e-01, 1.25942161e-01, 1.25942161e-01, 1.25942161e-01,
       1.25942161e-01, 1.59133292e-01, 1.75996477e-01, 1.93218130e-01,
       1.93218130e-01, 1.93218130e-01, 1.93218130e-01, 1.93218130e-01,
       1.93218130e-01, 1.93218130e-01, 2.12884198e-01, 2.12884198e-01,
       2.12884198e-01, 2.12884198e-01, 2.12884198e-01, 2.12884198e-01,
       2.34441702e-01, 2.34441702e-01, 2.34441702e-01, 2.34441702e-01,
       2.57400988e-01, 2.80816032e-01, 2.80816032e-01, 2.80816032e-01,
       2.80816032e-01, 2.80816032e-01, 2.80816032e-01, 3.06266886e-01,
       3.06266886e-01, 3.06266886e-01, 3.06266886e-01, 3.33031190e-01,
       3.33031190e-01, 3.33031190e-01, 3.33031190e-01, 3.33031190e-01,
       3.33031190e-01, 3.33031190e-01, 3.33031190e-01, 3.62578059e-01,
       3.62578059e-01, 3.62578059e-01, 3.93165153e-01, 3.93165153e-01,
       3.93165153e-01, 3.93165153e-01, 4.25106623e-01, 4.25106623e-01,
       4.57903006e-01, 4.90745120e-01, 5.57582174e-01, 6.58653304e-01,
       1.00000000e+00])]",0.0153697633402946,0.0304502116759914,0.0165218676349432,0.0071047823717902,"[{'lambda_reg': 0.11166574234133253, 'K_bin': 1, 'gamma': 0.904966546394021}, {'lambda_reg': 0.0010954474150044757, 'K_bin': 1, 'gamma': 0.13707839330009994}, {'lambda_reg': 0.0006553041022217407, 'K_bin': 1, 'gamma': 0.05074516335629575}, {'lambda_reg': 0.007925340125199347, 'K_bin': 1, 'gamma': 0.036048354835675825}, {'lambda_reg': 5.4319385068813003e-05, 'K_bin': 1, 'gamma': 0.08552367808879688}]",300,2,cauchy,11
"[np.float64(0.11391963035137305), np.float64(0.09351284046463189), np.float64(0.1471384059651491), np.float64(0.10278483879325843), np.float64(0.126801683523934)]",0.1168314798196693,0.0188013864760728,"[np.float64(0.8370893791520085), np.float64(0.8505937150261613), np.float64(0.8099271282592707), np.float64(0.8800354578659534), np.float64(0.8411734889809029)]",0.8437638338568595,0.022620605044628,"[np.float64(0.8961502373938635), np.float64(0.8660789090445162), np.float64(0.8894430955774822), np.float64(0.9017102657504689), np.float64(0.9159900631827249)]",0.8938745141898112,0.0164189437065276,"[array([0.        , 0.1646213 , 0.18271068, 0.21859489, 0.23628527,
       0.27136674, 0.27136674, 0.28853399, 0.28853399, 0.28853399,
       0.32178096, 0.35458761, 0.38703082, 0.38703082, 0.41889892,
       0.43462767, 0.45006088, 0.45006088, 0.45006088, 0.46506984,
       0.47983567, 0.47983567, 0.49422435, 0.50847537, 0.50847537,
       0.53630009, 0.5499991 , 0.56340632, 0.56340632, 0.56340632,
       0.56340632, 0.56340632, 0.57597736, 0.57597736, 0.57597736,
       0.57597736, 0.57597736, 0.61091748, 0.63390712, 0.63390712,
       0.63390712, 0.63390712, 0.63390712, 0.6549405 , 0.66522488,
       0.70599699, 0.73597194, 0.73597194, 0.73597194, 0.74545689,
       0.77323481, 0.78237741, 0.80032134, 0.80032134, 0.80886828,
       0.82560165, 0.85011022, 0.86613441, 0.87402342, 0.87402342,
       0.87402342, 0.87402342, 0.87402342, 0.88099363, 0.88099363,
       0.9071103 , 0.9071103 , 0.9071103 , 0.92496709, 0.92496709,
       0.93602366, 0.93602366, 0.94118374, 0.94118374, 0.94118374,
       0.9504483 , 0.95497829, 0.95497829, 0.96336467, 0.96336467,
       0.96336467, 0.96695357, 0.97377629, 0.98021298, 0.98021298,
       0.98592651, 0.98592651, 0.98592651, 0.98592651, 0.98592651,
       0.98592651, 0.98760812, 0.98913427, 0.99192375, 0.99431676,
       0.9953459 , 0.99703968, 0.99703968, 0.99744977, 0.99916561,
       1.        ]), array([0.        , 0.        , 0.01773708, 0.03543799, 0.05283236,
       0.10469874, 0.19005375, 0.22390915, 0.22390915, 0.25696471,
       0.28971491, 0.30595021, 0.32205473, 0.32205473, 0.35335366,
       0.35335366, 0.35335366, 0.35335366, 0.35335366, 0.41227914,
       0.4268634 , 0.4268634 , 0.44107588, 0.44107588, 0.44107588,
       0.44107588, 0.46794498, 0.46794498, 0.48101476, 0.49387949,
       0.49387949, 0.50641815, 0.51886664, 0.54319901, 0.55525227,
       0.57883048, 0.59049246, 0.59049246, 0.60171784, 0.62399219,
       0.64586542, 0.64586542, 0.66710346, 0.67756941, 0.68771937,
       0.69771373, 0.71740597, 0.73675023, 0.73675023, 0.77403598,
       0.77403598, 0.77403598, 0.80894845, 0.81753311, 0.82591758,
       0.84229683, 0.84229683, 0.84229683, 0.85764898, 0.85764898,
       0.85764898, 0.85764898, 0.85764898, 0.86438486, 0.86438486,
       0.87081451, 0.87709296, 0.88317705, 0.90076365, 0.91783484,
       0.91783484, 0.91783484, 0.91783484, 0.91783484, 0.92742589,
       0.932119  , 0.93653569, 0.9407115 , 0.9407115 , 0.94457529,
       0.94457529, 0.94818098, 0.94818098, 0.95460515, 0.95460515,
       0.95743656, 0.96007205, 0.96744013, 0.97190294, 0.97403156,
       0.97774763, 0.9829066 , 0.98598714, 0.98859605, 0.98981788,
       0.993854  , 0.99466609, 0.9977041 , 0.99939947, 1.        ,
       1.        ]), array([0.        , 0.09384303, 0.18699814, 0.20540895, 0.22371974,
       0.22371974, 0.22371974, 0.24144556, 0.25896122, 0.25896122,
       0.31031408, 0.31031408, 0.32708809, 0.34367269, 0.34367269,
       0.34367269, 0.35971319, 0.39121087, 0.4068355 , 0.43777018,
       0.45298848, 0.45298848, 0.45298848, 0.45298848, 0.4820116 ,
       0.4820116 , 0.4820116 , 0.4820116 , 0.4820116 , 0.50898315,
       0.53563852, 0.53563852, 0.56154915, 0.58699898, 0.58699898,
       0.59940028, 0.59940028, 0.61148624, 0.61148624, 0.64636234,
       0.65786924, 0.66905892, 0.68007472, 0.69094671, 0.69094671,
       0.71174611, 0.71174611, 0.72178897, 0.73162374, 0.74140749,
       0.76050769, 0.77911631, 0.79743894, 0.79743894, 0.81499272,
       0.8236491 , 0.8236491 , 0.8236491 , 0.83167548, 0.84739609,
       0.85499095, 0.85499095, 0.86955114, 0.88355936, 0.89730147,
       0.89730147, 0.89730147, 0.89730147, 0.90954394, 0.90954394,
       0.92678484, 0.93235084, 0.93774597, 0.93774597, 0.93774597,
       0.93774597, 0.94241419, 0.94241419, 0.94241419, 0.94652575,
       0.9542609 , 0.9542609 , 0.95777535, 0.96108221, 0.96420692,
       0.97002081, 0.97280544, 0.97280544, 0.97525706, 0.97525706,
       0.9791625 , 0.98446036, 0.98776696, 0.98922014, 0.99044646,
       0.99347822, 0.99508594, 0.99643373, 0.99835113, 0.99951061,
       1.        ]), array([0.        , 0.02227496, 0.06656095, 0.13231206, 0.1540824 ,
       0.17557249, 0.19686231, 0.23882665, 0.30121346, 0.30121346,
       0.30121346, 0.34137986, 0.36122926, 0.38079764, 0.38079764,
       0.41919333, 0.41919333, 0.41919333, 0.41919333, 0.41919333,
       0.43735831, 0.43735831, 0.43735831, 0.43735831, 0.43735831,
       0.45436217, 0.45436217, 0.50391727, 0.50391727, 0.52007053,
       0.52007053, 0.53556959, 0.53556959, 0.55078657, 0.58067253,
       0.59544429, 0.59544429, 0.59544429, 0.59544429, 0.59544429,
       0.59544429, 0.60875982, 0.62195506, 0.62195506, 0.62195506,
       0.62195506, 0.63416449, 0.63416449, 0.68117787, 0.68117787,
       0.70384181, 0.70384181, 0.70384181, 0.70384181, 0.71431728,
       0.72463402, 0.74449728, 0.79334203, 0.80287876, 0.81210581,
       0.82120015, 0.82998346, 0.84713396, 0.84713396, 0.85522001,
       0.86328773, 0.87888718, 0.88630353, 0.88630353, 0.88630353,
       0.89318473, 0.90637253, 0.91926522, 0.91926522, 0.91926522,
       0.91926522, 0.91926522, 0.92461651, 0.92977298, 0.92977298,
       0.93434704, 0.93434704, 0.93857531, 0.93857531, 0.94962125,
       0.95303496, 0.95618082, 0.96528279, 0.97084714, 0.97603965,
       0.97832846, 0.98684124, 0.9887572 , 0.99036439, 0.99179061,
       0.99179061, 0.99394143, 0.99467783, 0.99522559, 0.99709865,
       1.        ]), array([0.        , 0.11799631, 0.13742368, 0.17582975, 0.2138215 ,
       0.2138215 , 0.25118614, 0.25118614, 0.28768304, 0.30569951,
       0.30569951, 0.34088596, 0.35842086, 0.3756662 , 0.39277827,
       0.40969164, 0.40969164, 0.40969164, 0.40969164, 0.42575246,
       0.42575246, 0.47285325, 0.5039798 , 0.51927015, 0.54948786,
       0.54948786, 0.57872741, 0.59318367, 0.59318367, 0.6073391 ,
       0.64902955, 0.67643085, 0.67643085, 0.67643085, 0.67643085,
       0.67643085, 0.68911727, 0.7016789 , 0.71405498, 0.71405498,
       0.73786571, 0.73786571, 0.74937039, 0.74937039, 0.77166687,
       0.78264664, 0.79337079, 0.81462812, 0.81462812, 0.81462812,
       0.83460062, 0.84443322, 0.85399766, 0.85399766, 0.86311607,
       0.87212737, 0.87212737, 0.87212737, 0.87212737, 0.87212737,
       0.87212737, 0.87990606, 0.88748308, 0.88748308, 0.88748308,
       0.89449283, 0.89449283, 0.90107726, 0.90107726, 0.9134649 ,
       0.9134649 , 0.9192012 , 0.9192012 , 0.9192012 , 0.9192012 ,
       0.9192012 , 0.92405042, 0.92859931, 0.93300839, 0.94150716,
       0.94549734, 0.94938535, 0.9531196 , 0.9531196 , 0.95959261,
       0.96272235, 0.96549644, 0.97361394, 0.97862517, 0.97862517,
       0.98277588, 0.98849189, 0.99025392, 0.99025392, 0.99025392,
       0.99226684, 0.99320212, 0.99467122, 0.99714019, 0.99864515,
       1.        ])]","[array([0.00000000e+00, 5.39340646e-04, 7.66991542e-04, 1.46701692e-03,
       2.02617720e-03, 3.39314911e-03, 3.39314911e-03, 4.38693938e-03,
       4.38693938e-03, 4.38693938e-03, 7.27807986e-03, 1.05350613e-02,
       1.40939933e-02, 1.40939933e-02, 1.81307550e-02, 2.03197040e-02,
       2.27541950e-02, 2.27541950e-02, 2.27541950e-02, 2.55411729e-02,
       2.85301551e-02, 2.85301551e-02, 3.18324816e-02, 3.52491901e-02,
       3.52491901e-02, 4.26453308e-02, 4.65206686e-02, 5.06384289e-02,
       5.06384289e-02, 5.06384289e-02, 5.06384289e-02, 5.06384289e-02,
       5.54509218e-02, 5.54509218e-02, 5.54509218e-02, 5.54509218e-02,
       5.54509218e-02, 7.21923006e-02, 8.36056104e-02, 8.36056104e-02,
       8.36056104e-02, 8.36056104e-02, 8.36056104e-02, 9.66442572e-02,
       1.03356584e-01, 1.30509514e-01, 1.51376136e-01, 1.51376136e-01,
       1.51376136e-01, 1.58752671e-01, 1.81444671e-01, 1.89105635e-01,
       2.04711105e-01, 2.04711105e-01, 2.12866967e-01, 2.29478214e-01,
       2.54886515e-01, 2.72086972e-01, 2.80789463e-01, 2.80789463e-01,
       2.80789463e-01, 2.80789463e-01, 2.80789463e-01, 2.90255334e-01,
       2.90255334e-01, 3.29584528e-01, 3.29584528e-01, 3.29584528e-01,
       3.60519372e-01, 3.60519372e-01, 3.81847116e-01, 3.81847116e-01,
       3.92816903e-01, 3.92816903e-01, 3.92816903e-01, 4.15633506e-01,
       4.27126798e-01, 4.27126798e-01, 4.50673037e-01, 4.50673037e-01,
       4.50673037e-01, 4.62948219e-01, 4.87793597e-01, 5.12959704e-01,
       5.12959704e-01, 5.38726635e-01, 5.38726635e-01, 5.38726635e-01,
       5.38726635e-01, 5.38726635e-01, 5.38726635e-01, 5.52586464e-01,
       5.66575458e-01, 5.94771794e-01, 6.23297538e-01, 6.37699461e-01,
       6.66806152e-01, 6.66806152e-01, 6.81722406e-01, 7.71838662e-01,
       1.00000000e+00]), array([0.00000000e+00, 0.00000000e+00, 3.05622961e-04, 6.42134326e-04,
       1.24031782e-03, 3.30527056e-03, 7.67646519e-03, 9.66960111e-03,
       9.66960111e-03, 1.23455478e-02, 1.52821669e-02, 1.68698219e-02,
       1.85691174e-02, 1.85691174e-02, 2.27446437e-02, 2.27446437e-02,
       2.27446437e-02, 2.27446437e-02, 2.27446437e-02, 3.42307072e-02,
       3.72278036e-02, 3.72278036e-02, 4.05422780e-02, 4.05422780e-02,
       4.05422780e-02, 4.05422780e-02, 4.84994196e-02, 4.84994196e-02,
       5.27893842e-02, 5.72543978e-02, 5.72543978e-02, 6.19977657e-02,
       6.68181141e-02, 7.69407891e-02, 8.20985251e-02, 9.28650087e-02,
       9.83567763e-02, 9.83567763e-02, 1.04221249e-01, 1.16100801e-01,
       1.28322777e-01, 1.28322777e-01, 1.41086992e-01, 1.47599775e-01,
       1.54382305e-01, 1.61297668e-01, 1.75381486e-01, 1.89762369e-01,
       1.89762369e-01, 2.19721643e-01, 2.19721643e-01, 2.19721643e-01,
       2.51706909e-01, 2.59825696e-01, 2.68115374e-01, 2.85027403e-01,
       2.85027403e-01, 2.85027403e-01, 3.02816230e-01, 3.02816230e-01,
       3.02816230e-01, 3.02816230e-01, 3.02816230e-01, 3.12513267e-01,
       3.12513267e-01, 3.22471719e-01, 3.32559246e-01, 3.42812690e-01,
       3.74141298e-01, 4.05909896e-01, 4.05909896e-01, 4.05909896e-01,
       4.05909896e-01, 4.05909896e-01, 4.28616809e-01, 4.40057698e-01,
       4.51734555e-01, 4.63617041e-01, 4.63617041e-01, 4.75765896e-01,
       4.75765896e-01, 4.88135082e-01, 4.88135082e-01, 5.13545475e-01,
       5.13545475e-01, 5.26575640e-01, 5.39773052e-01, 5.79824912e-01,
       6.06909665e-01, 6.20539776e-01, 6.48261996e-01, 6.90199706e-01,
       7.18464458e-01, 7.47131822e-01, 7.61536039e-01, 8.19879555e-01,
       8.34633557e-01, 9.09276394e-01, 9.69618136e-01, 1.00000000e+00,
       1.00000000e+00]), array([0.00000000e+00, 4.69025031e-04, 1.48121877e-03, 1.85753729e-03,
       2.31282326e-03, 2.31282326e-03, 2.31282326e-03, 3.22999392e-03,
       4.31310438e-03, 4.31310438e-03, 8.50530314e-03, 8.50530314e-03,
       1.01740095e-02, 1.19922651e-02, 1.19922651e-02, 1.19922651e-02,
       1.42401456e-02, 1.91964713e-02, 2.17727107e-02, 2.71735775e-02,
       3.00706500e-02, 3.00706500e-02, 3.00706500e-02, 3.00706500e-02,
       3.69808525e-02, 3.69808525e-02, 3.69808525e-02, 3.69808525e-02,
       3.69808525e-02, 4.55109481e-02, 5.42906898e-02, 5.42906898e-02,
       6.36584644e-02, 7.33900848e-02, 7.33900848e-02, 7.85114171e-02,
       7.85114171e-02, 8.38817272e-02, 8.38817272e-02, 1.01083713e-01,
       1.06911247e-01, 1.12989257e-01, 1.19204557e-01, 1.25533408e-01,
       1.25533408e-01, 1.38936933e-01, 1.38936933e-01, 1.45920450e-01,
       1.53068272e-01, 1.60256381e-01, 1.75001566e-01, 1.90134895e-01,
       2.05494037e-01, 2.05494037e-01, 2.21460253e-01, 2.29538517e-01,
       2.29538517e-01, 2.29538517e-01, 2.38114218e-01, 2.55527875e-01,
       2.64444296e-01, 2.64444296e-01, 2.82774199e-01, 3.01539939e-01,
       3.20515789e-01, 3.20515789e-01, 3.20515789e-01, 3.20515789e-01,
       3.40675728e-01, 3.40675728e-01, 3.71802193e-01, 3.82320574e-01,
       3.92973865e-01, 3.92973865e-01, 3.92973865e-01, 3.92973865e-01,
       4.04201114e-01, 4.04201114e-01, 4.04201114e-01, 4.15867891e-01,
       4.39586745e-01, 4.39586745e-01, 4.51724994e-01, 4.64027155e-01,
       4.76473137e-01, 5.01708987e-01, 5.14423484e-01, 5.14423484e-01,
       5.27400933e-01, 5.27400933e-01, 5.54143662e-01, 5.94700168e-01,
       6.21915728e-01, 6.35681524e-01, 6.49626450e-01, 6.91972226e-01,
       7.20529202e-01, 7.49291412e-01, 8.07430278e-01, 8.81080786e-01,
       1.00000000e+00]), array([0.00000000e+00, 1.05334408e-04, 4.71760923e-04, 1.42147340e-03,
       1.82461781e-03, 2.39316312e-03, 3.07989631e-03, 4.81650682e-03,
       7.75174499e-03, 7.75174499e-03, 7.75174499e-03, 1.05494499e-02,
       1.20862916e-02, 1.37889815e-02, 1.37889815e-02, 1.76317175e-02,
       1.76317175e-02, 1.76317175e-02, 1.76317175e-02, 1.76317175e-02,
       2.01626569e-02, 2.01626569e-02, 2.01626569e-02, 2.01626569e-02,
       2.01626569e-02, 2.33788610e-02, 2.33788610e-02, 3.38870531e-02,
       3.38870531e-02, 3.76052610e-02, 3.76052610e-02, 4.17095603e-02,
       4.17095603e-02, 4.59803371e-02, 5.48453062e-02, 5.93788416e-02,
       5.93788416e-02, 5.93788416e-02, 5.93788416e-02, 5.93788416e-02,
       5.93788416e-02, 6.47718016e-02, 7.02357632e-02, 7.02357632e-02,
       7.02357632e-02, 7.02357632e-02, 7.62815182e-02, 7.62815182e-02,
       1.01541229e-01, 1.01541229e-01, 1.14668457e-01, 1.14668457e-01,
       1.14668457e-01, 1.14668457e-01, 1.21737553e-01, 1.28900326e-01,
       1.43680447e-01, 1.81110784e-01, 1.88733907e-01, 1.96539789e-01,
       2.04423997e-01, 2.12491762e-01, 2.28872882e-01, 2.28872882e-01,
       2.37352158e-01, 2.45842246e-01, 2.63138760e-01, 2.72013274e-01,
       2.72013274e-01, 2.72013274e-01, 2.81203618e-01, 2.99923428e-01,
       3.18817402e-01, 3.18817402e-01, 3.18817402e-01, 3.18817402e-01,
       3.18817402e-01, 3.28910661e-01, 3.39118900e-01, 3.39118900e-01,
       3.49670861e-01, 3.49670861e-01, 3.60426904e-01, 3.60426904e-01,
       3.93662241e-01, 4.04899016e-01, 4.16293867e-01, 4.50676489e-01,
       4.73895466e-01, 4.97333895e-01, 5.09234554e-01, 5.57216362e-01,
       5.69337068e-01, 5.81640005e-01, 5.94049740e-01, 5.94049740e-01,
       6.19283299e-01, 6.32100156e-01, 6.45028340e-01, 7.23431660e-01,
       1.00000000e+00]), array([0.00000000e+00, 2.33359804e-04, 4.46941695e-04, 1.20249463e-03,
       2.26129086e-03, 2.26129086e-03, 3.77906558e-03, 3.77906558e-03,
       5.93194144e-03, 7.17816536e-03, 7.17816536e-03, 1.02901695e-02,
       1.18888571e-02, 1.36994743e-02, 1.56076274e-02, 1.76612162e-02,
       1.76612162e-02, 1.76612162e-02, 1.76612162e-02, 2.03387863e-02,
       2.03387863e-02, 2.91631744e-02, 3.52466187e-02, 3.84880956e-02,
       4.52367238e-02, 4.52367238e-02, 5.27012749e-02, 5.65532220e-02,
       5.65532220e-02, 6.06253570e-02, 7.34095794e-02, 8.22195481e-02,
       8.22195481e-02, 8.22195481e-02, 8.22195481e-02, 8.22195481e-02,
       8.73668462e-02, 9.26054812e-02, 9.79799170e-02, 9.79799170e-02,
       1.09417830e-01, 1.09417830e-01, 1.15430045e-01, 1.15430045e-01,
       1.27976243e-01, 1.34372644e-01, 1.40956134e-01, 1.54262885e-01,
       1.54262885e-01, 1.54262885e-01, 1.68510004e-01, 1.75746018e-01,
       1.83178304e-01, 1.83178304e-01, 1.90937041e-01, 1.98774168e-01,
       1.98774168e-01, 1.98774168e-01, 1.98774168e-01, 1.98774168e-01,
       1.98774168e-01, 2.07513446e-01, 2.16400328e-01, 2.16400328e-01,
       2.16400328e-01, 2.25702395e-01, 2.25702395e-01, 2.35315750e-01,
       2.35315750e-01, 2.55114245e-01, 2.55114245e-01, 2.65348352e-01,
       2.65348352e-01, 2.65348352e-01, 2.65348352e-01, 2.65348352e-01,
       2.76231713e-01, 2.87334889e-01, 2.98540397e-01, 3.21185161e-01,
       3.32697260e-01, 3.44284135e-01, 3.55983544e-01, 3.55983544e-01,
       3.80110969e-01, 3.92252827e-01, 4.04654980e-01, 4.42011320e-01,
       4.67208620e-01, 4.67208620e-01, 4.93035742e-01, 5.32149736e-01,
       5.45292620e-01, 5.45292620e-01, 5.45292620e-01, 5.72684395e-01,
       5.86432379e-01, 6.14222173e-01, 6.84577716e-01, 7.55638825e-01,
       1.00000000e+00])]",0.0328731940729297,0.0068248495924623,0.0140503474684965,0.0022117642686004,"[{'lambda_reg': 0.0002647493188591366, 'K_bin': 1, 'gamma': 0.0010322272104199713}, {'lambda_reg': 0.072930939703135, 'K_bin': 1, 'gamma': 0.04291578502122965}, {'lambda_reg': 0.0033760115979872608, 'K_bin': 1, 'gamma': 0.00813124960858816}, {'lambda_reg': 0.004070493559061916, 'K_bin': 1, 'gamma': 0.006526126126463817}, {'lambda_reg': 0.002553713354025368, 'K_bin': 1, 'gamma': 0.01042784880554256}]",600,2,laplacian,30
"[np.float64(0.10919222631825445), np.float64(0.07349236799565051), np.float64(0.13048090380690952), np.float64(0.09718321857330746), np.float64(0.13056918994527067)]",0.1081835813278785,0.021558254524965,"[np.float64(0.8433149581180203), np.float64(0.861859991739914), np.float64(0.8398343679001131), np.float64(0.8797246590724925), np.float64(0.8348286043073974)]",0.8519125162275873,0.016638072470442,"[np.float64(0.911989485743609), np.float64(0.928972574859239), np.float64(0.9061782071813277), np.float64(0.931307765226885), np.float64(0.9343193003225145)]",0.922553466666715,0.01127851365244,"[array([0.        , 0.20324948, 0.23986407, 0.25786775, 0.29348411,
       0.29348411, 0.29348411, 0.32808278, 0.34511679, 0.42974373,
       0.44643263, 0.44643263, 0.46285906, 0.46285906, 0.46285906,
       0.52611459, 0.52611459, 0.52611459, 0.54146642, 0.5565008 ,
       0.5565008 , 0.5565008 , 0.5565008 , 0.5565008 , 0.5565008 ,
       0.57056154, 0.57056154, 0.57056154, 0.57056154, 0.58378466,
       0.58378466, 0.58378466, 0.58378466, 0.58378466, 0.60843279,
       0.620623  , 0.620623  , 0.63241938, 0.63241938, 0.65523365,
       0.65523365, 0.65523365, 0.65523365, 0.66582471, 0.68677024,
       0.7073819 , 0.7073819 , 0.7073819 , 0.72686015, 0.75552093,
       0.77417121, 0.80159646, 0.8196126 , 0.83731653, 0.84584009,
       0.84584009, 0.84584009, 0.85390897, 0.86172146, 0.86172146,
       0.86172146, 0.86908712, 0.89045438, 0.89045438, 0.89729556,
       0.90393092, 0.90393092, 0.90393092, 0.90993693, 0.92162446,
       0.92733651, 0.93823533, 0.93823533, 0.93823533, 0.93823533,
       0.94750289, 0.9565116 , 0.96085122, 0.96499889, 0.96895177,
       0.97273028, 0.97628167, 0.97968067, 0.97968067, 0.9826501 ,
       0.9826501 , 0.98530306, 0.98530306, 0.98530306, 0.98744679,
       0.98945381, 0.99116952, 0.99116952, 0.99263869, 0.99263869,
       0.99464429, 0.99788652, 0.99788652, 0.99875072, 0.99964134,
       1.        ]), array([0.        , 0.26997456, 0.34106497, 0.35872607, 0.35872607,
       0.35872607, 0.375754  , 0.40949929, 0.42627274, 0.44286491,
       0.44286491, 0.44286491, 0.47481662, 0.47481662, 0.47481662,
       0.47481662, 0.47481662, 0.48994247, 0.50480988, 0.50480988,
       0.53394489, 0.53394489, 0.54812015, 0.54812015, 0.56186184,
       0.56186184, 0.56186184, 0.60176138, 0.61475348, 0.62765715,
       0.62765715, 0.67782842, 0.69023987, 0.69023987, 0.69023987,
       0.70211341, 0.71368206, 0.72507457, 0.73641054, 0.75853269,
       0.75853269, 0.75853269, 0.76910049, 0.76910049, 0.76910049,
       0.77912643, 0.77912643, 0.8080222 , 0.82701721, 0.836276  ,
       0.85448607, 0.85448607, 0.88072059, 0.88929579, 0.90605511,
       0.91418896, 0.91418896, 0.91418896, 0.91418896, 0.91418896,
       0.91418896, 0.9212736 , 0.9212736 , 0.9212736 , 0.92784941,
       0.92784941, 0.92784941, 0.9338272 , 0.9338272 , 0.9338272 ,
       0.93924072, 0.94448833, 0.94448833, 0.9493614 , 0.9493614 ,
       0.9493614 , 0.95386831, 0.96238634, 0.96643686, 0.97033623,
       0.97403602, 0.97759897, 0.97759897, 0.97759897, 0.98051048,
       0.98339533, 0.98339533, 0.98339533, 0.98339533, 0.98339533,
       0.98339533, 0.98515903, 0.98662647, 0.98662647, 0.98899442,
       0.99109902, 0.99598086, 0.99664773, 0.99764063, 0.99961948,
       1.        ]), array([0.        , 0.24019406, 0.27674867, 0.29484588, 0.29484588,
       0.29484588, 0.31236963, 0.32961834, 0.32961834, 0.34647876,
       0.36313668, 0.36313668, 0.37944642, 0.39569974, 0.41176622,
       0.41176622, 0.42731752, 0.45825365, 0.45825365, 0.47334843,
       0.47334843, 0.48811633, 0.48811633, 0.48811633, 0.51636576,
       0.53036188, 0.54407984, 0.54407984, 0.55742548, 0.58395989,
       0.58395989, 0.60970626, 0.60970626, 0.60970626, 0.60970626,
       0.60970626, 0.62170215, 0.63354371, 0.63354371, 0.64494365,
       0.64494365, 0.64494365, 0.65579256, 0.66634534, 0.6767239 ,
       0.6767239 , 0.68684232, 0.69671478, 0.72587003, 0.77345581,
       0.80150048, 0.81976355, 0.83777572, 0.83777572, 0.84632685,
       0.84632685, 0.8545102 , 0.8545102 , 0.86236677, 0.87766344,
       0.90012995, 0.90012995, 0.90729936, 0.91418213, 0.92084632,
       0.92084632, 0.92084632, 0.92703972, 0.93308776, 0.93308776,
       0.95001709, 0.95001709, 0.95001709, 0.95001709, 0.95978959,
       0.95978959, 0.95978959, 0.96410176, 0.96410176, 0.96410176,
       0.96410176, 0.97130689, 0.97477636, 0.97801613, 0.98424748,
       0.98424748, 0.98424748, 0.98424748, 0.98424748, 0.98639243,
       0.98828284, 0.99012109, 0.99012109, 0.99012109, 0.99246151,
       0.99343518, 0.99424418, 0.99809747, 0.99809747, 0.99949224,
       1.        ]), array([0.        , 0.15647534, 0.20066596, 0.22265691, 0.22265691,
       0.28706624, 0.28706624, 0.30815093, 0.34955029, 0.37018773,
       0.37018773, 0.39029615, 0.41025459, 0.4297987 , 0.44923157,
       0.44923157, 0.44923157, 0.44923157, 0.44923157, 0.44923157,
       0.48545564, 0.48545564, 0.50318184, 0.52062094, 0.52062094,
       0.52062094, 0.52062094, 0.53706249, 0.56981922, 0.58597847,
       0.58597847, 0.61711667, 0.61711667, 0.61711667, 0.61711667,
       0.63173235, 0.64617835, 0.64617835, 0.67413981, 0.67413981,
       0.67413981, 0.67413981, 0.67413981, 0.67413981, 0.68684461,
       0.71195129, 0.71195129, 0.71195129, 0.72364143, 0.74670127,
       0.76940897, 0.79172128, 0.79172128, 0.83446548, 0.84496997,
       0.84496997, 0.85494193, 0.86475447, 0.86475447, 0.87404613,
       0.90112028, 0.90112028, 0.90112028, 0.90951363, 0.90951363,
       0.90951363, 0.91726494, 0.91726494, 0.91726494, 0.92440244,
       0.93801054, 0.93801054, 0.94447347, 0.94447347, 0.95032347,
       0.95032347, 0.95582729, 0.95582729, 0.95582729, 0.95582729,
       0.96052789, 0.96052789, 0.96468669, 0.96468669, 0.96468669,
       0.97182525, 0.97182525, 0.97182525, 0.97182525, 0.97449874,
       0.97677463, 0.98318946, 0.98893916, 0.99415037, 0.99415037,
       0.99528112, 0.99630946, 0.99702184, 0.99804783, 0.99919217,
       1.        ]), array([0.        , 0.1986585 , 0.21826838, 0.25710518, 0.27627208,
       0.29531165, 0.29531165, 0.29531165, 0.35053656, 0.38711261,
       0.42322393, 0.4409981 , 0.4409981 , 0.47577746, 0.47577746,
       0.47577746, 0.47577746, 0.49237502, 0.49237502, 0.50852079,
       0.50852079, 0.50852079, 0.52409551, 0.52409551, 0.53937044,
       0.53937044, 0.56919714, 0.58375384, 0.5982722 , 0.62691208,
       0.6408895 , 0.6408895 , 0.65458928, 0.66811615, 0.69474795,
       0.73399447, 0.73399447, 0.77211179, 0.78457987, 0.79678348,
       0.79678348, 0.80856723, 0.80856723, 0.82011232, 0.82011232,
       0.83124797, 0.83124797, 0.84185243, 0.85236592, 0.85236592,
       0.86251647, 0.88231616, 0.88231616, 0.88231616, 0.88231616,
       0.88231616, 0.89119606, 0.89119606, 0.89969297, 0.89969297,
       0.89969297, 0.89969297, 0.89969297, 0.90709664, 0.91440501,
       0.91440501, 0.91440501, 0.92101476, 0.92101476, 0.92101476,
       0.92703642, 0.92703642, 0.93262736, 0.93262736, 0.93262736,
       0.93780052, 0.93780052, 0.94250328, 0.94250328, 0.94250328,
       0.95073071, 0.95073071, 0.95448788, 0.96149411, 0.9648137 ,
       0.9648137 , 0.97062162, 0.97062162, 0.97556141, 0.98448611,
       0.98655533, 0.98655533, 0.98986621, 0.99140004, 0.99396   ,
       0.99605225, 0.99691313, 0.99758908, 0.99803767, 0.99954182,
       1.        ])]","[array([0.00000000e+00, 2.24326914e-04, 5.43633877e-04, 9.52095704e-04,
       2.08945174e-03, 2.08945174e-03, 2.08945174e-03, 4.06080377e-03,
       5.26391121e-03, 1.17245545e-02, 1.32104829e-02, 1.32104829e-02,
       1.49115015e-02, 1.49115015e-02, 1.49115015e-02, 2.37235368e-02,
       2.37235368e-02, 2.37235368e-02, 2.63051990e-02, 2.91470146e-02,
       2.91470146e-02, 2.91470146e-02, 2.91470146e-02, 2.91470146e-02,
       2.91470146e-02, 3.27867200e-02, 3.27867200e-02, 3.27867200e-02,
       3.27867200e-02, 3.71128642e-02, 3.71128642e-02, 3.71128642e-02,
       3.71128642e-02, 3.71128642e-02, 4.72387058e-02, 5.24113229e-02,
       5.24113229e-02, 5.79066818e-02, 5.79066818e-02, 6.95353747e-02,
       6.95353747e-02, 6.95353747e-02, 6.95353747e-02, 7.60184949e-02,
       8.91786245e-02, 1.02612366e-01, 1.02612366e-01, 1.02612366e-01,
       1.16974933e-01, 1.38974920e-01, 1.54016011e-01, 1.77028510e-01,
       1.92589279e-01, 2.08405911e-01, 2.16583352e-01, 2.16583352e-01,
       2.16583352e-01, 2.25133405e-01, 2.33893573e-01, 2.33893573e-01,
       2.33893573e-01, 2.43019912e-01, 2.70996954e-01, 2.70996954e-01,
       2.80553104e-01, 2.90277930e-01, 2.90277930e-01, 2.90277930e-01,
       3.00518509e-01, 3.21265595e-01, 3.31747068e-01, 3.53140497e-01,
       3.53140497e-01, 3.53140497e-01, 3.53140497e-01, 3.75870750e-01,
       3.98813124e-01, 4.10419315e-01, 4.22182809e-01, 4.34105936e-01,
       4.46171953e-01, 4.58424097e-01, 4.70801126e-01, 4.70801126e-01,
       4.83530194e-01, 4.83530194e-01, 4.96518603e-01, 4.96518603e-01,
       4.96518603e-01, 5.09924329e-01, 5.23442085e-01, 5.37198577e-01,
       5.37198577e-01, 5.51157107e-01, 5.51157107e-01, 5.79838549e-01,
       6.37831600e-01, 6.37831600e-01, 6.67448422e-01, 7.27368620e-01,
       1.00000000e+00]), array([0.00000000e+00, 5.14332989e-04, 1.42670320e-03, 1.75054343e-03,
       1.75054343e-03, 1.75054343e-03, 2.61806454e-03, 4.61978991e-03,
       5.70582795e-03, 6.94752281e-03, 6.94752281e-03, 6.94752281e-03,
       1.04893420e-02, 1.04893420e-02, 1.04893420e-02, 1.04893420e-02,
       1.04893420e-02, 1.29901332e-02, 1.57128297e-02, 1.57128297e-02,
       2.16732749e-02, 2.16732749e-02, 2.49903107e-02, 2.49903107e-02,
       2.86796344e-02, 2.86796344e-02, 2.86796344e-02, 4.08858069e-02,
       4.52187887e-02, 4.96276963e-02, 4.96276963e-02, 6.85027615e-02,
       7.33343306e-02, 7.33343306e-02, 7.33343306e-02, 7.86277819e-02,
       8.41830395e-02, 8.98895401e-02, 9.56445889e-02, 1.07626785e-01,
       1.07626785e-01, 1.07626785e-01, 1.14041444e-01, 1.14041444e-01,
       1.14041444e-01, 1.20921386e-01, 1.20921386e-01, 1.42576195e-01,
       1.57243577e-01, 1.64782246e-01, 1.80123631e-01, 1.80123631e-01,
       2.04063588e-01, 2.12189237e-01, 2.28776346e-01, 2.37280968e-01,
       2.37280968e-01, 2.37280968e-01, 2.37280968e-01, 2.37280968e-01,
       2.37280968e-01, 2.46686516e-01, 2.46686516e-01, 2.46686516e-01,
       2.56528989e-01, 2.56528989e-01, 2.56528989e-01, 2.66884966e-01,
       2.66884966e-01, 2.66884966e-01, 2.77725458e-01, 2.88708420e-01,
       2.88708420e-01, 3.00012981e-01, 3.00012981e-01, 3.00012981e-01,
       3.11631958e-01, 3.35295634e-01, 3.47306502e-01, 3.59447160e-01,
       3.71759186e-01, 3.84188723e-01, 3.84188723e-01, 3.84188723e-01,
       3.97177623e-01, 4.10189422e-01, 4.10189422e-01, 4.10189422e-01,
       4.10189422e-01, 4.10189422e-01, 4.10189422e-01, 4.24163915e-01,
       4.38392803e-01, 4.38392803e-01, 4.67337385e-01, 4.96508096e-01,
       5.85249819e-01, 6.00166137e-01, 6.30291432e-01, 7.37014810e-01,
       1.00000000e+00]), array([0.00000000e+00, 3.25459713e-04, 7.01793474e-04, 1.03748481e-03,
       1.03748481e-03, 1.03748481e-03, 1.84289200e-03, 2.87358768e-03,
       2.87358768e-03, 4.22233599e-03, 5.73695247e-03, 5.73695247e-03,
       7.53676374e-03, 9.38279157e-03, 1.13818627e-02, 1.13818627e-02,
       1.38029174e-02, 1.87813879e-02, 1.87813879e-02, 2.15763818e-02,
       2.15763818e-02, 2.46391183e-02, 2.46391183e-02, 2.46391183e-02,
       3.18182814e-02, 3.55131955e-02, 3.94359445e-02, 3.94359445e-02,
       4.36636750e-02, 5.22476171e-02, 5.22476171e-02, 6.14770440e-02,
       6.14770440e-02, 6.14770440e-02, 6.14770440e-02, 6.14770440e-02,
       6.68103530e-02, 7.22700780e-02, 7.22700780e-02, 7.80915380e-02,
       7.80915380e-02, 7.80915380e-02, 8.43643482e-02, 9.08797193e-02,
       9.75377929e-02, 9.75377929e-02, 1.04408958e-01, 1.11481581e-01,
       1.33077990e-01, 1.69896279e-01, 1.92402371e-01, 2.07761418e-01,
       2.23325969e-01, 2.23325969e-01, 2.31480908e-01, 2.31480908e-01,
       2.39937094e-01, 2.39937094e-01, 2.48660949e-01, 2.66449787e-01,
       2.93524983e-01, 2.93524983e-01, 3.02811693e-01, 3.12333189e-01,
       3.22033726e-01, 3.22033726e-01, 3.22033726e-01, 3.32119890e-01,
       3.42325122e-01, 3.42325122e-01, 3.73935852e-01, 3.73935852e-01,
       3.73935852e-01, 3.73935852e-01, 3.96249570e-01, 3.96249570e-01,
       3.96249570e-01, 4.07876662e-01, 4.07876662e-01, 4.07876662e-01,
       4.07876662e-01, 4.32293332e-01, 4.44610681e-01, 4.57116179e-01,
       4.82330473e-01, 4.82330473e-01, 4.82330473e-01, 4.82330473e-01,
       4.82330473e-01, 4.95732751e-01, 5.09343520e-01, 5.22997012e-01,
       5.22997012e-01, 5.22997012e-01, 5.51398386e-01, 5.65760064e-01,
       5.80256624e-01, 6.68055660e-01, 6.68055660e-01, 7.42709266e-01,
       1.00000000e+00]), array([0.00000000e+00, 3.91718519e-04, 8.08643315e-04, 1.07871481e-03,
       1.07871481e-03, 2.81202163e-03, 2.81202163e-03, 3.61713670e-03,
       5.68198148e-03, 6.75115025e-03, 6.75115025e-03, 8.13264193e-03,
       9.60268190e-03, 1.13173350e-02, 1.30976651e-02, 1.30976651e-02,
       1.30976651e-02, 1.30976651e-02, 1.30976651e-02, 1.30976651e-02,
       1.82179243e-02, 1.82179243e-02, 2.10058478e-02, 2.39632658e-02,
       2.39632658e-02, 2.39632658e-02, 2.39632658e-02, 2.75096231e-02,
       3.46769524e-02, 3.83899805e-02, 3.83899805e-02, 4.65128628e-02,
       4.65128628e-02, 4.65128628e-02, 4.65128628e-02, 5.11371918e-02,
       5.58616911e-02, 5.58616911e-02, 6.58600799e-02, 6.58600799e-02,
       6.58600799e-02, 6.58600799e-02, 6.58600799e-02, 6.58600799e-02,
       7.16125616e-02, 8.32963636e-02, 8.32963636e-02, 8.32963636e-02,
       8.96478897e-02, 1.02540118e-01, 1.15640247e-01, 1.28973811e-01,
       1.28973811e-01, 1.56751102e-01, 1.63802617e-01, 1.63802617e-01,
       1.71168532e-01, 1.78628558e-01, 1.78628558e-01, 1.86396109e-01,
       2.10171566e-01, 2.10171566e-01, 2.10171566e-01, 2.18469465e-01,
       2.18469465e-01, 2.18469465e-01, 2.27146415e-01, 2.27146415e-01,
       2.27146415e-01, 2.36185753e-01, 2.54658151e-01, 2.54658151e-01,
       2.64095746e-01, 2.64095746e-01, 2.73895198e-01, 2.73895198e-01,
       2.83899037e-01, 2.83899037e-01, 2.83899037e-01, 2.83899037e-01,
       2.94377084e-01, 2.94377084e-01, 3.05175000e-01, 3.05175000e-01,
       3.05175000e-01, 3.27466922e-01, 3.27466922e-01, 3.27466922e-01,
       3.27466922e-01, 3.39141747e-01, 3.51051306e-01, 3.87023719e-01,
       4.23388820e-01, 4.60071830e-01, 4.60071830e-01, 4.72657466e-01,
       4.85303562e-01, 4.98136193e-01, 5.24036891e-01, 5.63120923e-01,
       1.00000000e+00]), array([0.00000000e+00, 3.72428141e-04, 5.93806119e-04, 1.31205165e-03,
       1.85209238e-03, 2.48373205e-03, 2.48373205e-03, 2.48373205e-03,
       5.74098367e-03, 8.08553153e-03, 1.07643975e-02, 1.23063223e-02,
       1.23063223e-02, 1.59433478e-02, 1.59433478e-02, 1.59433478e-02,
       1.59433478e-02, 1.83316801e-02, 1.83316801e-02, 2.10450227e-02,
       2.10450227e-02, 2.10450227e-02, 2.41691500e-02, 2.41691500e-02,
       2.75089415e-02, 2.75089415e-02, 3.47087383e-02, 3.85652028e-02,
       4.24492378e-02, 5.05027915e-02, 5.47759718e-02, 5.47759718e-02,
       5.92488654e-02, 6.38461491e-02, 7.33442463e-02, 8.80957957e-02,
       8.80957957e-02, 1.03659651e-01, 1.09018596e-01, 1.14567788e-01,
       1.14567788e-01, 1.20419009e-01, 1.20419009e-01, 1.26441915e-01,
       1.26441915e-01, 1.32759362e-01, 1.32759362e-01, 1.39458928e-01,
       1.46223928e-01, 1.46223928e-01, 1.53250019e-01, 1.67662903e-01,
       1.67662903e-01, 1.67662903e-01, 1.67662903e-01, 1.67662903e-01,
       1.75603050e-01, 1.75603050e-01, 1.83818715e-01, 1.83818715e-01,
       1.83818715e-01, 1.83818715e-01, 1.83818715e-01, 1.92820811e-01,
       2.01891475e-01, 2.01891475e-01, 2.01891475e-01, 2.11464690e-01,
       2.11464690e-01, 2.11464690e-01, 2.21460962e-01, 2.21460962e-01,
       2.31767074e-01, 2.31767074e-01, 2.31767074e-01, 2.42373727e-01,
       2.42373727e-01, 2.53318770e-01, 2.53318770e-01, 2.53318770e-01,
       2.76056326e-01, 2.76056326e-01, 2.87681592e-01, 3.11297644e-01,
       3.23237688e-01, 3.23237688e-01, 3.47715763e-01, 3.47715763e-01,
       3.72818336e-01, 4.23710389e-01, 4.36549905e-01, 4.36549905e-01,
       4.62824257e-01, 4.76048916e-01, 5.02863456e-01, 5.30014454e-01,
       5.43723206e-01, 5.57565001e-01, 5.71570338e-01, 6.42128523e-01,
       1.00000000e+00])]",0.0322751160067923,0.0107888240540748,0.0073099118482366,0.0030509459222928,"[{'lambda_reg': 0.28198624309225084, 'K_bin': 1, 'gamma': 0.026426456782802515, 'degree': 6, 'coef0': 4.739231040698677}, {'lambda_reg': 3.073288037488857e-05, 'K_bin': 1, 'gamma': 0.013433660359246806, 'degree': 5, 'coef0': 4.314743908845706}, {'lambda_reg': 0.00030802753745801624, 'K_bin': 1, 'gamma': 0.0076567055201894624, 'degree': 3, 'coef0': 3.307100337222278}, {'lambda_reg': 0.0004507370671190112, 'K_bin': 1, 'gamma': 0.00800509545824939, 'degree': 6, 'coef0': 3.511762814137524}, {'lambda_reg': 0.011998309357098167, 'K_bin': 1, 'gamma': 1.1390875954093262, 'degree': 2, 'coef0': 0.5643049436773045}]",600,2,polynomial,34
"[np.float64(0.08759003808415172), np.float64(0.04062680687626064), np.float64(0.07637149418094194), np.float64(0.10774641459006606), np.float64(0.0870946360278544)]",0.0798858779518549,0.0220959513627238,"[np.float64(0.8043643481730431), np.float64(0.7965173514544482), np.float64(0.7386936651624448), np.float64(0.7368456047038725), np.float64(0.8697271324363488)]",0.7892296203860314,0.0491120928589945,"[np.float64(0.9546716538033144), np.float64(0.9735172630443492), np.float64(0.961567680904938), np.float64(0.9712906234707828), np.float64(0.9631461143692581)]",0.9648386671185284,0.0068392691624963,"[array([0.        , 0.34338949, 0.43593549, 0.46630462, 0.49647825,
       0.52630278, 0.52630278, 0.5847089 , 0.5847089 , 0.5847089 ,
       0.5847089 , 0.64075377, 0.64075377, 0.66808609, 0.74933062,
       0.74933062, 0.74933062, 0.74933062, 0.74933062, 0.74933062,
       0.74933062, 0.74933062, 0.74933062, 0.74933062, 0.74933062,
       0.7728128 , 0.7728128 , 0.7728128 , 0.7728128 , 0.7728128 ,
       0.79480312, 0.81648159, 0.81648159, 0.83763074, 0.83763074,
       0.83763074, 0.83763074, 0.83763074, 0.83763074, 0.85700081,
       0.85700081, 0.87562629, 0.87562629, 0.87562629, 0.87562629,
       0.87562629, 0.87562629, 0.87562629, 0.89215101, 0.89215101,
       0.89215101, 0.89215101, 0.89215101, 0.89215101, 0.90671768,
       0.90671768, 0.90671768, 0.90671768, 0.91989653, 0.91989653,
       0.91989653, 0.91989653, 0.91989653, 0.91989653, 0.91989653,
       0.91989653, 0.91989653, 0.93052668, 0.93052668, 0.94026027,
       0.94026027, 0.94026027, 0.94026027, 0.94026027, 0.94852172,
       0.9564161 , 0.9564161 , 0.9564161 , 0.96359544, 0.96359544,
       0.9700548 , 0.9700548 , 0.9700548 , 0.9700548 , 0.9700548 ,
       0.9700548 , 0.97449014, 0.97449014, 0.98204393, 0.98574942,
       0.98574942, 0.98883548, 0.99135772, 0.99360072, 0.99558746,
       0.99558746, 0.99685061, 0.99798389, 0.99878046, 0.99926823,
       1.        ]), array([0.        , 0.40984491, 0.4964762 , 0.58220042, 0.6386416 ,
       0.6945169 , 0.74989111, 0.77724333, 0.77724333, 0.77724333,
       0.77724333, 0.77724333, 0.77724333, 0.8285678 , 0.8285678 ,
       0.8285678 , 0.85320418, 0.85320418, 0.85320418, 0.85320418,
       0.85320418, 0.85320418, 0.85320418, 0.85320418, 0.85320418,
       0.85320418, 0.85320418, 0.85320418, 0.85320418, 0.85320418,
       0.85320418, 0.85320418, 0.85320418, 0.85320418, 0.85320418,
       0.85320418, 0.85320418, 0.85320418, 0.85320418, 0.87109313,
       0.87109313, 0.87109313, 0.87109313, 0.87109313, 0.87109313,
       0.87109313, 0.87109313, 0.87109313, 0.88651211, 0.90172984,
       0.91655963, 0.91655963, 0.91655963, 0.91655963, 0.91655963,
       0.94322771, 0.94322771, 0.94322771, 0.94322771, 0.95533152,
       0.95533152, 0.95533152, 0.95533152, 0.96644318, 0.96644318,
       0.96644318, 0.96644318, 0.96644318, 0.96644318, 0.96644318,
       0.96644318, 0.97522829, 0.97522829, 0.97522829, 0.97522829,
       0.97522829, 0.97522829, 0.97522829, 0.97522829, 0.97522829,
       0.97522829, 0.98104477, 0.98104477, 0.98624059, 0.98624059,
       0.98624059, 0.98624059, 0.98624059, 0.9897753 , 0.9897753 ,
       0.99294184, 0.99294184, 0.99294184, 0.99521198, 0.99521198,
       0.9967786 , 0.9967786 , 0.9967786 , 0.99823586, 0.99875156,
       1.        ]), array([0.        , 0.42505222, 0.45505877, 0.57399273, 0.57399273,
       0.60302029, 0.60302029, 0.66004923, 0.68829386, 0.68829386,
       0.68829386, 0.68829386, 0.7153169 , 0.74198202, 0.74198202,
       0.74198202, 0.74198202, 0.74198202, 0.74198202, 0.74198202,
       0.74198202, 0.76611273, 0.76611273, 0.76611273, 0.76611273,
       0.76611273, 0.76611273, 0.78846054, 0.81050169, 0.81050169,
       0.83181599, 0.83181599, 0.83181599, 0.83181599, 0.83181599,
       0.83181599, 0.83181599, 0.83181599, 0.83181599, 0.83181599,
       0.85035565, 0.85035565, 0.85035565, 0.85035565, 0.884658  ,
       0.884658  , 0.884658  , 0.884658  , 0.884658  , 0.884658  ,
       0.884658  , 0.884658  , 0.884658  , 0.884658  , 0.89880054,
       0.91267694, 0.91267694, 0.91267694, 0.91267694, 0.9253927 ,
       0.9253927 , 0.9253927 , 0.93699454, 0.93699454, 0.93699454,
       0.93699454, 0.93699454, 0.94729955, 0.94729955, 0.94729955,
       0.94729955, 0.95636299, 0.95636299, 0.95636299, 0.9643814 ,
       0.9643814 , 0.9643814 , 0.9643814 , 0.9643814 , 0.9643814 ,
       0.9643814 , 0.97033177, 0.97609176, 0.98150042, 0.98638876,
       0.98638876, 0.98638876, 0.99040339, 0.99409039, 0.99409039,
       0.99409039, 0.99409039, 0.99409039, 0.99409039, 0.99612864,
       0.99612864, 0.99612864, 0.99927423, 0.99927423, 0.99927423,
       1.        ]), array([0.        , 0.61013474, 0.61013474, 0.61013474, 0.61013474,
       0.61013474, 0.64222009, 0.64222009, 0.64222009, 0.64222009,
       0.64222009, 0.64222009, 0.64222009, 0.67204235, 0.67204235,
       0.67204235, 0.70067832, 0.72913292, 0.75716317, 0.75716317,
       0.75716317, 0.75716317, 0.75716317, 0.75716317, 0.75716317,
       0.75716317, 0.75716317, 0.80711384, 0.80711384, 0.80711384,
       0.80711384, 0.80711384, 0.83036188, 0.83036188, 0.83036188,
       0.83036188, 0.85238907, 0.85238907, 0.85238907, 0.85238907,
       0.87302177, 0.87302177, 0.87302177, 0.87302177, 0.87302177,
       0.91066656, 0.92903021, 0.92903021, 0.92903021, 0.92903021,
       0.92903021, 0.92903021, 0.92903021, 0.92903021, 0.92903021,
       0.94433578, 0.94433578, 0.94433578, 0.94433578, 0.94433578,
       0.94433578, 0.94433578, 0.94433578, 0.94433578, 0.94433578,
       0.94433578, 0.94433578, 0.94433578, 0.94433578, 0.94433578,
       0.94433578, 0.94433578, 0.94433578, 0.94433578, 0.95349142,
       0.95349142, 0.95349142, 0.96139647, 0.96139647, 0.96872196,
       0.97584893, 0.98244094, 0.98244094, 0.98244094, 0.98244094,
       0.98244094, 0.98244094, 0.98244094, 0.98244094, 0.98244094,
       0.98614547, 0.98953715, 0.99256714, 0.99256714, 0.99256714,
       0.99256714, 0.99538083, 0.99750602, 0.99750602, 0.99874019,
       1.        ]), array([0.        , 0.17871093, 0.26678805, 0.3542857 , 0.3542857 ,
       0.3542857 , 0.4389355 , 0.4807185 , 0.4807185 , 0.56272166,
       0.6031623 , 0.6031623 , 0.64267069, 0.64267069, 0.64267069,
       0.64267069, 0.64267069, 0.64267069, 0.64267069, 0.67929958,
       0.71554784, 0.71554784, 0.71554784, 0.71554784, 0.71554784,
       0.71554784, 0.71554784, 0.74859519, 0.74859519, 0.74859519,
       0.74859519, 0.74859519, 0.74859519, 0.77887351, 0.77887351,
       0.77887351, 0.77887351, 0.77887351, 0.8070207 , 0.8070207 ,
       0.8070207 , 0.8070207 , 0.8070207 , 0.8070207 , 0.8070207 ,
       0.8070207 , 0.8070207 , 0.8070207 , 0.83050594, 0.85351312,
       0.85351312, 0.85351312, 0.85351312, 0.85351312, 0.85351312,
       0.85351312, 0.87339484, 0.87339484, 0.89244396, 0.89244396,
       0.89244396, 0.89244396, 0.89244396, 0.90922438, 0.90922438,
       0.90922438, 0.92486842, 0.92486842, 0.9396529 , 0.95372372,
       0.95372372, 0.95372372, 0.95372372, 0.96614023, 0.96614023,
       0.96614023, 0.96614023, 0.96614023, 0.96614023, 0.96614023,
       0.96614023, 0.96614023, 0.96614023, 0.96614023, 0.96614023,
       0.96614023, 0.97272487, 0.97272487, 0.97272487, 0.97272487,
       0.9772533 , 0.9772533 , 0.9772533 , 0.98417584, 0.98726249,
       0.9898048 , 0.99162461, 0.99162461, 0.99485904, 0.99802399,
       1.        ])]","[array([0.        , 0.00108849, 0.00264431, 0.00370893, 0.00499616,
       0.00668087, 0.00668087, 0.01146557, 0.01146557, 0.01146557,
       0.01146557, 0.01893885, 0.01893885, 0.02346128, 0.03788529,
       0.03788529, 0.03788529, 0.03788529, 0.03788529, 0.03788529,
       0.03788529, 0.03788529, 0.03788529, 0.03788529, 0.03788529,
       0.04679161, 0.04679161, 0.04679161, 0.04679161, 0.04679161,
       0.0573966 , 0.06835668, 0.06835668, 0.07991946, 0.07991946,
       0.07991946, 0.07991946, 0.07991946, 0.07991946, 0.09350794,
       0.09350794, 0.10794424, 0.10794424, 0.10794424, 0.10794424,
       0.10794424, 0.10794424, 0.10794424, 0.12477253, 0.12477253,
       0.12477253, 0.12477253, 0.12477253, 0.12477253, 0.14383032,
       0.14383032, 0.14383032, 0.14383032, 0.16446833, 0.16446833,
       0.16446833, 0.16446833, 0.16446833, 0.16446833, 0.16446833,
       0.16446833, 0.16446833, 0.18800835, 0.18800835, 0.21256924,
       0.21256924, 0.21256924, 0.21256924, 0.21256924, 0.23880634,
       0.2654614 , 0.2654614 , 0.2654614 , 0.29293063, 0.29293063,
       0.32121965, 0.32121965, 0.32121965, 0.32121965, 0.32121965,
       0.32121965, 0.35181328, 0.35181328, 0.41449999, 0.44592465,
       0.44592465, 0.4780546 , 0.51082655, 0.54391644, 0.57729813,
       0.57729813, 0.61150371, 0.64585716, 0.68059401, 0.71568246,
       1.        ]), array([0.00000000e+00, 7.11906958e-04, 2.43619080e-03, 5.35588702e-03,
       8.23580660e-03, 1.18614809e-02, 1.61475426e-02, 1.87319067e-02,
       1.87319067e-02, 1.87319067e-02, 1.87319067e-02, 1.87319067e-02,
       1.87319067e-02, 2.83550468e-02, 2.83550468e-02, 2.83550468e-02,
       3.45185733e-02, 3.45185733e-02, 3.45185733e-02, 3.45185733e-02,
       3.45185733e-02, 3.45185733e-02, 3.45185733e-02, 3.45185733e-02,
       3.45185733e-02, 3.45185733e-02, 3.45185733e-02, 3.45185733e-02,
       3.45185733e-02, 3.45185733e-02, 3.45185733e-02, 3.45185733e-02,
       3.45185733e-02, 3.45185733e-02, 3.45185733e-02, 3.45185733e-02,
       3.45185733e-02, 3.45185733e-02, 3.45185733e-02, 4.95744161e-02,
       4.95744161e-02, 4.95744161e-02, 4.95744161e-02, 4.95744161e-02,
       4.95744161e-02, 4.95744161e-02, 4.95744161e-02, 4.95744161e-02,
       6.78853915e-02, 8.64615755e-02, 1.05549027e-01, 1.05549027e-01,
       1.05549027e-01, 1.05549027e-01, 1.05549027e-01, 1.47666379e-01,
       1.47666379e-01, 1.47666379e-01, 1.47666379e-01, 1.70346361e-01,
       1.70346361e-01, 1.70346361e-01, 1.70346361e-01, 1.94333865e-01,
       1.94333865e-01, 1.94333865e-01, 1.94333865e-01, 1.94333865e-01,
       1.94333865e-01, 1.94333865e-01, 1.94333865e-01, 2.21387490e-01,
       2.21387490e-01, 2.21387490e-01, 2.21387490e-01, 2.21387490e-01,
       2.21387490e-01, 2.21387490e-01, 2.21387490e-01, 2.21387490e-01,
       2.21387490e-01, 2.52353425e-01, 2.52353425e-01, 2.84137319e-01,
       2.84137319e-01, 2.84137319e-01, 2.84137319e-01, 2.84137319e-01,
       3.18110354e-01, 3.18110354e-01, 3.52568587e-01, 3.52568587e-01,
       3.52568587e-01, 3.88208182e-01, 3.88208182e-01, 4.24774927e-01,
       4.24774927e-01, 4.24774927e-01, 5.00117166e-01, 5.38068905e-01,
       1.00000000e+00]), array([0.        , 0.0012443 , 0.00176211, 0.00515558, 0.00515558,
       0.00685853, 0.00685853, 0.01150668, 0.01415743, 0.01415743,
       0.01415743, 0.01415743, 0.01828698, 0.02284983, 0.02284983,
       0.02284983, 0.02284983, 0.02284983, 0.02284983, 0.02284983,
       0.02284983, 0.03048074, 0.03048074, 0.03048074, 0.03048074,
       0.03048074, 0.03048074, 0.04027   , 0.05043047, 0.05043047,
       0.06147086, 0.06147086, 0.06147086, 0.06147086, 0.06147086,
       0.06147086, 0.06147086, 0.06147086, 0.06147086, 0.06147086,
       0.07587014, 0.07587014, 0.07587014, 0.07587014, 0.10803041,
       0.10803041, 0.10803041, 0.10803041, 0.10803041, 0.10803041,
       0.10803041, 0.10803041, 0.10803041, 0.10803041, 0.12775271,
       0.14779718, 0.14779718, 0.14779718, 0.14779718, 0.1692467 ,
       0.1692467 , 0.1692467 , 0.19204469, 0.19204469, 0.19204469,
       0.19204469, 0.19204469, 0.21641258, 0.21641258, 0.21641258,
       0.21641258, 0.24228349, 0.24228349, 0.24228349, 0.26941947,
       0.26941947, 0.26941947, 0.26941947, 0.26941947, 0.26941947,
       0.26941947, 0.29905895, 0.32892892, 0.35922418, 0.39014933,
       0.39014933, 0.39014933, 0.42213216, 0.45451162, 0.45451162,
       0.45451162, 0.45451162, 0.45451162, 0.45451162, 0.48888701,
       0.48888701, 0.48888701, 0.59560752, 0.59560752, 0.59560752,
       1.        ]), array([0.        , 0.00109015, 0.00109015, 0.00109015, 0.00109015,
       0.00109015, 0.00289619, 0.00289619, 0.00289619, 0.00289619,
       0.00289619, 0.00289619, 0.00289619, 0.00688342, 0.00688342,
       0.00688342, 0.01201399, 0.01731937, 0.02303374, 0.02303374,
       0.02303374, 0.02303374, 0.02303374, 0.02303374, 0.02303374,
       0.02303374, 0.02303374, 0.04035118, 0.04035118, 0.04035118,
       0.04035118, 0.04035118, 0.05067468, 0.05067468, 0.05067468,
       0.05067468, 0.06217484, 0.06217484, 0.06217484, 0.06217484,
       0.07501902, 0.07501902, 0.07501902, 0.07501902, 0.07501902,
       0.10419694, 0.11922805, 0.11922805, 0.11922805, 0.11922805,
       0.11922805, 0.11922805, 0.11922805, 0.11922805, 0.11922805,
       0.13720655, 0.13720655, 0.13720655, 0.13720655, 0.13720655,
       0.13720655, 0.13720655, 0.13720655, 0.13720655, 0.13720655,
       0.13720655, 0.13720655, 0.13720655, 0.13720655, 0.13720655,
       0.13720655, 0.13720655, 0.13720655, 0.13720655, 0.16111239,
       0.16111239, 0.16111239, 0.18622356, 0.18622356, 0.21189331,
       0.2377544 , 0.26413108, 0.26413108, 0.26413108, 0.26413108,
       0.26413108, 0.26413108, 0.26413108, 0.26413108, 0.26413108,
       0.29329074, 0.32275193, 0.3525617 , 0.3525617 , 0.3525617 ,
       0.3525617 , 0.41531006, 0.47872201, 0.47872201, 0.57572283,
       1.        ]), array([0.00000000e+00, 3.53519932e-04, 1.28686323e-03, 2.56316413e-03,
       2.56316413e-03, 2.56316413e-03, 5.52496070e-03, 7.32658602e-03,
       7.32658602e-03, 1.18547875e-02, 1.44508850e-02, 1.44508850e-02,
       1.75987248e-02, 1.75987248e-02, 1.75987248e-02, 1.75987248e-02,
       1.75987248e-02, 1.75987248e-02, 1.75987248e-02, 2.24507922e-02,
       2.75281408e-02, 2.75281408e-02, 2.75281408e-02, 2.75281408e-02,
       2.75281408e-02, 2.75281408e-02, 2.75281408e-02, 3.44999331e-02,
       3.44999331e-02, 3.44999331e-02, 3.44999331e-02, 3.44999331e-02,
       3.44999331e-02, 4.31105721e-02, 4.31105721e-02, 4.31105721e-02,
       4.31105721e-02, 4.31105721e-02, 5.29825210e-02, 5.29825210e-02,
       5.29825210e-02, 5.29825210e-02, 5.29825210e-02, 5.29825210e-02,
       5.29825210e-02, 5.29825210e-02, 5.29825210e-02, 5.29825210e-02,
       6.56136295e-02, 7.85276784e-02, 7.85276784e-02, 7.85276784e-02,
       7.85276784e-02, 7.85276784e-02, 7.85276784e-02, 7.85276784e-02,
       9.32915181e-02, 9.32915181e-02, 1.08548136e-01, 1.08548136e-01,
       1.08548136e-01, 1.08548136e-01, 1.08548136e-01, 1.25147478e-01,
       1.25147478e-01, 1.25147478e-01, 1.42419386e-01, 1.42419386e-01,
       1.60200018e-01, 1.78403036e-01, 1.78403036e-01, 1.78403036e-01,
       1.78403036e-01, 1.97585144e-01, 1.97585144e-01, 1.97585144e-01,
       1.97585144e-01, 1.97585144e-01, 1.97585144e-01, 1.97585144e-01,
       1.97585144e-01, 1.97585144e-01, 1.97585144e-01, 1.97585144e-01,
       1.97585144e-01, 1.97585144e-01, 2.20218836e-01, 2.20218836e-01,
       2.20218836e-01, 2.20218836e-01, 2.44069495e-01, 2.44069495e-01,
       2.44069495e-01, 2.93033994e-01, 3.17737967e-01, 3.42764098e-01,
       3.68217843e-01, 3.68217843e-01, 4.45895945e-01, 5.50145959e-01,
       1.00000000e+00])]",0.0254409561383627,0.0073613051698858,0.0026279346004802,0.001218938133223,"[{'lambda_reg': 0.04235768042576951, 'K_bin': 1}, {'lambda_reg': 1.5004229917519198e-05, 'K_bin': 1}, {'lambda_reg': 6.125348978211483e-05, 'K_bin': 1}, {'lambda_reg': 3.924731745936087e-05, 'K_bin': 1}, {'lambda_reg': 1.2396003789478674e-05, 'K_bin': 1}]",300,1,linear,0
"[np.float64(0.09872373579570493), np.float64(0.042234266806080584), np.float64(0.08036539323675237), np.float64(0.11537264151179615), np.float64(0.12263442110302537)]",0.0918660916906718,0.0287814501660153,"[np.float64(0.8010390345360843), np.float64(0.8141475822800822), np.float64(0.742139682167975), np.float64(0.7316767684097903), np.float64(0.8679894408689925)]",0.7913985016525849,0.0499394618158156,"[np.float64(0.9171597347459687), np.float64(0.9555258674810388), np.float64(0.9360141491657381), np.float64(0.9515414320566413), np.float64(0.9069162461290561)]",0.9334314859156888,0.0189242163511124,"[array([0.        , 0.        , 0.08943331, 0.20769527, 0.35437389,
       0.35437389, 0.38290667, 0.38290667, 0.41096117, 0.46641962,
       0.46641962, 0.5207084 , 0.57433955, 0.57433955, 0.60050355,
       0.65260178, 0.67821051, 0.70355455, 0.70355455, 0.70355455,
       0.70355455, 0.70355455, 0.70355455, 0.70355455, 0.70355455,
       0.70355455, 0.70355455, 0.72580913, 0.74787777, 0.7914689 ,
       0.7914689 , 0.7914689 , 0.7914689 , 0.7914689 , 0.7914689 ,
       0.7914689 , 0.7914689 , 0.81074411, 0.81074411, 0.81074411,
       0.81074411, 0.82883839, 0.82883839, 0.82883839, 0.84592692,
       0.84592692, 0.84592692, 0.84592692, 0.84592692, 0.86145753,
       0.86145753, 0.86145753, 0.86145753, 0.86145753, 0.86145753,
       0.86145753, 0.86145753, 0.87477756, 0.87477756, 0.88749396,
       0.88749396, 0.88749396, 0.88749396, 0.898986  , 0.898986  ,
       0.90966146, 0.90966146, 0.90966146, 0.90966146, 0.90966146,
       0.90966146, 0.91864506, 0.92733989, 0.93563834, 0.93563834,
       0.93563834, 0.95038892, 0.95038892, 0.95038892, 0.95038892,
       0.95038892, 0.95629817, 0.96180565, 0.96717887, 0.97216541,
       0.9769027 , 0.98138269, 0.98138269, 0.98138269, 0.98138269,
       0.98460227, 0.98460227, 0.98962892, 0.99205005, 0.99205005,
       0.99378486, 0.99529081, 0.99853129, 0.99927455, 0.99971171,
       1.        ]), array([0.        , 0.14056394, 0.36402734, 0.47420221, 0.50157882,
       0.63710154, 0.6638125 , 0.6638125 , 0.68999558, 0.68999558,
       0.71557973, 0.71557973, 0.74075019, 0.76561447, 0.7900912 ,
       0.81436416, 0.81436416, 0.81436416, 0.81436416, 0.81436416,
       0.81436416, 0.81436416, 0.81436416, 0.81436416, 0.81436416,
       0.81436416, 0.81436416, 0.81436416, 0.81436416, 0.81436416,
       0.81436416, 0.81436416, 0.81436416, 0.81436416, 0.83314558,
       0.83314558, 0.83314558, 0.85109415, 0.86879539, 0.86879539,
       0.88581887, 0.88581887, 0.88581887, 0.88581887, 0.90190797,
       0.90190797, 0.91745669, 0.91745669, 0.91745669, 0.91745669,
       0.91745669, 0.91745669, 0.91745669, 0.93088661, 0.93088661,
       0.93088661, 0.93088661, 0.93088661, 0.93088661, 0.94266156,
       0.94266156, 0.94266156, 0.94266156, 0.94266156, 0.94266156,
       0.94266156, 0.94266156, 0.95209808, 0.95209808, 0.95209808,
       0.95209808, 0.96050089, 0.96050089, 0.96050089, 0.96050089,
       0.96050089, 0.96050089, 0.96050089, 0.96050089, 0.96050089,
       0.96050089, 0.96614247, 0.96614247, 0.96614247, 0.96614247,
       0.97054269, 0.97464225, 0.97860136, 0.98579159, 0.98911117,
       0.98911117, 0.98911117, 0.99152471, 0.99152471, 0.99521278,
       0.99521278, 0.99521278, 0.99729091, 0.99808285, 0.99938593,
       1.        ]), array([0.        , 0.08972468, 0.23810247, 0.38481414, 0.44305388,
       0.47183488, 0.50048733, 0.55711525, 0.58487567, 0.61246907,
       0.61246907, 0.63933254, 0.66597779, 0.66597779, 0.66597779,
       0.66597779, 0.66597779, 0.66597779, 0.69076328, 0.69076328,
       0.69076328, 0.69076328, 0.69076328, 0.71428319, 0.71428319,
       0.71428319, 0.71428319, 0.73643995, 0.73643995, 0.73643995,
       0.73643995, 0.77825374, 0.77825374, 0.79871212, 0.79871212,
       0.81850657, 0.81850657, 0.81850657, 0.83725869, 0.83725869,
       0.83725869, 0.83725869, 0.83725869, 0.83725869, 0.83725869,
       0.85411495, 0.87052029, 0.87052029, 0.88638651, 0.88638651,
       0.88638651, 0.88638651, 0.88638651, 0.88638651, 0.88638651,
       0.88638651, 0.88638651, 0.88638651, 0.88638651, 0.88638651,
       0.88638651, 0.88638651, 0.88638651, 0.90911894, 0.90911894,
       0.93045153, 0.93045153, 0.94059392, 0.94059392, 0.94059392,
       0.94059392, 0.94059392, 0.94059392, 0.94901665, 0.95714726,
       0.95714726, 0.95714726, 0.96416665, 0.96416665, 0.96416665,
       0.97653729, 0.97653729, 0.98207945, 0.98207945, 0.98207945,
       0.98207945, 0.98631351, 0.98631351, 0.98997262, 0.98997262,
       0.98997262, 0.98997262, 0.98997262, 0.9921945 , 0.99409354,
       0.99409354, 0.99532963, 0.99639687, 0.99832467, 0.99916015,
       1.        ]), array([0.        , 0.23447276, 0.3009047 , 0.49843001, 0.49843001,
       0.49843001, 0.49843001, 0.56141731, 0.56141731, 0.56141731,
       0.56141731, 0.56141731, 0.56141731, 0.56141731, 0.61997564,
       0.61997564, 0.61997564, 0.64819681, 0.64819681, 0.64819681,
       0.675412  , 0.70207806, 0.72852863, 0.72852863, 0.72852863,
       0.75413182, 0.75413182, 0.75413182, 0.75413182, 0.75413182,
       0.75413182, 0.75413182, 0.75413182, 0.77677122, 0.77677122,
       0.82088514, 0.84278516, 0.8642589 , 0.8642589 , 0.8642589 ,
       0.8642589 , 0.8642589 , 0.8642589 , 0.8642589 , 0.8642589 ,
       0.8831211 , 0.8831211 , 0.8831211 , 0.8831211 , 0.8831211 ,
       0.90000487, 0.91664528, 0.91664528, 0.91664528, 0.91664528,
       0.91664528, 0.91664528, 0.91664528, 0.91664528, 0.91664528,
       0.91664528, 0.91664528, 0.91664528, 0.91664528, 0.91664528,
       0.92875574, 0.92875574, 0.92875574, 0.92875574, 0.92875574,
       0.92875574, 0.93860232, 0.93860232, 0.94771446, 0.96575467,
       0.96575467, 0.96575467, 0.96575467, 0.96575467, 0.96575467,
       0.96575467, 0.96575467, 0.96575467, 0.97171583, 0.97734242,
       0.97734242, 0.97734242, 0.97734242, 0.97734242, 0.98105372,
       0.98105372, 0.98412013, 0.98708341, 0.98708341, 0.98928568,
       0.98928568, 0.99240458, 0.9947179 , 0.99718981, 0.99933366,
       1.        ]), array([0.        , 0.        , 0.        , 0.0749516 , 0.0749516 ,
       0.14848626, 0.18478448, 0.22085256, 0.22085256, 0.25588472,
       0.39520775, 0.49829683, 0.49829683, 0.53209176, 0.53209176,
       0.59800636, 0.59800636, 0.59800636, 0.62959883, 0.62959883,
       0.62959883, 0.62959883, 0.62959883, 0.62959883, 0.62959883,
       0.62959883, 0.62959883, 0.62959883, 0.65765794, 0.65765794,
       0.65765794, 0.7111074 , 0.7111074 , 0.7111074 , 0.7111074 ,
       0.7111074 , 0.7111074 , 0.7111074 , 0.7111074 , 0.7111074 ,
       0.7111074 , 0.75676291, 0.75676291, 0.75676291, 0.77868228,
       0.77868228, 0.77868228, 0.77868228, 0.77868228, 0.77868228,
       0.79824411, 0.83604767, 0.83604767, 0.83604767, 0.83604767,
       0.85371585, 0.85371585, 0.8705531 , 0.8705531 , 0.8705531 ,
       0.8705531 , 0.8705531 , 0.8705531 , 0.8705531 , 0.8705531 ,
       0.8705531 , 0.8705531 , 0.8705531 , 0.8705531 , 0.8705531 ,
       0.8705531 , 0.89330517, 0.89330517, 0.89330517, 0.89330517,
       0.89330517, 0.89330517, 0.89330517, 0.89330517, 0.89330517,
       0.89330517, 0.90813691, 0.90813691, 0.90813691, 0.92097675,
       0.92097675, 0.92097675, 0.93662248, 0.94641452, 0.9551747 ,
       0.9631219 , 0.974032  , 0.974032  , 0.97697662, 0.98691727,
       0.99331583, 0.99658832, 0.99910419, 1.        , 1.        ,
       1.        ])]","[array([0.        , 0.        , 0.00196896, 0.0057909 , 0.01196764,
       0.01196764, 0.014181  , 0.014181  , 0.01697692, 0.02336115,
       0.02336115, 0.03117008, 0.03978001, 0.03978001, 0.04487863,
       0.05535571, 0.06113066, 0.06722801, 0.06722801, 0.06722801,
       0.06722801, 0.06722801, 0.06722801, 0.06722801, 0.06722801,
       0.06722801, 0.06722801, 0.07708841, 0.08717531, 0.10801431,
       0.10801431, 0.10801431, 0.10801431, 0.10801431, 0.10801431,
       0.10801431, 0.10801431, 0.12150369, 0.12150369, 0.12150369,
       0.12150369, 0.13643147, 0.13643147, 0.13643147, 0.1525843 ,
       0.1525843 , 0.1525843 , 0.1525843 , 0.1525843 , 0.17063472,
       0.17063472, 0.17063472, 0.17063472, 0.17063472, 0.17063472,
       0.17063472, 0.17063472, 0.1913777 , 0.1913777 , 0.21285592,
       0.21285592, 0.21285592, 0.21285592, 0.23582545, 0.23582545,
       0.25978959, 0.25978959, 0.25978959, 0.25978959, 0.25978959,
       0.25978959, 0.28581448, 0.3121911 , 0.33905052, 0.33905052,
       0.33905052, 0.39501825, 0.39501825, 0.39501825, 0.39501825,
       0.39501825, 0.4247878 , 0.45504671, 0.48546916, 0.51636259,
       0.54755963, 0.57907005, 0.57907005, 0.57907005, 0.57907005,
       0.6121157 , 0.6121157 , 0.67992749, 0.71394567, 0.71394567,
       0.74879982, 0.78393274, 0.89088733, 0.92694922, 0.96338395,
       1.        ]), array([0.        , 0.00138333, 0.00565705, 0.01002317, 0.01135399,
       0.01995597, 0.02223994, 0.02223994, 0.02527981, 0.02527981,
       0.0291773 , 0.0291773 , 0.03366717, 0.03859545, 0.04407867,
       0.0498537 , 0.0498537 , 0.0498537 , 0.0498537 , 0.0498537 ,
       0.0498537 , 0.0498537 , 0.0498537 , 0.0498537 , 0.0498537 ,
       0.0498537 , 0.0498537 , 0.0498537 , 0.0498537 , 0.0498537 ,
       0.0498537 , 0.0498537 , 0.0498537 , 0.0498537 , 0.06349219,
       0.06349219, 0.06349219, 0.07832327, 0.09350849, 0.09350849,
       0.10966423, 0.10966423, 0.10966423, 0.10966423, 0.12715793,
       0.12715793, 0.14542541, 0.14542541, 0.14542541, 0.14542541,
       0.14542541, 0.14542541, 0.14542541, 0.16672687, 0.16672687,
       0.16672687, 0.16672687, 0.16672687, 0.16672687, 0.19039812,
       0.19039812, 0.19039812, 0.19039812, 0.19039812, 0.19039812,
       0.19039812, 0.19039812, 0.21741782, 0.21741782, 0.21741782,
       0.21741782, 0.24591771, 0.24591771, 0.24591771, 0.24591771,
       0.24591771, 0.24591771, 0.24591771, 0.24591771, 0.24591771,
       0.24591771, 0.2783715 , 0.2783715 , 0.2783715 , 0.2783715 ,
       0.31260282, 0.34726465, 0.3821276 , 0.45289593, 0.48867464,
       0.48867464, 0.48867464, 0.52575073, 0.52575073, 0.6015339 ,
       0.6015339 , 0.6015339 , 0.67962238, 0.71902048, 0.83875088,
       1.        ]), array([0.00000000e+00, 9.41806338e-04, 3.94815112e-03, 9.01207024e-03,
       1.15871061e-02, 1.32931236e-02, 1.51578784e-02, 1.97234478e-02,
       2.26898238e-02, 2.58624653e-02, 2.58624653e-02, 2.99365333e-02,
       3.42801022e-02, 3.42801022e-02, 3.42801022e-02, 3.42801022e-02,
       3.42801022e-02, 3.42801022e-02, 4.09203793e-02, 4.09203793e-02,
       4.09203793e-02, 4.09203793e-02, 4.09203793e-02, 4.91236022e-02,
       4.91236022e-02, 4.91236022e-02, 4.91236022e-02, 5.90102521e-02,
       5.90102521e-02, 5.90102521e-02, 5.90102521e-02, 8.18706031e-02,
       8.18706031e-02, 9.38546702e-02, 9.38546702e-02, 1.06658666e-01,
       1.06658666e-01, 1.06658666e-01, 1.20749894e-01, 1.20749894e-01,
       1.20749894e-01, 1.20749894e-01, 1.20749894e-01, 1.20749894e-01,
       1.20749894e-01, 1.37182419e-01, 1.54171808e-01, 1.54171808e-01,
       1.71826986e-01, 1.71826986e-01, 1.71826986e-01, 1.71826986e-01,
       1.71826986e-01, 1.71826986e-01, 1.71826986e-01, 1.71826986e-01,
       1.71826986e-01, 1.71826986e-01, 1.71826986e-01, 1.71826986e-01,
       1.71826986e-01, 1.71826986e-01, 1.71826986e-01, 2.18251964e-01,
       2.18251964e-01, 2.66405681e-01, 2.66405681e-01, 2.91129540e-01,
       2.91129540e-01, 2.91129540e-01, 2.91129540e-01, 2.91129540e-01,
       2.91129540e-01, 3.17977094e-01, 3.45185411e-01, 3.45185411e-01,
       3.45185411e-01, 3.73766028e-01, 3.73766028e-01, 3.73766028e-01,
       4.32987348e-01, 4.32987348e-01, 4.63392284e-01, 4.63392284e-01,
       4.63392284e-01, 4.63392284e-01, 4.95412663e-01, 4.95412663e-01,
       5.28143082e-01, 5.28143082e-01, 5.28143082e-01, 5.28143082e-01,
       5.28143082e-01, 5.62648409e-01, 5.97552429e-01, 5.97552429e-01,
       6.33275173e-01, 6.69206423e-01, 7.78573437e-01, 8.52040162e-01,
       1.00000000e+00]), array([0.        , 0.00144958, 0.00241172, 0.0070297 , 0.0070297 ,
       0.0070297 , 0.0070297 , 0.01136077, 0.01136077, 0.01136077,
       0.01136077, 0.01136077, 0.01136077, 0.01136077, 0.02002347,
       0.02002347, 0.02002347, 0.02538957, 0.02538957, 0.02538957,
       0.03173954, 0.03862657, 0.04572434, 0.04572434, 0.04572434,
       0.05365089, 0.05365089, 0.05365089, 0.05365089, 0.05365089,
       0.05365089, 0.05365089, 0.05365089, 0.06447608, 0.06447608,
       0.08726576, 0.09881408, 0.11077931, 0.11077931, 0.11077931,
       0.11077931, 0.11077931, 0.11077931, 0.11077931, 0.11077931,
       0.1252987 , 0.1252987 , 0.1252987 , 0.1252987 , 0.1252987 ,
       0.14175303, 0.15844538, 0.15844538, 0.15844538, 0.15844538,
       0.15844538, 0.15844538, 0.15844538, 0.15844538, 0.15844538,
       0.15844538, 0.15844538, 0.15844538, 0.15844538, 0.15844538,
       0.17956812, 0.17956812, 0.17956812, 0.17956812, 0.17956812,
       0.17956812, 0.20290499, 0.20290499, 0.22696016, 0.27525052,
       0.27525052, 0.27525052, 0.27525052, 0.27525052, 0.27525052,
       0.27525052, 0.27525052, 0.27525052, 0.30238743, 0.32985153,
       0.32985153, 0.32985153, 0.32985153, 0.32985153, 0.35918886,
       0.35918886, 0.38915689, 0.41922578, 0.41922578, 0.45003896,
       0.45003896, 0.51292271, 0.57659433, 0.67307791, 0.83581644,
       1.        ]), array([0.        , 0.        , 0.        , 0.00150022, 0.00150022,
       0.00408425, 0.00573507, 0.00756193, 0.00756193, 0.01018114,
       0.02127419, 0.03066726, 0.03066726, 0.0342328 , 0.0342328 ,
       0.04264528, 0.04264528, 0.04264528, 0.04789545, 0.04789545,
       0.04789545, 0.04789545, 0.04789545, 0.04789545, 0.04789545,
       0.04789545, 0.04789545, 0.04789545, 0.05584823, 0.05584823,
       0.05584823, 0.07379508, 0.07379508, 0.07379508, 0.07379508,
       0.07379508, 0.07379508, 0.07379508, 0.07379508, 0.07379508,
       0.07379508, 0.09770339, 0.09770339, 0.09770339, 0.11035235,
       0.11035235, 0.11035235, 0.11035235, 0.11035235, 0.11035235,
       0.12480456, 0.15471869, 0.15471869, 0.15471869, 0.15471869,
       0.17061931, 0.17061931, 0.18715551, 0.18715551, 0.18715551,
       0.18715551, 0.18715551, 0.18715551, 0.18715551, 0.18715551,
       0.18715551, 0.18715551, 0.18715551, 0.18715551, 0.18715551,
       0.18715551, 0.22858227, 0.22858227, 0.22858227, 0.22858227,
       0.22858227, 0.22858227, 0.22858227, 0.22858227, 0.22858227,
       0.22858227, 0.27606716, 0.27606716, 0.27606716, 0.32507561,
       0.32507561, 0.32507561, 0.40135261, 0.45269228, 0.5048212 ,
       0.55757196, 0.63747116, 0.63747116, 0.66463359, 0.77468902,
       0.85803902, 0.91436538, 0.97127047, 1.        , 1.        ,
       1.        ])]",0.0040095071972471,0.0155735121809021,0.0039883529625948,0.0016971028347378,"[{'lambda_reg': 0.010524435993619047, 'K_bin': 1, 'gamma': 0.011032280463356902}, {'lambda_reg': 0.0018404649722558461, 'K_bin': 1, 'gamma': 0.0035561818517676337}, {'lambda_reg': 0.019408230389198894, 'K_bin': 1, 'gamma': 0.03807182233807046}, {'lambda_reg': 0.0006884955564297232, 'K_bin': 1, 'gamma': 0.0022581418203807013}, {'lambda_reg': 0.017329699413418692, 'K_bin': 1, 'gamma': 0.009073879930587045}]",300,1,exponential,3
"[np.float64(0.1391756798581252), np.float64(0.08107898089700494), np.float64(0.11722207849667865), np.float64(0.09698462502285973), np.float64(0.21775420474373208)]",0.1304431138036801,0.047813320685245,"[np.float64(0.8092066762022899), np.float64(0.8505527227593966), np.float64(0.8669904276896538), np.float64(0.8424994405064213), np.float64(0.8274187613650639)]",0.8393336057045652,0.0197503736504763,"[np.float64(0.912059394901218), np.float64(0.9081050102846862), np.float64(0.9003249205317676), np.float64(0.9055012589490641), np.float64(0.9433396421322695)]",0.9138660453598012,0.0152215513731544,"[array([0.        , 0.21648237, 0.2522034 , 0.2874208 , 0.32237199,
       0.32237199, 0.35673671, 0.35673671, 0.35673671, 0.38975043,
       0.38975043, 0.42216326, 0.42216326, 0.45365263, 0.4850094 ,
       0.4850094 , 0.51565011, 0.54584458, 0.54584458, 0.54584458,
       0.54584458, 0.54584458, 0.54584458, 0.60210375, 0.60210375,
       0.60210375, 0.60210375, 0.60210375, 0.6282508 , 0.6282508 ,
       0.6282508 , 0.6282508 , 0.65288954, 0.65288954, 0.65288954,
       0.65288954, 0.65288954, 0.65288954, 0.65288954, 0.67524095,
       0.67524095, 0.67524095, 0.67524095, 0.69601733, 0.71652904,
       0.71652904, 0.73616725, 0.73616725, 0.75532661, 0.75532661,
       0.75532661, 0.77340911, 0.77340911, 0.77340911, 0.79018982,
       0.82307137, 0.82307137, 0.87007326, 0.87007326, 0.87007326,
       0.87007326, 0.88435384, 0.89813314, 0.89813314, 0.91134984,
       0.91134984, 0.91134984, 0.91134984, 0.91134984, 0.91134984,
       0.91134984, 0.94318941, 0.94318941, 0.95325635, 0.95325635,
       0.95325635, 0.95325635, 0.95325635, 0.95325635, 0.95325635,
       0.95325635, 0.96728808, 0.96728808, 0.96728808, 0.96728808,
       0.96728808, 0.96728808, 0.97217744, 0.9767832 , 0.98530548,
       0.98903925, 0.98903925, 0.98903925, 0.99179525, 0.99417129,
       0.99618504, 0.99618504, 0.99761437, 0.99861802, 0.99972422,
       1.        ]), array([0.        , 0.21843017, 0.26176848, 0.26176848, 0.26176848,
       0.26176848, 0.3033049 , 0.34410713, 0.34410713, 0.38426753,
       0.38426753, 0.38426753, 0.38426753, 0.38426753, 0.38426753,
       0.42153537, 0.42153537, 0.42153537, 0.42153537, 0.42153537,
       0.45683785, 0.45683785, 0.45683785, 0.45683785, 0.49013111,
       0.49013111, 0.49013111, 0.49013111, 0.49013111, 0.49013111,
       0.49013111, 0.49013111, 0.49013111, 0.49013111, 0.51930987,
       0.51930987, 0.51930987, 0.51930987, 0.5465585 , 0.5465585 ,
       0.5465585 , 0.5988991 , 0.62461054, 0.62461054, 0.62461054,
       0.62461054, 0.64848187, 0.67187004, 0.69465403, 0.69465403,
       0.71688394, 0.71688394, 0.71688394, 0.73765781, 0.77864499,
       0.77864499, 0.77864499, 0.79747378, 0.81613682, 0.81613682,
       0.8336632 , 0.85106551, 0.86810704, 0.86810704, 0.8841084 ,
       0.8841084 , 0.8841084 , 0.8841084 , 0.89827645, 0.91197401,
       0.92549607, 0.92549607, 0.92549607, 0.93746462, 0.93746462,
       0.93746462, 0.94822928, 0.94822928, 0.94822928, 0.95749393,
       0.95749393, 0.95749393, 0.96545038, 0.96545038, 0.97279677,
       0.97279677, 0.97279677, 0.97279677, 0.97810781, 0.97810781,
       0.97810781, 0.98236625, 0.9897617 , 0.99326224, 0.99326224,
       0.99326224, 0.99535151, 0.99535151, 0.99760136, 0.99913784,
       1.        ]), array([0.        , 0.23618742, 0.31426729, 0.31426729, 0.35241438,
       0.35241438, 0.35241438, 0.35241438, 0.35241438, 0.35241438,
       0.35241438, 0.35241438, 0.35241438, 0.35241438, 0.35241438,
       0.35241438, 0.35241438, 0.35241438, 0.38485493, 0.38485493,
       0.38485493, 0.41634933, 0.41634933, 0.44711383, 0.44711383,
       0.44711383, 0.44711383, 0.44711383, 0.44711383, 0.47535062,
       0.47535062, 0.53045238, 0.53045238, 0.53045238, 0.53045238,
       0.55642775, 0.55642775, 0.55642775, 0.55642775, 0.55642775,
       0.58037918, 0.58037918, 0.58037918, 0.60315431, 0.6699533 ,
       0.69194468, 0.69194468, 0.69194468, 0.73325032, 0.73325032,
       0.77328225, 0.77328225, 0.81148975, 0.83007029, 0.8484239 ,
       0.8484239 , 0.86587035, 0.86587035, 0.86587035, 0.86587035,
       0.88182921, 0.89723665, 0.89723665, 0.89723665, 0.89723665,
       0.91130938, 0.91130938, 0.92448301, 0.92448301, 0.92448301,
       0.92448301, 0.92448301, 0.95830655, 0.96922254, 0.96922254,
       0.96922254, 0.97899693, 0.97899693, 0.97899693, 0.97899693,
       0.9870347 , 0.9870347 , 0.9870347 , 0.9870347 , 0.9870347 ,
       0.9870347 , 0.9870347 , 0.9870347 , 0.9870347 , 0.9870347 ,
       0.9870347 , 0.99095658, 0.99095658, 0.99680747, 0.99680747,
       0.99680747, 0.99680747, 0.99680747, 0.99794269, 0.99895625,
       1.        ]), array([0.        , 0.18810951, 0.22514222, 0.22514222, 0.22514222,
       0.22514222, 0.2609233 , 0.2609233 , 0.33049249, 0.36489117,
       0.36489117, 0.36489117, 0.36489117, 0.3976775 , 0.43034101,
       0.43034101, 0.43034101, 0.43034101, 0.46135992, 0.46135992,
       0.46135992, 0.46135992, 0.46135992, 0.49043445, 0.49043445,
       0.51886513, 0.51886513, 0.51886513, 0.54614773, 0.54614773,
       0.54614773, 0.54614773, 0.54614773, 0.54614773, 0.57127174,
       0.5958728 , 0.5958728 , 0.5958728 , 0.6195098 , 0.64251262,
       0.6651901 , 0.68746089, 0.70959506, 0.70959506, 0.70959506,
       0.73037558, 0.73037558, 0.75059122, 0.75059122, 0.75059122,
       0.75059122, 0.75059122, 0.80529954, 0.80529954, 0.80529954,
       0.83950898, 0.87304075, 0.87304075, 0.87304075, 0.92029754,
       0.92029754, 0.92029754, 0.92029754, 0.94857164, 0.96241886,
       0.96241886, 0.96241886, 0.96241886, 0.96241886, 0.96241886,
       0.96241886, 0.96241886, 0.9729823 , 0.9729823 , 0.9729823 ,
       0.9729823 , 0.9729823 , 0.9729823 , 0.9729823 , 0.98096347,
       0.98096347, 0.98096347, 0.98096347, 0.98096347, 0.98096347,
       0.98671807, 0.98671807, 0.98671807, 0.98671807, 0.98671807,
       0.98671807, 0.98671807, 0.98671807, 0.98945548, 0.98945548,
       0.99358472, 0.99358472, 0.99492725, 0.99813956, 0.999716  ,
       1.        ]), array([0.        , 0.33509827, 0.33509827, 0.40058381, 0.43293916,
       0.4651008 , 0.49684653, 0.49684653, 0.49684653, 0.52744149,
       0.52744149, 0.52744149, 0.55720963, 0.55720963, 0.5861805 ,
       0.5861805 , 0.5861805 , 0.5861805 , 0.5861805 , 0.61351446,
       0.66752665, 0.66752665, 0.66752665, 0.66752665, 0.69336914,
       0.71878187, 0.71878187, 0.71878187, 0.71878187, 0.71878187,
       0.71878187, 0.71878187, 0.71878187, 0.71878187, 0.71878187,
       0.71878187, 0.74053286, 0.74053286, 0.74053286, 0.76122947,
       0.76122947, 0.78135749, 0.78135749, 0.78135749, 0.81906428,
       0.83774804, 0.87408404, 0.87408404, 0.87408404, 0.87408404,
       0.89090701, 0.90755989, 0.90755989, 0.90755989, 0.90755989,
       0.90755989, 0.92256692, 0.92256692, 0.92256692, 0.92256692,
       0.92256692, 0.92256692, 0.92256692, 0.92256692, 0.92256692,
       0.92256692, 0.94568037, 0.94568037, 0.95650246, 0.95650246,
       0.95650246, 0.95650246, 0.95650246, 0.95650246, 0.9652825 ,
       0.9652825 , 0.9652825 , 0.9652825 , 0.9652825 , 0.9652825 ,
       0.9652825 , 0.97818895, 0.97818895, 0.97818895, 0.97818895,
       0.97818895, 0.97818895, 0.98268822, 0.98677246, 0.98677246,
       0.98677246, 0.98981135, 0.99565725, 0.99565725, 0.99565725,
       0.99565725, 0.99720951, 0.99936596, 0.99936596, 0.99987727,
       1.        ])]","[array([0.00000000e+00, 5.14958742e-04, 9.07709566e-04, 1.73059689e-03,
       2.78085473e-03, 2.78085473e-03, 4.33200604e-03, 4.33200604e-03,
       4.33200604e-03, 7.03700665e-03, 7.03700665e-03, 1.02552211e-02,
       1.02552211e-02, 1.42621438e-02, 1.83823090e-02, 1.83823090e-02,
       2.31140532e-02, 2.82269193e-02, 2.82269193e-02, 2.82269193e-02,
       2.82269193e-02, 2.82269193e-02, 2.82269193e-02, 4.19798010e-02,
       4.19798010e-02, 4.19798010e-02, 4.19798010e-02, 4.19798010e-02,
       5.05494775e-02, 5.05494775e-02, 5.05494775e-02, 5.05494775e-02,
       6.04073711e-02, 6.04073711e-02, 6.04073711e-02, 6.04073711e-02,
       6.04073711e-02, 6.04073711e-02, 6.04073711e-02, 7.22188230e-02,
       7.22188230e-02, 7.22188230e-02, 7.22188230e-02, 8.53754698e-02,
       9.87581748e-02, 9.87581748e-02, 1.12886907e-01, 1.12886907e-01,
       1.27424618e-01, 1.27424618e-01, 1.27424618e-01, 1.42882058e-01,
       1.42882058e-01, 1.42882058e-01, 1.59451318e-01, 1.93170510e-01,
       1.93170510e-01, 2.45731128e-01, 2.45731128e-01, 2.45731128e-01,
       2.45731128e-01, 2.64435704e-01, 2.83568408e-01, 2.83568408e-01,
       3.03181615e-01, 3.03181615e-01, 3.03181615e-01, 3.03181615e-01,
       3.03181615e-01, 3.03181615e-01, 3.03181615e-01, 3.68692036e-01,
       3.68692036e-01, 3.90995385e-01, 3.90995385e-01, 3.90995385e-01,
       3.90995385e-01, 3.90995385e-01, 3.90995385e-01, 3.90995385e-01,
       3.90995385e-01, 4.40813795e-01, 4.40813795e-01, 4.40813795e-01,
       4.40813795e-01, 4.40813795e-01, 4.40813795e-01, 4.67539206e-01,
       4.94506828e-01, 5.49030740e-01, 5.76743108e-01, 5.76743108e-01,
       5.76743108e-01, 6.05290568e-01, 6.34162547e-01, 6.63343950e-01,
       6.63343950e-01, 6.93024494e-01, 7.23068597e-01, 7.83926426e-01,
       1.00000000e+00]), array([0.00000000e+00, 2.97563050e-04, 5.70796752e-04, 5.70796752e-04,
       5.70796752e-04, 5.70796752e-04, 1.95154531e-03, 3.78355737e-03,
       3.78355737e-03, 6.01006485e-03, 6.01006485e-03, 6.01006485e-03,
       6.01006485e-03, 6.01006485e-03, 6.01006485e-03, 1.00144447e-02,
       1.00144447e-02, 1.00144447e-02, 1.00144447e-02, 1.00144447e-02,
       1.52268182e-02, 1.52268182e-02, 1.52268182e-02, 1.52268182e-02,
       2.16741326e-02, 2.16741326e-02, 2.16741326e-02, 2.16741326e-02,
       2.16741326e-02, 2.16741326e-02, 2.16741326e-02, 2.16741326e-02,
       2.16741326e-02, 2.16741326e-02, 3.06503782e-02, 3.06503782e-02,
       3.06503782e-02, 3.06503782e-02, 4.08129600e-02, 4.08129600e-02,
       4.08129600e-02, 6.24636879e-02, 7.35710836e-02, 7.35710836e-02,
       7.35710836e-02, 7.35710836e-02, 8.58094863e-02, 9.83448557e-02,
       1.11251578e-01, 1.11251578e-01, 1.24498857e-01, 1.24498857e-01,
       1.24498857e-01, 1.38641078e-01, 1.67270061e-01, 1.67270061e-01,
       1.67270061e-01, 1.82607803e-01, 1.98047419e-01, 1.98047419e-01,
       2.14185675e-01, 2.30400184e-01, 2.46836448e-01, 2.46836448e-01,
       2.63912035e-01, 2.63912035e-01, 2.63912035e-01, 2.63912035e-01,
       2.82114449e-01, 3.00606044e-01, 3.19205509e-01, 3.19205509e-01,
       3.19205509e-01, 3.38759821e-01, 3.38759821e-01, 3.38759821e-01,
       3.59054091e-01, 3.59054091e-01, 3.59054091e-01, 3.80270325e-01,
       3.80270325e-01, 3.80270325e-01, 4.02290627e-01, 4.02290627e-01,
       4.24685898e-01, 4.24685898e-01, 4.24685898e-01, 4.24685898e-01,
       4.48332177e-01, 4.48332177e-01, 4.48332177e-01, 4.72625425e-01,
       5.21901185e-01, 5.46660265e-01, 5.46660265e-01, 5.46660265e-01,
       5.72286771e-01, 5.72286771e-01, 6.24725223e-01, 6.77602139e-01,
       1.00000000e+00]), array([0.00000000e+00, 5.66729284e-04, 1.22968202e-03, 1.22968202e-03,
       2.21303951e-03, 2.21303951e-03, 2.21303951e-03, 2.21303951e-03,
       2.21303951e-03, 2.21303951e-03, 2.21303951e-03, 2.21303951e-03,
       2.21303951e-03, 2.21303951e-03, 2.21303951e-03, 2.21303951e-03,
       2.21303951e-03, 2.21303951e-03, 7.36286953e-03, 7.36286953e-03,
       7.36286953e-03, 1.32034994e-02, 1.32034994e-02, 1.95770385e-02,
       1.95770385e-02, 1.95770385e-02, 1.95770385e-02, 1.95770385e-02,
       1.95770385e-02, 2.77961190e-02, 2.77961190e-02, 4.52358714e-02,
       4.52358714e-02, 4.52358714e-02, 4.52358714e-02, 5.51060571e-02,
       5.51060571e-02, 5.51060571e-02, 5.51060571e-02, 5.51060571e-02,
       6.64539656e-02, 6.64539656e-02, 6.64539656e-02, 7.86607224e-02,
       1.16395428e-01, 1.29174409e-01, 1.29174409e-01, 1.29174409e-01,
       1.56686992e-01, 1.56686992e-01, 1.85129540e-01, 1.85129540e-01,
       2.14904149e-01, 2.30173452e-01, 2.45608451e-01, 2.45608451e-01,
       2.61705781e-01, 2.61705781e-01, 2.61705781e-01, 2.61705781e-01,
       2.78889226e-01, 2.96475282e-01, 2.96475282e-01, 2.96475282e-01,
       2.96475282e-01, 3.15035839e-01, 3.15035839e-01, 3.34252842e-01,
       3.34252842e-01, 3.34252842e-01, 3.34252842e-01, 3.34252842e-01,
       3.96063615e-01, 4.16928972e-01, 4.16928972e-01, 4.16928972e-01,
       4.38627828e-01, 4.38627828e-01, 4.38627828e-01, 4.38627828e-01,
       4.61594634e-01, 4.61594634e-01, 4.61594634e-01, 4.61594634e-01,
       4.61594634e-01, 4.61594634e-01, 4.61594634e-01, 4.61594634e-01,
       4.61594634e-01, 4.61594634e-01, 4.61594634e-01, 4.87566539e-01,
       4.87566539e-01, 5.40965378e-01, 5.40965378e-01, 5.40965378e-01,
       5.40965378e-01, 5.40965378e-01, 5.68971871e-01, 6.25902550e-01,
       1.00000000e+00]), array([0.00000000e+00, 2.24859027e-04, 7.37179683e-04, 7.37179683e-04,
       7.37179683e-04, 7.37179683e-04, 2.24228644e-03, 2.24228644e-03,
       6.83333721e-03, 9.43496980e-03, 9.43496980e-03, 9.43496980e-03,
       9.43496980e-03, 1.33155172e-02, 1.72934815e-02, 1.72934815e-02,
       1.72934815e-02, 1.72934815e-02, 2.25759520e-02, 2.25759520e-02,
       2.25759520e-02, 2.25759520e-02, 2.25759520e-02, 2.94006955e-02,
       2.94006955e-02, 3.67361470e-02, 3.67361470e-02, 3.67361470e-02,
       4.49822561e-02, 4.49822561e-02, 4.49822561e-02, 4.49822561e-02,
       4.49822561e-02, 4.49822561e-02, 5.49405573e-02, 6.53136583e-02,
       6.53136583e-02, 6.53136583e-02, 7.64514564e-02, 8.80922907e-02,
       9.99911790e-02, 1.12212651e-01, 1.24542492e-01, 1.24542492e-01,
       1.24542492e-01, 1.37946050e-01, 1.37946050e-01, 1.51797671e-01,
       1.51797671e-01, 1.51797671e-01, 1.51797671e-01, 1.51797671e-01,
       1.98063030e-01, 1.98063030e-01, 1.98063030e-01, 2.30701440e-01,
       2.63877369e-01, 2.63877369e-01, 2.63877369e-01, 3.16053284e-01,
       3.16053284e-01, 3.16053284e-01, 3.16053284e-01, 3.53399606e-01,
       3.72302656e-01, 3.72302656e-01, 3.72302656e-01, 3.72302656e-01,
       3.72302656e-01, 3.72302656e-01, 3.72302656e-01, 3.72302656e-01,
       3.93810403e-01, 3.93810403e-01, 3.93810403e-01, 3.93810403e-01,
       3.93810403e-01, 3.93810403e-01, 3.93810403e-01, 4.17366407e-01,
       4.17366407e-01, 4.17366407e-01, 4.17366407e-01, 4.17366407e-01,
       4.17366407e-01, 4.42688527e-01, 4.42688527e-01, 4.42688527e-01,
       4.42688527e-01, 4.42688527e-01, 4.42688527e-01, 4.42688527e-01,
       4.42688527e-01, 4.70403882e-01, 4.70403882e-01, 5.26901904e-01,
       5.26901904e-01, 5.55723680e-01, 6.42835680e-01, 7.31245256e-01,
       1.00000000e+00]), array([0.00000000e+00, 6.28817893e-04, 6.28817893e-04, 2.26689473e-03,
       3.46785064e-03, 4.85975712e-03, 6.66166285e-03, 6.66166285e-03,
       6.66166285e-03, 9.59799316e-03, 9.59799316e-03, 9.59799316e-03,
       1.33493757e-02, 1.33493757e-02, 1.78867091e-02, 1.78867091e-02,
       1.78867091e-02, 1.78867091e-02, 1.78867091e-02, 2.40376941e-02,
       3.69860523e-02, 3.69860523e-02, 3.69860523e-02, 3.69860523e-02,
       4.46073038e-02, 5.26522073e-02, 5.26522073e-02, 5.26522073e-02,
       5.26522073e-02, 5.26522073e-02, 5.26522073e-02, 5.26522073e-02,
       5.26522073e-02, 5.26522073e-02, 5.26522073e-02, 5.26522073e-02,
       6.43068089e-02, 6.43068089e-02, 6.43068089e-02, 7.70008110e-02,
       7.70008110e-02, 9.02553163e-02, 9.02553163e-02, 9.02553163e-02,
       1.19277342e-01, 1.33955585e-01, 1.64328923e-01, 1.64328923e-01,
       1.64328923e-01, 1.64328923e-01, 1.80841510e-01, 1.97521772e-01,
       1.97521772e-01, 1.97521772e-01, 1.97521772e-01, 1.97521772e-01,
       2.15824490e-01, 2.15824490e-01, 2.15824490e-01, 2.15824490e-01,
       2.15824490e-01, 2.15824490e-01, 2.15824490e-01, 2.15824490e-01,
       2.15824490e-01, 2.15824490e-01, 2.59232452e-01, 2.59232452e-01,
       2.81660638e-01, 2.81660638e-01, 2.81660638e-01, 2.81660638e-01,
       2.81660638e-01, 2.81660638e-01, 3.06101844e-01, 3.06101844e-01,
       3.06101844e-01, 3.06101844e-01, 3.06101844e-01, 3.06101844e-01,
       3.06101844e-01, 3.59571758e-01, 3.59571758e-01, 3.59571758e-01,
       3.59571758e-01, 3.59571758e-01, 3.59571758e-01, 3.88232892e-01,
       4.17303162e-01, 4.17303162e-01, 4.17303162e-01, 4.47403930e-01,
       5.07834040e-01, 5.07834040e-01, 5.07834040e-01, 5.07834040e-01,
       5.39400308e-01, 6.03467443e-01, 6.03467443e-01, 6.36059860e-01,
       1.00000000e+00])]",0.0135413704069979,0.0222560738836406,0.0064267258158356,0.0017981654180951,"[{'lambda_reg': 0.0007382304117459149, 'K_bin': 1, 'gamma': 2.626209754544375, 'degree': 2, 'coef0': 0.7076686561714368}, {'lambda_reg': 0.00019195549395740926, 'K_bin': 1, 'gamma': 0.008121657662292898, 'degree': 6, 'coef0': 1.712994464094992}, {'lambda_reg': 0.0009044685887083259, 'K_bin': 1, 'gamma': 0.6004354566074139, 'degree': 2, 'coef0': 2.1394539532746575}, {'lambda_reg': 0.1608428296705035, 'K_bin': 1, 'gamma': 0.06150500042173511, 'degree': 4, 'coef0': 4.44026749922725}, {'lambda_reg': 0.0006602856897510594, 'K_bin': 1, 'gamma': 0.019458070691090734, 'degree': 5, 'coef0': 3.1359064574832605}]",300,2,polynomial,13
"[np.float64(0.0870311593201789), np.float64(0.04027887411973671), np.float64(0.07955506588410557), np.float64(0.10931128623911013), np.float64(0.13171326562653435)]",0.0895779302379331,0.0306663744628768,"[np.float64(0.8037093541887631), np.float64(0.7967810188245551), np.float64(0.7364549225374546), np.float64(0.7343647953864413), np.float64(0.8724742145691122)]",0.7887568611012653,0.0509716568665737,"[np.float64(0.9576626609457474), np.float64(0.9727132165932462), np.float64(0.9431292669617262), np.float64(0.971367656482964), np.float64(0.9713719096878002)]",0.9632489421342968,0.0114671398539665,"[array([0.        , 0.387247  , 0.41667566, 0.47493524, 0.50384896,
       0.56085527, 0.56085527, 0.58865984, 0.61619457, 0.6707481 ,
       0.72489519, 0.72489519, 0.72489519, 0.72489519, 0.72489519,
       0.72489519, 0.72489519, 0.72489519, 0.72489519, 0.72489519,
       0.74895598, 0.74895598, 0.7723236 , 0.7723236 , 0.81798104,
       0.81798104, 0.81798104, 0.81798104, 0.81798104, 0.81798104,
       0.81798104, 0.81798104, 0.81798104, 0.83826225, 0.85810719,
       0.85810719, 0.85810719, 0.85810719, 0.85810719, 0.87653506,
       0.87653506, 0.87653506, 0.87653506, 0.87653506, 0.89328531,
       0.89328531, 0.89328531, 0.89328531, 0.89328531, 0.89328531,
       0.89328531, 0.90812002, 0.90812002, 0.90812002, 0.90812002,
       0.90812002, 0.90812002, 0.90812002, 0.90812002, 0.9205656 ,
       0.9205656 , 0.9205656 , 0.9205656 , 0.9205656 , 0.9205656 ,
       0.93121853, 0.93121853, 0.94124316, 0.94124316, 0.94124316,
       0.95040244, 0.95917029, 0.95917029, 0.95917029, 0.95917029,
       0.96692738, 0.96692738, 0.96692738, 0.96692738, 0.96692738,
       0.96692738, 0.96692738, 0.96692738, 0.96692738, 0.97180381,
       0.97631983, 0.98491371, 0.98491371, 0.98491371, 0.98491371,
       0.98491371, 0.987717  , 0.99283566, 0.99502544, 0.99502544,
       0.99502544, 0.99771061, 0.99863776, 0.99863776, 0.99949745,
       1.        ]), array([0.        , 0.42736626, 0.511698  , 0.56751115, 0.65006832,
       0.73203421, 0.73203421, 0.75881827, 0.75881827, 0.75881827,
       0.78452865, 0.81008894, 0.81008894, 0.83508632, 0.83508632,
       0.83508632, 0.83508632, 0.83508632, 0.83508632, 0.83508632,
       0.83508632, 0.83508632, 0.83508632, 0.83508632, 0.83508632,
       0.83508632, 0.83508632, 0.83508632, 0.83508632, 0.83508632,
       0.83508632, 0.83508632, 0.83508632, 0.83508632, 0.83508632,
       0.83508632, 0.83508632, 0.83508632, 0.85291486, 0.85291486,
       0.87019048, 0.90431948, 0.90431948, 0.90431948, 0.90431948,
       0.93608238, 0.93608238, 0.93608238, 0.93608238, 0.93608238,
       0.93608238, 0.93608238, 0.93608238, 0.93608238, 0.93608238,
       0.93608238, 0.9488866 , 0.9488866 , 0.9488866 , 0.9488866 ,
       0.9488866 , 0.9488866 , 0.9488866 , 0.9488866 , 0.95936603,
       0.95936603, 0.96909604, 0.96909604, 0.96909604, 0.96909604,
       0.96909604, 0.96909604, 0.96909604, 0.96909604, 0.96909604,
       0.97634773, 0.97634773, 0.97634773, 0.97634773, 0.97634773,
       0.97634773, 0.97634773, 0.97634773, 0.98146354, 0.98617579,
       0.98617579, 0.98617579, 0.98617579, 0.98973415, 0.98973415,
       0.98973415, 0.99240261, 0.99482602, 0.99482602, 0.99482602,
       0.99482602, 0.99611234, 0.99716314, 0.99796629, 0.99946217,
       1.        ]), array([0.        , 0.23658808, 0.41231977, 0.44113381, 0.46972334,
       0.55480624, 0.55480624, 0.58243221, 0.58243221, 0.58243221,
       0.60922459, 0.60922459, 0.63552759, 0.66147166, 0.66147166,
       0.71221579, 0.71221579, 0.71221579, 0.71221579, 0.71221579,
       0.71221579, 0.71221579, 0.71221579, 0.71221579, 0.73499561,
       0.73499561, 0.73499561, 0.73499561, 0.73499561, 0.75634252,
       0.77739482, 0.79803245, 0.79803245, 0.79803245, 0.79803245,
       0.79803245, 0.79803245, 0.81675163, 0.81675163, 0.81675163,
       0.81675163, 0.83454256, 0.83454256, 0.83454256, 0.83454256,
       0.83454256, 0.83454256, 0.85053598, 0.85053598, 0.85053598,
       0.88075677, 0.88075677, 0.88075677, 0.88075677, 0.89445283,
       0.90787762, 0.90787762, 0.90787762, 0.90787762, 0.920233  ,
       0.920233  , 0.920233  , 0.920233  , 0.93131759, 0.93131759,
       0.93131759, 0.94157636, 0.94157636, 0.94157636, 0.94157636,
       0.94157636, 0.94157636, 0.95002151, 0.95826716, 0.96618779,
       0.96618779, 0.97336782, 0.97336782, 0.97336782, 0.97989194,
       0.97989194, 0.9856839 , 0.9856839 , 0.9856839 , 0.9856839 ,
       0.9856839 , 0.9856839 , 0.98956634, 0.98956634, 0.98956634,
       0.98956634, 0.98956634, 0.99472032, 0.99688587, 0.99688587,
       0.99688587, 0.99688587, 0.99688587, 0.99828595, 0.99958522,
       1.        ]), array([0.        , 0.56969716, 0.56969716, 0.56969716, 0.63449751,
       0.63449751, 0.63449751, 0.63449751, 0.63449751, 0.63449751,
       0.63449751, 0.63449751, 0.63449751, 0.69320633, 0.7223812 ,
       0.7223812 , 0.7223812 , 0.7223812 , 0.7223812 , 0.7223812 ,
       0.7223812 , 0.74920224, 0.74920224, 0.77514578, 0.77514578,
       0.77514578, 0.80015866, 0.80015866, 0.80015866, 0.80015866,
       0.82391525, 0.82391525, 0.84689363, 0.84689363, 0.84689363,
       0.84689363, 0.84689363, 0.84689363, 0.84689363, 0.84689363,
       0.84689363, 0.86691483, 0.90596246, 0.90596246, 0.90596246,
       0.90596246, 0.92426291, 0.94221479, 0.94221479, 0.94221479,
       0.94221479, 0.94221479, 0.94221479, 0.94221479, 0.94221479,
       0.94221479, 0.94221479, 0.94221479, 0.94221479, 0.94221479,
       0.94221479, 0.94221479, 0.94221479, 0.94221479, 0.94221479,
       0.94221479, 0.94221479, 0.94221479, 0.94221479, 0.94221479,
       0.94221479, 0.94221479, 0.94221479, 0.95151172, 0.95151172,
       0.95151172, 0.96813339, 0.96813339, 0.96813339, 0.97540965,
       0.97540965, 0.97540965, 0.98171937, 0.98171937, 0.98171937,
       0.98171937, 0.98171937, 0.98171937, 0.98171937, 0.98566807,
       0.98566807, 0.98896411, 0.99190474, 0.99190474, 0.99190474,
       0.99389861, 0.99389861, 0.99720016, 0.99720016, 0.9992167 ,
       1.        ]), array([0.        , 0.31053008, 0.3487985 , 0.42484262, 0.53752186,
       0.57455129, 0.57455129, 0.57455129, 0.57455129, 0.64584756,
       0.64584756, 0.64584756, 0.64584756, 0.67977077, 0.67977077,
       0.67977077, 0.67977077, 0.67977077, 0.71188448, 0.74375275,
       0.74375275, 0.74375275, 0.74375275, 0.77383923, 0.77383923,
       0.77383923, 0.77383923, 0.77383923, 0.77383923, 0.77383923,
       0.77383923, 0.77383923, 0.80051272, 0.80051272, 0.80051272,
       0.80051272, 0.82565199, 0.85045208, 0.85045208, 0.89826627,
       0.92194242, 0.92194242, 0.92194242, 0.92194242, 0.92194242,
       0.92194242, 0.92194242, 0.92194242, 0.92194242, 0.92194242,
       0.92194242, 0.92194242, 0.92194242, 0.94063419, 0.94063419,
       0.94063419, 0.94063419, 0.94063419, 0.95700533, 0.95700533,
       0.95700533, 0.95700533, 0.95700533, 0.95700533, 0.95700533,
       0.95700533, 0.95700533, 0.95700533, 0.95700533, 0.95700533,
       0.95700533, 0.95700533, 0.95700533, 0.95700533, 0.95700533,
       0.95700533, 0.95700533, 0.95700533, 0.96571647, 0.96571647,
       0.96571647, 0.96571647, 0.96571647, 0.97244476, 0.97244476,
       0.97244476, 0.97244476, 0.97244476, 0.97244476, 0.98128791,
       0.98520192, 0.98520192, 0.98846733, 0.98846733, 0.98846733,
       0.99065779, 0.99222214, 0.99222214, 0.99722751, 0.99839046,
       1.        ])]","[array([0.        , 0.00123312, 0.00178211, 0.00363496, 0.00483427,
       0.00826995, 0.00826995, 0.01087006, 0.01381096, 0.02034435,
       0.02739107, 0.02739107, 0.02739107, 0.02739107, 0.02739107,
       0.02739107, 0.02739107, 0.02739107, 0.02739107, 0.02739107,
       0.03471936, 0.03471936, 0.04292309, 0.04292309, 0.06069176,
       0.06069176, 0.06069176, 0.06069176, 0.06069176, 0.06069176,
       0.06069176, 0.06069176, 0.06069176, 0.07279346, 0.08544614,
       0.08544614, 0.08544614, 0.08544614, 0.08544614, 0.09988851,
       0.09988851, 0.09988851, 0.09988851, 0.09988851, 0.11644961,
       0.11644961, 0.11644961, 0.11644961, 0.11644961, 0.11644961,
       0.11644961, 0.13542994, 0.13542994, 0.13542994, 0.13542994,
       0.13542994, 0.13542994, 0.13542994, 0.13542994, 0.1574276 ,
       0.1574276 , 0.1574276 , 0.1574276 , 0.1574276 , 0.1574276 ,
       0.18168929, 0.18168929, 0.20674448, 0.20674448, 0.20674448,
       0.23289256, 0.259535  , 0.259535  , 0.259535  , 0.259535  ,
       0.28745397, 0.28745397, 0.28745397, 0.28745397, 0.28745397,
       0.28745397, 0.28745397, 0.28745397, 0.28745397, 0.31901106,
       0.35102332, 0.41560121, 0.41560121, 0.41560121, 0.41560121,
       0.41560121, 0.44977656, 0.51874346, 0.55369364, 0.55369364,
       0.55369364, 0.62573392, 0.66227872, 0.66227872, 0.73662448,
       1.        ]), array([0.        , 0.00109244, 0.00291288, 0.00469908, 0.00900987,
       0.01415043, 0.01415043, 0.01661881, 0.01661881, 0.01661881,
       0.02059395, 0.02477972, 0.02477972, 0.02975545, 0.02975545,
       0.02975545, 0.02975545, 0.02975545, 0.02975545, 0.02975545,
       0.02975545, 0.02975545, 0.02975545, 0.02975545, 0.02975545,
       0.02975545, 0.02975545, 0.02975545, 0.02975545, 0.02975545,
       0.02975545, 0.02975545, 0.02975545, 0.02975545, 0.02975545,
       0.02975545, 0.02975545, 0.02975545, 0.0447916 , 0.0447916 ,
       0.06060369, 0.09282042, 0.09282042, 0.09282042, 0.09282042,
       0.12835763, 0.12835763, 0.12835763, 0.12835763, 0.12835763,
       0.12835763, 0.12835763, 0.12835763, 0.12835763, 0.12835763,
       0.12835763, 0.15044468, 0.15044468, 0.15044468, 0.15044468,
       0.15044468, 0.15044468, 0.15044468, 0.15044468, 0.17579421,
       0.17579421, 0.20219547, 0.20219547, 0.20219547, 0.20219547,
       0.20219547, 0.20219547, 0.20219547, 0.20219547, 0.20219547,
       0.23207467, 0.23207467, 0.23207467, 0.23207467, 0.23207467,
       0.23207467, 0.23207467, 0.23207467, 0.26495127, 0.29839422,
       0.29839422, 0.29839422, 0.29839422, 0.33345646, 0.33345646,
       0.33345646, 0.36976756, 0.40642255, 0.40642255, 0.40642255,
       0.40642255, 0.44467329, 0.48325453, 0.52218332, 0.68030763,
       1.        ]), array([0.        , 0.00127484, 0.00441717, 0.00554786, 0.00696569,
       0.01209612, 0.01209612, 0.0147463 , 0.0147463 , 0.0147463 ,
       0.0184626 , 0.0184626 , 0.0228048 , 0.02760606, 0.02760606,
       0.03867171, 0.03867171, 0.03867171, 0.03867171, 0.03867171,
       0.03867171, 0.03867171, 0.03867171, 0.03867171, 0.04751991,
       0.04751991, 0.04751991, 0.04751991, 0.04751991, 0.05820075,
       0.06925836, 0.08084634, 0.08084634, 0.08084634, 0.08084634,
       0.08084634, 0.08084634, 0.09488793, 0.09488793, 0.09488793,
       0.09488793, 0.11011671, 0.11011671, 0.11011671, 0.11011671,
       0.11011671, 0.11011671, 0.12764443, 0.12764443, 0.12764443,
       0.16495857, 0.16495857, 0.16495857, 0.16495857, 0.18542452,
       0.20623741, 0.20623741, 0.20623741, 0.20623741, 0.22841804,
       0.22841804, 0.22841804, 0.22841804, 0.25222394, 0.25222394,
       0.25222394, 0.27708605, 0.27708605, 0.27708605, 0.27708605,
       0.27708605, 0.27708605, 0.30426768, 0.33170449, 0.35955696,
       0.35955696, 0.38835664, 0.38835664, 0.38835664, 0.4179952 ,
       0.4179952 , 0.44857016, 0.44857016, 0.44857016, 0.44857016,
       0.44857016, 0.44857016, 0.48158732, 0.48158732, 0.48158732,
       0.48158732, 0.48158732, 0.55096086, 0.58617385, 0.58617385,
       0.58617385, 0.58617385, 0.58617385, 0.66034848, 0.77263467,
       1.        ]), array([0.00000000e+00, 9.21416257e-04, 9.21416257e-04, 9.21416257e-04,
       3.22198382e-03, 3.22198382e-03, 3.22198382e-03, 3.22198382e-03,
       3.22198382e-03, 3.22198382e-03, 3.22198382e-03, 3.22198382e-03,
       3.22198382e-03, 1.15300217e-02, 1.58610999e-02, 1.58610999e-02,
       1.58610999e-02, 1.58610999e-02, 1.58610999e-02, 1.58610999e-02,
       1.58610999e-02, 2.25135311e-02, 2.25135311e-02, 3.00313434e-02,
       3.00313434e-02, 3.00313434e-02, 3.84669769e-02, 3.84669769e-02,
       3.84669769e-02, 3.84669769e-02, 4.81415694e-02, 4.81415694e-02,
       5.85836232e-02, 5.85836232e-02, 5.85836232e-02, 5.85836232e-02,
       5.85836232e-02, 5.85836232e-02, 5.85836232e-02, 5.85836232e-02,
       5.85836232e-02, 7.19420466e-02, 9.96399436e-02, 9.96399436e-02,
       9.96399436e-02, 9.96399436e-02, 1.14695378e-01, 1.30094564e-01,
       1.30094564e-01, 1.30094564e-01, 1.30094564e-01, 1.30094564e-01,
       1.30094564e-01, 1.30094564e-01, 1.30094564e-01, 1.30094564e-01,
       1.30094564e-01, 1.30094564e-01, 1.30094564e-01, 1.30094564e-01,
       1.30094564e-01, 1.30094564e-01, 1.30094564e-01, 1.30094564e-01,
       1.30094564e-01, 1.30094564e-01, 1.30094564e-01, 1.30094564e-01,
       1.30094564e-01, 1.30094564e-01, 1.30094564e-01, 1.30094564e-01,
       1.30094564e-01, 1.54029264e-01, 1.54029264e-01, 1.54029264e-01,
       2.03843633e-01, 2.03843633e-01, 2.03843633e-01, 2.29771122e-01,
       2.29771122e-01, 2.29771122e-01, 2.56651806e-01, 2.56651806e-01,
       2.56651806e-01, 2.56651806e-01, 2.56651806e-01, 2.56651806e-01,
       2.56651806e-01, 2.85860927e-01, 2.85860927e-01, 3.15713698e-01,
       3.45916976e-01, 3.45916976e-01, 3.45916976e-01, 3.77053948e-01,
       3.77053948e-01, 4.73107950e-01, 4.73107950e-01, 6.03532550e-01,
       1.00000000e+00]), array([0.00000000e+00, 7.84590528e-04, 1.29246381e-03, 2.67678185e-03,
       5.79073391e-03, 7.22541798e-03, 7.22541798e-03, 7.22541798e-03,
       7.22541798e-03, 1.21612757e-02, 1.21612757e-02, 1.21612757e-02,
       1.21612757e-02, 1.59195033e-02, 1.59195033e-02, 1.59195033e-02,
       1.59195033e-02, 1.59195033e-02, 2.10312963e-02, 2.63266896e-02,
       2.63266896e-02, 2.63266896e-02, 2.63266896e-02, 3.29549120e-02,
       3.29549120e-02, 3.29549120e-02, 3.29549120e-02, 3.29549120e-02,
       3.29549120e-02, 3.29549120e-02, 3.29549120e-02, 3.29549120e-02,
       4.21361608e-02, 4.21361608e-02, 4.21361608e-02, 4.21361608e-02,
       5.24650514e-02, 6.30476571e-02, 6.30476571e-02, 8.55488570e-02,
       9.69722102e-02, 9.69722102e-02, 9.69722102e-02, 9.69722102e-02,
       9.69722102e-02, 9.69722102e-02, 9.69722102e-02, 9.69722102e-02,
       9.69722102e-02, 9.69722102e-02, 9.69722102e-02, 9.69722102e-02,
       9.69722102e-02, 1.12124036e-01, 1.12124036e-01, 1.12124036e-01,
       1.12124036e-01, 1.12124036e-01, 1.29011768e-01, 1.29011768e-01,
       1.29011768e-01, 1.29011768e-01, 1.29011768e-01, 1.29011768e-01,
       1.29011768e-01, 1.29011768e-01, 1.29011768e-01, 1.29011768e-01,
       1.29011768e-01, 1.29011768e-01, 1.29011768e-01, 1.29011768e-01,
       1.29011768e-01, 1.29011768e-01, 1.29011768e-01, 1.29011768e-01,
       1.29011768e-01, 1.29011768e-01, 1.51629414e-01, 1.51629414e-01,
       1.51629414e-01, 1.51629414e-01, 1.51629414e-01, 1.75730304e-01,
       1.75730304e-01, 1.75730304e-01, 1.75730304e-01, 1.75730304e-01,
       1.75730304e-01, 2.27383061e-01, 2.53589115e-01, 2.53589115e-01,
       2.80280348e-01, 2.80280348e-01, 2.80280348e-01, 3.07775672e-01,
       3.35739347e-01, 3.35739347e-01, 4.77664462e-01, 5.35062258e-01,
       1.00000000e+00])]",0.0021459876568111,0.0117456999946714,0.0023845403002795,0.0013355823918439,"[{'lambda_reg': 0.0003075691772624915, 'K_bin': 1, 'gamma': 0.002861511348074867}, {'lambda_reg': 0.0009060496098597424, 'K_bin': 1, 'gamma': 0.004331196282941652}, {'lambda_reg': 0.009276737662827935, 'K_bin': 1, 'gamma': 0.008278742211039875}, {'lambda_reg': 0.0005347398986194236, 'K_bin': 1, 'gamma': 0.010217230804758656}, {'lambda_reg': 0.00011291408044346139, 'K_bin': 1, 'gamma': 0.0010771346414200308}]",300,1,cauchy,4
"[np.float64(0.13498668459249044), np.float64(0.07900007849854586), np.float64(0.1375220712924751), np.float64(0.0999927253257558), np.float64(0.22600233495124977)]",0.1355007789321033,0.0502951937625786,"[np.float64(0.8245695636784827), np.float64(0.8505670120462897), np.float64(0.8067771687277482), np.float64(0.8349848464015844), np.float64(0.8159011311243456)]",0.8265599443956901,0.0152068958033539,"[np.float64(0.8696075523010736), np.float64(0.9224252135724209), np.float64(0.913236318897408), np.float64(0.9015432426406678), np.float64(0.9514160563275282)]",0.9116456767478198,0.026719561113179,"[array([0.        , 0.        , 0.03665416, 0.0729987 , 0.10883927,
       0.1800532 , 0.21526271, 0.21526271, 0.21526271, 0.28350624,
       0.31722276, 0.31722276, 0.35010896, 0.38284822, 0.38284822,
       0.38284822, 0.38284822, 0.38284822, 0.38284822, 0.41333994,
       0.41333994, 0.41333994, 0.41333994, 0.44224703, 0.44224703,
       0.44224703, 0.44224703, 0.46967826, 0.46967826, 0.46967826,
       0.46967826, 0.46967826, 0.49505986, 0.52023914, 0.52023914,
       0.52023914, 0.54439227, 0.59179197, 0.61499835, 0.61499835,
       0.61499835, 0.65934427, 0.6812101 , 0.6812101 , 0.6812101 ,
       0.6812101 , 0.6812101 , 0.6812101 , 0.6812101 , 0.71952049,
       0.71952049, 0.75669054, 0.75669054, 0.77455331, 0.79169914,
       0.79169914, 0.82486058, 0.82486058, 0.85676018, 0.85676018,
       0.85676018, 0.85676018, 0.85676018, 0.87086933, 0.87086933,
       0.87086933, 0.87086933, 0.88318072, 0.90756808, 0.90756808,
       0.90756808, 0.90756808, 0.90756808, 0.9179458 , 0.92778511,
       0.92778511, 0.92778511, 0.93664668, 0.93664668, 0.93664668,
       0.93664668, 0.94397397, 0.94397397, 0.95063725, 0.95063725,
       0.9565169 , 0.9565169 , 0.96640112, 0.97118736, 0.97538135,
       0.97538135, 0.97876497, 0.98510417, 0.99073643, 0.99073643,
       0.99484683, 0.99484683, 0.99740491, 0.9990363 , 1.        ,
       1.        ]), array([0.        , 0.17711608, 0.22108148, 0.22108148, 0.26413688,
       0.30646414, 0.30646414, 0.30646414, 0.30646414, 0.34698277,
       0.34698277, 0.34698277, 0.34698277, 0.34698277, 0.34698277,
       0.42344474, 0.42344474, 0.49779677, 0.49779677, 0.49779677,
       0.49779677, 0.49779677, 0.49779677, 0.49779677, 0.49779677,
       0.49779677, 0.49779677, 0.53047752, 0.53047752, 0.53047752,
       0.53047752, 0.53047752, 0.56114189, 0.56114189, 0.62033468,
       0.62033468, 0.62033468, 0.64878924, 0.64878924, 0.64878924,
       0.64878924, 0.64878924, 0.67499907, 0.67499907, 0.67499907,
       0.67499907, 0.69902616, 0.7230279 , 0.76945344, 0.79234442,
       0.79234442, 0.79234442, 0.79234442, 0.79234442, 0.79234442,
       0.79234442, 0.79234442, 0.79234442, 0.81138578, 0.81138578,
       0.81138578, 0.86400632, 0.88103012, 0.88103012, 0.88103012,
       0.89672573, 0.89672573, 0.89672573, 0.89672573, 0.89672573,
       0.91029625, 0.91029625, 0.92293191, 0.92293191, 0.94631704,
       0.94631704, 0.95709047, 0.95709047, 0.95709047, 0.96669449,
       0.96669449, 0.96669449, 0.96669449, 0.96669449, 0.96669449,
       0.97361059, 0.97361059, 0.979578  , 0.979578  , 0.979578  ,
       0.979578  , 0.979578  , 0.979578  , 0.9862736 , 0.98905997,
       0.99141309, 0.99327122, 0.99491041, 0.99837813, 0.99908235,
       1.        ]), array([0.        , 0.2011806 , 0.24079692, 0.24079692, 0.24079692,
       0.27932037, 0.27932037, 0.31682601, 0.31682601, 0.31682601,
       0.31682601, 0.35302391, 0.35302391, 0.35302391, 0.35302391,
       0.35302391, 0.38708781, 0.38708781, 0.38708781, 0.38708781,
       0.4197312 , 0.4197312 , 0.45150997, 0.48261757, 0.48261757,
       0.48261757, 0.51280114, 0.51280114, 0.51280114, 0.51280114,
       0.56958005, 0.56958005, 0.56958005, 0.56958005, 0.5965465 ,
       0.64945689, 0.64945689, 0.64945689, 0.67470951, 0.67470951,
       0.67470951, 0.67470951, 0.69827383, 0.76776879, 0.79055955,
       0.79055955, 0.79055955, 0.79055955, 0.79055955, 0.79055955,
       0.79055955, 0.79055955, 0.81001395, 0.81001395, 0.81001395,
       0.82831685, 0.86429935, 0.86429935, 0.86429935, 0.86429935,
       0.86429935, 0.8801816 , 0.8957749 , 0.8957749 , 0.8957749 ,
       0.91009243, 0.91009243, 0.91009243, 0.92329821, 0.92329821,
       0.94810485, 0.94810485, 0.94810485, 0.94810485, 0.94810485,
       0.94810485, 0.94810485, 0.94810485, 0.94810485, 0.95678195,
       0.97320391, 0.97320391, 0.97320391, 0.97320391, 0.97320391,
       0.97320391, 0.97320391, 0.97320391, 0.97808789, 0.97808789,
       0.98623747, 0.98623747, 0.98623747, 0.98623747, 0.98623747,
       0.98623747, 0.98986419, 0.99408792, 0.99811765, 0.9985332 ,
       1.        ]), array([0.        , 0.18733037, 0.18733037, 0.2240148 , 0.2240148 ,
       0.25989228, 0.25989228, 0.29516726, 0.29516726, 0.32951284,
       0.39728362, 0.39728362, 0.39728362, 0.39728362, 0.39728362,
       0.4295438 , 0.4295438 , 0.4295438 , 0.4295438 , 0.4295438 ,
       0.4295438 , 0.45937977, 0.45937977, 0.45937977, 0.45937977,
       0.48776974, 0.51563789, 0.51563789, 0.51563789, 0.51563789,
       0.51563789, 0.54169228, 0.54169228, 0.54169228, 0.56663275,
       0.59124322, 0.61551087, 0.61551087, 0.63916001, 0.66236011,
       0.66236011, 0.68474185, 0.68474185, 0.68474185, 0.70586759,
       0.74744909, 0.74744909, 0.74744909, 0.74744909, 0.74744909,
       0.74744909, 0.74744909, 0.74744909, 0.7828893 , 0.80042843,
       0.80042843, 0.81696975, 0.86590881, 0.86590881, 0.89710581,
       0.92782464, 0.942806  , 0.942806  , 0.942806  , 0.9566669 ,
       0.9566669 , 0.9566669 , 0.9566669 , 0.9566669 , 0.9566669 ,
       0.9566669 , 0.9566669 , 0.9566669 , 0.96717071, 0.96717071,
       0.96717071, 0.96717071, 0.96717071, 0.9755409 , 0.9755409 ,
       0.9755409 , 0.9755409 , 0.9755409 , 0.98226702, 0.98226702,
       0.98226702, 0.98226702, 0.98226702, 0.98226702, 0.98226702,
       0.98226702, 0.98226702, 0.98564491, 0.98564491, 0.99062973,
       0.99252749, 0.99406491, 0.99671184, 0.99867878, 0.99927556,
       1.        ]), array([0.        , 0.26654175, 0.29951065, 0.36471531, 0.4293158 ,
       0.49322515, 0.49322515, 0.49322515, 0.49322515, 0.52387642,
       0.58425264, 0.58425264, 0.58425264, 0.58425264, 0.58425264,
       0.58425264, 0.58425264, 0.61212181, 0.63986574, 0.66721988,
       0.66721988, 0.69393713, 0.69393713, 0.69393713, 0.69393713,
       0.69393713, 0.71896569, 0.71896569, 0.71896569, 0.74300543,
       0.74300543, 0.74300543, 0.7659368 , 0.7884043 , 0.7884043 ,
       0.7884043 , 0.80997992, 0.85239615, 0.87319288, 0.87319288,
       0.87319288, 0.87319288, 0.89261188, 0.89261188, 0.89261188,
       0.89261188, 0.89261188, 0.89261188, 0.89261188, 0.89261188,
       0.89261188, 0.89261188, 0.89261188, 0.89261188, 0.90829121,
       0.92361167, 0.92361167, 0.92361167, 0.92361167, 0.92361167,
       0.93713212, 0.93713212, 0.93713212, 0.93713212, 0.93713212,
       0.93713212, 0.93713212, 0.93713212, 0.95870793, 0.95870793,
       0.95870793, 0.96868968, 0.97824187, 0.97824187, 0.97824187,
       0.97824187, 0.97824187, 0.97824187, 0.97824187, 0.97824187,
       0.97824187, 0.97824187, 0.97824187, 0.97824187, 0.97824187,
       0.97824187, 0.97824187, 0.98289117, 0.98289117, 0.98668953,
       0.98668953, 0.98986119, 0.99286489, 0.995343  , 0.995343  ,
       0.995343  , 0.99698001, 0.99698001, 0.99772354, 0.99933889,
       1.        ])]","[array([0.00000000e+00, 0.00000000e+00, 4.93569890e-04, 1.23766935e-03,
       2.38956408e-03, 5.07140168e-03, 6.73391945e-03, 6.73391945e-03,
       6.73391945e-03, 1.18192889e-02, 1.46898831e-02, 1.46898831e-02,
       1.82323327e-02, 2.18936867e-02, 2.18936867e-02, 2.18936867e-02,
       2.18936867e-02, 2.18936867e-02, 2.18936867e-02, 2.73736637e-02,
       2.73736637e-02, 2.73736637e-02, 2.73736637e-02, 3.41358578e-02,
       3.41358578e-02, 3.41358578e-02, 3.41358578e-02, 4.20922595e-02,
       4.20922595e-02, 4.20922595e-02, 4.20922595e-02, 4.20922595e-02,
       5.17071410e-02, 6.14857362e-02, 6.14857362e-02, 6.14857362e-02,
       7.20946478e-02, 9.40460282e-02, 1.05421016e-01, 1.05421016e-01,
       1.05421016e-01, 1.29843390e-01, 1.42303100e-01, 1.42303100e-01,
       1.42303100e-01, 1.42303100e-01, 1.42303100e-01, 1.42303100e-01,
       1.42303100e-01, 1.71609197e-01, 1.71609197e-01, 2.01838004e-01,
       2.01838004e-01, 2.17536829e-01, 2.33815780e-01, 2.33815780e-01,
       2.67288199e-01, 2.67288199e-01, 3.01781653e-01, 3.01781653e-01,
       3.01781653e-01, 3.01781653e-01, 3.01781653e-01, 3.20517763e-01,
       3.20517763e-01, 3.20517763e-01, 3.20517763e-01, 3.40708551e-01,
       3.81280613e-01, 3.81280613e-01, 3.81280613e-01, 3.81280613e-01,
       3.81280613e-01, 4.03036050e-01, 4.25227146e-01, 4.25227146e-01,
       4.25227146e-01, 4.48209392e-01, 4.48209392e-01, 4.48209392e-01,
       4.48209392e-01, 4.72433123e-01, 4.72433123e-01, 4.97194134e-01,
       4.97194134e-01, 5.22589239e-01, 5.22589239e-01, 5.74896674e-01,
       6.01176521e-01, 6.27935588e-01, 6.27935588e-01, 6.55350374e-01,
       7.10526307e-01, 7.66274263e-01, 7.66274263e-01, 8.23253653e-01,
       8.23253653e-01, 8.81489115e-01, 9.40474424e-01, 1.00000000e+00,
       1.00000000e+00]), array([0.00000000e+00, 4.74405648e-04, 7.80957749e-04, 7.80957749e-04,
       1.63286991e-03, 2.92115954e-03, 2.92115954e-03, 2.92115954e-03,
       2.92115954e-03, 5.29336400e-03, 5.29336400e-03, 5.29336400e-03,
       5.29336400e-03, 5.29336400e-03, 5.29336400e-03, 1.27797298e-02,
       1.27797298e-02, 2.15305859e-02, 2.15305859e-02, 2.15305859e-02,
       2.15305859e-02, 2.15305859e-02, 2.15305859e-02, 2.15305859e-02,
       2.15305859e-02, 2.15305859e-02, 2.15305859e-02, 2.86000221e-02,
       2.86000221e-02, 2.86000221e-02, 2.86000221e-02, 2.86000221e-02,
       3.68778745e-02, 3.68778745e-02, 5.47136524e-02, 5.47136524e-02,
       5.47136524e-02, 6.43158387e-02, 6.43158387e-02, 6.43158387e-02,
       6.43158387e-02, 6.43158387e-02, 7.52632962e-02, 7.52632962e-02,
       7.52632962e-02, 7.52632962e-02, 8.75188671e-02, 9.97896272e-02,
       1.25276808e-01, 1.38213248e-01, 1.38213248e-01, 1.38213248e-01,
       1.38213248e-01, 1.38213248e-01, 1.38213248e-01, 1.38213248e-01,
       1.38213248e-01, 1.38213248e-01, 1.53456762e-01, 1.53456762e-01,
       1.53456762e-01, 2.01886276e-01, 2.18338913e-01, 2.18338913e-01,
       2.18338913e-01, 2.35587532e-01, 2.35587532e-01, 2.35587532e-01,
       2.35587532e-01, 2.35587532e-01, 2.54109717e-01, 2.54109717e-01,
       2.73192167e-01, 2.73192167e-01, 3.12487450e-01, 3.12487450e-01,
       3.32685930e-01, 3.32685930e-01, 3.32685930e-01, 3.53585235e-01,
       3.53585235e-01, 3.53585235e-01, 3.53585235e-01, 3.53585235e-01,
       3.53585235e-01, 3.76095411e-01, 3.76095411e-01, 3.99174135e-01,
       3.99174135e-01, 3.99174135e-01, 3.99174135e-01, 3.99174135e-01,
       3.99174135e-01, 4.48471447e-01, 4.73456566e-01, 4.98701331e-01,
       5.24242745e-01, 5.49915367e-01, 6.27802133e-01, 6.54035083e-01,
       1.00000000e+00]), array([0.00000000e+00, 2.64157762e-04, 7.53884990e-04, 7.53884990e-04,
       7.53884990e-04, 2.01395671e-03, 2.01395671e-03, 3.99147314e-03,
       3.99147314e-03, 3.99147314e-03, 3.99147314e-03, 6.89079755e-03,
       6.89079755e-03, 6.89079755e-03, 6.89079755e-03, 6.89079755e-03,
       1.12943570e-02, 1.12943570e-02, 1.12943570e-02, 1.12943570e-02,
       1.66992177e-02, 1.66992177e-02, 2.27135386e-02, 2.92009589e-02,
       2.92009589e-02, 2.92009589e-02, 3.63397172e-02, 3.63397172e-02,
       3.63397172e-02, 3.63397172e-02, 5.31465328e-02, 5.31465328e-02,
       5.31465328e-02, 5.31465328e-02, 6.25529993e-02, 8.20866943e-02,
       8.20866943e-02, 8.20866943e-02, 9.27012204e-02, 9.27012204e-02,
       9.27012204e-02, 9.27012204e-02, 1.04505812e-01, 1.40764045e-01,
       1.53113906e-01, 1.53113906e-01, 1.53113906e-01, 1.53113906e-01,
       1.53113906e-01, 1.53113906e-01, 1.53113906e-01, 1.53113906e-01,
       1.67815535e-01, 1.67815535e-01, 1.67815535e-01, 1.83328837e-01,
       2.14794807e-01, 2.14794807e-01, 2.14794807e-01, 2.14794807e-01,
       2.14794807e-01, 2.32014396e-01, 2.49437668e-01, 2.49437668e-01,
       2.49437668e-01, 2.67760214e-01, 2.67760214e-01, 2.67760214e-01,
       2.86866420e-01, 2.86866420e-01, 3.26210120e-01, 3.26210120e-01,
       3.26210120e-01, 3.26210120e-01, 3.26210120e-01, 3.26210120e-01,
       3.26210120e-01, 3.26210120e-01, 3.26210120e-01, 3.48508539e-01,
       3.93762506e-01, 3.93762506e-01, 3.93762506e-01, 3.93762506e-01,
       3.93762506e-01, 3.93762506e-01, 3.93762506e-01, 3.93762506e-01,
       4.18734646e-01, 4.18734646e-01, 4.69819721e-01, 4.69819721e-01,
       4.69819721e-01, 4.69819721e-01, 4.69819721e-01, 4.69819721e-01,
       5.24092899e-01, 6.06360060e-01, 7.17178780e-01, 7.45300672e-01,
       1.00000000e+00]), array([0.00000000e+00, 3.25541950e-04, 3.25541950e-04, 1.01454305e-03,
       1.01454305e-03, 2.34762641e-03, 2.34762641e-03, 4.16161169e-03,
       4.16161169e-03, 6.71741653e-03, 1.25636565e-02, 1.25636565e-02,
       1.25636565e-02, 1.25636565e-02, 1.25636565e-02, 1.67839807e-02,
       1.67839807e-02, 1.67839807e-02, 1.67839807e-02, 1.67839807e-02,
       1.67839807e-02, 2.29392411e-02, 2.29392411e-02, 2.29392411e-02,
       2.29392411e-02, 3.02486685e-02, 3.79745945e-02, 3.79745945e-02,
       3.79745945e-02, 3.79745945e-02, 3.79745945e-02, 4.71482171e-02,
       4.71482171e-02, 4.71482171e-02, 5.72109445e-02, 6.75370721e-02,
       7.81368286e-02, 7.81368286e-02, 8.92302613e-02, 1.00682105e-01,
       1.00682105e-01, 1.12787143e-01, 1.12787143e-01, 1.12787143e-01,
       1.25894695e-01, 1.52644550e-01, 1.52644550e-01, 1.52644550e-01,
       1.52644550e-01, 1.52644550e-01, 1.52644550e-01, 1.52644550e-01,
       1.52644550e-01, 1.84296231e-01, 2.00266521e-01, 2.00266521e-01,
       2.17033235e-01, 2.67880051e-01, 2.67880051e-01, 3.02918550e-01,
       3.38338715e-01, 3.56350551e-01, 3.56350551e-01, 3.56350551e-01,
       3.75256704e-01, 3.75256704e-01, 3.75256704e-01, 3.75256704e-01,
       3.75256704e-01, 3.75256704e-01, 3.75256704e-01, 3.75256704e-01,
       3.75256704e-01, 3.96842405e-01, 3.96842405e-01, 3.96842405e-01,
       3.96842405e-01, 3.96842405e-01, 4.20131109e-01, 4.20131109e-01,
       4.20131109e-01, 4.20131109e-01, 4.20131109e-01, 4.44732069e-01,
       4.44732069e-01, 4.44732069e-01, 4.44732069e-01, 4.44732069e-01,
       4.44732069e-01, 4.44732069e-01, 4.44732069e-01, 4.44732069e-01,
       4.72005498e-01, 4.72005498e-01, 5.27965892e-01, 5.56420731e-01,
       5.85163173e-01, 6.42989613e-01, 7.01358803e-01, 7.30852045e-01,
       1.00000000e+00]), array([0.00000000e+00, 9.65314457e-04, 1.43260518e-03, 3.09567993e-03,
       5.35912017e-03, 8.30933451e-03, 8.30933451e-03, 8.30933451e-03,
       8.30933451e-03, 1.10796263e-02, 1.75406893e-02, 1.75406893e-02,
       1.75406893e-02, 1.75406893e-02, 1.75406893e-02, 1.75406893e-02,
       1.75406893e-02, 2.30755249e-02, 2.87348182e-02, 3.47814306e-02,
       3.47814306e-02, 4.14609220e-02, 4.14609220e-02, 4.14609220e-02,
       4.14609220e-02, 4.14609220e-02, 4.98184591e-02, 4.98184591e-02,
       4.98184591e-02, 5.91585637e-02, 5.91585637e-02, 5.91585637e-02,
       6.96000467e-02, 8.05024834e-02, 8.05024834e-02, 8.05024834e-02,
       9.22911673e-02, 1.16598907e-01, 1.29161569e-01, 1.29161569e-01,
       1.29161569e-01, 1.29161569e-01, 1.43093258e-01, 1.43093258e-01,
       1.43093258e-01, 1.43093258e-01, 1.43093258e-01, 1.43093258e-01,
       1.43093258e-01, 1.43093258e-01, 1.43093258e-01, 1.43093258e-01,
       1.43093258e-01, 1.43093258e-01, 1.60741032e-01, 1.78745413e-01,
       1.78745413e-01, 1.78745413e-01, 1.78745413e-01, 1.78745413e-01,
       1.98538454e-01, 1.98538454e-01, 1.98538454e-01, 1.98538454e-01,
       1.98538454e-01, 1.98538454e-01, 1.98538454e-01, 1.98538454e-01,
       2.43555132e-01, 2.43555132e-01, 2.43555132e-01, 2.66864538e-01,
       2.90600800e-01, 2.90600800e-01, 2.90600800e-01, 2.90600800e-01,
       2.90600800e-01, 2.90600800e-01, 2.90600800e-01, 2.90600800e-01,
       2.90600800e-01, 2.90600800e-01, 2.90600800e-01, 2.90600800e-01,
       2.90600800e-01, 2.90600800e-01, 2.90600800e-01, 3.19209014e-01,
       3.19209014e-01, 3.48662802e-01, 3.48662802e-01, 3.78739335e-01,
       4.08982771e-01, 4.39748483e-01, 4.39748483e-01, 4.39748483e-01,
       4.71349979e-01, 4.71349979e-01, 5.03839331e-01, 6.01918722e-01,
       1.00000000e+00])]",0.0184106762808146,0.0268737659261074,0.0146504983959286,0.0112151006068831,"[{'lambda_reg': 0.14351674427926336, 'K_bin': 1, 'gamma': 0.6332572144990714}, {'lambda_reg': 0.0001577581085926728, 'K_bin': 1, 'gamma': 0.05952384469564132}, {'lambda_reg': 0.017025702736465264, 'K_bin': 1, 'gamma': 0.8625542152018398}, {'lambda_reg': 0.00016579016030925022, 'K_bin': 1, 'gamma': 0.013111553068423137}, {'lambda_reg': 0.00013104512543249435, 'K_bin': 1, 'gamma': 0.07394177811041017}]",300,2,rbf,8
"[np.float64(0.05056343955866952), np.float64(0.06345783393641638), np.float64(0.06007582704745244), np.float64(0.09497860095330683), np.float64(0.10129950541937598)]",0.0740750413830442,0.0201971718866753,"[np.float64(0.7842726322944972), np.float64(0.7892700164745544), np.float64(0.7887707268762354), np.float64(0.7569662590940412), np.float64(0.7844988013387257)]",0.7807556872156107,0.012075192419742,"[np.float64(0.9663861980241533), np.float64(0.9336225880309172), np.float64(0.9652303345163756), np.float64(0.9756725923708915), np.float64(0.9361072239687391)]",0.9554037873822152,0.0171742646567956,"[array([0.        , 0.57287712, 0.62525695, 0.68746696, 0.69776552,
       0.71810587, 0.7281385 , 0.73812501, 0.75774257, 0.76746767,
       0.80606731, 0.81561674, 0.82506933, 0.82506933, 0.83429033,
       0.83429033, 0.84331652, 0.86995399, 0.86995399, 0.86995399,
       0.86995399, 0.87845394, 0.87845394, 0.90313826, 0.91936652,
       0.92741819, 0.92741819, 0.92741819, 0.92741819, 0.92741819,
       0.94242155, 0.94242155, 0.94975052, 0.95691902, 0.95691902,
       0.95691902, 0.95691902, 0.95691902, 0.96359195, 0.97010072,
       0.97010072, 0.97010072, 0.97010072, 0.97010072, 0.97010072,
       0.97010072, 0.97010072, 0.97010072, 0.97570013, 0.97570013,
       0.97570013, 0.97570013, 0.97570013, 0.97570013, 0.97570013,
       0.97570013, 0.98043222, 0.98043222, 0.98043222, 0.98043222,
       0.98043222, 0.98043222, 0.98043222, 0.98043222, 0.98043222,
       0.98043222, 0.98043222, 0.98043222, 0.98043222, 0.98043222,
       0.98043222, 0.98043222, 0.98643883, 0.98643883, 0.98643883,
       0.98643883, 0.98908113, 0.98908113, 0.98908113, 0.99141339,
       0.99355992, 0.99355992, 0.99355992, 0.99355992, 0.99355992,
       0.99521492, 0.99521492, 0.99521492, 0.99521492, 0.99521492,
       0.9962937 , 0.99831605, 0.99831605, 0.99831605, 0.99831605,
       0.99831605, 0.99831605, 0.99874106, 0.99951176, 0.99982162,
       1.        ]), array([0.        , 0.44846409, 0.49072053, 0.52216761, 0.58419737,
       0.6046314 , 0.62494416, 0.64490906, 0.69449391, 0.69449391,
       0.69449391, 0.70405154, 0.72302835, 0.74181081, 0.74181081,
       0.76937209, 0.78740232, 0.82321585, 0.82321585, 0.82321585,
       0.82321585, 0.82321585, 0.82321585, 0.82321585, 0.84780411,
       0.86391043, 0.87183875, 0.87974907, 0.87974907, 0.87974907,
       0.89481734, 0.90227212, 0.90965358, 0.90965358, 0.91677723,
       0.91677723, 0.92371921, 0.92371921, 0.93041401, 0.93041401,
       0.93041401, 0.93041401, 0.93041401, 0.93041401, 0.93041401,
       0.93634663, 0.93634663, 0.93634663, 0.94195367, 0.94195367,
       0.94195367, 0.94195367, 0.94195367, 0.94195367, 0.94195367,
       0.94195367, 0.94671828, 0.94671828, 0.95125712, 0.95570729,
       0.95570729, 0.96418055, 0.96418055, 0.96418055, 0.96418055,
       0.96418055, 0.96782218, 0.96782218, 0.96782218, 0.98132346,
       0.98132346, 0.98132346, 0.98441871, 0.98441871, 0.98721894,
       0.98721894, 0.98721894, 0.98721894, 0.98958566, 0.98958566,
       0.98958566, 0.99162505, 0.99358336, 0.99358336, 0.99358336,
       0.99519742, 0.99519742, 0.99519742, 0.99519742, 0.99519742,
       0.99629863, 0.99834792, 0.99834792, 0.99919074, 0.99919074,
       0.99979824, 0.99979824, 0.99979824, 0.99979824, 0.99995157,
       1.        ]), array([0.        , 0.57366982, 0.6378396 , 0.66955972, 0.70088033,
       0.72158013, 0.74203226, 0.74203226, 0.74203226, 0.77186135,
       0.78165476, 0.7913885 , 0.7913885 , 0.80092114, 0.81033308,
       0.82889575, 0.83804662, 0.86517824, 0.87410426, 0.88292302,
       0.89162321, 0.89162321, 0.90015068, 0.90015068, 0.90015068,
       0.90015068, 0.91633184, 0.92425961, 0.94004963, 0.94004963,
       0.94004963, 0.94004963, 0.94004963, 0.94004963, 0.94004963,
       0.94004963, 0.94004963, 0.94004963, 0.94004963, 0.94004963,
       0.94004963, 0.94004963, 0.94004963, 0.94004963, 0.9461696 ,
       0.9461696 , 0.9461696 , 0.9461696 , 0.9461696 , 0.95170612,
       0.95170612, 0.95708499, 0.96234975, 0.96234975, 0.96234975,
       0.96234975, 0.96720515, 0.96720515, 0.96720515, 0.98081868,
       0.98081868, 0.98507751, 0.98920176, 0.98920176, 0.98920176,
       0.98920176, 0.98920176, 0.98920176, 0.98920176, 0.98920176,
       0.98920176, 0.98920176, 0.98920176, 0.98920176, 0.98920176,
       0.98920176, 0.98920176, 0.98920176, 0.99161952, 0.99161952,
       0.99161952, 0.99161952, 0.99161952, 0.99161952, 0.99161952,
       0.99325643, 0.99325643, 0.9947256 , 0.9947256 , 0.9947256 ,
       0.9947256 , 0.99575442, 0.99575442, 0.99661084, 0.99661084,
       0.99774127, 0.99823155, 0.99891542, 0.99961584, 0.99982964,
       1.        ]), array([0.        , 0.64953211, 0.64953211, 0.67170048, 0.72669512,
       0.75938954, 0.77012162, 0.80209096, 0.80209096, 0.81253733,
       0.82282434, 0.82282434, 0.82282434, 0.84277894, 0.84277894,
       0.84277894, 0.84277894, 0.85235881, 0.85235881, 0.85235881,
       0.85235881, 0.85235881, 0.85235881, 0.85235881, 0.85235881,
       0.86091871, 0.86091871, 0.87765222, 0.88594916, 0.89412176,
       0.9021112 , 0.92583983, 0.93367417, 0.93367417, 0.94125963,
       0.94868029, 0.95600264, 0.95600264, 0.95600264, 0.95600264,
       0.95600264, 0.95600264, 0.95600264, 0.95600264, 0.96249312,
       0.96249312, 0.96249312, 0.96856548, 0.9745307 , 0.9745307 ,
       0.98025973, 0.98585166, 0.98585166, 0.98585166, 0.98585166,
       0.98585166, 0.98585166, 0.99081348, 0.99081348, 0.99081348,
       0.99081348, 0.99081348, 0.99081348, 0.99081348, 0.99081348,
       0.99081348, 0.99081348, 0.99081348, 0.99081348, 0.99081348,
       0.99081348, 0.99081348, 0.99081348, 0.99081348, 0.99081348,
       0.99081348, 0.99081348, 0.99081348, 0.99081348, 0.99081348,
       0.99081348, 0.99081348, 0.99081348, 0.99277994, 0.99277994,
       0.99277994, 0.99439851, 0.99439851, 0.99439851, 0.99439851,
       0.99562898, 0.99562898, 0.99562898, 0.99562898, 0.99711322,
       0.99831229, 0.99831229, 0.99871767, 0.99897222, 0.99980154,
       1.        ]), array([0.        , 0.42235331, 0.52927282, 0.55035975, 0.61321506,
       0.64429475, 0.6853975 , 0.69560197, 0.70560074, 0.71554397,
       0.71554397, 0.71554397, 0.72518497, 0.72518497, 0.72518497,
       0.75307219, 0.75307219, 0.76213097, 0.7710945 , 0.78875066,
       0.80625712, 0.80625712, 0.81480818, 0.82322427, 0.82322427,
       0.83146569, 0.83146569, 0.83146569, 0.83146569, 0.8547623 ,
       0.87007567, 0.87007567, 0.87750719, 0.87750719, 0.87750719,
       0.88460316, 0.89166031, 0.89166031, 0.89166031, 0.90505265,
       0.90505265, 0.91795022, 0.9243229 , 0.93059324, 0.9366915 ,
       0.9366915 , 0.94259649, 0.94259649, 0.95401851, 0.95401851,
       0.95949325, 0.95949325, 0.95949325, 0.95949325, 0.95949325,
       0.9694686 , 0.9694686 , 0.9694686 , 0.9694686 , 0.9694686 ,
       0.9694686 , 0.97376603, 0.97796849, 0.97796849, 0.97796849,
       0.97796849, 0.97796849, 0.97796849, 0.98146081, 0.98146081,
       0.98146081, 0.98466391, 0.98466391, 0.98466391, 0.98758232,
       0.99309152, 0.99309152, 0.99309152, 0.99309152, 0.99546268,
       0.99546268, 0.99546268, 0.99546268, 0.99546268, 0.99728538,
       0.99728538, 0.99728538, 0.99728538, 0.99728538, 0.99728538,
       0.99728538, 0.99728538, 0.99728538, 0.99728538, 0.99728538,
       0.99903288, 0.99950754, 0.99989002, 0.99989002, 0.99989002,
       1.        ])]","[array([0.        , 0.00442281, 0.00724136, 0.01296543, 0.01417246,
       0.0175176 , 0.01968892, 0.0220275 , 0.02799365, 0.03128017,
       0.04551681, 0.04944032, 0.05371499, 0.05371499, 0.05882948,
       0.05882948, 0.06465039, 0.08371258, 0.08371258, 0.08371258,
       0.08371258, 0.09144171, 0.09144171, 0.11758644, 0.13584287,
       0.14519757, 0.14519757, 0.14519757, 0.14519757, 0.14519757,
       0.16789571, 0.16789571, 0.17987108, 0.19242833, 0.19242833,
       0.19242833, 0.19242833, 0.19242833, 0.2067826 , 0.2217322 ,
       0.2217322 , 0.2217322 , 0.2217322 , 0.2217322 , 0.2217322 ,
       0.2217322 , 0.2217322 , 0.2217322 , 0.23997929, 0.23997929,
       0.23997929, 0.23997929, 0.23997929, 0.23997929, 0.23997929,
       0.23997929, 0.26137144, 0.26137144, 0.26137144, 0.26137144,
       0.26137144, 0.26137144, 0.26137144, 0.26137144, 0.26137144,
       0.26137144, 0.26137144, 0.26137144, 0.26137144, 0.26137144,
       0.26137144, 0.26137144, 0.31669363, 0.31669363, 0.31669363,
       0.31669363, 0.34566379, 0.34566379, 0.34566379, 0.37575824,
       0.40652616, 0.40652616, 0.40652616, 0.40652616, 0.40652616,
       0.43907646, 0.43907646, 0.43907646, 0.43907646, 0.43907646,
       0.47371629, 0.54348618, 0.54348618, 0.54348618, 0.54348618,
       0.54348618, 0.54348618, 0.5804967 , 0.69335701, 0.76933677,
       1.        ]), array([0.        , 0.00430888, 0.00631463, 0.00868003, 0.01644551,
       0.0198856 , 0.02375145, 0.02883853, 0.04270578, 0.04270578,
       0.04270578, 0.04674083, 0.05529696, 0.06453542, 0.06453542,
       0.08054317, 0.09242259, 0.11704837, 0.11704837, 0.11704837,
       0.11704837, 0.11704837, 0.11704837, 0.11704837, 0.14349394,
       0.16212787, 0.17188315, 0.18170162, 0.18170162, 0.18170162,
       0.20397999, 0.21539779, 0.22707298, 0.22707298, 0.23965332,
       0.23965332, 0.25287145, 0.25287145, 0.26695741, 0.26695741,
       0.26695741, 0.26695741, 0.26695741, 0.26695741, 0.26695741,
       0.28371923, 0.28371923, 0.28371923, 0.30162415, 0.30162415,
       0.30162415, 0.30162415, 0.30162415, 0.30162415, 0.30162415,
       0.30162415, 0.32248669, 0.32248669, 0.34414186, 0.36610833,
       0.36610833, 0.41154068, 0.41154068, 0.41154068, 0.41154068,
       0.41154068, 0.43634581, 0.43634581, 0.43634581, 0.53930619,
       0.53930619, 0.53930619, 0.56602957, 0.56602957, 0.59378872,
       0.59378872, 0.59378872, 0.59378872, 0.62306984, 0.62306984,
       0.62306984, 0.65350019, 0.68421516, 0.68421516, 0.68421516,
       0.71613877, 0.71613877, 0.71613877, 0.71613877, 0.71613877,
       0.74986286, 0.81784874, 0.81784874, 0.85248004, 0.85248004,
       0.88793747, 0.88793747, 0.88793747, 0.88793747, 0.92498946,
       1.        ]), array([0.        , 0.00474969, 0.00784914, 0.01060622, 0.01468566,
       0.01800308, 0.02214023, 0.02214023, 0.02214023, 0.03115643,
       0.03465707, 0.03835518, 0.03835518, 0.04271895, 0.04748219,
       0.0578733 , 0.06350065, 0.08144523, 0.08781683, 0.09454343,
       0.1016625 , 0.1016625 , 0.10935328, 0.10935328, 0.10935328,
       0.10935328, 0.12762693, 0.13730262, 0.15687088, 0.15687088,
       0.15687088, 0.15687088, 0.15687088, 0.15687088, 0.15687088,
       0.15687088, 0.15687088, 0.15687088, 0.15687088, 0.15687088,
       0.15687088, 0.15687088, 0.15687088, 0.15687088, 0.17253023,
       0.17253023, 0.17253023, 0.17253023, 0.17253023, 0.19012073,
       0.19012073, 0.20823305, 0.22672304, 0.22672304, 0.22672304,
       0.22672304, 0.24656799, 0.24656799, 0.24656799, 0.30925603,
       0.30925603, 0.33107557, 0.35334053, 0.35334053, 0.35334053,
       0.35334053, 0.35334053, 0.35334053, 0.35334053, 0.35334053,
       0.35334053, 0.35334053, 0.35334053, 0.35334053, 0.35334053,
       0.35334053, 0.35334053, 0.35334053, 0.38125383, 0.38125383,
       0.38125383, 0.38125383, 0.38125383, 0.38125383, 0.38125383,
       0.41175163, 0.41175163, 0.44280463, 0.44280463, 0.44280463,
       0.44280463, 0.47531516, 0.47531516, 0.50839634, 0.50839634,
       0.57648636, 0.6107794 , 0.68034749, 0.78577662, 0.82098477,
       1.        ]), array([0.        , 0.00252775, 0.00252775, 0.00430084, 0.00988764,
       0.01405824, 0.01589797, 0.02203143, 0.02203143, 0.02464458,
       0.02768918, 0.02768918, 0.02768918, 0.03545513, 0.03545513,
       0.03545513, 0.03545513, 0.04041401, 0.04041401, 0.04041401,
       0.04041401, 0.04041401, 0.04041401, 0.04041401, 0.04041401,
       0.048134  , 0.048134  , 0.06461971, 0.07305156, 0.08182001,
       0.09108431, 0.11952601, 0.12921013, 0.12921013, 0.13956802,
       0.15037203, 0.16144218, 0.16144218, 0.16144218, 0.16144218,
       0.16144218, 0.16144218, 0.16144218, 0.16144218, 0.17476428,
       0.17476428, 0.17476428, 0.18921825, 0.20396225, 0.20396225,
       0.21934565, 0.23510017, 0.23510017, 0.23510017, 0.23510017,
       0.23510017, 0.23510017, 0.25256045, 0.25256045, 0.25256045,
       0.25256045, 0.25256045, 0.25256045, 0.25256045, 0.25256045,
       0.25256045, 0.25256045, 0.25256045, 0.25256045, 0.25256045,
       0.25256045, 0.25256045, 0.25256045, 0.25256045, 0.25256045,
       0.25256045, 0.25256045, 0.25256045, 0.25256045, 0.25256045,
       0.25256045, 0.25256045, 0.25256045, 0.2781294 , 0.2781294 ,
       0.2781294 , 0.30464014, 0.30464014, 0.30464014, 0.30464014,
       0.3322015 , 0.3322015 , 0.3322015 , 0.3322015 , 0.38996819,
       0.44850687, 0.44850687, 0.4783018 , 0.50850505, 0.66072165,
       1.        ]), array([0.        , 0.003629  , 0.00910251, 0.01117751, 0.01874112,
       0.0236716 , 0.03135745, 0.03351404, 0.03634963, 0.03936855,
       0.03936855, 0.03936855, 0.04338516, 0.04338516, 0.04338516,
       0.05885422, 0.05885422, 0.0647928 , 0.07104582, 0.08444609,
       0.09834054, 0.09834054, 0.10595512, 0.11401526, 0.11401526,
       0.12265201, 0.12265201, 0.12265201, 0.12265201, 0.15327506,
       0.17440906, 0.17440906, 0.18571934, 0.18571934, 0.18571934,
       0.1981373 , 0.21068343, 0.21068343, 0.21068343, 0.2381589 ,
       0.2381589 , 0.26726766, 0.28207326, 0.29721672, 0.3129282 ,
       0.3129282 , 0.32927766, 0.32927766, 0.36325733, 0.36325733,
       0.38102713, 0.38102713, 0.38102713, 0.38102713, 0.38102713,
       0.41978234, 0.41978234, 0.41978234, 0.41978234, 0.41978234,
       0.41978234, 0.44143851, 0.46340819, 0.46340819, 0.46340819,
       0.46340819, 0.46340819, 0.46340819, 0.4877221 , 0.4877221 ,
       0.4877221 , 0.51299075, 0.51299075, 0.51299075, 0.53919918,
       0.59269752, 0.59269752, 0.59269752, 0.59269752, 0.62071243,
       0.62071243, 0.62071243, 0.62071243, 0.62071243, 0.65053789,
       0.65053789, 0.65053789, 0.65053789, 0.65053789, 0.65053789,
       0.65053789, 0.65053789, 0.65053789, 0.65053789, 0.65053789,
       0.75229626, 0.78657168, 0.82115142, 0.82115142, 0.82115142,
       1.        ])]",0.0245464378378038,0.007845783831556,0.0096894509924019,0.0031986269867351,"[{'lambda_reg': 0.0012021035594651612, 'K_bin': 1, 'gamma': 0.046719006839855526}, {'lambda_reg': 0.01855683392593828, 'K_bin': 1, 'gamma': 0.0974919745711547}, {'lambda_reg': 0.00033001089485410287, 'K_bin': 1, 'gamma': 0.03878930469915059}, {'lambda_reg': 0.0040592235463357594, 'K_bin': 1, 'gamma': 0.11384266737934393}, {'lambda_reg': 0.018593547604235657, 'K_bin': 1, 'gamma': 0.16780172286566672}]",600,3,cauchy,39
"[np.float64(0.10761751390903691), np.float64(0.09007024296117858), np.float64(0.14612057542326992), np.float64(0.09747302945616518), np.float64(0.11829331864577729)]",0.1119149360790855,0.0195700620782858,"[np.float64(0.8342299556830465), np.float64(0.8496677533083091), np.float64(0.8265066620796306), np.float64(0.8773764477695606), np.float64(0.8437358585554269)]",0.8463033354791947,0.0174420430562688,"[np.float64(0.9118780337904062), np.float64(0.9171524345484994), np.float64(0.9073942722744432), np.float64(0.9311052456828184), np.float64(0.9256144363109743)]",0.9186288845214284,0.0086997462501969,"[array([0.        , 0.20172952, 0.21985562, 0.2557891 , 0.27344666,
       0.30849027, 0.30849027, 0.35992203, 0.35992203, 0.41043375,
       0.41043375, 0.45975001, 0.45975001, 0.47579645, 0.47579645,
       0.49156238, 0.49156238, 0.52220124, 0.52220124, 0.5372778 ,
       0.5372778 , 0.5372778 , 0.5372778 , 0.55153831, 0.55153831,
       0.55153831, 0.55153831, 0.56502732, 0.56502732, 0.56502732,
       0.59108434, 0.59108434, 0.60375813, 0.61620785, 0.61620785,
       0.61620785, 0.62811352, 0.62811352, 0.62811352, 0.65068767,
       0.65068767, 0.66161224, 0.68318752, 0.69371491, 0.70415441,
       0.71428741, 0.74436365, 0.76403684, 0.78335835, 0.79274215,
       0.82063251, 0.82063251, 0.83841994, 0.83841994, 0.83841994,
       0.84674618, 0.85500657, 0.85500657, 0.86284863, 0.86284863,
       0.87022809, 0.87750239, 0.88458194, 0.89141058, 0.89806475,
       0.90458357, 0.90458357, 0.90458357, 0.91653488, 0.92812928,
       0.92812928, 0.93359105, 0.93879796, 0.93879796, 0.93879796,
       0.95294825, 0.95294825, 0.95722152, 0.96132826, 0.96132826,
       0.96132826, 0.96132826, 0.97504168, 0.97829317, 0.97829317,
       0.97829317, 0.98103067, 0.98103067, 0.98337537, 0.98755942,
       0.98946159, 0.99122241, 0.99122241, 0.99399   , 0.99399   ,
       0.9958404 , 0.9958404 , 0.99834584, 0.99834584, 0.99924928,
       1.        ]), array([0.        , 0.05409959, 0.10762625, 0.23139974, 0.24886729,
       0.28351012, 0.31769928, 0.35163131, 0.38517034, 0.41826306,
       0.41826306, 0.41826306, 0.41826306, 0.41826306, 0.41826306,
       0.43367605, 0.43367605, 0.43367605, 0.43367605, 0.4632449 ,
       0.47778026, 0.47778026, 0.47778026, 0.50584371, 0.50584371,
       0.53326654, 0.54677572, 0.54677572, 0.59922166, 0.59922166,
       0.62477511, 0.62477511, 0.64966953, 0.66193105, 0.67401413,
       0.67401413, 0.70907202, 0.70907202, 0.75421487, 0.7652786 ,
       0.7871546 , 0.79801117, 0.79801117, 0.83970293, 0.83970293,
       0.87004326, 0.87004326, 0.87968679, 0.87968679, 0.87968679,
       0.87968679, 0.87968679, 0.87968679, 0.88832494, 0.88832494,
       0.89652997, 0.89652997, 0.89652997, 0.89652997, 0.89652997,
       0.89652997, 0.90366599, 0.91770369, 0.91770369, 0.92437937,
       0.92437937, 0.92437937, 0.93047145, 0.93047145, 0.93623351,
       0.93623351, 0.93623351, 0.93623351, 0.94119745, 0.94599966,
       0.95068571, 0.95068571, 0.95068571, 0.95874095, 0.96267694,
       0.96639746, 0.96995181, 0.96995181, 0.976171  , 0.976171  ,
       0.976171  , 0.97874386, 0.97874386, 0.98098737, 0.983012  ,
       0.983012  , 0.98477499, 0.98786807, 0.98786807, 0.98786807,
       0.99071891, 0.99234322, 0.9943935 , 0.99753303, 0.99914177,
       1.        ]), array([0.        , 0.16906747, 0.20632349, 0.22473029, 0.24294013,
       0.26102258, 0.29669428, 0.29669428, 0.29669428, 0.31391811,
       0.31391811, 0.3307184 , 0.3307184 , 0.3307184 , 0.3307184 ,
       0.3307184 , 0.34655885, 0.36226008, 0.39339772, 0.4395127 ,
       0.47003933, 0.51497023, 0.54459218, 0.55924121, 0.55924121,
       0.55924121, 0.55924121, 0.55924121, 0.55924121, 0.57274209,
       0.57274209, 0.58578865, 0.61170939, 0.62441237, 0.63703773,
       0.63703773, 0.63703773, 0.66099325, 0.66099325, 0.66099325,
       0.67232492, 0.67232492, 0.68340855, 0.69431004, 0.7156081 ,
       0.73657208, 0.75711683, 0.76720876, 0.78705759, 0.78705759,
       0.80615214, 0.84345011, 0.85267966, 0.86154588, 0.86154588,
       0.86154588, 0.86154588, 0.86982729, 0.86982729, 0.86982729,
       0.88502742, 0.89999569, 0.89999569, 0.90706651, 0.90706651,
       0.92043024, 0.93335779, 0.93335779, 0.94557213, 0.94557213,
       0.94557213, 0.94557213, 0.94557213, 0.95081325, 0.95575232,
       0.95575232, 0.95575232, 0.95575232, 0.95575232, 0.95987995,
       0.95987995, 0.96350003, 0.96350003, 0.96350003, 0.96963994,
       0.96963994, 0.97243678, 0.97500597, 0.97733919, 0.9795591 ,
       0.98340665, 0.98518463, 0.98840054, 0.99267272, 0.99510251,
       0.99618359, 0.99618359, 0.99618359, 0.9971147 , 0.99920348,
       1.        ]), array([0.        , 0.112575  , 0.15716055, 0.22296123, 0.24479424,
       0.26627451, 0.3090488 , 0.3090488 , 0.32994639, 0.32994639,
       0.35026961, 0.39072216, 0.39072216, 0.39072216, 0.41015338,
       0.42936017, 0.42936017, 0.4481886 , 0.46685087, 0.48522498,
       0.48522498, 0.48522498, 0.50298283, 0.50298283, 0.50298283,
       0.50298283, 0.55323397, 0.56991477, 0.56991477, 0.6022853 ,
       0.6022853 , 0.61797726, 0.64899518, 0.64899518, 0.64899518,
       0.64899518, 0.64899518, 0.66340123, 0.66340123, 0.67727324,
       0.67727324, 0.69076317, 0.70398596, 0.70398596, 0.70398596,
       0.72912384, 0.72912384, 0.72912384, 0.74100167, 0.77604633,
       0.7875438 , 0.79864379, 0.79864379, 0.80932753, 0.81984283,
       0.84038493, 0.85036186, 0.87977776, 0.88937788, 0.88937788,
       0.90773868, 0.90773868, 0.90773868, 0.90773868, 0.90773868,
       0.90773868, 0.91555349, 0.91555349, 0.92279323, 0.92279323,
       0.92972246, 0.92972246, 0.92972246, 0.93596655, 0.93596655,
       0.94167441, 0.94167441, 0.94167441, 0.9466624 , 0.95162248,
       0.95162248, 0.9560494 , 0.9560494 , 0.96008868, 0.96385278,
       0.96725015, 0.97052779, 0.97052779, 0.97326104, 0.97579501,
       0.97822772, 0.98045687, 0.98240006, 0.98240006, 0.98694035,
       0.99062863, 0.99350874, 0.99432577, 0.99604416, 0.99799323,
       1.        ]), array([0.        , 0.05942339, 0.07899012, 0.17616237, 0.17616237,
       0.21415621, 0.23300497, 0.27035478, 0.30729018, 0.30729018,
       0.32533417, 0.32533417, 0.36056011, 0.36056011, 0.44691452,
       0.48093651, 0.48093651, 0.5307613 , 0.5472243 , 0.5472243 ,
       0.56337121, 0.56337121, 0.56337121, 0.57876154, 0.59395428,
       0.60896868, 0.60896868, 0.62367406, 0.6670906 , 0.6670906 ,
       0.69509735, 0.69509735, 0.70868871, 0.70868871, 0.70868871,
       0.70868871, 0.72150747, 0.73425019, 0.74663782, 0.74663782,
       0.75880238, 0.75880238, 0.77045841, 0.78195744, 0.79332496,
       0.79332496, 0.79332496, 0.79332496, 0.83511351, 0.84528688,
       0.84528688, 0.84528688, 0.85492793, 0.86433262, 0.86433262,
       0.87338096, 0.88235196, 0.88235196, 0.88235196, 0.88235196,
       0.89034546, 0.89034546, 0.90575976, 0.91322458, 0.91322458,
       0.91322458, 0.91322458, 0.91322458, 0.91322458, 0.91948806,
       0.92558626, 0.92558626, 0.92558626, 0.92558626, 0.92558626,
       0.93065946, 0.93564094, 0.94026844, 0.94480041, 0.94899064,
       0.95306835, 0.95306835, 0.95306835, 0.95306835, 0.95639229,
       0.95940892, 0.96221426, 0.96221426, 0.96469253, 0.96927332,
       0.97571013, 0.97942745, 0.97942745, 0.9822819 , 0.98638044,
       0.988508  , 0.99048701, 0.99392468, 0.99559514, 0.99829606,
       1.        ])]","[array([0.00000000e+00, 4.91610902e-04, 7.12707850e-04, 1.41892249e-03,
       2.02814955e-03, 3.47152790e-03, 3.47152790e-03, 6.57569291e-03,
       6.57569291e-03, 1.04420211e-02, 1.04420211e-02, 1.52986541e-02,
       1.52986541e-02, 1.72425188e-02, 1.72425188e-02, 1.94187639e-02,
       1.94187639e-02, 2.45109878e-02, 2.45109878e-02, 2.72582978e-02,
       2.72582978e-02, 2.72582978e-02, 2.72582978e-02, 3.06816082e-02,
       3.06816082e-02, 3.06816082e-02, 3.06816082e-02, 3.47440251e-02,
       3.47440251e-02, 3.47440251e-02, 4.36318145e-02, 4.36318145e-02,
       4.83695504e-02, 5.32929074e-02, 5.32929074e-02, 5.32929074e-02,
       5.86669510e-02, 5.86669510e-02, 5.86669510e-02, 7.04399127e-02,
       7.04399127e-02, 7.66266908e-02, 8.92271028e-02, 9.57429041e-02,
       1.02331504e-01, 1.09174010e-01, 1.29968905e-01, 1.44144993e-01,
       1.58612411e-01, 1.66075548e-01, 1.88681203e-01, 1.88681203e-01,
       2.04419434e-01, 2.04419434e-01, 2.04419434e-01, 2.12758650e-01,
       2.21152405e-01, 2.21152405e-01, 2.29892703e-01, 2.29892703e-01,
       2.39016216e-01, 2.48226845e-01, 2.57598801e-01, 2.67178610e-01,
       2.76902949e-01, 2.86739405e-01, 2.86739405e-01, 2.86739405e-01,
       3.07312229e-01, 3.28180715e-01, 3.28180715e-01, 3.38892824e-01,
       3.49816060e-01, 3.49816060e-01, 3.49816060e-01, 3.83803858e-01,
       3.83803858e-01, 3.95500510e-01, 4.07335112e-01, 4.07335112e-01,
       4.07335112e-01, 4.07335112e-01, 4.56921402e-01, 4.69464489e-01,
       4.69464489e-01, 4.69464489e-01, 4.82433364e-01, 4.82433364e-01,
       4.95727623e-01, 5.22734779e-01, 5.36395629e-01, 5.50173573e-01,
       5.50173573e-01, 5.78354104e-01, 5.78354104e-01, 6.07294427e-01,
       6.07294427e-01, 6.66165309e-01, 6.66165309e-01, 7.26363270e-01,
       1.00000000e+00]), array([0.00000000e+00, 2.03137065e-04, 8.94496349e-04, 3.46379068e-03,
       4.01350947e-03, 5.36200781e-03, 7.09709635e-03, 9.05129831e-03,
       1.13403856e-02, 1.40097921e-02, 1.40097921e-02, 1.40097921e-02,
       1.40097921e-02, 1.40097921e-02, 1.40097921e-02, 1.63102792e-02,
       1.63102792e-02, 1.63102792e-02, 1.63102792e-02, 2.19825082e-02,
       2.50308570e-02, 2.50308570e-02, 2.50308570e-02, 3.19858937e-02,
       3.19858937e-02, 3.94868287e-02, 4.34096291e-02, 4.34096291e-02,
       6.04563875e-02, 6.04563875e-02, 6.95502833e-02, 6.95502833e-02,
       7.92057715e-02, 8.41917546e-02, 8.93297842e-02, 8.93297842e-02,
       1.05759076e-01, 1.05759076e-01, 1.29029070e-01, 1.35035727e-01,
       1.47263330e-01, 1.53446519e-01, 1.53446519e-01, 1.79657317e-01,
       1.79657317e-01, 2.00106621e-01, 2.00106621e-01, 2.07323481e-01,
       2.07323481e-01, 2.07323481e-01, 2.07323481e-01, 2.07323481e-01,
       2.07323481e-01, 2.15397068e-01, 2.15397068e-01, 2.23839741e-01,
       2.23839741e-01, 2.23839741e-01, 2.23839741e-01, 2.23839741e-01,
       2.23839741e-01, 2.33193350e-01, 2.52100257e-01, 2.52100257e-01,
       2.61846138e-01, 2.61846138e-01, 2.61846138e-01, 2.72089325e-01,
       2.72089325e-01, 2.82613737e-01, 2.82613737e-01, 2.82613737e-01,
       2.82613737e-01, 2.93818260e-01, 3.05160603e-01, 3.16601919e-01,
       3.16601919e-01, 3.16601919e-01, 3.40606706e-01, 3.52687188e-01,
       3.64951272e-01, 3.77356953e-01, 3.77356953e-01, 4.02926315e-01,
       4.02926315e-01, 4.02926315e-01, 4.16168365e-01, 4.16168365e-01,
       4.29691065e-01, 4.43400283e-01, 4.43400283e-01, 4.57332456e-01,
       4.85565694e-01, 4.85565694e-01, 4.85565694e-01, 5.29439825e-01,
       5.58924657e-01, 6.03480983e-01, 7.08847039e-01, 8.00083069e-01,
       1.00000000e+00]), array([0.00000000e+00, 5.12664571e-04, 8.75649462e-04, 1.23230856e-03,
       1.74492324e-03, 2.35842390e-03, 3.97595093e-03, 3.97595093e-03,
       3.97595093e-03, 5.26934211e-03, 5.26934211e-03, 6.89811575e-03,
       6.89811575e-03, 6.89811575e-03, 6.89811575e-03, 6.89811575e-03,
       9.28693675e-03, 1.17860008e-02, 1.69938258e-02, 2.52739241e-02,
       3.09655811e-02, 4.01832907e-02, 4.65913213e-02, 4.99235622e-02,
       4.99235622e-02, 4.99235622e-02, 4.99235622e-02, 4.99235622e-02,
       4.99235622e-02, 5.41649790e-02, 5.41649790e-02, 5.87661426e-02,
       6.81049650e-02, 7.29781989e-02, 7.79128865e-02, 7.79128865e-02,
       7.79128865e-02, 8.88078785e-02, 8.88078785e-02, 8.88078785e-02,
       9.47669773e-02, 9.47669773e-02, 1.00922490e-01, 1.07222228e-01,
       1.20221519e-01, 1.33485361e-01, 1.47081165e-01, 1.54021951e-01,
       1.68168823e-01, 1.68168823e-01, 1.82912974e-01, 2.13106904e-01,
       2.20730570e-01, 2.28641942e-01, 2.28641942e-01, 2.28641942e-01,
       2.28641942e-01, 2.37016384e-01, 2.37016384e-01, 2.37016384e-01,
       2.54844328e-01, 2.72855877e-01, 2.72855877e-01, 2.82188929e-01,
       2.82188929e-01, 3.01471029e-01, 3.21098514e-01, 3.21098514e-01,
       3.41290753e-01, 3.41290753e-01, 3.41290753e-01, 3.41290753e-01,
       3.41290753e-01, 3.52072655e-01, 3.63093734e-01, 3.63093734e-01,
       3.63093734e-01, 3.63093734e-01, 3.63093734e-01, 3.74757361e-01,
       3.74757361e-01, 3.86822885e-01, 3.86822885e-01, 3.86822885e-01,
       4.11825158e-01, 4.11825158e-01, 4.24542571e-01, 4.37440239e-01,
       4.50524762e-01, 4.63699008e-01, 4.90516497e-01, 5.04040686e-01,
       5.31358340e-01, 5.72771664e-01, 6.00711803e-01, 6.14787837e-01,
       6.14787837e-01, 6.14787837e-01, 6.43914705e-01, 7.61717374e-01,
       1.00000000e+00]), array([0.00000000e+00, 1.91868510e-04, 5.28576371e-04, 1.66396771e-03,
       2.10124098e-03, 2.74483523e-03, 4.14096755e-03, 4.14096755e-03,
       5.12537283e-03, 5.12537283e-03, 6.44573351e-03, 9.19986398e-03,
       9.19986398e-03, 9.19986398e-03, 1.10419633e-02, 1.30153379e-02,
       1.30153379e-02, 1.52100100e-02, 1.75018742e-02, 1.99622848e-02,
       1.99622848e-02, 1.99622848e-02, 2.27831502e-02, 2.27831502e-02,
       2.27831502e-02, 2.27831502e-02, 3.30135733e-02, 3.64644181e-02,
       3.64644181e-02, 4.39457767e-02, 4.39457767e-02, 4.79749985e-02,
       5.62475130e-02, 5.62475130e-02, 5.62475130e-02, 5.62475130e-02,
       5.62475130e-02, 6.10288695e-02, 6.10288695e-02, 6.61225892e-02,
       6.61225892e-02, 7.14397936e-02, 7.69132497e-02, 7.69132497e-02,
       7.69132497e-02, 8.86250405e-02, 8.86250405e-02, 8.86250405e-02,
       9.48851737e-02, 1.14009981e-01, 1.20492584e-01, 1.27207681e-01,
       1.27207681e-01, 1.34166243e-01, 1.41223332e-01, 1.55623225e-01,
       1.62995207e-01, 1.85412316e-01, 1.93004701e-01, 1.93004701e-01,
       2.08680455e-01, 2.08680455e-01, 2.08680455e-01, 2.08680455e-01,
       2.08680455e-01, 2.08680455e-01, 2.17317076e-01, 2.17317076e-01,
       2.26290058e-01, 2.26290058e-01, 2.35444662e-01, 2.35444662e-01,
       2.35444662e-01, 2.45000007e-01, 2.45000007e-01, 2.54868999e-01,
       2.54868999e-01, 2.54868999e-01, 2.65159050e-01, 2.75465422e-01,
       2.75465422e-01, 2.86083648e-01, 2.86083648e-01, 2.96928605e-01,
       3.07934512e-01, 3.19154930e-01, 3.30445372e-01, 3.30445372e-01,
       3.42054236e-01, 3.53779661e-01, 3.65564307e-01, 3.77468021e-01,
       3.89539000e-01, 3.89539000e-01, 4.26506031e-01, 4.63971407e-01,
       5.01909495e-01, 5.14639168e-01, 5.53256751e-01, 6.31362087e-01,
       1.00000000e+00]), array([0.00000000e+00, 2.94315719e-04, 5.65434271e-04, 2.39571360e-03,
       2.39571360e-03, 3.75585153e-03, 4.54226138e-03, 6.36462595e-03,
       8.48441327e-03, 8.48441327e-03, 9.84839762e-03, 9.84839762e-03,
       1.31950689e-02, 1.31950689e-02, 2.27893178e-02, 2.70000589e-02,
       2.70000589e-02, 3.41832881e-02, 3.66819606e-02, 3.66819606e-02,
       3.94074808e-02, 3.94074808e-02, 3.94074808e-02, 4.26760069e-02,
       4.60863417e-02, 4.96246712e-02, 4.96246712e-02, 5.33847825e-02,
       6.51672223e-02, 6.51672223e-02, 7.36950994e-02, 7.36950994e-02,
       7.82547485e-02, 7.82547485e-02, 7.82547485e-02, 7.82547485e-02,
       8.33688871e-02, 8.85376004e-02, 9.39611614e-02, 9.39611614e-02,
       9.95448218e-02, 9.95448218e-02, 1.05493456e-01, 1.11554767e-01,
       1.17710462e-01, 1.17710462e-01, 1.17710462e-01, 1.17710462e-01,
       1.44975479e-01, 1.51988217e-01, 1.51988217e-01, 1.51988217e-01,
       1.59383004e-01, 1.66947424e-01, 1.66947424e-01, 1.74767593e-01,
       1.82643278e-01, 1.82643278e-01, 1.82643278e-01, 1.82643278e-01,
       1.91220508e-01, 1.91220508e-01, 2.08785997e-01, 2.17742665e-01,
       2.17742665e-01, 2.17742665e-01, 2.17742665e-01, 2.17742665e-01,
       2.17742665e-01, 2.27561531e-01, 2.37499024e-01, 2.37499024e-01,
       2.37499024e-01, 2.37499024e-01, 2.37499024e-01, 2.48172153e-01,
       2.58911118e-01, 2.69904125e-01, 2.80965701e-01, 2.92272542e-01,
       3.03660139e-01, 3.03660139e-01, 3.03660139e-01, 3.03660139e-01,
       3.15588716e-01, 3.27737848e-01, 3.40038627e-01, 3.40038627e-01,
       3.52574142e-01, 3.77914847e-01, 4.16237659e-01, 4.42198079e-01,
       4.42198079e-01, 4.68777785e-01, 5.08778771e-01, 5.35880167e-01,
       5.63088173e-01, 6.32191810e-01, 6.73935430e-01, 8.00824525e-01,
       1.00000000e+00])]",0.0343401258245967,0.0077803008031414,0.0116259021638057,0.0035580400669169,"[{'lambda_reg': 3.0730469792718926e-05, 'K_bin': 1, 'gamma': 0.0014334335545237444}, {'lambda_reg': 2.0180650678803088e-05, 'K_bin': 1, 'gamma': 0.001246104745371327}, {'lambda_reg': 0.00010371877079240068, 'K_bin': 1, 'gamma': 0.0022621642512405146}, {'lambda_reg': 0.0001852821178353054, 'K_bin': 1, 'gamma': 0.0026608631511858723}, {'lambda_reg': 0.03125216812115544, 'K_bin': 1, 'gamma': 0.270582232174144}]",600,2,exponential,31
"[np.float64(0.13763054780287087), np.float64(0.08624705882214204), np.float64(0.13493791090072696), np.float64(0.1051095697010568), np.float64(0.21020084894465807)]",0.1348251872342909,0.042266359242852,"[np.float64(0.8218706575237191), np.float64(0.8424511131476015), np.float64(0.8331783127931722), np.float64(0.8432856680202913), np.float64(0.8094120276996531)]",0.8300395558368875,0.0128963859649621,"[np.float64(0.8617559611847312), np.float64(0.8928467416902989), np.float64(0.8648338511681465), np.float64(0.8467910607758193), np.float64(0.9290343259166569)]",0.8790523881471305,0.0290881581270385,"[array([0.        , 0.        , 0.        , 0.        , 0.03625751,
       0.07234717, 0.07234717, 0.07234717, 0.21128854, 0.24555817,
       0.27959118, 0.27959118, 0.31271711, 0.37841329, 0.37841329,
       0.41043299, 0.41043299, 0.41043299, 0.44149448, 0.44149448,
       0.47161449, 0.47161449, 0.47161449, 0.47161449, 0.47161449,
       0.47161449, 0.47161449, 0.47161449, 0.47161449, 0.49864448,
       0.49864448, 0.49864448, 0.49864448, 0.49864448, 0.52365544,
       0.54834675, 0.54834675, 0.54834675, 0.5719932 , 0.59502949,
       0.6177255 , 0.6177255 , 0.63955869, 0.66123239, 0.66123239,
       0.68202964, 0.68202964, 0.70218785, 0.70218785, 0.72170002,
       0.74071497, 0.74071497, 0.74071497, 0.74071497, 0.74071497,
       0.75769483, 0.75769483, 0.80696272, 0.80696272, 0.83789857,
       0.83789857, 0.83789857, 0.83789857, 0.83789857, 0.83789857,
       0.83789857, 0.85103362, 0.87609799, 0.88844565, 0.90023777,
       0.90023777, 0.90023777, 0.90023777, 0.90023777, 0.90023777,
       0.90023777, 0.90945394, 0.91821802, 0.93486259, 0.93486259,
       0.93486259, 0.93486259, 0.93486259, 0.94131197, 0.94752718,
       0.95333671, 0.95333671, 0.96355409, 0.96829803, 0.97258633,
       0.97665022, 0.98034546, 0.98347372, 0.98924349, 0.99392143,
       0.99392143, 0.99543549, 0.99812369, 1.        , 1.        ,
       1.        ]), array([0.        , 0.        , 0.0860585 , 0.21438459, 0.21438459,
       0.25613118, 0.25613118, 0.25613118, 0.25613118, 0.25613118,
       0.25613118, 0.25613118, 0.25613118, 0.29462874, 0.3323708 ,
       0.3697353 , 0.3697353 , 0.3697353 , 0.3697353 , 0.40526335,
       0.40526335, 0.40526335, 0.40526335, 0.40526335, 0.43891289,
       0.47195877, 0.47195877, 0.47195877, 0.47195877, 0.47195877,
       0.50270375, 0.50270375, 0.50270375, 0.50270375, 0.50270375,
       0.53142735, 0.55955951, 0.55955951, 0.55955951, 0.58644739,
       0.61283575, 0.63873448, 0.63873448, 0.63873448, 0.63873448,
       0.63873448, 0.66265439, 0.66265439, 0.70865064, 0.73137105,
       0.73137105, 0.75294732, 0.77435978, 0.77435978, 0.77435978,
       0.77435978, 0.77435978, 0.77435978, 0.77435978, 0.77435978,
       0.79189456, 0.79189456, 0.79189456, 0.8082721 , 0.82417708,
       0.83980953, 0.83980953, 0.86888674, 0.89775442, 0.91165168,
       0.91165168, 0.91165168, 0.92415643, 0.92415643, 0.92415643,
       0.92415643, 0.92415643, 0.92415643, 0.93398543, 0.93398543,
       0.94282273, 0.94282273, 0.94282273, 0.95041243, 0.95041243,
       0.95041243, 0.95041243, 0.95621307, 0.96181557, 0.96673074,
       0.97146073, 0.97146073, 0.97529849, 0.98492227, 0.98492227,
       0.98988778, 0.98988778, 0.99285199, 0.99693435, 0.99962652,
       1.        ]), array([0.        , 0.        , 0.        , 0.        , 0.        ,
       0.03824658, 0.07587547, 0.1134069 , 0.2246126 , 0.2246126 ,
       0.2246126 , 0.26062455, 0.29603651, 0.29603651, 0.29603651,
       0.29603651, 0.32970901, 0.32970901, 0.32970901, 0.32970901,
       0.32970901, 0.32970901, 0.32970901, 0.32970901, 0.36052362,
       0.39092853, 0.39092853, 0.45001329, 0.45001329, 0.45001329,
       0.45001329, 0.47800411, 0.47800411, 0.47800411, 0.53143269,
       0.53143269, 0.53143269, 0.58220769, 0.58220769, 0.60699619,
       0.63132298, 0.63132298, 0.63132298, 0.63132298, 0.63132298,
       0.67571745, 0.69756127, 0.69756127, 0.73940955, 0.76008088,
       0.76008088, 0.76008088, 0.76008088, 0.76008088, 0.76008088,
       0.76008088, 0.76008088, 0.77756244, 0.77756244, 0.79423922,
       0.79423922, 0.79423922, 0.80950705, 0.83960493, 0.83960493,
       0.86812915, 0.86812915, 0.89515365, 0.89515365, 0.89515365,
       0.89515365, 0.89515365, 0.89515365, 0.90635162, 0.91706232,
       0.91706232, 0.93689666, 0.93689666, 0.93689666, 0.93689666,
       0.93689666, 0.94479304, 0.95218313, 0.95218313, 0.95862624,
       0.95862624, 0.95862624, 0.95862624, 0.95862624, 0.96780572,
       0.97204635, 0.97958324, 0.97958324, 0.97958324, 0.97958324,
       0.98401089, 0.99278191, 0.99550941, 1.        , 1.        ,
       1.        ]), array([0.        , 0.        , 0.        , 0.        , 0.        ,
       0.        , 0.03600433, 0.10757278, 0.17845483, 0.17845483,
       0.17845483, 0.17845483, 0.21210379, 0.21210379, 0.21210379,
       0.21210379, 0.30888204, 0.30888204, 0.30888204, 0.3713093 ,
       0.40192256, 0.40192256, 0.40192256, 0.40192256, 0.40192256,
       0.4307988 , 0.4307988 , 0.4307988 , 0.4307988 , 0.45799485,
       0.48494938, 0.48494938, 0.48494938, 0.48494938, 0.48494938,
       0.48494938, 0.50973204, 0.50973204, 0.50973204, 0.50973204,
       0.53273604, 0.53273604, 0.53273604, 0.55477399, 0.57632633,
       0.66094349, 0.72376232, 0.72376232, 0.74399639, 0.76373212,
       0.76373212, 0.76373212, 0.78226838, 0.78226838, 0.78226838,
       0.79954694, 0.79954694, 0.79954694, 0.79954694, 0.81556435,
       0.83094588, 0.83094588, 0.86046755, 0.86046755, 0.86046755,
       0.87412117, 0.88727352, 0.88727352, 0.89954292, 0.89954292,
       0.91129874, 0.91129874, 0.91129874, 0.91129874, 0.92143745,
       0.92143745, 0.92143745, 0.92143745, 0.92143745, 0.9296531 ,
       0.9296531 , 0.9296531 , 0.93671889, 0.93671889, 0.93671889,
       0.94258123, 0.94800941, 0.94800941, 0.96231899, 0.96231899,
       0.96651646, 0.97000122, 0.98622227, 0.98923482, 0.98923482,
       0.99351381, 0.99696692, 1.        , 1.        , 1.        ,
       1.        ]), array([0.        , 0.06615508, 0.1320725 , 0.22943188, 0.22943188,
       0.32495158, 0.38781951, 0.41899855, 0.48059471, 0.48059471,
       0.54078221, 0.54078221, 0.57044468, 0.6285224 , 0.65738125,
       0.65738125, 0.65738125, 0.65738125, 0.65738125, 0.68446385,
       0.68446385, 0.68446385, 0.68446385, 0.68446385, 0.68446385,
       0.68446385, 0.68446385, 0.68446385, 0.68446385, 0.68446385,
       0.70805256, 0.70805256, 0.70805256, 0.70805256, 0.70805256,
       0.70805256, 0.70805256, 0.70805256, 0.72898285, 0.72898285,
       0.74931928, 0.76902985, 0.80794236, 0.80794236, 0.80794236,
       0.82634636, 0.84467573, 0.84467573, 0.84467573, 0.84467573,
       0.84467573, 0.84467573, 0.84467573, 0.87646916, 0.87646916,
       0.87646916, 0.87646916, 0.87646916, 0.87646916, 0.87646916,
       0.87646916, 0.88973333, 0.90268214, 0.90268214, 0.90268214,
       0.90268214, 0.90268214, 0.93630164, 0.93630164, 0.93630164,
       0.93630164, 0.9561902 , 0.96571459, 0.96571459, 0.96571459,
       0.97432285, 0.97432285, 0.97432285, 0.97432285, 0.98161612,
       0.98835643, 0.98835643, 0.98835643, 0.98835643, 0.98835643,
       0.98835643, 0.98835643, 0.98835643, 0.98835643, 0.98835643,
       0.98835643, 0.98835643, 0.98835643, 0.98835643, 0.98835643,
       0.99216964, 0.99216964, 0.99336633, 0.99680813, 0.99896143,
       1.        ])]","[array([0.        , 0.        , 0.        , 0.        , 0.00107905,
       0.00229165, 0.00229165, 0.00229165, 0.01145235, 0.01411306,
       0.01696206, 0.01696206, 0.02053278, 0.02811633, 0.02811633,
       0.03256724, 0.03256724, 0.03256724, 0.03778054, 0.03778054,
       0.04374294, 0.04374294, 0.04374294, 0.04374294, 0.04374294,
       0.04374294, 0.04374294, 0.04374294, 0.04374294, 0.05216394,
       0.05216394, 0.05216394, 0.05216394, 0.05216394, 0.0621914 ,
       0.07247319, 0.07247319, 0.07247319, 0.08358634, 0.09518496,
       0.10705433, 0.10705433, 0.11961021, 0.13229299, 0.13229299,
       0.14567312, 0.14567312, 0.15956171, 0.15956171, 0.17396433,
       0.18876256, 0.18876256, 0.18876256, 0.18876256, 0.18876256,
       0.20518004, 0.20518004, 0.25576255, 0.25576255, 0.29100346,
       0.29100346, 0.29100346, 0.29100346, 0.29100346, 0.29100346,
       0.29100346, 0.31048009, 0.35039269, 0.37049581, 0.39104095,
       0.39104095, 0.39104095, 0.39104095, 0.39104095, 0.39104095,
       0.39104095, 0.41363566, 0.43659009, 0.48320198, 0.48320198,
       0.48320198, 0.48320198, 0.48320198, 0.50799811, 0.53298057,
       0.55828581, 0.55828581, 0.61001155, 0.63616462, 0.66268024,
       0.68937441, 0.7163619 , 0.74380052, 0.79906503, 0.85519827,
       0.85519827, 0.88392123, 0.94163762, 1.        , 1.        ,
       1.        ]), array([0.00000000e+00, 0.00000000e+00, 9.60871648e-04, 2.86982765e-03,
       2.86982765e-03, 4.13779904e-03, 4.13779904e-03, 4.13779904e-03,
       4.13779904e-03, 4.13779904e-03, 4.13779904e-03, 4.13779904e-03,
       4.13779904e-03, 7.40062745e-03, 1.11273175e-02, 1.50858206e-02,
       1.50858206e-02, 1.50858206e-02, 1.50858206e-02, 2.01718852e-02,
       2.01718852e-02, 2.01718852e-02, 2.01718852e-02, 2.01718852e-02,
       2.64113223e-02, 3.30213952e-02, 3.30213952e-02, 3.30213952e-02,
       3.30213952e-02, 3.30213952e-02, 4.10441887e-02, 4.10441887e-02,
       4.10441887e-02, 4.10441887e-02, 4.10441887e-02, 5.03080807e-02,
       5.99351073e-02, 5.99351073e-02, 5.99351073e-02, 7.03261019e-02,
       8.10237940e-02, 9.20221158e-02, 9.20221158e-02, 9.20221158e-02,
       9.20221158e-02, 9.20221158e-02, 1.04235395e-01, 1.04235395e-01,
       1.29793890e-01, 1.42743647e-01, 1.42743647e-01, 1.56395890e-01,
       1.70148711e-01, 1.70148711e-01, 1.70148711e-01, 1.70148711e-01,
       1.70148711e-01, 1.70148711e-01, 1.70148711e-01, 1.70148711e-01,
       1.86282371e-01, 1.86282371e-01, 1.86282371e-01, 2.03126559e-01,
       2.20260888e-01, 2.37562547e-01, 2.37562547e-01, 2.73509080e-01,
       3.09584257e-01, 3.27951298e-01, 3.27951298e-01, 3.27951298e-01,
       3.47173318e-01, 3.47173318e-01, 3.47173318e-01, 3.47173318e-01,
       3.47173318e-01, 3.47173318e-01, 3.68038210e-01, 3.68038210e-01,
       3.89511989e-01, 3.89511989e-01, 3.89511989e-01, 4.11751774e-01,
       4.11751774e-01, 4.11751774e-01, 4.11751774e-01, 4.35090018e-01,
       4.58549919e-01, 4.82431831e-01, 5.06427436e-01, 5.06427436e-01,
       5.30970858e-01, 6.05761254e-01, 6.05761254e-01, 6.56512003e-01,
       6.56512003e-01, 7.08491524e-01, 8.13584015e-01, 9.46429814e-01,
       1.00000000e+00]), array([0.        , 0.        , 0.        , 0.        , 0.        ,
       0.00127061, 0.00298191, 0.00476273, 0.01109591, 0.01109591,
       0.01109591, 0.0139608 , 0.01725375, 0.01725375, 0.01725375,
       0.01725375, 0.02178771, 0.02178771, 0.02178771, 0.02178771,
       0.02178771, 0.02178771, 0.02178771, 0.02178771, 0.02836061,
       0.03522581, 0.03522581, 0.05018695, 0.05018695, 0.05018695,
       0.05018695, 0.05877447, 0.05877447, 0.05877447, 0.07777097,
       0.07777097, 0.07777097, 0.09866065, 0.09866065, 0.10953285,
       0.12073445, 0.12073445, 0.12073445, 0.12073445, 0.12073445,
       0.14617628, 0.15914935, 0.15914935, 0.18640774, 0.2002173 ,
       0.2002173 , 0.2002173 , 0.2002173 , 0.2002173 , 0.2002173 ,
       0.2002173 , 0.2002173 , 0.21630259, 0.21630259, 0.23296204,
       0.23296204, 0.23296204, 0.2506267 , 0.28626835, 0.28626835,
       0.32303271, 0.32303271, 0.36086704, 0.36086704, 0.36086704,
       0.36086704, 0.36086704, 0.36086704, 0.38143532, 0.40235123,
       0.40235123, 0.44531534, 0.44531534, 0.44531534, 0.44531534,
       0.44531534, 0.46823911, 0.49152409, 0.49152409, 0.5154847 ,
       0.5154847 , 0.5154847 , 0.5154847 , 0.5154847 , 0.56605045,
       0.5915824 , 0.64332004, 0.64332004, 0.64332004, 0.64332004,
       0.69727596, 0.83380531, 0.8889742 , 1.        , 1.        ,
       1.        ]), array([0.        , 0.        , 0.        , 0.        , 0.        ,
       0.        , 0.00170268, 0.00544869, 0.00972586, 0.00972586,
       0.00972586, 0.00972586, 0.01325118, 0.01325118, 0.01325118,
       0.01325118, 0.02705297, 0.02705297, 0.02705297, 0.03787267,
       0.0437471 , 0.0437471 , 0.0437471 , 0.0437471 , 0.0437471 ,
       0.05096568, 0.05096568, 0.05096568, 0.05096568, 0.05948444,
       0.06819009, 0.06819009, 0.06819009, 0.06819009, 0.06819009,
       0.06819009, 0.07857639, 0.07857639, 0.07857639, 0.07857639,
       0.09033906, 0.09033906, 0.09033906, 0.10284929, 0.1157353 ,
       0.16851141, 0.20859187, 0.20859187, 0.22249799, 0.23678973,
       0.23678973, 0.23678973, 0.25200966, 0.25200966, 0.25200966,
       0.26820283, 0.26820283, 0.26820283, 0.26820283, 0.28537191,
       0.30303305, 0.30303305, 0.33931594, 0.33931594, 0.33931594,
       0.35831418, 0.37770031, 0.37770031, 0.3977697 , 0.3977697 ,
       0.41823651, 0.41823651, 0.41823651, 0.41823651, 0.43995468,
       0.43995468, 0.43995468, 0.43995468, 0.43995468, 0.46316096,
       0.46316096, 0.46316096, 0.48725703, 0.48725703, 0.48725703,
       0.51228436, 0.53764766, 0.53764766, 0.61526584, 0.61526584,
       0.64158149, 0.66844866, 0.80371521, 0.83094779, 0.83094779,
       0.88676412, 0.94321954, 1.        , 1.        , 1.        ,
       1.        ]), array([0.00000000e+00, 5.26549720e-04, 1.29064632e-03, 3.95284923e-03,
       3.95284923e-03, 8.45388702e-03, 1.22660923e-02, 1.44269988e-02,
       1.95103828e-02, 1.95103828e-02, 2.60017844e-02, 2.60017844e-02,
       2.96785764e-02, 3.82787979e-02, 4.27588406e-02, 4.27588406e-02,
       4.27588406e-02, 4.27588406e-02, 4.27588406e-02, 4.90143184e-02,
       4.90143184e-02, 4.90143184e-02, 4.90143184e-02, 4.90143184e-02,
       4.90143184e-02, 4.90143184e-02, 4.90143184e-02, 4.90143184e-02,
       4.90143184e-02, 4.90143184e-02, 5.87620930e-02, 5.87620930e-02,
       5.87620930e-02, 5.87620930e-02, 5.87620930e-02, 5.87620930e-02,
       5.87620930e-02, 5.87620930e-02, 7.11670809e-02, 7.11670809e-02,
       8.41656611e-02, 9.77898108e-02, 1.25546513e-01, 1.25546513e-01,
       1.25546513e-01, 1.40476634e-01, 1.55481360e-01, 1.55481360e-01,
       1.55481360e-01, 1.55481360e-01, 1.55481360e-01, 1.55481360e-01,
       1.55481360e-01, 1.90353885e-01, 1.90353885e-01, 1.90353885e-01,
       1.90353885e-01, 1.90353885e-01, 1.90353885e-01, 1.90353885e-01,
       1.90353885e-01, 2.10421506e-01, 2.30804328e-01, 2.30804328e-01,
       2.30804328e-01, 2.30804328e-01, 2.30804328e-01, 2.97177369e-01,
       2.97177369e-01, 2.97177369e-01, 2.97177369e-01, 3.43949345e-01,
       3.67755031e-01, 3.67755031e-01, 3.67755031e-01, 3.92476437e-01,
       3.92476437e-01, 3.92476437e-01, 3.92476437e-01, 4.18512225e-01,
       4.45100723e-01, 4.45100723e-01, 4.45100723e-01, 4.45100723e-01,
       4.45100723e-01, 4.45100723e-01, 4.45100723e-01, 4.45100723e-01,
       4.45100723e-01, 4.45100723e-01, 4.45100723e-01, 4.45100723e-01,
       4.45100723e-01, 4.45100723e-01, 4.45100723e-01, 5.07940726e-01,
       5.07940726e-01, 5.40070319e-01, 6.69933037e-01, 8.01083669e-01,
       1.00000000e+00])]",0.0187514175003315,0.0292657659510944,0.0172640095845155,0.0062175453094439,"[{'lambda_reg': 0.08108541471950605, 'K_bin': 1, 'gamma': 0.3628570731152437}, {'lambda_reg': 7.711181988326809e-05, 'K_bin': 1, 'gamma': 0.0012669222892982561}, {'lambda_reg': 0.003332600061636122, 'K_bin': 1, 'gamma': 0.011740270420746862}, {'lambda_reg': 0.002977714801412451, 'K_bin': 1, 'gamma': 0.006375790140591975}, {'lambda_reg': 0.005619615410502205, 'K_bin': 1, 'gamma': 0.16138102862295253}]",300,2,exponential,10
"[np.float64(0.051124303969797835), np.float64(0.0602832823474198), np.float64(0.06135442133917425), np.float64(0.10030081888716542), np.float64(0.09403071323809489)]",0.0734187079563304,0.0198122664854682,"[np.float64(0.7881957194283018), np.float64(0.7865444035262509), np.float64(0.7952737907686493), np.float64(0.7427758650592005), np.float64(0.799949929439198)]",0.7825479416443201,0.0204668688006341,"[np.float64(0.96568960812044), np.float64(0.9424191629244068), np.float64(0.9508736394339216), np.float64(0.9737260074044521), np.float64(0.9479013384822337)]",0.9561219512730909,0.0116989957703381,"[array([0.        , 0.5518552 , 0.60429439, 0.6871129 , 0.70768126,
       0.71784428, 0.71784428, 0.73779569, 0.76727182, 0.78670217,
       0.82522871, 0.82522871, 0.82522871, 0.82522871, 0.83445447,
       0.83445447, 0.85235918, 0.87015076, 0.87015076, 0.87015076,
       0.87015076, 0.87864599, 0.89533137, 0.91184146, 0.91184146,
       0.91184146, 0.91977984, 0.91977984, 0.91977984, 0.93503409,
       0.94250444, 0.94250444, 0.94250444, 0.94964557, 0.95676814,
       0.95676814, 0.95676814, 0.96348282, 0.97010611, 0.97010611,
       0.97010611, 0.97010611, 0.97010611, 0.97010611, 0.97010611,
       0.97010611, 0.97010611, 0.97581069, 0.97581069, 0.97581069,
       0.97581069, 0.97581069, 0.97581069, 0.97581069, 0.97581069,
       0.98063061, 0.98063061, 0.98063061, 0.98063061, 0.98063061,
       0.98063061, 0.98063061, 0.98063061, 0.98063061, 0.98063061,
       0.98063061, 0.98063061, 0.98063061, 0.98063061, 0.98063061,
       0.98389565, 0.98389565, 0.9869547 , 0.9869547 , 0.9869547 ,
       0.9897057 , 0.9897057 , 0.9897057 , 0.99210318, 0.99210318,
       0.99210318, 0.99210318, 0.99210318, 0.99210318, 0.9938935 ,
       0.99556287, 0.99556287, 0.99556287, 0.99556287, 0.99677071,
       0.99791189, 0.99890383, 0.99890383, 0.99890383, 0.99890383,
       0.99890383, 0.99890383, 0.99929431, 0.9995448 , 0.99974643,
       1.        ]), array([0.        , 0.4795108 , 0.53202851, 0.56324751, 0.60433935,
       0.62473209, 0.6449175 , 0.67484794, 0.70443506, 0.70443506,
       0.72381202, 0.75253294, 0.76199131, 0.77138723, 0.7899182 ,
       0.79908148, 0.82622442, 0.82622442, 0.82622442, 0.82622442,
       0.82622442, 0.82622442, 0.83464715, 0.85123004, 0.86758385,
       0.88377109, 0.88377109, 0.89159799, 0.90709075, 0.91467679,
       0.91467679, 0.91467679, 0.92198085, 0.929211  , 0.929211  ,
       0.929211  , 0.93613816, 0.93613816, 0.93613816, 0.93613816,
       0.93613816, 0.93613816, 0.93613816, 0.93613816, 0.93613816,
       0.94207835, 0.94788573, 0.94788573, 0.94788573, 0.94788573,
       0.94788573, 0.94788573, 0.94788573, 0.94788573, 0.94788573,
       0.94788573, 0.94788573, 0.95256441, 0.95709978, 0.96157536,
       0.96157536, 0.96157536, 0.96157536, 0.96562303, 0.96562303,
       0.96562303, 0.96562303, 0.97277922, 0.97277922, 0.97277922,
       0.97608746, 0.97920707, 0.98527234, 0.98527234, 0.98527234,
       0.98527234, 0.98527234, 0.98527234, 0.98764823, 0.98764823,
       0.98764823, 0.98764823, 0.99164841, 0.99350589, 0.99350589,
       0.99350589, 0.99350589, 0.99495867, 0.99495867, 0.99615348,
       0.99615348, 0.99819366, 0.99908175, 0.99908175, 0.99908175,
       0.99908175, 0.99959894, 0.99996549, 0.99996549, 0.99996549,
       1.        ]), array([0.        , 0.33733366, 0.4663119 , 0.50881062, 0.57203381,
       0.63463545, 0.66565088, 0.68610944, 0.69620208, 0.72619472,
       0.76567891, 0.77539401, 0.78505522, 0.79457217, 0.79457217,
       0.81319097, 0.82242034, 0.84980523, 0.85875395, 0.86764887,
       0.88520038, 0.88520038, 0.88520038, 0.89367133, 0.90201822,
       0.90201822, 0.9183382 , 0.9183382 , 0.9183382 , 0.9183382 ,
       0.92606712, 0.92606712, 0.92606712, 0.93347744, 0.93347744,
       0.94065124, 0.94065124, 0.94065124, 0.94065124, 0.94065124,
       0.95387037, 0.95387037, 0.95387037, 0.95387037, 0.95387037,
       0.95387037, 0.96570386, 0.96570386, 0.96570386, 0.97128821,
       0.97128821, 0.97128821, 0.97128821, 0.97643332, 0.97643332,
       0.97643332, 0.9813362 , 0.9813362 , 0.9813362 , 0.9813362 ,
       0.9813362 , 0.9813362 , 0.9813362 , 0.98542977, 0.98542977,
       0.98542977, 0.98542977, 0.98904199, 0.98904199, 0.98904199,
       0.98904199, 0.98904199, 0.98904199, 0.98904199, 0.99486916,
       0.99486916, 0.99486916, 0.99486916, 0.99486916, 0.99486916,
       0.99486916, 0.99486916, 0.99486916, 0.99486916, 0.99486916,
       0.99486916, 0.99486916, 0.99486916, 0.99486916, 0.99613225,
       0.99613225, 0.99613225, 0.99613225, 0.99769864, 0.99769864,
       0.99769864, 0.99817396, 0.99933006, 0.9996137 , 0.99979246,
       1.        ]), array([0.        , 0.58722147, 0.66665745, 0.67789115, 0.68900298,
       0.71098817, 0.74365694, 0.75443614, 0.76504806, 0.77562932,
       0.77562932, 0.79631102, 0.80648741, 0.80648741, 0.81648869,
       0.82628988, 0.83597967, 0.83597967, 0.85503356, 0.85503356,
       0.85503356, 0.85503356, 0.86405019, 0.86405019, 0.8817208 ,
       0.89903815, 0.89903815, 0.90748326, 0.91584087, 0.91584087,
       0.92398651, 0.92398651, 0.93188727, 0.93188727, 0.93188727,
       0.93188727, 0.93928339, 0.93928339, 0.93928339, 0.93928339,
       0.93928339, 0.94609363, 0.95280728, 0.95280728, 0.95280728,
       0.96568419, 0.96568419, 0.96568419, 0.96568419, 0.97167433,
       0.97167433, 0.97167433, 0.97167433, 0.97167433, 0.97706405,
       0.97706405, 0.98218065, 0.98218065, 0.98218065, 0.98697946,
       0.98697946, 0.98697946, 0.98697946, 0.98697946, 0.98697946,
       0.98697946, 0.99098005, 0.99098005, 0.99098005, 0.99098005,
       0.99098005, 0.99098005, 0.99098005, 0.99098005, 0.99098005,
       0.99098005, 0.99098005, 0.99098005, 0.99098005, 0.99098005,
       0.99098005, 0.99098005, 0.99098005, 0.99098005, 0.99098005,
       0.99278102, 0.99278102, 0.99278102, 0.99419472, 0.99419472,
       0.99419472, 0.99419472, 0.99614946, 0.99704272, 0.99777457,
       0.99777457, 0.99777457, 0.99868837, 0.99900585, 0.99958689,
       1.        ]), array([0.        , 0.47015366, 0.53490284, 0.60965747, 0.64144895,
       0.66244179, 0.72451252, 0.72451252, 0.73461687, 0.7446717 ,
       0.7446717 , 0.75447942, 0.76420236, 0.76420236, 0.77371575,
       0.78313565, 0.80161555, 0.81078176, 0.83779643, 0.83779643,
       0.83779643, 0.8464515 , 0.8464515 , 0.8464515 , 0.8464515 ,
       0.8464515 , 0.85456266, 0.85456266, 0.85456266, 0.85456266,
       0.85456266, 0.86217002, 0.86217002, 0.86951825, 0.86951825,
       0.86951825, 0.87659946, 0.88356059, 0.89722459, 0.89722459,
       0.91719574, 0.91719574, 0.91719574, 0.92351225, 0.92351225,
       0.92351225, 0.94153264, 0.9473851 , 0.9473851 , 0.9473851 ,
       0.95286719, 0.95286719, 0.95286719, 0.95810056, 0.95810056,
       0.95810056, 0.95810056, 0.95810056, 0.95810056, 0.95810056,
       0.96690508, 0.96690508, 0.9710866 , 0.9710866 , 0.9710866 ,
       0.97496598, 0.97496598, 0.97496598, 0.97857543, 0.97857543,
       0.98191137, 0.98515377, 0.98515377, 0.98816398, 0.98816398,
       0.98816398, 0.99080787, 0.99080787, 0.99080787, 0.99080787,
       0.99307171, 0.99524465, 0.99524465, 0.99716133, 0.99716133,
       0.99716133, 0.99716133, 0.99716133, 0.99853446, 0.99853446,
       0.99853446, 0.99853446, 0.99853446, 0.99853446, 0.99853446,
       0.99978256, 0.99978256, 0.99978256, 0.99978256, 0.99992703,
       1.        ])]","[array([0.        , 0.00483209, 0.00755202, 0.01582366, 0.01838425,
       0.02010258, 0.02010258, 0.02489365, 0.03371075, 0.04038567,
       0.0549436 , 0.0549436 , 0.0549436 , 0.0549436 , 0.06005044,
       0.06005044, 0.07224113, 0.08484081, 0.08484081, 0.08484081,
       0.08484081, 0.09258882, 0.10918783, 0.1264206 , 0.1264206 ,
       0.1264206 , 0.13618182, 0.13618182, 0.13618182, 0.1579549 ,
       0.16940825, 0.16940825, 0.16940825, 0.18205186, 0.19476255,
       0.19476255, 0.19476255, 0.20894792, 0.22346373, 0.22346373,
       0.22346373, 0.22346373, 0.22346373, 0.22346373, 0.22346373,
       0.22346373, 0.22346373, 0.241301  , 0.241301  , 0.241301  ,
       0.241301  , 0.241301  , 0.241301  , 0.241301  , 0.241301  ,
       0.26233662, 0.26233662, 0.26233662, 0.26233662, 0.26233662,
       0.26233662, 0.26233662, 0.26233662, 0.26233662, 0.26233662,
       0.26233662, 0.26233662, 0.26233662, 0.26233662, 0.26233662,
       0.28899377, 0.28899377, 0.31639561, 0.31639561, 0.31639561,
       0.34491119, 0.34491119, 0.34491119, 0.37470487, 0.37470487,
       0.37470487, 0.37470487, 0.37470487, 0.37470487, 0.40669365,
       0.43911974, 0.43911974, 0.43911974, 0.43911974, 0.47321442,
       0.50755012, 0.54242535, 0.54242535, 0.54242535, 0.54242535,
       0.54242535, 0.54242535, 0.57947509, 0.61703096, 0.65476345,
       1.        ]), array([0.        , 0.00411166, 0.00727009, 0.01020008, 0.01599998,
       0.01944355, 0.02362288, 0.03112571, 0.03984694, 0.03984694,
       0.0468953 , 0.05869048, 0.06303128, 0.06759371, 0.07764431,
       0.08303234, 0.10042745, 0.10042745, 0.10042745, 0.10042745,
       0.10042745, 0.10042745, 0.10844354, 0.12540753, 0.14318446,
       0.16155252, 0.16155252, 0.17168307, 0.19251571, 0.20350102,
       0.20350102, 0.20350102, 0.21548704, 0.22773536, 0.22773536,
       0.22773536, 0.24105895, 0.24105895, 0.24105895, 0.24105895,
       0.24105895, 0.24105895, 0.24105895, 0.24105895, 0.24105895,
       0.25788506, 0.27518253, 0.27518253, 0.27518253, 0.27518253,
       0.27518253, 0.27518253, 0.27518253, 0.27518253, 0.27518253,
       0.27518253, 0.27518253, 0.29648551, 0.31829706, 0.34032082,
       0.34032082, 0.34032082, 0.34032082, 0.3638631 , 0.3638631 ,
       0.3638631 , 0.3638631 , 0.4142806 , 0.4142806 , 0.4142806 ,
       0.440447  , 0.46728283, 0.52157178, 0.52157178, 0.52157178,
       0.52157178, 0.52157178, 0.52157178, 0.55104689, 0.55104689,
       0.55104689, 0.55104689, 0.61266446, 0.6439793 , 0.6439793 ,
       0.6439793 , 0.6439793 , 0.6767304 , 0.6767304 , 0.71039693,
       0.71039693, 0.77897013, 0.8137252 , 0.8137252 , 0.8137252 ,
       0.8137252 , 0.8497965 , 0.88640236, 0.88640236, 0.88640236,
       1.        ]), array([0.        , 0.00307087, 0.00943762, 0.01315614, 0.02042996,
       0.02971209, 0.03527529, 0.03968975, 0.04233849, 0.05120648,
       0.06466544, 0.06853406, 0.07257682, 0.07708569, 0.07708569,
       0.08744469, 0.0928828 , 0.11017685, 0.11652178, 0.12304054,
       0.13684813, 0.13684813, 0.13684813, 0.1447368 , 0.15302633,
       0.15302633, 0.17081321, 0.17081321, 0.17081321, 0.17081321,
       0.18109949, 0.18109949, 0.18109949, 0.19241523, 0.19241523,
       0.20449518, 0.20449518, 0.20449518, 0.20449518, 0.20449518,
       0.23230139, 0.23230139, 0.23230139, 0.23230139, 0.23230139,
       0.23230139, 0.26458482, 0.26458482, 0.26458482, 0.28180054,
       0.28180054, 0.28180054, 0.28180054, 0.30043552, 0.30043552,
       0.30043552, 0.31985319, 0.31985319, 0.31985319, 0.31985319,
       0.31985319, 0.31985319, 0.31985319, 0.34188587, 0.34188587,
       0.34188587, 0.34188587, 0.36547385, 0.36547385, 0.36547385,
       0.36547385, 0.36547385, 0.36547385, 0.36547385, 0.41716463,
       0.41716463, 0.41716463, 0.41716463, 0.41716463, 0.41716463,
       0.41716463, 0.41716463, 0.41716463, 0.41716463, 0.41716463,
       0.41716463, 0.41716463, 0.41716463, 0.41716463, 0.44834304,
       0.44834304, 0.44834304, 0.44834304, 0.51380107, 0.51380107,
       0.51380107, 0.54752487, 0.64956827, 0.6839114 , 0.71859347,
       1.        ]), array([0.        , 0.00205881, 0.00537365, 0.00614521, 0.00723449,
       0.01003477, 0.01504089, 0.01699741, 0.01939003, 0.02186262,
       0.02186262, 0.02806135, 0.0315895 , 0.0315895 , 0.03557419,
       0.04008055, 0.04487735, 0.04487735, 0.05532009, 0.05532009,
       0.05532009, 0.05532009, 0.06187194, 0.06187194, 0.07592114,
       0.09089134, 0.09089134, 0.09893326, 0.1072033 , 0.1072033 ,
       0.11602599, 0.11602599, 0.12548711, 0.12548711, 0.12548711,
       0.12548711, 0.13626396, 0.13626396, 0.13626396, 0.13626396,
       0.13626396, 0.14856825, 0.1611244 , 0.1611244 , 0.1611244 ,
       0.18767166, 0.18767166, 0.18767166, 0.18767166, 0.20211414,
       0.20211414, 0.20211414, 0.20211414, 0.20211414, 0.21812202,
       0.21812202, 0.23484195, 0.23484195, 0.23484195, 0.25239043,
       0.25239043, 0.25239043, 0.25239043, 0.25239043, 0.25239043,
       0.25239043, 0.27202004, 0.27202004, 0.27202004, 0.27202004,
       0.27202004, 0.27202004, 0.27202004, 0.27202004, 0.27202004,
       0.27202004, 0.27202004, 0.27202004, 0.27202004, 0.27202004,
       0.27202004, 0.27202004, 0.27202004, 0.27202004, 0.27202004,
       0.29738445, 0.29738445, 0.29738445, 0.32375853, 0.32375853,
       0.32375853, 0.32375853, 0.37878188, 0.40651287, 0.43466466,
       0.43466466, 0.43466466, 0.49240196, 0.52163408, 0.61029881,
       1.        ]), array([0.        , 0.00288765, 0.00600413, 0.01213872, 0.01555052,
       0.01846548, 0.03009599, 0.03009599, 0.03279974, 0.03566092,
       0.03566092, 0.0393076 , 0.04322374, 0.04322374, 0.04780601,
       0.05268547, 0.06358835, 0.0692742 , 0.08787012, 0.08787012,
       0.08787012, 0.09518075, 0.09518075, 0.09518075, 0.09518075,
       0.09518075, 0.1042203 , 0.1042203 , 0.1042203 , 0.1042203 ,
       0.1042203 , 0.11486131, 0.11486131, 0.12632603, 0.12632603,
       0.12632603, 0.13863949, 0.15133468, 0.17754599, 0.17754599,
       0.21853131, 0.21853131, 0.21853131, 0.23327556, 0.23327556,
       0.23327556, 0.28046178, 0.29668113, 0.29668113, 0.29668113,
       0.31407777, 0.31407777, 0.31407777, 0.33226504, 0.33226504,
       0.33226504, 0.33226504, 0.33226504, 0.33226504, 0.33226504,
       0.37392328, 0.37392328, 0.39545406, 0.39545406, 0.39545406,
       0.41794527, 0.41794527, 0.41794527, 0.44129452, 0.44129452,
       0.46551318, 0.49002915, 0.49002915, 0.51528323, 0.51528323,
       0.51528323, 0.54170171, 0.54170171, 0.54170171, 0.54170171,
       0.56932826, 0.59724379, 0.59724379, 0.62597389, 0.62597389,
       0.62597389, 0.62597389, 0.62597389, 0.65643175, 0.65643175,
       0.65643175, 0.65643175, 0.65643175, 0.65643175, 0.65643175,
       0.72210974, 0.72210974, 0.72210974, 0.72210974, 0.75647321,
       1.        ])]",0.0279969796805115,0.0051431122689075,0.0097695698596176,0.0032477280371272,"[{'lambda_reg': 0.00022792173762572584, 'K_bin': 1, 'gamma': 0.09162559742752495, 'degree': 3, 'coef0': 2.8280195452018115}, {'lambda_reg': 0.0005525490670120419, 'K_bin': 1, 'gamma': 0.017756985592499303, 'degree': 5, 'coef0': 1.2201020738451844}, {'lambda_reg': 0.03694451951959922, 'K_bin': 1, 'gamma': 0.0566784135828289, 'degree': 3, 'coef0': 1.7139233045747793}, {'lambda_reg': 0.002022938001216126, 'K_bin': 1, 'gamma': 0.04286092579034042, 'degree': 3, 'coef0': 2.9219629509352965}, {'lambda_reg': 9.413789892425153e-05, 'K_bin': 1, 'gamma': 0.023148458214122106, 'degree': 5, 'coef0': 0.9975463641756027}]",600,3,polynomial,41
"[np.float64(0.10829633136335753), np.float64(0.0771564504330219), np.float64(0.12899610127290304), np.float64(0.09874971891506214), np.float64(0.1281651619685367)]",0.1082727527905762,0.0194117393232723,"[np.float64(0.8462779921097869), np.float64(0.8615509807735717), np.float64(0.8406116670366492), np.float64(0.8806501940729957), np.float64(0.8350886939549318)]",0.8528359055895871,0.0164741551377526,"[np.float64(0.9139213726944624), np.float64(0.9108538150751315), np.float64(0.918741103067084), np.float64(0.917920748192129), np.float64(0.9264858658434012)]",0.9175845809744416,0.0052802600042272,"[array([0.        , 0.20436457, 0.24088726, 0.2589811 , 0.27698257,
       0.27698257, 0.31229032, 0.34700377, 0.38141409, 0.39845169,
       0.43226792, 0.44891905, 0.46535059, 0.46535059, 0.4814365 ,
       0.51341424, 0.51341424, 0.52897239, 0.54423923, 0.54423923,
       0.55927843, 0.55927843, 0.55927843, 0.57365531, 0.57365531,
       0.57365531, 0.57365531, 0.5873896 , 0.5873896 , 0.5873896 ,
       0.5873896 , 0.5873896 , 0.5873896 , 0.5873896 , 0.5873896 ,
       0.61180492, 0.61180492, 0.6235765 , 0.63511303, 0.64655384,
       0.65787102, 0.66897464, 0.67993951, 0.69071264, 0.69071264,
       0.71137183, 0.71137183, 0.74122973, 0.76079584, 0.77041423,
       0.779756  , 0.78897292, 0.8158844 , 0.8158844 , 0.84186108,
       0.85885801, 0.86722618, 0.87537614, 0.87537614, 0.87537614,
       0.87537614, 0.87537614, 0.88261025, 0.88261025, 0.88947481,
       0.89603674, 0.90885981, 0.90885981, 0.90885981, 0.91479786,
       0.91479786, 0.91479786, 0.92016935, 0.92533771, 0.94490343,
       0.95449232, 0.95449232, 0.95449232, 0.96290619, 0.96290619,
       0.97060932, 0.97060932, 0.97060932, 0.97387789, 0.97986256,
       0.98283478, 0.98283478, 0.98283478, 0.98283478, 0.98720128,
       0.98922765, 0.9909703 , 0.99248709, 0.99248709, 0.99248709,
       0.99555205, 0.99711935, 0.99856992, 0.99856992, 0.99936755,
       1.        ]), array([0.        , 0.19870576, 0.25204612, 0.30496999, 0.339822  ,
       0.35713568, 0.35713568, 0.35713568, 0.35713568, 0.35713568,
       0.3898693 , 0.42227688, 0.42227688, 0.43812258, 0.43812258,
       0.43812258, 0.43812258, 0.46841928, 0.46841928, 0.46841928,
       0.46841928, 0.46841928, 0.48268839, 0.5107929 , 0.5107929 ,
       0.53810005, 0.53810005, 0.53810005, 0.53810005, 0.55101489,
       0.55101489, 0.58877978, 0.58877978, 0.61320695, 0.63716522,
       0.6727091 , 0.6727091 , 0.6727091 , 0.68407319, 0.68407319,
       0.70602151, 0.71680621, 0.73800376, 0.74837844, 0.74837844,
       0.74837844, 0.74837844, 0.75807159, 0.77691741, 0.80497903,
       0.81404847, 0.83203534, 0.84078361, 0.86664281, 0.88362591,
       0.89190989, 0.89190989, 0.89190989, 0.89190989, 0.89190989,
       0.89919328, 0.89919328, 0.90614776, 0.90614776, 0.91272819,
       0.91272819, 0.91272819, 0.91875187, 0.92466187, 0.92466187,
       0.92466187, 0.93535928, 0.93535928, 0.95034923, 0.95034923,
       0.95488214, 0.95938661, 0.96361447, 0.96361447, 0.96361447,
       0.9672695 , 0.97086078, 0.97086078, 0.97086078, 0.97086078,
       0.97086078, 0.97344394, 0.97584352, 0.97584352, 0.97787838,
       0.97970243, 0.98315462, 0.98315462, 0.99147367, 0.9926172 ,
       0.99450906, 0.99450906, 0.9987136 , 0.9987136 , 0.99923203,
       1.        ]), array([0.        , 0.25836301, 0.27653042, 0.27653042, 0.27653042,
       0.32944543, 0.32944543, 0.3467876 , 0.3467876 , 0.3804443 ,
       0.39720701, 0.41377217, 0.43004481, 0.46233668, 0.4782719 ,
       0.4782719 , 0.4782719 , 0.4782719 , 0.49352522, 0.49352522,
       0.50844077, 0.50844077, 0.53750124, 0.53750124, 0.53750124,
       0.56551601, 0.59308152, 0.60672355, 0.60672355, 0.61988575,
       0.61988575, 0.61988575, 0.61988575, 0.6448702 , 0.6448702 ,
       0.6448702 , 0.6568392 , 0.6568392 , 0.6568392 , 0.6568392 ,
       0.66797096, 0.66797096, 0.67869225, 0.68931314, 0.6998135 ,
       0.72032727, 0.74049569, 0.77998829, 0.79937758, 0.80894345,
       0.81835115, 0.84565589, 0.85461829, 0.85461829, 0.85461829,
       0.8630202 , 0.87128199, 0.87128199, 0.87914875, 0.87914875,
       0.89424119, 0.91611841, 0.92315031, 0.92315031, 0.92981302,
       0.92981302, 0.92981302, 0.9360761 , 0.9360761 , 0.9360761 ,
       0.94734591, 0.94734591, 0.9526202 , 0.95764622, 0.95764622,
       0.96233243, 0.96677432, 0.96677432, 0.97090779, 0.97090779,
       0.97462176, 0.97462176, 0.97462176, 0.97462176, 0.9776384 ,
       0.98043027, 0.98312274, 0.9880545 , 0.9880545 , 0.9880545 ,
       0.99004894, 0.99004894, 0.99160733, 0.99293756, 0.99414632,
       0.99414632, 0.99496552, 0.99625318, 0.9984179 , 0.99904567,
       1.        ]), array([0.        , 0.11195948, 0.15618723, 0.19995788, 0.22165108,
       0.22165108, 0.22165108, 0.28479942, 0.28479942, 0.30536449,
       0.30536449, 0.30536449, 0.36531585, 0.36531585, 0.38478268,
       0.38478268, 0.38478268, 0.44118079, 0.44118079, 0.44118079,
       0.44118079, 0.44118079, 0.45879155, 0.45879155, 0.47591272,
       0.49288768, 0.50958485, 0.50958485, 0.50958485, 0.50958485,
       0.52540999, 0.57217   , 0.58767778, 0.58767778, 0.60258098,
       0.61735487, 0.61735487, 0.61735487, 0.61735487, 0.61735487,
       0.61735487, 0.64424852, 0.65748653, 0.65748653, 0.65748653,
       0.65748653, 0.68190565, 0.69390419, 0.69390419, 0.69390419,
       0.71652117, 0.76114923, 0.77207574, 0.81461929, 0.82510318,
       0.82510318, 0.83508075, 0.84485802, 0.84485802, 0.85416817,
       0.86328339, 0.88105948, 0.88105948, 0.88952692, 0.88952692,
       0.90553331, 0.90553331, 0.90553331, 0.92018074, 0.9271742 ,
       0.9271742 , 0.9271742 , 0.93366993, 0.93366993, 0.93973268,
       0.94555033, 0.94555033, 0.94555033, 0.94555033, 0.950296  ,
       0.95498061, 0.95498061, 0.95923513, 0.95923513, 0.95923513,
       0.95923513, 0.96256444, 0.97140251, 0.97430767, 0.98488944,
       0.98946782, 0.98946782, 0.98946782, 0.99118435, 0.99270729,
       0.99386197, 0.99498681, 0.99738479, 0.99800016, 0.99869688,
       1.        ]), array([0.        , 0.15903521, 0.1983607 , 0.23718001, 0.23718001,
       0.25626703, 0.29397123, 0.29397123, 0.29397123, 0.31215638,
       0.38427739, 0.40206035, 0.41976971, 0.43717678, 0.43717678,
       0.47111497, 0.47111497, 0.47111497, 0.47111497, 0.48734048,
       0.48734048, 0.48734048, 0.5030411 , 0.5030411 , 0.51822485,
       0.51822485, 0.53312417, 0.56240439, 0.57684756, 0.59109026,
       0.61906338, 0.61906338, 0.63270287, 0.64614552, 0.65935167,
       0.6983727 , 0.71120971, 0.72392743, 0.76124075, 0.77342666,
       0.78548958, 0.78548958, 0.79706399, 0.79706399, 0.80840144,
       0.80840144, 0.81933654, 0.81933654, 0.84021017, 0.84021017,
       0.85031471, 0.87003362, 0.87003362, 0.87003362, 0.87003362,
       0.87003362, 0.87887211, 0.88744262, 0.88744262, 0.88744262,
       0.88744262, 0.89523291, 0.89523291, 0.90276657, 0.90276657,
       0.90276657, 0.90276657, 0.9095145 , 0.91592006, 0.92212246,
       0.92212246, 0.9279318 , 0.9279318 , 0.9279318 , 0.9279318 ,
       0.9379632 , 0.9379632 , 0.9379632 , 0.94236412, 0.94236412,
       0.95048384, 0.95427517, 0.95798574, 0.95798574, 0.96446094,
       0.96446094, 0.97012789, 0.97536857, 0.98048493, 0.98283736,
       0.98484135, 0.98862012, 0.98862012, 0.99175613, 0.9943452 ,
       0.99647206, 0.99647206, 0.99707936, 0.99881857, 0.99919308,
       1.        ])]","[array([0.00000000e+00, 2.21445980e-04, 7.76554510e-04, 1.19002846e-03,
       1.67845800e-03, 1.67845800e-03, 3.21939554e-03, 5.24255301e-03,
       7.51168344e-03, 8.78221035e-03, 1.15333917e-02, 1.31175074e-02,
       1.48798060e-02, 1.48798060e-02, 1.69225517e-02, 2.11655241e-02,
       2.11655241e-02, 2.36365018e-02, 2.63438550e-02, 2.63438550e-02,
       2.92359244e-02, 2.92359244e-02, 2.92359244e-02, 3.26654040e-02,
       3.26654040e-02, 3.26654040e-02, 3.26654040e-02, 3.66163022e-02,
       3.66163022e-02, 3.66163022e-02, 3.66163022e-02, 3.66163022e-02,
       3.66163022e-02, 3.66163022e-02, 3.66163022e-02, 4.69955635e-02,
       4.69955635e-02, 5.25390354e-02, 5.82732315e-02, 6.40851000e-02,
       6.99972832e-02, 7.60827547e-02, 8.22808129e-02, 8.86344500e-02,
       8.86344500e-02, 1.02061507e-01, 1.02061507e-01, 1.23119708e-01,
       1.37433718e-01, 1.44724330e-01, 1.52239397e-01, 1.59855773e-01,
       1.83304758e-01, 1.83304758e-01, 2.07512266e-01, 2.23910951e-01,
       2.32216019e-01, 2.40698144e-01, 2.40698144e-01, 2.40698144e-01,
       2.40698144e-01, 2.40698144e-01, 2.49923406e-01, 2.49923406e-01,
       2.59448530e-01, 2.69219212e-01, 2.89004647e-01, 2.89004647e-01,
       2.89004647e-01, 2.99281561e-01, 2.99281561e-01, 2.99281561e-01,
       3.10018190e-01, 3.20919644e-01, 3.65424277e-01, 3.87833989e-01,
       3.87833989e-01, 3.87833989e-01, 4.11197131e-01, 4.11197131e-01,
       4.35136979e-01, 4.35136979e-01, 4.35136979e-01, 4.47579961e-01,
       4.72914201e-01, 4.85597647e-01, 4.85597647e-01, 4.85597647e-01,
       4.85597647e-01, 5.12244900e-01, 5.25695818e-01, 5.39376964e-01,
       5.53241364e-01, 5.53241364e-01, 5.53241364e-01, 5.96039874e-01,
       6.24958455e-01, 6.53971753e-01, 6.53971753e-01, 6.98610017e-01,
       1.00000000e+00]), array([0.00000000e+00, 2.32758963e-04, 1.02413276e-03, 2.17127092e-03,
       3.30382727e-03, 3.96605860e-03, 3.96605860e-03, 3.96605860e-03,
       3.96605860e-03, 3.96605860e-03, 6.90817133e-03, 1.01287794e-02,
       1.01287794e-02, 1.20449708e-02, 1.20449708e-02, 1.20449708e-02,
       1.20449708e-02, 1.70687243e-02, 1.70687243e-02, 1.70687243e-02,
       1.70687243e-02, 1.70687243e-02, 2.03316596e-02, 2.72280003e-02,
       2.72280003e-02, 3.48054577e-02, 3.48054577e-02, 3.48054577e-02,
       3.48054577e-02, 3.92252173e-02, 3.92252173e-02, 5.33213160e-02,
       5.33213160e-02, 6.33588766e-02, 7.37969795e-02, 8.97902920e-02,
       8.97902920e-02, 8.97902920e-02, 9.55347222e-02, 9.55347222e-02,
       1.07689743e-01, 1.13929098e-01, 1.26725431e-01, 1.33315032e-01,
       1.33315032e-01, 1.33315032e-01, 1.33315032e-01, 1.40486794e-01,
       1.55292003e-01, 1.77676736e-01, 1.85381282e-01, 2.00920215e-01,
       2.08899108e-01, 2.33165167e-01, 2.49561535e-01, 2.57937022e-01,
       2.57937022e-01, 2.57937022e-01, 2.57937022e-01, 2.57937022e-01,
       2.67167234e-01, 2.67167234e-01, 2.76678394e-01, 2.76678394e-01,
       2.86509079e-01, 2.86509079e-01, 2.86509079e-01, 2.96815341e-01,
       3.07218709e-01, 3.07218709e-01, 3.07218709e-01, 3.28984376e-01,
       3.28984376e-01, 3.62535064e-01, 3.62535064e-01, 3.74114756e-01,
       3.85718748e-01, 3.97559017e-01, 3.97559017e-01, 3.97559017e-01,
       4.09888607e-01, 4.22272654e-01, 4.22272654e-01, 4.22272654e-01,
       4.22272654e-01, 4.22272654e-01, 4.35517839e-01, 4.48919854e-01,
       4.48919854e-01, 4.62633404e-01, 4.76527036e-01, 5.04481646e-01,
       5.04481646e-01, 5.90085942e-01, 6.04560887e-01, 6.33848345e-01,
       6.33848345e-01, 7.38419050e-01, 7.38419050e-01, 7.68879711e-01,
       1.00000000e+00]), array([0.00000000e+00, 2.86948481e-04, 5.43239383e-04, 5.43239383e-04,
       5.43239383e-04, 2.61575773e-03, 2.61575773e-03, 3.54984585e-03,
       3.54984585e-03, 6.26205551e-03, 7.67207698e-03, 9.24434491e-03,
       1.10568736e-02, 1.48900624e-02, 1.69797282e-02, 1.69797282e-02,
       1.69797282e-02, 1.69797282e-02, 1.96294554e-02, 1.96294554e-02,
       2.25566045e-02, 2.25566045e-02, 2.90438451e-02, 2.90438451e-02,
       2.90438451e-02, 3.63899516e-02, 4.41050565e-02, 4.80781887e-02,
       4.80781887e-02, 5.24454198e-02, 5.24454198e-02, 5.24454198e-02,
       5.24454198e-02, 6.22804262e-02, 6.22804262e-02, 6.22804262e-02,
       6.76276651e-02, 6.76276651e-02, 6.76276651e-02, 6.76276651e-02,
       7.36625642e-02, 7.36625642e-02, 8.00345936e-02, 8.64890824e-02,
       9.30425728e-02, 1.06549490e-01, 1.20340056e-01, 1.48614584e-01,
       1.63045070e-01, 1.70366085e-01, 1.77817010e-01, 2.00924051e-01,
       2.08740710e-01, 2.08740710e-01, 2.08740710e-01, 2.17017723e-01,
       2.25409813e-01, 2.25409813e-01, 2.34126360e-01, 2.34126360e-01,
       2.52085991e-01, 2.79650827e-01, 2.89053069e-01, 2.89053069e-01,
       2.98758539e-01, 2.98758539e-01, 2.98758539e-01, 3.08792236e-01,
       3.08792236e-01, 3.08792236e-01, 3.29891511e-01, 3.29891511e-01,
       3.40737339e-01, 3.51787076e-01, 3.51787076e-01, 3.63115905e-01,
       3.74645408e-01, 3.74645408e-01, 3.86428222e-01, 3.86428222e-01,
       3.98555586e-01, 3.98555586e-01, 3.98555586e-01, 3.98555586e-01,
       4.11255681e-01, 4.24140400e-01, 4.37106756e-01, 4.63411670e-01,
       4.63411670e-01, 4.63411670e-01, 4.76951338e-01, 4.76951338e-01,
       4.90849147e-01, 5.04934356e-01, 5.19119323e-01, 5.19119323e-01,
       5.33624257e-01, 5.62922189e-01, 6.37033066e-01, 6.66872986e-01,
       1.00000000e+00]), array([0.00000000e+00, 3.56137776e-04, 8.25372195e-04, 1.56323969e-03,
       2.04508850e-03, 2.04508850e-03, 2.04508850e-03, 4.62561185e-03,
       4.62561185e-03, 5.77044562e-03, 5.77044562e-03, 5.77044562e-03,
       1.02298105e-02, 1.02298105e-02, 1.20200756e-02, 1.20200756e-02,
       1.20200756e-02, 1.85676565e-02, 1.85676565e-02, 1.85676565e-02,
       1.85676565e-02, 1.85676565e-02, 2.14487180e-02, 2.14487180e-02,
       2.46175074e-02, 2.78722256e-02, 3.12901993e-02, 3.12901993e-02,
       3.12901993e-02, 3.12901993e-02, 3.52206553e-02, 4.74324731e-02,
       5.15494406e-02, 5.15494406e-02, 5.60217114e-02, 6.05699826e-02,
       6.05699826e-02, 6.05699826e-02, 6.05699826e-02, 6.05699826e-02,
       6.05699826e-02, 7.12263300e-02, 7.66772234e-02, 7.66772234e-02,
       7.66772234e-02, 7.66772234e-02, 8.87878395e-02, 9.49671555e-02,
       9.49671555e-02, 9.49671555e-02, 1.08136875e-01, 1.34832381e-01,
       1.41641729e-01, 1.69562289e-01, 1.76631756e-01, 1.76631756e-01,
       1.83998788e-01, 1.91483531e-01, 1.91483531e-01, 1.99242797e-01,
       2.07116620e-01, 2.23131288e-01, 2.23131288e-01, 2.31385807e-01,
       2.31385807e-01, 2.48440512e-01, 2.48440512e-01, 2.48440512e-01,
       2.66293871e-01, 2.75414638e-01, 2.75414638e-01, 2.75414638e-01,
       2.84827916e-01, 2.84827916e-01, 2.94495654e-01, 3.04307432e-01,
       3.04307432e-01, 3.04307432e-01, 3.04307432e-01, 3.14749206e-01,
       3.25226865e-01, 3.25226865e-01, 3.35957286e-01, 3.35957286e-01,
       3.35957286e-01, 3.35957286e-01, 3.47231441e-01, 3.81729683e-01,
       3.93253107e-01, 4.39957354e-01, 4.63728211e-01, 4.63728211e-01,
       4.63728211e-01, 4.75950189e-01, 4.88285937e-01, 5.00838107e-01,
       5.13407817e-01, 5.51690848e-01, 5.64559965e-01, 5.90612041e-01,
       1.00000000e+00]), array([0.00000000e+00, 2.30595252e-04, 5.99903708e-04, 1.33328025e-03,
       1.33328025e-03, 1.93202391e-03, 3.46744588e-03, 3.46744588e-03,
       3.46744588e-03, 4.71486590e-03, 1.01501643e-02, 1.16868532e-02,
       1.32764778e-02, 1.50835232e-02, 1.50835232e-02, 1.93276519e-02,
       1.93276519e-02, 1.93276519e-02, 1.93276519e-02, 2.19845385e-02,
       2.19845385e-02, 2.19845385e-02, 2.50189452e-02, 2.50189452e-02,
       2.84251215e-02, 2.84251215e-02, 3.20358658e-02, 3.96302366e-02,
       4.35690721e-02, 4.76520927e-02, 5.61865929e-02, 5.61865929e-02,
       6.07034729e-02, 6.53619301e-02, 7.01904892e-02, 8.51058675e-02,
       9.01999316e-02, 9.53797896e-02, 1.11523435e-01, 1.17085803e-01,
       1.22736635e-01, 1.22736635e-01, 1.28738821e-01, 1.28738821e-01,
       1.34911443e-01, 1.34911443e-01, 1.41373455e-01, 1.41373455e-01,
       1.55014268e-01, 1.55014268e-01, 1.62073662e-01, 1.76545001e-01,
       1.76545001e-01, 1.76545001e-01, 1.76545001e-01, 1.76545001e-01,
       1.84514997e-01, 1.92677741e-01, 1.92677741e-01, 1.92677741e-01,
       1.92677741e-01, 2.01401658e-01, 2.01401658e-01, 2.10310157e-01,
       2.10310157e-01, 2.10310157e-01, 2.10310157e-01, 2.19783792e-01,
       2.29503679e-01, 2.39369685e-01, 2.39369685e-01, 2.49518399e-01,
       2.49518399e-01, 2.49518399e-01, 2.49518399e-01, 2.70957481e-01,
       2.70957481e-01, 2.70957481e-01, 2.82119205e-01, 2.82119205e-01,
       3.04933265e-01, 3.16533432e-01, 3.28191684e-01, 3.28191684e-01,
       3.52188566e-01, 3.52188566e-01, 3.76766778e-01, 4.01651583e-01,
       4.26625812e-01, 4.39260910e-01, 4.52146617e-01, 4.78082904e-01,
       4.78082904e-01, 5.04481497e-01, 5.31273471e-01, 5.58397898e-01,
       5.58397898e-01, 5.72288182e-01, 6.28345586e-01, 6.42403299e-01,
       1.00000000e+00])]",0.0331113026166971,0.0114218933760048,0.0076082348645527,0.002564953928716,"[{'lambda_reg': 6.710411490413199e-05, 'K_bin': 1, 'gamma': 0.041438881469612276}, {'lambda_reg': 3.2934595708093124e-05, 'K_bin': 1, 'gamma': 0.003930451653008796}, {'lambda_reg': 9.193530905959312e-05, 'K_bin': 1, 'gamma': 0.02160854286867734}, {'lambda_reg': 6.486869953784287e-05, 'K_bin': 1, 'gamma': 0.004757706614802838}, {'lambda_reg': 4.164230094681165e-05, 'K_bin': 1, 'gamma': 0.009881391336098177}]",600,2,rbf,29
"[np.float64(0.08599166471317866), np.float64(0.03897993607869927), np.float64(0.07925137083650712), np.float64(0.10726435285779697), np.float64(0.12367364233484332)]",0.087032193364205,0.0287143845128382,"[np.float64(0.8043643481730431), np.float64(0.796552512967764), np.float64(0.7392545619025517), np.float64(0.7335684709418713), np.float64(0.8697271324363488)]",0.7886934052843158,0.0497127077957685,"[np.float64(0.9594708487184681), np.float64(0.9738661944921506), np.float64(0.9425261564479246), np.float64(0.9707643738877995), np.float64(0.9726176414652306)]",0.9638490430023148,0.0118227536591811,"[array([0.        , 0.38870838, 0.44778882, 0.50623985, 0.50623985,
       0.56367309, 0.56367309, 0.61952388, 0.61952388, 0.67423665,
       0.72872459, 0.72872459, 0.72872459, 0.72872459, 0.72872459,
       0.72872459, 0.72872459, 0.72872459, 0.72872459, 0.75320242,
       0.75320242, 0.75320242, 0.75320242, 0.77636145, 0.79921636,
       0.79921636, 0.82164435, 0.82164435, 0.82164435, 0.82164435,
       0.82164435, 0.84253823, 0.84253823, 0.84253823, 0.86255314,
       0.86255314, 0.86255314, 0.86255314, 0.86255314, 0.86255314,
       0.88068481, 0.88068481, 0.88068481, 0.88068481, 0.88068481,
       0.88068481, 0.88068481, 0.89677602, 0.89677602, 0.89677602,
       0.89677602, 0.91150274, 0.91150274, 0.91150274, 0.91150274,
       0.91150274, 0.91150274, 0.91150274, 0.91150274, 0.91150274,
       0.91150274, 0.92344545, 0.92344545, 0.92344545, 0.93445783,
       0.93445783, 0.93445783, 0.93445783, 0.93445783, 0.93445783,
       0.94367873, 0.95257144, 0.95257144, 0.95257144, 0.96059282,
       0.96059282, 0.967812  , 0.967812  , 0.967812  , 0.967812  ,
       0.967812  , 0.967812  , 0.967812  , 0.967812  , 0.97273893,
       0.97273893, 0.97273893, 0.985059  , 0.985059  , 0.98856503,
       0.98856503, 0.99127037, 0.99127037, 0.99363602, 0.99569563,
       0.99569563, 0.99697884, 0.99812197, 0.99889948, 0.99936073,
       1.        ]), array([0.        , 0.42599322, 0.53804977, 0.5935958 , 0.67603787,
       0.73051283, 0.75745394, 0.75745394, 0.75745394, 0.75745394,
       0.78328558, 0.80883598, 0.80883598, 0.83366211, 0.83366211,
       0.83366211, 0.83366211, 0.83366211, 0.83366211, 0.83366211,
       0.83366211, 0.83366211, 0.83366211, 0.83366211, 0.83366211,
       0.83366211, 0.83366211, 0.83366211, 0.83366211, 0.83366211,
       0.83366211, 0.83366211, 0.85307694, 0.85307694, 0.85307694,
       0.85307694, 0.85307694, 0.85307694, 0.85307694, 0.85307694,
       0.85307694, 0.88665536, 0.88665536, 0.90297371, 0.90297371,
       0.90297371, 0.90297371, 0.90297371, 0.91795466, 0.93266914,
       0.93266914, 0.94670267, 0.94670267, 0.94670267, 0.94670267,
       0.94670267, 0.95946982, 0.95946982, 0.95946982, 0.95946982,
       0.95946982, 0.95946982, 0.95946982, 0.95946982, 0.96977889,
       0.96977889, 0.96977889, 0.96977889, 0.96977889, 0.96977889,
       0.96977889, 0.96977889, 0.96977889, 0.96977889, 0.96977889,
       0.97710246, 0.97710246, 0.97710246, 0.97710246, 0.9832918 ,
       0.9832918 , 0.9832918 , 0.9832918 , 0.9832918 , 0.9832918 ,
       0.98755984, 0.98755984, 0.99136422, 0.99136422, 0.99136422,
       0.99421454, 0.99421454, 0.99421454, 0.99421454, 0.99612481,
       0.99612481, 0.99612481, 0.99706095, 0.99848018, 0.99911676,
       1.        ]), array([0.        , 0.23672994, 0.38324526, 0.44117959, 0.46982348,
       0.55499248, 0.55499248, 0.5826919 , 0.5826919 , 0.5826919 ,
       0.60957691, 0.60957691, 0.60957691, 0.63571268, 0.66128417,
       0.71215836, 0.71215836, 0.71215836, 0.71215836, 0.71215836,
       0.71215836, 0.71215836, 0.71215836, 0.71215836, 0.73496108,
       0.73496108, 0.73496108, 0.73496108, 0.73496108, 0.75632827,
       0.77738007, 0.79807084, 0.79807084, 0.79807084, 0.79807084,
       0.79807084, 0.79807084, 0.81685611, 0.81685611, 0.81685611,
       0.83475811, 0.83475811, 0.83475811, 0.83475811, 0.83475811,
       0.83475811, 0.83475811, 0.83475811, 0.83475811, 0.86536736,
       0.88039331, 0.88039331, 0.88039331, 0.88039331, 0.88039331,
       0.90745107, 0.90745107, 0.90745107, 0.90745107, 0.91988402,
       0.91988402, 0.91988402, 0.91988402, 0.93091256, 0.93091256,
       0.93091256, 0.94116548, 0.94116548, 0.94116548, 0.94116548,
       0.94116548, 0.94116548, 0.94967354, 0.9579753 , 0.96596392,
       0.96596392, 0.97309874, 0.97309874, 0.97969991, 0.97969991,
       0.97969991, 0.98540406, 0.98540406, 0.98540406, 0.98540406,
       0.98540406, 0.98540406, 0.98928929, 0.98928929, 0.98928929,
       0.98928929, 0.98928929, 0.99451636, 0.99668987, 0.99668987,
       0.99668987, 0.99668987, 0.99668987, 0.99871246, 0.99955978,
       1.        ]), array([0.        , 0.60192128, 0.60192128, 0.60192128, 0.60192128,
       0.63387436, 0.63387436, 0.63387436, 0.63387436, 0.63387436,
       0.63387436, 0.63387436, 0.66364714, 0.66364714, 0.66364714,
       0.72094445, 0.72094445, 0.72094445, 0.72094445, 0.74815186,
       0.74815186, 0.74815186, 0.74815186, 0.77416206, 0.79976776,
       0.79976776, 0.79976776, 0.79976776, 0.82403732, 0.82403732,
       0.82403732, 0.82403732, 0.82403732, 0.82403732, 0.82403732,
       0.84604168, 0.84604168, 0.84604168, 0.84604168, 0.84604168,
       0.84604168, 0.84604168, 0.8655284 , 0.92361033, 0.92361033,
       0.92361033, 0.92361033, 0.92361033, 0.92361033, 0.92361033,
       0.94054237, 0.94054237, 0.94054237, 0.94054237, 0.94054237,
       0.94054237, 0.94054237, 0.94054237, 0.94054237, 0.94054237,
       0.94054237, 0.94054237, 0.94054237, 0.94054237, 0.94054237,
       0.94054237, 0.94054237, 0.94054237, 0.94054237, 0.94054237,
       0.94054237, 0.94054237, 0.94054237, 0.94054237, 0.94054237,
       0.95769711, 0.95769711, 0.95769711, 0.97283561, 0.97992616,
       0.97992616, 0.97992616, 0.97992616, 0.97992616, 0.97992616,
       0.97992616, 0.97992616, 0.97992616, 0.97992616, 0.98393602,
       0.99125103, 0.99125103, 0.99125103, 0.99125103, 0.99125103,
       0.9929445 , 0.99446234, 0.99701854, 0.99701854, 0.99852338,
       1.        ]), array([0.        , 0.31226844, 0.38927657, 0.50364523, 0.54150785,
       0.57902589, 0.57902589, 0.57902589, 0.65151933, 0.65151933,
       0.65151933, 0.65151933, 0.68614386, 0.68614386, 0.68614386,
       0.68614386, 0.68614386, 0.71882797, 0.71882797, 0.75079514,
       0.75079514, 0.75079514, 0.75079514, 0.75079514, 0.75079514,
       0.75079514, 0.75079514, 0.77966676, 0.77966676, 0.77966676,
       0.80736191, 0.80736191, 0.80736191, 0.80736191, 0.80736191,
       0.80736191, 0.80736191, 0.83209427, 0.8567034 , 0.8567034 ,
       0.8567034 , 0.8567034 , 0.87959402, 0.87959402, 0.87959402,
       0.90122623, 0.90122623, 0.92205785, 0.92205785, 0.92205785,
       0.92205785, 0.94125096, 0.94125096, 0.94125096, 0.94125096,
       0.94125096, 0.94125096, 0.94125096, 0.94125096, 0.95758812,
       0.95758812, 0.95758812, 0.95758812, 0.95758812, 0.95758812,
       0.95758812, 0.95758812, 0.95758812, 0.95758812, 0.95758812,
       0.95758812, 0.95758812, 0.95758812, 0.95758812, 0.95758812,
       0.95758812, 0.95758812, 0.96666202, 0.96666202, 0.96666202,
       0.96666202, 0.96666202, 0.96666202, 0.96666202, 0.97307812,
       0.97307812, 0.97307812, 0.97307812, 0.97307812, 0.9821448 ,
       0.9821448 , 0.98602966, 0.98602966, 0.98910299, 0.98910299,
       0.99125892, 0.99125892, 0.99281541, 0.9976055 , 0.99830512,
       1.        ])]","[array([0.        , 0.00103528, 0.00209804, 0.00394968, 0.00394968,
       0.00707699, 0.00707699, 0.01218769, 0.01218769, 0.01872474,
       0.0255436 , 0.0255436 , 0.0255436 , 0.0255436 , 0.0255436 ,
       0.0255436 , 0.0255436 , 0.0255436 , 0.0255436 , 0.03242   ,
       0.03242   , 0.03242   , 0.03242   , 0.04094936, 0.04985988,
       0.04985988, 0.0593055 , 0.0593055 , 0.0593055 , 0.0593055 ,
       0.0593055 , 0.07067391, 0.07067391, 0.07067391, 0.083144  ,
       0.083144  , 0.083144  , 0.083144  , 0.083144  , 0.083144  ,
       0.09797449, 0.09797449, 0.09797449, 0.09797449, 0.09797449,
       0.09797449, 0.09797449, 0.11536241, 0.11536241, 0.11536241,
       0.11536241, 0.13446055, 0.13446055, 0.13446055, 0.13446055,
       0.13446055, 0.13446055, 0.13446055, 0.13446055, 0.13446055,
       0.13446055, 0.15704806, 0.15704806, 0.15704806, 0.18080162,
       0.18080162, 0.18080162, 0.18080162, 0.18080162, 0.18080162,
       0.20680057, 0.23321085, 0.23321085, 0.23321085, 0.26071324,
       0.26071324, 0.28922107, 0.28922107, 0.28922107, 0.28922107,
       0.28922107, 0.28922107, 0.28922107, 0.28922107, 0.32060193,
       0.32060193, 0.32060193, 0.41782872, 0.41782872, 0.45099049,
       0.45099049, 0.48515582, 0.48515582, 0.5197469 , 0.55472158,
       0.55472158, 0.59066936, 0.62679271, 0.66337433, 0.70035232,
       1.        ]), array([0.00000000e+00, 8.67046909e-04, 3.28057973e-03, 5.17000910e-03,
       9.24556877e-03, 1.26511881e-02, 1.47735205e-02, 1.47735205e-02,
       1.47735205e-02, 1.47735205e-02, 1.84664101e-02, 2.25574159e-02,
       2.25574159e-02, 2.76736949e-02, 2.76736949e-02, 2.76736949e-02,
       2.76736949e-02, 2.76736949e-02, 2.76736949e-02, 2.76736949e-02,
       2.76736949e-02, 2.76736949e-02, 2.76736949e-02, 2.76736949e-02,
       2.76736949e-02, 2.76736949e-02, 2.76736949e-02, 2.76736949e-02,
       2.76736949e-02, 2.76736949e-02, 2.76736949e-02, 2.76736949e-02,
       4.04501067e-02, 4.04501067e-02, 4.04501067e-02, 4.04501067e-02,
       4.04501067e-02, 4.04501067e-02, 4.04501067e-02, 4.04501067e-02,
       4.04501067e-02, 7.34364980e-02, 7.34364980e-02, 9.05962322e-02,
       9.05962322e-02, 9.05962322e-02, 9.05962322e-02, 9.05962322e-02,
       1.09649175e-01, 1.29079326e-01, 1.29079326e-01, 1.49473420e-01,
       1.49473420e-01, 1.49473420e-01, 1.49473420e-01, 1.49473420e-01,
       1.71660166e-01, 1.71660166e-01, 1.71660166e-01, 1.71660166e-01,
       1.71660166e-01, 1.71660166e-01, 1.71660166e-01, 1.71660166e-01,
       1.97326543e-01, 1.97326543e-01, 1.97326543e-01, 1.97326543e-01,
       1.97326543e-01, 1.97326543e-01, 1.97326543e-01, 1.97326543e-01,
       1.97326543e-01, 1.97326543e-01, 1.97326543e-01, 2.27219136e-01,
       2.27219136e-01, 2.27219136e-01, 2.27219136e-01, 2.58717314e-01,
       2.58717314e-01, 2.58717314e-01, 2.58717314e-01, 2.58717314e-01,
       2.58717314e-01, 2.92935273e-01, 2.92935273e-01, 3.27809568e-01,
       3.27809568e-01, 3.27809568e-01, 3.64034417e-01, 3.64034417e-01,
       3.64034417e-01, 3.64034417e-01, 4.01589980e-01, 4.01589980e-01,
       4.01589980e-01, 4.40524510e-01, 5.19034899e-01, 5.98653183e-01,
       1.00000000e+00]), array([0.        , 0.00134266, 0.00402121, 0.0059502 , 0.00732738,
       0.01243248, 0.01243248, 0.01501532, 0.01501532, 0.01501532,
       0.01863778, 0.01863778, 0.01863778, 0.02321669, 0.02851593,
       0.03945752, 0.03945752, 0.03945752, 0.03945752, 0.03945752,
       0.03945752, 0.03945752, 0.03945752, 0.03945752, 0.04829124,
       0.04829124, 0.04829124, 0.04829124, 0.04829124, 0.05895745,
       0.07002629, 0.08155601, 0.08155601, 0.08155601, 0.08155601,
       0.08155601, 0.08155601, 0.09551817, 0.09551817, 0.09551817,
       0.11060788, 0.11060788, 0.11060788, 0.11060788, 0.11060788,
       0.11060788, 0.11060788, 0.11060788, 0.11060788, 0.14741863,
       0.16617974, 0.16617974, 0.16617974, 0.16617974, 0.16617974,
       0.20752415, 0.20752415, 0.20752415, 0.20752415, 0.22959536,
       0.22959536, 0.22959536, 0.22959536, 0.25345936, 0.25345936,
       0.25345936, 0.27831348, 0.27831348, 0.27831348, 0.27831348,
       0.27831348, 0.27831348, 0.305395  , 0.33273986, 0.36048447,
       0.36048447, 0.38931898, 0.38931898, 0.41883473, 0.41883473,
       0.41883473, 0.44949557, 0.44949557, 0.44949557, 0.44949557,
       0.44949557, 0.44949557, 0.48247834, 0.48247834, 0.48247834,
       0.48247834, 0.48247834, 0.55169066, 0.58685852, 0.58685852,
       0.58685852, 0.58685852, 0.58685852, 0.69810395, 0.77290722,
       1.        ]), array([0.        , 0.00105944, 0.00105944, 0.00105944, 0.00105944,
       0.0025906 , 0.0025906 , 0.0025906 , 0.0025906 , 0.0025906 ,
       0.0025906 , 0.0025906 , 0.00628054, 0.00628054, 0.00628054,
       0.01588649, 0.01588649, 0.01588649, 0.01588649, 0.02211648,
       0.02211648, 0.02211648, 0.02211648, 0.02953185, 0.03734773,
       0.03734773, 0.03734773, 0.03734773, 0.04648657, 0.04648657,
       0.04648657, 0.04648657, 0.04648657, 0.04648657, 0.04648657,
       0.05786824, 0.05786824, 0.05786824, 0.05786824, 0.05786824,
       0.05786824, 0.05786824, 0.07174269, 0.11374055, 0.11374055,
       0.11374055, 0.11374055, 0.11374055, 0.11374055, 0.11374055,
       0.13014447, 0.13014447, 0.13014447, 0.13014447, 0.13014447,
       0.13014447, 0.13014447, 0.13014447, 0.13014447, 0.13014447,
       0.13014447, 0.13014447, 0.13014447, 0.13014447, 0.13014447,
       0.13014447, 0.13014447, 0.13014447, 0.13014447, 0.13014447,
       0.13014447, 0.13014447, 0.13014447, 0.13014447, 0.13014447,
       0.17949667, 0.17949667, 0.17949667, 0.23084521, 0.25699345,
       0.25699345, 0.25699345, 0.25699345, 0.25699345, 0.25699345,
       0.25699345, 0.25699345, 0.25699345, 0.25699345, 0.28619197,
       0.34528676, 0.34528676, 0.34528676, 0.34528676, 0.34528676,
       0.3767788 , 0.40844474, 0.47225135, 0.47225135, 0.57026775,
       1.        ]), array([0.00000000e+00, 6.76569015e-04, 1.63080482e-03, 3.90994098e-03,
       4.86260270e-03, 6.07072868e-03, 6.07072868e-03, 6.07072868e-03,
       1.03720095e-02, 1.03720095e-02, 1.03720095e-02, 1.03720095e-02,
       1.37252887e-02, 1.37252887e-02, 1.37252887e-02, 1.37252887e-02,
       1.37252887e-02, 1.85171402e-02, 1.85171402e-02, 2.38405026e-02,
       2.38405026e-02, 2.38405026e-02, 2.38405026e-02, 2.38405026e-02,
       2.38405026e-02, 2.38405026e-02, 2.38405026e-02, 3.14588067e-02,
       3.14588067e-02, 3.14588067e-02, 3.99493033e-02, 3.99493033e-02,
       3.99493033e-02, 3.99493033e-02, 3.99493033e-02, 3.99493033e-02,
       3.99493033e-02, 5.06363278e-02, 6.14147071e-02, 6.14147071e-02,
       6.14147071e-02, 6.14147071e-02, 7.34671324e-02, 7.34671324e-02,
       7.34671324e-02, 8.64525002e-02, 8.64525002e-02, 1.00031405e-01,
       1.00031405e-01, 1.00031405e-01, 1.00031405e-01, 1.14825050e-01,
       1.14825050e-01, 1.14825050e-01, 1.14825050e-01, 1.14825050e-01,
       1.14825050e-01, 1.14825050e-01, 1.14825050e-01, 1.31736004e-01,
       1.31736004e-01, 1.31736004e-01, 1.31736004e-01, 1.31736004e-01,
       1.31736004e-01, 1.31736004e-01, 1.31736004e-01, 1.31736004e-01,
       1.31736004e-01, 1.31736004e-01, 1.31736004e-01, 1.31736004e-01,
       1.31736004e-01, 1.31736004e-01, 1.31736004e-01, 1.31736004e-01,
       1.31736004e-01, 1.54031703e-01, 1.54031703e-01, 1.54031703e-01,
       1.54031703e-01, 1.54031703e-01, 1.54031703e-01, 1.54031703e-01,
       1.78297810e-01, 1.78297810e-01, 1.78297810e-01, 1.78297810e-01,
       1.78297810e-01, 2.29621664e-01, 2.29621664e-01, 2.55764358e-01,
       2.55764358e-01, 2.82508687e-01, 2.82508687e-01, 3.09933150e-01,
       3.09933150e-01, 3.37802014e-01, 4.79364796e-01, 5.07868927e-01,
       1.00000000e+00])]",0.0024323602615419,0.0107764837474679,0.0014759188973941,0.0010750143367619,"[{'lambda_reg': 1.6894655552981786e-05, 'K_bin': 1, 'gamma': 0.0028137977844084608}, {'lambda_reg': 1.0540654329994676e-05, 'K_bin': 1, 'gamma': 0.0016155972981173026}, {'lambda_reg': 0.02503583726863769, 'K_bin': 1, 'gamma': 0.022265690495476255}, {'lambda_reg': 4.940383513293882e-05, 'K_bin': 1, 'gamma': 0.0034980189592605506}, {'lambda_reg': 4.219203121912706e-05, 'K_bin': 1, 'gamma': 0.0012892482775560957}]",300,1,rbf,1
