test_ibs,mean_ibs,std_ibs,test_cindex,mean_cindex,std_cindex,test_auc,mean_auc,std_auc,test_tpr,test_fpr,mean_bias,std_bias,mean_mse,std_mse,best_params,sample_size,method,kernel,task
"[np.float64(0.08885278359997795), np.float64(0.07928851559037782), np.float64(0.14259579654803864), np.float64(0.07978229955530759), np.float64(0.10931508279162623)]",0.0999668956170656,0.0239296828339456,"[np.float64(0.8004252821412637), np.float64(0.8543187800519833), np.float64(0.8006318263990284), np.float64(0.8341874418996478), np.float64(0.8501680021377852)]",0.8279462665259416,0.023374133114525,"[np.float64(0.9962635439812797), np.float64(0.9892516392937429), np.float64(0.9939099438859568), np.float64(0.9959413330357585), np.float64(0.9902225667516396)]",0.9931178053896754,0.0028922347797061,"[array([0.30655275, 0.89407926, 0.90667623, 0.91917948, 0.91917948,
       0.91917948, 0.91917948, 0.91917948, 0.91917948, 0.93081227,
       0.93081227, 0.94229422, 0.94229422, 0.94229422, 0.94229422,
       0.94229422, 0.94229422, 0.94229422, 0.94229422, 0.95266804,
       0.95266804, 0.95266804, 0.95266804, 0.95266804, 0.95266804,
       0.95266804, 0.95266804, 0.95266804, 0.95266804, 0.95266804,
       0.95266804, 0.95266804, 0.95266804, 0.95266804, 0.95266804,
       0.95266804, 0.95266804, 0.95266804, 0.96068256, 0.96068256,
       0.96068256, 0.96068256, 0.96068256, 0.96068256, 0.96068256,
       0.96068256, 0.96068256, 0.96757295, 0.96757295, 0.96757295,
       0.96757295, 0.96757295, 0.97380547, 0.97380547, 0.97380547,
       0.97380547, 0.97380547, 0.97380547, 0.97380547, 0.97380547,
       0.97899001, 0.97899001, 0.97899001, 0.97899001, 0.97899001,
       0.98349142, 0.98349142, 0.98349142, 0.98759316, 0.98759316,
       0.98759316, 0.99133494, 0.99133494, 0.99133494, 0.99133494,
       0.99133494, 0.99133494, 0.99133494, 0.99133494, 0.99133494,
       0.99133494, 0.99133494, 0.99133494, 0.99133494, 0.99133494,
       0.99334281, 0.99334281, 0.99509194, 0.99509194, 0.99654153,
       0.99654153, 0.99654153, 0.99654153, 0.99654153, 0.99654153,
       0.99654153, 0.99713469, 0.99759445, 0.9989279 , 0.99941531,
       1.        ]), array([0.45864185, 0.86502412, 0.88553764, 0.89565246, 0.89565246,
       0.89565246, 0.89565246, 0.89565246, 0.90528371, 0.90528371,
       0.90528371, 0.90528371, 0.90528371, 0.90528371, 0.9143137 ,
       0.9143137 , 0.9143137 , 0.9143137 , 0.9143137 , 0.9143137 ,
       0.92265887, 0.92265887, 0.92265887, 0.93076222, 0.93076222,
       0.93076222, 0.93076222, 0.93076222, 0.93076222, 0.93076222,
       0.93076222, 0.93076222, 0.93076222, 0.93784066, 0.93784066,
       0.94466039, 0.94466039, 0.94466039, 0.95118193, 0.95118193,
       0.95118193, 0.95118193, 0.95118193, 0.95118193, 0.95704072,
       0.96284305, 0.96284305, 0.9683915 , 0.9683915 , 0.9683915 ,
       0.9736051 , 0.9736051 , 0.9786841 , 0.9786841 , 0.9786841 ,
       0.9786841 , 0.9786841 , 0.9786841 , 0.9786841 , 0.9786841 ,
       0.9786841 , 0.9786841 , 0.9786841 , 0.9786841 , 0.98624864,
       0.98624864, 0.98624864, 0.98624864, 0.98966159, 0.98966159,
       0.98966159, 0.98966159, 0.98966159, 0.995443  , 0.995443  ,
       0.995443  , 0.995443  , 0.995443  , 0.995443  , 0.995443  ,
       0.99758564, 0.99758564, 0.99758564, 0.99758564, 0.99758564,
       0.99758564, 0.99758564, 0.99758564, 0.99758564, 0.99758564,
       0.99758564, 0.99758564, 0.99758564, 0.99758564, 0.99758564,
       0.99758564, 0.99803819, 0.9991775 , 0.99941915, 0.99968363,
       1.        ]), array([0.45218381, 0.91536032, 0.91536032, 0.91536032, 0.91536032,
       0.92585615, 0.92585615, 0.92585615, 0.92585615, 0.92585615,
       0.92585615, 0.92585615, 0.92585615, 0.92585615, 0.92585615,
       0.92585615, 0.92585615, 0.92585615, 0.92585615, 0.92585615,
       0.93476684, 0.93476684, 0.93476684, 0.93476684, 0.93476684,
       0.93476684, 0.93476684, 0.93476684, 0.93476684, 0.93476684,
       0.93476684, 0.94246804, 0.94246804, 0.94994596, 0.94994596,
       0.94994596, 0.95707973, 0.95707973, 0.95707973, 0.96387875,
       0.96387875, 0.96387875, 0.96387875, 0.96387875, 0.96387875,
       0.96387875, 0.96387875, 0.96980328, 0.97555431, 0.97555431,
       0.97555431, 0.97555431, 0.97555431, 0.97555431, 0.98065881,
       0.98065881, 0.98065881, 0.98065881, 0.98065881, 0.98065881,
       0.98065881, 0.98065881, 0.98065881, 0.98065881, 0.98065881,
       0.98065881, 0.98448778, 0.98814844, 0.98814844, 0.98814844,
       0.98814844, 0.98814844, 0.98814844, 0.98814844, 0.99102669,
       0.99102669, 0.99102669, 0.99102669, 0.99102669, 0.99102669,
       0.99102669, 0.99102669, 0.99102669, 0.99102669, 0.99651032,
       0.99651032, 0.99651032, 0.99651032, 0.99792743, 0.99792743,
       0.99792743, 0.99792743, 0.99792743, 0.99792743, 0.99792743,
       0.99792743, 0.99842254, 0.99922294, 0.99944994, 0.9998437 ,
       1.        ]), array([0.33254619, 0.85687533, 0.86947612, 0.88200332, 0.88200332,
       0.90637928, 0.90637928, 0.90637928, 0.90637928, 0.90637928,
       0.91790045, 0.91790045, 0.91790045, 0.91790045, 0.91790045,
       0.91790045, 0.91790045, 0.91790045, 0.93902802, 0.93902802,
       0.93902802, 0.93902802, 0.93902802, 0.93902802, 0.94885443,
       0.94885443, 0.94885443, 0.94885443, 0.94885443, 0.94885443,
       0.95789006, 0.95789006, 0.96660869, 0.96660869, 0.96660869,
       0.96660869, 0.96660869, 0.96660869, 0.96660869, 0.96660869,
       0.96660869, 0.96660869, 0.96660869, 0.96660869, 0.96660869,
       0.96660869, 0.97356793, 0.97356793, 0.97356793, 0.97356793,
       0.97356793, 0.97985261, 0.97985261, 0.97985261, 0.97985261,
       0.97985261, 0.97985261, 0.97985261, 0.97985261, 0.97985261,
       0.97985261, 0.97985261, 0.97985261, 0.97985261, 0.97985261,
       0.97985261, 0.97985261, 0.97985261, 0.98396872, 0.98396872,
       0.9878618 , 0.9878618 , 0.9878618 , 0.9878618 , 0.9878618 ,
       0.9910818 , 0.9910818 , 0.9910818 , 0.9910818 , 0.99382007,
       0.99382007, 0.99382007, 0.99382007, 0.99382007, 0.99382007,
       0.99382007, 0.99382007, 0.99552016, 0.99552016, 0.99693692,
       0.99822342, 0.99822342, 0.99822342, 0.99822342, 0.99822342,
       0.99892587, 0.99892587, 0.99892587, 0.99919284, 0.99962176,
       1.        ]), array([0.42641567, 0.89646063, 0.90723782, 0.90723782, 0.91784134,
       0.91784134, 0.91784134, 0.91784134, 0.91784134, 0.92780437,
       0.92780437, 0.92780437, 0.92780437, 0.92780437, 0.92780437,
       0.92780437, 0.92780437, 0.92780437, 0.92780437, 0.92780437,
       0.92780437, 0.92780437, 0.92780437, 0.92780437, 0.92780437,
       0.92780437, 0.92780437, 0.92780437, 0.92780437, 0.92780437,
       0.92780437, 0.92780437, 0.92780437, 0.92780437, 0.92780437,
       0.92780437, 0.92780437, 0.92780437, 0.93460575, 0.93460575,
       0.94122778, 0.96072107, 0.96072107, 0.96072107, 0.96072107,
       0.96072107, 0.96072107, 0.96072107, 0.96072107, 0.96072107,
       0.96626028, 0.96626028, 0.96626028, 0.9714969 , 0.9714969 ,
       0.9714969 , 0.9714969 , 0.9714969 , 0.9714969 , 0.9714969 ,
       0.9714969 , 0.9714969 , 0.9714969 , 0.9714969 , 0.97549689,
       0.97939156, 0.97939156, 0.97939156, 0.97939156, 0.97939156,
       0.97939156, 0.97939156, 0.97939156, 0.97939156, 0.97939156,
       0.98216045, 0.98216045, 0.98469242, 0.98469242, 0.98469242,
       0.98469242, 0.98469242, 0.98469242, 0.98469242, 0.99014968,
       0.99186789, 0.99186789, 0.99626401, 0.99763687, 0.99763687,
       0.99763687, 0.99763687, 0.99763687, 0.99847288, 0.99917635,
       0.99917635, 0.99917635, 0.99917635, 0.99946634, 0.99990608,
       1.        ])]","[array([0.00000000e+00, 6.18066784e-05, 3.92275764e-04, 8.98654096e-04,
       8.98654096e-04, 8.98654096e-04, 8.98654096e-04, 8.98654096e-04,
       8.98654096e-04, 3.03890170e-03, 3.03890170e-03, 5.46226827e-03,
       5.46226827e-03, 5.46226827e-03, 5.46226827e-03, 5.46226827e-03,
       5.46226827e-03, 5.46226827e-03, 5.46226827e-03, 9.96560196e-03,
       9.96560196e-03, 9.96560196e-03, 9.96560196e-03, 9.96560196e-03,
       9.96560196e-03, 9.96560196e-03, 9.96560196e-03, 9.96560196e-03,
       9.96560196e-03, 9.96560196e-03, 9.96560196e-03, 9.96560196e-03,
       9.96560196e-03, 9.96560196e-03, 9.96560196e-03, 9.96560196e-03,
       9.96560196e-03, 9.96560196e-03, 1.88973492e-02, 1.88973492e-02,
       1.88973492e-02, 1.88973492e-02, 1.88973492e-02, 1.88973492e-02,
       1.88973492e-02, 1.88973492e-02, 1.88973492e-02, 2.99390967e-02,
       2.99390967e-02, 2.99390967e-02, 2.99390967e-02, 2.99390967e-02,
       4.22156523e-02, 4.22156523e-02, 4.22156523e-02, 4.22156523e-02,
       4.22156523e-02, 4.22156523e-02, 4.22156523e-02, 4.22156523e-02,
       5.64592968e-02, 5.64592968e-02, 5.64592968e-02, 5.64592968e-02,
       5.64592968e-02, 7.19851579e-02, 7.19851579e-02, 7.19851579e-02,
       8.82612062e-02, 8.82612062e-02, 8.82612062e-02, 1.05212920e-01,
       1.05212920e-01, 1.05212920e-01, 1.05212920e-01, 1.05212920e-01,
       1.05212920e-01, 1.05212920e-01, 1.05212920e-01, 1.05212920e-01,
       1.05212920e-01, 1.05212920e-01, 1.05212920e-01, 1.05212920e-01,
       1.05212920e-01, 1.25419167e-01, 1.25419167e-01, 1.46111080e-01,
       1.46111080e-01, 1.67365229e-01, 1.67365229e-01, 1.67365229e-01,
       1.67365229e-01, 1.67365229e-01, 1.67365229e-01, 1.67365229e-01,
       1.90226911e-01, 2.13338966e-01, 3.06736236e-01, 3.77746469e-01,
       1.00000000e+00]), array([0.00000000e+00, 5.62863756e-04, 1.89375752e-03, 3.12502757e-03,
       3.12502757e-03, 3.12502757e-03, 3.12502757e-03, 3.12502757e-03,
       6.28412874e-03, 6.28412874e-03, 6.28412874e-03, 6.28412874e-03,
       6.28412874e-03, 6.28412874e-03, 1.18401733e-02, 1.18401733e-02,
       1.18401733e-02, 1.18401733e-02, 1.18401733e-02, 1.18401733e-02,
       2.01263112e-02, 2.01263112e-02, 2.01263112e-02, 2.93764958e-02,
       2.93764958e-02, 2.93764958e-02, 2.93764958e-02, 2.93764958e-02,
       2.93764958e-02, 2.93764958e-02, 2.93764958e-02, 2.93764958e-02,
       2.93764958e-02, 4.27125588e-02, 4.27125588e-02, 5.70799947e-02,
       5.70799947e-02, 5.70799947e-02, 7.26361851e-02, 7.26361851e-02,
       7.26361851e-02, 7.26361851e-02, 7.26361851e-02, 7.26361851e-02,
       9.08344867e-02, 1.09257889e-01, 1.09257889e-01, 1.28693383e-01,
       1.28693383e-01, 1.28693383e-01, 1.49463808e-01, 1.49463808e-01,
       1.70770791e-01, 1.70770791e-01, 1.70770791e-01, 1.70770791e-01,
       1.70770791e-01, 1.70770791e-01, 1.70770791e-01, 1.70770791e-01,
       1.70770791e-01, 1.70770791e-01, 1.70770791e-01, 1.70770791e-01,
       2.23723833e-01, 2.23723833e-01, 2.23723833e-01, 2.23723833e-01,
       2.51672693e-01, 2.51672693e-01, 2.51672693e-01, 2.51672693e-01,
       2.51672693e-01, 3.11734331e-01, 3.11734331e-01, 3.11734331e-01,
       3.11734331e-01, 3.11734331e-01, 3.11734331e-01, 3.11734331e-01,
       3.44747380e-01, 3.44747380e-01, 3.44747380e-01, 3.44747380e-01,
       3.44747380e-01, 3.44747380e-01, 3.44747380e-01, 3.44747380e-01,
       3.44747380e-01, 3.44747380e-01, 3.44747380e-01, 3.44747380e-01,
       3.44747380e-01, 3.44747380e-01, 3.44747380e-01, 3.44747380e-01,
       3.84498124e-01, 5.04620716e-01, 5.45212200e-01, 6.27267557e-01,
       1.00000000e+00]), array([0.00000000e+00, 1.11828065e-04, 1.11828065e-04, 1.11828065e-04,
       1.11828065e-04, 1.75975065e-03, 1.75975065e-03, 1.75975065e-03,
       1.75975065e-03, 1.75975065e-03, 1.75975065e-03, 1.75975065e-03,
       1.75975065e-03, 1.75975065e-03, 1.75975065e-03, 1.75975065e-03,
       1.75975065e-03, 1.75975065e-03, 1.75975065e-03, 1.75975065e-03,
       8.30815851e-03, 8.30815851e-03, 8.30815851e-03, 8.30815851e-03,
       8.30815851e-03, 8.30815851e-03, 8.30815851e-03, 8.30815851e-03,
       8.30815851e-03, 8.30815851e-03, 8.30815851e-03, 1.85957491e-02,
       1.85957491e-02, 2.95736260e-02, 2.95736260e-02, 2.95736260e-02,
       4.16154487e-02, 4.16154487e-02, 4.16154487e-02, 5.46921388e-02,
       5.46921388e-02, 5.46921388e-02, 5.46921388e-02, 5.46921388e-02,
       5.46921388e-02, 5.46921388e-02, 5.46921388e-02, 7.04723516e-02,
       8.67889327e-02, 8.67889327e-02, 8.67889327e-02, 8.67889327e-02,
       8.67889327e-02, 8.67889327e-02, 1.05104297e-01, 1.05104297e-01,
       1.05104297e-01, 1.05104297e-01, 1.05104297e-01, 1.05104297e-01,
       1.05104297e-01, 1.05104297e-01, 1.05104297e-01, 1.05104297e-01,
       1.05104297e-01, 1.05104297e-01, 1.27362982e-01, 1.50142012e-01,
       1.50142012e-01, 1.50142012e-01, 1.50142012e-01, 1.50142012e-01,
       1.50142012e-01, 1.50142012e-01, 1.75339904e-01, 1.75339904e-01,
       1.75339904e-01, 1.75339904e-01, 1.75339904e-01, 1.75339904e-01,
       1.75339904e-01, 1.75339904e-01, 1.75339904e-01, 1.75339904e-01,
       2.60675253e-01, 2.60675253e-01, 2.60675253e-01, 2.60675253e-01,
       2.90390293e-01, 2.90390293e-01, 2.90390293e-01, 2.90390293e-01,
       2.90390293e-01, 2.90390293e-01, 2.90390293e-01, 2.90390293e-01,
       3.22955691e-01, 3.88673325e-01, 4.22067629e-01, 4.89042415e-01,
       1.00000000e+00]), array([0.00000000e+00, 1.32070367e-04, 4.86286123e-04, 9.78096555e-04,
       9.78096555e-04, 3.23026398e-03, 3.23026398e-03, 3.23026398e-03,
       3.23026398e-03, 3.23026398e-03, 5.60310274e-03, 5.60310274e-03,
       5.60310274e-03, 5.60310274e-03, 5.60310274e-03, 5.60310274e-03,
       5.60310274e-03, 5.60310274e-03, 1.39289721e-02, 1.39289721e-02,
       1.39289721e-02, 1.39289721e-02, 1.39289721e-02, 1.39289721e-02,
       1.94706052e-02, 1.94706052e-02, 1.94706052e-02, 1.94706052e-02,
       1.94706052e-02, 1.94706052e-02, 2.64908242e-02, 2.64908242e-02,
       3.41037397e-02, 3.41037397e-02, 3.41037397e-02, 3.41037397e-02,
       3.41037397e-02, 3.41037397e-02, 3.41037397e-02, 3.41037397e-02,
       3.41037397e-02, 3.41037397e-02, 3.41037397e-02, 3.41037397e-02,
       3.41037397e-02, 3.41037397e-02, 4.50062881e-02, 4.50062881e-02,
       4.50062881e-02, 4.50062881e-02, 4.50062881e-02, 5.71701171e-02,
       5.71701171e-02, 5.71701171e-02, 5.71701171e-02, 5.71701171e-02,
       5.71701171e-02, 5.71701171e-02, 5.71701171e-02, 5.71701171e-02,
       5.71701171e-02, 5.71701171e-02, 5.71701171e-02, 5.71701171e-02,
       5.71701171e-02, 5.71701171e-02, 5.71701171e-02, 5.71701171e-02,
       7.33886325e-02, 7.33886325e-02, 9.00241585e-02, 9.00241585e-02,
       9.00241585e-02, 9.00241585e-02, 9.00241585e-02, 1.07918193e-01,
       1.07918193e-01, 1.07918193e-01, 1.07918193e-01, 1.26712937e-01,
       1.26712937e-01, 1.26712937e-01, 1.26712937e-01, 1.26712937e-01,
       1.26712937e-01, 1.26712937e-01, 1.26712937e-01, 1.47448840e-01,
       1.47448840e-01, 1.68714486e-01, 1.90223698e-01, 1.90223698e-01,
       1.90223698e-01, 1.90223698e-01, 1.90223698e-01, 2.12824922e-01,
       2.12824922e-01, 2.12824922e-01, 2.36240412e-01, 2.83267727e-01,
       1.00000000e+00]), array([0.00000000e+00, 3.38559034e-04, 8.40229876e-04, 8.40229876e-04,
       1.89843971e-03, 1.89843971e-03, 1.89843971e-03, 1.89843971e-03,
       1.89843971e-03, 5.00917759e-03, 5.00917759e-03, 5.00917759e-03,
       5.00917759e-03, 5.00917759e-03, 5.00917759e-03, 5.00917759e-03,
       5.00917759e-03, 5.00917759e-03, 5.00917759e-03, 5.00917759e-03,
       5.00917759e-03, 5.00917759e-03, 5.00917759e-03, 5.00917759e-03,
       5.00917759e-03, 5.00917759e-03, 5.00917759e-03, 5.00917759e-03,
       5.00917759e-03, 5.00917759e-03, 5.00917759e-03, 5.00917759e-03,
       5.00917759e-03, 5.00917759e-03, 5.00917759e-03, 5.00917759e-03,
       5.00917759e-03, 5.00917759e-03, 1.82518859e-02, 1.82518859e-02,
       3.20693002e-02, 7.47162820e-02, 7.47162820e-02, 7.47162820e-02,
       7.47162820e-02, 7.47162820e-02, 7.47162820e-02, 7.47162820e-02,
       7.47162820e-02, 7.47162820e-02, 9.20037661e-02, 9.20037661e-02,
       9.20037661e-02, 1.10260937e-01, 1.10260937e-01, 1.10260937e-01,
       1.10260937e-01, 1.10260937e-01, 1.10260937e-01, 1.10260937e-01,
       1.10260937e-01, 1.10260937e-01, 1.10260937e-01, 1.10260937e-01,
       1.32481023e-01, 1.55038664e-01, 1.55038664e-01, 1.55038664e-01,
       1.55038664e-01, 1.55038664e-01, 1.55038664e-01, 1.55038664e-01,
       1.55038664e-01, 1.55038664e-01, 1.55038664e-01, 1.81204000e-01,
       1.81204000e-01, 2.08128564e-01, 2.08128564e-01, 2.08128564e-01,
       2.08128564e-01, 2.08128564e-01, 2.08128564e-01, 2.08128564e-01,
       2.95755874e-01, 3.25288246e-01, 3.25288246e-01, 4.16316129e-01,
       4.46955212e-01, 4.46955212e-01, 4.46955212e-01, 4.46955212e-01,
       4.46955212e-01, 4.79314731e-01, 5.12098985e-01, 5.12098985e-01,
       5.12098985e-01, 5.12098985e-01, 5.46208281e-01, 6.49914883e-01,
       1.00000000e+00])]",-0.2114905005693492,0.0381006256309781,0.1223835355503587,0.0290780486568989,"[{'lambda_reg': 2.4362917997548086e-05, 'K_bin': 113}, {'lambda_reg': 2.6493408337763374e-05, 'K_bin': 175}, {'lambda_reg': 0.02762553595417663, 'K_bin': 189}, {'lambda_reg': 0.00010573839409248827, 'K_bin': 102}, {'lambda_reg': 0.0002450326964703145, 'K_bin': 195}]",600,1,linear,63
"[np.float64(0.11457574756197891), np.float64(0.08074375149242455), np.float64(0.1394385883383278), np.float64(0.10499668985495163), np.float64(0.1313577189057809)]",0.1142224992306927,0.0206665613798783,"[np.float64(0.8346679479414649), np.float64(0.8642133839874448), np.float64(0.8252255783556214), np.float64(0.8879026467943647), np.float64(0.8343574003214143)]",0.8492733914800621,0.0233646135492554,"[np.float64(0.894666934197227), np.float64(0.9832587184342615), np.float64(0.9187078869553502), np.float64(0.9888485101292852), np.float64(0.9122735377283302)]",0.9395511174888908,0.0388167072997407,"[array([0.        , 0.23382195, 0.28707358, 0.28707358, 0.30441402,
       0.32161085, 0.33861819, 0.33861819, 0.35530788, 0.38825693,
       0.40451921, 0.40451921, 0.40451921, 0.42033531, 0.43583965,
       0.43583965, 0.46612855, 0.48124292, 0.48124292, 0.48124292,
       0.49567751, 0.49567751, 0.49567751, 0.50959568, 0.50959568,
       0.50959568, 0.50959568, 0.52286049, 0.53583487, 0.56156157,
       0.57421969, 0.57421969, 0.57421969, 0.57421969, 0.57421969,
       0.57421969, 0.57421969, 0.57421969, 0.59666815, 0.60780074,
       0.61878434, 0.64012783, 0.64012783, 0.67114542, 0.69146532,
       0.70148146, 0.71120864, 0.730444  , 0.73995807, 0.75863127,
       0.75863127, 0.75863127, 0.75863127, 0.75863127, 0.78376013,
       0.80826677, 0.81635913, 0.83200205, 0.83974251, 0.83974251,
       0.85445643, 0.86864543, 0.87551405, 0.87551405, 0.87551405,
       0.8819045 , 0.8819045 , 0.88787893, 0.89954197, 0.91102468,
       0.91648236, 0.9271018 , 0.93738317, 0.94735268, 0.95696514,
       0.95696514, 0.96570977, 0.96570977, 0.96977456, 0.96977456,
       0.96977456, 0.96977456, 0.97311424, 0.97625386, 0.97625386,
       0.9819292 , 0.9819292 , 0.9819292 , 0.98418922, 0.98418922,
       0.98797609, 0.98960796, 0.9942492 , 0.9942492 , 0.99537703,
       0.99537703, 0.99696138, 0.99815062, 0.9991169 , 0.99944499,
       1.        ]), array([0.10805643, 0.81515586, 0.83445809, 0.83445809, 0.84394204,
       0.84394204, 0.85318647, 0.86234763, 0.86234763, 0.88025108,
       0.89797848, 0.89797848, 0.90671724, 0.90671724, 0.90671724,
       0.91511389, 0.91511389, 0.92330529, 0.93144654, 0.93144654,
       0.93144654, 0.93144654, 0.93144654, 0.93144654, 0.93144654,
       0.93144654, 0.93144654, 0.93144654, 0.93144654, 0.93144654,
       0.93144654, 0.93144654, 0.9449029 , 0.95149774, 0.95149774,
       0.95790839, 0.95790839, 0.95790839, 0.95790839, 0.95790839,
       0.97575569, 0.97575569, 0.98153639, 0.98153639, 0.98153639,
       0.98153639, 0.98153639, 0.98153639, 0.98153639, 0.98153639,
       0.98153639, 0.98153639, 0.98153639, 0.98153639, 0.98153639,
       0.98153639, 0.98153639, 0.98153639, 0.98153639, 0.98153639,
       0.98153639, 0.98153639, 0.98153639, 0.98153639, 0.98153639,
       0.98153639, 0.98153639, 0.98153639, 0.98468888, 0.98468888,
       0.98468888, 0.98468888, 0.99031235, 0.99297762, 0.99297762,
       0.99297762, 0.99297762, 0.99297762, 0.99522554, 0.99522554,
       0.99522554, 0.99522554, 0.99522554, 0.99522554, 0.99522554,
       0.99522554, 0.99522554, 0.99522554, 0.99642309, 0.99642309,
       0.99742309, 0.99831242, 0.99831242, 0.99831242, 0.99897845,
       0.99954707, 0.99954707, 0.99954707, 0.99981963, 0.99992304,
       1.        ]), array([0.        , 0.30643   , 0.32425703, 0.32425703, 0.34175086,
       0.34175086, 0.34175086, 0.37541985, 0.39210029, 0.39210029,
       0.39210029, 0.40824081, 0.42424177, 0.43994781, 0.4711559 ,
       0.48666372, 0.48666372, 0.48666372, 0.50146373, 0.50146373,
       0.50146373, 0.51576612, 0.51576612, 0.52977421, 0.54349065,
       0.57071728, 0.57071728, 0.58397162, 0.58397162, 0.58397162,
       0.5967352 , 0.62180332, 0.62180332, 0.62180332, 0.62180332,
       0.63359443, 0.64517562, 0.64517562, 0.65637192, 0.66751621,
       0.66751621, 0.66751621, 0.678029  , 0.678029  , 0.72882119,
       0.75868881, 0.788154  , 0.80743923, 0.81693642, 0.83552239,
       0.83552239, 0.83552239, 0.83552239, 0.86125484, 0.86959159,
       0.86959159, 0.87766769, 0.88546588, 0.9008463 , 0.90826613,
       0.90826613, 0.9297869 , 0.9297869 , 0.93660747, 0.93660747,
       0.94935257, 0.94935257, 0.94935257, 0.96109421, 0.96109421,
       0.96109421, 0.96109421, 0.96109421, 0.96109421, 0.96109421,
       0.96568062, 0.96568062, 0.96568062, 0.97797053, 0.98176526,
       0.98176526, 0.98176526, 0.98176526, 0.98176526, 0.98176526,
       0.98176526, 0.98176526, 0.98418408, 0.98650898, 0.99076875,
       0.99076875, 0.99428738, 0.99428738, 0.99428738, 0.99544271,
       0.99635374, 0.99635374, 0.99703574, 0.9979159 , 0.99933772,
       1.        ]), array([0.02397273, 0.79088414, 0.8026935 , 0.81436613, 0.81436613,
       0.81436613, 0.81436613, 0.81436613, 0.83655944, 0.84751771,
       0.84751771, 0.85819103, 0.87941555, 0.88984691, 0.88984691,
       0.91035824, 0.92048697, 0.93053419, 0.93053419, 0.93053419,
       0.93053419, 0.93053419, 0.93053419, 0.93053419, 0.93053419,
       0.93053419, 0.93053419, 0.93053419, 0.93920168, 0.93920168,
       0.93920168, 0.93920168, 0.93920168, 0.94731742, 0.94731742,
       0.94731742, 0.94731742, 0.9549099 , 0.9549099 , 0.9549099 ,
       0.9549099 , 0.9549099 , 0.9549099 , 0.9549099 , 0.9549099 ,
       0.9549099 , 0.96144659, 0.96144659, 0.96144659, 0.96144659,
       0.96144659, 0.96144659, 0.96727839, 0.96727839, 0.96727839,
       0.96727839, 0.96727839, 0.96727839, 0.96727839, 0.97229533,
       0.97710836, 0.97710836, 0.97710836, 0.97710836, 0.97710836,
       0.97710836, 0.98118942, 0.98118942, 0.98513273, 0.98513273,
       0.98513273, 0.98513273, 0.98513273, 0.98513273, 0.98513273,
       0.98513273, 0.98513273, 0.98513273, 0.98513273, 0.98513273,
       0.98513273, 0.98513273, 0.98513273, 0.98513273, 0.98705871,
       0.98705871, 0.98705871, 0.98863376, 0.98863376, 0.98863376,
       0.99243381, 0.99243381, 0.99451762, 0.99546587, 0.99623903,
       0.99691806, 0.99745933, 0.99790965, 0.99915039, 0.99979996,
       1.        ]), array([0.        , 0.15685989, 0.1761352 , 0.21448489, 0.29026462,
       0.29026462, 0.30873158, 0.32713601, 0.32713601, 0.32713601,
       0.32713601, 0.34464839, 0.34464839, 0.34464839, 0.361649  ,
       0.37850506, 0.37850506, 0.39493261, 0.41119187, 0.45906949,
       0.45906949, 0.45906949, 0.47447491, 0.47447491, 0.48957311,
       0.50444368, 0.53367219, 0.53367219, 0.53367219, 0.53367219,
       0.54754177, 0.60223293, 0.60223293, 0.61551178, 0.61551178,
       0.65430244, 0.6669797 , 0.69198627, 0.69198627, 0.70399031,
       0.70399031, 0.71564698, 0.72714978, 0.74961185, 0.76073326,
       0.77156303, 0.80350185, 0.81398149, 0.82428244, 0.83444608,
       0.83444608, 0.83444608, 0.84404336, 0.8533327 , 0.8533327 ,
       0.86223671, 0.86223671, 0.86223671, 0.86223671, 0.86223671,
       0.870158  , 0.87797159, 0.87797159, 0.87797159, 0.87797159,
       0.87797159, 0.87797159, 0.90442292, 0.90442292, 0.9106452 ,
       0.9106452 , 0.9106452 , 0.91616552, 0.91616552, 0.92663076,
       0.92663076, 0.93148827, 0.93148827, 0.93148827, 0.93996982,
       0.93996982, 0.9515443 , 0.95871464, 0.95871464, 0.96502496,
       0.96801828, 0.96801828, 0.97865264, 0.981012  , 0.98536685,
       0.98744661, 0.98926673, 0.99086185, 0.99231108, 0.99231108,
       0.99343641, 0.99693563, 0.99693563, 0.99693563, 0.99941215,
       1.        ])]","[array([0.00000000e+00, 2.75788874e-04, 9.48467233e-04, 9.48467233e-04,
       1.52582985e-03, 2.22685173e-03, 3.09105278e-03, 3.09105278e-03,
       4.22876891e-03, 6.87476695e-03, 8.38052936e-03, 8.38052936e-03,
       8.38052936e-03, 1.02704917e-02, 1.24289130e-02, 1.24289130e-02,
       1.73655469e-02, 1.98597717e-02, 1.98597717e-02, 1.98597717e-02,
       2.29393441e-02, 2.29393441e-02, 2.29393441e-02, 2.64636073e-02,
       2.64636073e-02, 2.64636073e-02, 2.64636073e-02, 3.05504768e-02,
       3.48874311e-02, 4.37525508e-02, 4.83618326e-02, 4.83618326e-02,
       4.83618326e-02, 4.83618326e-02, 4.83618326e-02, 4.83618326e-02,
       4.83618326e-02, 4.83618326e-02, 6.00498270e-02, 6.59727390e-02,
       7.20239390e-02, 8.46634215e-02, 8.46634215e-02, 1.04481710e-01,
       1.18002595e-01, 1.24886872e-01, 1.32019976e-01, 1.46474751e-01,
       1.53791361e-01, 1.68730216e-01, 1.68730216e-01, 1.68730216e-01,
       1.68730216e-01, 1.68730216e-01, 1.93619256e-01, 2.19044081e-01,
       2.27584915e-01, 2.45133127e-01, 2.53976979e-01, 2.53976979e-01,
       2.72325148e-01, 2.91125316e-01, 3.00719907e-01, 3.00719907e-01,
       3.00719907e-01, 3.10726244e-01, 3.10726244e-01, 3.21090818e-01,
       3.42066078e-01, 3.63196626e-01, 3.74006162e-01, 3.95880067e-01,
       4.18045075e-01, 4.40478624e-01, 4.63219627e-01, 4.63219627e-01,
       4.86707922e-01, 4.86707922e-01, 4.98716875e-01, 4.98716875e-01,
       4.98716875e-01, 4.98716875e-01, 5.11350212e-01, 5.24155825e-01,
       5.24155825e-01, 5.50287059e-01, 5.50287059e-01, 5.50287059e-01,
       5.63850090e-01, 5.63850090e-01, 5.91607473e-01, 6.05711399e-01,
       6.48242217e-01, 6.48242217e-01, 6.62780170e-01, 6.62780170e-01,
       6.92434131e-01, 7.22428326e-01, 7.52614505e-01, 7.67841112e-01,
       1.00000000e+00]), array([0.        , 0.00100121, 0.00292736, 0.00292736, 0.00482542,
       0.00482542, 0.00806303, 0.01176643, 0.01176643, 0.02151584,
       0.03224994, 0.03224994, 0.03831571, 0.03831571, 0.03831571,
       0.04629496, 0.04629496, 0.05542208, 0.0648297 , 0.0648297 ,
       0.0648297 , 0.0648297 , 0.0648297 , 0.0648297 , 0.0648297 ,
       0.0648297 , 0.0648297 , 0.0648297 , 0.0648297 , 0.0648297 ,
       0.0648297 , 0.0648297 , 0.0994514 , 0.11750799, 0.11750799,
       0.13659471, 0.13659471, 0.13659471, 0.13659471, 0.13659471,
       0.2015992 , 0.2015992 , 0.22420926, 0.22420926, 0.22420926,
       0.22420926, 0.22420926, 0.22420926, 0.22420926, 0.22420926,
       0.22420926, 0.22420926, 0.22420926, 0.22420926, 0.22420926,
       0.22420926, 0.22420926, 0.22420926, 0.22420926, 0.22420926,
       0.22420926, 0.22420926, 0.22420926, 0.22420926, 0.22420926,
       0.22420926, 0.22420926, 0.22420926, 0.26151864, 0.26151864,
       0.26151864, 0.26151864, 0.33994902, 0.3799834 , 0.3799834 ,
       0.3799834 , 0.3799834 , 0.3799834 , 0.42235198, 0.42235198,
       0.42235198, 0.42235198, 0.42235198, 0.42235198, 0.42235198,
       0.42235198, 0.42235198, 0.42235198, 0.47059518, 0.47059518,
       0.5199433 , 0.56991035, 0.56991035, 0.56991035, 0.62112634,
       0.67288707, 0.67288707, 0.67288707, 0.72630369, 0.78066634,
       1.        ]), array([0.00000000e+00, 2.38695194e-04, 4.22919497e-04, 4.22919497e-04,
       8.93157967e-04, 8.93157967e-04, 8.93157967e-04, 2.96553144e-03,
       4.13396014e-03, 4.13396014e-03, 4.13396014e-03, 5.76582973e-03,
       7.51749703e-03, 9.52232389e-03, 1.37070585e-02, 1.58820245e-02,
       1.58820245e-02, 1.58820245e-02, 1.86645525e-02, 1.86645525e-02,
       1.86645525e-02, 2.18742271e-02, 2.18742271e-02, 2.53365159e-02,
       2.90491512e-02, 3.66514612e-02, 3.66514612e-02, 4.07607411e-02,
       4.07607411e-02, 4.07607411e-02, 4.52912851e-02, 5.47463924e-02,
       5.47463924e-02, 5.47463924e-02, 5.47463924e-02, 6.01116719e-02,
       6.56571413e-02, 6.56571413e-02, 7.15329932e-02, 7.74534802e-02,
       7.74534802e-02, 7.74534802e-02, 8.39160324e-02, 8.39160324e-02,
       1.17749617e-01, 1.38571397e-01, 1.59738617e-01, 1.74157580e-01,
       1.81491892e-01, 1.96511089e-01, 1.96511089e-01, 1.96511089e-01,
       1.96511089e-01, 2.20882378e-01, 2.29212775e-01, 2.29212775e-01,
       2.37766910e-01, 2.46559595e-01, 2.64330339e-01, 2.73447796e-01,
       2.73447796e-01, 3.01434265e-01, 3.01434265e-01, 3.11066109e-01,
       3.11066109e-01, 3.31098934e-01, 3.31098934e-01, 3.31098934e-01,
       3.51993099e-01, 3.51993099e-01, 3.51993099e-01, 3.51993099e-01,
       3.51993099e-01, 3.51993099e-01, 3.51993099e-01, 3.63542679e-01,
       3.63542679e-01, 3.63542679e-01, 3.99452641e-01, 4.11681782e-01,
       4.11681782e-01, 4.11681782e-01, 4.11681782e-01, 4.11681782e-01,
       4.11681782e-01, 4.11681782e-01, 4.11681782e-01, 4.25091958e-01,
       4.38582748e-01, 4.65899131e-01, 4.65899131e-01, 4.93851683e-01,
       4.93851683e-01, 4.93851683e-01, 5.08346401e-01, 5.23050821e-01,
       5.23050821e-01, 5.37951828e-01, 5.68169167e-01, 6.44380818e-01,
       1.00000000e+00]), array([0.00000000e+00, 4.92292247e-04, 8.96091864e-04, 1.61178317e-03,
       1.61178317e-03, 1.61178317e-03, 1.61178317e-03, 1.61178317e-03,
       5.67098994e-03, 8.01630583e-03, 8.01630583e-03, 1.10116224e-02,
       1.72808731e-02, 2.08281522e-02, 2.08281522e-02, 2.87243279e-02,
       3.29619949e-02, 3.73855856e-02, 3.73855856e-02, 3.73855856e-02,
       3.73855856e-02, 3.73855856e-02, 3.73855856e-02, 3.73855856e-02,
       3.73855856e-02, 3.73855856e-02, 3.73855856e-02, 3.73855856e-02,
       4.49566314e-02, 4.49566314e-02, 4.49566314e-02, 4.49566314e-02,
       4.49566314e-02, 5.37863472e-02, 5.37863472e-02, 5.37863472e-02,
       5.37863472e-02, 6.38097263e-02, 6.38097263e-02, 6.38097263e-02,
       6.38097263e-02, 6.38097263e-02, 6.38097263e-02, 6.38097263e-02,
       6.38097263e-02, 6.38097263e-02, 7.62415720e-02, 7.62415720e-02,
       7.62415720e-02, 7.62415720e-02, 7.62415720e-02, 7.62415720e-02,
       9.02814428e-02, 9.02814428e-02, 9.02814428e-02, 9.02814428e-02,
       9.02814428e-02, 9.02814428e-02, 9.02814428e-02, 1.06180156e-01,
       1.22544057e-01, 1.22544057e-01, 1.22544057e-01, 1.22544057e-01,
       1.22544057e-01, 1.22544057e-01, 1.40577731e-01, 1.40577731e-01,
       1.58925633e-01, 1.58925633e-01, 1.58925633e-01, 1.58925633e-01,
       1.58925633e-01, 1.58925633e-01, 1.58925633e-01, 1.58925633e-01,
       1.58925633e-01, 1.58925633e-01, 1.58925633e-01, 1.58925633e-01,
       1.58925633e-01, 1.58925633e-01, 1.58925633e-01, 1.58925633e-01,
       1.81875487e-01, 1.81875487e-01, 1.81875487e-01, 2.05625894e-01,
       2.05625894e-01, 2.05625894e-01, 2.78987479e-01, 2.78987479e-01,
       3.28920714e-01, 3.54100978e-01, 3.79680668e-01, 4.05475101e-01,
       4.31583781e-01, 4.57899935e-01, 5.64443266e-01, 6.72335182e-01,
       1.00000000e+00]), array([0.00000000e+00, 1.45887530e-04, 4.09111027e-04, 1.08376234e-03,
       3.11133184e-03, 3.11133184e-03, 3.97075033e-03, 4.87628187e-03,
       4.87628187e-03, 4.87628187e-03, 4.87628187e-03, 6.43973787e-03,
       6.43973787e-03, 6.43973787e-03, 8.38063687e-03, 1.04281508e-02,
       1.04281508e-02, 1.27916992e-02, 1.52793786e-02, 2.34062989e-02,
       2.34062989e-02, 2.34062989e-02, 2.65237098e-02, 2.65237098e-02,
       2.98677112e-02, 3.33795956e-02, 4.07814426e-02, 4.07814426e-02,
       4.07814426e-02, 4.07814426e-02, 4.50315970e-02, 6.26127561e-02,
       6.26127561e-02, 6.72985868e-02, 6.72985868e-02, 8.21274758e-02,
       8.72570087e-02, 9.77726938e-02, 9.77726938e-02, 1.03398744e-01,
       1.03398744e-01, 1.09280999e-01, 1.15276733e-01, 1.27669076e-01,
       1.33946105e-01, 1.40438223e-01, 1.60320594e-01, 1.67070950e-01,
       1.73953089e-01, 1.80936507e-01, 1.80936507e-01, 1.80936507e-01,
       1.88337633e-01, 1.95965879e-01, 1.95965879e-01, 2.03878312e-01,
       2.03878312e-01, 2.03878312e-01, 2.03878312e-01, 2.03878312e-01,
       2.12515549e-01, 2.21232207e-01, 2.21232207e-01, 2.21232207e-01,
       2.21232207e-01, 2.21232207e-01, 2.21232207e-01, 2.59641268e-01,
       2.59641268e-01, 2.69531580e-01, 2.69531580e-01, 2.69531580e-01,
       2.79939614e-01, 2.79939614e-01, 3.01180055e-01, 3.01180055e-01,
       3.12076941e-01, 3.12076941e-01, 3.12076941e-01, 3.34780428e-01,
       3.34780428e-01, 3.69682232e-01, 3.93352788e-01, 3.93352788e-01,
       4.17657634e-01, 4.29929427e-01, 4.29929427e-01, 4.80004075e-01,
       4.92743433e-01, 5.18490513e-01, 5.31436084e-01, 5.44573145e-01,
       5.57876161e-01, 5.71286770e-01, 5.71286770e-01, 5.84936265e-01,
       6.40273339e-01, 6.40273339e-01, 6.40273339e-01, 7.54282578e-01,
       1.00000000e+00])]",-0.1157915795647883,0.1751677508410211,0.0935600251609951,0.092323853961371,"[{'lambda_reg': 0.33177549043919274, 'K_bin': 40, 'gamma': 0.17015642406727824, 'degree': 6, 'coef0': 4.567274108235991}, {'lambda_reg': 0.032333194012260605, 'K_bin': 345, 'gamma': 0.06383012357593751, 'degree': 4, 'coef0': 1.6481865882613689}, {'lambda_reg': 2.8999262748783127e-05, 'K_bin': 42, 'gamma': 0.20656628018966827, 'degree': 5, 'coef0': 2.392153212495476}, {'lambda_reg': 0.0001880841751656242, 'K_bin': 257, 'gamma': 0.35176070773552115, 'degree': 5, 'coef0': 4.392012689778984}, {'lambda_reg': 0.00026735948710799587, 'K_bin': 67, 'gamma': 0.19432560386624212, 'degree': 6, 'coef0': 4.481067234982286}]",600,2,polynomial,76
"[np.float64(0.111672266785919), np.float64(0.038596173027351986), np.float64(0.09864522563786322), np.float64(0.13443207027795737), np.float64(0.2025667306983034)]",0.1171824932854789,0.0531748409017228,"[np.float64(0.8069246047012718), np.float64(0.7999885960724775), np.float64(0.7406145471156208), np.float64(0.7297979655470782), np.float64(0.8708280492717705)]",0.7896307525416437,0.0509547132958506,"[np.float64(0.9930319613762446), np.float64(0.9955778200028598), np.float64(0.9834947737972386), np.float64(0.9590676856420863), np.float64(0.9857684202290267)]",0.9833881322094912,0.0129518585092603,"[array([0.        , 0.91347968, 0.91347968, 0.93200675, 0.93200675,
       0.93200675, 0.93200675, 0.93200675, 0.93200675, 0.93200675,
       0.93200675, 0.93200675, 0.93200675, 0.96526813, 0.96526813,
       0.96526813, 0.96526813, 0.96526813, 0.96526813, 0.96526813,
       0.96526813, 0.96526813, 0.96526813, 0.96526813, 0.96526813,
       0.96526813, 0.96526813, 0.96526813, 0.96526813, 0.96526813,
       0.97865992, 0.97865992, 0.97865992, 0.97865992, 0.97865992,
       0.97865992, 0.97865992, 0.97865992, 0.97865992, 0.97865992,
       0.97865992, 0.97865992, 0.97865992, 0.97865992, 0.97865992,
       0.97865992, 0.97865992, 0.97865992, 0.97865992, 0.97865992,
       0.97865992, 0.97865992, 0.97865992, 0.97865992, 0.97865992,
       0.97865992, 0.97865992, 0.97865992, 0.97865992, 0.98647791,
       0.98647791, 0.98647791, 0.98647791, 0.98647791, 0.98647791,
       0.98647791, 0.98647791, 0.98647791, 0.992726  , 0.992726  ,
       0.992726  , 0.992726  , 0.992726  , 0.992726  , 0.992726  ,
       0.992726  , 0.992726  , 0.992726  , 0.992726  , 0.992726  ,
       0.99667372, 0.99667372, 0.99667372, 0.99667372, 0.99667372,
       0.99667372, 0.99667372, 0.99667372, 0.99667372, 0.99667372,
       0.99667372, 0.99667372, 0.99829949, 0.99976138, 0.99976138,
       0.99976138, 0.99976138, 0.99976138, 0.99976138, 0.99998555,
       1.        ]), array([0.09167483, 0.89833587, 0.91640852, 0.93426823, 0.95196904,
       0.95196904, 0.98665161, 0.98665161, 0.98665161, 0.98665161,
       0.98665161, 0.98665161, 0.98665161, 0.98665161, 0.98665161,
       0.98665161, 0.98665161, 0.98665161, 0.98665161, 0.98665161,
       0.98665161, 0.98665161, 0.98665161, 0.98665161, 0.98665161,
       0.98665161, 0.98665161, 0.98665161, 0.98665161, 0.98665161,
       0.98665161, 0.98665161, 0.98665161, 0.98665161, 0.98665161,
       0.98665161, 0.98665161, 0.98665161, 0.98665161, 0.98665161,
       0.98665161, 0.98665161, 0.98665161, 0.98665161, 0.98665161,
       0.98665161, 0.98665161, 0.98665161, 0.98665161, 0.98665161,
       0.98665161, 0.98665161, 0.98665161, 0.98665161, 0.98665161,
       0.98665161, 0.98665161, 0.98665161, 0.98665161, 0.98665161,
       0.98665161, 0.98665161, 0.98665161, 0.98665161, 0.98665161,
       0.99324971, 0.99324971, 0.99324971, 0.99324971, 0.99324971,
       0.99324971, 0.99324971, 0.99324971, 0.99324971, 0.99324971,
       0.99324971, 0.99324971, 0.99324971, 0.99324971, 0.99324971,
       0.99707796, 0.99707796, 0.99707796, 0.99707796, 0.99707796,
       0.99707796, 0.99707796, 0.99707796, 0.99707796, 0.99707796,
       0.99707796, 0.99707796, 0.99707796, 0.99852417, 0.99852417,
       0.99951139, 0.99951139, 0.99951139, 0.99999822, 0.99999822,
       1.        ]), array([0.03676863, 0.84565033, 0.90009414, 0.90009414, 0.90009414,
       0.90009414, 0.90009414, 0.90009414, 0.90009414, 0.90009414,
       0.90009414, 0.90009414, 0.90009414, 0.90009414, 0.91599424,
       0.91599424, 0.91599424, 0.93128408, 0.9465238 , 0.9465238 ,
       0.9465238 , 0.9465238 , 0.9465238 , 0.9465238 , 0.9606401 ,
       0.9606401 , 0.9606401 , 0.9606401 , 0.9606401 , 0.9606401 ,
       0.9606401 , 0.97336538, 0.97336538, 0.97336538, 0.97336538,
       0.97336538, 0.97336538, 0.97336538, 0.97336538, 0.97336538,
       0.97336538, 0.97336538, 0.97336538, 0.97336538, 0.97336538,
       0.97336538, 0.97336538, 0.97336538, 0.98295503, 0.98295503,
       0.98295503, 0.98295503, 0.98295503, 0.98295503, 0.98295503,
       0.98295503, 0.98295503, 0.98295503, 0.98295503, 0.99049565,
       0.99049565, 0.99049565, 0.99049565, 0.99049565, 0.99049565,
       0.99049565, 0.99049565, 0.99049565, 0.99049565, 0.99049565,
       0.99049565, 0.99049565, 0.99049565, 0.99049565, 0.99049565,
       0.99049565, 0.99049565, 0.99049565, 0.99049565, 0.99049565,
       0.99049565, 0.99409309, 0.99409309, 0.99409309, 0.99709923,
       0.99709923, 0.99709923, 0.99709923, 0.99709923, 0.99927548,
       0.99927548, 0.99927548, 0.99927548, 0.99927548, 0.99927548,
       0.99927548, 0.99927548, 1.        , 1.        , 1.        ,
       1.        ]), array([0.        , 0.17308468, 0.24142646, 0.2753505 , 0.30885838,
       0.40860315, 0.44147065, 0.44147065, 0.44147065, 0.50508351,
       0.53649358, 0.53649358, 0.56741282, 0.59786506, 0.62779522,
       0.68717952, 0.68717952, 0.68717952, 0.71580834, 0.71580834,
       0.71580834, 0.71580834, 0.71580834, 0.76981296, 0.76981296,
       0.796243  , 0.82220655, 0.82220655, 0.82220655, 0.82220655,
       0.84670976, 0.84670976, 0.87068211, 0.87068211, 0.89367945,
       0.91654279, 0.91654279, 0.91654279, 0.91654279, 0.91654279,
       0.91654279, 0.91654279, 0.91654279, 0.91654279, 0.91654279,
       0.91654279, 0.91654279, 0.91654279, 0.91654279, 0.91654279,
       0.93427593, 0.93427593, 0.93427593, 0.93427593, 0.93427593,
       0.93427593, 0.93427593, 0.93427593, 0.93427593, 0.93427593,
       0.93427593, 0.93427593, 0.93427593, 0.94717656, 0.94717656,
       0.94717656, 0.94717656, 0.94717656, 0.94717656, 0.94717656,
       0.94717656, 0.94717656, 0.95699678, 0.96651462, 0.96651462,
       0.96651462, 0.96651462, 0.96651462, 0.96651462, 0.96651462,
       0.96651462, 0.96651462, 0.96651462, 0.97262209, 0.97262209,
       0.97262209, 0.98257277, 0.98257277, 0.99142324, 0.99142324,
       0.99142324, 0.99481426, 0.99481426, 0.99481426, 0.99481426,
       0.99675993, 0.99675993, 0.99800403, 0.99800403, 0.99915891,
       1.        ]), array([0.03397889, 0.91717485, 0.93393378, 0.96702383, 0.96702383,
       0.96702383, 0.96702383, 0.96702383, 0.96702383, 0.96702383,
       0.98240965, 0.98240965, 0.98240965, 0.99732943, 0.99732943,
       0.99732943, 0.99732943, 0.99732943, 0.99732943, 0.99732943,
       0.99732943, 0.99732943, 0.99732943, 0.99732943, 0.99732943,
       0.99732943, 0.99732943, 0.99732943, 0.99732943, 0.99732943,
       0.99732943, 0.99732943, 0.99732943, 0.99732943, 0.99732943,
       0.99732943, 0.99732943, 0.99732943, 0.99732943, 0.99732943,
       0.99732943, 0.99732943, 0.99732943, 0.99732943, 0.99732943,
       0.99732943, 0.99732943, 0.99732943, 0.99732943, 0.99732943,
       0.99732943, 0.99732943, 0.99732943, 0.99732943, 0.99732943,
       0.99732943, 0.99732943, 0.99732943, 0.99732943, 0.99732943,
       0.99732943, 0.99732943, 0.99732943, 0.99732943, 0.99732943,
       0.99732943, 0.99732943, 0.99732943, 0.99732943, 0.99732943,
       0.99732943, 0.99732943, 0.99732943, 0.99732943, 0.99732943,
       0.99732943, 0.99732943, 0.99732943, 0.99732943, 0.99732943,
       0.99732943, 0.99732943, 0.99732943, 0.99732943, 0.99732943,
       1.        , 1.        , 1.        , 1.        , 1.        ,
       1.        , 1.        , 1.        , 1.        , 1.        ,
       1.        , 1.        , 1.        , 1.        , 1.        ,
       1.        ])]","[array([0.00000000e+00, 9.53814178e-04, 9.53814178e-04, 4.52075574e-03,
       4.52075574e-03, 4.52075574e-03, 4.52075574e-03, 4.52075574e-03,
       4.52075574e-03, 4.52075574e-03, 4.52075574e-03, 4.52075574e-03,
       4.52075574e-03, 3.83607237e-02, 3.83607237e-02, 3.83607237e-02,
       3.83607237e-02, 3.83607237e-02, 3.83607237e-02, 3.83607237e-02,
       3.83607237e-02, 3.83607237e-02, 3.83607237e-02, 3.83607237e-02,
       3.83607237e-02, 3.83607237e-02, 3.83607237e-02, 3.83607237e-02,
       3.83607237e-02, 3.83607237e-02, 7.80868225e-02, 7.80868225e-02,
       7.80868225e-02, 7.80868225e-02, 7.80868225e-02, 7.80868225e-02,
       7.80868225e-02, 7.80868225e-02, 7.80868225e-02, 7.80868225e-02,
       7.80868225e-02, 7.80868225e-02, 7.80868225e-02, 7.80868225e-02,
       7.80868225e-02, 7.80868225e-02, 7.80868225e-02, 7.80868225e-02,
       7.80868225e-02, 7.80868225e-02, 7.80868225e-02, 7.80868225e-02,
       7.80868225e-02, 7.80868225e-02, 7.80868225e-02, 7.80868225e-02,
       7.80868225e-02, 7.80868225e-02, 7.80868225e-02, 1.57059812e-01,
       1.57059812e-01, 1.57059812e-01, 1.57059812e-01, 1.57059812e-01,
       1.57059812e-01, 1.57059812e-01, 1.57059812e-01, 1.57059812e-01,
       2.47087006e-01, 2.47087006e-01, 2.47087006e-01, 2.47087006e-01,
       2.47087006e-01, 2.47087006e-01, 2.47087006e-01, 2.47087006e-01,
       2.47087006e-01, 2.47087006e-01, 2.47087006e-01, 2.47087006e-01,
       3.53311746e-01, 3.53311746e-01, 3.53311746e-01, 3.53311746e-01,
       3.53311746e-01, 3.53311746e-01, 3.53311746e-01, 3.53311746e-01,
       3.53311746e-01, 3.53311746e-01, 3.53311746e-01, 3.53311746e-01,
       4.75886105e-01, 5.99614455e-01, 5.99614455e-01, 5.99614455e-01,
       5.99614455e-01, 5.99614455e-01, 5.99614455e-01, 7.32057902e-01,
       1.00000000e+00]), array([0.00000000e+00, 7.74162972e-04, 3.39470610e-03, 8.14263065e-03,
       1.44780287e-02, 1.44780287e-02, 3.43322110e-02, 3.43322110e-02,
       3.43322110e-02, 3.43322110e-02, 3.43322110e-02, 3.43322110e-02,
       3.43322110e-02, 3.43322110e-02, 3.43322110e-02, 3.43322110e-02,
       3.43322110e-02, 3.43322110e-02, 3.43322110e-02, 3.43322110e-02,
       3.43322110e-02, 3.43322110e-02, 3.43322110e-02, 3.43322110e-02,
       3.43322110e-02, 3.43322110e-02, 3.43322110e-02, 3.43322110e-02,
       3.43322110e-02, 3.43322110e-02, 3.43322110e-02, 3.43322110e-02,
       3.43322110e-02, 3.43322110e-02, 3.43322110e-02, 3.43322110e-02,
       3.43322110e-02, 3.43322110e-02, 3.43322110e-02, 3.43322110e-02,
       3.43322110e-02, 3.43322110e-02, 3.43322110e-02, 3.43322110e-02,
       3.43322110e-02, 3.43322110e-02, 3.43322110e-02, 3.43322110e-02,
       3.43322110e-02, 3.43322110e-02, 3.43322110e-02, 3.43322110e-02,
       3.43322110e-02, 3.43322110e-02, 3.43322110e-02, 3.43322110e-02,
       3.43322110e-02, 3.43322110e-02, 3.43322110e-02, 3.43322110e-02,
       3.43322110e-02, 3.43322110e-02, 3.43322110e-02, 3.43322110e-02,
       3.43322110e-02, 1.51585992e-01, 1.51585992e-01, 1.51585992e-01,
       1.51585992e-01, 1.51585992e-01, 1.51585992e-01, 1.51585992e-01,
       1.51585992e-01, 1.51585992e-01, 1.51585992e-01, 1.51585992e-01,
       1.51585992e-01, 1.51585992e-01, 1.51585992e-01, 1.51585992e-01,
       2.96511143e-01, 2.96511143e-01, 2.96511143e-01, 2.96511143e-01,
       2.96511143e-01, 2.96511143e-01, 2.96511143e-01, 2.96511143e-01,
       2.96511143e-01, 2.96511143e-01, 2.96511143e-01, 2.96511143e-01,
       2.96511143e-01, 4.65233347e-01, 4.65233347e-01, 6.38540947e-01,
       6.38540947e-01, 6.38540947e-01, 8.16847647e-01, 8.16847647e-01,
       1.00000000e+00]), array([0.00000000e+00, 2.72541758e-04, 7.15331686e-03, 7.15331686e-03,
       7.15331686e-03, 7.15331686e-03, 7.15331686e-03, 7.15331686e-03,
       7.15331686e-03, 7.15331686e-03, 7.15331686e-03, 7.15331686e-03,
       7.15331686e-03, 7.15331686e-03, 3.12581526e-02, 3.12581526e-02,
       3.12581526e-02, 6.12844131e-02, 9.17970229e-02, 9.17970229e-02,
       9.17970229e-02, 9.17970229e-02, 9.17970229e-02, 9.17970229e-02,
       1.33210417e-01, 1.33210417e-01, 1.33210417e-01, 1.33210417e-01,
       1.33210417e-01, 1.33210417e-01, 1.33210417e-01, 1.88121156e-01,
       1.88121156e-01, 1.88121156e-01, 1.88121156e-01, 1.88121156e-01,
       1.88121156e-01, 1.88121156e-01, 1.88121156e-01, 1.88121156e-01,
       1.88121156e-01, 1.88121156e-01, 1.88121156e-01, 1.88121156e-01,
       1.88121156e-01, 1.88121156e-01, 1.88121156e-01, 1.88121156e-01,
       2.73457511e-01, 2.73457511e-01, 2.73457511e-01, 2.73457511e-01,
       2.73457511e-01, 2.73457511e-01, 2.73457511e-01, 2.73457511e-01,
       2.73457511e-01, 2.73457511e-01, 2.73457511e-01, 3.78675983e-01,
       3.78675983e-01, 3.78675983e-01, 3.78675983e-01, 3.78675983e-01,
       3.78675983e-01, 3.78675983e-01, 3.78675983e-01, 3.78675983e-01,
       3.78675983e-01, 3.78675983e-01, 3.78675983e-01, 3.78675983e-01,
       3.78675983e-01, 3.78675983e-01, 3.78675983e-01, 3.78675983e-01,
       3.78675983e-01, 3.78675983e-01, 3.78675983e-01, 3.78675983e-01,
       3.78675983e-01, 5.22155968e-01, 5.22155968e-01, 5.22155968e-01,
       6.71373465e-01, 6.71373465e-01, 6.71373465e-01, 6.71373465e-01,
       6.71373465e-01, 8.28643553e-01, 8.28643553e-01, 8.28643553e-01,
       8.28643553e-01, 8.28643553e-01, 8.28643553e-01, 8.28643553e-01,
       8.28643553e-01, 1.00000000e+00, 1.00000000e+00, 1.00000000e+00,
       1.00000000e+00]), array([0.00000000e+00, 7.39183236e-04, 1.85580353e-03, 2.64128635e-03,
       3.80973728e-03, 8.03184162e-03, 9.78961013e-03, 9.78961013e-03,
       9.78961013e-03, 1.52580455e-02, 1.83570192e-02, 1.83570192e-02,
       2.19076826e-02, 2.58881012e-02, 3.03489621e-02, 3.97087614e-02,
       3.97087614e-02, 3.97087614e-02, 4.53671886e-02, 4.53671886e-02,
       4.53671886e-02, 4.53671886e-02, 4.53671886e-02, 5.96776599e-02,
       5.96776599e-02, 6.73595371e-02, 7.54706988e-02, 7.54706988e-02,
       7.54706988e-02, 7.54706988e-02, 8.49257417e-02, 8.49257417e-02,
       9.48693120e-02, 9.48693120e-02, 1.05710146e-01, 1.16674292e-01,
       1.16674292e-01, 1.16674292e-01, 1.16674292e-01, 1.16674292e-01,
       1.16674292e-01, 1.16674292e-01, 1.16674292e-01, 1.16674292e-01,
       1.16674292e-01, 1.16674292e-01, 1.16674292e-01, 1.16674292e-01,
       1.16674292e-01, 1.16674292e-01, 1.32359530e-01, 1.32359530e-01,
       1.32359530e-01, 1.32359530e-01, 1.32359530e-01, 1.32359530e-01,
       1.32359530e-01, 1.32359530e-01, 1.32359530e-01, 1.32359530e-01,
       1.32359530e-01, 1.32359530e-01, 1.32359530e-01, 1.52491911e-01,
       1.52491911e-01, 1.52491911e-01, 1.52491911e-01, 1.52491911e-01,
       1.52491911e-01, 1.52491911e-01, 1.52491911e-01, 1.52491911e-01,
       1.75459059e-01, 1.98704466e-01, 1.98704466e-01, 1.98704466e-01,
       1.98704466e-01, 1.98704466e-01, 1.98704466e-01, 1.98704466e-01,
       1.98704466e-01, 1.98704466e-01, 1.98704466e-01, 2.25088288e-01,
       2.25088288e-01, 2.25088288e-01, 2.79939637e-01, 2.79939637e-01,
       3.35803455e-01, 3.35803455e-01, 3.35803455e-01, 3.64687106e-01,
       3.64687106e-01, 3.64687106e-01, 3.64687106e-01, 3.94900844e-01,
       3.94900844e-01, 4.25760214e-01, 4.25760214e-01, 4.88705938e-01,
       1.00000000e+00]), array([0.        , 0.01317507, 0.0250775 , 0.07097254, 0.07097254,
       0.07097254, 0.07097254, 0.07097254, 0.07097254, 0.07097254,
       0.15377593, 0.15377593, 0.15377593, 0.26064338, 0.26064338,
       0.26064338, 0.26064338, 0.26064338, 0.26064338, 0.26064338,
       0.26064338, 0.26064338, 0.26064338, 0.26064338, 0.26064338,
       0.26064338, 0.26064338, 0.26064338, 0.26064338, 0.26064338,
       0.26064338, 0.26064338, 0.26064338, 0.26064338, 0.26064338,
       0.26064338, 0.26064338, 0.26064338, 0.26064338, 0.26064338,
       0.26064338, 0.26064338, 0.26064338, 0.26064338, 0.26064338,
       0.26064338, 0.26064338, 0.26064338, 0.26064338, 0.26064338,
       0.26064338, 0.26064338, 0.26064338, 0.26064338, 0.26064338,
       0.26064338, 0.26064338, 0.26064338, 0.26064338, 0.26064338,
       0.26064338, 0.26064338, 0.26064338, 0.26064338, 0.26064338,
       0.26064338, 0.26064338, 0.26064338, 0.26064338, 0.26064338,
       0.26064338, 0.26064338, 0.26064338, 0.26064338, 0.26064338,
       0.26064338, 0.26064338, 0.26064338, 0.26064338, 0.26064338,
       0.26064338, 0.26064338, 0.26064338, 0.26064338, 0.26064338,
       1.        , 1.        , 1.        , 1.        , 1.        ,
       1.        , 1.        , 1.        , 1.        , 1.        ,
       1.        , 1.        , 1.        , 1.        , 1.        ,
       1.        ])]",-0.3026119766217735,0.1942270552979812,0.2439238015448266,0.1562914418885864,"[{'lambda_reg': 0.01732182233368745, 'K_bin': 636, 'gamma': 0.16301359821582068, 'coef0': 1.0508937762262232}, {'lambda_reg': 0.0051320158154966045, 'K_bin': 867, 'gamma': 0.09308384463377775, 'coef0': -0.9229694538101265}, {'lambda_reg': 0.008806700154884778, 'K_bin': 331, 'gamma': 0.051874469246547046, 'coef0': 0.4348490707123833}, {'lambda_reg': 0.00012030916147865457, 'K_bin': 76, 'gamma': 0.15259861855233164, 'coef0': 0.09344910330447842}, {'lambda_reg': 1.6968881820183047e-05, 'K_bin': 892, 'gamma': 0.03858451126389441, 'coef0': -1.5154984168371421}]",300,1,sigmoid,47
"[np.float64(0.11348838799482407), np.float64(0.10188276284287141), np.float64(0.17356727056129134), np.float64(0.08892728159960715), np.float64(0.2610955636942992)]",0.1477922533385786,0.0636419877805897,"[np.float64(0.8236395018816299), np.float64(0.8244216848482603), np.float64(0.8467863652837893), np.float64(0.8561129872422293), np.float64(0.8089438016621147)]",0.8319808681836047,0.0170820841412272,"[np.float64(0.9761173512533416), np.float64(0.9527441847335446), np.float64(0.9714375404391911), np.float64(0.8754637880671989), np.float64(0.9735745828555173)]",0.9498674894697586,0.0381065211671812,"[array([0.03555633, 0.85311084, 0.85311084, 0.85311084, 0.87032812,
       0.87032812, 0.87032812, 0.87032812, 0.91985621, 0.91985621,
       0.91985621, 0.91985621, 0.91985621, 0.91985621, 0.91985621,
       0.91985621, 0.91985621, 0.93478439, 0.93478439, 0.96383267,
       0.96383267, 0.96383267, 0.96383267, 0.96383267, 0.96383267,
       0.97720584, 0.97720584, 0.97720584, 0.97720584, 0.97720584,
       0.97720584, 0.97720584, 0.97720584, 0.97720584, 0.97720584,
       0.97720584, 0.97720584, 0.97720584, 0.97720584, 0.97720584,
       0.97720584, 0.97720584, 0.97720584, 0.97720584, 0.97720584,
       0.98702528, 0.98702528, 0.98702528, 0.98702528, 0.98702528,
       0.98702528, 0.98702528, 0.98702528, 0.98702528, 0.98702528,
       0.98702528, 0.98702528, 0.98702528, 0.98702528, 0.98702528,
       0.98702528, 0.98702528, 0.98702528, 0.99370055, 0.99370055,
       0.99370055, 0.99370055, 0.99370055, 0.99370055, 0.99370055,
       0.99370055, 0.99370055, 0.99370055, 0.99370055, 0.99834253,
       0.99834253, 0.99834253, 0.99834253, 0.99834253, 0.99834253,
       0.99834253, 0.99834253, 0.99834253, 0.99834253, 0.99834253,
       0.99834253, 0.99834253, 0.99834253, 0.99834253, 0.99834253,
       0.99834253, 1.        , 1.        , 1.        , 1.        ,
       1.        , 1.        , 1.        , 1.        , 1.        ,
       1.        ]), array([0.        , 0.48492123, 0.54462177, 0.57410584, 0.63260777,
       0.66155625, 0.66155625, 0.66155625, 0.68960071, 0.71721996,
       0.74465984, 0.74465984, 0.74465984, 0.74465984, 0.74465984,
       0.77072618, 0.77072618, 0.77072618, 0.77072618, 0.77072618,
       0.77072618, 0.77072618, 0.77072618, 0.77072618, 0.77072618,
       0.77072618, 0.77072618, 0.79294496, 0.79294496, 0.79294496,
       0.79294496, 0.79294496, 0.79294496, 0.79294496, 0.79294496,
       0.79294496, 0.79294496, 0.79294496, 0.79294496, 0.79294496,
       0.81119061, 0.81119061, 0.81119061, 0.81119061, 0.81119061,
       0.81119061, 0.81119061, 0.81119061, 0.81119061, 0.81119061,
       0.81119061, 0.81119061, 0.85546853, 0.85546853, 0.85546853,
       0.85546853, 0.85546853, 0.85546853, 0.85546853, 0.88063556,
       0.89277832, 0.91697003, 0.91697003, 0.92826459, 0.92826459,
       0.92826459, 0.92826459, 0.92826459, 0.93813003, 0.93813003,
       0.94747229, 0.94747229, 0.94747229, 0.95571346, 0.96374074,
       0.96374074, 0.96374074, 0.96374074, 0.96374074, 0.96374074,
       0.96374074, 0.96374074, 0.96374074, 0.96918425, 0.96918425,
       0.97386512, 0.9784119 , 0.9784119 , 0.9784119 , 0.98197998,
       0.98531112, 0.98531112, 0.98784515, 0.98784515, 0.98981726,
       0.99317274, 0.99585742, 0.99702552, 0.99832996, 0.99949484,
       1.        ]), array([0.04078238, 0.81534647, 0.83544681, 0.87518577, 0.87518577,
       0.87518577, 0.87518577, 0.87518577, 0.87518577, 0.87518577,
       0.87518577, 0.87518577, 0.87518577, 0.87518577, 0.87518577,
       0.87518577, 0.87518577, 0.87518577, 0.87518577, 0.87518577,
       0.87518577, 0.87518577, 0.89109367, 0.90688091, 0.90688091,
       0.92222664, 0.92222664, 0.93727917, 0.93727917, 0.93727917,
       0.93727917, 0.93727917, 0.93727917, 0.93727917, 0.93727917,
       0.93727917, 0.93727917, 0.93727917, 0.93727917, 0.93727917,
       0.93727917, 0.93727917, 0.93727917, 0.93727917, 0.93727917,
       0.93727917, 0.93727917, 0.93727917, 0.93727917, 0.93727917,
       0.93727917, 0.93727917, 0.93727917, 0.93727917, 0.93727917,
       0.93727917, 0.93727917, 0.94617734, 0.94617734, 0.94617734,
       0.94617734, 0.94617734, 0.95393286, 0.95393286, 0.95393286,
       0.95393286, 0.95393286, 0.9606974 , 0.9606974 , 0.9606974 ,
       0.96691612, 0.96691612, 0.97263996, 0.97263996, 0.97812875,
       0.97812875, 0.98303391, 0.98303391, 0.98303391, 0.98303391,
       0.98720622, 0.98720622, 0.98720622, 0.99074465, 0.99409598,
       0.99409598, 0.99409598, 0.99409598, 0.99409598, 0.99645221,
       0.99645221, 0.99645221, 1.        , 1.        , 1.        ,
       1.        , 1.        , 1.        , 1.        , 1.        ,
       1.        ]), array([0.        , 0.10287743, 0.17053211, 0.20393497, 0.30338839,
       0.30338839, 0.33592016, 0.33592016, 0.3677777 , 0.3677777 ,
       0.39892133, 0.42974412, 0.42974412, 0.45966389, 0.48921397,
       0.48921397, 0.48921397, 0.48921397, 0.48921397, 0.48921397,
       0.48921397, 0.48921397, 0.48921397, 0.48921397, 0.48921397,
       0.48921397, 0.48921397, 0.48921397, 0.48921397, 0.51371682,
       0.53775277, 0.53775277, 0.53775277, 0.560821  , 0.560821  ,
       0.58327913, 0.58327913, 0.62677417, 0.62677417, 0.62677417,
       0.62677417, 0.647107  , 0.66709389, 0.68690664, 0.72595611,
       0.72595611, 0.72595611, 0.72595611, 0.74384845, 0.74384845,
       0.76118295, 0.76118295, 0.76118295, 0.77762158, 0.77762158,
       0.79320086, 0.80858418, 0.82354117, 0.83800315, 0.83800315,
       0.83800315, 0.83800315, 0.86430605, 0.87704829, 0.87704829,
       0.8892404 , 0.90094636, 0.91250795, 0.91250795, 0.91250795,
       0.91250795, 0.91250795, 0.92244592, 0.92244592, 0.92244592,
       0.92244592, 0.93097194, 0.93097194, 0.93865437, 0.93865437,
       0.93865437, 0.93865437, 0.93865437, 0.94456887, 0.94456887,
       0.94456887, 0.94960455, 0.95884855, 0.96727509, 0.96727509,
       0.97089557, 0.98676188, 0.98676188, 0.98927746, 0.99822583,
       1.        , 1.        , 1.        , 1.        , 1.        ,
       1.        ]), array([0.09432961, 0.82981559, 0.82981559, 0.84815553, 0.86644418,
       0.86644418, 0.86644418, 0.86644418, 0.86644418, 0.86644418,
       0.88345031, 0.88345031, 0.88345031, 0.88345031, 0.88345031,
       0.88345031, 0.88345031, 0.88345031, 0.89894206, 0.89894206,
       0.89894206, 0.91386179, 0.91386179, 0.91386179, 0.91386179,
       0.91386179, 0.91386179, 0.91386179, 0.92746886, 0.94090642,
       0.94090642, 0.94090642, 0.94090642, 0.95359556, 0.95359556,
       0.95359556, 0.95359556, 0.95359556, 0.96530102, 0.96530102,
       0.96530102, 0.96530102, 0.96530102, 0.96530102, 0.96530102,
       0.97585307, 0.97585307, 0.97585307, 0.97585307, 0.97585307,
       0.97585307, 0.97585307, 0.97585307, 0.97585307, 0.984705  ,
       0.984705  , 0.984705  , 0.984705  , 0.984705  , 0.984705  ,
       0.984705  , 0.984705  , 0.984705  , 0.984705  , 0.984705  ,
       0.984705  , 0.984705  , 0.984705  , 0.984705  , 0.984705  ,
       0.984705  , 0.984705  , 0.984705  , 0.984705  , 0.98969578,
       0.98969578, 0.98969578, 0.99421262, 0.99848719, 0.99848719,
       0.99848719, 0.99848719, 0.99848719, 0.99848719, 0.99848719,
       0.99848719, 0.99848719, 0.99848719, 0.99848719, 0.99848719,
       0.99848719, 0.99848719, 0.99848719, 0.99848719, 0.99971568,
       0.99971568, 0.99971568, 0.99971568, 0.99971568, 1.        ,
       1.        ])]","[array([0.        , 0.0036158 , 0.0036158 , 0.0036158 , 0.01202609,
       0.01202609, 0.01202609, 0.01202609, 0.06910223, 0.06910223,
       0.06910223, 0.06910223, 0.06910223, 0.06910223, 0.06910223,
       0.06910223, 0.06910223, 0.11183716, 0.11183716, 0.2094238 ,
       0.2094238 , 0.2094238 , 0.2094238 , 0.2094238 , 0.2094238 ,
       0.27547562, 0.27547562, 0.27547562, 0.27547562, 0.27547562,
       0.27547562, 0.27547562, 0.27547562, 0.27547562, 0.27547562,
       0.27547562, 0.27547562, 0.27547562, 0.27547562, 0.27547562,
       0.27547562, 0.27547562, 0.27547562, 0.27547562, 0.27547562,
       0.39481479, 0.39481479, 0.39481479, 0.39481479, 0.39481479,
       0.39481479, 0.39481479, 0.39481479, 0.39481479, 0.39481479,
       0.39481479, 0.39481479, 0.39481479, 0.39481479, 0.39481479,
       0.39481479, 0.39481479, 0.39481479, 0.56130011, 0.56130011,
       0.56130011, 0.56130011, 0.56130011, 0.56130011, 0.56130011,
       0.56130011, 0.56130011, 0.56130011, 0.56130011, 0.75827407,
       0.75827407, 0.75827407, 0.75827407, 0.75827407, 0.75827407,
       0.75827407, 0.75827407, 0.75827407, 0.75827407, 0.75827407,
       0.75827407, 0.75827407, 0.75827407, 0.75827407, 0.75827407,
       0.75827407, 1.        , 1.        , 1.        , 1.        ,
       1.        , 1.        , 1.        , 1.        , 1.        ,
       1.        ]), array([0.00000000e+00, 1.58894314e-04, 1.29558328e-03, 2.31108694e-03,
       4.91138650e-03, 6.58089135e-03, 6.58089135e-03, 6.58089135e-03,
       9.35427966e-03, 1.26468898e-02, 1.61585285e-02, 1.61585285e-02,
       1.61585285e-02, 1.61585285e-02, 1.61585285e-02, 2.13473765e-02,
       2.13473765e-02, 2.13473765e-02, 2.13473765e-02, 2.13473765e-02,
       2.13473765e-02, 2.13473765e-02, 2.13473765e-02, 2.13473765e-02,
       2.13473765e-02, 2.13473765e-02, 2.13473765e-02, 3.12344395e-02,
       3.12344395e-02, 3.12344395e-02, 3.12344395e-02, 3.12344395e-02,
       3.12344395e-02, 3.12344395e-02, 3.12344395e-02, 3.12344395e-02,
       3.12344395e-02, 3.12344395e-02, 3.12344395e-02, 3.12344395e-02,
       4.59730258e-02, 4.59730258e-02, 4.59730258e-02, 4.59730258e-02,
       4.59730258e-02, 4.59730258e-02, 4.59730258e-02, 4.59730258e-02,
       4.59730258e-02, 4.59730258e-02, 4.59730258e-02, 4.59730258e-02,
       1.02960181e-01, 1.02960181e-01, 1.02960181e-01, 1.02960181e-01,
       1.02960181e-01, 1.02960181e-01, 1.02960181e-01, 1.46265277e-01,
       1.68456035e-01, 2.12952080e-01, 2.12952080e-01, 2.36178549e-01,
       2.36178549e-01, 2.36178549e-01, 2.36178549e-01, 2.36178549e-01,
       2.61150114e-01, 2.61150114e-01, 2.86760518e-01, 2.86760518e-01,
       2.86760518e-01, 3.13715444e-01, 3.40931544e-01, 3.40931544e-01,
       3.40931544e-01, 3.40931544e-01, 3.40931544e-01, 3.40931544e-01,
       3.40931544e-01, 3.40931544e-01, 3.40931544e-01, 3.71302662e-01,
       3.71302662e-01, 4.02605024e-01, 4.34071131e-01, 4.34071131e-01,
       4.34071131e-01, 4.66732304e-01, 4.99682816e-01, 4.99682816e-01,
       5.33606654e-01, 5.33606654e-01, 5.68216645e-01, 6.38155543e-01,
       7.08913541e-01, 7.44505308e-01, 8.16948699e-01, 8.89562498e-01,
       1.00000000e+00]), array([0.        , 0.00134752, 0.00264901, 0.00731813, 0.00731813,
       0.00731813, 0.00731813, 0.00731813, 0.00731813, 0.00731813,
       0.00731813, 0.00731813, 0.00731813, 0.00731813, 0.00731813,
       0.00731813, 0.00731813, 0.00731813, 0.00731813, 0.00731813,
       0.00731813, 0.00731813, 0.02738019, 0.04798214, 0.04798214,
       0.0705598 , 0.0705598 , 0.09444946, 0.09444946, 0.09444946,
       0.09444946, 0.09444946, 0.09444946, 0.09444946, 0.09444946,
       0.09444946, 0.09444946, 0.09444946, 0.09444946, 0.09444946,
       0.09444946, 0.09444946, 0.09444946, 0.09444946, 0.09444946,
       0.09444946, 0.09444946, 0.09444946, 0.09444946, 0.09444946,
       0.09444946, 0.09444946, 0.09444946, 0.09444946, 0.09444946,
       0.09444946, 0.09444946, 0.14587895, 0.14587895, 0.14587895,
       0.14587895, 0.14587895, 0.20242163, 0.20242163, 0.20242163,
       0.20242163, 0.20242163, 0.26339878, 0.26339878, 0.26339878,
       0.32681843, 0.32681843, 0.39245252, 0.39245252, 0.45913846,
       0.45913846, 0.52843607, 0.52843607, 0.52843607, 0.52843607,
       0.60101303, 0.60101303, 0.60101303, 0.67642655, 0.75267729,
       0.75267729, 0.75267729, 0.75267729, 0.75267729, 0.83338097,
       0.83338097, 0.83338097, 1.        , 1.        , 1.        ,
       1.        , 1.        , 1.        , 1.        , 1.        ,
       1.        ]), array([0.00000000e+00, 2.98435840e-05, 9.28863392e-04, 1.77951379e-03,
       5.04511231e-03, 5.04511231e-03, 6.71895555e-03, 6.71895555e-03,
       9.02996534e-03, 9.02996534e-03, 1.20156323e-02, 1.53045020e-02,
       1.53045020e-02, 1.94467365e-02, 2.39383319e-02, 2.39383319e-02,
       2.39383319e-02, 2.39383319e-02, 2.39383319e-02, 2.39383319e-02,
       2.39383319e-02, 2.39383319e-02, 2.39383319e-02, 2.39383319e-02,
       2.39383319e-02, 2.39383319e-02, 2.39383319e-02, 2.39383319e-02,
       2.39383319e-02, 3.31996677e-02, 4.29022202e-02, 4.29022202e-02,
       4.29022202e-02, 5.35192853e-02, 5.35192853e-02, 6.47129186e-02,
       6.47129186e-02, 8.84432424e-02, 8.84432424e-02, 8.84432424e-02,
       8.84432424e-02, 1.01645321e-01, 1.15174310e-01, 1.28867877e-01,
       1.56799349e-01, 1.56799349e-01, 1.56799349e-01, 1.56799349e-01,
       1.72307734e-01, 1.72307734e-01, 1.88343288e-01, 1.88343288e-01,
       1.88343288e-01, 2.05225447e-01, 2.05225447e-01, 2.22919722e-01,
       2.40799172e-01, 2.59081517e-01, 2.77831650e-01, 2.77831650e-01,
       2.77831650e-01, 2.77831650e-01, 3.17808875e-01, 3.38184194e-01,
       3.38184194e-01, 3.59079400e-01, 3.80434033e-01, 4.01925087e-01,
       4.01925087e-01, 4.01925087e-01, 4.01925087e-01, 4.01925087e-01,
       4.24950501e-01, 4.24950501e-01, 4.24950501e-01, 4.24950501e-01,
       4.49310232e-01, 4.49310232e-01, 4.74467170e-01, 4.74467170e-01,
       4.74467170e-01, 4.74467170e-01, 4.74467170e-01, 5.01294831e-01,
       5.01294831e-01, 5.01294831e-01, 5.28953003e-01, 5.85051206e-01,
       6.41921922e-01, 6.41921922e-01, 6.70917479e-01, 8.18008402e-01,
       8.18008402e-01, 8.48048113e-01, 9.69259641e-01, 1.00000000e+00,
       1.00000000e+00, 1.00000000e+00, 1.00000000e+00, 1.00000000e+00,
       1.00000000e+00]), array([0.        , 0.00215976, 0.00215976, 0.00614585, 0.01052059,
       0.01052059, 0.01052059, 0.01052059, 0.01052059, 0.01052059,
       0.0246147 , 0.0246147 , 0.0246147 , 0.0246147 , 0.0246147 ,
       0.0246147 , 0.0246147 , 0.0246147 , 0.05018529, 0.05018529,
       0.05018529, 0.08009081, 0.08009081, 0.08009081, 0.08009081,
       0.08009081, 0.08009081, 0.08009081, 0.11994406, 0.1610819 ,
       0.1610819 , 0.1610819 , 0.1610819 , 0.20789157, 0.20789157,
       0.20789157, 0.20789157, 0.20789157, 0.26215587, 0.26215587,
       0.26215587, 0.26215587, 0.26215587, 0.26215587, 0.26215587,
       0.32516102, 0.32516102, 0.32516102, 0.32516102, 0.32516102,
       0.32516102, 0.32516102, 0.32516102, 0.32516102, 0.4010503 ,
       0.4010503 , 0.4010503 , 0.4010503 , 0.4010503 , 0.4010503 ,
       0.4010503 , 0.4010503 , 0.4010503 , 0.4010503 , 0.4010503 ,
       0.4010503 , 0.4010503 , 0.4010503 , 0.4010503 , 0.4010503 ,
       0.4010503 , 0.4010503 , 0.4010503 , 0.4010503 , 0.50620062,
       0.50620062, 0.50620062, 0.61494256, 0.72552055, 0.72552055,
       0.72552055, 0.72552055, 0.72552055, 0.72552055, 0.72552055,
       0.72552055, 0.72552055, 0.72552055, 0.72552055, 0.72552055,
       0.72552055, 0.72552055, 0.72552055, 0.72552055, 0.85918261,
       0.85918261, 0.85918261, 0.85918261, 0.85918261, 1.        ,
       1.        ])]",-0.2808204773080127,0.1522411446948203,0.1695193061284089,0.1084099932496494,"[{'lambda_reg': 0.00016779802639639118, 'K_bin': 563, 'gamma': 0.0017324701415469294}, {'lambda_reg': 0.00014374537044997652, 'K_bin': 200, 'gamma': 0.003346834250638543}, {'lambda_reg': 3.2837960212447685e-05, 'K_bin': 493, 'gamma': 0.0030827773423417635}, {'lambda_reg': 0.07473684682971098, 'K_bin': 138, 'gamma': 0.10757897300570388}, {'lambda_reg': 4.5693230173974374e-05, 'K_bin': 637, 'gamma': 0.0052447613239749915}]",300,2,exponential,52
"[np.float64(0.046061450484608024), np.float64(0.06640712541212743), np.float64(0.054767962074196076), np.float64(0.08155256688482769), np.float64(0.12362027995255395)]",0.0744818769616626,0.0272988571130714,"[np.float64(0.809146112596055), np.float64(0.7987507935240782), np.float64(0.8005445938000775), np.float64(0.7958252900076933), np.float64(0.7800054598692039)]",0.7968544499594217,0.0095209861686618,"[np.float64(0.9866542382035732), np.float64(0.9464250564610982), np.float64(0.9790425917145296), np.float64(0.9829593940139207), np.float64(0.9918035263666094)]",0.9773769613519464,0.0160384035315637,"[array([0.17913405, 0.93824571, 0.93824571, 0.94655024, 0.95478695,
       0.95478695, 0.95478695, 0.95478695, 0.95478695, 0.95478695,
       0.96248133, 0.96248133, 0.96248133, 0.96248133, 0.96985984,
       0.96985984, 0.96985984, 0.96985984, 0.96985984, 0.97677494,
       0.97677494, 0.97677494, 0.97677494, 0.98334792, 0.98334792,
       0.98334792, 0.98334792, 0.98334792, 0.98334792, 0.98334792,
       0.98334792, 0.98334792, 0.98334792, 0.98334792, 0.98334792,
       0.98334792, 0.98334792, 0.98873992, 0.98873992, 0.98873992,
       0.98873992, 0.98873992, 0.99371161, 0.99371161, 0.99371161,
       0.99371161, 0.99371161, 0.99371161, 0.99371161, 0.99371161,
       0.99803539, 0.99803539, 0.99803539, 0.99803539, 0.99803539,
       0.99803539, 0.99803539, 0.99803539, 0.99803539, 0.99803539,
       0.99803539, 0.99803539, 0.99803539, 0.99803539, 0.99803539,
       0.99803539, 0.99803539, 0.99803539, 0.99803539, 0.99803539,
       0.99803539, 0.99803539, 0.99803539, 0.99803539, 0.99803539,
       0.99803539, 0.99803539, 1.        , 1.        , 1.        ,
       1.        , 1.        , 1.        , 1.        , 1.        ,
       1.        , 1.        , 1.        , 1.        , 1.        ,
       1.        , 1.        , 1.        , 1.        , 1.        ,
       1.        , 1.        , 1.        , 1.        , 1.        ,
       1.        ]), array([0.        , 0.52868248, 0.58178958, 0.58178958, 0.60264532,
       0.62320556, 0.6539006 , 0.67408328, 0.67408328, 0.67408328,
       0.68388128, 0.70312036, 0.71272555, 0.72222528, 0.74091992,
       0.75015202, 0.75930297, 0.79539597, 0.81324472, 0.82202206,
       0.83075738, 0.83075738, 0.83075738, 0.83908127, 0.84731551,
       0.8554526 , 0.86353423, 0.87148369, 0.88712842, 0.88712842,
       0.90236452, 0.90988658, 0.91731658, 0.92458329, 0.93179104,
       0.93179104, 0.93877969, 0.93877969, 0.93877969, 0.93877969,
       0.94533184, 0.94533184, 0.95163731, 0.95785542, 0.95785542,
       0.95785542, 0.95785542, 0.95785542, 0.95785542, 0.96338028,
       0.96338028, 0.96338028, 0.96338028, 0.96338028, 0.96338028,
       0.96338028, 0.96338028, 0.96338028, 0.96799093, 0.96799093,
       0.97233364, 0.97665177, 0.97665177, 0.97665177, 0.97665177,
       0.98049082, 0.98049082, 0.98049082, 0.98049082, 0.98049082,
       0.9871276 , 0.9871276 , 0.9871276 , 0.9871276 , 0.99001412,
       0.99001412, 0.99001412, 0.99001412, 0.99001412, 0.99001412,
       0.99001412, 0.99001412, 0.99197546, 0.99197546, 0.99197546,
       0.99197546, 0.99506937, 0.99506937, 0.99506937, 0.99506937,
       0.99620754, 0.99620754, 0.99708291, 0.99708291, 0.99782239,
       0.99839322, 0.9989296 , 0.99928271, 0.99980796, 0.99980796,
       1.        ]), array([0.        , 0.89739821, 0.89739821, 0.90608023, 0.90608023,
       0.90608023, 0.91448648, 0.91448648, 0.91448648, 0.93075618,
       0.93881849, 0.93881849, 0.93881849, 0.93881849, 0.94651093,
       0.94651093, 0.94651093, 0.94651093, 0.94651093, 0.94651093,
       0.94651093, 0.94651093, 0.95345108, 0.95345108, 0.95345108,
       0.95345108, 0.95345108, 0.95345108, 0.95345108, 0.95345108,
       0.95345108, 0.95345108, 0.95345108, 0.95345108, 0.95345108,
       0.95345108, 0.95345108, 0.95345108, 0.95903634, 0.95903634,
       0.95903634, 0.95903634, 0.96419588, 0.96927097, 0.96927097,
       0.96927097, 0.96927097, 0.96927097, 0.97396091, 0.97396091,
       0.97396091, 0.98272514, 0.98272514, 0.98272514, 0.98272514,
       0.98272514, 0.98272514, 0.98272514, 0.98649737, 0.98649737,
       0.98649737, 0.98649737, 0.9899548 , 0.9899548 , 0.9899548 ,
       0.9899548 , 0.9899548 , 0.9899548 , 0.9928513 , 0.9928513 ,
       0.9928513 , 0.99548512, 0.99548512, 0.99548512, 0.99788306,
       0.99788306, 0.99788306, 1.        , 1.        , 1.        ,
       1.        , 1.        , 1.        , 1.        , 1.        ,
       1.        , 1.        , 1.        , 1.        , 1.        ,
       1.        , 1.        , 1.        , 1.        , 1.        ,
       1.        , 1.        , 1.        , 1.        , 1.        ,
       1.        ]), array([0.01869541, 0.88802006, 0.88802006, 0.89709582, 0.89709582,
       0.89709582, 0.89709582, 0.90580465, 0.90580465, 0.91433001,
       0.92274312, 0.92274312, 0.92274312, 0.93094107, 0.93094107,
       0.93094107, 0.93094107, 0.93874309, 0.93874309, 0.93874309,
       0.93874309, 0.93874309, 0.93874309, 0.93874309, 0.93874309,
       0.93874309, 0.93874309, 0.93874309, 0.93874309, 0.93874309,
       0.93874309, 0.95173956, 0.95173956, 0.9580164 , 0.9580164 ,
       0.9580164 , 0.9580164 , 0.9580164 , 0.9580164 , 0.96377824,
       0.96377824, 0.96377824, 0.96377824, 0.96377824, 0.96377824,
       0.96377824, 0.96377824, 0.96377824, 0.96377824, 0.96377824,
       0.96377824, 0.96377824, 0.96377824, 0.96823761, 0.97257199,
       0.97257199, 0.97257199, 0.97257199, 0.97655101, 0.97655101,
       0.98030489, 0.98030489, 0.98030489, 0.98030489, 0.98370406,
       0.98706468, 0.98706468, 0.98706468, 0.98706468, 0.98706468,
       0.98994574, 0.99268153, 0.99268153, 0.99268153, 0.99268153,
       0.99268153, 0.99268153, 0.99268153, 0.99268153, 0.99268153,
       0.99456993, 0.99456993, 0.99456993, 0.99456993, 0.99615367,
       0.99615367, 0.99615367, 0.99615367, 0.99615367, 0.99615367,
       0.99809456, 0.99900756, 0.99900756, 0.99900756, 0.99961511,
       0.99961511, 1.        , 1.        , 1.        , 1.        ,
       1.        ]), array([0.01785687, 0.92843013, 0.92843013, 0.94585448, 0.94585448,
       0.94585448, 0.95424758, 0.95424758, 0.95424758, 0.96239836,
       0.96239836, 0.96239836, 0.96239836, 0.97019412, 0.97019412,
       0.97019412, 0.97019412, 0.97019412, 0.97019412, 0.97747849,
       0.97747849, 0.97747849, 0.97747849, 0.97747849, 0.97747849,
       0.97747849, 0.97747849, 0.97747849, 0.97747849, 0.97747849,
       0.97747849, 0.97747849, 0.97747849, 0.97747849, 0.97747849,
       0.97747849, 0.9832164 , 0.9832164 , 0.9832164 , 0.9832164 ,
       0.9832164 , 0.9832164 , 0.9832164 , 0.9832164 , 0.9832164 ,
       0.9832164 , 0.9832164 , 0.9832164 , 0.9832164 , 0.9832164 ,
       0.9832164 , 0.9832164 , 0.9832164 , 0.9832164 , 0.9832164 ,
       0.9832164 , 0.9832164 , 0.9832164 , 0.9832164 , 0.9832164 ,
       0.98682498, 0.98682498, 0.98682498, 0.99354342, 0.99354342,
       0.99354342, 0.99354342, 0.99354342, 0.99354342, 0.99354342,
       0.99627622, 0.99627622, 0.99627622, 0.99627622, 0.99627622,
       0.99627622, 0.99627622, 0.99627622, 0.99627622, 0.99627622,
       0.99627622, 0.99627622, 0.99627622, 0.99627622, 0.99627622,
       0.99627622, 0.99627622, 0.99627622, 0.99627622, 0.99627622,
       0.9972166 , 0.99802962, 0.99877898, 0.9994838 , 0.9994838 ,
       1.        , 1.        , 1.        , 1.        , 1.        ,
       1.        ])]","[array([0.        , 0.00319527, 0.00319527, 0.01274803, 0.02517152,
       0.02517152, 0.02517152, 0.02517152, 0.02517152, 0.02517152,
       0.06055268, 0.06055268, 0.06055268, 0.06055268, 0.10930476,
       0.10930476, 0.10930476, 0.10930476, 0.10930476, 0.17767394,
       0.17767394, 0.17767394, 0.17767394, 0.26052554, 0.26052554,
       0.26052554, 0.26052554, 0.26052554, 0.26052554, 0.26052554,
       0.26052554, 0.26052554, 0.26052554, 0.26052554, 0.26052554,
       0.26052554, 0.26052554, 0.39336982, 0.39336982, 0.39336982,
       0.39336982, 0.39336982, 0.54400631, 0.54400631, 0.54400631,
       0.54400631, 0.54400631, 0.54400631, 0.54400631, 0.54400631,
       0.72206939, 0.72206939, 0.72206939, 0.72206939, 0.72206939,
       0.72206939, 0.72206939, 0.72206939, 0.72206939, 0.72206939,
       0.72206939, 0.72206939, 0.72206939, 0.72206939, 0.72206939,
       0.72206939, 0.72206939, 0.72206939, 0.72206939, 0.72206939,
       0.72206939, 0.72206939, 0.72206939, 0.72206939, 0.72206939,
       0.72206939, 0.72206939, 1.        , 1.        , 1.        ,
       1.        , 1.        , 1.        , 1.        , 1.        ,
       1.        , 1.        , 1.        , 1.        , 1.        ,
       1.        , 1.        , 1.        , 1.        , 1.        ,
       1.        , 1.        , 1.        , 1.        , 1.        ,
       1.        ]), array([0.        , 0.00116424, 0.00412529, 0.00412529, 0.00661932,
       0.01011314, 0.0158455 , 0.02061667, 0.02061667, 0.02061667,
       0.02399469, 0.0319583 , 0.03598866, 0.04037578, 0.05018134,
       0.05547393, 0.06104108, 0.08503782, 0.09770523, 0.10453639,
       0.1115097 , 0.1115097 , 0.1115097 , 0.119875  , 0.12854358,
       0.13754085, 0.14672575, 0.15635781, 0.17648194, 0.17648194,
       0.19798855, 0.20906662, 0.22045613, 0.23239811, 0.24453953,
       0.24453953, 0.25742225, 0.25742225, 0.25742225, 0.25742225,
       0.27178172, 0.27178172, 0.28697579, 0.30246544, 0.30246544,
       0.30246544, 0.30246544, 0.30246544, 0.30246544, 0.32030046,
       0.32030046, 0.32030046, 0.32030046, 0.32030046, 0.32030046,
       0.32030046, 0.32030046, 0.32030046, 0.3412285 , 0.3412285 ,
       0.36306305, 0.38498076, 0.38498076, 0.38498076, 0.38498076,
       0.40851926, 0.40851926, 0.40851926, 0.40851926, 0.40851926,
       0.45911938, 0.45911938, 0.45911938, 0.45911938, 0.48588054,
       0.48588054, 0.48588054, 0.48588054, 0.48588054, 0.48588054,
       0.48588054, 0.48588054, 0.51577182, 0.51577182, 0.51577182,
       0.51577182, 0.57835825, 0.57835825, 0.57835825, 0.57835825,
       0.61103452, 0.61103452, 0.64459985, 0.64459985, 0.67862495,
       0.71322064, 0.74793288, 0.78326517, 0.85454199, 0.85454199,
       1.        ]), array([0.00000000e+00, 5.33879014e-05, 5.33879014e-05, 3.12119924e-03,
       3.12119924e-03, 3.12119924e-03, 1.03534296e-02, 1.03534296e-02,
       1.03534296e-02, 3.30147678e-02, 4.54408430e-02, 4.54408430e-02,
       4.54408430e-02, 4.54408430e-02, 6.34524204e-02, 6.34524204e-02,
       6.34524204e-02, 6.34524204e-02, 6.34524204e-02, 6.34524204e-02,
       6.34524204e-02, 6.34524204e-02, 9.28244123e-02, 9.28244123e-02,
       9.28244123e-02, 9.28244123e-02, 9.28244123e-02, 9.28244123e-02,
       9.28244123e-02, 9.28244123e-02, 9.28244123e-02, 9.28244123e-02,
       9.28244123e-02, 9.28244123e-02, 9.28244123e-02, 9.28244123e-02,
       9.28244123e-02, 9.28244123e-02, 1.42657098e-01, 1.42657098e-01,
       1.42657098e-01, 1.42657098e-01, 1.98918523e-01, 2.56455222e-01,
       2.56455222e-01, 2.56455222e-01, 2.56455222e-01, 2.56455222e-01,
       3.19808111e-01, 3.19808111e-01, 3.19808111e-01, 4.55811031e-01,
       4.55811031e-01, 4.55811031e-01, 4.55811031e-01, 4.55811031e-01,
       4.55811031e-01, 4.55811031e-01, 5.33022535e-01, 5.33022535e-01,
       5.33022535e-01, 5.33022535e-01, 6.14987859e-01, 6.14987859e-01,
       6.14987859e-01, 6.14987859e-01, 6.14987859e-01, 6.14987859e-01,
       7.05423986e-01, 7.05423986e-01, 7.05423986e-01, 7.99826791e-01,
       7.99826791e-01, 7.99826791e-01, 8.97791715e-01, 8.97791715e-01,
       8.97791715e-01, 1.00000000e+00, 1.00000000e+00, 1.00000000e+00,
       1.00000000e+00, 1.00000000e+00, 1.00000000e+00, 1.00000000e+00,
       1.00000000e+00, 1.00000000e+00, 1.00000000e+00, 1.00000000e+00,
       1.00000000e+00, 1.00000000e+00, 1.00000000e+00, 1.00000000e+00,
       1.00000000e+00, 1.00000000e+00, 1.00000000e+00, 1.00000000e+00,
       1.00000000e+00, 1.00000000e+00, 1.00000000e+00, 1.00000000e+00,
       1.00000000e+00]), array([0.00000000e+00, 9.78981694e-05, 9.78981694e-05, 2.33193448e-03,
       2.33193448e-03, 2.33193448e-03, 2.33193448e-03, 7.58049315e-03,
       7.58049315e-03, 1.43362538e-02, 2.20142509e-02, 2.20142509e-02,
       2.20142509e-02, 3.14597929e-02, 3.14597929e-02, 3.14597929e-02,
       3.14597929e-02, 4.41579533e-02, 4.41579533e-02, 4.41579533e-02,
       4.41579533e-02, 4.41579533e-02, 4.41579533e-02, 4.41579533e-02,
       4.41579533e-02, 4.41579533e-02, 4.41579533e-02, 4.41579533e-02,
       4.41579533e-02, 4.41579533e-02, 4.41579533e-02, 9.09762897e-02,
       9.09762897e-02, 1.16204302e-01, 1.16204302e-01, 1.16204302e-01,
       1.16204302e-01, 1.16204302e-01, 1.16204302e-01, 1.45663121e-01,
       1.45663121e-01, 1.45663121e-01, 1.45663121e-01, 1.45663121e-01,
       1.45663121e-01, 1.45663121e-01, 1.45663121e-01, 1.45663121e-01,
       1.45663121e-01, 1.45663121e-01, 1.45663121e-01, 1.45663121e-01,
       1.45663121e-01, 1.85822104e-01, 2.27007876e-01, 2.27007876e-01,
       2.27007876e-01, 2.27007876e-01, 2.71113022e-01, 2.71113022e-01,
       3.17067803e-01, 3.17067803e-01, 3.17067803e-01, 3.17067803e-01,
       3.65936618e-01, 4.15122111e-01, 4.15122111e-01, 4.15122111e-01,
       4.15122111e-01, 4.15122111e-01, 4.68247357e-01, 5.22565956e-01,
       5.22565956e-01, 5.22565956e-01, 5.22565956e-01, 5.22565956e-01,
       5.22565956e-01, 5.22565956e-01, 5.22565956e-01, 5.22565956e-01,
       5.83846118e-01, 5.83846118e-01, 5.83846118e-01, 5.83846118e-01,
       6.47629174e-01, 6.47629174e-01, 6.47629174e-01, 6.47629174e-01,
       6.47629174e-01, 6.47629174e-01, 7.85272074e-01, 8.54565426e-01,
       8.54565426e-01, 8.54565426e-01, 9.26368102e-01, 9.26368102e-01,
       1.00000000e+00, 1.00000000e+00, 1.00000000e+00, 1.00000000e+00,
       1.00000000e+00]), array([0.        , 0.00177801, 0.00177801, 0.00783469, 0.00783469,
       0.00783469, 0.01533119, 0.01533119, 0.01533119, 0.02622073,
       0.02622073, 0.02622073, 0.02622073, 0.04208196, 0.04208196,
       0.04208196, 0.04208196, 0.04208196, 0.04208196, 0.06510406,
       0.06510406, 0.06510406, 0.06510406, 0.06510406, 0.06510406,
       0.06510406, 0.06510406, 0.06510406, 0.06510406, 0.06510406,
       0.06510406, 0.06510406, 0.06510406, 0.06510406, 0.06510406,
       0.06510406, 0.10978178, 0.10978178, 0.10978178, 0.10978178,
       0.10978178, 0.10978178, 0.10978178, 0.10978178, 0.10978178,
       0.10978178, 0.10978178, 0.10978178, 0.10978178, 0.10978178,
       0.10978178, 0.10978178, 0.10978178, 0.10978178, 0.10978178,
       0.10978178, 0.10978178, 0.10978178, 0.10978178, 0.10978178,
       0.18427702, 0.18427702, 0.18427702, 0.340251  , 0.340251  ,
       0.340251  , 0.340251  , 0.340251  , 0.340251  , 0.340251  ,
       0.42700998, 0.42700998, 0.42700998, 0.42700998, 0.42700998,
       0.42700998, 0.42700998, 0.42700998, 0.42700998, 0.42700998,
       0.42700998, 0.42700998, 0.42700998, 0.42700998, 0.42700998,
       0.42700998, 0.42700998, 0.42700998, 0.42700998, 0.42700998,
       0.53886863, 0.65251068, 0.76704419, 0.88220142, 0.88220142,
       1.        , 1.        , 1.        , 1.        , 1.        ,
       1.        ])]",-0.1121798370145761,0.0780759090990462,0.0616242989704604,0.0297660608291386,"[{'lambda_reg': 7.681677799091742e-05, 'K_bin': 854, 'gamma': 0.008606080581903422}, {'lambda_reg': 3.755724766306121e-05, 'K_bin': 8, 'gamma': 0.01721912776328518}, {'lambda_reg': 0.00038647160103831996, 'K_bin': 600, 'gamma': 0.01539822690643794}, {'lambda_reg': 0.0004099429532920209, 'K_bin': 466, 'gamma': 0.004258179294744432}, {'lambda_reg': 0.00214810561896119, 'K_bin': 532, 'gamma': 0.011277869594901072}]",600,3,exponential,80
"[np.float64(0.04886583946276489), np.float64(0.059075753939157066), np.float64(0.0664145086462862), np.float64(0.08372196194072261), np.float64(0.09412500204170265)]",0.0704406132061266,0.0164206266925885,"[np.float64(0.8017406467394469), np.float64(0.7983392508331446), np.float64(0.8051674248134751), np.float64(0.7869409245285426), np.float64(0.7956910431878308)]",0.7975758580204879,0.0062002331789034,"[np.float64(0.9675405569188733), np.float64(0.9888704872617113), np.float64(0.988375544162361), np.float64(0.9780148480682826), np.float64(0.9408717290888338)]",0.9727346331000124,0.0177488458097991,"[array([0.        , 0.59867072, 0.66073268, 0.69155169, 0.71178195,
       0.74189414, 0.7617939 , 0.79125831, 0.79125831, 0.81050379,
       0.81050379, 0.81992189, 0.82919735, 0.82919735, 0.8474325 ,
       0.8474325 , 0.8474325 , 0.85618815, 0.86490082, 0.86490082,
       0.87338391, 0.88169896, 0.89824071, 0.89824071, 0.90628331,
       0.90628331, 0.91413445, 0.92183717, 0.92949219, 0.93697622,
       0.93697622, 0.95162573, 0.95162573, 0.95162573, 0.95162573,
       0.95162573, 0.95162573, 0.95162573, 0.95820844, 0.9646284 ,
       0.9646284 , 0.9646284 , 0.9646284 , 0.9646284 , 0.9646284 ,
       0.9646284 , 0.9646284 , 0.9702311 , 0.9702311 , 0.9702311 ,
       0.9702311 , 0.9702311 , 0.9702311 , 0.9702311 , 0.9702311 ,
       0.9702311 , 0.9702311 , 0.9702311 , 0.9702311 , 0.9702311 ,
       0.9702311 , 0.97438452, 0.97438452, 0.97438452, 0.97438452,
       0.97438452, 0.97438452, 0.97438452, 0.97438452, 0.97766545,
       0.97766545, 0.97766545, 0.97766545, 0.97766545, 0.9804938 ,
       0.98318595, 0.98318595, 0.98318595, 0.98786432, 0.99476651,
       0.99476651, 0.99476651, 0.99476651, 0.99665073, 0.99665073,
       0.99665073, 0.99665073, 0.99665073, 0.99665073, 0.99665073,
       0.99665073, 0.99665073, 0.99665073, 0.99741871, 0.99741871,
       0.99858009, 0.99907832, 0.99907832, 0.99961566, 0.99981098,
       1.        ]), array([0.0256421 , 0.92290221, 0.93981563, 0.93981563, 0.93981563,
       0.94797312, 0.95609166, 0.96409751, 0.97199703, 0.97199703,
       0.97977247, 0.97977247, 0.9873455 , 0.9873455 , 0.9873455 ,
       0.99465027, 0.99465027, 0.99465027, 0.99465027, 0.99465027,
       0.99465027, 0.99465027, 0.99465027, 0.99465027, 0.99465027,
       0.99465027, 0.99465027, 0.99465027, 0.99465027, 0.99465027,
       0.99465027, 0.99465027, 0.99465027, 0.99465027, 0.99465027,
       0.99465027, 0.99465027, 0.99465027, 0.99465027, 0.99465027,
       0.99465027, 0.99465027, 0.99465027, 0.99465027, 0.99465027,
       0.99465027, 0.99465027, 0.99465027, 0.99465027, 0.99465027,
       0.99465027, 0.99465027, 0.99465027, 0.99465027, 0.99465027,
       0.99465027, 0.99465027, 0.99465027, 0.99465027, 0.99818886,
       0.99818886, 0.99818886, 0.99818886, 0.99818886, 0.99818886,
       0.99818886, 0.99818886, 0.99818886, 0.99818886, 0.99818886,
       0.99818886, 0.99818886, 0.99818886, 0.99818886, 0.99818886,
       0.99818886, 0.99818886, 0.99818886, 0.99818886, 0.99818886,
       0.99818886, 0.99818886, 0.99818886, 0.99818886, 0.99818886,
       0.99818886, 0.99818886, 0.99818886, 0.99921871, 0.99921871,
       0.99921871, 1.        , 1.        , 1.        , 1.        ,
       1.        , 1.        , 1.        , 1.        , 1.        ,
       1.        ]), array([0.        , 0.85161197, 0.86126749, 0.86126749, 0.88967001,
       0.89902396, 0.89902396, 0.89902396, 0.90804946, 0.9170007 ,
       0.9170007 , 0.9170007 , 0.92564166, 0.92564166, 0.92564166,
       0.92564166, 0.92564166, 0.92564166, 0.93372102, 0.93372102,
       0.94159506, 0.94159506, 0.94159506, 0.9491998 , 0.95669728,
       0.97144354, 0.97144354, 0.97865596, 0.97865596, 0.97865596,
       0.97865596, 0.97865596, 0.97865596, 0.97865596, 0.97865596,
       0.97865596, 0.97865596, 0.97865596, 0.97865596, 0.97865596,
       0.97865596, 0.97865596, 0.97865596, 0.97865596, 0.97865596,
       0.98412536, 0.98412536, 0.98412536, 0.98412536, 0.98412536,
       0.98412536, 0.98412536, 0.98412536, 0.98412536, 0.98412536,
       0.98412536, 0.98412536, 0.98412536, 0.98412536, 0.98412536,
       0.98412536, 0.98412536, 0.987921  , 0.99159004, 0.99159004,
       0.99159004, 0.99159004, 0.99159004, 0.99159004, 0.99159004,
       0.99159004, 0.99159004, 0.99159004, 0.99159004, 0.99159004,
       0.99159004, 0.99159004, 0.99159004, 0.99159004, 0.99159004,
       0.99159004, 0.99159004, 0.99159004, 0.99328268, 0.99328268,
       0.99328268, 0.99474805, 0.99474805, 0.99593306, 0.99593306,
       0.99593306, 0.99593306, 0.99593306, 0.99593306, 0.99775354,
       0.99825114, 0.99912496, 0.99946149, 0.99946149, 0.99983009,
       1.        ]), array([0.        , 0.85205188, 0.87849548, 0.87849548, 0.88712899,
       0.9042756 , 0.9042756 , 0.9042756 , 0.9042756 , 0.9042756 ,
       0.9042756 , 0.9042756 , 0.9042756 , 0.91209241, 0.91209241,
       0.92736204, 0.93491664, 0.93491664, 0.9423136 , 0.94966577,
       0.94966577, 0.94966577, 0.94966577, 0.94966577, 0.94966577,
       0.94966577, 0.94966577, 0.94966577, 0.95616281, 0.95616281,
       0.95616281, 0.95616281, 0.95616281, 0.95616281, 0.95616281,
       0.96203434, 0.96203434, 0.96203434, 0.96761171, 0.97313871,
       0.97313871, 0.97313871, 0.97313871, 0.97313871, 0.97313871,
       0.97814612, 0.97814612, 0.97814612, 0.98283908, 0.98283908,
       0.98283908, 0.98725718, 0.98725718, 0.98725718, 0.98725718,
       0.98725718, 0.99127712, 0.99127712, 0.99127712, 0.99127712,
       0.99127712, 0.99127712, 0.99127712, 0.99127712, 0.99127712,
       0.99445261, 0.99445261, 0.99445261, 0.99445261, 0.99445261,
       0.99445261, 0.99445261, 0.99445261, 0.99445261, 0.99445261,
       0.99445261, 0.99445261, 0.99445261, 0.99445261, 0.99445261,
       0.99445261, 0.99445261, 0.99610029, 0.99610029, 0.99756342,
       0.99756342, 0.99887159, 0.99887159, 1.        , 1.        ,
       1.        , 1.        , 1.        , 1.        , 1.        ,
       1.        , 1.        , 1.        , 1.        , 1.        ,
       1.        ]), array([0.        , 0.52466188, 0.54613006, 0.5888473 , 0.61005235,
       0.64138011, 0.67244397, 0.68264311, 0.68264311, 0.71270468,
       0.72264449, 0.72264449, 0.73229933, 0.74183041, 0.74183041,
       0.76053257, 0.76974872, 0.77893914, 0.79701768, 0.80598698,
       0.80598698, 0.8146626 , 0.82322551, 0.82322551, 0.82322551,
       0.82322551, 0.82322551, 0.83131653, 0.83131653, 0.83131653,
       0.84679625, 0.84679625, 0.84679625, 0.85416663, 0.86147008,
       0.87584096, 0.87584096, 0.87584096, 0.88951731, 0.89622321,
       0.90952197, 0.91603848, 0.92242439, 0.92242439, 0.92861567,
       0.94078904, 0.94078904, 0.94078904, 0.94078904, 0.94078904,
       0.94633382, 0.94633382, 0.94633382, 0.94633382, 0.9565734 ,
       0.9565734 , 0.9565734 , 0.9565734 , 0.9565734 , 0.9565734 ,
       0.9565734 , 0.96084986, 0.96927206, 0.97333187, 0.97333187,
       0.97333187, 0.97707411, 0.97707411, 0.98062061, 0.98402635,
       0.98732298, 0.98732298, 0.98732298, 0.98732298, 0.98732298,
       0.99012876, 0.99012876, 0.99274124, 0.99274124, 0.99274124,
       0.99274124, 0.9948457 , 0.9948457 , 0.9948457 , 0.99668886,
       0.99668886, 0.99668886, 0.99668886, 0.99810231, 0.99810231,
       0.99920242, 0.99920242, 0.99920242, 0.99920242, 0.99920242,
       0.99920242, 0.99920242, 0.99920242, 0.99947133, 0.99985344,
       1.        ])]","[array([0.        , 0.00280681, 0.00675248, 0.00953462, 0.01259496,
       0.01807587, 0.02239811, 0.03035232, 0.03035232, 0.03717271,
       0.03717271, 0.04136424, 0.04610039, 0.04610039, 0.05677836,
       0.05677836, 0.05677836, 0.0634992 , 0.07038416, 0.07038416,
       0.07814574, 0.08654884, 0.10369247, 0.10369247, 0.11313587,
       0.11313587, 0.1233103 , 0.13405139, 0.14497463, 0.15655074,
       0.15655074, 0.18091922, 0.18091922, 0.18091922, 0.18091922,
       0.18091922, 0.18091922, 0.18091922, 0.19593667, 0.21157555,
       0.21157555, 0.21157555, 0.21157555, 0.21157555, 0.21157555,
       0.21157555, 0.21157555, 0.23033486, 0.23033486, 0.23033486,
       0.23033486, 0.23033486, 0.23033486, 0.23033486, 0.23033486,
       0.23033486, 0.23033486, 0.23033486, 0.23033486, 0.23033486,
       0.23033486, 0.25462773, 0.25462773, 0.25462773, 0.25462773,
       0.25462773, 0.25462773, 0.25462773, 0.25462773, 0.28225187,
       0.28225187, 0.28225187, 0.28225187, 0.28225187, 0.31160406,
       0.34147625, 0.34147625, 0.34147625, 0.40391604, 0.49801617,
       0.49801617, 0.49801617, 0.49801617, 0.53097317, 0.53097317,
       0.53097317, 0.53097317, 0.53097317, 0.53097317, 0.53097317,
       0.53097317, 0.53097317, 0.53097317, 0.56819213, 0.56819213,
       0.64406029, 0.68230922, 0.68230922, 0.76056005, 0.79996552,
       1.        ]), array([0.        , 0.00830335, 0.01536255, 0.01536255, 0.01536255,
       0.03054264, 0.04723875, 0.06832274, 0.0935465 , 0.0935465 ,
       0.12360135, 0.12360135, 0.1615373 , 0.1615373 , 0.1615373 ,
       0.20991741, 0.20991741, 0.20991741, 0.20991741, 0.20991741,
       0.20991741, 0.20991741, 0.20991741, 0.20991741, 0.20991741,
       0.20991741, 0.20991741, 0.20991741, 0.20991741, 0.20991741,
       0.20991741, 0.20991741, 0.20991741, 0.20991741, 0.20991741,
       0.20991741, 0.20991741, 0.20991741, 0.20991741, 0.20991741,
       0.20991741, 0.20991741, 0.20991741, 0.20991741, 0.20991741,
       0.20991741, 0.20991741, 0.20991741, 0.20991741, 0.20991741,
       0.20991741, 0.20991741, 0.20991741, 0.20991741, 0.20991741,
       0.20991741, 0.20991741, 0.20991741, 0.20991741, 0.40493404,
       0.40493404, 0.40493404, 0.40493404, 0.40493404, 0.40493404,
       0.40493404, 0.40493404, 0.40493404, 0.40493404, 0.40493404,
       0.40493404, 0.40493404, 0.40493404, 0.40493404, 0.40493404,
       0.40493404, 0.40493404, 0.40493404, 0.40493404, 0.40493404,
       0.40493404, 0.40493404, 0.40493404, 0.40493404, 0.40493404,
       0.40493404, 0.40493404, 0.40493404, 0.697628  , 0.697628  ,
       0.697628  , 1.        , 1.        , 1.        , 1.        ,
       1.        , 1.        , 1.        , 1.        , 1.        ,
       1.        ]), array([0.        , 0.00377196, 0.00457364, 0.00457364, 0.01019164,
       0.01271117, 0.01271117, 0.01271117, 0.0171017 , 0.02191521,
       0.02191521, 0.02191521, 0.02849618, 0.02849618, 0.02849618,
       0.02849618, 0.02849618, 0.02849618, 0.03827627, 0.03827627,
       0.04922588, 0.04922588, 0.04922588, 0.06170954, 0.07480421,
       0.1024102 , 0.1024102 , 0.1171287 , 0.1171287 , 0.1171287 ,
       0.1171287 , 0.1171287 , 0.1171287 , 0.1171287 , 0.1171287 ,
       0.1171287 , 0.1171287 , 0.1171287 , 0.1171287 , 0.1171287 ,
       0.1171287 , 0.1171287 , 0.1171287 , 0.1171287 , 0.1171287 ,
       0.14177603, 0.14177603, 0.14177603, 0.14177603, 0.14177603,
       0.14177603, 0.14177603, 0.14177603, 0.14177603, 0.14177603,
       0.14177603, 0.14177603, 0.14177603, 0.14177603, 0.14177603,
       0.14177603, 0.14177603, 0.1759577 , 0.21086054, 0.21086054,
       0.21086054, 0.21086054, 0.21086054, 0.21086054, 0.21086054,
       0.21086054, 0.21086054, 0.21086054, 0.21086054, 0.21086054,
       0.21086054, 0.21086054, 0.21086054, 0.21086054, 0.21086054,
       0.21086054, 0.21086054, 0.21086054, 0.25702172, 0.25702172,
       0.25702172, 0.30447747, 0.30447747, 0.35353023, 0.35353023,
       0.35353023, 0.35353023, 0.35353023, 0.35353023, 0.51056929,
       0.56353782, 0.6701663 , 0.72405232, 0.72405232, 0.83355877,
       1.        ]), array([0.00000000e+00, 1.93439961e-04, 6.27211150e-03, 6.27211150e-03,
       1.06709809e-02, 2.10469979e-02, 2.10469979e-02, 2.10469979e-02,
       2.10469979e-02, 2.10469979e-02, 2.10469979e-02, 2.10469979e-02,
       2.10469979e-02, 3.61505296e-02, 3.61505296e-02, 7.11281973e-02,
       8.96684737e-02, 8.96684737e-02, 1.10274871e-01, 1.31468390e-01,
       1.31468390e-01, 1.31468390e-01, 1.31468390e-01, 1.31468390e-01,
       1.31468390e-01, 1.31468390e-01, 1.31468390e-01, 1.31468390e-01,
       1.63870191e-01, 1.63870191e-01, 1.63870191e-01, 1.63870191e-01,
       1.63870191e-01, 1.63870191e-01, 1.63870191e-01, 2.04470455e-01,
       2.04470455e-01, 2.04470455e-01, 2.48926418e-01, 2.94042636e-01,
       2.94042636e-01, 2.94042636e-01, 2.94042636e-01, 2.94042636e-01,
       2.94042636e-01, 3.45969078e-01, 3.45969078e-01, 3.45969078e-01,
       4.02016928e-01, 4.02016928e-01, 4.02016928e-01, 4.61667600e-01,
       4.61667600e-01, 4.61667600e-01, 4.61667600e-01, 4.61667600e-01,
       5.26536816e-01, 5.26536816e-01, 5.26536816e-01, 5.26536816e-01,
       5.26536816e-01, 5.26536816e-01, 5.26536816e-01, 5.26536816e-01,
       5.26536816e-01, 6.02474397e-01, 6.02474397e-01, 6.02474397e-01,
       6.02474397e-01, 6.02474397e-01, 6.02474397e-01, 6.02474397e-01,
       6.02474397e-01, 6.02474397e-01, 6.02474397e-01, 6.02474397e-01,
       6.02474397e-01, 6.02474397e-01, 6.02474397e-01, 6.02474397e-01,
       6.02474397e-01, 6.02474397e-01, 6.98437032e-01, 6.98437032e-01,
       7.96818640e-01, 7.96818640e-01, 8.97231290e-01, 8.97231290e-01,
       1.00000000e+00, 1.00000000e+00, 1.00000000e+00, 1.00000000e+00,
       1.00000000e+00, 1.00000000e+00, 1.00000000e+00, 1.00000000e+00,
       1.00000000e+00, 1.00000000e+00, 1.00000000e+00, 1.00000000e+00,
       1.00000000e+00]), array([0.        , 0.00187285, 0.00320515, 0.00656949, 0.00874212,
       0.01353342, 0.01916756, 0.02154215, 0.02154215, 0.03037722,
       0.03358005, 0.03358005, 0.03769293, 0.04220106, 0.04220106,
       0.05236708, 0.05788099, 0.06347708, 0.0756347 , 0.08193698,
       0.08193698, 0.08917719, 0.09677732, 0.09677732, 0.09677732,
       0.09677732, 0.09677732, 0.10588453, 0.10588453, 0.10588453,
       0.12634189, 0.12634189, 0.12634189, 0.13775057, 0.14937297,
       0.17337162, 0.17337162, 0.17337162, 0.19958831, 0.21311911,
       0.2405417 , 0.25467737, 0.26923008, 0.26923008, 0.28440441,
       0.31542112, 0.31542112, 0.31542112, 0.31542112, 0.31542112,
       0.33266012, 0.33266012, 0.33266012, 0.33266012, 0.36985269,
       0.36985269, 0.36985269, 0.36985269, 0.36985269, 0.36985269,
       0.36985269, 0.39114228, 0.43413896, 0.45612043, 0.45612043,
       0.45612043, 0.47911615, 0.47911615, 0.50273698, 0.52680736,
       0.55122619, 0.55122619, 0.55122619, 0.55122619, 0.55122619,
       0.57721263, 0.57721263, 0.60381639, 0.60381639, 0.60381639,
       0.60381639, 0.63204259, 0.63204259, 0.63204259, 0.66110331,
       0.66110331, 0.66110331, 0.66110331, 0.69153638, 0.69153638,
       0.72297012, 0.72297012, 0.72297012, 0.72297012, 0.72297012,
       0.72297012, 0.72297012, 0.72297012, 0.75705845, 0.82573239,
       1.        ])]",-0.0716256736551665,0.0840416442802945,0.0423875752677852,0.034643443324658,"[{'lambda_reg': 2.9734530813445706e-05, 'K_bin': 46, 'gamma': 0.12855518589578843}, {'lambda_reg': 0.00022899369864252437, 'K_bin': 509, 'gamma': 0.11984490211624867}, {'lambda_reg': 0.002471012070498878, 'K_bin': 159, 'gamma': 0.32196101588404247}, {'lambda_reg': 0.00044426819738958867, 'K_bin': 407, 'gamma': 0.09590816031772297}, {'lambda_reg': 2.6212681992235996e-05, 'K_bin': 15, 'gamma': 0.14519468700414934}]",600,3,rbf,78
"[np.float64(0.07160751059246057), np.float64(0.06327965265269765), np.float64(0.10270229587138491), np.float64(0.0559423879121561), np.float64(0.08309530080044236)]",0.0753254295658283,0.0163981076615335,"[np.float64(0.8127594066800075), np.float64(0.8538532284943191), np.float64(0.8244441460006747), np.float64(0.8325191922767853), np.float64(0.8499037984991014)]",0.8346959543901775,0.0154229028884739,"[np.float64(0.9685590069199117), np.float64(0.966695631148432), np.float64(0.9456338717124089), np.float64(0.974377704689027), np.float64(0.9437513280226486)]",0.9598035084984856,0.0126096661851777,"[array([0.        , 0.28396337, 0.3778909 , 0.41518956, 0.43362455,
       0.4700183 , 0.52393705, 0.52393705, 0.55935694, 0.57672303,
       0.59402595, 0.61108204, 0.64480556, 0.6613996 , 0.67797195,
       0.67797195, 0.69414812, 0.72609341, 0.74190486, 0.75734499,
       0.75734499, 0.75734499, 0.75734499, 0.77216121, 0.77216121,
       0.78649339, 0.80075854, 0.80075854, 0.80075854, 0.80075854,
       0.80075854, 0.80075854, 0.80075854, 0.81359798, 0.8388074 ,
       0.8388074 , 0.8388074 , 0.8388074 , 0.8388074 , 0.85049956,
       0.85049956, 0.85049956, 0.85049956, 0.85049956, 0.85049956,
       0.8611243 , 0.87145439, 0.89195362, 0.89195362, 0.90175965,
       0.91129029, 0.91129029, 0.92061809, 0.92969864, 0.92969864,
       0.92969864, 0.92969864, 0.92969864, 0.92969864, 0.92969864,
       0.92969864, 0.92969864, 0.92969864, 0.93684401, 0.93684401,
       0.93684401, 0.93684401, 0.9433076 , 0.9433076 , 0.9433076 ,
       0.9433076 , 0.9489669 , 0.95990211, 0.95990211, 0.96502793,
       0.96502793, 0.96502793, 0.96502793, 0.96502793, 0.96502793,
       0.96901526, 0.97280958, 0.97626751, 0.98282583, 0.98282583,
       0.98282583, 0.98282583, 0.98547255, 0.98786836, 0.98786836,
       0.99189725, 0.99189725, 0.99352044, 0.99501782, 0.99501782,
       0.99604367, 0.996808  , 0.99752965, 0.99850405, 0.9992788 ,
       1.        ]), array([0.        , 0.55188501, 0.58219655, 0.61209366, 0.62692646,
       0.65617694, 0.67071569, 0.68499707, 0.69916176, 0.71313148,
       0.71313148, 0.71313148, 0.74026136, 0.7536346 , 0.7536346 ,
       0.76674696, 0.79268192, 0.79268192, 0.79268192, 0.79268192,
       0.79268192, 0.79268192, 0.80470224, 0.80470224, 0.80470224,
       0.80470224, 0.80470224, 0.80470224, 0.81585839, 0.83775602,
       0.83775602, 0.83775602, 0.83775602, 0.83775602, 0.84803255,
       0.84803255, 0.84803255, 0.84803255, 0.85768255, 0.86712138,
       0.86712138, 0.86712138, 0.86712138, 0.86712138, 0.86712138,
       0.87568562, 0.87568562, 0.88388739, 0.89200902, 0.89200902,
       0.89200902, 0.89958463, 0.89958463, 0.89958463, 0.89958463,
       0.91355935, 0.91355935, 0.91355935, 0.92006864, 0.92636239,
       0.92636239, 0.92636239, 0.93222934, 0.93222934, 0.93222934,
       0.93222934, 0.93222934, 0.93222934, 0.93721078, 0.93721078,
       0.94191799, 0.94191799, 0.94191799, 0.95030445, 0.95431124,
       0.95431124, 0.95804811, 0.95804811, 0.96147971, 0.96147971,
       0.9678202 , 0.9678202 , 0.9678202 , 0.97057578, 0.97560469,
       0.97560469, 0.97560469, 0.97774941, 0.97774941, 0.97945349,
       0.98273099, 0.98558706, 0.98683366, 0.98901707, 0.98994573,
       0.9924108 , 0.99595211, 0.99756642, 0.99839428, 0.99919081,
       1.        ]), array([0.        , 0.10126515, 0.25235656, 0.31874751, 0.40101294,
       0.43350257, 0.48167528, 0.52945301, 0.52945301, 0.52945301,
       0.54477908, 0.54477908, 0.55977473, 0.57473696, 0.58945875,
       0.58945875, 0.61831012, 0.61831012, 0.63235332, 0.66010699,
       0.67386474, 0.68736527, 0.68736527, 0.71375997, 0.72674238,
       0.75239355, 0.75239355, 0.75239355, 0.76475144, 0.76475144,
       0.77673757, 0.77673757, 0.77673757, 0.77673757, 0.78807297,
       0.78807297, 0.78807297, 0.78807297, 0.78807297, 0.78807297,
       0.78807297, 0.79819414, 0.79819414, 0.81777997, 0.81777997,
       0.84620235, 0.84620235, 0.85528823, 0.86427218, 0.86427218,
       0.88136774, 0.88971772, 0.88971772, 0.88971772, 0.88971772,
       0.88971772, 0.88971772, 0.91191877, 0.91191877, 0.91191877,
       0.91191877, 0.91191877, 0.91191877, 0.91191877, 0.93060039,
       0.93060039, 0.93653627, 0.93653627, 0.9421389 , 0.94756647,
       0.9579645 , 0.96306349, 0.96783319, 0.97245707, 0.97245707,
       0.97245707, 0.97245707, 0.97245707, 0.97245707, 0.97245707,
       0.97245707, 0.97245707, 0.97245707, 0.97535721, 0.97823777,
       0.97823777, 0.98065113, 0.98065113, 0.98273738, 0.98466954,
       0.98649941, 0.98649941, 0.98942365, 0.98942365, 0.99056311,
       0.99149774, 0.99531201, 0.99648409, 0.99913554, 0.99953527,
       1.        ]), array([0.        , 0.07023391, 0.29561981, 0.43266281, 0.50059346,
       0.51745819, 0.56751637, 0.61685716, 0.61685716, 0.63293359,
       0.66486574, 0.69625247, 0.72742959, 0.75816442, 0.78851162,
       0.80350713, 0.81832222, 0.81832222, 0.83287344, 0.84720454,
       0.86137843, 0.86137843, 0.86137843, 0.86137843, 0.87480434,
       0.87480434, 0.87480434, 0.87480434, 0.87480434, 0.87480434,
       0.87480434, 0.87480434, 0.88690004, 0.89886533, 0.89886533,
       0.89886533, 0.89886533, 0.89886533, 0.89886533, 0.89886533,
       0.89886533, 0.90929114, 0.90929114, 0.92952389, 0.92952389,
       0.92952389, 0.92952389, 0.92952389, 0.92952389, 0.92952389,
       0.92952389, 0.92952389, 0.93800168, 0.93800168, 0.93800168,
       0.95404912, 0.95404912, 0.95404912, 0.95404912, 0.95404912,
       0.95404912, 0.95404912, 0.96079442, 0.96079442, 0.96079442,
       0.96079442, 0.96079442, 0.96668041, 0.96668041, 0.96668041,
       0.96668041, 0.96668041, 0.96668041, 0.96668041, 0.97129853,
       0.97129853, 0.97129853, 0.97129853, 0.97129853, 0.97129853,
       0.97129853, 0.97129853, 0.97448765, 0.97448765, 0.97448765,
       0.97717048, 0.98479393, 0.98479393, 0.98695558, 0.98904962,
       0.98904962, 0.98904962, 0.9906114 , 0.99319281, 0.99550069,
       0.99645452, 0.99727686, 0.99727686, 0.99817805, 0.99959193,
       1.        ]), array([0.        , 0.        , 0.25006161, 0.29957793, 0.36501339,
       0.41340253, 0.42938411, 0.44525363, 0.46092961, 0.47643334,
       0.49167165, 0.56737394, 0.58237513, 0.59726002, 0.59726002,
       0.59726002, 0.59726002, 0.61143866, 0.62546383, 0.62546383,
       0.63901749, 0.65252781, 0.69241284, 0.73171772, 0.75766009,
       0.75766009, 0.75766009, 0.75766009, 0.75766009, 0.75766009,
       0.78149538, 0.79325046, 0.79325046, 0.79325046, 0.79325046,
       0.81542685, 0.82638397, 0.82638397, 0.83694253, 0.83694253,
       0.83694253, 0.85702308, 0.85702308, 0.85702308, 0.85702308,
       0.85702308, 0.86631192, 0.86631192, 0.86631192, 0.86631192,
       0.86631192, 0.87474616, 0.87474616, 0.87474616, 0.89043891,
       0.89043891, 0.89792426, 0.89792426, 0.90518576, 0.90518576,
       0.91202216, 0.91864949, 0.91864949, 0.91864949, 0.91864949,
       0.91864949, 0.92449986, 0.93015598, 0.93560351, 0.94089447,
       0.95122815, 0.95122815, 0.95122815, 0.95583207, 0.96038644,
       0.96038644, 0.96876709, 0.97271509, 0.97271509, 0.97631118,
       0.97631118, 0.97631118, 0.97938511, 0.97938511, 0.97938511,
       0.97938511, 0.98184961, 0.98184961, 0.98389258, 0.98389258,
       0.98746705, 0.98899627, 0.98899627, 0.9902767 , 0.9902767 ,
       0.9902767 , 0.99402016, 0.99529628, 0.99705027, 0.99945952,
       1.        ])]","[array([0.        , 0.00150989, 0.0025779 , 0.00321668, 0.00370258,
       0.00504434, 0.00757891, 0.00757891, 0.00967721, 0.01099348,
       0.01235882, 0.01391591, 0.01733202, 0.01924806, 0.02118094,
       0.02118094, 0.0234216 , 0.02821913, 0.03074311, 0.03355555,
       0.03355555, 0.03355555, 0.03355555, 0.03685268, 0.03685268,
       0.04052583, 0.04425106, 0.04425106, 0.04425106, 0.04425106,
       0.04425106, 0.04425106, 0.04425106, 0.04908384, 0.0591141 ,
       0.0591141 , 0.0591141 , 0.0591141 , 0.0591141 , 0.06483814,
       0.06483814, 0.06483814, 0.06483814, 0.06483814, 0.06483814,
       0.0713914 , 0.07817357, 0.09186292, 0.09186292, 0.09905219,
       0.1064554 , 0.1064554 , 0.11401619, 0.12176905, 0.12176905,
       0.12176905, 0.12176905, 0.12176905, 0.12176905, 0.12176905,
       0.12176905, 0.12176905, 0.12176905, 0.13102525, 0.13102525,
       0.13102525, 0.13102525, 0.14081108, 0.14081108, 0.14081108,
       0.14081108, 0.15122173, 0.17234086, 0.17234086, 0.18316594,
       0.18316594, 0.18316594, 0.18316594, 0.18316594, 0.18316594,
       0.19487544, 0.2067349 , 0.21885567, 0.24337496, 0.24337496,
       0.24337496, 0.24337496, 0.25612592, 0.2690718 , 0.2690718 ,
       0.29555607, 0.29555607, 0.30910216, 0.32274597, 0.32274597,
       0.3367561 , 0.35096939, 0.36521583, 0.39407298, 0.43789227,
       1.        ]), array([0.00000000e+00, 8.58927049e-04, 1.32081069e-03, 2.27487010e-03,
       2.88937736e-03, 4.61138633e-03, 5.57510673e-03, 6.84447840e-03,
       8.25243804e-03, 9.89194523e-03, 9.89194523e-03, 9.89194523e-03,
       1.41323964e-02, 1.64802872e-02, 1.64802872e-02, 1.91380020e-02,
       2.47975523e-02, 2.47975523e-02, 2.47975523e-02, 2.47975523e-02,
       2.47975523e-02, 2.47975523e-02, 2.87521894e-02, 2.87521894e-02,
       2.87521894e-02, 2.87521894e-02, 2.87521894e-02, 2.87521894e-02,
       3.37331187e-02, 4.41874376e-02, 4.41874376e-02, 4.41874376e-02,
       4.41874376e-02, 4.41874376e-02, 5.02130202e-02, 5.02130202e-02,
       5.02130202e-02, 5.02130202e-02, 5.69826625e-02, 6.40030970e-02,
       6.40030970e-02, 6.40030970e-02, 6.40030970e-02, 6.40030970e-02,
       6.40030970e-02, 7.20622028e-02, 7.20622028e-02, 8.05517879e-02,
       8.91365416e-02, 8.91365416e-02, 8.91365416e-02, 9.83697479e-02,
       9.83697479e-02, 9.83697479e-02, 9.83697479e-02, 1.18233400e-01,
       1.18233400e-01, 1.18233400e-01, 1.28732989e-01, 1.39488552e-01,
       1.39488552e-01, 1.39488552e-01, 1.50750980e-01, 1.50750980e-01,
       1.50750980e-01, 1.50750980e-01, 1.50750980e-01, 1.50750980e-01,
       1.63065050e-01, 1.63065050e-01, 1.75704809e-01, 1.75704809e-01,
       1.75704809e-01, 2.02205133e-01, 2.15676703e-01, 2.15676703e-01,
       2.29468838e-01, 2.29468838e-01, 2.43623519e-01, 2.43623519e-01,
       2.72553655e-01, 2.72553655e-01, 2.72553655e-01, 2.87511189e-01,
       3.17998968e-01, 3.17998968e-01, 3.17998968e-01, 3.33681948e-01,
       3.33681948e-01, 3.49888254e-01, 3.82456028e-01, 4.15524283e-01,
       4.32273891e-01, 4.66141020e-01, 4.83268208e-01, 5.35030911e-01,
       6.21975620e-01, 6.74748687e-01, 7.10225684e-01, 7.82200034e-01,
       1.00000000e+00]), array([0.00000000e+00, 8.27963861e-04, 2.84330346e-03, 4.46873292e-03,
       7.19424575e-03, 8.68398503e-03, 1.14573968e-02, 1.46096634e-02,
       1.46096634e-02, 1.46096634e-02, 1.62357675e-02, 1.62357675e-02,
       1.81788025e-02, 2.01538928e-02, 2.23596043e-02, 2.23596043e-02,
       2.73390578e-02, 2.73390578e-02, 3.01956521e-02, 3.62279903e-02,
       3.93583862e-02, 4.27354892e-02, 4.27354892e-02, 5.00713155e-02,
       5.39453887e-02, 6.19943768e-02, 6.19943768e-02, 6.19943768e-02,
       6.64674768e-02, 6.64674768e-02, 7.12971527e-02, 7.12971527e-02,
       7.12971527e-02, 7.12971527e-02, 7.67509911e-02, 7.67509911e-02,
       7.67509911e-02, 7.67509911e-02, 7.67509911e-02, 7.67509911e-02,
       7.67509911e-02, 8.33694836e-02, 8.33694836e-02, 9.72361704e-02,
       9.72361704e-02, 1.18953528e-01, 1.18953528e-01, 1.26565039e-01,
       1.34274320e-01, 1.34274320e-01, 1.50529602e-01, 1.58846969e-01,
       1.58846969e-01, 1.58846969e-01, 1.58846969e-01, 1.58846969e-01,
       1.58846969e-01, 1.86531644e-01, 1.86531644e-01, 1.86531644e-01,
       1.86531644e-01, 1.86531644e-01, 1.86531644e-01, 1.86531644e-01,
       2.17592050e-01, 2.17592050e-01, 2.28224950e-01, 2.28224950e-01,
       2.39177493e-01, 2.50297952e-01, 2.72977306e-01, 2.84412931e-01,
       2.96164402e-01, 3.08055729e-01, 3.08055729e-01, 3.08055729e-01,
       3.08055729e-01, 3.08055729e-01, 3.08055729e-01, 3.08055729e-01,
       3.08055729e-01, 3.08055729e-01, 3.08055729e-01, 3.21600423e-01,
       3.35163900e-01, 3.35163900e-01, 3.49175497e-01, 3.49175497e-01,
       3.63500848e-01, 3.77974001e-01, 3.92545270e-01, 3.92545270e-01,
       4.22393269e-01, 4.22393269e-01, 4.37626757e-01, 4.53056711e-01,
       5.31030299e-01, 5.62558920e-01, 6.57974265e-01, 6.90243706e-01,
       1.00000000e+00]), array([0.00000000e+00, 1.72546237e-04, 3.31631482e-03, 6.73912594e-03,
       8.98150446e-03, 9.64807535e-03, 1.21294831e-02, 1.52555775e-02,
       1.52555775e-02, 1.66305603e-02, 1.95788677e-02, 2.30173133e-02,
       2.66441215e-02, 3.06684078e-02, 3.50410317e-02, 3.73873831e-02,
       3.98958672e-02, 3.98958672e-02, 4.26414822e-02, 4.55849064e-02,
       4.86696101e-02, 4.86696101e-02, 4.86696101e-02, 4.86696101e-02,
       5.24264907e-02, 5.24264907e-02, 5.24264907e-02, 5.24264907e-02,
       5.24264907e-02, 5.24264907e-02, 5.24264907e-02, 5.24264907e-02,
       5.73787620e-02, 6.24482299e-02, 6.24482299e-02, 6.24482299e-02,
       6.24482299e-02, 6.24482299e-02, 6.24482299e-02, 6.24482299e-02,
       6.24482299e-02, 6.89011581e-02, 6.89011581e-02, 8.23631571e-02,
       8.23631571e-02, 8.23631571e-02, 8.23631571e-02, 8.23631571e-02,
       8.23631571e-02, 8.23631571e-02, 8.23631571e-02, 8.23631571e-02,
       9.05666717e-02, 9.05666717e-02, 9.05666717e-02, 1.07789810e-01,
       1.07789810e-01, 1.07789810e-01, 1.07789810e-01, 1.07789810e-01,
       1.07789810e-01, 1.07789810e-01, 1.17550228e-01, 1.17550228e-01,
       1.17550228e-01, 1.17550228e-01, 1.17550228e-01, 1.28082872e-01,
       1.28082872e-01, 1.28082872e-01, 1.28082872e-01, 1.28082872e-01,
       1.28082872e-01, 1.28082872e-01, 1.39754891e-01, 1.39754891e-01,
       1.39754891e-01, 1.39754891e-01, 1.39754891e-01, 1.39754891e-01,
       1.39754891e-01, 1.39754891e-01, 1.52711087e-01, 1.52711087e-01,
       1.52711087e-01, 1.66122260e-01, 2.06737735e-01, 2.06737735e-01,
       2.20617266e-01, 2.34557549e-01, 2.34557549e-01, 2.34557549e-01,
       2.48976159e-01, 2.78300578e-01, 3.07870799e-01, 3.22835743e-01,
       3.37918848e-01, 3.37918848e-01, 3.68753189e-01, 4.46593116e-01,
       1.00000000e+00]), array([0.        , 0.        , 0.00359348, 0.00479368, 0.00696311,
       0.00925755, 0.01016617, 0.01118357, 0.01238885, 0.01376135,
       0.01539152, 0.0240173 , 0.02587765, 0.0278509 , 0.0278509 ,
       0.0278509 , 0.0278509 , 0.03050977, 0.03331761, 0.03331761,
       0.03658319, 0.03989085, 0.05044084, 0.06155405, 0.06921611,
       0.06921611, 0.06921611, 0.06921611, 0.06921611, 0.06921611,
       0.07892365, 0.08393525, 0.08393525, 0.08393525, 0.08393525,
       0.09525322, 0.10103945, 0.10103945, 0.1072126 , 0.1072126 ,
       0.1072126 , 0.12056516, 0.12056516, 0.12056516, 0.12056516,
       0.12056516, 0.1279709 , 0.1279709 , 0.1279709 , 0.1279709 ,
       0.1279709 , 0.13620628, 0.13620628, 0.13620628, 0.1538184 ,
       0.1538184 , 0.16297494, 0.16297494, 0.17234878, 0.17234878,
       0.18213529, 0.19212477, 0.19212477, 0.19212477, 0.19212477,
       0.19212477, 0.20286849, 0.2138008 , 0.22493559, 0.23622238,
       0.25903695, 0.25903695, 0.25903695, 0.2709907 , 0.28299255,
       0.28299255, 0.30770307, 0.32029356, 0.32029356, 0.33322569,
       0.33322569, 0.33322569, 0.34666471, 0.34666471, 0.34666471,
       0.34666471, 0.36069536, 0.36069536, 0.3751352 , 0.3751352 ,
       0.40451143, 0.41945002, 0.41945002, 0.43463012, 0.43463012,
       0.43463012, 0.51311165, 0.54471905, 0.60870878, 0.75417797,
       1.        ])]",0.025632571025199,0.0135612853434483,0.0048855435578937,0.004286351914555,"[{'lambda_reg': 0.000252282228576734, 'K_bin': 6, 'gamma': 0.1147268344542951}, {'lambda_reg': 0.015243648258822386, 'K_bin': 3, 'gamma': 0.00908288854895619}, {'lambda_reg': 1.54832830891437e-05, 'K_bin': 45, 'gamma': 0.015352626059780314}, {'lambda_reg': 0.0009324335940561049, 'K_bin': 24, 'gamma': 0.08686596838253983}, {'lambda_reg': 0.0004908579260639132, 'K_bin': 22, 'gamma': 0.013534814798272427}]",600,1,rbf,64
"[np.float64(0.13441239831374724), np.float64(0.04781624839899229), np.float64(0.10179837470804806), np.float64(0.10981311398912096), np.float64(0.1904685361715497)]",0.1168617343162916,0.0464108910986864,"[np.float64(0.8034151180317014), np.float64(0.7988963648392166), np.float64(0.7484036646584359), np.float64(0.7334319828686058), np.float64(0.8644769841416006)]",0.789724822907912,0.0463373476363303,"[np.float64(0.9888168571808711), np.float64(0.9285970184427573), np.float64(0.9863221939393958), np.float64(0.9800725571518178), np.float64(0.9783658496551833)]",0.9724348952740052,0.0222553152484651,"[array([0.        , 0.87259238, 0.89127125, 0.89127125, 0.90955756,
       0.90955756, 0.90955756, 0.92724115, 0.92724115, 0.92724115,
       0.92724115, 0.92724115, 0.92724115, 0.92724115, 0.94367008,
       0.94367008, 0.94367008, 0.94367008, 0.94367008, 0.95909758,
       0.95909758, 0.95909758, 0.95909758, 0.95909758, 0.95909758,
       0.95909758, 0.95909758, 0.95909758, 0.95909758, 0.95909758,
       0.95909758, 0.97219408, 0.97219408, 0.97219408, 0.97219408,
       0.97219408, 0.97219408, 0.97219408, 0.97219408, 0.97219408,
       0.97219408, 0.97219408, 0.97219408, 0.97219408, 0.97219408,
       0.97219408, 0.97219408, 0.97219408, 0.97219408, 0.97219408,
       0.97219408, 0.97219408, 0.97219408, 0.97219408, 0.97219408,
       0.97219408, 0.97219408, 0.98049956, 0.98049956, 0.98049956,
       0.98814951, 0.98814951, 0.98814951, 0.98814951, 0.98814951,
       0.98814951, 0.98814951, 0.98814951, 0.98814951, 0.98814951,
       0.98814951, 0.98814951, 0.98814951, 0.98814951, 0.98814951,
       0.99306308, 0.99306308, 0.99306308, 0.99306308, 0.99306308,
       0.99306308, 0.99306308, 0.99306308, 0.99306308, 0.99619159,
       0.99619159, 0.99619159, 0.99868359, 0.99868359, 0.99868359,
       0.99868359, 0.99868359, 0.99868359, 0.99868359, 0.99990733,
       0.99990733, 0.99990733, 0.99990733, 0.99990733, 0.99990733,
       1.        ]), array([0.        , 0.        , 0.02877229, 0.11414061, 0.22703113,
       0.33883268, 0.421995  , 0.44927721, 0.50328858, 0.50328858,
       0.55645112, 0.634866  , 0.634866  , 0.634866  , 0.6600682 ,
       0.68515744, 0.68515744, 0.70965115, 0.70965115, 0.70965115,
       0.73330798, 0.73330798, 0.75638622, 0.75638622, 0.75638622,
       0.75638622, 0.75638622, 0.75638622, 0.75638622, 0.75638622,
       0.79760197, 0.79760197, 0.79760197, 0.79760197, 0.79760197,
       0.79760197, 0.79760197, 0.79760197, 0.79760197, 0.79760197,
       0.79760197, 0.8325297 , 0.8325297 , 0.86628295, 0.86628295,
       0.86628295, 0.8981905 , 0.91373264, 0.91373264, 0.91373264,
       0.92849184, 0.92849184, 0.92849184, 0.92849184, 0.92849184,
       0.92849184, 0.92849184, 0.94135489, 0.9538584 , 0.9538584 ,
       0.9538584 , 0.9538584 , 0.9538584 , 0.9538584 , 0.9538584 ,
       0.9538584 , 0.9538584 , 0.9538584 , 0.9538584 , 0.96294091,
       0.96294091, 0.96294091, 0.96294091, 0.96294091, 0.96294091,
       0.96294091, 0.97014399, 0.97014399, 0.9768246 , 0.9768246 ,
       0.9827055 , 0.9827055 , 0.9827055 , 0.9827055 , 0.9827055 ,
       0.9827055 , 0.9869506 , 0.9869506 , 0.9869506 , 0.9869506 ,
       0.9869506 , 0.9869506 , 0.99206151, 0.99411971, 0.99411971,
       0.99411971, 0.99534841, 0.99834847, 0.9996951 , 0.9996951 ,
       1.        ]), array([0.        , 0.85937528, 0.87775912, 0.91432941, 0.91432941,
       0.91432941, 0.91432941, 0.91432941, 0.91432941, 0.91432941,
       0.91432941, 0.91432941, 0.91432941, 0.91432941, 0.91432941,
       0.91432941, 0.91432941, 0.92993284, 0.92993284, 0.94507659,
       0.94507659, 0.94507659, 0.94507659, 0.94507659, 0.94507659,
       0.94507659, 0.94507659, 0.94507659, 0.9585937 , 0.97201423,
       0.97201423, 0.97201423, 0.97201423, 0.97201423, 0.97201423,
       0.97201423, 0.97201423, 0.97201423, 0.97201423, 0.97201423,
       0.97201423, 0.98318093, 0.98318093, 0.98318093, 0.98318093,
       0.98318093, 0.98318093, 0.98318093, 0.98318093, 0.98318093,
       0.98318093, 0.98318093, 0.98318093, 0.98318093, 0.98318093,
       0.98318093, 0.98318093, 0.98318093, 0.98318093, 0.98318093,
       0.98318093, 0.98318093, 0.98318093, 0.98318093, 0.98318093,
       0.98318093, 0.98318093, 0.98318093, 0.98918417, 0.98918417,
       0.98918417, 0.9946605 , 0.9946605 , 0.9946605 , 0.9946605 ,
       0.9946605 , 0.9946605 , 0.9946605 , 0.9946605 , 0.9946605 ,
       0.9946605 , 0.9946605 , 0.9946605 , 0.9946605 , 0.9946605 ,
       0.99747208, 0.99747208, 0.99747208, 0.99747208, 0.99747208,
       0.99747208, 0.99747208, 0.99747208, 0.99747208, 0.99870617,
       0.99980283, 0.99980283, 0.99980283, 0.99980283, 1.        ,
       1.        ]), array([0.        , 0.75124467, 0.75124467, 0.77483858, 0.77483858,
       0.77483858, 0.79769701, 0.79769701, 0.86484529, 0.86484529,
       0.86484529, 0.86484529, 0.86484529, 0.86484529, 0.86484529,
       0.86484529, 0.86484529, 0.86484529, 0.88482776, 0.88482776,
       0.88482776, 0.88482776, 0.88482776, 0.88482776, 0.88482776,
       0.88482776, 0.88482776, 0.88482776, 0.88482776, 0.88482776,
       0.90181072, 0.90181072, 0.90181072, 0.90181072, 0.90181072,
       0.91767488, 0.91767488, 0.91767488, 0.93279338, 0.93279338,
       0.93279338, 0.93279338, 0.93279338, 0.93279338, 0.93279338,
       0.93279338, 0.93279338, 0.93279338, 0.93279338, 0.93279338,
       0.93279338, 0.94480489, 0.94480489, 0.94480489, 0.94480489,
       0.94480489, 0.94480489, 0.94480489, 0.94480489, 0.94480489,
       0.94480489, 0.94480489, 0.94480489, 0.95389482, 0.9628109 ,
       0.9628109 , 0.97106179, 0.97106179, 0.97106179, 0.97106179,
       0.97106179, 0.97106179, 0.97106179, 0.97106179, 0.97106179,
       0.97106179, 0.97106179, 0.97106179, 0.97106179, 0.97638737,
       0.97638737, 0.98590189, 0.98590189, 0.98590189, 0.98590189,
       0.98590189, 0.98590189, 0.98911976, 0.98911976, 0.9919411 ,
       0.9919411 , 0.99649847, 0.99649847, 0.99649847, 0.99817463,
       0.99817463, 0.99928252, 0.99928252, 0.99928252, 0.99954123,
       1.        ]), array([0.        , 0.76647131, 0.76647131, 0.76647131, 0.81415606,
       0.81415606, 0.81415606, 0.8373635 , 0.8373635 , 0.8373635 ,
       0.8373635 , 0.85955932, 0.85955932, 0.85955932, 0.85955932,
       0.85955932, 0.85955932, 0.85955932, 0.85955932, 0.85955932,
       0.85955932, 0.85955932, 0.87889556, 0.87889556, 0.87889556,
       0.87889556, 0.87889556, 0.87889556, 0.87889556, 0.87889556,
       0.87889556, 0.87889556, 0.89578256, 0.89578256, 0.89578256,
       0.89578256, 0.89578256, 0.89578256, 0.89578256, 0.89578256,
       0.89578256, 0.89578256, 0.89578256, 0.89578256, 0.89578256,
       0.89578256, 0.89578256, 0.89578256, 0.90885305, 0.90885305,
       0.92135272, 0.9335655 , 0.94554035, 0.95732802, 0.95732802,
       0.95732802, 0.95732802, 0.95732802, 0.96781631, 0.96781631,
       0.96781631, 0.96781631, 0.96781631, 0.96781631, 0.96781631,
       0.96781631, 0.96781631, 0.96781631, 0.96781631, 0.96781631,
       0.96781631, 0.96781631, 0.96781631, 0.96781631, 0.96781631,
       0.96781631, 0.96781631, 0.96781631, 0.9734494 , 0.9734494 ,
       0.9734494 , 0.97829599, 0.97829599, 0.97829599, 0.98239138,
       0.98239138, 0.98239138, 0.98571684, 0.98882861, 0.99172944,
       0.99172944, 0.99415353, 0.9961593 , 0.9961593 , 0.9961593 ,
       0.99741823, 0.99741823, 0.99741823, 0.99875448, 0.9998457 ,
       1.        ])]","[array([0.        , 0.00124678, 0.0033732 , 0.0033732 , 0.00833634,
       0.00833634, 0.00833634, 0.01765472, 0.01765472, 0.01765472,
       0.01765472, 0.01765472, 0.01765472, 0.01765472, 0.03603922,
       0.03603922, 0.03603922, 0.03603922, 0.03603922, 0.06166013,
       0.06166013, 0.06166013, 0.06166013, 0.06166013, 0.06166013,
       0.06166013, 0.06166013, 0.06166013, 0.06166013, 0.06166013,
       0.06166013, 0.10412485, 0.10412485, 0.10412485, 0.10412485,
       0.10412485, 0.10412485, 0.10412485, 0.10412485, 0.10412485,
       0.10412485, 0.10412485, 0.10412485, 0.10412485, 0.10412485,
       0.10412485, 0.10412485, 0.10412485, 0.10412485, 0.10412485,
       0.10412485, 0.10412485, 0.10412485, 0.10412485, 0.10412485,
       0.10412485, 0.10412485, 0.18120949, 0.18120949, 0.18120949,
       0.26303108, 0.26303108, 0.26303108, 0.26303108, 0.26303108,
       0.26303108, 0.26303108, 0.26303108, 0.26303108, 0.26303108,
       0.26303108, 0.26303108, 0.26303108, 0.26303108, 0.26303108,
       0.36462568, 0.36462568, 0.36462568, 0.36462568, 0.36462568,
       0.36462568, 0.36462568, 0.36462568, 0.36462568, 0.47911914,
       0.47911914, 0.47911914, 0.59821204, 0.59821204, 0.59821204,
       0.59821204, 0.59821204, 0.59821204, 0.59821204, 0.72646944,
       0.72646944, 0.72646944, 0.72646944, 0.72646944, 0.72646944,
       1.        ]), array([0.00000000e+00, 0.00000000e+00, 6.69315587e-04, 3.93077020e-03,
       9.51351344e-03, 1.65353216e-02, 2.27119586e-02, 2.53503895e-02,
       3.13581004e-02, 3.13581004e-02, 3.84875263e-02, 5.09378170e-02,
       5.09378170e-02, 5.09378170e-02, 5.63249317e-02, 6.18613395e-02,
       6.18613395e-02, 6.81847199e-02, 6.81847199e-02, 6.81847199e-02,
       7.56140248e-02, 7.56140248e-02, 8.38079124e-02, 8.38079124e-02,
       8.38079124e-02, 8.38079124e-02, 8.38079124e-02, 8.38079124e-02,
       8.38079124e-02, 8.38079124e-02, 1.06724792e-01, 1.06724792e-01,
       1.06724792e-01, 1.06724792e-01, 1.06724792e-01, 1.06724792e-01,
       1.06724792e-01, 1.06724792e-01, 1.06724792e-01, 1.06724792e-01,
       1.06724792e-01, 1.37951157e-01, 1.37951157e-01, 1.70729577e-01,
       1.70729577e-01, 1.70729577e-01, 2.05947057e-01, 2.24099773e-01,
       2.24099773e-01, 2.24099773e-01, 2.43287121e-01, 2.43287121e-01,
       2.43287121e-01, 2.43287121e-01, 2.43287121e-01, 2.43287121e-01,
       2.43287121e-01, 2.64980180e-01, 2.87148382e-01, 2.87148382e-01,
       2.87148382e-01, 2.87148382e-01, 2.87148382e-01, 2.87148382e-01,
       2.87148382e-01, 2.87148382e-01, 2.87148382e-01, 2.87148382e-01,
       2.87148382e-01, 3.13837363e-01, 3.13837363e-01, 3.13837363e-01,
       3.13837363e-01, 3.13837363e-01, 3.13837363e-01, 3.13837363e-01,
       3.43009982e-01, 3.43009982e-01, 3.72873030e-01, 3.72873030e-01,
       4.03792870e-01, 4.03792870e-01, 4.03792870e-01, 4.03792870e-01,
       4.03792870e-01, 4.03792870e-01, 4.36874397e-01, 4.36874397e-01,
       4.36874397e-01, 4.36874397e-01, 4.36874397e-01, 4.36874397e-01,
       5.07503110e-01, 5.43474580e-01, 5.43474580e-01, 5.43474580e-01,
       5.80542217e-01, 6.92651725e-01, 7.68254870e-01, 7.68254870e-01,
       1.00000000e+00]), array([0.        , 0.00115504, 0.00364268, 0.01024789, 0.01024789,
       0.01024789, 0.01024789, 0.01024789, 0.01024789, 0.01024789,
       0.01024789, 0.01024789, 0.01024789, 0.01024789, 0.01024789,
       0.01024789, 0.01024789, 0.03569387, 0.03569387, 0.06493549,
       0.06493549, 0.06493549, 0.06493549, 0.06493549, 0.06493549,
       0.06493549, 0.06493549, 0.06493549, 0.10760867, 0.15107922,
       0.15107922, 0.15107922, 0.15107922, 0.15107922, 0.15107922,
       0.15107922, 0.15107922, 0.15107922, 0.15107922, 0.15107922,
       0.15107922, 0.21316015, 0.21316015, 0.21316015, 0.21316015,
       0.21316015, 0.21316015, 0.21316015, 0.21316015, 0.21316015,
       0.21316015, 0.21316015, 0.21316015, 0.21316015, 0.21316015,
       0.21316015, 0.21316015, 0.21316015, 0.21316015, 0.21316015,
       0.21316015, 0.21316015, 0.21316015, 0.21316015, 0.21316015,
       0.21316015, 0.21316015, 0.21316015, 0.31787661, 0.31787661,
       0.31787661, 0.42694395, 0.42694395, 0.42694395, 0.42694395,
       0.42694395, 0.42694395, 0.42694395, 0.42694395, 0.42694395,
       0.42694395, 0.42694395, 0.42694395, 0.42694395, 0.42694395,
       0.55801453, 0.55801453, 0.55801453, 0.55801453, 0.55801453,
       0.55801453, 0.55801453, 0.55801453, 0.55801453, 0.7021107 ,
       0.84734172, 0.84734172, 0.84734172, 0.84734172, 1.        ,
       1.        ]), array([0.00000000e+00, 5.30101334e-04, 5.30101334e-04, 1.95490581e-03,
       1.95490581e-03, 1.95490581e-03, 4.99797571e-03, 4.99797571e-03,
       1.72670178e-02, 1.72670178e-02, 1.72670178e-02, 1.72670178e-02,
       1.72670178e-02, 1.72670178e-02, 1.72670178e-02, 1.72670178e-02,
       1.72670178e-02, 1.72670178e-02, 2.66379866e-02, 2.66379866e-02,
       2.66379866e-02, 2.66379866e-02, 2.66379866e-02, 2.66379866e-02,
       2.66379866e-02, 2.66379866e-02, 2.66379866e-02, 2.66379866e-02,
       2.66379866e-02, 2.66379866e-02, 4.26087337e-02, 4.26087337e-02,
       4.26087337e-02, 4.26087337e-02, 4.26087337e-02, 6.10411392e-02,
       6.10411392e-02, 6.10411392e-02, 8.11141936e-02, 8.11141936e-02,
       8.11141936e-02, 8.11141936e-02, 8.11141936e-02, 8.11141936e-02,
       8.11141936e-02, 8.11141936e-02, 8.11141936e-02, 8.11141936e-02,
       8.11141936e-02, 8.11141936e-02, 8.11141936e-02, 1.08023481e-01,
       1.08023481e-01, 1.08023481e-01, 1.08023481e-01, 1.08023481e-01,
       1.08023481e-01, 1.08023481e-01, 1.08023481e-01, 1.08023481e-01,
       1.08023481e-01, 1.08023481e-01, 1.08023481e-01, 1.41361084e-01,
       1.75081174e-01, 1.75081174e-01, 2.10264884e-01, 2.10264884e-01,
       2.10264884e-01, 2.10264884e-01, 2.10264884e-01, 2.10264884e-01,
       2.10264884e-01, 2.10264884e-01, 2.10264884e-01, 2.10264884e-01,
       2.10264884e-01, 2.10264884e-01, 2.10264884e-01, 2.51885090e-01,
       2.51885090e-01, 3.37626396e-01, 3.37626396e-01, 3.37626396e-01,
       3.37626396e-01, 3.37626396e-01, 3.37626396e-01, 3.83884144e-01,
       3.83884144e-01, 4.31014361e-01, 4.31014361e-01, 5.27662791e-01,
       5.27662791e-01, 5.27662791e-01, 5.77312723e-01, 5.77312723e-01,
       6.28212999e-01, 6.28212999e-01, 6.28212999e-01, 6.80981717e-01,
       1.00000000e+00]), array([0.00000000e+00, 2.40895155e-04, 2.40895155e-04, 2.40895155e-04,
       3.90527613e-03, 3.90527613e-03, 3.90527613e-03, 7.05008418e-03,
       7.05008418e-03, 7.05008418e-03, 7.05008418e-03, 1.22862263e-02,
       1.22862263e-02, 1.22862263e-02, 1.22862263e-02, 1.22862263e-02,
       1.22862263e-02, 1.22862263e-02, 1.22862263e-02, 1.22862263e-02,
       1.22862263e-02, 1.22862263e-02, 2.34340246e-02, 2.34340246e-02,
       2.34340246e-02, 2.34340246e-02, 2.34340246e-02, 2.34340246e-02,
       2.34340246e-02, 2.34340246e-02, 2.34340246e-02, 2.34340246e-02,
       3.96451888e-02, 3.96451888e-02, 3.96451888e-02, 3.96451888e-02,
       3.96451888e-02, 3.96451888e-02, 3.96451888e-02, 3.96451888e-02,
       3.96451888e-02, 3.96451888e-02, 3.96451888e-02, 3.96451888e-02,
       3.96451888e-02, 3.96451888e-02, 3.96451888e-02, 3.96451888e-02,
       6.37463119e-02, 6.37463119e-02, 8.90274834e-02, 1.14901753e-01,
       1.41267906e-01, 1.68021008e-01, 1.68021008e-01, 1.68021008e-01,
       1.68021008e-01, 1.68021008e-01, 1.97460346e-01, 1.97460346e-01,
       1.97460346e-01, 1.97460346e-01, 1.97460346e-01, 1.97460346e-01,
       1.97460346e-01, 1.97460346e-01, 1.97460346e-01, 1.97460346e-01,
       1.97460346e-01, 1.97460346e-01, 1.97460346e-01, 1.97460346e-01,
       1.97460346e-01, 1.97460346e-01, 1.97460346e-01, 1.97460346e-01,
       1.97460346e-01, 1.97460346e-01, 2.36936935e-01, 2.36936935e-01,
       2.36936935e-01, 2.78039465e-01, 2.78039465e-01, 2.78039465e-01,
       3.20694966e-01, 3.20694966e-01, 3.20694966e-01, 3.64942158e-01,
       4.09631106e-01, 4.54756153e-01, 4.54756153e-01, 5.00866752e-01,
       5.47842159e-01, 5.47842159e-01, 5.47842159e-01, 5.96361534e-01,
       5.96361534e-01, 5.96361534e-01, 6.95843023e-01, 8.46953052e-01,
       1.00000000e+00])]",-0.2125520836384683,0.1277966686882118,0.1337855329169306,0.0832842086373469,"[{'lambda_reg': 3.582906844988936e-05, 'K_bin': 313, 'gamma': 0.009311853709278993}, {'lambda_reg': 0.0007504270223019476, 'K_bin': 42, 'gamma': 0.011180873502349345}, {'lambda_reg': 3.1276385279620704e-05, 'K_bin': 216, 'gamma': 0.0015644358859210053}, {'lambda_reg': 0.0002582228527858233, 'K_bin': 127, 'gamma': 0.012829676067099609}, {'lambda_reg': 7.508429069338114e-05, 'K_bin': 282, 'gamma': 0.016051185259340926}]",300,1,cauchy,46
"[np.float64(0.12380616221138381), np.float64(0.10313464502484097), np.float64(0.11477549754270959), np.float64(0.11070646259413698), np.float64(0.14925550314655828)]",0.1203356541039259,0.0159242800693077,"[np.float64(0.7232493661710439), np.float64(0.7963527259198088), np.float64(0.7473381107025631), np.float64(0.7933200754679184), np.float64(0.7435488897158271)]",0.7607618335954323,0.0290186757652565,"[np.float64(0.9872451566324308), np.float64(0.925873164959739), np.float64(0.9304425625224373), np.float64(0.9426826063354109), np.float64(0.934856236801354)]",0.9442199454502744,0.0222154535546464,"[array([0.11703074, 0.96968247, 0.96968247, 0.96968247, 0.96968247,
       0.96968247, 0.96968247, 0.98531046, 0.98531046, 0.98531046,
       0.98531046, 0.98531046, 0.98531046, 1.        , 1.        ,
       1.        , 1.        , 1.        , 1.        , 1.        ,
       1.        , 1.        , 1.        , 1.        , 1.        ,
       1.        , 1.        , 1.        , 1.        , 1.        ,
       1.        , 1.        , 1.        , 1.        , 1.        ,
       1.        , 1.        , 1.        , 1.        , 1.        ,
       1.        , 1.        , 1.        , 1.        , 1.        ,
       1.        , 1.        , 1.        , 1.        , 1.        ,
       1.        , 1.        , 1.        , 1.        , 1.        ,
       1.        , 1.        , 1.        , 1.        , 1.        ,
       1.        , 1.        , 1.        , 1.        , 1.        ,
       1.        , 1.        , 1.        , 1.        , 1.        ,
       1.        , 1.        , 1.        , 1.        , 1.        ,
       1.        , 1.        , 1.        , 1.        , 1.        ,
       1.        , 1.        , 1.        , 1.        , 1.        ,
       1.        , 1.        , 1.        , 1.        , 1.        ,
       1.        , 1.        , 1.        , 1.        , 1.        ,
       1.        , 1.        , 1.        , 1.        , 1.        ,
       1.        ]), array([0.        , 0.37814435, 0.42488346, 0.49405012, 0.51685164,
       0.58471678, 0.58471678, 0.58471678, 0.60667411, 0.60667411,
       0.60667411, 0.60667411, 0.60667411, 0.62730609, 0.66841553,
       0.6885823 , 0.7085242 , 0.72827309, 0.74783553, 0.76713618,
       0.76713618, 0.76713618, 0.76713618, 0.78555773, 0.8036765 ,
       0.8036765 , 0.8036765 , 0.8036765 , 0.8036765 , 0.8374498 ,
       0.8374498 , 0.8374498 , 0.8374498 , 0.8374498 , 0.8374498 ,
       0.8374498 , 0.85278787, 0.85278787, 0.86756462, 0.86756462,
       0.88187952, 0.88187952, 0.88187952, 0.88187952, 0.88187952,
       0.88187952, 0.88187952, 0.88187952, 0.89435437, 0.90657436,
       0.90657436, 0.91840327, 0.91840327, 0.91840327, 0.92935825,
       0.92935825, 0.93987886, 0.9501084 , 0.9501084 , 0.9501084 ,
       0.9501084 , 0.9501084 , 0.9501084 , 0.9501084 , 0.9501084 ,
       0.9501084 , 0.9582669 , 0.9582669 , 0.96596271, 0.96596271,
       0.97311685, 0.97311685, 0.97311685, 0.97311685, 0.97940844,
       0.97940844, 0.97940844, 0.97940844, 0.97940844, 0.9844228 ,
       0.9844228 , 0.9844228 , 0.9844228 , 0.98849668, 0.9924617 ,
       0.9924617 , 0.9924617 , 0.9924617 , 0.9924617 , 0.9924617 ,
       0.9924617 , 0.99676449, 0.99676449, 0.99676449, 0.99676449,
       0.99805305, 0.99917511, 0.99917511, 0.99917511, 1.        ,
       1.        ]), array([0.        , 0.967751  , 0.98421217, 0.98421217, 0.98421217,
       0.98421217, 1.        , 1.        , 1.        , 1.        ,
       1.        , 1.        , 1.        , 1.        , 1.        ,
       1.        , 1.        , 1.        , 1.        , 1.        ,
       1.        , 1.        , 1.        , 1.        , 1.        ,
       1.        , 1.        , 1.        , 1.        , 1.        ,
       1.        , 1.        , 1.        , 1.        , 1.        ,
       1.        , 1.        , 1.        , 1.        , 1.        ,
       1.        , 1.        , 1.        , 1.        , 1.        ,
       1.        , 1.        , 1.        , 1.        , 1.        ,
       1.        , 1.        , 1.        , 1.        , 1.        ,
       1.        , 1.        , 1.        , 1.        , 1.        ,
       1.        , 1.        , 1.        , 1.        , 1.        ,
       1.        , 1.        , 1.        , 1.        , 1.        ,
       1.        , 1.        , 1.        , 1.        , 1.        ,
       1.        , 1.        , 1.        , 1.        , 1.        ,
       1.        , 1.        , 1.        , 1.        , 1.        ,
       1.        , 1.        , 1.        , 1.        , 1.        ,
       1.        , 1.        , 1.        , 1.        , 1.        ,
       1.        , 1.        , 1.        , 1.        , 1.        ,
       1.        ]), array([0.        , 0.50483266, 0.5670035 , 0.60801008, 0.64869571,
       0.68894076, 0.72881091, 0.72881091, 0.74835598, 0.74835598,
       0.76734145, 0.76734145, 0.76734145, 0.76734145, 0.76734145,
       0.76734145, 0.76734145, 0.76734145, 0.78477342, 0.80196535,
       0.80196535, 0.80196535, 0.81854457, 0.81854457, 0.83468026,
       0.83468026, 0.85040695, 0.86588676, 0.88123829, 0.88123829,
       0.89603953, 0.89603953, 0.91035561, 0.91035561, 0.92444381,
       0.92444381, 0.93809485, 0.93809485, 0.93809485, 0.93809485,
       0.93809485, 0.93809485, 0.93809485, 0.95009945, 0.95009945,
       0.95009945, 0.95009945, 0.95009945, 0.95009945, 0.95009945,
       0.95009945, 0.95009945, 0.95009945, 0.95009945, 0.95009945,
       0.95009945, 0.95009945, 0.95009945, 0.95009945, 0.95881262,
       0.95881262, 0.95881262, 0.95881262, 0.95881262, 0.95881262,
       0.95881262, 0.95881262, 0.95881262, 0.95881262, 0.96535888,
       0.96535888, 0.9714812 , 0.98357351, 0.98357351, 0.98922607,
       0.98922607, 0.98922607, 0.98922607, 0.98922607, 0.98922607,
       0.99346121, 0.99346121, 0.99346121, 0.99346121, 0.99346121,
       0.99346121, 0.99648998, 0.99925179, 0.99925179, 0.99925179,
       0.99925179, 0.99925179, 0.99925179, 0.99925179, 0.99925179,
       0.99925179, 0.99925179, 0.99999567, 0.99999567, 0.99999567,
       1.        ]), array([0.        , 0.51329744, 0.59103519, 0.61024471, 0.61024471,
       0.61024471, 0.64758416, 0.68463089, 0.72118611, 0.72118611,
       0.73911463, 0.73911463, 0.77414747, 0.77414747, 0.80832254,
       0.80832254, 0.80832254, 0.82480409, 0.85744277, 0.85744277,
       0.87337374, 0.90479206, 0.90479206, 0.90479206, 0.90479206,
       0.90479206, 0.90479206, 0.93397314, 0.93397314, 0.94817086,
       0.94817086, 0.94817086, 0.94817086, 0.94817086, 0.94817086,
       0.94817086, 0.94817086, 0.94817086, 0.94817086, 0.9603457 ,
       0.9603457 , 0.9603457 , 0.9603457 , 0.97162326, 0.97162326,
       0.97162326, 0.97162326, 0.97162326, 0.98204404, 0.98204404,
       0.98204404, 0.98204404, 0.98204404, 0.98204404, 0.98204404,
       0.98204404, 0.98204404, 0.98204404, 0.98204404, 0.98204404,
       0.98204404, 0.98204404, 0.98204404, 0.98204404, 0.98920816,
       0.98920816, 0.98920816, 0.98920816, 0.98920816, 0.98920816,
       0.98920816, 0.98920816, 0.98920816, 0.98920816, 0.98920816,
       0.98920816, 0.98920816, 0.98920816, 0.98920816, 0.98920816,
       0.98920816, 0.98920816, 0.98920816, 0.99272998, 0.99272998,
       0.99574689, 0.99574689, 0.99574689, 0.99574689, 0.99574689,
       0.99788129, 0.99788129, 0.99950906, 0.99950906, 0.99950906,
       0.99950906, 0.99950906, 0.99950906, 1.        , 1.        ,
       1.        ])]","[array([0.00000000e+00, 2.49033733e-04, 2.49033733e-04, 2.49033733e-04,
       2.49033733e-04, 2.49033733e-04, 2.49033733e-04, 3.49761759e-01,
       3.49761759e-01, 3.49761759e-01, 3.49761759e-01, 3.49761759e-01,
       3.49761759e-01, 1.00000000e+00, 1.00000000e+00, 1.00000000e+00,
       1.00000000e+00, 1.00000000e+00, 1.00000000e+00, 1.00000000e+00,
       1.00000000e+00, 1.00000000e+00, 1.00000000e+00, 1.00000000e+00,
       1.00000000e+00, 1.00000000e+00, 1.00000000e+00, 1.00000000e+00,
       1.00000000e+00, 1.00000000e+00, 1.00000000e+00, 1.00000000e+00,
       1.00000000e+00, 1.00000000e+00, 1.00000000e+00, 1.00000000e+00,
       1.00000000e+00, 1.00000000e+00, 1.00000000e+00, 1.00000000e+00,
       1.00000000e+00, 1.00000000e+00, 1.00000000e+00, 1.00000000e+00,
       1.00000000e+00, 1.00000000e+00, 1.00000000e+00, 1.00000000e+00,
       1.00000000e+00, 1.00000000e+00, 1.00000000e+00, 1.00000000e+00,
       1.00000000e+00, 1.00000000e+00, 1.00000000e+00, 1.00000000e+00,
       1.00000000e+00, 1.00000000e+00, 1.00000000e+00, 1.00000000e+00,
       1.00000000e+00, 1.00000000e+00, 1.00000000e+00, 1.00000000e+00,
       1.00000000e+00, 1.00000000e+00, 1.00000000e+00, 1.00000000e+00,
       1.00000000e+00, 1.00000000e+00, 1.00000000e+00, 1.00000000e+00,
       1.00000000e+00, 1.00000000e+00, 1.00000000e+00, 1.00000000e+00,
       1.00000000e+00, 1.00000000e+00, 1.00000000e+00, 1.00000000e+00,
       1.00000000e+00, 1.00000000e+00, 1.00000000e+00, 1.00000000e+00,
       1.00000000e+00, 1.00000000e+00, 1.00000000e+00, 1.00000000e+00,
       1.00000000e+00, 1.00000000e+00, 1.00000000e+00, 1.00000000e+00,
       1.00000000e+00, 1.00000000e+00, 1.00000000e+00, 1.00000000e+00,
       1.00000000e+00, 1.00000000e+00, 1.00000000e+00, 1.00000000e+00,
       1.00000000e+00]), array([0.        , 0.00164661, 0.0031099 , 0.00754427, 0.00962632,
       0.01715485, 0.01715485, 0.01715485, 0.02124384, 0.02124384,
       0.02124384, 0.02124384, 0.02124384, 0.02848361, 0.04333052,
       0.05167625, 0.06055659, 0.06989577, 0.07967822, 0.09008301,
       0.09008301, 0.09008301, 0.09008301, 0.10257773, 0.11579226,
       0.11579226, 0.11579226, 0.11579226, 0.11579226, 0.14807963,
       0.14807963, 0.14807963, 0.14807963, 0.14807963, 0.14807963,
       0.14807963, 0.16790483, 0.16790483, 0.18906445, 0.18906445,
       0.21132206, 0.21132206, 0.21132206, 0.21132206, 0.21132206,
       0.21132206, 0.21132206, 0.21132206, 0.23795411, 0.26519201,
       0.26519201, 0.29335966, 0.29335966, 0.29335966, 0.32360494,
       0.32360494, 0.35488285, 0.38685275, 0.38685275, 0.38685275,
       0.38685275, 0.38685275, 0.38685275, 0.38685275, 0.38685275,
       0.38685275, 0.42374618, 0.42374618, 0.46173961, 0.46173961,
       0.50102076, 0.50102076, 0.50102076, 0.50102076, 0.54235248,
       0.54235248, 0.54235248, 0.54235248, 0.54235248, 0.5867206 ,
       0.5867206 , 0.5867206 , 0.5867206 , 0.63332458, 0.68018734,
       0.68018734, 0.68018734, 0.68018734, 0.68018734, 0.68018734,
       0.68018734, 0.78253607, 0.78253607, 0.78253607, 0.78253607,
       0.83576169, 0.88938314, 0.88938314, 0.88938314, 1.        ,
       1.        ]), array([0.        , 0.11568433, 0.29362525, 0.29362525, 0.29362525,
       0.29362525, 1.        , 1.        , 1.        , 1.        ,
       1.        , 1.        , 1.        , 1.        , 1.        ,
       1.        , 1.        , 1.        , 1.        , 1.        ,
       1.        , 1.        , 1.        , 1.        , 1.        ,
       1.        , 1.        , 1.        , 1.        , 1.        ,
       1.        , 1.        , 1.        , 1.        , 1.        ,
       1.        , 1.        , 1.        , 1.        , 1.        ,
       1.        , 1.        , 1.        , 1.        , 1.        ,
       1.        , 1.        , 1.        , 1.        , 1.        ,
       1.        , 1.        , 1.        , 1.        , 1.        ,
       1.        , 1.        , 1.        , 1.        , 1.        ,
       1.        , 1.        , 1.        , 1.        , 1.        ,
       1.        , 1.        , 1.        , 1.        , 1.        ,
       1.        , 1.        , 1.        , 1.        , 1.        ,
       1.        , 1.        , 1.        , 1.        , 1.        ,
       1.        , 1.        , 1.        , 1.        , 1.        ,
       1.        , 1.        , 1.        , 1.        , 1.        ,
       1.        , 1.        , 1.        , 1.        , 1.        ,
       1.        , 1.        , 1.        , 1.        , 1.        ,
       1.        ]), array([0.00000000e+00, 8.28108138e-04, 4.48510067e-03, 8.60099261e-03,
       1.39389524e-02, 2.09544806e-02, 2.93975627e-02, 2.93975627e-02,
       3.51041023e-02, 3.51041023e-02, 4.29414654e-02, 4.29414654e-02,
       4.29414654e-02, 4.29414654e-02, 4.29414654e-02, 4.29414654e-02,
       4.29414654e-02, 4.29414654e-02, 5.66940486e-02, 7.13606900e-02,
       7.13606900e-02, 7.13606900e-02, 8.83603045e-02, 8.83603045e-02,
       1.07048800e-01, 1.07048800e-01, 1.27294628e-01, 1.48480496e-01,
       1.70154785e-01, 1.70154785e-01, 1.93924447e-01, 1.93924447e-01,
       2.19541472e-01, 2.19541472e-01, 2.46026164e-01, 2.46026164e-01,
       2.74175464e-01, 2.74175464e-01, 2.74175464e-01, 2.74175464e-01,
       2.74175464e-01, 2.74175464e-01, 2.74175464e-01, 3.08593909e-01,
       3.08593909e-01, 3.08593909e-01, 3.08593909e-01, 3.08593909e-01,
       3.08593909e-01, 3.08593909e-01, 3.08593909e-01, 3.08593909e-01,
       3.08593909e-01, 3.08593909e-01, 3.08593909e-01, 3.08593909e-01,
       3.08593909e-01, 3.08593909e-01, 3.08593909e-01, 3.55545155e-01,
       3.55545155e-01, 3.55545155e-01, 3.55545155e-01, 3.55545155e-01,
       3.55545155e-01, 3.55545155e-01, 3.55545155e-01, 3.55545155e-01,
       3.55545155e-01, 4.10747345e-01, 4.10747345e-01, 4.67563765e-01,
       5.81776681e-01, 5.81776681e-01, 6.40381830e-01, 6.40381830e-01,
       6.40381830e-01, 6.40381830e-01, 6.40381830e-01, 6.40381830e-01,
       7.04384069e-01, 7.04384069e-01, 7.04384069e-01, 7.04384069e-01,
       7.04384069e-01, 7.04384069e-01, 7.72979838e-01, 8.42592111e-01,
       8.42592111e-01, 8.42592111e-01, 8.42592111e-01, 8.42592111e-01,
       8.42592111e-01, 8.42592111e-01, 8.42592111e-01, 8.42592111e-01,
       8.42592111e-01, 9.19888064e-01, 9.19888064e-01, 9.19888064e-01,
       1.00000000e+00]), array([0.        , 0.00309568, 0.01019566, 0.01318082, 0.01318082,
       0.01318082, 0.02495971, 0.03831352, 0.05431184, 0.05431184,
       0.06418929, 0.06418929, 0.0883786 , 0.0883786 , 0.11718305,
       0.11718305, 0.11718305, 0.13484573, 0.17191655, 0.17191655,
       0.19254158, 0.23617843, 0.23617843, 0.23617843, 0.23617843,
       0.23617843, 0.23617843, 0.29185249, 0.29185249, 0.32180301,
       0.32180301, 0.32180301, 0.32180301, 0.32180301, 0.32180301,
       0.32180301, 0.32180301, 0.32180301, 0.32180301, 0.36263742,
       0.36263742, 0.36263742, 0.36263742, 0.40829959, 0.40829959,
       0.40829959, 0.40829959, 0.40829959, 0.45857153, 0.45857153,
       0.45857153, 0.45857153, 0.45857153, 0.45857153, 0.45857153,
       0.45857153, 0.45857153, 0.45857153, 0.45857153, 0.45857153,
       0.45857153, 0.45857153, 0.45857153, 0.45857153, 0.52636555,
       0.52636555, 0.52636555, 0.52636555, 0.52636555, 0.52636555,
       0.52636555, 0.52636555, 0.52636555, 0.52636555, 0.52636555,
       0.52636555, 0.52636555, 0.52636555, 0.52636555, 0.52636555,
       0.52636555, 0.52636555, 0.52636555, 0.61375655, 0.61375655,
       0.70386415, 0.70386415, 0.70386415, 0.70386415, 0.70386415,
       0.79872   , 0.79872   , 0.89630168, 0.89630168, 0.89630168,
       0.89630168, 0.89630168, 0.89630168, 1.        , 1.        ,
       1.        ])]",-0.0853303839149143,0.0957991847153501,0.0550688972428309,0.0466843300839117,"[{'lambda_reg': 1.668873343146921e-05, 'K_bin': 931, 'gamma': 0.3184523615646991}, {'lambda_reg': 0.014226101412637127, 'K_bin': 16, 'gamma': 0.2050023967093736}, {'lambda_reg': 0.1222794961778838, 'K_bin': 513, 'gamma': 0.23964584569612093}, {'lambda_reg': 0.006012284048920901, 'K_bin': 136, 'gamma': 0.014534674338591597}, {'lambda_reg': 0.0003761844674376658, 'K_bin': 57, 'gamma': 0.005307977199791011}]",300,3,rbf,57
"[np.float64(0.1321746587837082), np.float64(0.09826478403852065), np.float64(0.10148080728669796), np.float64(0.09830121408579759), np.float64(0.13435412468651678)]",0.1129151177762482,0.0166703500454464,"[np.float64(0.7091674092346388), np.float64(0.8087815303359467), np.float64(0.7423636144434896), np.float64(0.7759569224554269), np.float64(0.7280454531077081)]",0.752862985915442,0.0354842603768424,"[np.float64(0.9651850970618745), np.float64(0.9757523518317237), np.float64(0.9435800811192543), np.float64(0.9831732806574403), np.float64(0.9923427852383042)]",0.9720067191817192,0.0167743001146274,"[array([0.        , 0.96825556, 0.96825556, 0.96825556, 0.96825556,
       0.98416145, 1.        , 1.        , 1.        , 1.        ,
       1.        , 1.        , 1.        , 1.        , 1.        ,
       1.        , 1.        , 1.        , 1.        , 1.        ,
       1.        , 1.        , 1.        , 1.        , 1.        ,
       1.        , 1.        , 1.        , 1.        , 1.        ,
       1.        , 1.        , 1.        , 1.        , 1.        ,
       1.        , 1.        , 1.        , 1.        , 1.        ,
       1.        , 1.        , 1.        , 1.        , 1.        ,
       1.        , 1.        , 1.        , 1.        , 1.        ,
       1.        , 1.        , 1.        , 1.        , 1.        ,
       1.        , 1.        , 1.        , 1.        , 1.        ,
       1.        , 1.        , 1.        , 1.        , 1.        ,
       1.        , 1.        , 1.        , 1.        , 1.        ,
       1.        , 1.        , 1.        , 1.        , 1.        ,
       1.        , 1.        , 1.        , 1.        , 1.        ,
       1.        , 1.        , 1.        , 1.        , 1.        ,
       1.        , 1.        , 1.        , 1.        , 1.        ,
       1.        , 1.        , 1.        , 1.        , 1.        ,
       1.        , 1.        , 1.        , 1.        , 1.        ,
       1.        ]), array([0.16691599, 0.95140566, 0.96786411, 0.96786411, 1.        ,
       1.        , 1.        , 1.        , 1.        , 1.        ,
       1.        , 1.        , 1.        , 1.        , 1.        ,
       1.        , 1.        , 1.        , 1.        , 1.        ,
       1.        , 1.        , 1.        , 1.        , 1.        ,
       1.        , 1.        , 1.        , 1.        , 1.        ,
       1.        , 1.        , 1.        , 1.        , 1.        ,
       1.        , 1.        , 1.        , 1.        , 1.        ,
       1.        , 1.        , 1.        , 1.        , 1.        ,
       1.        , 1.        , 1.        , 1.        , 1.        ,
       1.        , 1.        , 1.        , 1.        , 1.        ,
       1.        , 1.        , 1.        , 1.        , 1.        ,
       1.        , 1.        , 1.        , 1.        , 1.        ,
       1.        , 1.        , 1.        , 1.        , 1.        ,
       1.        , 1.        , 1.        , 1.        , 1.        ,
       1.        , 1.        , 1.        , 1.        , 1.        ,
       1.        , 1.        , 1.        , 1.        , 1.        ,
       1.        , 1.        , 1.        , 1.        , 1.        ,
       1.        , 1.        , 1.        , 1.        , 1.        ,
       1.        , 1.        , 1.        , 1.        , 1.        ,
       1.        ]), array([0.05006915, 0.93454342, 0.98380395, 1.        , 1.        ,
       1.        , 1.        , 1.        , 1.        , 1.        ,
       1.        , 1.        , 1.        , 1.        , 1.        ,
       1.        , 1.        , 1.        , 1.        , 1.        ,
       1.        , 1.        , 1.        , 1.        , 1.        ,
       1.        , 1.        , 1.        , 1.        , 1.        ,
       1.        , 1.        , 1.        , 1.        , 1.        ,
       1.        , 1.        , 1.        , 1.        , 1.        ,
       1.        , 1.        , 1.        , 1.        , 1.        ,
       1.        , 1.        , 1.        , 1.        , 1.        ,
       1.        , 1.        , 1.        , 1.        , 1.        ,
       1.        , 1.        , 1.        , 1.        , 1.        ,
       1.        , 1.        , 1.        , 1.        , 1.        ,
       1.        , 1.        , 1.        , 1.        , 1.        ,
       1.        , 1.        , 1.        , 1.        , 1.        ,
       1.        , 1.        , 1.        , 1.        , 1.        ,
       1.        , 1.        , 1.        , 1.        , 1.        ,
       1.        , 1.        , 1.        , 1.        , 1.        ,
       1.        , 1.        , 1.        , 1.        , 1.        ,
       1.        , 1.        , 1.        , 1.        , 1.        ,
       1.        ]), array([0.        , 0.9115902 , 0.96155198, 0.96155198, 0.96155198,
       0.97772449, 0.97772449, 0.97772449, 0.99338302, 0.99338302,
       0.99338302, 0.99338302, 0.99338302, 0.99338302, 0.99338302,
       0.99338302, 0.99338302, 0.99338302, 0.99338302, 0.99338302,
       0.99338302, 0.99338302, 0.99338302, 0.99338302, 0.99338302,
       0.99338302, 0.99338302, 0.99338302, 0.99338302, 0.99338302,
       0.99338302, 0.99338302, 0.99338302, 0.99338302, 0.99338302,
       0.99338302, 0.99338302, 0.99338302, 0.99338302, 0.99338302,
       0.99338302, 0.99338302, 0.99338302, 0.99338302, 0.99338302,
       0.99338302, 0.99338302, 0.99338302, 0.99338302, 0.99338302,
       0.99338302, 0.99338302, 0.99338302, 0.99338302, 0.99338302,
       0.99338302, 0.99338302, 0.99338302, 0.99338302, 0.99338302,
       0.99338302, 1.        , 1.        , 1.        , 1.        ,
       1.        , 1.        , 1.        , 1.        , 1.        ,
       1.        , 1.        , 1.        , 1.        , 1.        ,
       1.        , 1.        , 1.        , 1.        , 1.        ,
       1.        , 1.        , 1.        , 1.        , 1.        ,
       1.        , 1.        , 1.        , 1.        , 1.        ,
       1.        , 1.        , 1.        , 1.        , 1.        ,
       1.        , 1.        , 1.        , 1.        , 1.        ,
       1.        ]), array([0.        , 0.94649202, 0.94649202, 0.94649202, 0.94649202,
       0.94649202, 0.94649202, 0.94649202, 0.96243206, 0.96243206,
       0.96243206, 0.97784866, 0.97784866, 0.97784866, 0.97784866,
       0.97784866, 0.97784866, 0.97784866, 0.97784866, 0.97784866,
       0.99176296, 0.99176296, 0.99176296, 0.99176296, 0.99176296,
       0.99176296, 0.99176296, 0.99176296, 0.99176296, 0.99176296,
       0.99176296, 0.99176296, 0.99176296, 0.99176296, 0.99176296,
       0.99176296, 0.99176296, 0.99176296, 0.99176296, 0.99176296,
       0.99176296, 0.99176296, 0.99176296, 0.99176296, 0.99176296,
       0.99176296, 0.99176296, 0.99176296, 0.99176296, 0.99176296,
       0.99176296, 0.99176296, 0.99176296, 0.99176296, 0.99176296,
       0.99176296, 0.99176296, 0.99176296, 0.99176296, 0.99176296,
       0.99176296, 0.99176296, 0.99176296, 0.99176296, 0.99176296,
       0.99176296, 0.99176296, 0.99176296, 0.99176296, 0.99715272,
       0.99715272, 0.99715272, 0.99715272, 0.99715272, 0.99715272,
       0.99715272, 0.99715272, 0.99715272, 0.99715272, 0.99715272,
       0.99715272, 0.99715272, 0.99715272, 0.99715272, 1.        ,
       1.        , 1.        , 1.        , 1.        , 1.        ,
       1.        , 1.        , 1.        , 1.        , 1.        ,
       1.        , 1.        , 1.        , 1.        , 1.        ,
       1.        ])]","[array([0.        , 0.03854204, 0.03854204, 0.03854204, 0.03854204,
       0.49960438, 1.        , 1.        , 1.        , 1.        ,
       1.        , 1.        , 1.        , 1.        , 1.        ,
       1.        , 1.        , 1.        , 1.        , 1.        ,
       1.        , 1.        , 1.        , 1.        , 1.        ,
       1.        , 1.        , 1.        , 1.        , 1.        ,
       1.        , 1.        , 1.        , 1.        , 1.        ,
       1.        , 1.        , 1.        , 1.        , 1.        ,
       1.        , 1.        , 1.        , 1.        , 1.        ,
       1.        , 1.        , 1.        , 1.        , 1.        ,
       1.        , 1.        , 1.        , 1.        , 1.        ,
       1.        , 1.        , 1.        , 1.        , 1.        ,
       1.        , 1.        , 1.        , 1.        , 1.        ,
       1.        , 1.        , 1.        , 1.        , 1.        ,
       1.        , 1.        , 1.        , 1.        , 1.        ,
       1.        , 1.        , 1.        , 1.        , 1.        ,
       1.        , 1.        , 1.        , 1.        , 1.        ,
       1.        , 1.        , 1.        , 1.        , 1.        ,
       1.        , 1.        , 1.        , 1.        , 1.        ,
       1.        , 1.        , 1.        , 1.        , 1.        ,
       1.        ]), array([0.        , 0.01034168, 0.16619737, 0.16619737, 1.        ,
       1.        , 1.        , 1.        , 1.        , 1.        ,
       1.        , 1.        , 1.        , 1.        , 1.        ,
       1.        , 1.        , 1.        , 1.        , 1.        ,
       1.        , 1.        , 1.        , 1.        , 1.        ,
       1.        , 1.        , 1.        , 1.        , 1.        ,
       1.        , 1.        , 1.        , 1.        , 1.        ,
       1.        , 1.        , 1.        , 1.        , 1.        ,
       1.        , 1.        , 1.        , 1.        , 1.        ,
       1.        , 1.        , 1.        , 1.        , 1.        ,
       1.        , 1.        , 1.        , 1.        , 1.        ,
       1.        , 1.        , 1.        , 1.        , 1.        ,
       1.        , 1.        , 1.        , 1.        , 1.        ,
       1.        , 1.        , 1.        , 1.        , 1.        ,
       1.        , 1.        , 1.        , 1.        , 1.        ,
       1.        , 1.        , 1.        , 1.        , 1.        ,
       1.        , 1.        , 1.        , 1.        , 1.        ,
       1.        , 1.        , 1.        , 1.        , 1.        ,
       1.        , 1.        , 1.        , 1.        , 1.        ,
       1.        , 1.        , 1.        , 1.        , 1.        ,
       1.        ]), array([0.        , 0.0584219 , 0.64307096, 1.        , 1.        ,
       1.        , 1.        , 1.        , 1.        , 1.        ,
       1.        , 1.        , 1.        , 1.        , 1.        ,
       1.        , 1.        , 1.        , 1.        , 1.        ,
       1.        , 1.        , 1.        , 1.        , 1.        ,
       1.        , 1.        , 1.        , 1.        , 1.        ,
       1.        , 1.        , 1.        , 1.        , 1.        ,
       1.        , 1.        , 1.        , 1.        , 1.        ,
       1.        , 1.        , 1.        , 1.        , 1.        ,
       1.        , 1.        , 1.        , 1.        , 1.        ,
       1.        , 1.        , 1.        , 1.        , 1.        ,
       1.        , 1.        , 1.        , 1.        , 1.        ,
       1.        , 1.        , 1.        , 1.        , 1.        ,
       1.        , 1.        , 1.        , 1.        , 1.        ,
       1.        , 1.        , 1.        , 1.        , 1.        ,
       1.        , 1.        , 1.        , 1.        , 1.        ,
       1.        , 1.        , 1.        , 1.        , 1.        ,
       1.        , 1.        , 1.        , 1.        , 1.        ,
       1.        , 1.        , 1.        , 1.        , 1.        ,
       1.        , 1.        , 1.        , 1.        , 1.        ,
       1.        ]), array([0.        , 0.01445899, 0.06737919, 0.06737919, 0.06737919,
       0.1218017 , 0.1218017 , 0.1218017 , 0.21549424, 0.21549424,
       0.21549424, 0.21549424, 0.21549424, 0.21549424, 0.21549424,
       0.21549424, 0.21549424, 0.21549424, 0.21549424, 0.21549424,
       0.21549424, 0.21549424, 0.21549424, 0.21549424, 0.21549424,
       0.21549424, 0.21549424, 0.21549424, 0.21549424, 0.21549424,
       0.21549424, 0.21549424, 0.21549424, 0.21549424, 0.21549424,
       0.21549424, 0.21549424, 0.21549424, 0.21549424, 0.21549424,
       0.21549424, 0.21549424, 0.21549424, 0.21549424, 0.21549424,
       0.21549424, 0.21549424, 0.21549424, 0.21549424, 0.21549424,
       0.21549424, 0.21549424, 0.21549424, 0.21549424, 0.21549424,
       0.21549424, 0.21549424, 0.21549424, 0.21549424, 0.21549424,
       0.21549424, 1.        , 1.        , 1.        , 1.        ,
       1.        , 1.        , 1.        , 1.        , 1.        ,
       1.        , 1.        , 1.        , 1.        , 1.        ,
       1.        , 1.        , 1.        , 1.        , 1.        ,
       1.        , 1.        , 1.        , 1.        , 1.        ,
       1.        , 1.        , 1.        , 1.        , 1.        ,
       1.        , 1.        , 1.        , 1.        , 1.        ,
       1.        , 1.        , 1.        , 1.        , 1.        ,
       1.        ]), array([0.00000000e+00, 1.08083518e-04, 1.08083518e-04, 1.08083518e-04,
       1.08083518e-04, 1.08083518e-04, 1.08083518e-04, 1.08083518e-04,
       3.91047041e-02, 3.91047041e-02, 3.91047041e-02, 9.41868116e-02,
       9.41868116e-02, 9.41868116e-02, 9.41868116e-02, 9.41868116e-02,
       9.41868116e-02, 9.41868116e-02, 9.41868116e-02, 9.41868116e-02,
       1.95436118e-01, 1.95436118e-01, 1.95436118e-01, 1.95436118e-01,
       1.95436118e-01, 1.95436118e-01, 1.95436118e-01, 1.95436118e-01,
       1.95436118e-01, 1.95436118e-01, 1.95436118e-01, 1.95436118e-01,
       1.95436118e-01, 1.95436118e-01, 1.95436118e-01, 1.95436118e-01,
       1.95436118e-01, 1.95436118e-01, 1.95436118e-01, 1.95436118e-01,
       1.95436118e-01, 1.95436118e-01, 1.95436118e-01, 1.95436118e-01,
       1.95436118e-01, 1.95436118e-01, 1.95436118e-01, 1.95436118e-01,
       1.95436118e-01, 1.95436118e-01, 1.95436118e-01, 1.95436118e-01,
       1.95436118e-01, 1.95436118e-01, 1.95436118e-01, 1.95436118e-01,
       1.95436118e-01, 1.95436118e-01, 1.95436118e-01, 1.95436118e-01,
       1.95436118e-01, 1.95436118e-01, 1.95436118e-01, 1.95436118e-01,
       1.95436118e-01, 1.95436118e-01, 1.95436118e-01, 1.95436118e-01,
       1.95436118e-01, 5.58651905e-01, 5.58651905e-01, 5.58651905e-01,
       5.58651905e-01, 5.58651905e-01, 5.58651905e-01, 5.58651905e-01,
       5.58651905e-01, 5.58651905e-01, 5.58651905e-01, 5.58651905e-01,
       5.58651905e-01, 5.58651905e-01, 5.58651905e-01, 5.58651905e-01,
       1.00000000e+00, 1.00000000e+00, 1.00000000e+00, 1.00000000e+00,
       1.00000000e+00, 1.00000000e+00, 1.00000000e+00, 1.00000000e+00,
       1.00000000e+00, 1.00000000e+00, 1.00000000e+00, 1.00000000e+00,
       1.00000000e+00, 1.00000000e+00, 1.00000000e+00, 1.00000000e+00,
       1.00000000e+00])]",-0.2085676576397727,0.0559018181870884,0.1331758795086749,0.056674928977559,"[{'lambda_reg': 0.0010552603885855584, 'K_bin': 436, 'gamma': 0.0010135548180447874}, {'lambda_reg': 1.5184923548179327e-05, 'K_bin': 942, 'gamma': 0.005137503810625063}, {'lambda_reg': 1.5567221179508077e-05, 'K_bin': 787, 'gamma': 0.012501277763354905}, {'lambda_reg': 0.003584453433669601, 'K_bin': 402, 'gamma': 0.010253196321795398}, {'lambda_reg': 1.0930601906368973e-05, 'K_bin': 500, 'gamma': 0.008248560044247403}]",300,3,exponential,59
"[np.float64(0.1256993479998382), np.float64(0.08282073777302046), np.float64(0.14599014588561893), np.float64(0.09801865143149494), np.float64(0.2251356378486697)]",0.1355329041877284,0.0498409355023208,"[np.float64(0.8163422615585911), np.float64(0.8478208582094956), np.float64(0.8359609213042725), np.float64(0.8225019035374073), np.float64(0.8082790625901429)]",0.8261810014399819,0.0141049368092933,"[np.float64(0.9901224757372937), np.float64(0.9894851754148773), np.float64(0.9014823340031352), np.float64(0.989842481999515), np.float64(0.955140549029088)]",0.9652146032367817,0.0345811622377136,"[array([0.03843209, 0.90266374, 0.90266374, 0.90266374, 0.92122294,
       0.92122294, 0.92122294, 0.92122294, 0.92122294, 0.92122294,
       0.9386029 , 0.9386029 , 0.9386029 , 0.9386029 , 0.9386029 ,
       0.9386029 , 0.95493508, 0.95493508, 0.95493508, 0.95493508,
       0.95493508, 0.95493508, 0.95493508, 0.95493508, 0.95493508,
       0.95493508, 0.95493508, 0.95493508, 0.95493508, 0.96861682,
       0.96861682, 0.96861682, 0.96861682, 0.96861682, 0.96861682,
       0.96861682, 0.96861682, 0.96861682, 0.96861682, 0.96861682,
       0.96861682, 0.96861682, 0.96861682, 0.96861682, 0.96861682,
       0.96861682, 0.96861682, 0.96861682, 0.97862694, 0.97862694,
       0.97862694, 0.97862694, 0.97862694, 0.9877146 , 0.9877146 ,
       0.9877146 , 0.9877146 , 0.9877146 , 0.9877146 , 0.9877146 ,
       0.9877146 , 0.9877146 , 0.9877146 , 0.9877146 , 0.9877146 ,
       0.9877146 , 0.9877146 , 0.9877146 , 0.9877146 , 0.9877146 ,
       0.9877146 , 0.9877146 , 0.9877146 , 0.9877146 , 0.9877146 ,
       0.9877146 , 0.99235444, 0.99235444, 0.99235444, 0.99645424,
       0.99645424, 0.99645424, 0.99645424, 0.99645424, 0.99645424,
       0.99645424, 0.99645424, 0.99645424, 0.99886092, 0.99886092,
       0.99886092, 0.99886092, 0.99886092, 0.99886092, 0.99886092,
       0.99886092, 0.99973851, 0.99973851, 0.99973851, 0.99993459,
       1.        ]), array([0.09925264, 0.85350909, 0.85350909, 0.87291281, 0.87291281,
       0.89185961, 0.89185961, 0.89185961, 0.89185961, 0.92829208,
       0.92829208, 0.92829208, 0.92829208, 0.92829208, 0.92829208,
       0.92829208, 0.92829208, 0.94496306, 0.94496306, 0.94496306,
       0.94496306, 0.94496306, 0.94496306, 0.94496306, 0.94496306,
       0.94496306, 0.94496306, 0.94496306, 0.94496306, 0.94496306,
       0.94496306, 0.94496306, 0.94496306, 0.94496306, 0.94496306,
       0.94496306, 0.94496306, 0.94496306, 0.94496306, 0.96926015,
       0.96926015, 0.96926015, 0.96926015, 0.96926015, 0.96926015,
       0.98033603, 0.98033603, 0.98033603, 0.98033603, 0.98033603,
       0.99044803, 0.99044803, 0.99044803, 0.99044803, 0.99044803,
       0.99044803, 0.99044803, 0.99044803, 0.99044803, 0.99044803,
       0.99044803, 0.99044803, 0.99044803, 0.99044803, 0.99044803,
       0.99044803, 0.99044803, 0.99044803, 0.99044803, 0.99044803,
       0.99044803, 0.99044803, 0.99044803, 0.99044803, 0.99044803,
       0.99044803, 0.99044803, 0.99044803, 0.99044803, 0.99044803,
       0.99044803, 0.99044803, 0.9941656 , 0.9941656 , 0.9941656 ,
       0.9941656 , 0.9941656 , 0.9941656 , 0.9941656 , 0.99650722,
       0.99864553, 0.99864553, 0.99864553, 0.99864553, 0.99864553,
       0.99864553, 0.99864553, 0.99924294, 0.99969234, 0.99969234,
       1.        ]), array([0.        , 0.19641591, 0.19641591, 0.27294107, 0.27294107,
       0.27294107, 0.27294107, 0.27294107, 0.27294107, 0.27294107,
       0.27294107, 0.30804313, 0.34293819, 0.34293819, 0.34293819,
       0.34293819, 0.34293819, 0.37571325, 0.44058912, 0.44058912,
       0.44058912, 0.44058912, 0.44058912, 0.44058912, 0.44058912,
       0.44058912, 0.44058912, 0.44058912, 0.44058912, 0.49701049,
       0.49701049, 0.52419096, 0.55109418, 0.55109418, 0.57719858,
       0.57719858, 0.62786917, 0.62786917, 0.62786917, 0.62786917,
       0.62786917, 0.67481438, 0.72059013, 0.74312862, 0.74312862,
       0.74312862, 0.76442732, 0.76442732, 0.76442732, 0.80488195,
       0.80488195, 0.80488195, 0.80488195, 0.80488195, 0.80488195,
       0.82272272, 0.82272272, 0.83974821, 0.85628978, 0.87264419,
       0.87264419, 0.87264419, 0.887594  , 0.887594  , 0.887594  ,
       0.887594  , 0.887594  , 0.887594  , 0.90020472, 0.90020472,
       0.9123364 , 0.93554636, 0.9579163 , 0.9579163 , 0.9579163 ,
       0.9579163 , 0.9579163 , 0.9579163 , 0.9579163 , 0.9579163 ,
       0.96616134, 0.96616134, 0.96616134, 0.97301906, 0.97301906,
       0.97301906, 0.97301906, 0.97301906, 0.98773845, 0.98773845,
       0.98773845, 0.99139905, 0.99139905, 0.99139905, 0.99139905,
       0.99348026, 0.99348026, 0.99473141, 0.99747856, 0.9993213 ,
       1.        ]), array([0.07480185, 0.85991898, 0.91517398, 0.91517398, 0.91517398,
       0.91517398, 0.91517398, 0.91517398, 0.91517398, 0.91517398,
       0.94914638, 0.94914638, 0.94914638, 0.94914638, 0.94914638,
       0.94914638, 0.96488615, 0.96488615, 0.96488615, 0.96488615,
       0.96488615, 0.96488615, 0.96488615, 0.96488615, 0.96488615,
       0.96488615, 0.96488615, 0.96488615, 0.96488615, 0.96488615,
       0.96488615, 0.96488615, 0.96488615, 0.96488615, 0.96488615,
       0.9771217 , 0.9771217 , 0.9771217 , 0.9771217 , 0.9771217 ,
       0.9771217 , 0.9771217 , 0.98807272, 0.98807272, 0.98807272,
       0.98807272, 0.98807272, 0.98807272, 0.98807272, 0.98807272,
       0.98807272, 0.98807272, 0.98807272, 0.98807272, 0.98807272,
       0.98807272, 0.98807272, 0.98807272, 0.98807272, 0.98807272,
       0.98807272, 0.98807272, 0.98807272, 0.98807272, 0.98807272,
       0.98807272, 0.98807272, 0.98807272, 0.98807272, 0.98807272,
       0.98807272, 0.99364737, 0.99364737, 0.99364737, 0.99364737,
       0.99364737, 0.99364737, 0.99364737, 0.99364737, 0.99364737,
       0.99364737, 0.99364737, 0.99364737, 0.99364737, 0.99364737,
       0.99364737, 0.99364737, 0.99364737, 0.99364737, 0.99577006,
       0.99577006, 0.99763163, 0.99763163, 0.99900868, 0.99900868,
       0.99999755, 0.99999755, 0.99999755, 0.99999755, 0.99999755,
       1.        ]), array([0.        , 0.32367696, 0.4192407 , 0.48228197, 0.48228197,
       0.54386253, 0.57432407, 0.60443547, 0.60443547, 0.60443547,
       0.60443547, 0.60443547, 0.63298965, 0.63298965, 0.63298965,
       0.63298965, 0.66048163, 0.66048163, 0.68734388, 0.68734388,
       0.68734388, 0.68734388, 0.68734388, 0.68734388, 0.68734388,
       0.68734388, 0.68734388, 0.71127897, 0.71127897, 0.73437824,
       0.75720658, 0.75720658, 0.77929121, 0.77929121, 0.80088658,
       0.80088658, 0.80088658, 0.82152111, 0.84169651, 0.84169651,
       0.84169651, 0.84169651, 0.84169651, 0.86039087, 0.86039087,
       0.86039087, 0.86039087, 0.87773164, 0.89487768, 0.89487768,
       0.89487768, 0.89487768, 0.89487768, 0.89487768, 0.93993263,
       0.93993263, 0.93993263, 0.93993263, 0.93993263, 0.93993263,
       0.93993263, 0.93993263, 0.93993263, 0.93993263, 0.93993263,
       0.93993263, 0.93993263, 0.95068213, 0.95068213, 0.95068213,
       0.95068213, 0.9603186 , 0.96946996, 0.96946996, 0.96946996,
       0.96946996, 0.97730749, 0.97730749, 0.97730749, 0.97730749,
       0.97730749, 0.97730749, 0.98332277, 0.98332277, 0.9887428 ,
       0.9887428 , 0.9887428 , 0.9887428 , 0.9887428 , 0.9887428 ,
       0.9887428 , 0.99197786, 0.99466708, 0.99694799, 0.99694799,
       0.99694799, 0.99694799, 0.99694799, 0.99867787, 0.99920187,
       1.        ])]","[array([0.        , 0.00320548, 0.00320548, 0.00320548, 0.00749958,
       0.00749958, 0.00749958, 0.00749958, 0.00749958, 0.00749958,
       0.01950311, 0.01950311, 0.01950311, 0.01950311, 0.01950311,
       0.01950311, 0.03835647, 0.03835647, 0.03835647, 0.03835647,
       0.03835647, 0.03835647, 0.03835647, 0.03835647, 0.03835647,
       0.03835647, 0.03835647, 0.03835647, 0.03835647, 0.07453721,
       0.07453721, 0.07453721, 0.07453721, 0.07453721, 0.07453721,
       0.07453721, 0.07453721, 0.07453721, 0.07453721, 0.07453721,
       0.07453721, 0.07453721, 0.07453721, 0.07453721, 0.07453721,
       0.07453721, 0.07453721, 0.07453721, 0.13472134, 0.13472134,
       0.13472134, 0.13472134, 0.13472134, 0.20093611, 0.20093611,
       0.20093611, 0.20093611, 0.20093611, 0.20093611, 0.20093611,
       0.20093611, 0.20093611, 0.20093611, 0.20093611, 0.20093611,
       0.20093611, 0.20093611, 0.20093611, 0.20093611, 0.20093611,
       0.20093611, 0.20093611, 0.20093611, 0.20093611, 0.20093611,
       0.20093611, 0.29622869, 0.29622869, 0.29622869, 0.39505187,
       0.39505187, 0.39505187, 0.39505187, 0.39505187, 0.39505187,
       0.39505187, 0.39505187, 0.39505187, 0.5049438 , 0.5049438 ,
       0.5049438 , 0.5049438 , 0.5049438 , 0.5049438 , 0.5049438 ,
       0.5049438 , 0.62483229, 0.62483229, 0.62483229, 0.74917611,
       1.        ]), array([0.00000000e+00, 3.33112767e-04, 3.33112767e-04, 2.67204969e-03,
       2.67204969e-03, 7.40280223e-03, 7.40280223e-03, 7.40280223e-03,
       7.40280223e-03, 2.45130230e-02, 2.45130230e-02, 2.45130230e-02,
       2.45130230e-02, 2.45130230e-02, 2.45130230e-02, 2.45130230e-02,
       2.45130230e-02, 4.11570687e-02, 4.11570687e-02, 4.11570687e-02,
       4.11570687e-02, 4.11570687e-02, 4.11570687e-02, 4.11570687e-02,
       4.11570687e-02, 4.11570687e-02, 4.11570687e-02, 4.11570687e-02,
       4.11570687e-02, 4.11570687e-02, 4.11570687e-02, 4.11570687e-02,
       4.11570687e-02, 4.11570687e-02, 4.11570687e-02, 4.11570687e-02,
       4.11570687e-02, 4.11570687e-02, 4.11570687e-02, 1.21792768e-01,
       1.21792768e-01, 1.21792768e-01, 1.21792768e-01, 1.21792768e-01,
       1.21792768e-01, 1.67725704e-01, 1.67725704e-01, 1.67725704e-01,
       1.67725704e-01, 1.67725704e-01, 2.18704271e-01, 2.18704271e-01,
       2.18704271e-01, 2.18704271e-01, 2.18704271e-01, 2.18704271e-01,
       2.18704271e-01, 2.18704271e-01, 2.18704271e-01, 2.18704271e-01,
       2.18704271e-01, 2.18704271e-01, 2.18704271e-01, 2.18704271e-01,
       2.18704271e-01, 2.18704271e-01, 2.18704271e-01, 2.18704271e-01,
       2.18704271e-01, 2.18704271e-01, 2.18704271e-01, 2.18704271e-01,
       2.18704271e-01, 2.18704271e-01, 2.18704271e-01, 2.18704271e-01,
       2.18704271e-01, 2.18704271e-01, 2.18704271e-01, 2.18704271e-01,
       2.18704271e-01, 2.18704271e-01, 3.03156020e-01, 3.03156020e-01,
       3.03156020e-01, 3.03156020e-01, 3.03156020e-01, 3.03156020e-01,
       3.03156020e-01, 3.94810462e-01, 4.87529226e-01, 4.87529226e-01,
       4.87529226e-01, 4.87529226e-01, 4.87529226e-01, 4.87529226e-01,
       4.87529226e-01, 5.88314149e-01, 6.89873852e-01, 6.89873852e-01,
       1.00000000e+00]), array([0.00000000e+00, 2.91555799e-06, 2.91555799e-06, 1.50824894e-03,
       1.50824894e-03, 1.50824894e-03, 1.50824894e-03, 1.50824894e-03,
       1.50824894e-03, 1.50824894e-03, 1.50824894e-03, 4.58989645e-03,
       7.82408239e-03, 7.82408239e-03, 7.82408239e-03, 7.82408239e-03,
       7.82408239e-03, 1.26204878e-02, 2.27101633e-02, 2.27101633e-02,
       2.27101633e-02, 2.27101633e-02, 2.27101633e-02, 2.27101633e-02,
       2.27101633e-02, 2.27101633e-02, 2.27101633e-02, 2.27101633e-02,
       2.27101633e-02, 3.90299514e-02, 3.90299514e-02, 4.79490111e-02,
       5.70723744e-02, 5.70723744e-02, 6.67843843e-02, 6.67843843e-02,
       8.73419146e-02, 8.73419146e-02, 8.73419146e-02, 8.73419146e-02,
       8.73419146e-02, 1.10644671e-01, 1.34809207e-01, 1.47148929e-01,
       1.47148929e-01, 1.47148929e-01, 1.60402260e-01, 1.60402260e-01,
       1.60402260e-01, 1.88487917e-01, 1.88487917e-01, 1.88487917e-01,
       1.88487917e-01, 1.88487917e-01, 1.88487917e-01, 2.04289390e-01,
       2.04289390e-01, 2.20691641e-01, 2.37450489e-01, 2.54347259e-01,
       2.54347259e-01, 2.54347259e-01, 2.72279071e-01, 2.72279071e-01,
       2.72279071e-01, 2.72279071e-01, 2.72279071e-01, 2.72279071e-01,
       2.91934560e-01, 2.91934560e-01, 3.11943056e-01, 3.52736293e-01,
       3.94148535e-01, 3.94148535e-01, 3.94148535e-01, 3.94148535e-01,
       3.94148535e-01, 3.94148535e-01, 3.94148535e-01, 3.94148535e-01,
       4.17021090e-01, 4.17021090e-01, 4.17021090e-01, 4.40915953e-01,
       4.40915953e-01, 4.40915953e-01, 4.40915953e-01, 4.40915953e-01,
       5.16914191e-01, 5.16914191e-01, 5.16914191e-01, 5.43165019e-01,
       5.43165019e-01, 5.43165019e-01, 5.43165019e-01, 5.70579691e-01,
       5.70579691e-01, 5.98606031e-01, 6.83426603e-01, 7.68913625e-01,
       1.00000000e+00]), array([0.        , 0.00247679, 0.00941277, 0.00941277, 0.00941277,
       0.00941277, 0.00941277, 0.00941277, 0.00941277, 0.00941277,
       0.03750906, 0.03750906, 0.03750906, 0.03750906, 0.03750906,
       0.03750906, 0.06177155, 0.06177155, 0.06177155, 0.06177155,
       0.06177155, 0.06177155, 0.06177155, 0.06177155, 0.06177155,
       0.06177155, 0.06177155, 0.06177155, 0.06177155, 0.06177155,
       0.06177155, 0.06177155, 0.06177155, 0.06177155, 0.06177155,
       0.11475058, 0.11475058, 0.11475058, 0.11475058, 0.11475058,
       0.11475058, 0.11475058, 0.17825623, 0.17825623, 0.17825623,
       0.17825623, 0.17825623, 0.17825623, 0.17825623, 0.17825623,
       0.17825623, 0.17825623, 0.17825623, 0.17825623, 0.17825623,
       0.17825623, 0.17825623, 0.17825623, 0.17825623, 0.17825623,
       0.17825623, 0.17825623, 0.17825623, 0.17825623, 0.17825623,
       0.17825623, 0.17825623, 0.17825623, 0.17825623, 0.17825623,
       0.17825623, 0.28582043, 0.28582043, 0.28582043, 0.28582043,
       0.28582043, 0.28582043, 0.28582043, 0.28582043, 0.28582043,
       0.28582043, 0.28582043, 0.28582043, 0.28582043, 0.28582043,
       0.28582043, 0.28582043, 0.28582043, 0.28582043, 0.421673  ,
       0.421673  , 0.55966538, 0.55966538, 0.70162828, 0.70162828,
       0.84677236, 0.84677236, 0.84677236, 0.84677236, 0.84677236,
       1.        ]), array([0.00000000e+00, 8.33539554e-05, 1.74156091e-03, 3.55563697e-03,
       3.55563697e-03, 6.91949824e-03, 8.95020905e-03, 1.13524054e-02,
       1.13524054e-02, 1.13524054e-02, 1.13524054e-02, 1.13524054e-02,
       1.54067707e-02, 1.54067707e-02, 1.54067707e-02, 1.54067707e-02,
       2.05880908e-02, 2.05880908e-02, 2.64375510e-02, 2.64375510e-02,
       2.64375510e-02, 2.64375510e-02, 2.64375510e-02, 2.64375510e-02,
       2.64375510e-02, 2.64375510e-02, 2.64375510e-02, 3.53926305e-02,
       3.53926305e-02, 4.52344959e-02, 5.53638004e-02, 5.53638004e-02,
       6.62821750e-02, 6.62821750e-02, 7.77196254e-02, 7.77196254e-02,
       7.77196254e-02, 9.01765048e-02, 1.03120516e-01, 1.03120516e-01,
       1.03120516e-01, 1.03120516e-01, 1.03120516e-01, 1.17635851e-01,
       1.17635851e-01, 1.17635851e-01, 1.17635851e-01, 1.33587317e-01,
       1.49745383e-01, 1.49745383e-01, 1.49745383e-01, 1.49745383e-01,
       1.49745383e-01, 1.49745383e-01, 2.04991939e-01, 2.04991939e-01,
       2.04991939e-01, 2.04991939e-01, 2.04991939e-01, 2.04991939e-01,
       2.04991939e-01, 2.04991939e-01, 2.04991939e-01, 2.04991939e-01,
       2.04991939e-01, 2.04991939e-01, 2.04991939e-01, 2.27936541e-01,
       2.27936541e-01, 2.27936541e-01, 2.27936541e-01, 2.52062048e-01,
       2.76702225e-01, 2.76702225e-01, 2.76702225e-01, 2.76702225e-01,
       3.02736348e-01, 3.02736348e-01, 3.02736348e-01, 3.02736348e-01,
       3.02736348e-01, 3.02736348e-01, 3.30703828e-01, 3.30703828e-01,
       3.59302845e-01, 3.59302845e-01, 3.59302845e-01, 3.59302845e-01,
       3.59302845e-01, 3.59302845e-01, 3.59302845e-01, 3.90220054e-01,
       4.21716385e-01, 4.53645911e-01, 4.53645911e-01, 4.53645911e-01,
       4.53645911e-01, 4.53645911e-01, 5.20509587e-01, 5.54303147e-01,
       1.00000000e+00])]",-0.2534897690782461,0.2055776564181548,0.1789324937592745,0.1399651959524746,"[{'lambda_reg': 0.003420512726980803, 'K_bin': 336, 'gamma': 0.13979381837578445}, {'lambda_reg': 0.0015621666725131149, 'K_bin': 585, 'gamma': 0.10766185250363107}, {'lambda_reg': 0.0007463273521415859, 'K_bin': 39, 'gamma': 0.050809136018087536}, {'lambda_reg': 0.0005771516784631491, 'K_bin': 454, 'gamma': 0.04459708651554351}, {'lambda_reg': 0.00013169120090232545, 'K_bin': 68, 'gamma': 0.33139360583016714}]",300,2,rbf,50
"[np.float64(0.25958585067243906), np.float64(0.2371645041041015), np.float64(0.25535429542235233), np.float64(0.2668878848487), np.float64(0.24801445173831418)]",0.2534013973571814,0.0101646692433446,"[np.float64(0.5224707141568659), np.float64(0.5535833062021157), np.float64(0.6148733067049005), np.float64(0.6011391022465953), np.float64(0.49396685642961785)]",0.557206657148019,0.0457700535414161,"[np.float64(0.5), np.float64(0.5833333333333334), np.float64(0.5208333333333334), np.float64(0.5083333333333333), np.float64(0.5)]",0.5225000000000001,0.0313581462037113,"[array([0., 1., 1., 1., 1., 1., 1., 1., 1., 1., 1., 1., 1., 1., 1., 1., 1.,
       1., 1., 1., 1., 1., 1., 1., 1., 1., 1., 1., 1., 1., 1., 1., 1., 1.,
       1., 1., 1., 1., 1., 1., 1., 1., 1., 1., 1., 1., 1., 1., 1., 1., 1.,
       1., 1., 1., 1., 1., 1., 1., 1., 1., 1., 1., 1., 1., 1., 1., 1., 1.,
       1., 1., 1., 1., 1., 1., 1., 1., 1., 1., 1., 1., 1., 1., 1., 1., 1.,
       1., 1., 1., 1., 1., 1., 1., 1., 1., 1., 1., 1., 1., 1., 1., 1.]), array([0.16666667, 1.        , 1.        , 1.        , 1.        ,
       1.        , 1.        , 1.        , 1.        , 1.        ,
       1.        , 1.        , 1.        , 1.        , 1.        ,
       1.        , 1.        , 1.        , 1.        , 1.        ,
       1.        , 1.        , 1.        , 1.        , 1.        ,
       1.        , 1.        , 1.        , 1.        , 1.        ,
       1.        , 1.        , 1.        , 1.        , 1.        ,
       1.        , 1.        , 1.        , 1.        , 1.        ,
       1.        , 1.        , 1.        , 1.        , 1.        ,
       1.        , 1.        , 1.        , 1.        , 1.        ,
       1.        , 1.        , 1.        , 1.        , 1.        ,
       1.        , 1.        , 1.        , 1.        , 1.        ,
       1.        , 1.        , 1.        , 1.        , 1.        ,
       1.        , 1.        , 1.        , 1.        , 1.        ,
       1.        , 1.        , 1.        , 1.        , 1.        ,
       1.        , 1.        , 1.        , 1.        , 1.        ,
       1.        , 1.        , 1.        , 1.        , 1.        ,
       1.        , 1.        , 1.        , 1.        , 1.        ,
       1.        , 1.        , 1.        , 1.        , 1.        ,
       1.        , 1.        , 1.        , 1.        , 1.        ,
       1.        ]), array([0.04166667, 1.        , 1.        , 1.        , 1.        ,
       1.        , 1.        , 1.        , 1.        , 1.        ,
       1.        , 1.        , 1.        , 1.        , 1.        ,
       1.        , 1.        , 1.        , 1.        , 1.        ,
       1.        , 1.        , 1.        , 1.        , 1.        ,
       1.        , 1.        , 1.        , 1.        , 1.        ,
       1.        , 1.        , 1.        , 1.        , 1.        ,
       1.        , 1.        , 1.        , 1.        , 1.        ,
       1.        , 1.        , 1.        , 1.        , 1.        ,
       1.        , 1.        , 1.        , 1.        , 1.        ,
       1.        , 1.        , 1.        , 1.        , 1.        ,
       1.        , 1.        , 1.        , 1.        , 1.        ,
       1.        , 1.        , 1.        , 1.        , 1.        ,
       1.        , 1.        , 1.        , 1.        , 1.        ,
       1.        , 1.        , 1.        , 1.        , 1.        ,
       1.        , 1.        , 1.        , 1.        , 1.        ,
       1.        , 1.        , 1.        , 1.        , 1.        ,
       1.        , 1.        , 1.        , 1.        , 1.        ,
       1.        , 1.        , 1.        , 1.        , 1.        ,
       1.        , 1.        , 1.        , 1.        , 1.        ,
       1.        ]), array([0.01666667, 1.        , 1.        , 1.        , 1.        ,
       1.        , 1.        , 1.        , 1.        , 1.        ,
       1.        , 1.        , 1.        , 1.        , 1.        ,
       1.        , 1.        , 1.        , 1.        , 1.        ,
       1.        , 1.        , 1.        , 1.        , 1.        ,
       1.        , 1.        , 1.        , 1.        , 1.        ,
       1.        , 1.        , 1.        , 1.        , 1.        ,
       1.        , 1.        , 1.        , 1.        , 1.        ,
       1.        , 1.        , 1.        , 1.        , 1.        ,
       1.        , 1.        , 1.        , 1.        , 1.        ,
       1.        , 1.        , 1.        , 1.        , 1.        ,
       1.        , 1.        , 1.        , 1.        , 1.        ,
       1.        , 1.        , 1.        , 1.        , 1.        ,
       1.        , 1.        , 1.        , 1.        , 1.        ,
       1.        , 1.        , 1.        , 1.        , 1.        ,
       1.        , 1.        , 1.        , 1.        , 1.        ,
       1.        , 1.        , 1.        , 1.        , 1.        ,
       1.        , 1.        , 1.        , 1.        , 1.        ,
       1.        , 1.        , 1.        , 1.        , 1.        ,
       1.        , 1.        , 1.        , 1.        , 1.        ,
       1.        ]), array([0., 1., 1., 1., 1., 1., 1., 1., 1., 1., 1., 1., 1., 1., 1., 1., 1.,
       1., 1., 1., 1., 1., 1., 1., 1., 1., 1., 1., 1., 1., 1., 1., 1., 1.,
       1., 1., 1., 1., 1., 1., 1., 1., 1., 1., 1., 1., 1., 1., 1., 1., 1.,
       1., 1., 1., 1., 1., 1., 1., 1., 1., 1., 1., 1., 1., 1., 1., 1., 1.,
       1., 1., 1., 1., 1., 1., 1., 1., 1., 1., 1., 1., 1., 1., 1., 1., 1.,
       1., 1., 1., 1., 1., 1., 1., 1., 1., 1., 1., 1., 1., 1., 1., 1.])]","[array([0., 1., 1., 1., 1., 1., 1., 1., 1., 1., 1., 1., 1., 1., 1., 1., 1.,
       1., 1., 1., 1., 1., 1., 1., 1., 1., 1., 1., 1., 1., 1., 1., 1., 1.,
       1., 1., 1., 1., 1., 1., 1., 1., 1., 1., 1., 1., 1., 1., 1., 1., 1.,
       1., 1., 1., 1., 1., 1., 1., 1., 1., 1., 1., 1., 1., 1., 1., 1., 1.,
       1., 1., 1., 1., 1., 1., 1., 1., 1., 1., 1., 1., 1., 1., 1., 1., 1.,
       1., 1., 1., 1., 1., 1., 1., 1., 1., 1., 1., 1., 1., 1., 1., 1.]), array([0., 1., 1., 1., 1., 1., 1., 1., 1., 1., 1., 1., 1., 1., 1., 1., 1.,
       1., 1., 1., 1., 1., 1., 1., 1., 1., 1., 1., 1., 1., 1., 1., 1., 1.,
       1., 1., 1., 1., 1., 1., 1., 1., 1., 1., 1., 1., 1., 1., 1., 1., 1.,
       1., 1., 1., 1., 1., 1., 1., 1., 1., 1., 1., 1., 1., 1., 1., 1., 1.,
       1., 1., 1., 1., 1., 1., 1., 1., 1., 1., 1., 1., 1., 1., 1., 1., 1.,
       1., 1., 1., 1., 1., 1., 1., 1., 1., 1., 1., 1., 1., 1., 1., 1.]), array([0., 1., 1., 1., 1., 1., 1., 1., 1., 1., 1., 1., 1., 1., 1., 1., 1.,
       1., 1., 1., 1., 1., 1., 1., 1., 1., 1., 1., 1., 1., 1., 1., 1., 1.,
       1., 1., 1., 1., 1., 1., 1., 1., 1., 1., 1., 1., 1., 1., 1., 1., 1.,
       1., 1., 1., 1., 1., 1., 1., 1., 1., 1., 1., 1., 1., 1., 1., 1., 1.,
       1., 1., 1., 1., 1., 1., 1., 1., 1., 1., 1., 1., 1., 1., 1., 1., 1.,
       1., 1., 1., 1., 1., 1., 1., 1., 1., 1., 1., 1., 1., 1., 1., 1.]), array([0., 1., 1., 1., 1., 1., 1., 1., 1., 1., 1., 1., 1., 1., 1., 1., 1.,
       1., 1., 1., 1., 1., 1., 1., 1., 1., 1., 1., 1., 1., 1., 1., 1., 1.,
       1., 1., 1., 1., 1., 1., 1., 1., 1., 1., 1., 1., 1., 1., 1., 1., 1.,
       1., 1., 1., 1., 1., 1., 1., 1., 1., 1., 1., 1., 1., 1., 1., 1., 1.,
       1., 1., 1., 1., 1., 1., 1., 1., 1., 1., 1., 1., 1., 1., 1., 1., 1.,
       1., 1., 1., 1., 1., 1., 1., 1., 1., 1., 1., 1., 1., 1., 1., 1.]), array([0., 1., 1., 1., 1., 1., 1., 1., 1., 1., 1., 1., 1., 1., 1., 1., 1.,
       1., 1., 1., 1., 1., 1., 1., 1., 1., 1., 1., 1., 1., 1., 1., 1., 1.,
       1., 1., 1., 1., 1., 1., 1., 1., 1., 1., 1., 1., 1., 1., 1., 1., 1.,
       1., 1., 1., 1., 1., 1., 1., 1., 1., 1., 1., 1., 1., 1., 1., 1., 1.,
       1., 1., 1., 1., 1., 1., 1., 1., 1., 1., 1., 1., 1., 1., 1., 1., 1.,
       1., 1., 1., 1., 1., 1., 1., 1., 1., 1., 1., 1., 1., 1., 1., 1.])]",-0.5372704702793236,0.0340763411298975,0.4420962073069878,0.0386279477199122,"[{'lambda_reg': 0.00019715987301471434, 'K_bin': 70}, {'lambda_reg': 1.927130174060703e-05, 'K_bin': 967}, {'lambda_reg': 0.8554524480091127, 'K_bin': 951}, {'lambda_reg': 3.254218682505405e-05, 'K_bin': 865}, {'lambda_reg': 5.347346060986852e-05, 'K_bin': 170}]",600,2,linear,70
"[np.float64(0.25675300894540654), np.float64(0.18183737931814), np.float64(0.33548534679964764), np.float64(0.24177330063481517), np.float64(0.28578191827965593)]",0.260326190795533,0.0506248233221218,"[np.float64(0.4507326920773107), np.float64(0.4578516636943983), np.float64(0.49319932599218086), np.float64(0.32610476527277266), np.float64(0.36585875557532316)]",0.4187494405223971,0.0624101884146503,"[np.float64(0.525), np.float64(0.5), np.float64(0.5166666666666667), np.float64(0.5), np.float64(0.5583333333333333)]",0.5199999999999999,0.0214734978778752,"[array([0.05, 1.  , 1.  , 1.  , 1.  , 1.  , 1.  , 1.  , 1.  , 1.  , 1.  ,
       1.  , 1.  , 1.  , 1.  , 1.  , 1.  , 1.  , 1.  , 1.  , 1.  , 1.  ,
       1.  , 1.  , 1.  , 1.  , 1.  , 1.  , 1.  , 1.  , 1.  , 1.  , 1.  ,
       1.  , 1.  , 1.  , 1.  , 1.  , 1.  , 1.  , 1.  , 1.  , 1.  , 1.  ,
       1.  , 1.  , 1.  , 1.  , 1.  , 1.  , 1.  , 1.  , 1.  , 1.  , 1.  ,
       1.  , 1.  , 1.  , 1.  , 1.  , 1.  , 1.  , 1.  , 1.  , 1.  , 1.  ,
       1.  , 1.  , 1.  , 1.  , 1.  , 1.  , 1.  , 1.  , 1.  , 1.  , 1.  ,
       1.  , 1.  , 1.  , 1.  , 1.  , 1.  , 1.  , 1.  , 1.  , 1.  , 1.  ,
       1.  , 1.  , 1.  , 1.  , 1.  , 1.  , 1.  , 1.  , 1.  , 1.  , 1.  ,
       1.  , 1.  ]), array([0., 1., 1., 1., 1., 1., 1., 1., 1., 1., 1., 1., 1., 1., 1., 1., 1.,
       1., 1., 1., 1., 1., 1., 1., 1., 1., 1., 1., 1., 1., 1., 1., 1., 1.,
       1., 1., 1., 1., 1., 1., 1., 1., 1., 1., 1., 1., 1., 1., 1., 1., 1.,
       1., 1., 1., 1., 1., 1., 1., 1., 1., 1., 1., 1., 1., 1., 1., 1., 1.,
       1., 1., 1., 1., 1., 1., 1., 1., 1., 1., 1., 1., 1., 1., 1., 1., 1.,
       1., 1., 1., 1., 1., 1., 1., 1., 1., 1., 1., 1., 1., 1., 1., 1.]), array([0.03333333, 1.        , 1.        , 1.        , 1.        ,
       1.        , 1.        , 1.        , 1.        , 1.        ,
       1.        , 1.        , 1.        , 1.        , 1.        ,
       1.        , 1.        , 1.        , 1.        , 1.        ,
       1.        , 1.        , 1.        , 1.        , 1.        ,
       1.        , 1.        , 1.        , 1.        , 1.        ,
       1.        , 1.        , 1.        , 1.        , 1.        ,
       1.        , 1.        , 1.        , 1.        , 1.        ,
       1.        , 1.        , 1.        , 1.        , 1.        ,
       1.        , 1.        , 1.        , 1.        , 1.        ,
       1.        , 1.        , 1.        , 1.        , 1.        ,
       1.        , 1.        , 1.        , 1.        , 1.        ,
       1.        , 1.        , 1.        , 1.        , 1.        ,
       1.        , 1.        , 1.        , 1.        , 1.        ,
       1.        , 1.        , 1.        , 1.        , 1.        ,
       1.        , 1.        , 1.        , 1.        , 1.        ,
       1.        , 1.        , 1.        , 1.        , 1.        ,
       1.        , 1.        , 1.        , 1.        , 1.        ,
       1.        , 1.        , 1.        , 1.        , 1.        ,
       1.        , 1.        , 1.        , 1.        , 1.        ,
       1.        ]), array([0., 1., 1., 1., 1., 1., 1., 1., 1., 1., 1., 1., 1., 1., 1., 1., 1.,
       1., 1., 1., 1., 1., 1., 1., 1., 1., 1., 1., 1., 1., 1., 1., 1., 1.,
       1., 1., 1., 1., 1., 1., 1., 1., 1., 1., 1., 1., 1., 1., 1., 1., 1.,
       1., 1., 1., 1., 1., 1., 1., 1., 1., 1., 1., 1., 1., 1., 1., 1., 1.,
       1., 1., 1., 1., 1., 1., 1., 1., 1., 1., 1., 1., 1., 1., 1., 1., 1.,
       1., 1., 1., 1., 1., 1., 1., 1., 1., 1., 1., 1., 1., 1., 1., 1.]), array([0.11666667, 1.        , 1.        , 1.        , 1.        ,
       1.        , 1.        , 1.        , 1.        , 1.        ,
       1.        , 1.        , 1.        , 1.        , 1.        ,
       1.        , 1.        , 1.        , 1.        , 1.        ,
       1.        , 1.        , 1.        , 1.        , 1.        ,
       1.        , 1.        , 1.        , 1.        , 1.        ,
       1.        , 1.        , 1.        , 1.        , 1.        ,
       1.        , 1.        , 1.        , 1.        , 1.        ,
       1.        , 1.        , 1.        , 1.        , 1.        ,
       1.        , 1.        , 1.        , 1.        , 1.        ,
       1.        , 1.        , 1.        , 1.        , 1.        ,
       1.        , 1.        , 1.        , 1.        , 1.        ,
       1.        , 1.        , 1.        , 1.        , 1.        ,
       1.        , 1.        , 1.        , 1.        , 1.        ,
       1.        , 1.        , 1.        , 1.        , 1.        ,
       1.        , 1.        , 1.        , 1.        , 1.        ,
       1.        , 1.        , 1.        , 1.        , 1.        ,
       1.        , 1.        , 1.        , 1.        , 1.        ,
       1.        , 1.        , 1.        , 1.        , 1.        ,
       1.        , 1.        , 1.        , 1.        , 1.        ,
       1.        ])]","[array([0., 1., 1., 1., 1., 1., 1., 1., 1., 1., 1., 1., 1., 1., 1., 1., 1.,
       1., 1., 1., 1., 1., 1., 1., 1., 1., 1., 1., 1., 1., 1., 1., 1., 1.,
       1., 1., 1., 1., 1., 1., 1., 1., 1., 1., 1., 1., 1., 1., 1., 1., 1.,
       1., 1., 1., 1., 1., 1., 1., 1., 1., 1., 1., 1., 1., 1., 1., 1., 1.,
       1., 1., 1., 1., 1., 1., 1., 1., 1., 1., 1., 1., 1., 1., 1., 1., 1.,
       1., 1., 1., 1., 1., 1., 1., 1., 1., 1., 1., 1., 1., 1., 1., 1.]), array([0., 1., 1., 1., 1., 1., 1., 1., 1., 1., 1., 1., 1., 1., 1., 1., 1.,
       1., 1., 1., 1., 1., 1., 1., 1., 1., 1., 1., 1., 1., 1., 1., 1., 1.,
       1., 1., 1., 1., 1., 1., 1., 1., 1., 1., 1., 1., 1., 1., 1., 1., 1.,
       1., 1., 1., 1., 1., 1., 1., 1., 1., 1., 1., 1., 1., 1., 1., 1., 1.,
       1., 1., 1., 1., 1., 1., 1., 1., 1., 1., 1., 1., 1., 1., 1., 1., 1.,
       1., 1., 1., 1., 1., 1., 1., 1., 1., 1., 1., 1., 1., 1., 1., 1.]), array([0., 1., 1., 1., 1., 1., 1., 1., 1., 1., 1., 1., 1., 1., 1., 1., 1.,
       1., 1., 1., 1., 1., 1., 1., 1., 1., 1., 1., 1., 1., 1., 1., 1., 1.,
       1., 1., 1., 1., 1., 1., 1., 1., 1., 1., 1., 1., 1., 1., 1., 1., 1.,
       1., 1., 1., 1., 1., 1., 1., 1., 1., 1., 1., 1., 1., 1., 1., 1., 1.,
       1., 1., 1., 1., 1., 1., 1., 1., 1., 1., 1., 1., 1., 1., 1., 1., 1.,
       1., 1., 1., 1., 1., 1., 1., 1., 1., 1., 1., 1., 1., 1., 1., 1.]), array([0., 1., 1., 1., 1., 1., 1., 1., 1., 1., 1., 1., 1., 1., 1., 1., 1.,
       1., 1., 1., 1., 1., 1., 1., 1., 1., 1., 1., 1., 1., 1., 1., 1., 1.,
       1., 1., 1., 1., 1., 1., 1., 1., 1., 1., 1., 1., 1., 1., 1., 1., 1.,
       1., 1., 1., 1., 1., 1., 1., 1., 1., 1., 1., 1., 1., 1., 1., 1., 1.,
       1., 1., 1., 1., 1., 1., 1., 1., 1., 1., 1., 1., 1., 1., 1., 1., 1.,
       1., 1., 1., 1., 1., 1., 1., 1., 1., 1., 1., 1., 1., 1., 1., 1.]), array([0., 1., 1., 1., 1., 1., 1., 1., 1., 1., 1., 1., 1., 1., 1., 1., 1.,
       1., 1., 1., 1., 1., 1., 1., 1., 1., 1., 1., 1., 1., 1., 1., 1., 1.,
       1., 1., 1., 1., 1., 1., 1., 1., 1., 1., 1., 1., 1., 1., 1., 1., 1.,
       1., 1., 1., 1., 1., 1., 1., 1., 1., 1., 1., 1., 1., 1., 1., 1., 1.,
       1., 1., 1., 1., 1., 1., 1., 1., 1., 1., 1., 1., 1., 1., 1., 1., 1.,
       1., 1., 1., 1., 1., 1., 1., 1., 1., 1., 1., 1., 1., 1., 1., 1.])]",-0.5460426532350469,0.0483423236918161,0.4429926300396024,0.0513086391671693,"[{'lambda_reg': 0.0012313532286005798, 'K_bin': 971}, {'lambda_reg': 0.009475533101742564, 'K_bin': 971}, {'lambda_reg': 0.0002613541575585385, 'K_bin': 969}, {'lambda_reg': 0.07709987754778383, 'K_bin': 278}, {'lambda_reg': 0.11110419815698107, 'K_bin': 945}]",300,2,linear,49
"[np.float64(0.12213970534467897), np.float64(0.04708418698244709), np.float64(0.11277610909870206), np.float64(0.1078221337005524), np.float64(0.20239564598159546)]",0.1184435562215951,0.0495957841855164,"[np.float64(0.7976725256417603), np.float64(0.8061489236544545), np.float64(0.7455668011652534), np.float64(0.7315788592840902), np.float64(0.8543408753461148)]",0.7870615970183347,0.0442799534915024,"[np.float64(0.8980739108639478), np.float64(0.8905957782686459), np.float64(0.8043633348077353), np.float64(0.9725760725467434), np.float64(0.9576949187207339)]",0.9046608030415612,0.0595414065375868,"[array([0.        , 0.        , 0.16344904, 0.2445815 , 0.29790911,
       0.32425173, 0.37648216, 0.42832392, 0.53091411, 0.55618127,
       0.55618127, 0.5811045 , 0.605632  , 0.62985467, 0.65381794,
       0.65381794, 0.65381794, 0.65381794, 0.65381794, 0.65381794,
       0.65381794, 0.65381794, 0.69729931, 0.69729931, 0.73982822,
       0.73982822, 0.73982822, 0.73982822, 0.73982822, 0.73982822,
       0.75931764, 0.75931764, 0.75931764, 0.75931764, 0.77766091,
       0.77766091, 0.79551899, 0.79551899, 0.79551899, 0.79551899,
       0.79551899, 0.81191302, 0.81191302, 0.81191302, 0.81191302,
       0.82736719, 0.82736719, 0.82736719, 0.82736719, 0.84160142,
       0.85570599, 0.85570599, 0.85570599, 0.85570599, 0.8684801 ,
       0.8684801 , 0.8684801 , 0.8684801 , 0.8684801 , 0.8684801 ,
       0.87957006, 0.87957006, 0.87957006, 0.88994635, 0.88994635,
       0.88994635, 0.89936773, 0.90870116, 0.91771985, 0.91771985,
       0.91771985, 0.91771985, 0.91771985, 0.92526352, 0.92526352,
       0.93920358, 0.93920358, 0.95895981, 0.95895981, 0.95895981,
       0.95895981, 0.96428045, 0.96428045, 0.96920279, 0.97369891,
       0.97789256, 0.98191716, 0.98191716, 0.98533691, 0.9884664 ,
       0.99146053, 0.99146053, 0.9962249 , 0.9962249 , 1.        ,
       1.        , 1.        , 1.        , 1.        , 1.        ,
       1.        ]), array([0.        , 0.        , 0.        , 0.        , 0.02664717,
       0.15896579, 0.31567163, 0.39326266, 0.39326266, 0.44370841,
       0.46872856, 0.46872856, 0.54220988, 0.59056441, 0.6145149 ,
       0.68553829, 0.68553829, 0.68553829, 0.70824481, 0.70824481,
       0.73058106, 0.73058106, 0.7522496 , 0.7522496 , 0.7522496 ,
       0.7522496 , 0.7522496 , 0.7522496 , 0.7522496 , 0.7522496 ,
       0.7522496 , 0.7522496 , 0.7522496 , 0.7522496 , 0.77066875,
       0.77066875, 0.77066875, 0.77066875, 0.77066875, 0.80456825,
       0.82123908, 0.82123908, 0.82123908, 0.85325919, 0.86897833,
       0.86897833, 0.86897833, 0.86897833, 0.86897833, 0.86897833,
       0.88302826, 0.88302826, 0.88302826, 0.88302826, 0.88302826,
       0.90800916, 0.90800916, 0.90800916, 0.90800916, 0.90800916,
       0.90800916, 0.90800916, 0.90800916, 0.90800916, 0.90800916,
       0.90800916, 0.91767578, 0.91767578, 0.91767578, 0.91767578,
       0.92608335, 0.92608335, 0.94183568, 0.94183568, 0.94183568,
       0.94183568, 0.94183568, 0.94183568, 0.94183568, 0.95373656,
       0.95950367, 0.96498734, 0.96498734, 0.96498734, 0.96951522,
       0.97385772, 0.98194029, 0.98569933, 0.98569933, 0.98889643,
       0.98889643, 0.99165877, 0.99165877, 0.99360701, 0.9971826 ,
       0.99874423, 1.        , 1.        , 1.        , 1.        ,
       1.        ]), array([0.        , 0.        , 0.        , 0.        , 0.        ,
       0.        , 0.05474394, 0.08186774, 0.10864187, 0.13525931,
       0.18773835, 0.2135389 , 0.23905273, 0.31490231, 0.31490231,
       0.36443132, 0.38895652, 0.41303007, 0.43705872, 0.43705872,
       0.50706219, 0.50706219, 0.50706219, 0.50706219, 0.50706219,
       0.50706219, 0.52877363, 0.54999211, 0.54999211, 0.54999211,
       0.57027192, 0.57027192, 0.57027192, 0.57027192, 0.58959221,
       0.58959221, 0.60813573, 0.60813573, 0.60813573, 0.66165314,
       0.69665661, 0.71384942, 0.71384942, 0.71384942, 0.73027557,
       0.73027557, 0.73027557, 0.73027557, 0.73027557, 0.74531447,
       0.77457662, 0.78879724, 0.802971  , 0.83036292, 0.83036292,
       0.83036292, 0.83036292, 0.83036292, 0.8551468 , 0.87914163,
       0.8910029 , 0.8910029 , 0.90226281, 0.90226281, 0.90226281,
       0.90226281, 0.90226281, 0.90226281, 0.91163339, 0.91163339,
       0.92036011, 0.93734072, 0.93734072, 0.94534295, 0.94534295,
       0.94534295, 0.94534295, 0.95226563, 0.96513521, 0.96513521,
       0.97695883, 0.97695883, 0.98244409, 0.98742198, 0.98742198,
       0.99197702, 0.9961491 , 1.        , 1.        , 1.        ,
       1.        , 1.        , 1.        , 1.        , 1.        ,
       1.        , 1.        , 1.        , 1.        , 1.        ,
       1.        ]), array([0.0357281 , 0.83930693, 0.85681848, 0.89176262, 0.89176262,
       0.89176262, 0.89176262, 0.89176262, 0.89176262, 0.89176262,
       0.89176262, 0.90779453, 0.92366911, 0.93927097, 0.93927097,
       0.93927097, 0.95440532, 0.95440532, 0.95440532, 0.95440532,
       0.95440532, 0.95440532, 0.95440532, 0.95440532, 0.95440532,
       0.95440532, 0.95440532, 0.95440532, 0.95440532, 0.95440532,
       0.96695692, 0.96695692, 0.96695692, 0.96695692, 0.96695692,
       0.96695692, 0.96695692, 0.96695692, 0.96695692, 0.96695692,
       0.96695692, 0.96695692, 0.96695692, 0.96695692, 0.96695692,
       0.96695692, 0.96695692, 0.96695692, 0.96695692, 0.96695692,
       0.96695692, 0.96695692, 0.96695692, 0.97536221, 0.97536221,
       0.97536221, 0.97536221, 0.97536221, 0.97536221, 0.97536221,
       0.98259488, 0.98259488, 0.98259488, 0.98259488, 0.98259488,
       0.98889253, 0.99505113, 0.99505113, 0.99505113, 0.99505113,
       0.99505113, 0.99505113, 0.99505113, 1.        , 1.        ,
       1.        , 1.        , 1.        , 1.        , 1.        ,
       1.        , 1.        , 1.        , 1.        , 1.        ,
       1.        , 1.        , 1.        , 1.        , 1.        ,
       1.        , 1.        , 1.        , 1.        , 1.        ,
       1.        , 1.        , 1.        , 1.        , 1.        ,
       1.        ]), array([0.        , 0.6933552 , 0.6933552 , 0.71392468, 0.73423843,
       0.73423843, 0.73423843, 0.73423843, 0.73423843, 0.73423843,
       0.75333446, 0.77218408, 0.79068339, 0.80898881, 0.82720355,
       0.84524176, 0.86305557, 0.86305557, 0.86305557, 0.86305557,
       0.86305557, 0.86305557, 0.86305557, 0.86305557, 0.86305557,
       0.86305557, 0.87867527, 0.89404328, 0.89404328, 0.89404328,
       0.89404328, 0.89404328, 0.90838297, 0.90838297, 0.90838297,
       0.90838297, 0.90838297, 0.9217321 , 0.9217321 , 0.93461016,
       0.93461016, 0.93461016, 0.94688741, 0.94688741, 0.94688741,
       0.94688741, 0.94688741, 0.94688741, 0.94688741, 0.94688741,
       0.94688741, 0.94688741, 0.94688741, 0.94688741, 0.94688741,
       0.94688741, 0.94688741, 0.94688741, 0.94688741, 0.94688741,
       0.94688741, 0.94688741, 0.94688741, 0.94688741, 0.94688741,
       0.94688741, 0.94688741, 0.96097672, 0.97470792, 0.97470792,
       0.97470792, 0.98719245, 0.98719245, 0.98719245, 0.98719245,
       0.98719245, 0.98719245, 0.98719245, 0.98719245, 0.98719245,
       0.99147249, 0.99147249, 0.99147249, 0.99147249, 0.99147249,
       0.99147249, 0.99147249, 0.99147249, 0.99420125, 0.99420125,
       0.99647823, 0.99647823, 0.99647823, 0.99647823, 0.99910362,
       0.99910362, 1.        , 1.        , 1.        , 1.        ,
       1.        ])]","[array([0.        , 0.        , 0.00410313, 0.00704955, 0.01016354,
       0.01220596, 0.01697823, 0.02233793, 0.03470979, 0.03837769,
       0.03837769, 0.04256538, 0.04735118, 0.05259771, 0.0582363 ,
       0.0582363 , 0.0582363 , 0.0582363 , 0.0582363 , 0.0582363 ,
       0.0582363 , 0.0582363 , 0.07623189, 0.07623189, 0.09566703,
       0.09566703, 0.09566703, 0.09566703, 0.09566703, 0.09566703,
       0.10806739, 0.10806739, 0.10806739, 0.10806739, 0.12220003,
       0.12220003, 0.137066  , 0.137066  , 0.137066  , 0.137066  ,
       0.137066  , 0.15414473, 0.15414473, 0.15414473, 0.15414473,
       0.17264396, 0.17264396, 0.17264396, 0.17264396, 0.19298701,
       0.21352603, 0.21352603, 0.21352603, 0.21352603, 0.23607591,
       0.23607591, 0.23607591, 0.23607591, 0.23607591, 0.23607591,
       0.26117121, 0.26117121, 0.26117121, 0.28734515, 0.28734515,
       0.28734515, 0.31496234, 0.34271246, 0.37093828, 0.37093828,
       0.37093828, 0.37093828, 0.37093828, 0.40139344, 0.40139344,
       0.46403775, 0.46403775, 0.55974819, 0.55974819, 0.55974819,
       0.55974819, 0.59356323, 0.59356323, 0.62798027, 0.66304151,
       0.69855989, 0.73433377, 0.73433377, 0.77102182, 0.80814857,
       0.8454799 , 0.8454799 , 0.92199237, 0.92199237, 1.        ,
       1.        , 1.        , 1.        , 1.        , 1.        ,
       1.        ]), array([0.        , 0.        , 0.        , 0.        , 0.00156026,
       0.01074981, 0.02492028, 0.0331587 , 0.0331587 , 0.04059081,
       0.04461371, 0.04461371, 0.05907257, 0.06966992, 0.07531184,
       0.093491  , 0.093491  , 0.093491  , 0.10101578, 0.10101578,
       0.10910101, 0.10910101, 0.11819689, 0.11819689, 0.11819689,
       0.11819689, 0.11819689, 0.11819689, 0.11819689, 0.11819689,
       0.11819689, 0.11819689, 0.11819689, 0.11819689, 0.13221101,
       0.13221101, 0.13221101, 0.13221101, 0.13221101, 0.16468739,
       0.18134776, 0.18134776, 0.18134776, 0.21666878, 0.23476961,
       0.23476961, 0.23476961, 0.23476961, 0.23476961, 0.23476961,
       0.25539696, 0.25539696, 0.25539696, 0.25539696, 0.25539696,
       0.30137247, 0.30137247, 0.30137247, 0.30137247, 0.30137247,
       0.30137247, 0.30137247, 0.30137247, 0.30137247, 0.30137247,
       0.30137247, 0.32863435, 0.32863435, 0.32863435, 0.32863435,
       0.35780192, 0.35780192, 0.41774574, 0.41774574, 0.41774574,
       0.41774574, 0.41774574, 0.41774574, 0.41774574, 0.48351907,
       0.51668323, 0.55027639, 0.55027639, 0.55027639, 0.58531624,
       0.62063667, 0.69218937, 0.72839293, 0.72839293, 0.76544702,
       0.76544702, 0.80315917, 0.80315917, 0.84210355, 0.92047798,
       0.96000752, 1.        , 1.        , 1.        , 1.        ,
       1.        ]), array([0.        , 0.        , 0.        , 0.        , 0.        ,
       0.        , 0.00431076, 0.00680253, 0.00976829, 0.01294645,
       0.02032732, 0.02461281, 0.02928693, 0.04424722, 0.04424722,
       0.05562694, 0.06164117, 0.06826763, 0.07495496, 0.07495496,
       0.09783979, 0.09783979, 0.09783979, 0.09783979, 0.09783979,
       0.09783979, 0.10766814, 0.11816472, 0.11816472, 0.11816472,
       0.12993368, 0.12993368, 0.12993368, 0.12993368, 0.1430033 ,
       0.1430033 , 0.15712585, 0.15712585, 0.15712585, 0.20235792,
       0.23342734, 0.24938081, 0.24938081, 0.24938081, 0.2663735 ,
       0.2663735 , 0.2663735 , 0.2663735 , 0.2663735 , 0.28524665,
       0.32409856, 0.34408091, 0.36412676, 0.40551382, 0.40551382,
       0.40551382, 0.40551382, 0.40551382, 0.45043614, 0.49642803,
       0.51960853, 0.51960853, 0.54360418, 0.54360418, 0.54360418,
       0.54360418, 0.54360418, 0.54360418, 0.57016087, 0.57016087,
       0.59759032, 0.65309015, 0.65309015, 0.68150166, 0.68150166,
       0.68150166, 0.68150166, 0.71137654, 0.77244897, 0.77244897,
       0.83493923, 0.83493923, 0.86676255, 0.89927363, 0.89927363,
       0.93235789, 0.96596126, 1.        , 1.        , 1.        ,
       1.        , 1.        , 1.        , 1.        , 1.        ,
       1.        , 1.        , 1.        , 1.        , 1.        ,
       1.        ]), array([0.        , 0.0042244 , 0.00913103, 0.02004321, 0.02004321,
       0.02004321, 0.02004321, 0.02004321, 0.02004321, 0.02004321,
       0.02004321, 0.04554519, 0.07323704, 0.10472493, 0.10472493,
       0.10472493, 0.14272025, 0.14272025, 0.14272025, 0.14272025,
       0.14272025, 0.14272025, 0.14272025, 0.14272025, 0.14272025,
       0.14272025, 0.14272025, 0.14272025, 0.14272025, 0.14272025,
       0.21666552, 0.21666552, 0.21666552, 0.21666552, 0.21666552,
       0.21666552, 0.21666552, 0.21666552, 0.21666552, 0.21666552,
       0.21666552, 0.21666552, 0.21666552, 0.21666552, 0.21666552,
       0.21666552, 0.21666552, 0.21666552, 0.21666552, 0.21666552,
       0.21666552, 0.21666552, 0.21666552, 0.34832406, 0.34832406,
       0.34832406, 0.34832406, 0.34832406, 0.34832406, 0.34832406,
       0.49630461, 0.49630461, 0.49630461, 0.49630461, 0.49630461,
       0.65729999, 0.82023071, 0.82023071, 0.82023071, 0.82023071,
       0.82023071, 0.82023071, 0.82023071, 1.        , 1.        ,
       1.        , 1.        , 1.        , 1.        , 1.        ,
       1.        , 1.        , 1.        , 1.        , 1.        ,
       1.        , 1.        , 1.        , 1.        , 1.        ,
       1.        , 1.        , 1.        , 1.        , 1.        ,
       1.        , 1.        , 1.        , 1.        , 1.        ,
       1.        ]), array([0.00000000e+00, 8.54743725e-04, 8.54743725e-04, 2.57104658e-03,
       5.26698079e-03, 5.26698079e-03, 5.26698079e-03, 5.26698079e-03,
       5.26698079e-03, 5.26698079e-03, 1.26275834e-02, 2.09320701e-02,
       3.05785307e-02, 4.09676914e-02, 5.17042040e-02, 6.31169599e-02,
       7.53892821e-02, 7.53892821e-02, 7.53892821e-02, 7.53892821e-02,
       7.53892821e-02, 7.53892821e-02, 7.53892821e-02, 7.53892821e-02,
       7.53892821e-02, 7.53892821e-02, 9.60665425e-02, 1.17707898e-01,
       1.17707898e-01, 1.17707898e-01, 1.17707898e-01, 1.17707898e-01,
       1.43288455e-01, 1.43288455e-01, 1.43288455e-01, 1.43288455e-01,
       1.43288455e-01, 1.72663463e-01, 1.72663463e-01, 2.03842988e-01,
       2.03842988e-01, 2.03842988e-01, 2.37324036e-01, 2.37324036e-01,
       2.37324036e-01, 2.37324036e-01, 2.37324036e-01, 2.37324036e-01,
       2.37324036e-01, 2.37324036e-01, 2.37324036e-01, 2.37324036e-01,
       2.37324036e-01, 2.37324036e-01, 2.37324036e-01, 2.37324036e-01,
       2.37324036e-01, 2.37324036e-01, 2.37324036e-01, 2.37324036e-01,
       2.37324036e-01, 2.37324036e-01, 2.37324036e-01, 2.37324036e-01,
       2.37324036e-01, 2.37324036e-01, 2.37324036e-01, 3.44374715e-01,
       4.52797197e-01, 4.52797197e-01, 4.52797197e-01, 5.65995228e-01,
       5.65995228e-01, 5.65995228e-01, 5.65995228e-01, 5.65995228e-01,
       5.65995228e-01, 5.65995228e-01, 5.65995228e-01, 5.65995228e-01,
       6.30110884e-01, 6.30110884e-01, 6.30110884e-01, 6.30110884e-01,
       6.30110884e-01, 6.30110884e-01, 6.30110884e-01, 6.30110884e-01,
       7.00168933e-01, 7.00168933e-01, 7.71957616e-01, 7.71957616e-01,
       7.71957616e-01, 7.71957616e-01, 9.22922704e-01, 9.22922704e-01,
       1.00000000e+00, 1.00000000e+00, 1.00000000e+00, 1.00000000e+00,
       1.00000000e+00])]",-0.1734013177433165,0.1863867964269642,0.1233896322121835,0.1320945429035476,"[{'lambda_reg': 0.404601879227063, 'K_bin': 117, 'gamma': 0.19086803822563306}, {'lambda_reg': 0.026184634835321182, 'K_bin': 50, 'gamma': 0.005286508221703495}, {'lambda_reg': 0.044008857128209615, 'K_bin': 36, 'gamma': 0.0024179785975156085}, {'lambda_reg': 0.0009175279457253895, 'K_bin': 868, 'gamma': 0.0015654488182675823}, {'lambda_reg': 0.0004245542111946338, 'K_bin': 651, 'gamma': 0.0019754555504024663}]",300,1,exponential,45
"[np.float64(0.048964609596492716), np.float64(0.06261985200458207), np.float64(0.0537280565091132), np.float64(0.08270085291170447), np.float64(0.12126549103176032)]",0.0738557724107305,0.0263698984064343,"[np.float64(0.8095422771187034), np.float64(0.8014414395644166), np.float64(0.8103732067558924), np.float64(0.7967504936762402), np.float64(0.7764641644955179)]",0.7989143163221541,0.0123234533960978,"[np.float64(0.988305197012236), np.float64(0.9122896213876541), np.float64(0.9889942243401029), np.float64(0.9533062917790609), np.float64(0.9939183614619529)]",0.9673627391962012,0.0311202210209807,"[array([0.26426687, 0.94614833, 0.94614833, 0.94614833, 0.95433807,
       0.96246363, 0.96246363, 0.96246363, 0.96246363, 0.96246363,
       0.96246363, 0.96246363, 0.96999147, 0.96999147, 0.96999147,
       0.96999147, 0.96999147, 0.97711275, 0.97711275, 0.97711275,
       0.97711275, 0.97711275, 0.97711275, 0.97711275, 0.97711275,
       0.97711275, 0.98344434, 0.98344434, 0.98966079, 0.98966079,
       0.98966079, 0.98966079, 0.98966079, 0.98966079, 0.98966079,
       0.98966079, 0.98966079, 0.98966079, 0.98966079, 0.98966079,
       0.98966079, 0.98966079, 0.98966079, 0.98966079, 0.98966079,
       0.99437653, 0.99437653, 0.99437653, 0.99437653, 0.99437653,
       0.99437653, 0.99437653, 0.99437653, 0.99845297, 0.99845297,
       0.99845297, 0.99845297, 0.99845297, 0.99845297, 0.99845297,
       0.99845297, 0.99845297, 0.99845297, 0.99845297, 0.99845297,
       0.99845297, 0.99845297, 0.99845297, 0.99845297, 0.99845297,
       0.99845297, 0.99845297, 0.99845297, 0.99845297, 0.99845297,
       0.99845297, 0.99845297, 0.99845297, 0.99845297, 0.99845297,
       0.99845297, 0.99845297, 1.        , 1.        , 1.        ,
       1.        , 1.        , 1.        , 1.        , 1.        ,
       1.        , 1.        , 1.        , 1.        , 1.        ,
       1.        , 1.        , 1.        , 1.        , 1.        ,
       1.        ]), array([0.        , 0.47971262, 0.52083828, 0.56162518, 0.57165727,
       0.58166159, 0.61124974, 0.64051209, 0.64051209, 0.64051209,
       0.65940987, 0.66874718, 0.68713412, 0.69628533, 0.70534518,
       0.71432046, 0.7319406 , 0.74065448, 0.74065448, 0.74065448,
       0.74911034, 0.75738633, 0.79016234, 0.79016234, 0.81410964,
       0.82993834, 0.83770074, 0.83770074, 0.8528341 , 0.8528341 ,
       0.8675612 , 0.87478308, 0.8819761 , 0.88901183, 0.88901183,
       0.90267452, 0.90267452, 0.90932835, 0.9158959 , 0.9158959 ,
       0.9158959 , 0.9158959 , 0.92197982, 0.92197982, 0.92197982,
       0.92197982, 0.92197982, 0.92197982, 0.92197982, 0.92197982,
       0.92722527, 0.92722527, 0.94249152, 0.94249152, 0.94249152,
       0.94249152, 0.94249152, 0.94700397, 0.95142475, 0.9601792 ,
       0.9644495 , 0.96861255, 0.97263694, 0.97657089, 0.97657089,
       0.97657089, 0.98020462, 0.98374054, 0.98374054, 0.98374054,
       0.98374054, 0.98374054, 0.98374054, 0.9865863 , 0.9865863 ,
       0.98929376, 0.98929376, 0.98929376, 0.9916729 , 0.99386613,
       0.99595804, 0.99797826, 0.99797826, 0.99797826, 0.99797826,
       0.99797826, 0.99797826, 0.99797826, 0.99797826, 0.99797826,
       0.99797826, 0.99797826, 0.99890971, 0.99890971, 0.99957244,
       0.99957244, 1.        , 1.        , 1.        , 1.        ,
       1.        ]), array([0.09890041, 0.92603052, 0.93486971, 0.93486971, 0.9435807 ,
       0.9435807 , 0.9435807 , 0.9435807 , 0.9435807 , 0.9435807 ,
       0.9435807 , 0.95158522, 0.95158522, 0.95158522, 0.95158522,
       0.95158522, 0.95158522, 0.95158522, 0.95158522, 0.95894209,
       0.95894209, 0.95894209, 0.95894209, 0.96586896, 0.96586896,
       0.96586896, 0.96586896, 0.96586896, 0.96586896, 0.96586896,
       0.96586896, 0.96586896, 0.96586896, 0.96586896, 0.96586896,
       0.96586896, 0.96586896, 0.96586896, 0.97153269, 0.9770827 ,
       0.9770827 , 0.9770827 , 0.9770827 , 0.9770827 , 0.9770827 ,
       0.9770827 , 0.9770827 , 0.9770827 , 0.9770827 , 0.9770827 ,
       0.9770827 , 0.9770827 , 0.9770827 , 0.9770827 , 0.9770827 ,
       0.98118726, 0.98520046, 0.98520046, 0.98903849, 0.98903849,
       0.98903849, 0.98903849, 0.98903849, 0.98903849, 0.98903849,
       0.98903849, 0.98903849, 0.98903849, 0.99198966, 0.99198966,
       0.99198966, 0.99463691, 0.99463691, 0.99463691, 0.99463691,
       0.99463691, 0.99463691, 0.99463691, 0.99463691, 0.99463691,
       0.99463691, 0.99642131, 0.99642131, 0.99642131, 0.99642131,
       0.99779874, 0.99779874, 0.99779874, 0.9988777 , 0.9988777 ,
       0.9988777 , 0.9988777 , 0.9988777 , 0.9988777 , 0.99950001,
       1.        , 1.        , 1.        , 1.        , 1.        ,
       1.        ]), array([0.        , 0.56066477, 0.58277004, 0.59366628, 0.65861418,
       0.67998612, 0.69064668, 0.70108885, 0.70108885, 0.73189459,
       0.75222959, 0.7622888 , 0.77226655, 0.77226655, 0.79171601,
       0.80135352, 0.81081461, 0.81081461, 0.81081461, 0.81081461,
       0.81987012, 0.83774505, 0.83774505, 0.83774505, 0.83774505,
       0.83774505, 0.84616009, 0.84616009, 0.84616009, 0.85421167,
       0.86209738, 0.86209738, 0.87736223, 0.8849807 , 0.8849807 ,
       0.8849807 , 0.89225124, 0.89225124, 0.89925468, 0.90617654,
       0.91981299, 0.91981299, 0.93301089, 0.93301089, 0.93934602,
       0.94556369, 0.95169654, 0.95169654, 0.95169654, 0.95169654,
       0.95741678, 0.95741678, 0.95741678, 0.95741678, 0.95741678,
       0.95741678, 0.95741678, 0.95741678, 0.96220573, 0.96220573,
       0.96220573, 0.96220573, 0.96220573, 0.96220573, 0.96220573,
       0.96616762, 0.96616762, 0.96616762, 0.96616762, 0.96968773,
       0.96968773, 0.96968773, 0.97287859, 0.97601331, 0.97601331,
       0.97601331, 0.97601331, 0.97601331, 0.97601331, 0.97841382,
       0.97841382, 0.98065013, 0.98065013, 0.98260189, 0.98260189,
       0.98776734, 0.98776734, 0.98776734, 0.98913449, 0.99041726,
       0.99508426, 0.99508426, 0.99698873, 0.99868325, 0.99868325,
       0.99868325, 0.99868325, 0.99950342, 0.99950342, 1.        ,
       1.        ]), array([0.06144704, 0.94788859, 0.96517577, 0.96517577, 0.96517577,
       0.96517577, 0.96517577, 0.96517577, 0.9732968 , 0.9732968 ,
       0.9732968 , 0.9732968 , 0.9732968 , 0.9732968 , 0.9732968 ,
       0.9732968 , 0.98075221, 0.98075221, 0.98075221, 0.98075221,
       0.98075221, 0.98075221, 0.98075221, 0.98075221, 0.98075221,
       0.98075221, 0.98075221, 0.98075221, 0.98075221, 0.98075221,
       0.98075221, 0.98687056, 0.98687056, 0.98687056, 0.98687056,
       0.99262259, 0.99262259, 0.99262259, 0.99262259, 0.99262259,
       0.99262259, 0.99262259, 0.99262259, 0.99262259, 0.99262259,
       0.99262259, 0.99262259, 0.99262259, 0.99262259, 0.99262259,
       0.99262259, 0.99262259, 0.99262259, 0.99262259, 0.99262259,
       0.99262259, 0.99262259, 0.99262259, 0.99262259, 0.99262259,
       0.99262259, 0.99262259, 0.99262259, 0.99262259, 0.99262259,
       0.99262259, 0.99262259, 0.99262259, 0.99262259, 0.99262259,
       0.99262259, 0.99262259, 0.99262259, 0.99504448, 0.99504448,
       0.99504448, 0.99504448, 0.99504448, 0.99504448, 0.99504448,
       0.99504448, 0.99504448, 0.99504448, 0.99504448, 0.99791998,
       0.99791998, 0.99791998, 0.99791998, 0.99791998, 0.99791998,
       0.99880544, 0.99880544, 0.99880544, 0.99944134, 1.        ,
       1.        , 1.        , 1.        , 1.        , 1.        ,
       1.        ])]","[array([0.        , 0.00424725, 0.00424725, 0.00424725, 0.01883224,
       0.0362114 , 0.0362114 , 0.0362114 , 0.0362114 , 0.0362114 ,
       0.0362114 , 0.0362114 , 0.0796144 , 0.0796144 , 0.0796144 ,
       0.0796144 , 0.0796144 , 0.14071797, 0.14071797, 0.14071797,
       0.14071797, 0.14071797, 0.14071797, 0.14071797, 0.14071797,
       0.14071797, 0.23620304, 0.23620304, 0.33670077, 0.33670077,
       0.33670077, 0.33670077, 0.33670077, 0.33670077, 0.33670077,
       0.33670077, 0.33670077, 0.33670077, 0.33670077, 0.33670077,
       0.33670077, 0.33670077, 0.33670077, 0.33670077, 0.33670077,
       0.50253634, 0.50253634, 0.50253634, 0.50253634, 0.50253634,
       0.50253634, 0.50253634, 0.50253634, 0.69620566, 0.69620566,
       0.69620566, 0.69620566, 0.69620566, 0.69620566, 0.69620566,
       0.69620566, 0.69620566, 0.69620566, 0.69620566, 0.69620566,
       0.69620566, 0.69620566, 0.69620566, 0.69620566, 0.69620566,
       0.69620566, 0.69620566, 0.69620566, 0.69620566, 0.69620566,
       0.69620566, 0.69620566, 0.69620566, 0.69620566, 0.69620566,
       0.69620566, 0.69620566, 1.        , 1.        , 1.        ,
       1.        , 1.        , 1.        , 1.        , 1.        ,
       1.        , 1.        , 1.        , 1.        , 1.        ,
       1.        , 1.        , 1.        , 1.        , 1.        ,
       1.        ]), array([0.        , 0.00202486, 0.00452918, 0.00837372, 0.00998622,
       0.01170856, 0.01855631, 0.02669306, 0.02669306, 0.02669306,
       0.03453271, 0.03889397, 0.04875465, 0.0538522 , 0.05931119,
       0.06510475, 0.07799919, 0.08482694, 0.08482694, 0.08482694,
       0.09267553, 0.10123573, 0.13677402, 0.13677402, 0.16593884,
       0.18592079, 0.19651292, 0.19651292, 0.21924586, 0.21924586,
       0.24358611, 0.2563167 , 0.2691615 , 0.28262858, 0.28262858,
       0.31117997, 0.31117997, 0.32615797, 0.34147734, 0.34147734,
       0.34147734, 0.34147734, 0.35871011, 0.35871011, 0.35871011,
       0.35871011, 0.35871011, 0.35871011, 0.35871011, 0.35871011,
       0.37926012, 0.37926012, 0.44277006, 0.44277006, 0.44277006,
       0.44277006, 0.44277006, 0.46622008, 0.49003276, 0.53800279,
       0.56241083, 0.58724321, 0.61262415, 0.63836289, 0.63836289,
       0.63836289, 0.66528943, 0.69260293, 0.69260293, 0.69260293,
       0.69260293, 0.69260293, 0.69260293, 0.72264691, 0.72264691,
       0.75323809, 0.75323809, 0.75323809, 0.78512816, 0.81775381,
       0.85078026, 0.88409038, 0.88409038, 0.88409038, 0.88409038,
       0.88409038, 0.88409038, 0.88409038, 0.88409038, 0.88409038,
       0.88409038, 0.88409038, 0.921708  , 0.921708  , 0.96038882,
       0.96038882, 1.        , 1.        , 1.        , 1.        ,
       1.        ]), array([0.00000000e+00, 4.68094767e-04, 2.39110772e-03, 2.39110772e-03,
       5.93873692e-03, 5.93873692e-03, 5.93873692e-03, 5.93873692e-03,
       5.93873692e-03, 5.93873692e-03, 5.93873692e-03, 1.84388352e-02,
       1.84388352e-02, 1.84388352e-02, 1.84388352e-02, 1.84388352e-02,
       1.84388352e-02, 1.84388352e-02, 1.84388352e-02, 3.91460746e-02,
       3.91460746e-02, 3.91460746e-02, 3.91460746e-02, 6.53021983e-02,
       6.53021983e-02, 6.53021983e-02, 6.53021983e-02, 6.53021983e-02,
       6.53021983e-02, 6.53021983e-02, 6.53021983e-02, 6.53021983e-02,
       6.53021983e-02, 6.53021983e-02, 6.53021983e-02, 6.53021983e-02,
       6.53021983e-02, 6.53021983e-02, 1.07465044e-01, 1.51068913e-01,
       1.51068913e-01, 1.51068913e-01, 1.51068913e-01, 1.51068913e-01,
       1.51068913e-01, 1.51068913e-01, 1.51068913e-01, 1.51068913e-01,
       1.51068913e-01, 1.51068913e-01, 1.51068913e-01, 1.51068913e-01,
       1.51068913e-01, 1.51068913e-01, 1.51068913e-01, 2.12989627e-01,
       2.76068073e-01, 2.76068073e-01, 3.41366384e-01, 3.41366384e-01,
       3.41366384e-01, 3.41366384e-01, 3.41366384e-01, 3.41366384e-01,
       3.41366384e-01, 3.41366384e-01, 3.41366384e-01, 3.41366384e-01,
       4.17903042e-01, 4.17903042e-01, 4.17903042e-01, 4.98290932e-01,
       4.98290932e-01, 4.98290932e-01, 4.98290932e-01, 4.98290932e-01,
       4.98290932e-01, 4.98290932e-01, 4.98290932e-01, 4.98290932e-01,
       4.98290932e-01, 5.89612913e-01, 5.89612913e-01, 5.89612913e-01,
       5.89612913e-01, 6.86092204e-01, 6.86092204e-01, 6.86092204e-01,
       7.86353580e-01, 7.86353580e-01, 7.86353580e-01, 7.86353580e-01,
       7.86353580e-01, 7.86353580e-01, 8.92401814e-01, 1.00000000e+00,
       1.00000000e+00, 1.00000000e+00, 1.00000000e+00, 1.00000000e+00,
       1.00000000e+00]), array([0.        , 0.00145154, 0.00243611, 0.00337937, 0.01027744,
       0.01337658, 0.01499939, 0.01725196, 0.01725196, 0.02551125,
       0.03160034, 0.03495716, 0.03854886, 0.03854886, 0.04719139,
       0.05176416, 0.05684564, 0.05684564, 0.05684564, 0.05684564,
       0.0630966 , 0.07627927, 0.07627927, 0.07627927, 0.07627927,
       0.07627927, 0.08437701, 0.08437701, 0.08437701, 0.09352276,
       0.10314682, 0.10314682, 0.12385558, 0.1342502 , 0.1342502 ,
       0.1342502 , 0.14564807, 0.14564807, 0.15781613, 0.17021942,
       0.19562364, 0.19562364, 0.2222924 , 0.2222924 , 0.23638751,
       0.25082132, 0.2654997 , 0.2654997 , 0.2654997 , 0.2654997 ,
       0.28136782, 0.28136782, 0.28136782, 0.28136782, 0.28136782,
       0.28136782, 0.28136782, 0.28136782, 0.29992131, 0.29992131,
       0.29992131, 0.29992131, 0.29992131, 0.29992131, 0.29992131,
       0.3208596 , 0.3208596 , 0.3208596 , 0.3208596 , 0.34307173,
       0.34307173, 0.34307173, 0.36623325, 0.38955669, 0.38955669,
       0.38955669, 0.38955669, 0.38955669, 0.38955669, 0.41499716,
       0.41499716, 0.44091112, 0.44091112, 0.46764557, 0.46764557,
       0.54983804, 0.54983804, 0.54983804, 0.5782582 , 0.60692166,
       0.72291369, 0.72291369, 0.78214679, 0.84198531, 0.84198531,
       0.84198531, 0.84198531, 0.90434497, 0.90434497, 1.        ,
       1.        ]), array([0.        , 0.00283811, 0.00787986, 0.00787986, 0.00787986,
       0.00787986, 0.00787986, 0.00787986, 0.02019038, 0.02019038,
       0.02019038, 0.02019038, 0.02019038, 0.02019038, 0.02019038,
       0.02019038, 0.04497108, 0.04497108, 0.04497108, 0.04497108,
       0.04497108, 0.04497108, 0.04497108, 0.04497108, 0.04497108,
       0.04497108, 0.04497108, 0.04497108, 0.04497108, 0.04497108,
       0.04497108, 0.09480073, 0.09480073, 0.09480073, 0.09480073,
       0.1514932 , 0.1514932 , 0.1514932 , 0.1514932 , 0.1514932 ,
       0.1514932 , 0.1514932 , 0.1514932 , 0.1514932 , 0.1514932 ,
       0.1514932 , 0.1514932 , 0.1514932 , 0.1514932 , 0.1514932 ,
       0.1514932 , 0.1514932 , 0.1514932 , 0.1514932 , 0.1514932 ,
       0.1514932 , 0.1514932 , 0.1514932 , 0.1514932 , 0.1514932 ,
       0.1514932 , 0.1514932 , 0.1514932 , 0.1514932 , 0.1514932 ,
       0.1514932 , 0.1514932 , 0.1514932 , 0.1514932 , 0.1514932 ,
       0.1514932 , 0.1514932 , 0.1514932 , 0.27057364, 0.27057364,
       0.27057364, 0.27057364, 0.27057364, 0.27057364, 0.27057364,
       0.27057364, 0.27057364, 0.27057364, 0.27057364, 0.54560888,
       0.54560888, 0.54560888, 0.54560888, 0.54560888, 0.54560888,
       0.69347337, 0.69347337, 0.69347337, 0.84601319, 1.        ,
       1.        , 1.        , 1.        , 1.        , 1.        ,
       1.        ])]",-0.0887726845811679,0.084045610916392,0.0575575968276583,0.0378421487628311,"[{'lambda_reg': 0.0003118067455480241, 'K_bin': 891, 'gamma': 0.0026415653733932636}, {'lambda_reg': 0.06880326614910784, 'K_bin': 22, 'gamma': 0.027214389322085905}, {'lambda_reg': 1.2010741463052994e-05, 'K_bin': 533, 'gamma': 0.003525005452870255}, {'lambda_reg': 0.010630884519344781, 'K_bin': 80, 'gamma': 0.01987258593499625}, {'lambda_reg': 0.0006144994615419815, 'K_bin': 557, 'gamma': 0.0018524217023296386}]",600,3,laplacian,79
"[np.float64(0.07979338497877547), np.float64(0.09046446162123738), np.float64(0.0846413575634748), np.float64(0.06914531265882656), np.float64(0.11459895815636403)]",0.0877286949957356,0.015148190373218,"[np.float64(0.8084188215812762), np.float64(0.823079865131985), np.float64(0.8348490966582871), np.float64(0.8444955790139974), np.float64(0.8272897789301861)]",0.8276266282631463,0.0120536459971706,"[np.float64(0.9591581351860159), np.float64(0.977631817640048), np.float64(0.9640149578822493), np.float64(0.9302215468359151), np.float64(0.971533515645491)]",0.960511994637944,0.0164083952895896,"[array([0.        , 0.75831624, 0.77722799, 0.78661679, 0.79589597,
       0.80509746, 0.8232756 , 0.8232756 , 0.83220027, 0.83220027,
       0.83220027, 0.84943435, 0.84943435, 0.84943435, 0.84943435,
       0.84943435, 0.84943435, 0.86541771, 0.87336523, 0.87336523,
       0.88106102, 0.88867029, 0.88867029, 0.88867029, 0.88867029,
       0.89589082, 0.89589082, 0.90299071, 0.90997816, 0.90997816,
       0.90997816, 0.90997816, 0.91653446, 0.91653446, 0.91653446,
       0.91653446, 0.91653446, 0.92262637, 0.92262637, 0.93443941,
       0.93443941, 0.9401456 , 0.9401456 , 0.9456542 , 0.95104338,
       0.95104338, 0.95104338, 0.95104338, 0.95606675, 0.95606675,
       0.9608679 , 0.9608679 , 0.9608679 , 0.9608679 , 0.96533017,
       0.96970472, 0.96970472, 0.97384287, 0.9779224 , 0.9779224 ,
       0.98177149, 0.98177149, 0.98177149, 0.98177149, 0.98177149,
       0.98177149, 0.9883695 , 0.9883695 , 0.9883695 , 0.9883695 ,
       0.9883695 , 0.9883695 , 0.9883695 , 0.9883695 , 0.99089969,
       0.99089969, 0.99325088, 0.99325088, 0.99539912, 0.99539912,
       0.99539912, 0.99539912, 0.99539912, 0.99539912, 0.99539912,
       0.99539912, 0.99539912, 0.99796265, 0.99796265, 0.99796265,
       1.        , 1.        , 1.        , 1.        , 1.        ,
       1.        , 1.        , 1.        , 1.        , 1.        ,
       1.        ]), array([0.        , 0.58534939, 0.64606714, 0.69122912, 0.72108341,
       0.72108341, 0.72108341, 0.74981078, 0.74981078, 0.74981078,
       0.76373985, 0.77760596, 0.77760596, 0.77760596, 0.77760596,
       0.79080772, 0.79080772, 0.79080772, 0.8035427 , 0.8035427 ,
       0.8035427 , 0.81579142, 0.81579142, 0.81579142, 0.81579142,
       0.81579142, 0.82734317, 0.82734317, 0.82734317, 0.82734317,
       0.84904537, 0.84904537, 0.84904537, 0.85945526, 0.85945526,
       0.8695832 , 0.89951507, 0.89951507, 0.90912949, 0.90912949,
       0.91848886, 0.91848886, 0.91848886, 0.91848886, 0.91848886,
       0.91848886, 0.91848886, 0.91848886, 0.91848886, 0.91848886,
       0.91848886, 0.91848886, 0.91848886, 0.91848886, 0.91848886,
       0.91848886, 0.93227711, 0.93901072, 0.94557515, 0.94557515,
       0.94557515, 0.94557515, 0.95157853, 0.95157853, 0.95714244,
       0.95714244, 0.95714244, 0.95714244, 0.95714244, 0.95714244,
       0.95714244, 0.96169862, 0.96169862, 0.96169862, 0.96571411,
       0.96571411, 0.96951446, 0.96951446, 0.96951446, 0.97279224,
       0.97279224, 0.97279224, 0.97846882, 0.97846882, 0.97846882,
       0.98083697, 0.98083697, 0.98083697, 0.98465338, 0.98814663,
       0.98814663, 0.98814663, 0.99077445, 0.99077445, 0.99077445,
       0.99245838, 0.99464652, 0.99573132, 0.99685253, 0.9990935 ,
       1.        ]), array([0.        , 0.50339168, 0.61200751, 0.61200751, 0.62725683,
       0.62725683, 0.64208153, 0.68634301, 0.70094113, 0.70094113,
       0.71513793, 0.71513793, 0.71513793, 0.71513793, 0.71513793,
       0.71513793, 0.71513793, 0.71513793, 0.71513793, 0.72801496,
       0.72801496, 0.72801496, 0.74045132, 0.74045132, 0.74045132,
       0.76411521, 0.77586128, 0.77586128, 0.78732982, 0.78732982,
       0.78732982, 0.78732982, 0.78732982, 0.78732982, 0.80819542,
       0.80819542, 0.80819542, 0.81823718, 0.82809528, 0.8377415 ,
       0.84726623, 0.84726623, 0.84726623, 0.86539553, 0.86539553,
       0.87421525, 0.88272579, 0.8911263 , 0.8911263 , 0.8911263 ,
       0.9069462 , 0.9069462 , 0.9069462 , 0.9069462 , 0.9142535 ,
       0.9142535 , 0.9142535 , 0.92115392, 0.92781895, 0.93441408,
       0.93441408, 0.93441408, 0.93441408, 0.93441408, 0.94595506,
       0.95712218, 0.95712218, 0.95712218, 0.95712218, 0.95712218,
       0.96189046, 0.96189046, 0.96189046, 0.96189046, 0.97020144,
       0.97020144, 0.97020144, 0.97394989, 0.97394989, 0.97394989,
       0.97723691, 0.97723691, 0.97723691, 0.97723691, 0.97723691,
       0.97723691, 0.97950156, 0.98163972, 0.98163972, 0.98163972,
       0.98163972, 0.98462984, 0.98462984, 0.98580912, 0.98980938,
       0.9916453 , 0.99236615, 0.99448273, 0.99632347, 0.99893893,
       1.        ]), array([0.        , 0.67936613, 0.70855251, 0.72778682, 0.72778682,
       0.72778682, 0.72778682, 0.75531126, 0.75531126, 0.76436628,
       0.7821461 , 0.7821461 , 0.7821461 , 0.79076034, 0.79923218,
       0.8076907 , 0.82428942, 0.82428942, 0.82428942, 0.83227934,
       0.83227934, 0.83227934, 0.83998883, 0.84760087, 0.84760087,
       0.84760087, 0.84760087, 0.85488099, 0.86204104, 0.87617609,
       0.87617609, 0.87617609, 0.87617609, 0.87617609, 0.87617609,
       0.8825824 , 0.8825824 , 0.88879374, 0.88879374, 0.89481213,
       0.90075743, 0.90075743, 0.90075743, 0.90646137, 0.91198561,
       0.91198561, 0.91198561, 0.91198561, 0.91198561, 0.91198561,
       0.91198561, 0.92180691, 0.92660321, 0.92660321, 0.92660321,
       0.93112653, 0.93112653, 0.94832487, 0.95672706, 0.96084463,
       0.97269796, 0.97269796, 0.98021029, 0.98021029, 0.98381418,
       0.98735335, 0.98735335, 0.99062291, 0.99387136, 0.99696457,
       1.        , 1.        , 1.        , 1.        , 1.        ,
       1.        , 1.        , 1.        , 1.        , 1.        ,
       1.        , 1.        , 1.        , 1.        , 1.        ,
       1.        , 1.        , 1.        , 1.        , 1.        ,
       1.        , 1.        , 1.        , 1.        , 1.        ,
       1.        , 1.        , 1.        , 1.        , 1.        ,
       1.        ]), array([0.        , 0.69926611, 0.73319751, 0.73319751, 0.74423445,
       0.74423445, 0.75501691, 0.76570172, 0.80824669, 0.80824669,
       0.80824669, 0.80824669, 0.81840441, 0.81840441, 0.81840441,
       0.81840441, 0.828141  , 0.8377251 , 0.8377251 , 0.85637556,
       0.86564272, 0.87472535, 0.87472535, 0.87472535, 0.87472535,
       0.87472535, 0.87472535, 0.87472535, 0.87472535, 0.87472535,
       0.87472535, 0.87472535, 0.87472535, 0.88246156, 0.89008977,
       0.89762686, 0.89762686, 0.90493625, 0.90493625, 0.90493625,
       0.9118746 , 0.91875203, 0.91875203, 0.91875203, 0.91875203,
       0.91875203, 0.91875203, 0.92492132, 0.92492132, 0.93080231,
       0.93080231, 0.9365321 , 0.94760778, 0.95308202, 0.95308202,
       0.95308202, 0.95308202, 0.95308202, 0.957948  , 0.957948  ,
       0.957948  , 0.96243451, 0.97121661, 0.97121661, 0.97959734,
       0.97959734, 0.97959734, 0.97959734, 0.97959734, 0.97959734,
       0.97959734, 0.97959734, 0.98291533, 0.98291533, 0.98291533,
       0.98291533, 0.98568751, 0.98568751, 0.98568751, 0.98568751,
       0.9880131 , 0.99028457, 0.99028457, 0.99028457, 0.99028457,
       0.99028457, 0.99028457, 0.99185173, 0.99185173, 0.99315444,
       0.99431212, 0.99543704, 0.99543704, 0.99543704, 0.99618905,
       0.99677945, 0.99734423, 0.99853912, 0.99908987, 0.99980145,
       1.        ])]","[array([0.00000000e+00, 6.62279465e-04, 2.56115571e-03, 3.95185085e-03,
       6.06354242e-03, 8.68628791e-03, 1.54107215e-02, 1.54107215e-02,
       1.98543244e-02, 1.98543244e-02, 1.98543244e-02, 3.27886530e-02,
       3.27886530e-02, 3.27886530e-02, 3.27886530e-02, 3.27886530e-02,
       3.27886530e-02, 5.39499886e-02, 6.48211723e-02, 6.48211723e-02,
       7.73481696e-02, 9.04442339e-02, 9.04442339e-02, 9.04442339e-02,
       9.04442339e-02, 1.06097396e-01, 1.06097396e-01, 1.22544149e-01,
       1.39730438e-01, 1.39730438e-01, 1.39730438e-01, 1.39730438e-01,
       1.59752825e-01, 1.59752825e-01, 1.59752825e-01, 1.59752825e-01,
       1.59752825e-01, 1.82829849e-01, 1.82829849e-01, 2.31422892e-01,
       2.31422892e-01, 2.57037116e-01, 2.57037116e-01, 2.83951115e-01,
       3.11650568e-01, 3.11650568e-01, 3.11650568e-01, 3.11650568e-01,
       3.41756293e-01, 3.41756293e-01, 3.73323791e-01, 3.73323791e-01,
       3.73323791e-01, 3.73323791e-01, 4.07120337e-01, 4.41493847e-01,
       4.41493847e-01, 4.77422400e-01, 5.13736601e-01, 5.13736601e-01,
       5.51566529e-01, 5.51566529e-01, 5.51566529e-01, 5.51566529e-01,
       5.51566529e-01, 5.51566529e-01, 6.34463150e-01, 6.34463150e-01,
       6.34463150e-01, 6.34463150e-01, 6.34463150e-01, 6.34463150e-01,
       6.34463150e-01, 6.34463150e-01, 6.80968612e-01, 6.80968612e-01,
       7.28651467e-01, 7.28651467e-01, 7.77669342e-01, 7.77669342e-01,
       7.77669342e-01, 7.77669342e-01, 7.77669342e-01, 7.77669342e-01,
       7.77669342e-01, 7.77669342e-01, 7.77669342e-01, 8.87104087e-01,
       8.87104087e-01, 8.87104087e-01, 1.00000000e+00, 1.00000000e+00,
       1.00000000e+00, 1.00000000e+00, 1.00000000e+00, 1.00000000e+00,
       1.00000000e+00, 1.00000000e+00, 1.00000000e+00, 1.00000000e+00,
       1.00000000e+00]), array([0.00000000e+00, 6.39468840e-04, 1.76298507e-03, 3.04827081e-03,
       4.20352580e-03, 4.20352580e-03, 4.20352580e-03, 6.68428245e-03,
       6.68428245e-03, 6.68428245e-03, 8.43585503e-03, 1.02614836e-02,
       1.02614836e-02, 1.02614836e-02, 1.02614836e-02, 1.28685228e-02,
       1.28685228e-02, 1.28685228e-02, 1.60245914e-02, 1.60245914e-02,
       1.60245914e-02, 1.97526196e-02, 1.97526196e-02, 1.97526196e-02,
       1.97526196e-02, 1.97526196e-02, 2.43004122e-02, 2.43004122e-02,
       2.43004122e-02, 2.43004122e-02, 3.50442383e-02, 3.50442383e-02,
       3.50442383e-02, 4.09351071e-02, 4.09351071e-02, 4.71576110e-02,
       6.63566884e-02, 6.63566884e-02, 7.31832012e-02, 7.31832012e-02,
       8.03096952e-02, 8.03096952e-02, 8.03096952e-02, 8.03096952e-02,
       8.03096952e-02, 8.03096952e-02, 8.03096952e-02, 8.03096952e-02,
       8.03096952e-02, 8.03096952e-02, 8.03096952e-02, 8.03096952e-02,
       8.03096952e-02, 8.03096952e-02, 8.03096952e-02, 8.03096952e-02,
       1.00361984e-01, 1.10576935e-01, 1.20990867e-01, 1.20990867e-01,
       1.20990867e-01, 1.20990867e-01, 1.32064708e-01, 1.32064708e-01,
       1.43655471e-01, 1.43655471e-01, 1.43655471e-01, 1.43655471e-01,
       1.43655471e-01, 1.43655471e-01, 1.43655471e-01, 1.56431529e-01,
       1.56431529e-01, 1.56431529e-01, 1.69843550e-01, 1.69843550e-01,
       1.83508617e-01, 1.83508617e-01, 1.83508617e-01, 1.97788348e-01,
       1.97788348e-01, 1.97788348e-01, 2.27381650e-01, 2.27381650e-01,
       2.27381650e-01, 2.42731298e-01, 2.42731298e-01, 2.42731298e-01,
       2.74512556e-01, 3.06673927e-01, 3.06673927e-01, 3.06673927e-01,
       3.39853210e-01, 3.39853210e-01, 3.39853210e-01, 3.74142717e-01,
       4.25974249e-01, 4.60968461e-01, 5.14054918e-01, 6.92769871e-01,
       1.00000000e+00]), array([0.00000000e+00, 9.24570267e-04, 2.81192909e-03, 2.81192909e-03,
       3.38152361e-03, 3.38152361e-03, 4.42779753e-03, 7.80530811e-03,
       9.10593068e-03, 9.10593068e-03, 1.08570705e-02, 1.08570705e-02,
       1.08570705e-02, 1.08570705e-02, 1.08570705e-02, 1.08570705e-02,
       1.08570705e-02, 1.08570705e-02, 1.08570705e-02, 1.40897537e-02,
       1.40897537e-02, 1.40897537e-02, 1.78171203e-02, 1.78171203e-02,
       1.78171203e-02, 2.66288677e-02, 3.11311422e-02, 3.11311422e-02,
       3.59449579e-02, 3.59449579e-02, 3.59449579e-02, 3.59449579e-02,
       3.59449579e-02, 3.59449579e-02, 4.78980029e-02, 4.78980029e-02,
       4.78980029e-02, 5.43134959e-02, 6.09351596e-02, 6.77946711e-02,
       7.47905775e-02, 7.47905775e-02, 7.47905775e-02, 8.98153252e-02,
       8.98153252e-02, 9.76026489e-02, 1.05737053e-01, 1.13994972e-01,
       1.13994972e-01, 1.13994972e-01, 1.31612206e-01, 1.31612206e-01,
       1.31612206e-01, 1.31612206e-01, 1.41097345e-01, 1.41097345e-01,
       1.41097345e-01, 1.51039227e-01, 1.61245364e-01, 1.71529967e-01,
       1.71529967e-01, 1.71529967e-01, 1.71529967e-01, 1.71529967e-01,
       1.93950609e-01, 2.16790937e-01, 2.16790937e-01, 2.16790937e-01,
       2.16790937e-01, 2.16790937e-01, 2.29126319e-01, 2.29126319e-01,
       2.29126319e-01, 2.29126319e-01, 2.55172890e-01, 2.55172890e-01,
       2.55172890e-01, 2.68653105e-01, 2.68653105e-01, 2.68653105e-01,
       2.82651322e-01, 2.82651322e-01, 2.82651322e-01, 2.82651322e-01,
       2.82651322e-01, 2.82651322e-01, 2.97797218e-01, 3.13085109e-01,
       3.13085109e-01, 3.13085109e-01, 3.13085109e-01, 3.45104761e-01,
       3.45104761e-01, 3.61469061e-01, 4.27731037e-01, 4.61046362e-01,
       4.77925297e-01, 5.46301840e-01, 6.32676190e-01, 8.24309707e-01,
       1.00000000e+00]), array([0.00000000e+00, 2.05025327e-04, 2.14859062e-03, 4.67402134e-03,
       4.67402134e-03, 4.67402134e-03, 4.67402134e-03, 1.57706788e-02,
       1.57706788e-02, 2.01293550e-02, 3.06653155e-02, 3.06653155e-02,
       3.06653155e-02, 3.74515906e-02, 4.50220939e-02, 5.26659358e-02,
       6.97068437e-02, 6.97068437e-02, 6.97068437e-02, 7.99315187e-02,
       7.99315187e-02, 7.99315187e-02, 9.17006478e-02, 1.04006506e-01,
       1.04006506e-01, 1.04006506e-01, 1.04006506e-01, 1.18140384e-01,
       1.32935584e-01, 1.63545060e-01, 1.63545060e-01, 1.63545060e-01,
       1.63545060e-01, 1.63545060e-01, 1.63545060e-01, 1.82491491e-01,
       1.82491491e-01, 2.02511673e-01, 2.02511673e-01, 2.23594508e-01,
       2.45079888e-01, 2.45079888e-01, 2.45079888e-01, 2.67894562e-01,
       2.91698959e-01, 2.91698959e-01, 2.91698959e-01, 2.91698959e-01,
       2.91698959e-01, 2.91698959e-01, 2.91698959e-01, 3.46066347e-01,
       3.73879857e-01, 3.73879857e-01, 3.73879857e-01, 4.03196779e-01,
       4.03196779e-01, 5.25393365e-01, 5.87576548e-01, 6.19128087e-01,
       7.16533212e-01, 7.16533212e-01, 7.83617272e-01, 7.83617272e-01,
       8.17997955e-01, 8.52735047e-01, 8.52735047e-01, 8.88957052e-01,
       9.25295281e-01, 9.62488521e-01, 1.00000000e+00, 1.00000000e+00,
       1.00000000e+00, 1.00000000e+00, 1.00000000e+00, 1.00000000e+00,
       1.00000000e+00, 1.00000000e+00, 1.00000000e+00, 1.00000000e+00,
       1.00000000e+00, 1.00000000e+00, 1.00000000e+00, 1.00000000e+00,
       1.00000000e+00, 1.00000000e+00, 1.00000000e+00, 1.00000000e+00,
       1.00000000e+00, 1.00000000e+00, 1.00000000e+00, 1.00000000e+00,
       1.00000000e+00, 1.00000000e+00, 1.00000000e+00, 1.00000000e+00,
       1.00000000e+00, 1.00000000e+00, 1.00000000e+00, 1.00000000e+00,
       1.00000000e+00]), array([0.00000000e+00, 5.11073338e-04, 1.75629218e-03, 1.75629218e-03,
       2.89888214e-03, 2.89888214e-03, 4.71828802e-03, 6.79742144e-03,
       1.56306436e-02, 1.56306436e-02, 1.56306436e-02, 1.56306436e-02,
       1.91116552e-02, 1.91116552e-02, 1.91116552e-02, 1.91116552e-02,
       2.37127697e-02, 2.87194501e-02, 2.87194501e-02, 4.01098341e-02,
       4.59594693e-02, 5.22999047e-02, 5.22999047e-02, 5.22999047e-02,
       5.22999047e-02, 5.22999047e-02, 5.22999047e-02, 5.22999047e-02,
       5.22999047e-02, 5.22999047e-02, 5.22999047e-02, 5.22999047e-02,
       5.22999047e-02, 6.22214201e-02, 7.24301406e-02, 8.28812416e-02,
       8.28812416e-02, 9.39379427e-02, 9.39379427e-02, 9.39379427e-02,
       1.05981512e-01, 1.18187112e-01, 1.18187112e-01, 1.18187112e-01,
       1.18187112e-01, 1.18187112e-01, 1.18187112e-01, 1.32276125e-01,
       1.32276125e-01, 1.47131931e-01, 1.47131931e-01, 1.62389897e-01,
       1.93926864e-01, 2.09864504e-01, 2.09864504e-01, 2.09864504e-01,
       2.09864504e-01, 2.09864504e-01, 2.27419918e-01, 2.27419918e-01,
       2.27419918e-01, 2.45984623e-01, 2.83621788e-01, 2.83621788e-01,
       3.22326507e-01, 3.22326507e-01, 3.22326507e-01, 3.22326507e-01,
       3.22326507e-01, 3.22326507e-01, 3.22326507e-01, 3.22326507e-01,
       3.43999097e-01, 3.43999097e-01, 3.43999097e-01, 3.43999097e-01,
       3.67123366e-01, 3.67123366e-01, 3.67123366e-01, 3.67123366e-01,
       3.91435445e-01, 4.15891480e-01, 4.15891480e-01, 4.15891480e-01,
       4.15891480e-01, 4.15891480e-01, 4.15891480e-01, 4.42220740e-01,
       4.42220740e-01, 4.69253353e-01, 4.96671707e-01, 5.24177215e-01,
       5.24177215e-01, 5.24177215e-01, 5.52674524e-01, 5.81601672e-01,
       6.10596960e-01, 6.98911216e-01, 7.58441225e-01, 8.78538360e-01,
       1.00000000e+00])]",-0.1893512491055065,0.1683529743477037,0.1246588913259618,0.1054895053783928,"[{'lambda_reg': 0.16847200912608518, 'K_bin': 474, 'gamma': 0.06933376709910713}, {'lambda_reg': 0.02455386553345905, 'K_bin': 67, 'gamma': 0.293497007801812}, {'lambda_reg': 0.09149055281702603, 'K_bin': 87, 'gamma': 0.6609629964422351}, {'lambda_reg': 0.44560102396931944, 'K_bin': 368, 'gamma': 0.6223397727479743}, {'lambda_reg': 2.472759883612103e-05, 'K_bin': 177, 'gamma': 0.02644368091208951}]",600,1,laplacian,65
"[np.float64(0.12732498074955997), np.float64(0.10121322631584438), np.float64(0.10655854384378288), np.float64(0.08810149746642837), np.float64(0.1412689968776236)]",0.1128934490506478,0.0189981068116092,"[np.float64(0.7197966205849793), np.float64(0.7905910217234515), np.float64(0.7473693669312236), np.float64(0.7846297451380114), np.float64(0.7125033080224126)]",0.7509780124800157,0.0321472674375733,"[np.float64(0.9991698547797192), np.float64(0.9582815039305425), np.float64(0.9906731024642521), np.float64(0.9398049176997), np.float64(0.9806762334271808)]",0.9737211224602788,0.0217810556997995,"[array([0.07009088, 0.98127238, 0.98127238, 0.98127238, 0.99815944,
       0.99815944, 0.99815944, 0.99815944, 0.99815944, 0.99815944,
       0.99815944, 0.99815944, 0.99815944, 0.99815944, 0.99815944,
       0.99815944, 0.99815944, 0.99815944, 0.99815944, 0.99815944,
       0.99815944, 0.99815944, 0.99815944, 0.99815944, 0.99815944,
       0.99815944, 0.99815944, 0.99815944, 0.99815944, 0.99815944,
       0.99815944, 0.99815944, 0.99815944, 0.99815944, 0.99815944,
       0.99815944, 0.99815944, 0.99815944, 0.99815944, 0.99815944,
       0.99815944, 0.99815944, 0.99815944, 0.99815944, 0.99815944,
       0.99815944, 0.99815944, 0.99815944, 0.99815944, 0.99815944,
       0.99815944, 0.99815944, 0.99815944, 0.99815944, 0.99815944,
       0.99815944, 0.99815944, 0.99815944, 0.99815944, 0.99815944,
       0.99815944, 0.99815944, 0.99815944, 0.99815944, 0.99815944,
       0.99815944, 0.99815944, 0.99815944, 0.99815944, 0.99815944,
       0.99815944, 0.99815944, 0.99815944, 0.99815944, 0.99815944,
       0.99815944, 0.99815944, 0.99815944, 0.99815944, 0.99815944,
       0.99815944, 0.99815944, 0.99815944, 0.99815944, 0.99815944,
       0.99815944, 0.99815944, 0.99815944, 0.99815944, 0.99815944,
       0.99815944, 0.99815944, 0.99815944, 0.99815944, 0.99815944,
       0.99917561, 0.99917561, 0.99917561, 1.        , 1.        ,
       1.        ]), array([0.        , 0.55240894, 0.63622267, 0.71916063, 0.71916063,
       0.75970561, 0.77977436, 0.77977436, 0.77977436, 0.79917537,
       0.79917537, 0.79917537, 0.79917537, 0.79917537, 0.81749985,
       0.83573653, 0.83573653, 0.83573653, 0.83573653, 0.83573653,
       0.83573653, 0.83573653, 0.83573653, 0.83573653, 0.85197932,
       0.85197932, 0.85197932, 0.85197932, 0.86740951, 0.88260765,
       0.88260765, 0.88260765, 0.89709352, 0.91150728, 0.91150728,
       0.91150728, 0.92523664, 0.92523664, 0.92523664, 0.92523664,
       0.92523664, 0.92523664, 0.92523664, 0.92523664, 0.92523664,
       0.92523664, 0.92523664, 0.92523664, 0.93641914, 0.93641914,
       0.9471756 , 0.9471756 , 0.9471756 , 0.9471756 , 0.95707708,
       0.95707708, 0.95707708, 0.95707708, 0.95707708, 0.95707708,
       0.96569952, 0.96569952, 0.96569952, 0.96569952, 0.97354462,
       0.97354462, 0.97354462, 0.97354462, 0.97354462, 0.97354462,
       0.97999273, 0.99241795, 0.99241795, 0.99241795, 0.99241795,
       0.99241795, 0.99241795, 0.99742693, 0.99742693, 0.99742693,
       0.99742693, 0.99742693, 0.99742693, 0.99742693, 0.99742693,
       0.99742693, 0.99742693, 0.99742693, 0.99742693, 0.99742693,
       0.99742693, 0.99742693, 0.99931614, 0.99931614, 0.99931614,
       0.99931614, 0.99931614, 0.99931614, 0.99984017, 0.99984017,
       1.        ]), array([0.01756967, 0.93114306, 0.94852726, 0.94852726, 0.94852726,
       0.9652393 , 0.9652393 , 0.9652393 , 0.9652393 , 0.9652393 ,
       0.9652393 , 0.9652393 , 0.9652393 , 0.9652393 , 0.9652393 ,
       0.9652393 , 0.9652393 , 0.9652393 , 0.9652393 , 0.9652393 ,
       0.9652393 , 0.9652393 , 0.9652393 , 0.9652393 , 0.97866165,
       0.97866165, 0.97866165, 0.97866165, 0.97866165, 0.97866165,
       0.97866165, 0.97866165, 0.97866165, 0.97866165, 0.97866165,
       0.97866165, 0.97866165, 0.97866165, 0.97866165, 0.97866165,
       0.97866165, 0.97866165, 0.97866165, 0.97866165, 0.97866165,
       0.97866165, 0.97866165, 0.97866165, 0.97866165, 0.97866165,
       0.97866165, 0.97866165, 0.98725587, 0.98725587, 0.98725587,
       0.98725587, 0.98725587, 0.98725587, 0.99468333, 0.99468333,
       0.99468333, 0.99468333, 0.99468333, 0.99468333, 0.99468333,
       0.99468333, 0.99468333, 0.99468333, 0.99468333, 0.99468333,
       0.99468333, 0.99468333, 0.99468333, 0.99468333, 0.99468333,
       0.99468333, 0.99468333, 0.99468333, 0.99468333, 0.99468333,
       0.99468333, 0.99468333, 0.99468333, 0.99784375, 0.99784375,
       0.99784375, 0.99784375, 0.99784375, 1.        , 1.        ,
       1.        , 1.        , 1.        , 1.        , 1.        ,
       1.        , 1.        , 1.        , 1.        , 1.        ,
       1.        ]), array([0.        , 0.41775775, 0.53218105, 0.5548353 , 0.59966896,
       0.59966896, 0.59966896, 0.68645679, 0.7078525 , 0.7078525 ,
       0.7078525 , 0.7287052 , 0.74920238, 0.74920238, 0.769192  ,
       0.769192  , 0.769192  , 0.769192  , 0.769192  , 0.80709037,
       0.80709037, 0.82557976, 0.84374822, 0.84374822, 0.84374822,
       0.84374822, 0.84374822, 0.84374822, 0.84374822, 0.84374822,
       0.84374822, 0.84374822, 0.85975284, 0.85975284, 0.85975284,
       0.85975284, 0.85975284, 0.85975284, 0.85975284, 0.85975284,
       0.87379735, 0.87379735, 0.87379735, 0.87379735, 0.87379735,
       0.87379735, 0.87379735, 0.87379735, 0.89818922, 0.89818922,
       0.90997251, 0.90997251, 0.90997251, 0.90997251, 0.92074157,
       0.92074157, 0.92074157, 0.93088323, 0.93088323, 0.94042544,
       0.95922443, 0.95922443, 0.95922443, 0.95922443, 0.95922443,
       0.95922443, 0.95922443, 0.95922443, 0.95922443, 0.95922443,
       0.97348311, 0.97348311, 0.97348311, 0.97348311, 0.97348311,
       0.97348311, 0.97348311, 0.97348311, 0.97348311, 0.97348311,
       0.97348311, 0.97348311, 0.97776222, 0.98997322, 0.99374147,
       0.99374147, 0.99374147, 0.99374147, 0.99374147, 0.99374147,
       0.99613989, 0.99613989, 0.99613989, 0.99779595, 0.99779595,
       0.99912064, 0.99912064, 1.        , 1.        , 1.        ,
       1.        ]), array([0.        , 0.95920247, 0.95920247, 0.95920247, 0.95920247,
       0.95920247, 0.95920247, 0.95920247, 0.95920247, 0.95920247,
       0.95920247, 0.95920247, 0.95920247, 0.95920247, 0.95920247,
       0.97366325, 0.97366325, 0.97366325, 0.97366325, 0.97366325,
       0.97366325, 0.97366325, 0.98690215, 1.        , 1.        ,
       1.        , 1.        , 1.        , 1.        , 1.        ,
       1.        , 1.        , 1.        , 1.        , 1.        ,
       1.        , 1.        , 1.        , 1.        , 1.        ,
       1.        , 1.        , 1.        , 1.        , 1.        ,
       1.        , 1.        , 1.        , 1.        , 1.        ,
       1.        , 1.        , 1.        , 1.        , 1.        ,
       1.        , 1.        , 1.        , 1.        , 1.        ,
       1.        , 1.        , 1.        , 1.        , 1.        ,
       1.        , 1.        , 1.        , 1.        , 1.        ,
       1.        , 1.        , 1.        , 1.        , 1.        ,
       1.        , 1.        , 1.        , 1.        , 1.        ,
       1.        , 1.        , 1.        , 1.        , 1.        ,
       1.        , 1.        , 1.        , 1.        , 1.        ,
       1.        , 1.        , 1.        , 1.        , 1.        ,
       1.        , 1.        , 1.        , 1.        , 1.        ,
       1.        ])]","[array([0.00000000e+00, 5.94700878e-08, 5.94700878e-08, 5.94700878e-08,
       1.23758575e-02, 1.23758575e-02, 1.23758575e-02, 1.23758575e-02,
       1.23758575e-02, 1.23758575e-02, 1.23758575e-02, 1.23758575e-02,
       1.23758575e-02, 1.23758575e-02, 1.23758575e-02, 1.23758575e-02,
       1.23758575e-02, 1.23758575e-02, 1.23758575e-02, 1.23758575e-02,
       1.23758575e-02, 1.23758575e-02, 1.23758575e-02, 1.23758575e-02,
       1.23758575e-02, 1.23758575e-02, 1.23758575e-02, 1.23758575e-02,
       1.23758575e-02, 1.23758575e-02, 1.23758575e-02, 1.23758575e-02,
       1.23758575e-02, 1.23758575e-02, 1.23758575e-02, 1.23758575e-02,
       1.23758575e-02, 1.23758575e-02, 1.23758575e-02, 1.23758575e-02,
       1.23758575e-02, 1.23758575e-02, 1.23758575e-02, 1.23758575e-02,
       1.23758575e-02, 1.23758575e-02, 1.23758575e-02, 1.23758575e-02,
       1.23758575e-02, 1.23758575e-02, 1.23758575e-02, 1.23758575e-02,
       1.23758575e-02, 1.23758575e-02, 1.23758575e-02, 1.23758575e-02,
       1.23758575e-02, 1.23758575e-02, 1.23758575e-02, 1.23758575e-02,
       1.23758575e-02, 1.23758575e-02, 1.23758575e-02, 1.23758575e-02,
       1.23758575e-02, 1.23758575e-02, 1.23758575e-02, 1.23758575e-02,
       1.23758575e-02, 1.23758575e-02, 1.23758575e-02, 1.23758575e-02,
       1.23758575e-02, 1.23758575e-02, 1.23758575e-02, 1.23758575e-02,
       1.23758575e-02, 1.23758575e-02, 1.23758575e-02, 1.23758575e-02,
       1.23758575e-02, 1.23758575e-02, 1.23758575e-02, 1.23758575e-02,
       1.23758575e-02, 1.23758575e-02, 1.23758575e-02, 1.23758575e-02,
       1.23758575e-02, 1.23758575e-02, 1.23758575e-02, 1.23758575e-02,
       1.23758575e-02, 1.23758575e-02, 1.23758575e-02, 3.33744557e-01,
       3.33744557e-01, 3.33744557e-01, 1.00000000e+00, 1.00000000e+00,
       1.00000000e+00]), array([0.00000000e+00, 3.62658596e-04, 4.68090581e-03, 1.21835219e-02,
       1.21835219e-02, 1.92946153e-02, 2.35909530e-02, 2.35909530e-02,
       2.35909530e-02, 3.03152704e-02, 3.03152704e-02, 3.03152704e-02,
       3.03152704e-02, 3.03152704e-02, 4.09539591e-02, 5.19119302e-02,
       5.19119302e-02, 5.19119302e-02, 5.19119302e-02, 5.19119302e-02,
       5.19119302e-02, 5.19119302e-02, 5.19119302e-02, 5.19119302e-02,
       7.01198422e-02, 7.01198422e-02, 7.01198422e-02, 7.01198422e-02,
       9.12824525e-02, 1.13288834e-01, 1.13288834e-01, 1.13288834e-01,
       1.37885088e-01, 1.62743560e-01, 1.62743560e-01, 1.62743560e-01,
       1.90090563e-01, 1.90090563e-01, 1.90090563e-01, 1.90090563e-01,
       1.90090563e-01, 1.90090563e-01, 1.90090563e-01, 1.90090563e-01,
       1.90090563e-01, 1.90090563e-01, 1.90090563e-01, 1.90090563e-01,
       2.26698178e-01, 2.26698178e-01, 2.64854964e-01, 2.64854964e-01,
       2.64854964e-01, 2.64854964e-01, 3.06120524e-01, 3.06120524e-01,
       3.06120524e-01, 3.06120524e-01, 3.06120524e-01, 3.06120524e-01,
       3.52036785e-01, 3.52036785e-01, 3.52036785e-01, 3.52036785e-01,
       4.00779533e-01, 4.00779533e-01, 4.00779533e-01, 4.00779533e-01,
       4.00779533e-01, 4.00779533e-01, 4.54601882e-01, 5.63959207e-01,
       5.63959207e-01, 5.63959207e-01, 5.63959207e-01, 5.63959207e-01,
       5.63959207e-01, 6.23014360e-01, 6.23014360e-01, 6.23014360e-01,
       6.23014360e-01, 6.23014360e-01, 6.23014360e-01, 6.23014360e-01,
       6.23014360e-01, 6.23014360e-01, 6.23014360e-01, 6.23014360e-01,
       6.23014360e-01, 6.23014360e-01, 6.23014360e-01, 6.23014360e-01,
       6.93413306e-01, 6.93413306e-01, 6.93413306e-01, 6.93413306e-01,
       6.93413306e-01, 6.93413306e-01, 7.68776228e-01, 7.68776228e-01,
       1.00000000e+00]), array([0.00000000e+00, 9.08232066e-04, 4.33133348e-03, 4.33133348e-03,
       4.33133348e-03, 2.01606094e-02, 2.01606094e-02, 2.01606094e-02,
       2.01606094e-02, 2.01606094e-02, 2.01606094e-02, 2.01606094e-02,
       2.01606094e-02, 2.01606094e-02, 2.01606094e-02, 2.01606094e-02,
       2.01606094e-02, 2.01606094e-02, 2.01606094e-02, 2.01606094e-02,
       2.01606094e-02, 2.01606094e-02, 2.01606094e-02, 2.01606094e-02,
       9.67076424e-02, 9.67076424e-02, 9.67076424e-02, 9.67076424e-02,
       9.67076424e-02, 9.67076424e-02, 9.67076424e-02, 9.67076424e-02,
       9.67076424e-02, 9.67076424e-02, 9.67076424e-02, 9.67076424e-02,
       9.67076424e-02, 9.67076424e-02, 9.67076424e-02, 9.67076424e-02,
       9.67076424e-02, 9.67076424e-02, 9.67076424e-02, 9.67076424e-02,
       9.67076424e-02, 9.67076424e-02, 9.67076424e-02, 9.67076424e-02,
       9.67076424e-02, 9.67076424e-02, 9.67076424e-02, 9.67076424e-02,
       2.62367550e-01, 2.62367550e-01, 2.62367550e-01, 2.62367550e-01,
       2.62367550e-01, 2.62367550e-01, 4.49562593e-01, 4.49562593e-01,
       4.49562593e-01, 4.49562593e-01, 4.49562593e-01, 4.49562593e-01,
       4.49562593e-01, 4.49562593e-01, 4.49562593e-01, 4.49562593e-01,
       4.49562593e-01, 4.49562593e-01, 4.49562593e-01, 4.49562593e-01,
       4.49562593e-01, 4.49562593e-01, 4.49562593e-01, 4.49562593e-01,
       4.49562593e-01, 4.49562593e-01, 4.49562593e-01, 4.49562593e-01,
       4.49562593e-01, 4.49562593e-01, 4.49562593e-01, 7.15514337e-01,
       7.15514337e-01, 7.15514337e-01, 7.15514337e-01, 7.15514337e-01,
       1.00000000e+00, 1.00000000e+00, 1.00000000e+00, 1.00000000e+00,
       1.00000000e+00, 1.00000000e+00, 1.00000000e+00, 1.00000000e+00,
       1.00000000e+00, 1.00000000e+00, 1.00000000e+00, 1.00000000e+00,
       1.00000000e+00]), array([0.        , 0.00113344, 0.00556114, 0.00703143, 0.01117721,
       0.01117721, 0.01117721, 0.02677679, 0.03144125, 0.03144125,
       0.03144125, 0.03748387, 0.04442876, 0.04442876, 0.05266187,
       0.05266187, 0.05266187, 0.05266187, 0.05266187, 0.07440923,
       0.07440923, 0.08644987, 0.099305  , 0.099305  , 0.099305  ,
       0.099305  , 0.099305  , 0.099305  , 0.099305  , 0.099305  ,
       0.099305  , 0.099305  , 0.11765195, 0.11765195, 0.11765195,
       0.11765195, 0.11765195, 0.11765195, 0.11765195, 0.11765195,
       0.14097358, 0.14097358, 0.14097358, 0.14097358, 0.14097358,
       0.14097358, 0.14097358, 0.14097358, 0.19700015, 0.19700015,
       0.22606072, 0.22606072, 0.22606072, 0.22606072, 0.25769539,
       0.25769539, 0.25769539, 0.29092237, 0.29092237, 0.32567074,
       0.39589191, 0.39589191, 0.39589191, 0.39589191, 0.39589191,
       0.39589191, 0.39589191, 0.39589191, 0.39589191, 0.39589191,
       0.4776363 , 0.4776363 , 0.4776363 , 0.4776363 , 0.4776363 ,
       0.4776363 , 0.4776363 , 0.4776363 , 0.4776363 , 0.4776363 ,
       0.4776363 , 0.4776363 , 0.52574232, 0.67164996, 0.72105251,
       0.72105251, 0.72105251, 0.72105251, 0.72105251, 0.72105251,
       0.77393167, 0.77393167, 0.77393167, 0.82869494, 0.82869494,
       0.8842992 , 0.8842992 , 0.9410337 , 0.9410337 , 0.9410337 ,
       1.        ]), array([0.        , 0.00257272, 0.00257272, 0.00257272, 0.00257272,
       0.00257272, 0.00257272, 0.00257272, 0.00257272, 0.00257272,
       0.00257272, 0.00257272, 0.00257272, 0.00257272, 0.00257272,
       0.24634319, 0.24634319, 0.24634319, 0.24634319, 0.24634319,
       0.24634319, 0.24634319, 0.61591078, 1.        , 1.        ,
       1.        , 1.        , 1.        , 1.        , 1.        ,
       1.        , 1.        , 1.        , 1.        , 1.        ,
       1.        , 1.        , 1.        , 1.        , 1.        ,
       1.        , 1.        , 1.        , 1.        , 1.        ,
       1.        , 1.        , 1.        , 1.        , 1.        ,
       1.        , 1.        , 1.        , 1.        , 1.        ,
       1.        , 1.        , 1.        , 1.        , 1.        ,
       1.        , 1.        , 1.        , 1.        , 1.        ,
       1.        , 1.        , 1.        , 1.        , 1.        ,
       1.        , 1.        , 1.        , 1.        , 1.        ,
       1.        , 1.        , 1.        , 1.        , 1.        ,
       1.        , 1.        , 1.        , 1.        , 1.        ,
       1.        , 1.        , 1.        , 1.        , 1.        ,
       1.        , 1.        , 1.        , 1.        , 1.        ,
       1.        , 1.        , 1.        , 1.        , 1.        ,
       1.        ])]",-0.0967283085912135,0.0612360770862154,0.0428143413446608,0.0275276005158068,"[{'lambda_reg': 0.0002019308717059662, 'K_bin': 706, 'gamma': 0.1983940751209665, 'coef0': 2.0979801195775396}, {'lambda_reg': 0.00023469066115097478, 'K_bin': 159, 'gamma': 0.22371276276594265, 'coef0': 1.2283642988142631}, {'lambda_reg': 0.07333046874001935, 'K_bin': 464, 'gamma': 0.05393661090604957, 'coef0': 0.7179977732263465}, {'lambda_reg': 0.00763957447293894, 'K_bin': 54, 'gamma': 0.12081167628107567, 'coef0': 0.14730581372145224}, {'lambda_reg': 0.0003247455989838672, 'K_bin': 331, 'gamma': 0.362255130117997, 'coef0': 0.4914655543985669}]",300,3,sigmoid,61
"[np.float64(0.1235128639326525), np.float64(0.040851708197194934), np.float64(0.09643832610692744), np.float64(0.11828470534923967), np.float64(0.20127164353654886)]",0.1160718494245126,0.0516968378706223,"[np.float64(0.8076157466212293), np.float64(0.796814123667592), np.float64(0.7453703123915661), np.float64(0.7311019770759496), np.float64(0.8721366564454754)]",0.7906077632403625,0.0501240788085513,"[np.float64(0.9948192477227523), np.float64(0.9962581790910234), np.float64(0.9966633978138668), np.float64(0.9955793546325565), np.float64(0.9922567649574103)]",0.9951153888435218,0.0015605765384053,"[array([0.35300625, 0.92164266, 0.92164266, 0.92164266, 0.92164266,
       0.94035403, 0.94035403, 0.94035403, 0.94035403, 0.958291  ,
       0.958291  , 0.958291  , 0.958291  , 0.958291  , 0.958291  ,
       0.958291  , 0.958291  , 0.958291  , 0.958291  , 0.958291  ,
       0.958291  , 0.958291  , 0.958291  , 0.958291  , 0.958291  ,
       0.958291  , 0.958291  , 0.958291  , 0.958291  , 0.958291  ,
       0.958291  , 0.958291  , 0.958291  , 0.97152965, 0.97152965,
       0.97152965, 0.97152965, 0.97152965, 0.97152965, 0.97152965,
       0.98345784, 0.98345784, 0.98345784, 0.98345784, 0.98345784,
       0.98345784, 0.98345784, 0.98345784, 0.98345784, 0.98345784,
       0.98345784, 0.98345784, 0.98345784, 0.98345784, 0.98345784,
       0.99232214, 0.99232214, 0.99232214, 0.99232214, 0.99232214,
       0.99232214, 0.99232214, 0.99232214, 0.99232214, 0.99232214,
       0.99232214, 0.99232214, 0.99232214, 0.99232214, 0.99232214,
       0.99232214, 0.99232214, 0.99232214, 0.99232214, 0.99232214,
       0.99232214, 0.99232214, 0.99232214, 0.99232214, 0.99232214,
       0.99232214, 0.99232214, 0.99232214, 0.99232214, 0.99232214,
       0.99232214, 0.99517097, 0.99789399, 0.99789399, 0.99789399,
       0.99789399, 0.99789399, 0.99789399, 0.99789399, 0.99919808,
       0.99919808, 0.99919808, 0.99919808, 0.999639  , 0.99994089,
       1.        ]), array([0.06698738, 0.91537459, 0.91537459, 0.91537459, 0.91537459,
       0.91537459, 0.91537459, 0.93635944, 0.93635944, 0.93635944,
       0.93635944, 0.93635944, 0.95614371, 0.97562073, 0.97562073,
       0.97562073, 0.97562073, 0.97562073, 0.97562073, 0.97562073,
       0.97562073, 0.97562073, 0.97562073, 0.97562073, 0.97562073,
       0.97562073, 0.97562073, 0.97562073, 0.97562073, 0.97562073,
       0.97562073, 0.97562073, 0.97562073, 0.97562073, 0.97562073,
       0.97562073, 0.97562073, 0.97562073, 0.97562073, 0.97562073,
       0.97562073, 0.97562073, 0.97562073, 0.97562073, 0.97562073,
       0.97562073, 0.97562073, 0.97562073, 0.98742496, 0.98742496,
       0.98742496, 0.98742496, 0.98742496, 0.98742496, 0.98742496,
       0.98742496, 0.98742496, 0.98742496, 0.98742496, 0.98742496,
       0.98742496, 0.98742496, 0.98742496, 0.98742496, 0.98742496,
       0.98742496, 0.98742496, 0.98742496, 0.98742496, 0.98742496,
       0.98742496, 0.98742496, 0.98742496, 0.98742496, 0.98742496,
       0.98742496, 0.98742496, 0.98742496, 0.98742496, 0.98742496,
       0.98742496, 0.98742496, 0.98742496, 0.99137323, 0.99137323,
       0.99137323, 0.99137323, 0.99137323, 0.99137323, 0.99384957,
       0.99384957, 0.99384957, 0.99384957, 0.99545557, 0.99545557,
       0.99676454, 0.99878246, 0.99878246, 0.99878246, 0.99986923,
       1.        ]), array([0.39860819, 0.92309145, 0.92309145, 0.94345776, 0.94345776,
       0.94345776, 0.94345776, 0.96307352, 0.96307352, 0.96307352,
       0.96307352, 0.96307352, 0.96307352, 0.96307352, 0.96307352,
       0.96307352, 0.96307352, 0.96307352, 0.96307352, 0.96307352,
       0.96307352, 0.96307352, 0.96307352, 0.96307352, 0.96307352,
       0.96307352, 0.96307352, 0.96307352, 0.96307352, 0.96307352,
       0.96307352, 0.96307352, 0.96307352, 0.96307352, 0.96307352,
       0.96307352, 0.96307352, 0.96307352, 0.96307352, 0.96307352,
       0.96307352, 0.96307352, 0.96307352, 0.96307352, 0.97487902,
       0.97487902, 0.97487902, 0.97487902, 0.97487902, 0.97487902,
       0.9854551 , 0.9854551 , 0.9956607 , 0.9956607 , 0.9956607 ,
       0.9956607 , 0.9956607 , 0.9956607 , 0.9956607 , 0.9956607 ,
       0.9956607 , 0.9956607 , 0.9956607 , 0.9956607 , 0.9956607 ,
       0.9956607 , 0.9956607 , 0.9956607 , 0.9956607 , 0.9956607 ,
       0.9956607 , 0.9956607 , 0.9956607 , 0.9956607 , 0.9956607 ,
       0.9956607 , 0.9956607 , 0.9956607 , 0.9956607 , 0.9956607 ,
       0.9956607 , 0.9956607 , 0.9956607 , 0.9956607 , 0.9956607 ,
       0.9956607 , 0.9956607 , 0.9956607 , 0.9956607 , 0.9956607 ,
       0.9956607 , 0.9956607 , 0.9956607 , 0.9956607 , 0.9971185 ,
       0.9971185 , 0.99910595, 0.99910595, 0.99967136, 0.99994726,
       1.        ]), array([0.4646038 , 0.90473269, 0.90473269, 0.90473269, 0.90473269,
       0.90473269, 0.90473269, 0.90473269, 0.90473269, 0.90473269,
       0.90473269, 0.92666107, 0.92666107, 0.92666107, 0.94778582,
       0.94778582, 0.94778582, 0.94778582, 0.94778582, 0.94778582,
       0.96747471, 0.96747471, 0.96747471, 0.96747471, 0.96747471,
       0.96747471, 0.96747471, 0.96747471, 0.96747471, 0.96747471,
       0.96747471, 0.96747471, 0.96747471, 0.96747471, 0.96747471,
       0.96747471, 0.96747471, 0.96747471, 0.96747471, 0.96747471,
       0.96747471, 0.96747471, 0.96747471, 0.96747471, 0.96747471,
       0.96747471, 0.96747471, 0.96747471, 0.96747471, 0.96747471,
       0.96747471, 0.96747471, 0.96747471, 0.97897016, 0.97897016,
       0.97897016, 0.97897016, 0.97897016, 0.97897016, 0.97897016,
       0.97897016, 0.97897016, 0.97897016, 0.97897016, 0.97897016,
       0.97897016, 0.97897016, 0.97897016, 0.97897016, 0.97897016,
       0.97897016, 0.97897016, 0.97897016, 0.97897016, 0.97897016,
       0.97897016, 0.98493778, 0.98493778, 0.98493778, 0.99019605,
       0.99019605, 0.99019605, 0.99460664, 0.99460664, 0.99460664,
       0.99460664, 0.99460664, 0.99460664, 0.99460664, 0.99460664,
       0.99460664, 0.99460664, 0.99460664, 0.99460664, 0.99620986,
       0.99620986, 0.99852581, 0.99852581, 0.99852581, 0.99936686,
       1.        ]), array([0.11702891, 0.84845956, 0.84845956, 0.87713139, 0.87713139,
       0.87713139, 0.87713139, 0.87713139, 0.87713139, 0.87713139,
       0.87713139, 0.87713139, 0.87713139, 0.87713139, 0.87713139,
       0.87713139, 0.87713139, 0.87713139, 0.87713139, 0.90088245,
       0.90088245, 0.90088245, 0.90088245, 0.90088245, 0.90088245,
       0.90088245, 0.90088245, 0.90088245, 0.90088245, 0.90088245,
       0.90088245, 0.90088245, 0.92086348, 0.92086348, 0.92086348,
       0.92086348, 0.93975982, 0.93975982, 0.93975982, 0.93975982,
       0.95739249, 0.95739249, 0.95739249, 0.95739249, 0.95739249,
       0.95739249, 0.95739249, 0.95739249, 0.95739249, 0.95739249,
       0.95739249, 0.95739249, 0.97151703, 0.97151703, 0.97151703,
       0.97151703, 0.97151703, 0.97151703, 0.97151703, 0.97151703,
       0.97151703, 0.97151703, 0.97151703, 0.97151703, 0.97151703,
       0.97151703, 0.97151703, 0.97151703, 0.97151703, 0.97151703,
       0.97151703, 0.97151703, 0.97986814, 0.97986814, 0.97986814,
       0.97986814, 0.97986814, 0.97986814, 0.97986814, 0.97986814,
       0.97986814, 0.97986814, 0.97986814, 0.97986814, 0.98463137,
       0.98463137, 0.98463137, 0.98463137, 0.98463137, 0.98463137,
       0.98775335, 0.98775335, 0.99287227, 0.99287227, 0.99688596,
       0.99688596, 0.99821133, 0.99821133, 0.9988726 , 0.9988726 ,
       1.        ])]","[array([0.00000000e+00, 5.42672568e-04, 5.42672568e-04, 5.42672568e-04,
       5.42672568e-04, 5.63690331e-03, 5.63690331e-03, 5.63690331e-03,
       5.63690331e-03, 1.51140303e-02, 1.51140303e-02, 1.51140303e-02,
       1.51140303e-02, 1.51140303e-02, 1.51140303e-02, 1.51140303e-02,
       1.51140303e-02, 1.51140303e-02, 1.51140303e-02, 1.51140303e-02,
       1.51140303e-02, 1.51140303e-02, 1.51140303e-02, 1.51140303e-02,
       1.51140303e-02, 1.51140303e-02, 1.51140303e-02, 1.51140303e-02,
       1.51140303e-02, 1.51140303e-02, 1.51140303e-02, 1.51140303e-02,
       1.51140303e-02, 5.11823061e-02, 5.11823061e-02, 5.11823061e-02,
       5.11823061e-02, 5.11823061e-02, 5.11823061e-02, 5.11823061e-02,
       9.46673720e-02, 9.46673720e-02, 9.46673720e-02, 9.46673720e-02,
       9.46673720e-02, 9.46673720e-02, 9.46673720e-02, 9.46673720e-02,
       9.46673720e-02, 9.46673720e-02, 9.46673720e-02, 9.46673720e-02,
       9.46673720e-02, 9.46673720e-02, 9.46673720e-02, 1.55493144e-01,
       1.55493144e-01, 1.55493144e-01, 1.55493144e-01, 1.55493144e-01,
       1.55493144e-01, 1.55493144e-01, 1.55493144e-01, 1.55493144e-01,
       1.55493144e-01, 1.55493144e-01, 1.55493144e-01, 1.55493144e-01,
       1.55493144e-01, 1.55493144e-01, 1.55493144e-01, 1.55493144e-01,
       1.55493144e-01, 1.55493144e-01, 1.55493144e-01, 1.55493144e-01,
       1.55493144e-01, 1.55493144e-01, 1.55493144e-01, 1.55493144e-01,
       1.55493144e-01, 1.55493144e-01, 1.55493144e-01, 1.55493144e-01,
       1.55493144e-01, 1.55493144e-01, 2.50364745e-01, 3.45948448e-01,
       3.45948448e-01, 3.45948448e-01, 3.45948448e-01, 3.45948448e-01,
       3.45948448e-01, 3.45948448e-01, 4.49562836e-01, 4.49562836e-01,
       4.49562836e-01, 4.49562836e-01, 5.58062477e-01, 6.67349056e-01,
       1.00000000e+00]), array([0.00000000e+00, 3.51830478e-04, 3.51830478e-04, 3.51830478e-04,
       3.51830478e-04, 3.51830478e-04, 3.51830478e-04, 4.30854639e-03,
       4.30854639e-03, 4.30854639e-03, 4.30854639e-03, 4.30854639e-03,
       1.17989532e-02, 2.01937339e-02, 2.01937339e-02, 2.01937339e-02,
       2.01937339e-02, 2.01937339e-02, 2.01937339e-02, 2.01937339e-02,
       2.01937339e-02, 2.01937339e-02, 2.01937339e-02, 2.01937339e-02,
       2.01937339e-02, 2.01937339e-02, 2.01937339e-02, 2.01937339e-02,
       2.01937339e-02, 2.01937339e-02, 2.01937339e-02, 2.01937339e-02,
       2.01937339e-02, 2.01937339e-02, 2.01937339e-02, 2.01937339e-02,
       2.01937339e-02, 2.01937339e-02, 2.01937339e-02, 2.01937339e-02,
       2.01937339e-02, 2.01937339e-02, 2.01937339e-02, 2.01937339e-02,
       2.01937339e-02, 2.01937339e-02, 2.01937339e-02, 2.01937339e-02,
       5.11723301e-02, 5.11723301e-02, 5.11723301e-02, 5.11723301e-02,
       5.11723301e-02, 5.11723301e-02, 5.11723301e-02, 5.11723301e-02,
       5.11723301e-02, 5.11723301e-02, 5.11723301e-02, 5.11723301e-02,
       5.11723301e-02, 5.11723301e-02, 5.11723301e-02, 5.11723301e-02,
       5.11723301e-02, 5.11723301e-02, 5.11723301e-02, 5.11723301e-02,
       5.11723301e-02, 5.11723301e-02, 5.11723301e-02, 5.11723301e-02,
       5.11723301e-02, 5.11723301e-02, 5.11723301e-02, 5.11723301e-02,
       5.11723301e-02, 5.11723301e-02, 5.11723301e-02, 5.11723301e-02,
       5.11723301e-02, 5.11723301e-02, 5.11723301e-02, 1.05273839e-01,
       1.05273839e-01, 1.05273839e-01, 1.05273839e-01, 1.05273839e-01,
       1.05273839e-01, 1.63707766e-01, 1.63707766e-01, 1.63707766e-01,
       1.63707766e-01, 2.24703443e-01, 2.24703443e-01, 2.86573377e-01,
       4.12079323e-01, 4.12079323e-01, 4.12079323e-01, 6.06048676e-01,
       1.00000000e+00]), array([0.00000000e+00, 4.63666316e-06, 4.63666316e-06, 2.37388291e-03,
       2.37388291e-03, 2.37388291e-03, 2.37388291e-03, 7.64363792e-03,
       7.64363792e-03, 7.64363792e-03, 7.64363792e-03, 7.64363792e-03,
       7.64363792e-03, 7.64363792e-03, 7.64363792e-03, 7.64363792e-03,
       7.64363792e-03, 7.64363792e-03, 7.64363792e-03, 7.64363792e-03,
       7.64363792e-03, 7.64363792e-03, 7.64363792e-03, 7.64363792e-03,
       7.64363792e-03, 7.64363792e-03, 7.64363792e-03, 7.64363792e-03,
       7.64363792e-03, 7.64363792e-03, 7.64363792e-03, 7.64363792e-03,
       7.64363792e-03, 7.64363792e-03, 7.64363792e-03, 7.64363792e-03,
       7.64363792e-03, 7.64363792e-03, 7.64363792e-03, 7.64363792e-03,
       7.64363792e-03, 7.64363792e-03, 7.64363792e-03, 7.64363792e-03,
       4.30964963e-02, 4.30964963e-02, 4.30964963e-02, 4.30964963e-02,
       4.30964963e-02, 4.30964963e-02, 8.33005308e-02, 8.33005308e-02,
       1.24936263e-01, 1.24936263e-01, 1.24936263e-01, 1.24936263e-01,
       1.24936263e-01, 1.24936263e-01, 1.24936263e-01, 1.24936263e-01,
       1.24936263e-01, 1.24936263e-01, 1.24936263e-01, 1.24936263e-01,
       1.24936263e-01, 1.24936263e-01, 1.24936263e-01, 1.24936263e-01,
       1.24936263e-01, 1.24936263e-01, 1.24936263e-01, 1.24936263e-01,
       1.24936263e-01, 1.24936263e-01, 1.24936263e-01, 1.24936263e-01,
       1.24936263e-01, 1.24936263e-01, 1.24936263e-01, 1.24936263e-01,
       1.24936263e-01, 1.24936263e-01, 1.24936263e-01, 1.24936263e-01,
       1.24936263e-01, 1.24936263e-01, 1.24936263e-01, 1.24936263e-01,
       1.24936263e-01, 1.24936263e-01, 1.24936263e-01, 1.24936263e-01,
       1.24936263e-01, 1.24936263e-01, 2.00378261e-01, 2.00378261e-01,
       3.54849174e-01, 3.54849174e-01, 4.33739842e-01, 5.13749349e-01,
       1.00000000e+00]), array([0.00000000e+00, 4.72482293e-05, 4.72482293e-05, 4.72482293e-05,
       4.72482293e-05, 4.72482293e-05, 4.72482293e-05, 4.72482293e-05,
       4.72482293e-05, 4.72482293e-05, 4.72482293e-05, 5.45097273e-03,
       5.45097273e-03, 5.45097273e-03, 1.25748755e-02, 1.25748755e-02,
       1.25748755e-02, 1.25748755e-02, 1.25748755e-02, 1.25748755e-02,
       2.27723359e-02, 2.27723359e-02, 2.27723359e-02, 2.27723359e-02,
       2.27723359e-02, 2.27723359e-02, 2.27723359e-02, 2.27723359e-02,
       2.27723359e-02, 2.27723359e-02, 2.27723359e-02, 2.27723359e-02,
       2.27723359e-02, 2.27723359e-02, 2.27723359e-02, 2.27723359e-02,
       2.27723359e-02, 2.27723359e-02, 2.27723359e-02, 2.27723359e-02,
       2.27723359e-02, 2.27723359e-02, 2.27723359e-02, 2.27723359e-02,
       2.27723359e-02, 2.27723359e-02, 2.27723359e-02, 2.27723359e-02,
       2.27723359e-02, 2.27723359e-02, 2.27723359e-02, 2.27723359e-02,
       2.27723359e-02, 5.05082507e-02, 5.05082507e-02, 5.05082507e-02,
       5.05082507e-02, 5.05082507e-02, 5.05082507e-02, 5.05082507e-02,
       5.05082507e-02, 5.05082507e-02, 5.05082507e-02, 5.05082507e-02,
       5.05082507e-02, 5.05082507e-02, 5.05082507e-02, 5.05082507e-02,
       5.05082507e-02, 5.05082507e-02, 5.05082507e-02, 5.05082507e-02,
       5.05082507e-02, 5.05082507e-02, 5.05082507e-02, 5.05082507e-02,
       9.00767482e-02, 9.00767482e-02, 9.00767482e-02, 1.31163639e-01,
       1.31163639e-01, 1.31163639e-01, 1.74065033e-01, 1.74065033e-01,
       1.74065033e-01, 1.74065033e-01, 1.74065033e-01, 1.74065033e-01,
       1.74065033e-01, 1.74065033e-01, 1.74065033e-01, 1.74065033e-01,
       1.74065033e-01, 1.74065033e-01, 2.22975741e-01, 2.22975741e-01,
       3.22703302e-01, 3.22703302e-01, 3.22703302e-01, 4.25587976e-01,
       1.00000000e+00]), array([0.00000000e+00, 2.02499911e-09, 2.02499911e-09, 7.74925326e-04,
       7.74925326e-04, 7.74925326e-04, 7.74925326e-04, 7.74925326e-04,
       7.74925326e-04, 7.74925326e-04, 7.74925326e-04, 7.74925326e-04,
       7.74925326e-04, 7.74925326e-04, 7.74925326e-04, 7.74925326e-04,
       7.74925326e-04, 7.74925326e-04, 7.74925326e-04, 8.06367606e-03,
       8.06367606e-03, 8.06367606e-03, 8.06367606e-03, 8.06367606e-03,
       8.06367606e-03, 8.06367606e-03, 8.06367606e-03, 8.06367606e-03,
       8.06367606e-03, 8.06367606e-03, 8.06367606e-03, 8.06367606e-03,
       2.03429681e-02, 2.03429681e-02, 2.03429681e-02, 2.03429681e-02,
       3.40581197e-02, 3.40581197e-02, 3.40581197e-02, 3.40581197e-02,
       4.94460502e-02, 4.94460502e-02, 4.94460502e-02, 4.94460502e-02,
       4.94460502e-02, 4.94460502e-02, 4.94460502e-02, 4.94460502e-02,
       4.94460502e-02, 4.94460502e-02, 4.94460502e-02, 4.94460502e-02,
       6.94778399e-02, 6.94778399e-02, 6.94778399e-02, 6.94778399e-02,
       6.94778399e-02, 6.94778399e-02, 6.94778399e-02, 6.94778399e-02,
       6.94778399e-02, 6.94778399e-02, 6.94778399e-02, 6.94778399e-02,
       6.94778399e-02, 6.94778399e-02, 6.94778399e-02, 6.94778399e-02,
       6.94778399e-02, 6.94778399e-02, 6.94778399e-02, 6.94778399e-02,
       9.71521634e-02, 9.71521634e-02, 9.71521634e-02, 9.71521634e-02,
       9.71521634e-02, 9.71521634e-02, 9.71521634e-02, 9.71521634e-02,
       9.71521634e-02, 9.71521634e-02, 9.71521634e-02, 9.71521634e-02,
       1.29575920e-01, 1.29575920e-01, 1.29575920e-01, 1.29575920e-01,
       1.29575920e-01, 1.29575920e-01, 1.64172280e-01, 1.64172280e-01,
       2.34854247e-01, 2.34854247e-01, 3.06999256e-01, 3.06999256e-01,
       3.43973860e-01, 3.43973860e-01, 3.81827562e-01, 3.81827562e-01,
       1.00000000e+00])]",-0.200705644430575,0.0510550448854223,0.1163090218094545,0.0436372084628664,"[{'lambda_reg': 3.688180419044956e-05, 'K_bin': 182}, {'lambda_reg': 0.010510466837262122, 'K_bin': 54}, {'lambda_reg': 3.9853806793041384e-05, 'K_bin': 142}, {'lambda_reg': 0.00013439761539419632, 'K_bin': 170}, {'lambda_reg': 0.002574191956059307, 'K_bin': 94}]",300,1,linear,42
"[np.float64(0.1199288316992903), np.float64(0.09323215324180986), np.float64(0.16785006447600193), np.float64(0.11176430597607626), np.float64(0.14648256743784732)]",0.1278515845662051,0.026332745730398,"[np.float64(0.831464954129487), np.float64(0.8552591377222121), np.float64(0.8151139069793462), np.float64(0.8833943619941919), np.float64(0.8396727246914265)]",0.8449810171033327,0.0231695102363512,"[np.float64(0.8680779348828098), np.float64(0.9042998742774923), np.float64(0.9855118101373275), np.float64(0.956467065150906), np.float64(0.9754574645931536)]",0.937962829808338,0.0447800245810792,"[array([0.        , 0.09053771, 0.16239231, 0.16239231, 0.17985767,
       0.2319644 , 0.2319644 , 0.24892411, 0.26583028, 0.28250678,
       0.2989875 , 0.33163767, 0.34773141, 0.3795426 , 0.3795426 ,
       0.3795426 , 0.3795426 , 0.3795426 , 0.40959615, 0.40959615,
       0.42423959, 0.43876928, 0.4815197 , 0.50975955, 0.50975955,
       0.50975955, 0.50975955, 0.50975955, 0.50975955, 0.50975955,
       0.50975955, 0.53501231, 0.53501231, 0.53501231, 0.53501231,
       0.53501231, 0.54672728, 0.54672728, 0.54672728, 0.56913072,
       0.58017643, 0.58017643, 0.60139602, 0.6327676 , 0.65325669,
       0.65325669, 0.65325669, 0.66299786, 0.66299786, 0.70988023,
       0.72837445, 0.72837445, 0.73727803, 0.76312089, 0.76312089,
       0.77960629, 0.77960629, 0.81144857, 0.81144857, 0.81893568,
       0.82622534, 0.84783286, 0.84783286, 0.85462548, 0.85462548,
       0.86110926, 0.86110926, 0.8794754 , 0.88544814, 0.89111804,
       0.90790946, 0.90790946, 0.91318172, 0.9181432 , 0.93265913,
       0.93265913, 0.9414626 , 0.94575327, 0.94982487, 0.95369997,
       0.95745593, 0.96452693, 0.96452693, 0.97099796, 0.97401055,
       0.97401055, 0.97401055, 0.97401055, 0.97852002, 0.97852002,
       0.98051586, 0.98232512, 0.98680524, 0.98813311, 0.98813311,
       0.99116586, 0.9943739 , 0.99807482, 0.99907965, 0.99984935,
       1.        ]), array([0.        , 0.30682542, 0.35739776, 0.37396746, 0.37396746,
       0.40671014, 0.40671014, 0.4227532 , 0.4227532 , 0.4227532 ,
       0.4227532 , 0.4227532 , 0.4227532 , 0.4227532 , 0.4227532 ,
       0.43728562, 0.45168273, 0.48025846, 0.48025846, 0.50812303,
       0.52184085, 0.52184085, 0.52184085, 0.52184085, 0.56119374,
       0.59991851, 0.61272547, 0.61272547, 0.63758423, 0.63758423,
       0.63758423, 0.64952612, 0.64952612, 0.67249369, 0.67249369,
       0.68367391, 0.68367391, 0.68367391, 0.68367391, 0.69413523,
       0.70439628, 0.70439628, 0.71435818, 0.72417324, 0.72417324,
       0.72417324, 0.7335023 , 0.7335023 , 0.7335023 , 0.7510043 ,
       0.7682721 , 0.7766852 , 0.79321269, 0.80140974, 0.81731767,
       0.82510054, 0.83266764, 0.85505704, 0.85505704, 0.85505704,
       0.8689265 , 0.88229046, 0.88884154, 0.89520105, 0.9014966 ,
       0.9014966 , 0.90732327, 0.90732327, 0.91292442, 0.91836602,
       0.92360559, 0.92360559, 0.92360559, 0.92826185, 0.92826185,
       0.93265919, 0.93687206, 0.94483894, 0.94866711, 0.94866711,
       0.95579262, 0.95579262, 0.95893239, 0.95893239, 0.9646769 ,
       0.97522002, 0.97522002, 0.97522002, 0.97742536, 0.98130105,
       0.98130105, 0.9829532 , 0.98581759, 0.98839378, 0.98955219,
       0.99319112, 0.99545838, 0.99663206, 0.99841544, 0.99983117,
       1.        ]), array([0.09698705, 0.89027958, 0.90768255, 0.90768255, 0.90768255,
       0.90768255, 0.90768255, 0.90768255, 0.92406207, 0.93209449,
       0.94806835, 0.94806835, 0.94806835, 0.94806835, 0.9557323 ,
       0.9557323 , 0.97060644, 0.97060644, 0.97060644, 0.97060644,
       0.97060644, 0.97060644, 0.97751029, 0.97751029, 0.98426527,
       0.98426527, 0.98426527, 0.98426527, 0.98426527, 0.98426527,
       0.98426527, 0.98426527, 0.98426527, 0.98426527, 0.98426527,
       0.98426527, 0.98426527, 0.98426527, 0.98426527, 0.98426527,
       0.98426527, 0.98426527, 0.98945383, 0.98945383, 0.98945383,
       0.98945383, 0.98945383, 0.98945383, 0.98945383, 0.98945383,
       0.98945383, 0.98945383, 0.98945383, 0.98945383, 0.98945383,
       0.98945383, 0.98945383, 0.9932959 , 0.9932959 , 0.9932959 ,
       0.9932959 , 0.9932959 , 0.9932959 , 0.9932959 , 0.9932959 ,
       0.9932959 , 0.9932959 , 0.9932959 , 0.9932959 , 0.9932959 ,
       0.9932959 , 0.9932959 , 0.9932959 , 0.9932959 , 0.9932959 ,
       0.9932959 , 0.9932959 , 0.9932959 , 0.9932959 , 0.9932959 ,
       0.99696356, 0.99696356, 0.99696356, 0.99696356, 0.99696356,
       0.99696356, 0.99696356, 0.99818656, 0.99930482, 0.99930482,
       0.99930482, 0.99930482, 0.99930482, 1.        , 1.        ,
       1.        , 1.        , 1.        , 1.        , 1.        ,
       1.        ]), array([0.03749525, 0.83411405, 0.84337546, 0.85252191, 0.85252191,
       0.85252191, 0.86141841, 0.86141841, 0.86141841, 0.86141841,
       0.86141841, 0.86141841, 0.87801707, 0.87801707, 0.87801707,
       0.87801707, 0.87801707, 0.87801707, 0.8857825 , 0.8857825 ,
       0.8857825 , 0.8857825 , 0.8857825 , 0.8857825 , 0.8857825 ,
       0.8857825 , 0.8857825 , 0.89264097, 0.89946072, 0.89946072,
       0.89946072, 0.90595326, 0.90595326, 0.90595326, 0.90595326,
       0.90595326, 0.90595326, 0.91186968, 0.91186968, 0.91186968,
       0.91186968, 0.91744117, 0.91744117, 0.92815718, 0.92815718,
       0.93856668, 0.93856668, 0.94359106, 0.9534753 , 0.9534753 ,
       0.95822215, 0.95822215, 0.96277635, 0.96277635, 0.96709188,
       0.96709188, 0.96709188, 0.96709188, 0.97507261, 0.97507261,
       0.97883927, 0.97883927, 0.98245638, 0.98595004, 0.98939299,
       0.99611084, 0.99611084, 0.99611084, 0.99611084, 0.99611084,
       0.99611084, 0.99611084, 0.99611084, 0.99611084, 0.99611084,
       0.99611084, 0.99611084, 0.99611084, 0.99819168, 0.99819168,
       0.99819168, 1.        , 1.        , 1.        , 1.        ,
       1.        , 1.        , 1.        , 1.        , 1.        ,
       1.        , 1.        , 1.        , 1.        , 1.        ,
       1.        , 1.        , 1.        , 1.        , 1.        ,
       1.        ]), array([0.05669633, 0.84070319, 0.84996643, 0.84996643, 0.84996643,
       0.84996643, 0.84996643, 0.85880099, 0.86756019, 0.87616001,
       0.87616001, 0.89310564, 0.89310564, 0.90141476, 0.90141476,
       0.90141476, 0.90141476, 0.91718209, 0.91718209, 0.92488959,
       0.93244929, 0.93244929, 0.94726528, 0.94726528, 0.94726528,
       0.94726528, 0.94726528, 0.94726528, 0.94726528, 0.94726528,
       0.94726528, 0.94726528, 0.94726528, 0.94726528, 0.95359084,
       0.95359084, 0.95359084, 0.95359084, 0.95359084, 0.95359084,
       0.95359084, 0.95359084, 0.95359084, 0.95906887, 0.95906887,
       0.95906887, 0.96419649, 0.96419649, 0.96419649, 0.96419649,
       0.96419649, 0.96886385, 0.97341166, 0.97341166, 0.97341166,
       0.97341166, 0.97341166, 0.97341166, 0.97742334, 0.97742334,
       0.97742334, 0.97742334, 0.97742334, 0.97742334, 0.97742334,
       0.9807541 , 0.9807541 , 0.9807541 , 0.9807541 , 0.98374866,
       0.98374866, 0.98374866, 0.98374866, 0.98374866, 0.98374866,
       0.98613218, 0.98613218, 0.98613218, 0.9882692 , 0.9882692 ,
       0.99403444, 0.99583245, 0.99583245, 0.99747569, 0.99747569,
       0.99747569, 0.99881512, 0.99881512, 0.99881512, 0.99881512,
       0.99881512, 0.99881512, 0.99965584, 0.99965584, 0.99965584,
       0.99965584, 0.99965584, 1.        , 1.        , 1.        ,
       1.        ])]","[array([0.00000000e+00, 3.45568023e-04, 1.10866364e-03, 1.10866364e-03,
       1.72075486e-03, 3.80165762e-03, 3.80165762e-03, 4.84127708e-03,
       5.92616711e-03, 7.20524740e-03, 8.64985677e-03, 1.18022677e-02,
       1.35740783e-02, 1.74358511e-02, 1.74358511e-02, 1.74358511e-02,
       1.74358511e-02, 1.74358511e-02, 2.27837315e-02, 2.27837315e-02,
       2.57817866e-02, 2.88760269e-02, 3.88678114e-02, 4.57492001e-02,
       4.57492001e-02, 4.57492001e-02, 4.57492001e-02, 4.57492001e-02,
       4.57492001e-02, 4.57492001e-02, 4.57492001e-02, 5.51562134e-02,
       5.51562134e-02, 5.51562134e-02, 5.51562134e-02, 5.51562134e-02,
       6.06303316e-02, 6.06303316e-02, 6.06303316e-02, 7.24464845e-02,
       7.84864684e-02, 7.84864684e-02, 9.13035763e-02, 1.10916320e-01,
       1.24351079e-01, 1.24351079e-01, 1.24351079e-01, 1.31494072e-01,
       1.31494072e-01, 1.68750791e-01, 1.83872241e-01, 1.83872241e-01,
       1.91723420e-01, 2.16010774e-01, 2.16010774e-01, 2.32830703e-01,
       2.32830703e-01, 2.67424741e-01, 2.67424741e-01, 2.76473568e-01,
       2.85689342e-01, 3.13557724e-01, 3.13557724e-01, 3.23193754e-01,
       3.23193754e-01, 3.33090906e-01, 3.33090906e-01, 3.63699918e-01,
       3.74029170e-01, 3.84614466e-01, 4.16554926e-01, 4.16554926e-01,
       4.27476442e-01, 4.38660718e-01, 4.72525131e-01, 4.72525131e-01,
       4.95840239e-01, 5.07591695e-01, 5.19528382e-01, 5.31631204e-01,
       5.43834770e-01, 5.68614693e-01, 5.68614693e-01, 5.93901907e-01,
       6.06733997e-01, 6.06733997e-01, 6.06733997e-01, 6.06733997e-01,
       6.33679732e-01, 6.33679732e-01, 6.47371499e-01, 6.61221021e-01,
       7.03570844e-01, 7.17827388e-01, 7.17827388e-01, 7.61400982e-01,
       8.20205643e-01, 9.09352113e-01, 9.39261072e-01, 9.84748101e-01,
       1.00000000e+00]), array([0.00000000e+00, 6.01010423e-04, 1.23964084e-03, 1.72664217e-03,
       1.72664217e-03, 3.07856995e-03, 3.07856995e-03, 4.06726815e-03,
       4.06726815e-03, 4.06726815e-03, 4.06726815e-03, 4.06726815e-03,
       4.06726815e-03, 4.06726815e-03, 4.06726815e-03, 6.49507776e-03,
       9.05178236e-03, 1.43733318e-02, 1.43733318e-02, 2.03723719e-02,
       2.35761942e-02, 2.35761942e-02, 2.35761942e-02, 2.35761942e-02,
       3.49029860e-02, 4.68281452e-02, 5.08997069e-02, 5.08997069e-02,
       5.97622146e-02, 5.97622146e-02, 5.97622146e-02, 6.46578705e-02,
       6.46578705e-02, 7.53220130e-02, 7.53220130e-02, 8.09432769e-02,
       8.09432769e-02, 8.09432769e-02, 8.09432769e-02, 8.72493883e-02,
       9.37462955e-02, 9.37462955e-02, 1.00528179e-01, 1.07449950e-01,
       1.07449950e-01, 1.07449950e-01, 1.14834714e-01, 1.14834714e-01,
       1.14834714e-01, 1.30705603e-01, 1.46799600e-01, 1.55056948e-01,
       1.71856200e-01, 1.80319365e-01, 1.97708831e-01, 2.06566566e-01,
       2.15629845e-01, 2.43116823e-01, 2.43116823e-01, 2.43116823e-01,
       2.62448233e-01, 2.82261206e-01, 2.92292399e-01, 3.02506082e-01,
       3.12780704e-01, 3.12780704e-01, 3.23501993e-01, 3.23501993e-01,
       3.34438129e-01, 3.45526261e-01, 3.56806852e-01, 3.56806852e-01,
       3.56806852e-01, 3.68643136e-01, 3.68643136e-01, 3.80726069e-01,
       3.92984745e-01, 4.17939219e-01, 4.30564376e-01, 4.30564376e-01,
       4.56320386e-01, 4.56320386e-01, 4.69601333e-01, 4.69601333e-01,
       4.96672949e-01, 5.51717263e-01, 5.51717263e-01, 5.51717263e-01,
       5.65888406e-01, 5.94740331e-01, 5.94740331e-01, 6.09438466e-01,
       6.39253805e-01, 6.69343698e-01, 6.84512183e-01, 7.46133749e-01,
       7.92789983e-01, 8.24215973e-01, 8.87605220e-01, 9.83888790e-01,
       1.00000000e+00]), array([0.        , 0.00409905, 0.0080797 , 0.0080797 , 0.0080797 ,
       0.0080797 , 0.0080797 , 0.0080797 , 0.02969376, 0.0432116 ,
       0.07181492, 0.07181492, 0.07181492, 0.07181492, 0.0916813 ,
       0.0916813 , 0.13923197, 0.13923197, 0.13923197, 0.13923197,
       0.13923197, 0.13923197, 0.1721943 , 0.1721943 , 0.20772166,
       0.20772166, 0.20772166, 0.20772166, 0.20772166, 0.20772166,
       0.20772166, 0.20772166, 0.20772166, 0.20772166, 0.20772166,
       0.20772166, 0.20772166, 0.20772166, 0.20772166, 0.20772166,
       0.20772166, 0.20772166, 0.27023721, 0.27023721, 0.27023721,
       0.27023721, 0.27023721, 0.27023721, 0.27023721, 0.27023721,
       0.27023721, 0.27023721, 0.27023721, 0.27023721, 0.27023721,
       0.27023721, 0.27023721, 0.35595205, 0.35595205, 0.35595205,
       0.35595205, 0.35595205, 0.35595205, 0.35595205, 0.35595205,
       0.35595205, 0.35595205, 0.35595205, 0.35595205, 0.35595205,
       0.35595205, 0.35595205, 0.35595205, 0.35595205, 0.35595205,
       0.35595205, 0.35595205, 0.35595205, 0.35595205, 0.35595205,
       0.59658278, 0.59658278, 0.59658278, 0.59658278, 0.59658278,
       0.59658278, 0.59658278, 0.7274223 , 0.86006651, 0.86006651,
       0.86006651, 0.86006651, 0.86006651, 1.        , 1.        ,
       1.        , 1.        , 1.        , 1.        , 1.        ,
       1.        ]), array([0.        , 0.00124424, 0.00214447, 0.00396548, 0.00396548,
       0.00396548, 0.00778831, 0.00778831, 0.00778831, 0.00778831,
       0.00778831, 0.00778831, 0.02499971, 0.02499971, 0.02499971,
       0.02499971, 0.02499971, 0.02499971, 0.03788146, 0.03788146,
       0.03788146, 0.03788146, 0.03788146, 0.03788146, 0.03788146,
       0.03788146, 0.03788146, 0.05802716, 0.07848291, 0.07848291,
       0.07848291, 0.10155939, 0.10155939, 0.10155939, 0.10155939,
       0.10155939, 0.10155939, 0.12925013, 0.12925013, 0.12925013,
       0.12925013, 0.1597034 , 0.1597034 , 0.22402957, 0.22402957,
       0.29081068, 0.29081068, 0.32564576, 0.39663377, 0.39663377,
       0.43369169, 0.43369169, 0.47229252, 0.47229252, 0.51280499,
       0.51280499, 0.51280499, 0.51280499, 0.59903838, 0.59903838,
       0.64394677, 0.64394677, 0.6900529 , 0.73714774, 0.78464873,
       0.8809967 , 0.8809967 , 0.8809967 , 0.8809967 , 0.8809967 ,
       0.8809967 , 0.8809967 , 0.8809967 , 0.8809967 , 0.8809967 ,
       0.8809967 , 0.8809967 , 0.8809967 , 0.939407  , 0.939407  ,
       0.939407  , 1.        , 1.        , 1.        , 1.        ,
       1.        , 1.        , 1.        , 1.        , 1.        ,
       1.        , 1.        , 1.        , 1.        , 1.        ,
       1.        , 1.        , 1.        , 1.        , 1.        ,
       1.        ]), array([0.        , 0.00218308, 0.00357304, 0.00357304, 0.00357304,
       0.00357304, 0.00357304, 0.00816381, 0.01331729, 0.01966086,
       0.01966086, 0.03424457, 0.03424457, 0.04275866, 0.04275866,
       0.04275866, 0.04275866, 0.0661405 , 0.0661405 , 0.07914679,
       0.09325664, 0.09325664, 0.12374193, 0.12374193, 0.12374193,
       0.12374193, 0.12374193, 0.12374193, 0.12374193, 0.12374193,
       0.12374193, 0.12374193, 0.12374193, 0.12374193, 0.14706682,
       0.14706682, 0.14706682, 0.14706682, 0.14706682, 0.14706682,
       0.14706682, 0.14706682, 0.14706682, 0.17672007, 0.17672007,
       0.17672007, 0.20898978, 0.20898978, 0.20898978, 0.20898978,
       0.20898978, 0.24469614, 0.28129508, 0.28129508, 0.28129508,
       0.28129508, 0.28129508, 0.28129508, 0.32189725, 0.32189725,
       0.32189725, 0.32189725, 0.32189725, 0.32189725, 0.32189725,
       0.36758371, 0.36758371, 0.36758371, 0.36758371, 0.41578042,
       0.41578042, 0.41578042, 0.41578042, 0.41578042, 0.41578042,
       0.46853971, 0.46853971, 0.46853971, 0.52313951, 0.52313951,
       0.69176115, 0.74889227, 0.74889227, 0.80717902, 0.80717902,
       0.80717902, 0.86773426, 0.86773426, 0.86773426, 0.86773426,
       0.86773426, 0.86773426, 0.93201332, 0.93201332, 0.93201332,
       0.93201332, 0.93201332, 1.        , 1.        , 1.        ,
       1.        ])]",-0.2696816523770463,0.2373139978986972,0.205774344308346,0.1553770232225214,"[{'lambda_reg': 0.01206987576967714, 'K_bin': 2, 'gamma': 0.005976564319304296}, {'lambda_reg': 0.013675151864377696, 'K_bin': 92, 'gamma': 0.01645161775090712}, {'lambda_reg': 1.5839759945940925e-05, 'K_bin': 759, 'gamma': 0.002406760261307675}, {'lambda_reg': 0.003126521125869474, 'K_bin': 537, 'gamma': 0.002720499846692461}, {'lambda_reg': 2.07530138392796e-05, 'K_bin': 650, 'gamma': 0.007471020345346198}]",600,2,laplacian,72
"[np.float64(0.049996169751448556), np.float64(0.059356963618208525), np.float64(0.057384313774108846), np.float64(0.08339697320866431), np.float64(0.10622536761329851)]",0.0712719575931457,0.0207665584836082,"[np.float64(0.801348285888679), np.float64(0.797582751065423), np.float64(0.7990536741392104), np.float64(0.7840871855286209), np.float64(0.7955349785990677)]",0.7955213750442003,0.0060236230446779,"[np.float64(0.9522042820387464), np.float64(0.9960638452037005), np.float64(0.9906549519948792), np.float64(0.9930343385847394), np.float64(0.933227820416898)]",0.9730370476477926,0.0255315267844412,"[array([0.        , 0.59210015, 0.62281157, 0.65322794, 0.67326055,
       0.69312749, 0.72258849, 0.74214095, 0.7710874 , 0.78056545,
       0.78998785, 0.79927211, 0.79927211, 0.79927211, 0.79927211,
       0.80818834, 0.80818834, 0.81682196, 0.81682196, 0.83380486,
       0.83380486, 0.84208725, 0.85832307, 0.86643479, 0.87441184,
       0.87441184, 0.88217228, 0.8974683 , 0.8974683 , 0.90487255,
       0.90487255, 0.90487255, 0.91200967, 0.92608618, 0.92608618,
       0.93287817, 0.93287817, 0.93953274, 0.93953274, 0.93953274,
       0.93953274, 0.93953274, 0.93953274, 0.94547489, 0.94547489,
       0.94547489, 0.94547489, 0.94547489, 0.94547489, 0.94547489,
       0.95072023, 0.95072023, 0.95577346, 0.95577346, 0.95577346,
       0.95577346, 0.95577346, 0.95577346, 0.95577346, 0.95577346,
       0.95577346, 0.95577346, 0.96379785, 0.96379785, 0.96757206,
       0.96757206, 0.97476631, 0.98178434, 0.98516559, 0.98841565,
       0.98841565, 0.98841565, 0.98841565, 0.98841565, 0.99112107,
       0.99112107, 0.99112107, 0.99112107, 0.99112107, 0.99112107,
       0.99112107, 0.99112107, 0.99112107, 0.99294086, 0.99464738,
       0.99464738, 0.99464738, 0.99600011, 0.99600011, 0.99600011,
       0.99600011, 0.99892113, 0.99892113, 0.99892113, 0.99892113,
       0.99892113, 0.99892113, 0.99966529, 0.99966529, 1.        ,
       1.        ]), array([0.18797561, 0.97389405, 0.9823059 , 0.9823059 , 0.9823059 ,
       0.9823059 , 0.9823059 , 0.9823059 , 0.9823059 , 0.9823059 ,
       0.9823059 , 0.99759613, 0.99759613, 0.99759613, 0.99759613,
       0.99759613, 0.99759613, 0.99759613, 0.99759613, 0.99759613,
       0.99759613, 0.99759613, 0.99759613, 0.99759613, 0.99759613,
       0.99759613, 0.99759613, 0.99759613, 0.99759613, 0.99759613,
       0.99759613, 0.99759613, 0.99759613, 0.99759613, 0.99759613,
       0.99759613, 0.99759613, 0.99759613, 0.99759613, 0.99759613,
       0.99759613, 0.99759613, 0.99759613, 0.99759613, 0.99759613,
       0.99759613, 0.99759613, 0.99759613, 0.99759613, 0.99759613,
       0.99759613, 0.99759613, 0.99759613, 0.99759613, 0.99759613,
       0.99759613, 0.99759613, 0.99759613, 0.99759613, 0.99759613,
       0.99759613, 0.99759613, 0.99759613, 0.99759613, 0.99759613,
       0.99759613, 0.99759613, 0.99759613, 0.99759613, 0.99759613,
       0.99759613, 0.99759613, 0.99759613, 0.99759613, 0.99759613,
       0.99759613, 0.99759613, 0.99959754, 0.99959754, 0.99959754,
       0.99959754, 0.99959754, 0.99959754, 0.99959754, 0.99959754,
       0.99959754, 0.99959754, 0.99959754, 0.99959754, 0.99959754,
       0.99959754, 0.99959754, 0.99959754, 0.99959754, 0.99959754,
       0.99959754, 0.99997069, 0.99997069, 0.99997069, 0.99997069,
       1.        ]), array([0.12861699, 0.92786205, 0.93687504, 0.94579384, 0.94579384,
       0.94579384, 0.94579384, 0.94579384, 0.94579384, 0.94579384,
       0.94579384, 0.94579384, 0.94579384, 0.94579384, 0.94579384,
       0.95363555, 0.95363555, 0.95363555, 0.95363555, 0.95363555,
       0.95363555, 0.95363555, 0.96086154, 0.96086154, 0.96086154,
       0.96086154, 0.96086154, 0.96086154, 0.96086154, 0.96086154,
       0.96086154, 0.96086154, 0.96086154, 0.96086154, 0.96086154,
       0.96690583, 0.96690583, 0.96690583, 0.96690583, 0.96690583,
       0.96690583, 0.96690583, 0.96690583, 0.96690583, 0.96690583,
       0.96690583, 0.96690583, 0.96690583, 0.96690583, 0.96690583,
       0.9715528 , 0.98072042, 0.98072042, 0.98072042, 0.98072042,
       0.98072042, 0.98072042, 0.98472329, 0.98861158, 0.98861158,
       0.98861158, 0.98861158, 0.98861158, 0.99206571, 0.99206571,
       0.99206571, 0.99206571, 0.99206571, 0.99206571, 0.99500053,
       0.99500053, 0.99500053, 0.99759872, 0.99759872, 0.99759872,
       0.99759872, 0.99759872, 0.99759872, 0.99759872, 0.99759872,
       0.99759872, 0.99943073, 0.99943073, 0.99943073, 0.99943073,
       0.99943073, 0.99943073, 0.99943073, 0.99943073, 0.99943073,
       0.99943073, 0.99943073, 0.99943073, 0.99943073, 0.99943073,
       0.99943073, 0.99985864, 0.99985864, 0.99985864, 0.99985864,
       1.        ]), array([0.2157603 , 0.90794383, 0.91680219, 0.92557265, 0.92557265,
       0.92557265, 0.94259439, 0.94259439, 0.95093008, 0.95093008,
       0.95093008, 0.95093008, 0.95093008, 0.95093008, 0.95868184,
       0.95868184, 0.95868184, 0.95868184, 0.95868184, 0.96605151,
       0.96605151, 0.96605151, 0.96605151, 0.97298064, 0.97984316,
       0.97984316, 0.97984316, 0.98648258, 0.98648258, 0.98648258,
       0.98648258, 0.98648258, 0.98648258, 0.98648258, 0.98648258,
       0.98648258, 0.98648258, 0.98648258, 0.98648258, 0.98648258,
       0.98648258, 0.98648258, 0.98648258, 0.98648258, 0.98648258,
       0.98648258, 0.98648258, 0.98648258, 0.98648258, 0.98648258,
       0.98648258, 0.98648258, 0.98648258, 0.98648258, 0.99065661,
       0.99475115, 0.99475115, 0.99475115, 0.99475115, 0.99475115,
       0.99475115, 0.99475115, 0.99475115, 0.99475115, 0.99475115,
       0.99475115, 0.99475115, 0.99475115, 0.99475115, 0.99754007,
       0.99754007, 0.99754007, 0.99754007, 0.99754007, 0.99754007,
       0.99754007, 0.99754007, 0.99754007, 0.99754007, 0.99754007,
       0.99942583, 0.99942583, 0.99942583, 0.99942583, 0.99942583,
       0.99942583, 0.99942583, 0.99942583, 0.99942583, 0.99942583,
       0.99942583, 0.99942583, 0.99942583, 0.99942583, 0.99942583,
       0.99942583, 0.99942583, 0.99973586, 0.99973586, 0.99998109,
       1.        ]), array([0.        , 0.50056093, 0.55319873, 0.57393722, 0.60489402,
       0.63548561, 0.68583981, 0.69579659, 0.69579659, 0.71534317,
       0.71534317, 0.71534317, 0.74367623, 0.74367623, 0.74367623,
       0.7618833 , 0.77090176, 0.77090176, 0.77973331, 0.78842475,
       0.78842475, 0.79693072, 0.80532751, 0.80532751, 0.82163275,
       0.82163275, 0.82163275, 0.82163275, 0.83703639, 0.83703639,
       0.83703639, 0.84441454, 0.85168502, 0.87328572, 0.87328572,
       0.87328572, 0.87328572, 0.88001026, 0.88001026, 0.89307434,
       0.89953223, 0.89953223, 0.89953223, 0.91787777, 0.92993797,
       0.9416987 , 0.94756266, 0.95330637, 0.95330637, 0.95330637,
       0.95330637, 0.95330637, 0.95330637, 0.95835848, 0.95835848,
       0.95835848, 0.95835848, 0.95835848, 0.96748564, 0.96748564,
       0.96748564, 0.96748564, 0.97567681, 0.97966975, 0.97966975,
       0.98344806, 0.98344806, 0.98698377, 0.98698377, 0.98698377,
       0.98698377, 0.98698377, 0.99003967, 0.99003967, 0.99286221,
       0.99559332, 0.99559332, 0.99559332, 0.99559332, 0.99559332,
       0.99559332, 0.99559332, 0.99559332, 0.9974309 , 0.9974309 ,
       0.9974309 , 0.9974309 , 0.9974309 , 0.9974309 , 0.9974309 ,
       0.9974309 , 0.99839526, 0.99839526, 0.99914278, 0.99914278,
       0.99914278, 0.99914278, 0.99981712, 0.99981712, 0.99992446,
       1.        ])]","[array([0.        , 0.00303294, 0.00501332, 0.00818289, 0.01128325,
       0.01505135, 0.02207149, 0.02710711, 0.03620112, 0.03992071,
       0.04386463, 0.04836529, 0.04836529, 0.04836529, 0.04836529,
       0.05434928, 0.05434928, 0.06147231, 0.06147231, 0.07686443,
       0.07686443, 0.08540308, 0.10380626, 0.1130328 , 0.1228021 ,
       0.1228021 , 0.13344447, 0.15563548, 0.15563548, 0.16771341,
       0.16771341, 0.16771341, 0.18086806, 0.20797422, 0.20797422,
       0.22251988, 0.22251988, 0.2376194 , 0.2376194 , 0.2376194 ,
       0.2376194 , 0.2376194 , 0.2376194 , 0.25559028, 0.25559028,
       0.25559028, 0.25559028, 0.25559028, 0.25559028, 0.25559028,
       0.27636962, 0.27636962, 0.2979233 , 0.2979233 , 0.2979233 ,
       0.2979233 , 0.2979233 , 0.2979233 , 0.2979233 , 0.2979233 ,
       0.2979233 , 0.2979233 , 0.34942227, 0.34942227, 0.37613095,
       0.37613095, 0.43097576, 0.48653086, 0.51482335, 0.54364459,
       0.54364459, 0.54364459, 0.54364459, 0.54364459, 0.574661  ,
       0.574661  , 0.574661  , 0.574661  , 0.574661  , 0.574661  ,
       0.574661  , 0.574661  , 0.574661  , 0.60924686, 0.64428926,
       0.64428926, 0.64428926, 0.68075763, 0.68075763, 0.68075763,
       0.68075763, 0.79474598, 0.79474598, 0.79474598, 0.79474598,
       0.79474598, 0.79474598, 0.87558761, 0.87558761, 0.95807953,
       1.        ]), array([0.        , 0.00637293, 0.01160535, 0.01160535, 0.01160535,
       0.01160535, 0.01160535, 0.01160535, 0.01160535, 0.01160535,
       0.01160535, 0.0826306 , 0.0826306 , 0.0826306 , 0.0826306 ,
       0.0826306 , 0.0826306 , 0.0826306 , 0.0826306 , 0.0826306 ,
       0.0826306 , 0.0826306 , 0.0826306 , 0.0826306 , 0.0826306 ,
       0.0826306 , 0.0826306 , 0.0826306 , 0.0826306 , 0.0826306 ,
       0.0826306 , 0.0826306 , 0.0826306 , 0.0826306 , 0.0826306 ,
       0.0826306 , 0.0826306 , 0.0826306 , 0.0826306 , 0.0826306 ,
       0.0826306 , 0.0826306 , 0.0826306 , 0.0826306 , 0.0826306 ,
       0.0826306 , 0.0826306 , 0.0826306 , 0.0826306 , 0.0826306 ,
       0.0826306 , 0.0826306 , 0.0826306 , 0.0826306 , 0.0826306 ,
       0.0826306 , 0.0826306 , 0.0826306 , 0.0826306 , 0.0826306 ,
       0.0826306 , 0.0826306 , 0.0826306 , 0.0826306 , 0.0826306 ,
       0.0826306 , 0.0826306 , 0.0826306 , 0.0826306 , 0.0826306 ,
       0.0826306 , 0.0826306 , 0.0826306 , 0.0826306 , 0.0826306 ,
       0.0826306 , 0.0826306 , 0.3410249 , 0.3410249 , 0.3410249 ,
       0.3410249 , 0.3410249 , 0.3410249 , 0.3410249 , 0.3410249 ,
       0.3410249 , 0.3410249 , 0.3410249 , 0.3410249 , 0.3410249 ,
       0.3410249 , 0.3410249 , 0.3410249 , 0.3410249 , 0.3410249 ,
       0.3410249 , 0.66372297, 0.66372297, 0.66372297, 0.66372297,
       1.        ]), array([0.00000000e+00, 1.72309361e-04, 1.87038655e-03, 4.48805544e-03,
       4.48805544e-03, 4.48805544e-03, 4.48805544e-03, 4.48805544e-03,
       4.48805544e-03, 4.48805544e-03, 4.48805544e-03, 4.48805544e-03,
       4.48805544e-03, 4.48805544e-03, 4.48805544e-03, 1.76208974e-02,
       1.76208974e-02, 1.76208974e-02, 1.76208974e-02, 1.76208974e-02,
       1.76208974e-02, 1.76208974e-02, 3.67648022e-02, 3.67648022e-02,
       3.67648022e-02, 3.67648022e-02, 3.67648022e-02, 3.67648022e-02,
       3.67648022e-02, 3.67648022e-02, 3.67648022e-02, 3.67648022e-02,
       3.67648022e-02, 3.67648022e-02, 3.67648022e-02, 6.74452704e-02,
       6.74452704e-02, 6.74452704e-02, 6.74452704e-02, 6.74452704e-02,
       6.74452704e-02, 6.74452704e-02, 6.74452704e-02, 6.74452704e-02,
       6.74452704e-02, 6.74452704e-02, 6.74452704e-02, 6.74452704e-02,
       6.74452704e-02, 6.74452704e-02, 1.11767229e-01, 2.01644337e-01,
       2.01644337e-01, 2.01644337e-01, 2.01644337e-01, 2.01644337e-01,
       2.01644337e-01, 2.52254477e-01, 3.03983126e-01, 3.03983126e-01,
       3.03983126e-01, 3.03983126e-01, 3.03983126e-01, 3.59950411e-01,
       3.59950411e-01, 3.59950411e-01, 3.59950411e-01, 3.59950411e-01,
       3.59950411e-01, 4.20987430e-01, 4.20987430e-01, 4.20987430e-01,
       4.85310930e-01, 4.85310930e-01, 4.85310930e-01, 4.85310930e-01,
       4.85310930e-01, 4.85310930e-01, 4.85310930e-01, 4.85310930e-01,
       4.85310930e-01, 5.57114305e-01, 5.57114305e-01, 5.57114305e-01,
       5.57114305e-01, 5.57114305e-01, 5.57114305e-01, 5.57114305e-01,
       5.57114305e-01, 5.57114305e-01, 5.57114305e-01, 5.57114305e-01,
       5.57114305e-01, 5.57114305e-01, 5.57114305e-01, 5.57114305e-01,
       6.42625431e-01, 6.42625431e-01, 6.42625431e-01, 6.42625431e-01,
       1.00000000e+00]), array([0.00000000e+00, 6.01687840e-04, 2.27239327e-03, 5.05861250e-03,
       5.05861250e-03, 5.05861250e-03, 1.72193541e-02, 1.72193541e-02,
       2.55227163e-02, 2.55227163e-02, 2.55227163e-02, 2.55227163e-02,
       2.55227163e-02, 2.55227163e-02, 4.12362547e-02, 4.12362547e-02,
       4.12362547e-02, 4.12362547e-02, 4.12362547e-02, 6.17985887e-02,
       6.17985887e-02, 6.17985887e-02, 6.17985887e-02, 8.79515039e-02,
       1.14949652e-01, 1.14949652e-01, 1.14949652e-01, 1.44778883e-01,
       1.44778883e-01, 1.44778883e-01, 1.44778883e-01, 1.44778883e-01,
       1.44778883e-01, 1.44778883e-01, 1.44778883e-01, 1.44778883e-01,
       1.44778883e-01, 1.44778883e-01, 1.44778883e-01, 1.44778883e-01,
       1.44778883e-01, 1.44778883e-01, 1.44778883e-01, 1.44778883e-01,
       1.44778883e-01, 1.44778883e-01, 1.44778883e-01, 1.44778883e-01,
       1.44778883e-01, 1.44778883e-01, 1.44778883e-01, 1.44778883e-01,
       1.44778883e-01, 1.44778883e-01, 2.05894279e-01, 2.68018393e-01,
       2.68018393e-01, 2.68018393e-01, 2.68018393e-01, 2.68018393e-01,
       2.68018393e-01, 2.68018393e-01, 2.68018393e-01, 2.68018393e-01,
       2.68018393e-01, 2.68018393e-01, 2.68018393e-01, 2.68018393e-01,
       2.68018393e-01, 3.46711025e-01, 3.46711025e-01, 3.46711025e-01,
       3.46711025e-01, 3.46711025e-01, 3.46711025e-01, 3.46711025e-01,
       3.46711025e-01, 3.46711025e-01, 3.46711025e-01, 3.46711025e-01,
       4.36864702e-01, 4.36864702e-01, 4.36864702e-01, 4.36864702e-01,
       4.36864702e-01, 4.36864702e-01, 4.36864702e-01, 4.36864702e-01,
       4.36864702e-01, 4.36864702e-01, 4.36864702e-01, 4.36864702e-01,
       4.36864702e-01, 4.36864702e-01, 4.36864702e-01, 4.36864702e-01,
       4.36864702e-01, 5.47014785e-01, 5.47014785e-01, 7.72071370e-01,
       1.00000000e+00]), array([0.        , 0.00206501, 0.00447919, 0.00657768, 0.01026544,
       0.01525988, 0.02584429, 0.02836928, 0.02836928, 0.03473217,
       0.03473217, 0.03473217, 0.04780717, 0.04780717, 0.04780717,
       0.05896261, 0.06484467, 0.06484467, 0.07139551, 0.0784476 ,
       0.0784476 , 0.08616328, 0.09426955, 0.09426955, 0.11222936,
       0.11222936, 0.11222936, 0.11222936, 0.13341488, 0.13341488,
       0.13341488, 0.14516564, 0.15730165, 0.19446366, 0.19446366,
       0.19446366, 0.19446366, 0.20855292, 0.20855292, 0.23810894,
       0.25315222, 0.25315222, 0.25315222, 0.30196054, 0.33510823,
       0.36932734, 0.38649559, 0.40409406, 0.40409406, 0.40409406,
       0.40409406, 0.40409406, 0.40409406, 0.42416694, 0.42416694,
       0.42416694, 0.42416694, 0.42416694, 0.46780845, 0.46780845,
       0.46780845, 0.46780845, 0.51479871, 0.5386611 , 0.5386611 ,
       0.56329141, 0.56329141, 0.58878966, 0.58878966, 0.58878966,
       0.58878966, 0.58878966, 0.61600457, 0.61600457, 0.6440544 ,
       0.67243138, 0.67243138, 0.67243138, 0.67243138, 0.67243138,
       0.67243138, 0.67243138, 0.67243138, 0.7040052 , 0.7040052 ,
       0.7040052 , 0.7040052 , 0.7040052 , 0.7040052 , 0.7040052 ,
       0.7040052 , 0.73870323, 0.73870323, 0.77417708, 0.77417708,
       0.77417708, 0.77417708, 0.84806105, 0.84806105, 0.88582532,
       1.        ])]",-0.0883007935711908,0.0778718641739186,0.0511893390719388,0.0346726926205324,"[{'lambda_reg': 2.4020358930111568e-05, 'K_bin': 84, 'gamma': 0.056176216084681804, 'degree': 6, 'coef0': 3.47722758042835}, {'lambda_reg': 0.013361768490234937, 'K_bin': 807, 'gamma': 0.6550010032539012, 'degree': 3, 'coef0': 1.327850790337501}, {'lambda_reg': 0.00010122000727729556, 'K_bin': 509, 'gamma': 0.21195082250580546, 'degree': 3, 'coef0': 0.4045909439423878}, {'lambda_reg': 0.019541211236551812, 'K_bin': 840, 'gamma': 0.09358321300789475, 'degree': 5, 'coef0': 1.0925652737085967}, {'lambda_reg': 0.1901345318537842, 'K_bin': 50, 'gamma': 0.32442110125848345, 'degree': 3, 'coef0': 2.4858568790727764}]",600,3,polynomial,83
"[np.float64(0.14277270025433186), np.float64(0.0500613410470066), np.float64(0.09284032649412038), np.float64(0.10217839310277406), np.float64(0.23444871129458023)]",0.1244602944385626,0.0623927973646939,"[np.float64(0.8004289287993587), np.float64(0.77666011972071), np.float64(0.7250244144691056), np.float64(0.7318317633610463), np.float64(0.8726388721284006)]",0.7813168196957243,0.0535617036999517,"[np.float64(0.9862167966434876), np.float64(0.894629113572397), np.float64(0.9449031157012984), np.float64(0.9556434660295874), np.float64(0.9490052747843549)]",0.9460795533462252,0.0295281503982381,"[array([0.15206978, 0.97978033, 0.97978033, 0.97978033, 0.97978033,
       0.97978033, 0.97978033, 0.97978033, 0.97978033, 0.97978033,
       0.97978033, 0.97978033, 0.97978033, 0.97978033, 0.97978033,
       0.97978033, 0.97978033, 0.97978033, 0.97978033, 0.97978033,
       0.97978033, 0.97978033, 0.97978033, 0.97978033, 0.97978033,
       0.99253395, 0.99253395, 0.99253395, 0.99253395, 0.99253395,
       0.99253395, 0.99253395, 0.99253395, 0.99253395, 0.99253395,
       0.99253395, 0.99253395, 0.99253395, 0.99253395, 0.99253395,
       0.99253395, 0.99253395, 0.99253395, 0.99253395, 0.99253395,
       0.99253395, 0.99253395, 0.99253395, 0.99253395, 0.99253395,
       0.99253395, 0.99253395, 0.99253395, 0.99253395, 0.99253395,
       0.99253395, 1.        , 1.        , 1.        , 1.        ,
       1.        , 1.        , 1.        , 1.        , 1.        ,
       1.        , 1.        , 1.        , 1.        , 1.        ,
       1.        , 1.        , 1.        , 1.        , 1.        ,
       1.        , 1.        , 1.        , 1.        , 1.        ,
       1.        , 1.        , 1.        , 1.        , 1.        ,
       1.        , 1.        , 1.        , 1.        , 1.        ,
       1.        , 1.        , 1.        , 1.        , 1.        ,
       1.        , 1.        , 1.        , 1.        , 1.        ,
       1.        ]), array([0.        , 0.02694136, 0.02694136, 0.1319974 , 0.18386353,
       0.28686918, 0.36341038, 0.38865959, 0.38865959, 0.43806025,
       0.46244962, 0.51061708, 0.6059943 , 0.62952746, 0.65271927,
       0.65271927, 0.67540601, 0.69781931, 0.71999706, 0.71999706,
       0.74159186, 0.74159186, 0.74159186, 0.74159186, 0.74159186,
       0.74159186, 0.74159186, 0.76148553, 0.76148553, 0.76148553,
       0.76148553, 0.76148553, 0.76148553, 0.77965624, 0.77965624,
       0.77965624, 0.79712438, 0.81417135, 0.81417135, 0.83061612,
       0.84696659, 0.86300057, 0.86300057, 0.86300057, 0.86300057,
       0.86300057, 0.86300057, 0.86300057, 0.87721836, 0.87721836,
       0.87721836, 0.87721836, 0.87721836, 0.87721836, 0.88974925,
       0.88974925, 0.88974925, 0.88974925, 0.90118101, 0.90118101,
       0.90118101, 0.90118101, 0.90118101, 0.90118101, 0.90118101,
       0.90118101, 0.91051752, 0.91051752, 0.91051752, 0.91900091,
       0.91900091, 0.91900091, 0.92671182, 0.9340419 , 0.94120125,
       0.94120125, 0.94779722, 0.96064285, 0.96064285, 0.96641721,
       0.96641721, 0.96641721, 0.97150412, 0.97150412, 0.98055609,
       0.98055609, 0.98055609, 0.98055609, 0.98055609, 0.98373552,
       0.98669042, 0.98928875, 0.99602759, 0.99813946, 1.        ,
       1.        , 1.        , 1.        , 1.        , 1.        ,
       1.        ]), array([0.        , 0.38636928, 0.4682712 , 0.54928016, 0.54928016,
       0.54928016, 0.54928016, 0.54928016, 0.57475471, 0.57475471,
       0.62468359, 0.62468359, 0.64911207, 0.64911207, 0.69676987,
       0.69676987, 0.69676987, 0.69676987, 0.69676987, 0.71932726,
       0.71932726, 0.76333582, 0.76333582, 0.78482696, 0.78482696,
       0.78482696, 0.78482696, 0.78482696, 0.78482696, 0.80470732,
       0.80470732, 0.80470732, 0.82378462, 0.82378462, 0.82378462,
       0.82378462, 0.82378462, 0.84131217, 0.84131217, 0.84131217,
       0.84131217, 0.84131217, 0.84131217, 0.84131217, 0.84131217,
       0.84131217, 0.84131217, 0.85600841, 0.87057297, 0.88488841,
       0.89884678, 0.89884678, 0.89884678, 0.91204794, 0.91204794,
       0.91204794, 0.91204794, 0.92420345, 0.93602677, 0.94748981,
       0.94748981, 0.94748981, 0.94748981, 0.94748981, 0.94748981,
       0.94748981, 0.94748981, 0.94748981, 0.94748981, 0.94748981,
       0.94748981, 0.94748981, 0.9555025 , 0.9555025 , 0.9555025 ,
       0.9555025 , 0.96222632, 0.97524891, 0.97524891, 0.98123251,
       0.98123251, 0.98123251, 0.98123251, 0.98123251, 0.98123251,
       0.98986648, 0.98986648, 0.98986648, 0.99332616, 0.99332616,
       0.99332616, 0.99332616, 0.99332616, 0.99332616, 0.99676074,
       0.99676074, 0.99676074, 0.99676074, 0.99804   , 0.99927209,
       1.        ]), array([0.        , 0.68172798, 0.73928776, 0.73928776, 0.73928776,
       0.75792652, 0.79490502, 0.81314359, 0.83115126, 0.83115126,
       0.83115126, 0.83115126, 0.83115126, 0.83115126, 0.83115126,
       0.84782461, 0.84782461, 0.84782461, 0.84782461, 0.86365433,
       0.86365433, 0.86365433, 0.87896707, 0.89405517, 0.89405517,
       0.89405517, 0.89405517, 0.89405517, 0.89405517, 0.89405517,
       0.90773263, 0.90773263, 0.90773263, 0.92090715, 0.92090715,
       0.93372005, 0.93372005, 0.93372005, 0.93372005, 0.93372005,
       0.93372005, 0.95699726, 0.95699726, 0.95699726, 0.95699726,
       0.95699726, 0.95699726, 0.96743926, 0.96743926, 0.97753679,
       0.97753679, 0.97753679, 0.97753679, 0.97753679, 0.97753679,
       0.97753679, 0.97753679, 0.97753679, 0.97753679, 0.97753679,
       0.97753679, 0.97753679, 0.97753679, 0.97753679, 0.97753679,
       0.97753679, 0.97753679, 0.97753679, 0.97753679, 0.97753679,
       0.98342227, 0.98342227, 0.98342227, 0.98342227, 0.98342227,
       0.98342227, 0.98342227, 0.98802073, 0.99242459, 0.99242459,
       0.99242459, 0.99242459, 0.99242459, 0.99242459, 0.995614  ,
       0.995614  , 0.995614  , 0.995614  , 0.995614  , 0.99789131,
       1.        , 1.        , 1.        , 1.        , 1.        ,
       1.        , 1.        , 1.        , 1.        , 1.        ,
       1.        ]), array([0.        , 0.77993977, 0.83236184, 0.83236184, 0.83236184,
       0.83236184, 0.84911491, 0.84911491, 0.84911491, 0.84911491,
       0.84911491, 0.84911491, 0.86480988, 0.88041243, 0.88041243,
       0.89565449, 0.89565449, 0.91045118, 0.91045118, 0.91045118,
       0.91045118, 0.93863637, 0.93863637, 0.95246594, 0.95246594,
       0.95246594, 0.95246594, 0.95246594, 0.95246594, 0.95246594,
       0.95246594, 0.95246594, 0.95246594, 0.95246594, 0.95246594,
       0.95246594, 0.95246594, 0.95246594, 0.95246594, 0.95246594,
       0.95246594, 0.97345222, 0.97345222, 0.98365048, 0.98365048,
       0.9934281 , 0.9934281 , 0.9934281 , 0.9934281 , 0.9934281 ,
       0.9934281 , 0.9934281 , 0.9934281 , 0.9934281 , 0.9934281 ,
       0.9934281 , 0.9934281 , 0.9934281 , 0.9934281 , 0.9934281 ,
       0.9934281 , 0.9934281 , 0.9934281 , 1.        , 1.        ,
       1.        , 1.        , 1.        , 1.        , 1.        ,
       1.        , 1.        , 1.        , 1.        , 1.        ,
       1.        , 1.        , 1.        , 1.        , 1.        ,
       1.        , 1.        , 1.        , 1.        , 1.        ,
       1.        , 1.        , 1.        , 1.        , 1.        ,
       1.        , 1.        , 1.        , 1.        , 1.        ,
       1.        , 1.        , 1.        , 1.        , 1.        ,
       1.        ])]","[array([0.        , 0.01630029, 0.01630029, 0.01630029, 0.01630029,
       0.01630029, 0.01630029, 0.01630029, 0.01630029, 0.01630029,
       0.01630029, 0.01630029, 0.01630029, 0.01630029, 0.01630029,
       0.01630029, 0.01630029, 0.01630029, 0.01630029, 0.01630029,
       0.01630029, 0.01630029, 0.01630029, 0.01630029, 0.01630029,
       0.31655096, 0.31655096, 0.31655096, 0.31655096, 0.31655096,
       0.31655096, 0.31655096, 0.31655096, 0.31655096, 0.31655096,
       0.31655096, 0.31655096, 0.31655096, 0.31655096, 0.31655096,
       0.31655096, 0.31655096, 0.31655096, 0.31655096, 0.31655096,
       0.31655096, 0.31655096, 0.31655096, 0.31655096, 0.31655096,
       0.31655096, 0.31655096, 0.31655096, 0.31655096, 0.31655096,
       0.31655096, 1.        , 1.        , 1.        , 1.        ,
       1.        , 1.        , 1.        , 1.        , 1.        ,
       1.        , 1.        , 1.        , 1.        , 1.        ,
       1.        , 1.        , 1.        , 1.        , 1.        ,
       1.        , 1.        , 1.        , 1.        , 1.        ,
       1.        , 1.        , 1.        , 1.        , 1.        ,
       1.        , 1.        , 1.        , 1.        , 1.        ,
       1.        , 1.        , 1.        , 1.        , 1.        ,
       1.        , 1.        , 1.        , 1.        , 1.        ,
       1.        ]), array([0.00000000e+00, 7.21342545e-06, 7.21342545e-06, 4.42910287e-03,
       7.71324348e-03, 1.54596557e-02, 2.24255854e-02, 2.51764634e-02,
       2.51764634e-02, 3.24581460e-02, 3.66031697e-02, 4.58843571e-02,
       6.59995481e-02, 7.15328322e-02, 7.76196046e-02, 7.76196046e-02,
       8.45252722e-02, 9.18743176e-02, 9.96052815e-02, 9.96052815e-02,
       1.08281444e-01, 1.08281444e-01, 1.08281444e-01, 1.08281444e-01,
       1.08281444e-01, 1.08281444e-01, 1.08281444e-01, 1.19715822e-01,
       1.19715822e-01, 1.19715822e-01, 1.19715822e-01, 1.19715822e-01,
       1.19715822e-01, 1.33943831e-01, 1.33943831e-01, 1.33943831e-01,
       1.49310983e-01, 1.65361013e-01, 1.65361013e-01, 1.82387473e-01,
       1.99566827e-01, 2.17259321e-01, 2.17259321e-01, 2.17259321e-01,
       2.17259321e-01, 2.17259321e-01, 2.17259321e-01, 2.17259321e-01,
       2.37896623e-01, 2.37896623e-01, 2.37896623e-01, 2.37896623e-01,
       2.37896623e-01, 2.37896623e-01, 2.61269053e-01, 2.61269053e-01,
       2.61269053e-01, 2.61269053e-01, 2.86423634e-01, 2.86423634e-01,
       2.86423634e-01, 2.86423634e-01, 2.86423634e-01, 2.86423634e-01,
       2.86423634e-01, 2.86423634e-01, 3.14975467e-01, 3.14975467e-01,
       3.14975467e-01, 3.44910555e-01, 3.44910555e-01, 3.44910555e-01,
       3.76098131e-01, 4.07903202e-01, 4.39985094e-01, 4.39985094e-01,
       4.72980444e-01, 5.39532680e-01, 5.39532680e-01, 5.73860196e-01,
       5.73860196e-01, 5.73860196e-01, 6.09302360e-01, 6.09302360e-01,
       6.82005645e-01, 6.82005645e-01, 6.82005645e-01, 6.82005645e-01,
       6.82005645e-01, 7.20540599e-01, 7.59439603e-01, 7.98916757e-01,
       9.19060677e-01, 9.59326585e-01, 1.00000000e+00, 1.00000000e+00,
       1.00000000e+00, 1.00000000e+00, 1.00000000e+00, 1.00000000e+00,
       1.00000000e+00]), array([0.        , 0.00128939, 0.00291744, 0.00589945, 0.00589945,
       0.00589945, 0.00589945, 0.00589945, 0.00921099, 0.00921099,
       0.01738098, 0.01738098, 0.02227864, 0.02227864, 0.03389219,
       0.03389219, 0.03389219, 0.03389219, 0.03389219, 0.04162693,
       0.04162693, 0.05877372, 0.05877372, 0.06812519, 0.06812519,
       0.06812519, 0.06812519, 0.06812519, 0.06812519, 0.07991902,
       0.07991902, 0.07991902, 0.09293052, 0.09293052, 0.09293052,
       0.09293052, 0.09293052, 0.10829185, 0.10829185, 0.10829185,
       0.10829185, 0.10829185, 0.10829185, 0.10829185, 0.10829185,
       0.10829185, 0.10829185, 0.12794621, 0.14780025, 0.16803201,
       0.18880519, 0.18880519, 0.18880519, 0.2107265 , 0.2107265 ,
       0.2107265 , 0.2107265 , 0.23423331, 0.2582438 , 0.28280056,
       0.28280056, 0.28280056, 0.28280056, 0.28280056, 0.28280056,
       0.28280056, 0.28280056, 0.28280056, 0.28280056, 0.28280056,
       0.28280056, 0.28280056, 0.31258901, 0.31258901, 0.31258901,
       0.31258901, 0.34433173, 0.40846164, 0.40846164, 0.44132673,
       0.44132673, 0.44132673, 0.44132673, 0.44132673, 0.44132673,
       0.51211099, 0.51211099, 0.51211099, 0.54880302, 0.54880302,
       0.54880302, 0.54880302, 0.54880302, 0.54880302, 0.62747097,
       0.62747097, 0.62747097, 0.62747097, 0.70940696, 0.83335232,
       1.        ]), array([0.        , 0.00184366, 0.00716707, 0.00716707, 0.00716707,
       0.01217912, 0.02397039, 0.03134745, 0.04008906, 0.04008906,
       0.04008906, 0.04008906, 0.04008906, 0.04008906, 0.04008906,
       0.05671624, 0.05671624, 0.05671624, 0.05671624, 0.07832907,
       0.07832907, 0.07832907, 0.10299717, 0.12899279, 0.12899279,
       0.12899279, 0.12899279, 0.12899279, 0.12899279, 0.12899279,
       0.16332496, 0.16332496, 0.16332496, 0.20062941, 0.20062941,
       0.24007094, 0.24007094, 0.24007094, 0.24007094, 0.24007094,
       0.24007094, 0.33283364, 0.33283364, 0.33283364, 0.33283364,
       0.33283364, 0.33283364, 0.3862867 , 0.3862867 , 0.44177543,
       0.44177543, 0.44177543, 0.44177543, 0.44177543, 0.44177543,
       0.44177543, 0.44177543, 0.44177543, 0.44177543, 0.44177543,
       0.44177543, 0.44177543, 0.44177543, 0.44177543, 0.44177543,
       0.44177543, 0.44177543, 0.44177543, 0.44177543, 0.44177543,
       0.52215644, 0.52215644, 0.52215644, 0.52215644, 0.52215644,
       0.52215644, 0.52215644, 0.61014342, 0.69928047, 0.69928047,
       0.69928047, 0.69928047, 0.69928047, 0.69928047, 0.79559458,
       0.79559458, 0.79559458, 0.79559458, 0.79559458, 0.89729904,
       1.        , 1.        , 1.        , 1.        , 1.        ,
       1.        , 1.        , 1.        , 1.        , 1.        ,
       1.        ]), array([0.        , 0.0062617 , 0.01847686, 0.01847686, 0.01847686,
       0.01847686, 0.03379565, 0.03379565, 0.03379565, 0.03379565,
       0.03379565, 0.03379565, 0.06562096, 0.09888812, 0.09888812,
       0.13777905, 0.13777905, 0.18361779, 0.18361779, 0.18361779,
       0.18361779, 0.29726338, 0.29726338, 0.35818946, 0.35818946,
       0.35818946, 0.35818946, 0.35818946, 0.35818946, 0.35818946,
       0.35818946, 0.35818946, 0.35818946, 0.35818946, 0.35818946,
       0.35818946, 0.35818946, 0.35818946, 0.35818946, 0.35818946,
       0.35818946, 0.58413982, 0.58413982, 0.70171514, 0.70171514,
       0.82585254, 0.82585254, 0.82585254, 0.82585254, 0.82585254,
       0.82585254, 0.82585254, 0.82585254, 0.82585254, 0.82585254,
       0.82585254, 0.82585254, 0.82585254, 0.82585254, 0.82585254,
       0.82585254, 0.82585254, 0.82585254, 1.        , 1.        ,
       1.        , 1.        , 1.        , 1.        , 1.        ,
       1.        , 1.        , 1.        , 1.        , 1.        ,
       1.        , 1.        , 1.        , 1.        , 1.        ,
       1.        , 1.        , 1.        , 1.        , 1.        ,
       1.        , 1.        , 1.        , 1.        , 1.        ,
       1.        , 1.        , 1.        , 1.        , 1.        ,
       1.        , 1.        , 1.        , 1.        , 1.        ,
       1.        ])]",-0.2728277938782437,0.2038983952340495,0.2030766568622891,0.1677479161635197,"[{'lambda_reg': 0.0012269230884673378, 'K_bin': 966, 'gamma': 0.0019850525201119185}, {'lambda_reg': 0.5469808360856808, 'K_bin': 131, 'gamma': 0.2855809128145551}, {'lambda_reg': 0.0394989544329596, 'K_bin': 181, 'gamma': 0.09013835442980526}, {'lambda_reg': 0.000194872795621319, 'K_bin': 176, 'gamma': 0.001106447853649353}, {'lambda_reg': 0.004187340678774943, 'K_bin': 459, 'gamma': 0.002358624540538212}]",300,1,laplacian,44
"[np.float64(0.1279840002795298), np.float64(0.10462654677420954), np.float64(0.18622547576464715), np.float64(0.11497855466210768), np.float64(0.19918446806981907)]",0.1465998091100626,0.0385837961795511,"[np.float64(0.8076410131388337), np.float64(0.8011820793103077), np.float64(0.833845159213175), np.float64(0.8378851258259117), np.float64(0.8077810316086034)]",0.8176668818193662,0.0151030516193967,"[np.float64(0.9549953899368829), np.float64(0.9509527786373819), np.float64(0.9568840261393036), np.float64(0.926487527621326), np.float64(0.9241314839099332)]",0.9426902412489656,0.0143394919066772,"[array([0.04370364, 0.67725955, 0.67725955, 0.69849894, 0.71952812,
       0.71952812, 0.71952812, 0.71952812, 0.71952812, 0.71952812,
       0.75904552, 0.75904552, 0.75904552, 0.75904552, 0.75904552,
       0.77763824, 0.77763824, 0.77763824, 0.77763824, 0.77763824,
       0.79533501, 0.8127357 , 0.84708834, 0.84708834, 0.84708834,
       0.86369008, 0.86369008, 0.87968505, 0.87968505, 0.87968505,
       0.87968505, 0.87968505, 0.87968505, 0.87968505, 0.89427611,
       0.89427611, 0.89427611, 0.89427611, 0.89427611, 0.89427611,
       0.89427611, 0.89427611, 0.89427611, 0.89427611, 0.91881745,
       0.91881745, 0.91881745, 0.91881745, 0.93027941, 0.93027941,
       0.93027941, 0.93027941, 0.94086069, 0.95118869, 0.95118869,
       0.9709883 , 0.9709883 , 0.9709883 , 0.98024588, 0.98024588,
       0.98024588, 0.98024588, 0.98024588, 0.98024588, 0.98024588,
       0.98024588, 0.98024588, 0.98024588, 0.98024588, 0.98024588,
       0.98024588, 0.98024588, 0.98656357, 0.98656357, 0.98656357,
       0.98656357, 0.98656357, 0.98656357, 0.98656357, 0.98656357,
       0.98656357, 0.98656357, 0.99069245, 0.99069245, 0.99437707,
       0.99437707, 0.99437707, 0.99437707, 0.99437707, 0.99437707,
       0.99437707, 0.99437707, 0.99628868, 0.99796437, 0.99947438,
       0.99947438, 0.99947438, 0.99947438, 0.99947438, 0.99947438,
       1.        ]), array([0.        , 0.26447692, 0.30810108, 0.30810108, 0.35064083,
       0.35064083, 0.35064083, 0.39175714, 0.43248037, 0.47283661,
       0.51255009, 0.59157047, 0.59157047, 0.59157047, 0.59157047,
       0.59157047, 0.59157047, 0.59157047, 0.59157047, 0.59157047,
       0.59157047, 0.59157047, 0.59157047, 0.59157047, 0.59157047,
       0.59157047, 0.59157047, 0.65645158, 0.68861748, 0.72033121,
       0.72033121, 0.72033121, 0.72033121, 0.75014013, 0.75014013,
       0.75014013, 0.77861735, 0.77861735, 0.77861735, 0.77861735,
       0.77861735, 0.77861735, 0.77861735, 0.8040404 , 0.8040404 ,
       0.8040404 , 0.87637546, 0.87637546, 0.87637546, 0.87637546,
       0.87637546, 0.87637546, 0.87637546, 0.87637546, 0.87637546,
       0.87637546, 0.87637546, 0.87637546, 0.87637546, 0.87637546,
       0.87637546, 0.87637546, 0.89318336, 0.89318336, 0.89318336,
       0.89318336, 0.89318336, 0.89318336, 0.89318336, 0.90712391,
       0.92047933, 0.92047933, 0.92047933, 0.92047933, 0.92047933,
       0.92047933, 0.93144956, 0.93144956, 0.93144956, 0.94109074,
       0.94992291, 0.94992291, 0.94992291, 0.94992291, 0.94992291,
       0.94992291, 0.95646881, 0.95646881, 0.95646881, 0.95646881,
       0.95646881, 0.96079614, 0.9756711 , 0.98196849, 0.98469524,
       0.98469524, 0.99070572, 0.99538853, 0.9965036 , 0.99756099,
       1.        ]), array([0.08622916, 0.82772859, 0.84469114, 0.84469114, 0.84469114,
       0.84469114, 0.86092987, 0.89322253, 0.9092118 , 0.9092118 ,
       0.9092118 , 0.94010596, 0.94010596, 0.94010596, 0.94010596,
       0.94010596, 0.94010596, 0.94010596, 0.94010596, 0.94010596,
       0.94010596, 0.95378826, 0.96732356, 0.96732356, 0.96732356,
       0.96732356, 0.96732356, 0.96732356, 0.96732356, 0.96732356,
       0.97956323, 0.97956323, 0.97956323, 0.97956323, 0.97956323,
       0.97956323, 0.97956323, 0.99051111, 0.99051111, 0.99051111,
       0.99051111, 0.99051111, 0.99051111, 0.99051111, 0.99051111,
       1.        , 1.        , 1.        , 1.        , 1.        ,
       1.        , 1.        , 1.        , 1.        , 1.        ,
       1.        , 1.        , 1.        , 1.        , 1.        ,
       1.        , 1.        , 1.        , 1.        , 1.        ,
       1.        , 1.        , 1.        , 1.        , 1.        ,
       1.        , 1.        , 1.        , 1.        , 1.        ,
       1.        , 1.        , 1.        , 1.        , 1.        ,
       1.        , 1.        , 1.        , 1.        , 1.        ,
       1.        , 1.        , 1.        , 1.        , 1.        ,
       1.        , 1.        , 1.        , 1.        , 1.        ,
       1.        , 1.        , 1.        , 1.        , 1.        ,
       1.        ]), array([0.06672935, 0.96745738, 0.98381026, 1.        , 1.        ,
       1.        , 1.        , 1.        , 1.        , 1.        ,
       1.        , 1.        , 1.        , 1.        , 1.        ,
       1.        , 1.        , 1.        , 1.        , 1.        ,
       1.        , 1.        , 1.        , 1.        , 1.        ,
       1.        , 1.        , 1.        , 1.        , 1.        ,
       1.        , 1.        , 1.        , 1.        , 1.        ,
       1.        , 1.        , 1.        , 1.        , 1.        ,
       1.        , 1.        , 1.        , 1.        , 1.        ,
       1.        , 1.        , 1.        , 1.        , 1.        ,
       1.        , 1.        , 1.        , 1.        , 1.        ,
       1.        , 1.        , 1.        , 1.        , 1.        ,
       1.        , 1.        , 1.        , 1.        , 1.        ,
       1.        , 1.        , 1.        , 1.        , 1.        ,
       1.        , 1.        , 1.        , 1.        , 1.        ,
       1.        , 1.        , 1.        , 1.        , 1.        ,
       1.        , 1.        , 1.        , 1.        , 1.        ,
       1.        , 1.        , 1.        , 1.        , 1.        ,
       1.        , 1.        , 1.        , 1.        , 1.        ,
       1.        , 1.        , 1.        , 1.        , 1.        ,
       1.        ]), array([0.        , 0.31970648, 0.41413058, 0.47649915, 0.50724869,
       0.50724869, 0.50724869, 0.53731022, 0.53731022, 0.53731022,
       0.53731022, 0.53731022, 0.56551835, 0.56551835, 0.59309644,
       0.62049369, 0.62049369, 0.62049369, 0.62049369, 0.62049369,
       0.62049369, 0.64577532, 0.64577532, 0.64577532, 0.64577532,
       0.64577532, 0.64577532, 0.64577532, 0.64577532, 0.66853927,
       0.66853927, 0.66853927, 0.69048483, 0.69048483, 0.69048483,
       0.69048483, 0.71105576, 0.71105576, 0.75107204, 0.75107204,
       0.77042265, 0.78948191, 0.82690814, 0.84545326, 0.84545326,
       0.84545326, 0.84545326, 0.84545326, 0.84545326, 0.84545326,
       0.84545326, 0.84545326, 0.84545326, 0.86074034, 0.86074034,
       0.86074034, 0.86074034, 0.86074034, 0.86074034, 0.86074034,
       0.88679576, 0.88679576, 0.88679576, 0.88679576, 0.88679576,
       0.88679576, 0.88679576, 0.88679576, 0.90741839, 0.90741839,
       0.90741839, 0.90741839, 0.90741839, 0.91618018, 0.92451849,
       0.93253309, 0.93253309, 0.94012383, 0.94012383, 0.94706145,
       0.95367688, 0.95977193, 0.95977193, 0.96550946, 0.97081108,
       0.97081108, 0.97081108, 0.97081108, 0.97081108, 0.97464912,
       0.98131036, 0.98131036, 0.98131036, 0.99103841, 0.9932676 ,
       0.99509625, 0.99794885, 0.99794885, 0.99965057, 0.99965057,
       1.        ])]","[array([0.00000000e+00, 4.72092861e-04, 4.72092861e-04, 2.44062416e-03,
       5.08485071e-03, 5.08485071e-03, 5.08485071e-03, 5.08485071e-03,
       5.08485071e-03, 5.08485071e-03, 1.85407189e-02, 1.85407189e-02,
       1.85407189e-02, 1.85407189e-02, 1.85407189e-02, 2.90164628e-02,
       2.90164628e-02, 2.90164628e-02, 2.90164628e-02, 2.90164628e-02,
       4.23720380e-02, 5.66793315e-02, 8.67363036e-02, 8.67363036e-02,
       8.67363036e-02, 1.03611673e-01, 1.03611673e-01, 1.22437386e-01,
       1.22437386e-01, 1.22437386e-01, 1.22437386e-01, 1.22437386e-01,
       1.22437386e-01, 1.22437386e-01, 1.45775694e-01, 1.45775694e-01,
       1.45775694e-01, 1.45775694e-01, 1.45775694e-01, 1.45775694e-01,
       1.45775694e-01, 1.45775694e-01, 1.45775694e-01, 1.45775694e-01,
       2.07369154e-01, 2.07369154e-01, 2.07369154e-01, 2.07369154e-01,
       2.40765346e-01, 2.40765346e-01, 2.40765346e-01, 2.40765346e-01,
       2.76992298e-01, 3.14033370e-01, 3.14033370e-01, 3.90868243e-01,
       3.90868243e-01, 3.90868243e-01, 4.31349959e-01, 4.31349959e-01,
       4.31349959e-01, 4.31349959e-01, 4.31349959e-01, 4.31349959e-01,
       4.31349959e-01, 4.31349959e-01, 4.31349959e-01, 4.31349959e-01,
       4.31349959e-01, 4.31349959e-01, 4.31349959e-01, 4.31349959e-01,
       4.81281410e-01, 4.81281410e-01, 4.81281410e-01, 4.81281410e-01,
       4.81281410e-01, 4.81281410e-01, 4.81281410e-01, 4.81281410e-01,
       4.81281410e-01, 4.81281410e-01, 5.38248332e-01, 5.38248332e-01,
       5.96643282e-01, 5.96643282e-01, 5.96643282e-01, 5.96643282e-01,
       5.96643282e-01, 5.96643282e-01, 5.96643282e-01, 5.96643282e-01,
       6.60737215e-01, 7.25589458e-01, 7.90974242e-01, 7.90974242e-01,
       7.90974242e-01, 7.90974242e-01, 7.90974242e-01, 7.90974242e-01,
       1.00000000e+00]), array([0.00000000e+00, 2.49430910e-05, 3.05867829e-04, 3.05867829e-04,
       1.24593393e-03, 1.24593393e-03, 1.24593393e-03, 3.05121548e-03,
       5.09542951e-03, 7.36271001e-03, 1.00206827e-02, 1.55837692e-02,
       1.55837692e-02, 1.55837692e-02, 1.55837692e-02, 1.55837692e-02,
       1.55837692e-02, 1.55837692e-02, 1.55837692e-02, 1.55837692e-02,
       1.55837692e-02, 1.55837692e-02, 1.55837692e-02, 1.55837692e-02,
       1.55837692e-02, 1.55837692e-02, 1.55837692e-02, 2.97412199e-02,
       3.69868856e-02, 4.45074019e-02, 4.45074019e-02, 4.45074019e-02,
       4.45074019e-02, 5.31857258e-02, 5.31857258e-02, 5.31857258e-02,
       6.26735105e-02, 6.26735105e-02, 6.26735105e-02, 6.26735105e-02,
       6.26735105e-02, 6.26735105e-02, 6.26735105e-02, 7.40177308e-02,
       7.40177308e-02, 7.40177308e-02, 1.10441663e-01, 1.10441663e-01,
       1.10441663e-01, 1.10441663e-01, 1.10441663e-01, 1.10441663e-01,
       1.10441663e-01, 1.10441663e-01, 1.10441663e-01, 1.10441663e-01,
       1.10441663e-01, 1.10441663e-01, 1.10441663e-01, 1.10441663e-01,
       1.10441663e-01, 1.10441663e-01, 1.27022485e-01, 1.27022485e-01,
       1.27022485e-01, 1.27022485e-01, 1.27022485e-01, 1.27022485e-01,
       1.27022485e-01, 1.45346185e-01, 1.64025549e-01, 1.64025549e-01,
       1.64025549e-01, 1.64025549e-01, 1.64025549e-01, 1.64025549e-01,
       1.84154718e-01, 1.84154718e-01, 1.84154718e-01, 2.05091730e-01,
       2.26520487e-01, 2.26520487e-01, 2.26520487e-01, 2.26520487e-01,
       2.26520487e-01, 2.26520487e-01, 2.49338926e-01, 2.49338926e-01,
       2.49338926e-01, 2.49338926e-01, 2.49338926e-01, 2.73505891e-01,
       3.71653441e-01, 4.21420203e-01, 4.46560058e-01, 4.46560058e-01,
       5.23298489e-01, 6.00843923e-01, 6.26963419e-01, 6.79915246e-01,
       1.00000000e+00]), array([0.        , 0.00205457, 0.01020645, 0.01020645, 0.01020645,
       0.01020645, 0.03918802, 0.10246877, 0.1386289 , 0.1386289 ,
       0.1386289 , 0.24215431, 0.24215431, 0.24215431, 0.24215431,
       0.24215431, 0.24215431, 0.24215431, 0.24215431, 0.24215431,
       0.24215431, 0.34470196, 0.45148001, 0.45148001, 0.45148001,
       0.45148001, 0.45148001, 0.45148001, 0.45148001, 0.45148001,
       0.59554239, 0.59554239, 0.59554239, 0.59554239, 0.59554239,
       0.59554239, 0.59554239, 0.77677857, 0.77677857, 0.77677857,
       0.77677857, 0.77677857, 0.77677857, 0.77677857, 0.77677857,
       1.        , 1.        , 1.        , 1.        , 1.        ,
       1.        , 1.        , 1.        , 1.        , 1.        ,
       1.        , 1.        , 1.        , 1.        , 1.        ,
       1.        , 1.        , 1.        , 1.        , 1.        ,
       1.        , 1.        , 1.        , 1.        , 1.        ,
       1.        , 1.        , 1.        , 1.        , 1.        ,
       1.        , 1.        , 1.        , 1.        , 1.        ,
       1.        , 1.        , 1.        , 1.        , 1.        ,
       1.        , 1.        , 1.        , 1.        , 1.        ,
       1.        , 1.        , 1.        , 1.        , 1.        ,
       1.        , 1.        , 1.        , 1.        , 1.        ,
       1.        ]), array([0.        , 0.12576907, 0.47613822, 1.        , 1.        ,
       1.        , 1.        , 1.        , 1.        , 1.        ,
       1.        , 1.        , 1.        , 1.        , 1.        ,
       1.        , 1.        , 1.        , 1.        , 1.        ,
       1.        , 1.        , 1.        , 1.        , 1.        ,
       1.        , 1.        , 1.        , 1.        , 1.        ,
       1.        , 1.        , 1.        , 1.        , 1.        ,
       1.        , 1.        , 1.        , 1.        , 1.        ,
       1.        , 1.        , 1.        , 1.        , 1.        ,
       1.        , 1.        , 1.        , 1.        , 1.        ,
       1.        , 1.        , 1.        , 1.        , 1.        ,
       1.        , 1.        , 1.        , 1.        , 1.        ,
       1.        , 1.        , 1.        , 1.        , 1.        ,
       1.        , 1.        , 1.        , 1.        , 1.        ,
       1.        , 1.        , 1.        , 1.        , 1.        ,
       1.        , 1.        , 1.        , 1.        , 1.        ,
       1.        , 1.        , 1.        , 1.        , 1.        ,
       1.        , 1.        , 1.        , 1.        , 1.        ,
       1.        , 1.        , 1.        , 1.        , 1.        ,
       1.        , 1.        , 1.        , 1.        , 1.        ,
       1.        ]), array([0.00000000e+00, 2.43960581e-04, 1.93510618e-03, 3.69415082e-03,
       5.04644105e-03, 5.04644105e-03, 5.04644105e-03, 7.14690182e-03,
       7.14690182e-03, 7.14690182e-03, 7.14690182e-03, 7.14690182e-03,
       1.12628361e-02, 1.12628361e-02, 1.60639117e-02, 2.10616333e-02,
       2.10616333e-02, 2.10616333e-02, 2.10616333e-02, 2.10616333e-02,
       2.10616333e-02, 2.83599830e-02, 2.83599830e-02, 2.83599830e-02,
       2.83599830e-02, 2.83599830e-02, 2.83599830e-02, 2.83599830e-02,
       2.83599830e-02, 3.83961744e-02, 3.83961744e-02, 3.83961744e-02,
       4.93223227e-02, 4.93223227e-02, 4.93223227e-02, 4.93223227e-02,
       6.17433151e-02, 6.17433151e-02, 8.78092961e-02, 8.78092961e-02,
       1.01557308e-01, 1.15622165e-01, 1.44504688e-01, 1.59128635e-01,
       1.59128635e-01, 1.59128635e-01, 1.59128635e-01, 1.59128635e-01,
       1.59128635e-01, 1.59128635e-01, 1.59128635e-01, 1.59128635e-01,
       1.59128635e-01, 1.77295534e-01, 1.77295534e-01, 1.77295534e-01,
       1.77295534e-01, 1.77295534e-01, 1.77295534e-01, 1.77295534e-01,
       2.18543206e-01, 2.18543206e-01, 2.18543206e-01, 2.18543206e-01,
       2.18543206e-01, 2.18543206e-01, 2.18543206e-01, 2.18543206e-01,
       2.65698755e-01, 2.65698755e-01, 2.65698755e-01, 2.65698755e-01,
       2.65698755e-01, 2.90961555e-01, 3.16684874e-01, 3.42760208e-01,
       3.42760208e-01, 3.69296459e-01, 3.69296459e-01, 3.96542959e-01,
       4.24139812e-01, 4.52302550e-01, 4.52302550e-01, 4.80854071e-01,
       5.09879632e-01, 5.09879632e-01, 5.09879632e-01, 5.09879632e-01,
       5.09879632e-01, 5.40496748e-01, 6.02834574e-01, 6.02834574e-01,
       6.02834574e-01, 7.31418975e-01, 7.63785632e-01, 7.96587853e-01,
       8.63067377e-01, 8.63067377e-01, 9.30798421e-01, 9.30798421e-01,
       1.00000000e+00])]",-0.2714791890507831,0.2330005649114114,0.2047497249405294,0.1798977384873741,"[{'lambda_reg': 0.00016214030289889468, 'K_bin': 233, 'gamma': 0.006604022116392562}, {'lambda_reg': 0.007001401892897679, 'K_bin': 17, 'gamma': 0.28625574505049}, {'lambda_reg': 8.00149822087201e-05, 'K_bin': 789, 'gamma': 0.004353911410891356}, {'lambda_reg': 0.003046988655215895, 'K_bin': 745, 'gamma': 0.0018419164135409193}, {'lambda_reg': 0.009568024408007903, 'K_bin': 77, 'gamma': 0.03625943873389942}]",300,2,laplacian,51
"[np.float64(0.10764574578183561), np.float64(0.09051016099555914), np.float64(0.1370980152477945), np.float64(0.09465179313249705), np.float64(0.14705363017142473)]",0.1153918690658221,0.0227282928110582,"[np.float64(0.8442548971566869), np.float64(0.860736594364315), np.float64(0.8322405298099016), np.float64(0.8903624216845661), np.float64(0.8313490286118358)]",0.8517886943254611,0.022021199457215,"[np.float64(0.9218012463533214), np.float64(0.9753669422713265), np.float64(0.8965000434507006), np.float64(0.9309375915989659), np.float64(0.9859192060789067)]",0.9421050059506442,0.0335940677572388,"[array([0.        , 0.25538091, 0.25538091, 0.27321245, 0.29077833,
       0.32561409, 0.3428852 , 0.3428852 , 0.37667101, 0.42687885,
       0.44349486, 0.45991434, 0.45991434, 0.49193355, 0.49193355,
       0.52314091, 0.52314091, 0.53833966, 0.55341192, 0.55341192,
       0.55341192, 0.55341192, 0.55341192, 0.55341192, 0.55341192,
       0.55341192, 0.55341192, 0.58021244, 0.58021244, 0.58021244,
       0.58021244, 0.60550252, 0.60550252, 0.63010633, 0.63010633,
       0.64214449, 0.64214449, 0.66541474, 0.67684158, 0.6992933 ,
       0.6992933 , 0.71015008, 0.72081693, 0.74166681, 0.76234775,
       0.77242137, 0.78239312, 0.79220478, 0.82093594, 0.83032846,
       0.84863166, 0.84863166, 0.85752593, 0.86624916, 0.86624916,
       0.87456223, 0.87456223, 0.87456223, 0.87456223, 0.88214621,
       0.88958602, 0.89683194, 0.90387476, 0.90387476, 0.90387476,
       0.90387476, 0.91015021, 0.92235593, 0.93424419, 0.93424419,
       0.93424419, 0.93968052, 0.94496677, 0.94496677, 0.94978262,
       0.95436116, 0.96323062, 0.96323062, 0.97143035, 0.97143035,
       0.97143035, 0.97143035, 0.97488976, 0.97488976, 0.97792141,
       0.98357158, 0.98618461, 0.98618461, 0.98848904, 0.99063488,
       0.99063488, 0.99235236, 0.99386849, 0.99529419, 0.99529419,
       0.99529419, 0.99619287, 0.99793038, 0.99935102, 0.99958525,
       1.        ]), array([0.08178304, 0.79953345, 0.81736716, 0.82621906, 0.86991715,
       0.86991715, 0.88714024, 0.90413727, 0.90413727, 0.90413727,
       0.90413727, 0.91228627, 0.9203457 , 0.92826202, 0.92826202,
       0.92826202, 0.93590881, 0.95111539, 0.95111539, 0.95111539,
       0.95111539, 0.95111539, 0.95111539, 0.95111539, 0.95111539,
       0.95111539, 0.95789167, 0.95789167, 0.95789167, 0.95789167,
       0.95789167, 0.95789167, 0.95789167, 0.95789167, 0.95789167,
       0.95789167, 0.95789167, 0.95789167, 0.95789167, 0.95789167,
       0.96341192, 0.96886034, 0.96886034, 0.96886034, 0.97399194,
       0.97399194, 0.97399194, 0.97399194, 0.97399194, 0.97399194,
       0.97399194, 0.97399194, 0.97399194, 0.98260128, 0.98260128,
       0.98260128, 0.98260128, 0.98260128, 0.98260128, 0.98260128,
       0.98260128, 0.98260128, 0.98260128, 0.98596996, 0.9892716 ,
       0.9892716 , 0.9892716 , 0.9892716 , 0.9892716 , 0.9892716 ,
       0.9892716 , 0.9892716 , 0.99184931, 0.99184931, 0.99184931,
       0.99643166, 0.99643166, 0.99643166, 0.99643166, 0.99643166,
       0.99643166, 0.99643166, 0.99643166, 0.99804967, 0.99954241,
       0.99954241, 0.99954241, 0.99954241, 0.99954241, 0.99954241,
       0.99954241, 0.99954241, 0.99954241, 0.99954241, 0.99954241,
       1.        , 1.        , 1.        , 1.        , 1.        ,
       1.        ]), array([0.        , 0.28073889, 0.28073889, 0.31501294, 0.31501294,
       0.31501294, 0.33170209, 0.3481729 , 0.3481729 , 0.38028065,
       0.38028065, 0.39592872, 0.44265473, 0.47340246, 0.47340246,
       0.47340246, 0.47340246, 0.47340246, 0.47340246, 0.51628578,
       0.51628578, 0.51628578, 0.51628578, 0.51628578, 0.52981817,
       0.56962269, 0.56962269, 0.56962269, 0.56962269, 0.59478082,
       0.59478082, 0.59478082, 0.60676211, 0.61861398, 0.61861398,
       0.61861398, 0.62992851, 0.64112519, 0.64112519, 0.6519671 ,
       0.6519671 , 0.6519671 , 0.66225858, 0.67232279, 0.68223391,
       0.71158972, 0.74025453, 0.74964436, 0.76803597, 0.76803597,
       0.76803597, 0.77681289, 0.79382579, 0.79382579, 0.80197544,
       0.810003  , 0.81778093, 0.82551469, 0.83293147, 0.8402735 ,
       0.8402735 , 0.84720748, 0.84720748, 0.87365621, 0.88003387,
       0.88630311, 0.89848644, 0.89848644, 0.89848644, 0.90944024,
       0.90944024, 0.91465341, 0.92475798, 0.92962651, 0.92962651,
       0.9384854 , 0.94274483, 0.94274483, 0.94274483, 0.94274483,
       0.94633949, 0.95307667, 0.95957955, 0.96589431, 0.96888193,
       0.97427263, 0.97427263, 0.97427263, 0.97646118, 0.9824932 ,
       0.98440371, 0.98603242, 0.98904097, 0.9903077 , 0.99257581,
       0.99351188, 0.99581976, 0.99712631, 0.9990163 , 0.99952524,
       1.        ]), array([0.        , 0.26438437, 0.2861735 , 0.2861735 , 0.30747424,
       0.34965054, 0.37061289, 0.41182582, 0.41182582, 0.41182582,
       0.41182582, 0.4316299 , 0.4316299 , 0.4316299 , 0.45073504,
       0.45073504, 0.45073504, 0.46919112, 0.46919112, 0.48723464,
       0.52280467, 0.54035876, 0.55761555, 0.55761555, 0.55761555,
       0.55761555, 0.5904529 , 0.60674116, 0.62268612, 0.62268612,
       0.62268612, 0.62268612, 0.62268612, 0.62268612, 0.62268612,
       0.62268612, 0.65114227, 0.65114227, 0.65114227, 0.65114227,
       0.65114227, 0.65114227, 0.66408244, 0.67675828, 0.68931293,
       0.68931293, 0.68931293, 0.70106227, 0.71255204, 0.72397473,
       0.75759148, 0.76857729, 0.79009299, 0.81105185, 0.81105185,
       0.83120579, 0.83120579, 0.84075778, 0.84075778, 0.84988616,
       0.85879279, 0.85879279, 0.85879279, 0.87529995, 0.88340477,
       0.89119441, 0.89119441, 0.89862983, 0.90569786, 0.91962594,
       0.91962594, 0.91962594, 0.91962594, 0.92567508, 0.93153106,
       0.93153106, 0.93153106, 0.93153106, 0.93153106, 0.9459751 ,
       0.9459751 , 0.9459751 , 0.95403201, 0.95778675, 0.95778675,
       0.96116095, 0.96763711, 0.96763711, 0.9760064 , 0.9760064 ,
       0.98076546, 0.98906247, 0.99094079, 0.99094079, 0.99094079,
       0.993309  , 0.99420015, 0.9957382 , 0.99637803, 0.99825507,
       1.        ]), array([0.05344574, 0.77987467, 0.80092661, 0.82178835, 0.8424019 ,
       0.8424019 , 0.8424019 , 0.85244293, 0.86238278, 0.88197027,
       0.8916736 , 0.90126564, 0.90126564, 0.91063519, 0.91063519,
       0.91063519, 0.91961932, 0.92854754, 0.93737105, 0.93737105,
       0.93737105, 0.93737105, 0.93737105, 0.93737105, 0.93737105,
       0.93737105, 0.93737105, 0.93737105, 0.94512931, 0.94512931,
       0.94512931, 0.94512931, 0.94512931, 0.94512931, 0.94512931,
       0.94512931, 0.94512931, 0.94512931, 0.9518301 , 0.9518301 ,
       0.9518301 , 0.9518301 , 0.95812782, 0.95812782, 0.95812782,
       0.95812782, 0.95812782, 0.95812782, 0.96372389, 0.96372389,
       0.96912825, 0.96912825, 0.96912825, 0.97416798, 0.97416798,
       0.97416798, 0.97416798, 0.97416798, 0.97416798, 0.97416798,
       0.97416798, 0.97416798, 0.97416798, 0.97818609, 0.97818609,
       0.97818609, 0.97818609, 0.97818609, 0.97818609, 0.98150254,
       0.98150254, 0.98150254, 0.98150254, 0.98150254, 0.98433604,
       0.98707668, 0.98707668, 0.98707668, 0.98707668, 0.98707668,
       0.98707668, 0.98912893, 0.98912893, 0.98912893, 0.98912893,
       0.99244685, 0.99550758, 0.99550758, 0.99550758, 0.99550758,
       0.99550758, 0.99656815, 0.99656815, 0.99656815, 0.99656815,
       0.99715006, 0.99762477, 0.99870451, 0.9990035 , 0.99994266,
       1.        ])]","[array([0.00000000e+00, 3.31733358e-04, 3.31733358e-04, 6.99240458e-04,
       1.28955222e-03, 2.71840963e-03, 3.55593921e-03, 3.55593921e-03,
       5.86535613e-03, 9.72439748e-03, 1.11113249e-02, 1.26630874e-02,
       1.26630874e-02, 1.64540952e-02, 1.64540952e-02, 2.09259706e-02,
       2.09259706e-02, 2.35015150e-02, 2.61831387e-02, 2.61831387e-02,
       2.61831387e-02, 2.61831387e-02, 2.61831387e-02, 2.61831387e-02,
       2.61831387e-02, 2.61831387e-02, 2.61831387e-02, 3.43508861e-02,
       3.43508861e-02, 3.43508861e-02, 3.43508861e-02, 4.37853877e-02,
       4.37853877e-02, 5.37954417e-02, 5.37954417e-02, 5.90216632e-02,
       5.90216632e-02, 7.01501279e-02, 7.58890367e-02, 8.77039824e-02,
       8.77039824e-02, 9.39209804e-02, 1.00297273e-01, 1.13455622e-01,
       1.26755652e-01, 1.33629471e-01, 1.40588712e-01, 1.47682228e-01,
       1.69553033e-01, 1.76998059e-01, 1.92292221e-01, 1.92292221e-01,
       2.00155113e-01, 2.08161456e-01, 2.08161456e-01, 2.16511783e-01,
       2.16511783e-01, 2.16511783e-01, 2.16511783e-01, 2.25473578e-01,
       2.34556271e-01, 2.43801582e-01, 2.53217229e-01, 2.53217229e-01,
       2.53217229e-01, 2.53217229e-01, 2.63276441e-01, 2.83684354e-01,
       3.04358505e-01, 3.04358505e-01, 3.04358505e-01, 3.15121454e-01,
       3.26010278e-01, 3.26010278e-01, 3.37293604e-01, 3.48775953e-01,
       3.71981873e-01, 3.71981873e-01, 3.95749475e-01, 3.95749475e-01,
       3.95749475e-01, 3.95749475e-01, 4.08170404e-01, 4.08170404e-01,
       4.20950075e-01, 4.46855905e-01, 4.59986666e-01, 4.59986666e-01,
       4.73376232e-01, 4.86898804e-01, 4.86898804e-01, 5.00780631e-01,
       5.14831327e-01, 5.28957855e-01, 5.28957855e-01, 5.28957855e-01,
       5.43526377e-01, 5.88035846e-01, 6.32811052e-01, 6.47936832e-01,
       1.00000000e+00]), array([0.        , 0.00135964, 0.0051223 , 0.0077218 , 0.02692704,
       0.02692704, 0.03744136, 0.05045529, 0.05045529, 0.05045529,
       0.05045529, 0.06082677, 0.07218864, 0.08513291, 0.08513291,
       0.08513291, 0.10105729, 0.1338681 , 0.1338681 , 0.1338681 ,
       0.1338681 , 0.1338681 , 0.1338681 , 0.1338681 , 0.1338681 ,
       0.1338681 , 0.15941778, 0.15941778, 0.15941778, 0.15941778,
       0.15941778, 0.15941778, 0.15941778, 0.15941778, 0.15941778,
       0.15941778, 0.15941778, 0.15941778, 0.15941778, 0.15941778,
       0.19885536, 0.23908711, 0.23908711, 0.23908711, 0.282822  ,
       0.282822  , 0.282822  , 0.282822  , 0.282822  , 0.282822  ,
       0.282822  , 0.282822  , 0.282822  , 0.3885784 , 0.3885784 ,
       0.3885784 , 0.3885784 , 0.3885784 , 0.3885784 , 0.3885784 ,
       0.3885784 , 0.3885784 , 0.3885784 , 0.45180581, 0.51577446,
       0.51577446, 0.51577446, 0.51577446, 0.51577446, 0.51577446,
       0.51577446, 0.51577446, 0.58774765, 0.58774765, 0.58774765,
       0.73803042, 0.73803042, 0.73803042, 0.73803042, 0.73803042,
       0.73803042, 0.73803042, 0.73803042, 0.820615  , 0.90458464,
       0.90458464, 0.90458464, 0.90458464, 0.90458464, 0.90458464,
       0.90458464, 0.90458464, 0.90458464, 0.90458464, 0.90458464,
       1.        , 1.        , 1.        , 1.        , 1.        ,
       1.        ]), array([0.00000000e+00, 4.79387591e-04, 4.79387591e-04, 1.27684043e-03,
       1.27684043e-03, 1.27684043e-03, 2.07923583e-03, 3.07840983e-03,
       3.07840983e-03, 5.82830184e-03, 5.82830184e-03, 7.56900448e-03,
       1.29877471e-02, 1.69634075e-02, 1.69634075e-02, 1.69634075e-02,
       1.69634075e-02, 1.69634075e-02, 1.69634075e-02, 2.58454897e-02,
       2.58454897e-02, 2.58454897e-02, 2.58454897e-02, 2.58454897e-02,
       2.94930163e-02, 4.11499665e-02, 4.11499665e-02, 4.11499665e-02,
       4.11499665e-02, 5.01634301e-02, 5.01634301e-02, 5.01634301e-02,
       5.52089314e-02, 6.03710747e-02, 6.03710747e-02, 6.03710747e-02,
       6.60175067e-02, 7.17701566e-02, 7.17701566e-02, 7.78425523e-02,
       7.78425523e-02, 7.78425523e-02, 8.44110459e-02, 9.11843732e-02,
       9.80956743e-02, 1.19169866e-01, 1.40866834e-01, 1.48247970e-01,
       1.63359973e-01, 1.63359973e-01, 1.63359973e-01, 1.71293513e-01,
       1.87648128e-01, 1.87648128e-01, 1.96147005e-01, 2.04755931e-01,
       2.13589838e-01, 2.22463555e-01, 2.31622961e-01, 2.40849742e-01,
       2.40849742e-01, 2.50444285e-01, 2.50444285e-01, 2.89982584e-01,
       3.00078533e-01, 3.10272196e-01, 3.30979615e-01, 3.30979615e-01,
       3.30979615e-01, 3.52795177e-01, 3.52795177e-01, 3.63940658e-01,
       3.86521626e-01, 3.97977721e-01, 3.97977721e-01, 4.21681395e-01,
       4.33686468e-01, 4.33686468e-01, 4.33686468e-01, 4.33686468e-01,
       4.46290676e-01, 4.71906610e-01, 4.97733712e-01, 5.23730365e-01,
       5.36881695e-01, 5.63711179e-01, 5.63711179e-01, 5.63711179e-01,
       5.77582699e-01, 6.19678190e-01, 6.33800299e-01, 6.48176389e-01,
       6.77152865e-01, 6.91855197e-01, 7.21499023e-01, 7.36499373e-01,
       7.81951368e-01, 8.12461823e-01, 8.74134471e-01, 9.05363801e-01,
       1.00000000e+00]), array([0.00000000e+00, 3.91232155e-04, 5.71022567e-04, 5.71022567e-04,
       1.04674956e-03, 2.25584567e-03, 2.93661921e-03, 4.72947009e-03,
       4.72947009e-03, 4.72947009e-03, 4.72947009e-03, 6.11210159e-03,
       6.11210159e-03, 6.11210159e-03, 7.91825409e-03, 7.91825409e-03,
       7.91825409e-03, 1.01177022e-02, 1.01177022e-02, 1.25671478e-02,
       1.77793150e-02, 2.05253253e-02, 2.34514848e-02, 2.34514848e-02,
       2.34514848e-02, 2.34514848e-02, 3.03195223e-02, 3.38325664e-02,
       3.75536291e-02, 3.75536291e-02, 3.75536291e-02, 3.75536291e-02,
       3.75536291e-02, 3.75536291e-02, 3.75536291e-02, 3.75536291e-02,
       4.70764561e-02, 4.70764561e-02, 4.70764561e-02, 4.70764561e-02,
       4.70764561e-02, 4.70764561e-02, 5.26182760e-02, 5.83202632e-02,
       6.40956882e-02, 6.40956882e-02, 6.40956882e-02, 7.03590917e-02,
       7.67797834e-02, 8.32411169e-02, 1.03019794e-01, 1.09745857e-01,
       1.23474254e-01, 1.37540060e-01, 1.37540060e-01, 1.52093614e-01,
       1.52093614e-01, 1.59688503e-01, 1.59688503e-01, 1.67540076e-01,
       1.75526019e-01, 1.75526019e-01, 1.75526019e-01, 1.92289340e-01,
       2.00761141e-01, 2.09423924e-01, 2.09423924e-01, 2.18301354e-01,
       2.27401394e-01, 2.45727511e-01, 2.45727511e-01, 2.45727511e-01,
       2.45727511e-01, 2.55444949e-01, 2.65279438e-01, 2.65279438e-01,
       2.65279438e-01, 2.65279438e-01, 2.65279438e-01, 2.96675827e-01,
       2.96675827e-01, 2.96675827e-01, 3.18559574e-01, 3.29667311e-01,
       3.29667311e-01, 3.41005630e-01, 3.63847243e-01, 3.63847243e-01,
       3.98924627e-01, 3.98924627e-01, 4.22806708e-01, 4.71310813e-01,
       4.83555566e-01, 4.83555566e-01, 4.83555566e-01, 5.08886388e-01,
       5.21729312e-01, 5.47563171e-01, 5.60558384e-01, 6.39718508e-01,
       1.00000000e+00]), array([0.        , 0.00153207, 0.00268651, 0.00451373, 0.00721892,
       0.00721892, 0.00721892, 0.00951153, 0.01216205, 0.01849673,
       0.02198391, 0.02586477, 0.02586477, 0.03053265, 0.03053265,
       0.03053265, 0.03656388, 0.04279291, 0.04939231, 0.04939231,
       0.04939231, 0.04939231, 0.04939231, 0.04939231, 0.04939231,
       0.04939231, 0.04939231, 0.04939231, 0.05975988, 0.05975988,
       0.05975988, 0.05975988, 0.05975988, 0.05975988, 0.05975988,
       0.05975988, 0.05975988, 0.05975988, 0.0738681 , 0.0738681 ,
       0.0738681 , 0.0738681 , 0.08940208, 0.08940208, 0.08940208,
       0.08940208, 0.08940208, 0.08940208, 0.10741806, 0.10741806,
       0.12611219, 0.12611219, 0.12611219, 0.14609616, 0.14609616,
       0.14609616, 0.14609616, 0.14609616, 0.14609616, 0.14609616,
       0.14609616, 0.14609616, 0.14609616, 0.16969393, 0.16969393,
       0.16969393, 0.16969393, 0.16969393, 0.16969393, 0.19577374,
       0.19577374, 0.19577374, 0.19577374, 0.19577374, 0.22356186,
       0.25167851, 0.25167851, 0.25167851, 0.25167851, 0.25167851,
       0.25167851, 0.28223022, 0.28223022, 0.28223022, 0.28223022,
       0.34611603, 0.41091162, 0.41091162, 0.41091162, 0.41091162,
       0.41091162, 0.44497124, 0.44497124, 0.44497124, 0.44497124,
       0.48072405, 0.51685607, 0.62647033, 0.66322392, 0.88676916,
       1.        ])]",-0.1381004981433385,0.1966056143958452,0.1066100469740375,0.1220296036507542,"[{'lambda_reg': 1.4387197108861301e-05, 'K_bin': 105, 'gamma': 0.18775261563758142}, {'lambda_reg': 0.00019203179859538552, 'K_bin': 574, 'gamma': 0.13028240523105053}, {'lambda_reg': 0.0697434872817482, 'K_bin': 62, 'gamma': 0.20585918538479098}, {'lambda_reg': 0.0004540170528927159, 'K_bin': 11, 'gamma': 0.028350843437611056}, {'lambda_reg': 0.00022705713899862266, 'K_bin': 351, 'gamma': 0.03298505807744182}]",600,2,cauchy,74
"[np.float64(0.08046580487658271), np.float64(0.06509685362701301), np.float64(0.0946961159738708), np.float64(0.06208394447154851), np.float64(0.0783651379998587)]",0.0761415713897747,0.011726184660598,"[np.float64(0.8016178009330579), np.float64(0.8520751892247844), np.float64(0.8090378587763868), np.float64(0.8389367635287877), np.float64(0.8590420070253764)]",0.8321419238976787,0.0229461948583137,"[np.float64(0.9601783214925004), np.float64(0.9585107144905781), np.float64(0.9225034361621292), np.float64(0.9901763710330138), np.float64(0.9514102935615124)]",0.9565558273479468,0.0216024390690798,"[array([0.        , 0.6708981 , 0.68252535, 0.73986171, 0.75119032,
       0.76246754, 0.76246754, 0.77347079, 0.79524307, 0.79524307,
       0.79524307, 0.80572132, 0.80572132, 0.80572132, 0.80572132,
       0.8258501 , 0.8258501 , 0.8258501 , 0.8258501 , 0.83542653,
       0.84491991, 0.84491991, 0.84491991, 0.84491991, 0.85391024,
       0.85391024, 0.85391024, 0.86250464, 0.86250464, 0.86250464,
       0.86250464, 0.86250464, 0.86250464, 0.87049217, 0.87827811,
       0.87827811, 0.87827811, 0.87827811, 0.87827811, 0.88551617,
       0.89263811, 0.89263811, 0.89263811, 0.89263811, 0.89933063,
       0.89933063, 0.89933063, 0.89933063, 0.89933063, 0.91151373,
       0.91151373, 0.91151373, 0.91151373, 0.92275841, 0.92275841,
       0.92275841, 0.92275841, 0.92275841, 0.92275841, 0.92762899,
       0.93714471, 0.93714471, 0.93714471, 0.93714471, 0.94147013,
       0.94147013, 0.94548365, 0.94548365, 0.94548365, 0.94922752,
       0.94922752, 0.94922752, 0.95253329, 0.95253329, 0.95253329,
       0.95553324, 0.96131447, 0.96409015, 0.96409015, 0.96903992,
       0.97142652, 0.97605282, 0.97605282, 0.97807921, 0.98200928,
       0.98200928, 0.98200928, 0.99163745, 0.99163745, 0.99303841,
       0.99303841, 0.99418656, 0.99418656, 0.99598791, 0.99819195,
       0.99819195, 0.99876968, 0.99965162, 1.        , 1.        ,
       1.        ]), array([0.        , 0.06267089, 0.23361128, 0.464544  , 0.55598542,
       0.5861727 , 0.64578328, 0.66057603, 0.66057603, 0.67509794,
       0.68932015, 0.73185907, 0.74578997, 0.77332946, 0.77332946,
       0.77332946, 0.77332946, 0.7865832 , 0.7865832 , 0.7865832 ,
       0.79936054, 0.79936054, 0.79936054, 0.79936054, 0.79936054,
       0.82317141, 0.82317141, 0.82317141, 0.82317141, 0.83443015,
       0.83443015, 0.83443015, 0.83443015, 0.83443015, 0.84488426,
       0.85525417, 0.85525417, 0.865344  , 0.865344  , 0.865344  ,
       0.865344  , 0.865344  , 0.87461062, 0.87461062, 0.88349649,
       0.88349649, 0.88349649, 0.88349649, 0.89184818, 0.89184818,
       0.90788983, 0.90788983, 0.90788983, 0.90788983, 0.90788983,
       0.90788983, 0.90788983, 0.91471381, 0.91471381, 0.91471381,
       0.91471381, 0.92096582, 0.92699336, 0.92699336, 0.92699336,
       0.93262488, 0.93262488, 0.93262488, 0.9377413 , 0.9377413 ,
       0.942525  , 0.942525  , 0.942525  , 0.942525  , 0.94674599,
       0.94674599, 0.94674599, 0.95052326, 0.95399777, 0.95739638,
       0.96388084, 0.96388084, 0.96969628, 0.97525881, 0.98046656,
       0.98046656, 0.98046656, 0.98046656, 0.98236203, 0.98423609,
       0.98423609, 0.98576473, 0.98832476, 0.98832476, 0.98832476,
       0.98832476, 0.99395448, 0.99499824, 0.99736089, 0.9991732 ,
       1.        ]), array([0.        , 0.        , 0.15740584, 0.2977655 , 0.39058504,
       0.46695261, 0.49713443, 0.49713443, 0.51185633, 0.51185633,
       0.5406962 , 0.5406962 , 0.58293679, 0.58293679, 0.61063695,
       0.61063695, 0.62420793, 0.63749633, 0.65068338, 0.65068338,
       0.65068338, 0.66334922, 0.66334922, 0.67573867, 0.68795577,
       0.69997281, 0.69997281, 0.71174624, 0.72325251, 0.72325251,
       0.74568792, 0.74568792, 0.74568792, 0.76727003, 0.76727003,
       0.76727003, 0.76727003, 0.76727003, 0.76727003, 0.76727003,
       0.76727003, 0.76727003, 0.76727003, 0.76727003, 0.77626891,
       0.77626891, 0.8025524 , 0.81114862, 0.81950772, 0.82774599,
       0.8357809 , 0.84373069, 0.85151686, 0.85151686, 0.85893331,
       0.85893331, 0.86601589, 0.86601589, 0.86601589, 0.87271567,
       0.89202088, 0.89202088, 0.90428087, 0.92209184, 0.92789429,
       0.93349601, 0.93349601, 0.93349601, 0.93349601, 0.93349601,
       0.93349601, 0.93349601, 0.93802467, 0.93802467, 0.94220749,
       0.94220749, 0.94220749, 0.94220749, 0.94220749, 0.94899202,
       0.94899202, 0.95523454, 0.95826831, 0.95826831, 0.96098385,
       0.96098385, 0.96098385, 0.96520415, 0.96714192, 0.97084207,
       0.97748346, 0.98196911, 0.98607355, 0.98845197, 0.98845197,
       0.9909966 , 0.99584333, 0.99792175, 1.        , 1.        ,
       1.        ]), array([0.        , 0.77597177, 0.79121908, 0.79121908, 0.80623113,
       0.83594986, 0.83594986, 0.83594986, 0.86452278, 0.8787051 ,
       0.8787051 , 0.8787051 , 0.8787051 , 0.8787051 , 0.89207995,
       0.89207995, 0.89207995, 0.89207995, 0.89207995, 0.90480745,
       0.90480745, 0.90480745, 0.90480745, 0.91685275, 0.91685275,
       0.91685275, 0.91685275, 0.91685275, 0.91685275, 0.91685275,
       0.91685275, 0.92767557, 0.92767557, 0.92767557, 0.92767557,
       0.92767557, 0.92767557, 0.92767557, 0.92767557, 0.92767557,
       0.92767557, 0.92767557, 0.92767557, 0.92767557, 0.92767557,
       0.92767557, 0.92767557, 0.92767557, 0.92767557, 0.92767557,
       0.92767557, 0.92767557, 0.93522675, 0.93522675, 0.93522675,
       0.93522675, 0.93522675, 0.93522675, 0.93522675, 0.94164363,
       0.94164363, 0.94164363, 0.94761862, 0.95345591, 0.95345591,
       0.95345591, 0.95345591, 0.96393125, 0.96393125, 0.96886018,
       0.9736471 , 0.9736471 , 0.9736471 , 0.9736471 , 0.9736471 ,
       0.98148154, 0.98148154, 0.98148154, 0.98148154, 0.98148154,
       0.98148154, 0.98148154, 0.98148154, 0.98148154, 0.98148154,
       0.98148154, 0.98148154, 0.98362908, 0.98561381, 0.98910321,
       0.98910321, 0.99061593, 0.99193342, 0.99314004, 0.99420903,
       0.99420903, 0.99488075, 0.99702131, 0.99781343, 0.99867449,
       1.        ]), array([0.        , 0.        , 0.24409888, 0.34101324, 0.42084177,
       0.54742472, 0.54742472, 0.57829908, 0.60890885, 0.63909348,
       0.65402061, 0.66885763, 0.66885763, 0.68330799, 0.71189685,
       0.72601828, 0.72601828, 0.72601828, 0.75332925, 0.75332925,
       0.77987891, 0.77987891, 0.77987891, 0.79265837, 0.8052402 ,
       0.81770846, 0.81770846, 0.81770846, 0.81770846, 0.81770846,
       0.81770846, 0.82916415, 0.8405092 , 0.8405092 , 0.8405092 ,
       0.8405092 , 0.8405092 , 0.8405092 , 0.8405092 , 0.8405092 ,
       0.8405092 , 0.8405092 , 0.85013507, 0.85013507, 0.85013507,
       0.85013507, 0.86819257, 0.86819257, 0.86819257, 0.86819257,
       0.86819257, 0.87631525, 0.87631525, 0.87631525, 0.8840496 ,
       0.8840496 , 0.8840496 , 0.8912423 , 0.8912423 , 0.8912423 ,
       0.89797494, 0.90449797, 0.91085359, 0.91085359, 0.91085359,
       0.91675073, 0.91675073, 0.91675073, 0.92758242, 0.9327818 ,
       0.93787108, 0.93787108, 0.93787108, 0.951459  , 0.951459  ,
       0.951459  , 0.951459  , 0.951459  , 0.95522233, 0.95522233,
       0.96199695, 0.97171979, 0.97171979, 0.97463271, 0.97463271,
       0.97463271, 0.97463271, 0.97463271, 0.97463271, 0.97463271,
       0.9764237 , 0.97959232, 0.98239846, 0.98481213, 0.98583935,
       0.9876878 , 0.99060794, 0.99412398, 0.99784831, 0.99897118,
       1.        ])]","[array([0.00000000e+00, 3.77728098e-04, 7.30541864e-04, 4.43264337e-03,
       5.50902419e-03, 6.70989469e-03, 6.70989469e-03, 8.57454159e-03,
       1.28713372e-02, 1.28713372e-02, 1.28713372e-02, 1.60079560e-02,
       1.60079560e-02, 1.60079560e-02, 1.60079560e-02, 2.42866029e-02,
       2.42866029e-02, 2.42866029e-02, 2.42866029e-02, 2.96081643e-02,
       3.51309350e-02, 3.51309350e-02, 3.51309350e-02, 3.51309350e-02,
       4.18725019e-02, 4.18725019e-02, 4.18725019e-02, 4.95733217e-02,
       4.95733217e-02, 4.95733217e-02, 4.95733217e-02, 4.95733217e-02,
       4.95733217e-02, 5.87444679e-02, 6.84040121e-02, 6.84040121e-02,
       6.84040121e-02, 6.84040121e-02, 6.84040121e-02, 7.93909908e-02,
       9.06592942e-02, 9.06592942e-02, 9.06592942e-02, 9.06592942e-02,
       1.02967980e-01, 1.02967980e-01, 1.02967980e-01, 1.02967980e-01,
       1.02967980e-01, 1.30497442e-01, 1.30497442e-01, 1.30497442e-01,
       1.30497442e-01, 1.60300511e-01, 1.60300511e-01, 1.60300511e-01,
       1.60300511e-01, 1.60300511e-01, 1.60300511e-01, 1.77023409e-01,
       2.11015389e-01, 2.11015389e-01, 2.11015389e-01, 2.11015389e-01,
       2.29059112e-01, 2.29059112e-01, 2.47858489e-01, 2.47858489e-01,
       2.47858489e-01, 2.67311204e-01, 2.67311204e-01, 2.67311204e-01,
       2.87825326e-01, 2.87825326e-01, 2.87825326e-01, 3.09080370e-01,
       3.52120315e-01, 3.73918720e-01, 3.73918720e-01, 4.18973107e-01,
       4.41714211e-01, 4.87552292e-01, 4.87552292e-01, 5.11166098e-01,
       5.58691024e-01, 5.58691024e-01, 5.58691024e-01, 7.06503956e-01,
       7.06503956e-01, 7.31633067e-01, 7.31633067e-01, 7.57374679e-01,
       7.57374679e-01, 8.10057066e-01, 8.90287156e-01, 8.90287156e-01,
       9.17410768e-01, 9.72320708e-01, 1.00000000e+00, 1.00000000e+00,
       1.00000000e+00]), array([0.00000000e+00, 5.35892073e-04, 3.57979719e-03, 1.01540430e-02,
       1.38252846e-02, 1.53767986e-02, 1.93339125e-02, 2.04460547e-02,
       2.04460547e-02, 2.18609669e-02, 2.36109254e-02, 2.90035769e-02,
       3.10792044e-02, 3.55907779e-02, 3.55907779e-02, 3.55907779e-02,
       3.55907779e-02, 3.84234182e-02, 3.84234182e-02, 3.84234182e-02,
       4.17886445e-02, 4.17886445e-02, 4.17886445e-02, 4.17886445e-02,
       4.17886445e-02, 5.04685714e-02, 5.04685714e-02, 5.04685714e-02,
       5.04685714e-02, 5.55314868e-02, 5.55314868e-02, 5.55314868e-02,
       5.55314868e-02, 5.55314868e-02, 6.14939375e-02, 6.75505178e-02,
       6.75505178e-02, 7.39201972e-02, 7.39201972e-02, 7.39201972e-02,
       7.39201972e-02, 7.39201972e-02, 8.12101850e-02, 8.12101850e-02,
       8.89258106e-02, 8.89258106e-02, 8.89258106e-02, 8.89258106e-02,
       9.72386286e-02, 9.72386286e-02, 1.14604020e-01, 1.14604020e-01,
       1.14604020e-01, 1.14604020e-01, 1.14604020e-01, 1.14604020e-01,
       1.14604020e-01, 1.24624705e-01, 1.24624705e-01, 1.24624705e-01,
       1.24624705e-01, 1.35284829e-01, 1.46195886e-01, 1.46195886e-01,
       1.46195886e-01, 1.57549659e-01, 1.57549659e-01, 1.57549659e-01,
       1.69479292e-01, 1.69479292e-01, 1.81780884e-01, 1.81780884e-01,
       1.81780884e-01, 1.81780884e-01, 1.94711544e-01, 1.94711544e-01,
       1.94711544e-01, 2.08138255e-01, 2.21903425e-01, 2.35753449e-01,
       2.63803146e-01, 2.63803146e-01, 2.92600774e-01, 3.21681120e-01,
       3.51158093e-01, 3.51158093e-01, 3.51158093e-01, 3.51158093e-01,
       3.66688537e-01, 3.82242912e-01, 3.82242912e-01, 3.98183436e-01,
       4.30620383e-01, 4.30620383e-01, 4.30620383e-01, 4.30620383e-01,
       5.65522309e-01, 5.99654354e-01, 7.02909752e-01, 8.42079281e-01,
       1.00000000e+00]), array([0.        , 0.        , 0.00260922, 0.00638035, 0.00971568,
       0.01356535, 0.01550322, 0.01550322, 0.01687431, 0.01687431,
       0.02027463, 0.02027463, 0.02648586, 0.02648586, 0.03112824,
       0.03112824, 0.0337536 , 0.03668691, 0.03973067, 0.03973067,
       0.03973067, 0.04334244, 0.04334244, 0.04725542, 0.05135623,
       0.05567506, 0.05567506, 0.06025939, 0.06513487, 0.06513487,
       0.07551476, 0.07551476, 0.07551476, 0.08682458, 0.08682458,
       0.08682458, 0.08682458, 0.08682458, 0.08682458, 0.08682458,
       0.08682458, 0.08682458, 0.08682458, 0.08682458, 0.0944326 ,
       0.0944326 , 0.11803386, 0.1260807 , 0.13438595, 0.14282288,
       0.15148144, 0.16023276, 0.16916239, 0.16916239, 0.17849494,
       0.17849494, 0.18819134, 0.18819134, 0.18819134, 0.19830492,
       0.22951109, 0.22951109, 0.25098015, 0.28381475, 0.29490623,
       0.30621647, 0.30621647, 0.30621647, 0.30621647, 0.30621647,
       0.30621647, 0.30621647, 0.31869614, 0.31869614, 0.33155269,
       0.33155269, 0.33155269, 0.33155269, 0.33155269, 0.35898889,
       0.35898889, 0.38701578, 0.40112458, 0.40112458, 0.41558017,
       0.41558017, 0.41558017, 0.44581087, 0.46111408, 0.49191164,
       0.55433381, 0.60169032, 0.64946227, 0.68170025, 0.68170025,
       0.73117208, 0.84779504, 0.91518993, 1.        , 1.        ,
       1.        ]), array([0.00000000e+00, 2.01159590e-04, 5.20601675e-04, 5.20601675e-04,
       1.11273094e-03, 2.65092600e-03, 2.65092600e-03, 2.65092600e-03,
       5.51722072e-03, 7.07107978e-03, 7.07107978e-03, 7.07107978e-03,
       7.07107978e-03, 7.07107978e-03, 9.56086294e-03, 9.56086294e-03,
       9.56086294e-03, 9.56086294e-03, 9.56086294e-03, 1.28009753e-02,
       1.28009753e-02, 1.28009753e-02, 1.28009753e-02, 1.68318194e-02,
       1.68318194e-02, 1.68318194e-02, 1.68318194e-02, 1.68318194e-02,
       1.68318194e-02, 1.68318194e-02, 1.68318194e-02, 2.22796240e-02,
       2.22796240e-02, 2.22796240e-02, 2.22796240e-02, 2.22796240e-02,
       2.22796240e-02, 2.22796240e-02, 2.22796240e-02, 2.22796240e-02,
       2.22796240e-02, 2.22796240e-02, 2.22796240e-02, 2.22796240e-02,
       2.22796240e-02, 2.22796240e-02, 2.22796240e-02, 2.22796240e-02,
       2.22796240e-02, 2.22796240e-02, 2.22796240e-02, 2.22796240e-02,
       3.15195469e-02, 3.15195469e-02, 3.15195469e-02, 3.15195469e-02,
       3.15195469e-02, 3.15195469e-02, 3.15195469e-02, 4.20742128e-02,
       4.20742128e-02, 4.20742128e-02, 5.31410689e-02, 6.43675341e-02,
       6.43675341e-02, 6.43675341e-02, 6.43675341e-02, 8.82104757e-02,
       8.82104757e-02, 1.00489806e-01, 1.12933731e-01, 1.12933731e-01,
       1.12933731e-01, 1.12933731e-01, 1.12933731e-01, 1.39837718e-01,
       1.39837718e-01, 1.39837718e-01, 1.39837718e-01, 1.39837718e-01,
       1.39837718e-01, 1.39837718e-01, 1.39837718e-01, 1.39837718e-01,
       1.39837718e-01, 1.39837718e-01, 1.39837718e-01, 1.55340917e-01,
       1.71032822e-01, 2.02973078e-01, 2.02973078e-01, 2.19212084e-01,
       2.35677380e-01, 2.52271196e-01, 2.69024518e-01, 2.69024518e-01,
       2.86238319e-01, 3.55726759e-01, 3.90793394e-01, 4.61764887e-01,
       1.00000000e+00]), array([0.        , 0.        , 0.00411884, 0.00650242, 0.00943613,
       0.01528989, 0.01528989, 0.01753625, 0.02005116, 0.02299757,
       0.02463843, 0.02637075, 0.02637075, 0.02849552, 0.03306157,
       0.0355202 , 0.0355202 , 0.0355202 , 0.04138327, 0.04138327,
       0.04801905, 0.04801905, 0.04801905, 0.05183972, 0.05586098,
       0.05999751, 0.05999751, 0.05999751, 0.05999751, 0.05999751,
       0.05999751, 0.06516176, 0.07043831, 0.07043831, 0.07043831,
       0.07043831, 0.07043831, 0.07043831, 0.07043831, 0.07043831,
       0.07043831, 0.07043831, 0.07745976, 0.07745976, 0.07745976,
       0.07745976, 0.09271478, 0.09271478, 0.09271478, 0.09271478,
       0.09271478, 0.10126192, 0.10126192, 0.10126192, 0.1102032 ,
       0.1102032 , 0.1102032 , 0.11969424, 0.11969424, 0.11969424,
       0.12965222, 0.13982295, 0.15016359, 0.15016359, 0.15016359,
       0.16096957, 0.16096957, 0.16096957, 0.18355853, 0.19507271,
       0.20669865, 0.20669865, 0.20669865, 0.24328151, 0.24328151,
       0.24328151, 0.24328151, 0.24328151, 0.25625324, 0.25625324,
       0.28295998, 0.32346576, 0.32346576, 0.33730062, 0.33730062,
       0.33730062, 0.33730062, 0.33730062, 0.33730062, 0.33730062,
       0.3522742 , 0.38264091, 0.41337553, 0.44450848, 0.46025726,
       0.4919639 , 0.55616555, 0.65334513, 0.80068741, 0.86671323,
       1.        ])]",-0.0467998156864387,0.0970682406596072,0.0246794035830976,0.0393836610633033,"[{'lambda_reg': 0.0037010514671574975, 'K_bin': 106, 'gamma': 0.0020215979580511796}, {'lambda_reg': 0.0009290505539701914, 'K_bin': 17, 'gamma': 0.0024565366617576834}, {'lambda_reg': 0.01962358201370785, 'K_bin': 55, 'gamma': 0.0046099001033882}, {'lambda_reg': 3.4022209493759424e-05, 'K_bin': 109, 'gamma': 0.0032811952871913495}, {'lambda_reg': 0.004592039840372138, 'K_bin': 5, 'gamma': 0.004676086549722617}]",600,1,exponential,66
"[np.float64(0.07733563628200105), np.float64(0.06401525265928787), np.float64(0.11844889157604369), np.float64(0.058556431986770775), np.float64(0.09481704749915025)]",0.0826346520006507,0.0218430437206079,"[np.float64(0.8073056170299511), np.float64(0.839908920370465), np.float64(0.8133002632298245), np.float64(0.8341917134974242), np.float64(0.8559281763289631)]",0.8301269380913257,0.0177868668004669,"[np.float64(0.9838214052627439), np.float64(0.9708046081432912), np.float64(0.9903747255053879), np.float64(0.9882129432486059), np.float64(0.9803163693919407)]",0.982706010310394,0.0068954095786963,"[array([0.        , 0.82294628, 0.84549333, 0.84549333, 0.84549333,
       0.85644573, 0.85644573, 0.87777872, 0.87777872, 0.87777872,
       0.87777872, 0.87777872, 0.87777872, 0.87777872, 0.87777872,
       0.88757919, 0.88757919, 0.88757919, 0.88757919, 0.89686195,
       0.89686195, 0.90591744, 0.90591744, 0.90591744, 0.90591744,
       0.90591744, 0.91448666, 0.91448666, 0.91448666, 0.92270355,
       0.92270355, 0.9306098 , 0.9306098 , 0.9306098 , 0.9306098 ,
       0.93807792, 0.93807792, 0.93807792, 0.93807792, 0.94513254,
       0.94513254, 0.94513254, 0.94513254, 0.94513254, 0.94513254,
       0.94513254, 0.94513254, 0.95126074, 0.95126074, 0.95126074,
       0.95126074, 0.95126074, 0.95126074, 0.95664632, 0.95664632,
       0.95664632, 0.95664632, 0.95664632, 0.96149493, 0.96149493,
       0.96149493, 0.96149493, 0.96149493, 0.96573144, 0.96573144,
       0.96975108, 0.96975108, 0.96975108, 0.96975108, 0.96975108,
       0.96975108, 0.96975108, 0.96975108, 0.96975108, 0.96975108,
       0.96975108, 0.96975108, 0.96975108, 0.97486105, 0.97486105,
       0.97486105, 0.97708219, 0.98343045, 0.98343045, 0.98343045,
       0.98519769, 0.98689342, 0.98841846, 0.98986296, 0.98986296,
       0.99111619, 0.99216125, 0.99606396, 0.99779924, 0.99779924,
       0.99838223, 0.99886039, 0.99927884, 0.99927884, 0.99961163,
       1.        ]), array([0.        , 0.25876085, 0.40288088, 0.51353034, 0.54488065,
       0.653509  , 0.6688709 , 0.68411442, 0.69910258, 0.71393312,
       0.71393312, 0.72841698, 0.72841698, 0.72841698, 0.756497  ,
       0.77043142, 0.78411395, 0.78411395, 0.78411395, 0.78411395,
       0.81026026, 0.81026026, 0.83586946, 0.83586946, 0.83586946,
       0.83586946, 0.83586946, 0.84776112, 0.84776112, 0.84776112,
       0.84776112, 0.84776112, 0.85891469, 0.85891469, 0.85891469,
       0.86951424, 0.86951424, 0.86951424, 0.86951424, 0.86951424,
       0.86951424, 0.86951424, 0.86951424, 0.86951424, 0.87867429,
       0.87867429, 0.87867429, 0.87867429, 0.87867429, 0.88705814,
       0.89529448, 0.91138023, 0.91919058, 0.91919058, 0.92677742,
       0.92677742, 0.92677742, 0.93385713, 0.93385713, 0.94060057,
       0.94060057, 0.94701511, 0.94701511, 0.94701511, 0.94701511,
       0.94701511, 0.94701511, 0.94701511, 0.94701511, 0.94701511,
       0.94701511, 0.95666354, 0.96599848, 0.97039628, 0.9746992 ,
       0.9746992 , 0.97873728, 0.97873728, 0.9824073 , 0.9824073 ,
       0.9824073 , 0.9824073 , 0.9824073 , 0.98517344, 0.98517344,
       0.98517344, 0.98517344, 0.98517344, 0.98517344, 0.98517344,
       0.98690184, 0.98690184, 0.99104047, 0.99218601, 0.99442961,
       0.99539756, 0.99607802, 0.99669805, 0.99813787, 0.99886226,
       1.        ]), array([0.        , 0.8591433 , 0.8939834 , 0.90549323, 0.90549323,
       0.90549323, 0.90549323, 0.90549323, 0.90549323, 0.90549323,
       0.90549323, 0.90549323, 0.90549323, 0.90549323, 0.91562555,
       0.91562555, 0.91562555, 0.91562555, 0.91562555, 0.92524766,
       0.92524766, 0.92524766, 0.92524766, 0.92524766, 0.92524766,
       0.92524766, 0.92524766, 0.93394061, 0.93394061, 0.93394061,
       0.94220812, 0.94220812, 0.94220812, 0.94220812, 0.94998289,
       0.94998289, 0.94998289, 0.94998289, 0.94998289, 0.94998289,
       0.95706932, 0.95706932, 0.95706932, 0.95706932, 0.95706932,
       0.95706932, 0.95706932, 0.95706932, 0.95706932, 0.95706932,
       0.95706932, 0.95706932, 0.95706932, 0.95706932, 0.95706932,
       0.95706932, 0.96230972, 0.96230972, 0.96230972, 0.96230972,
       0.96230972, 0.96230972, 0.96230972, 0.96230972, 0.96230972,
       0.96230972, 0.966363  , 0.966363  , 0.966363  , 0.966363  ,
       0.966363  , 0.966363  , 0.966363  , 0.96963338, 0.96963338,
       0.97263293, 0.97841312, 0.97841312, 0.97841312, 0.98348791,
       0.98585141, 0.98817928, 0.99038283, 0.99038283, 0.99038283,
       0.99038283, 0.99210775, 0.99371659, 0.99521388, 0.99521388,
       0.99521388, 0.99635914, 0.99836919, 0.99836919, 0.99836919,
       0.99903537, 0.99903537, 0.99903537, 0.99932442, 0.9997498 ,
       1.        ]), array([0.        , 0.79786593, 0.81079098, 0.82350415, 0.82350415,
       0.82350415, 0.82350415, 0.83573318, 0.83573318, 0.83573318,
       0.84762595, 0.84762595, 0.84762595, 0.85907779, 0.87037894,
       0.87037894, 0.88146968, 0.90329008, 0.90329008, 0.90329008,
       0.90329008, 0.90329008, 0.90329008, 0.90329008, 0.90329008,
       0.90329008, 0.90329008, 0.90329008, 0.91278741, 0.91278741,
       0.91278741, 0.91278741, 0.91278741, 0.91278741, 0.92151164,
       0.92151164, 0.93001325, 0.93001325, 0.93001325, 0.93001325,
       0.93001325, 0.93775182, 0.93775182, 0.93775182, 0.93775182,
       0.93775182, 0.93775182, 0.94480262, 0.94480262, 0.95153171,
       0.95820223, 0.95820223, 0.95820223, 0.95820223, 0.95820223,
       0.95820223, 0.95820223, 0.95820223, 0.96377521, 0.96377521,
       0.96902088, 0.96902088, 0.96902088, 0.96902088, 0.96902088,
       0.96902088, 0.96902088, 0.96902088, 0.96902088, 0.96902088,
       0.97294794, 0.97294794, 0.97673412, 0.97673412, 0.98018792,
       0.98018792, 0.98338392, 0.98338392, 0.98632806, 0.98632806,
       0.98898271, 0.98898271, 0.98898271, 0.98898271, 0.99116654,
       0.99116654, 0.99116654, 0.99116654, 0.99116654, 0.99265841,
       0.99265841, 0.99265841, 0.99265841, 0.99358264, 0.99524658,
       0.99524658, 0.99524658, 0.99658692, 0.99876715, 0.99921587,
       1.        ]), array([0.        , 0.82481781, 0.82481781, 0.8349491 , 0.84497643,
       0.85498424, 0.85498424, 0.85498424, 0.86468861, 0.86468861,
       0.87412058, 0.88348298, 0.88348298, 0.88348298, 0.88348298,
       0.89241276, 0.89241276, 0.89241276, 0.89241276, 0.89241276,
       0.89241276, 0.90903049, 0.90903049, 0.90903049, 0.90903049,
       0.90903049, 0.90903049, 0.91669992, 0.9242992 , 0.9242992 ,
       0.9242992 , 0.9242992 , 0.9242992 , 0.9242992 , 0.9242992 ,
       0.9242992 , 0.93101374, 0.93763643, 0.93763643, 0.93763643,
       0.93763643, 0.93763643, 0.93763643, 0.93763643, 0.93763643,
       0.93763643, 0.93763643, 0.9432375 , 0.9432375 , 0.94858656,
       0.94858656, 0.95380313, 0.95380313, 0.95873829, 0.95873829,
       0.95873829, 0.96340181, 0.96340181, 0.96340181, 0.96340181,
       0.96340181, 0.96340181, 0.9674201 , 0.97135788, 0.97515092,
       0.97881594, 0.97881594, 0.97881594, 0.97881594, 0.97881594,
       0.97881594, 0.97881594, 0.97881594, 0.98173538, 0.98173538,
       0.98173538, 0.98432086, 0.98677229, 0.9891111 , 0.99135638,
       0.99135638, 0.99135638, 0.99135638, 0.99499056, 0.99499056,
       0.99499056, 0.99499056, 0.99499056, 0.99757953, 0.998767  ,
       0.998767  , 0.998767  , 0.998767  , 0.998767  , 0.99942369,
       0.99942369, 0.99942369, 0.99942369, 0.99942369, 0.99977699,
       1.        ])]","[array([0.00000000e+00, 2.85036146e-04, 1.13372413e-03, 1.13372413e-03,
       1.13372413e-03, 2.42191310e-03, 2.42191310e-03, 6.53637389e-03,
       6.53637389e-03, 6.53637389e-03, 6.53637389e-03, 6.53637389e-03,
       6.53637389e-03, 6.53637389e-03, 6.53637389e-03, 1.09231929e-02,
       1.09231929e-02, 1.09231929e-02, 1.09231929e-02, 1.67026092e-02,
       1.67026092e-02, 2.30933741e-02, 2.30933741e-02, 2.30933741e-02,
       2.30933741e-02, 2.30933741e-02, 3.07921877e-02, 3.07921877e-02,
       3.07921877e-02, 3.94387353e-02, 3.94387353e-02, 4.89209190e-02,
       4.89209190e-02, 4.89209190e-02, 4.89209190e-02, 5.95816249e-02,
       5.95816249e-02, 5.95816249e-02, 5.95816249e-02, 7.13546346e-02,
       7.13546346e-02, 7.13546346e-02, 7.13546346e-02, 7.13546346e-02,
       7.13546346e-02, 7.13546346e-02, 7.13546346e-02, 8.56196792e-02,
       8.56196792e-02, 8.56196792e-02, 8.56196792e-02, 8.56196792e-02,
       8.56196792e-02, 1.01882325e-01, 1.01882325e-01, 1.01882325e-01,
       1.01882325e-01, 1.01882325e-01, 1.19589407e-01, 1.19589407e-01,
       1.19589407e-01, 1.19589407e-01, 1.19589407e-01, 1.38942987e-01,
       1.38942987e-01, 1.58879956e-01, 1.58879956e-01, 1.58879956e-01,
       1.58879956e-01, 1.58879956e-01, 1.58879956e-01, 1.58879956e-01,
       1.58879956e-01, 1.58879956e-01, 1.58879956e-01, 1.58879956e-01,
       1.58879956e-01, 1.58879956e-01, 2.06633603e-01, 2.06633603e-01,
       2.06633603e-01, 2.31408449e-01, 3.06580753e-01, 3.06580753e-01,
       3.06580753e-01, 3.32576550e-01, 3.58764734e-01, 3.85412056e-01,
       4.12276012e-01, 4.12276012e-01, 4.39654493e-01, 4.67592956e-01,
       5.80093266e-01, 6.36924659e-01, 6.36924659e-01, 6.66106044e-01,
       6.95569417e-01, 7.25193428e-01, 7.25193428e-01, 7.85797460e-01,
       1.00000000e+00]), array([0.00000000e+00, 9.94070965e-04, 3.06514528e-03, 6.19944953e-03,
       7.37332712e-03, 1.26401033e-02, 1.35575661e-02, 1.45999156e-02,
       1.59117121e-02, 1.73898007e-02, 1.73898007e-02, 1.92336807e-02,
       1.92336807e-02, 1.92336807e-02, 2.38580570e-02, 2.62816508e-02,
       2.89710175e-02, 2.89710175e-02, 2.89710175e-02, 2.89710175e-02,
       3.56356604e-02, 3.56356604e-02, 4.28670117e-02, 4.28670117e-02,
       4.28670117e-02, 4.28670117e-02, 4.28670117e-02, 4.74459352e-02,
       4.74459352e-02, 4.74459352e-02, 4.74459352e-02, 4.74459352e-02,
       5.28036241e-02, 5.28036241e-02, 5.28036241e-02, 5.87458565e-02,
       5.87458565e-02, 5.87458565e-02, 5.87458565e-02, 5.87458565e-02,
       5.87458565e-02, 5.87458565e-02, 5.87458565e-02, 5.87458565e-02,
       6.62069224e-02, 6.62069224e-02, 6.62069224e-02, 6.62069224e-02,
       6.62069224e-02, 7.44869483e-02, 8.29226232e-02, 1.00202218e-01,
       1.09087352e-01, 1.09087352e-01, 1.18208317e-01, 1.18208317e-01,
       1.18208317e-01, 1.27864358e-01, 1.27864358e-01, 1.37875197e-01,
       1.37875197e-01, 1.48233056e-01, 1.48233056e-01, 1.48233056e-01,
       1.48233056e-01, 1.48233056e-01, 1.48233056e-01, 1.48233056e-01,
       1.48233056e-01, 1.48233056e-01, 1.48233056e-01, 1.72304698e-01,
       1.96707117e-01, 2.09192845e-01, 2.21778696e-01, 2.21778696e-01,
       2.34643971e-01, 2.34643971e-01, 2.47897598e-01, 2.47897598e-01,
       2.47897598e-01, 2.47897598e-01, 2.47897598e-01, 2.62104907e-01,
       2.62104907e-01, 2.62104907e-01, 2.62104907e-01, 2.62104907e-01,
       2.62104907e-01, 2.62104907e-01, 2.77407136e-01, 2.77407136e-01,
       3.24418090e-01, 3.40335296e-01, 3.72219818e-01, 3.88324413e-01,
       4.04732338e-01, 4.21204015e-01, 4.88188369e-01, 5.38801696e-01,
       1.00000000e+00]), array([0.00000000e+00, 4.31917303e-04, 1.58193012e-03, 2.21622820e-03,
       2.21622820e-03, 2.21622820e-03, 2.21622820e-03, 2.21622820e-03,
       2.21622820e-03, 2.21622820e-03, 2.21622820e-03, 2.21622820e-03,
       2.21622820e-03, 2.21622820e-03, 6.18925394e-03, 6.18925394e-03,
       6.18925394e-03, 6.18925394e-03, 6.18925394e-03, 1.13989259e-02,
       1.13989259e-02, 1.13989259e-02, 1.13989259e-02, 1.13989259e-02,
       1.13989259e-02, 1.13989259e-02, 1.13989259e-02, 1.88606401e-02,
       1.88606401e-02, 1.88606401e-02, 2.73534942e-02, 2.73534942e-02,
       2.73534942e-02, 2.73534942e-02, 3.70406606e-02, 3.70406606e-02,
       3.70406606e-02, 3.70406606e-02, 3.70406606e-02, 3.70406606e-02,
       4.83961727e-02, 4.83961727e-02, 4.83961727e-02, 4.83961727e-02,
       4.83961727e-02, 4.83961727e-02, 4.83961727e-02, 4.83961727e-02,
       4.83961727e-02, 4.83961727e-02, 4.83961727e-02, 4.83961727e-02,
       4.83961727e-02, 4.83961727e-02, 4.83961727e-02, 4.83961727e-02,
       6.42260065e-02, 6.42260065e-02, 6.42260065e-02, 6.42260065e-02,
       6.42260065e-02, 6.42260065e-02, 6.42260065e-02, 6.42260065e-02,
       6.42260065e-02, 6.42260065e-02, 8.29331513e-02, 8.29331513e-02,
       8.29331513e-02, 8.29331513e-02, 8.29331513e-02, 8.29331513e-02,
       8.29331513e-02, 1.03537826e-01, 1.03537826e-01, 1.24798924e-01,
       1.67851734e-01, 1.67851734e-01, 1.67851734e-01, 2.12614237e-01,
       2.35416988e-01, 2.58306078e-01, 2.81496487e-01, 2.81496487e-01,
       2.81496487e-01, 2.81496487e-01, 3.05846985e-01, 3.30478830e-01,
       3.55381043e-01, 3.55381043e-01, 3.55381043e-01, 3.81136485e-01,
       4.33327180e-01, 4.33327180e-01, 4.33327180e-01, 4.60243783e-01,
       4.60243783e-01, 4.60243783e-01, 4.88074480e-01, 5.72637301e-01,
       1.00000000e+00]), array([0.00000000e+00, 3.06511288e-04, 5.83017695e-04, 1.23129059e-03,
       1.23129059e-03, 1.23129059e-03, 1.23129059e-03, 2.72905398e-03,
       2.72905398e-03, 2.72905398e-03, 4.81685754e-03, 4.81685754e-03,
       4.81685754e-03, 7.67830466e-03, 1.08041744e-02, 1.08041744e-02,
       1.42992496e-02, 2.19229387e-02, 2.19229387e-02, 2.19229387e-02,
       2.19229387e-02, 2.19229387e-02, 2.19229387e-02, 2.19229387e-02,
       2.19229387e-02, 2.19229387e-02, 2.19229387e-02, 2.19229387e-02,
       2.82138666e-02, 2.82138666e-02, 2.82138666e-02, 2.82138666e-02,
       2.82138666e-02, 2.82138666e-02, 3.58613208e-02, 3.58613208e-02,
       4.38993850e-02, 4.38993850e-02, 4.38993850e-02, 4.38993850e-02,
       4.38993850e-02, 5.32763159e-02, 5.32763159e-02, 5.32763159e-02,
       5.32763159e-02, 5.32763159e-02, 5.32763159e-02, 6.38600431e-02,
       6.38600431e-02, 7.50082534e-02, 8.62592311e-02, 8.62592311e-02,
       8.62592311e-02, 8.62592311e-02, 8.62592311e-02, 8.62592311e-02,
       8.62592311e-02, 8.62592311e-02, 9.94360105e-02, 9.94360105e-02,
       1.13187088e-01, 1.13187088e-01, 1.13187088e-01, 1.13187088e-01,
       1.13187088e-01, 1.13187088e-01, 1.13187088e-01, 1.13187088e-01,
       1.13187088e-01, 1.13187088e-01, 1.29251867e-01, 1.29251867e-01,
       1.45563842e-01, 1.45563842e-01, 1.62459016e-01, 1.62459016e-01,
       1.79806554e-01, 1.79806554e-01, 1.97596005e-01, 1.97596005e-01,
       2.15893414e-01, 2.15893414e-01, 2.15893414e-01, 2.15893414e-01,
       2.35016926e-01, 2.35016926e-01, 2.35016926e-01, 2.35016926e-01,
       2.35016926e-01, 2.55354598e-01, 2.55354598e-01, 2.55354598e-01,
       2.55354598e-01, 2.76688284e-01, 3.19679399e-01, 3.19679399e-01,
       3.19679399e-01, 3.86193701e-01, 5.43055773e-01, 5.88179168e-01,
       1.00000000e+00]), array([0.00000000e+00, 2.93296056e-05, 2.93296056e-05, 1.25328244e-03,
       2.88830176e-03, 4.60053455e-03, 4.60053455e-03, 4.60053455e-03,
       7.51257125e-03, 7.51257125e-03, 1.15017255e-02, 1.57660021e-02,
       1.57660021e-02, 1.57660021e-02, 1.57660021e-02, 2.17408793e-02,
       2.17408793e-02, 2.17408793e-02, 2.17408793e-02, 2.17408793e-02,
       2.17408793e-02, 3.86010704e-02, 3.86010704e-02, 3.86010704e-02,
       3.86010704e-02, 3.86010704e-02, 3.86010704e-02, 4.95595434e-02,
       6.07954635e-02, 6.07954635e-02, 6.07954635e-02, 6.07954635e-02,
       6.07954635e-02, 6.07954635e-02, 6.07954635e-02, 6.07954635e-02,
       7.55297321e-02, 9.06271843e-02, 9.06271843e-02, 9.06271843e-02,
       9.06271843e-02, 9.06271843e-02, 9.06271843e-02, 9.06271843e-02,
       9.06271843e-02, 9.06271843e-02, 9.06271843e-02, 1.09764278e-01,
       1.09764278e-01, 1.29897870e-01, 1.29897870e-01, 1.50555345e-01,
       1.50555345e-01, 1.72325562e-01, 1.72325562e-01, 1.72325562e-01,
       1.95169863e-01, 1.95169863e-01, 1.95169863e-01, 1.95169863e-01,
       1.95169863e-01, 1.95169863e-01, 2.20565529e-01, 2.46279526e-01,
       2.72565821e-01, 2.99358363e-01, 2.99358363e-01, 2.99358363e-01,
       2.99358363e-01, 2.99358363e-01, 2.99358363e-01, 2.99358363e-01,
       2.99358363e-01, 3.29099037e-01, 3.29099037e-01, 3.29099037e-01,
       3.60160215e-01, 3.91751440e-01, 4.23788020e-01, 4.56194408e-01,
       4.56194408e-01, 4.56194408e-01, 4.56194408e-01, 5.24393433e-01,
       5.24393433e-01, 5.24393433e-01, 5.24393433e-01, 5.24393433e-01,
       5.96725378e-01, 6.33314491e-01, 6.33314491e-01, 6.33314491e-01,
       6.33314491e-01, 6.33314491e-01, 6.72002370e-01, 6.72002370e-01,
       6.72002370e-01, 6.72002370e-01, 6.72002370e-01, 7.94459063e-01,
       1.00000000e+00])]",-0.1643451167015839,0.1094061488089312,0.0914609829247758,0.0568505095189728,"[{'lambda_reg': 0.026826520922076904, 'K_bin': 659, 'gamma': 0.06476899943773054}, {'lambda_reg': 0.0049287254954759425, 'K_bin': 47, 'gamma': 0.32787467784060137}, {'lambda_reg': 0.0008913201519519489, 'K_bin': 274, 'gamma': 0.02272106467713667}, {'lambda_reg': 0.015259967552612568, 'K_bin': 143, 'gamma': 0.022997656224560185}, {'lambda_reg': 0.0011902625915456682, 'K_bin': 632, 'gamma': 0.05430909038936202}]",600,1,cauchy,67
"[np.float64(0.13927080350389517), np.float64(0.09015966931000949), np.float64(0.13066916794818292), np.float64(0.1160776660511082), np.float64(0.15111706256196408)]",0.1254588738750319,0.0210252234911048,"[np.float64(0.7127297319436062), np.float64(0.8134549401978894), np.float64(0.7201213701755975), np.float64(0.7851539970263522), np.float64(0.7472389266370684)]",0.7557397931961027,0.0384370543618289,"[np.float64(0.9790405520019343), np.float64(0.9164331697650501), np.float64(0.9919410852516763), np.float64(0.9097179558402394), np.float64(0.874284235807091)]",0.9342833997331984,0.0443837871163791,"[array([0.        , 0.76860047, 0.8046474 , 0.84032753, 0.85799643,
       0.87544059, 0.87544059, 0.87544059, 0.87544059, 0.90888373,
       0.90888373, 0.90888373, 0.90888373, 0.92485615, 0.92485615,
       0.94051236, 0.95598581, 0.95598581, 0.95598581, 0.95598581,
       0.95598581, 0.97060674, 0.97060674, 0.97060674, 0.98456527,
       0.98456527, 0.98456527, 0.98456527, 0.98456527, 0.98456527,
       0.98456527, 0.98456527, 0.98456527, 0.98456527, 0.98456527,
       0.98456527, 0.98456527, 0.98456527, 0.98456527, 0.98456527,
       0.98456527, 0.98456527, 0.98456527, 0.98456527, 0.98456527,
       0.98456527, 0.98456527, 0.98456527, 0.98456527, 0.98456527,
       0.98456527, 0.98456527, 0.98456527, 0.98456527, 0.98456527,
       0.98456527, 0.98456527, 0.98456527, 0.99226106, 0.99226106,
       0.99226106, 0.99226106, 0.99226106, 0.99226106, 0.99226106,
       0.99226106, 0.99226106, 0.99226106, 0.99226106, 0.99226106,
       0.99226106, 0.99226106, 0.99226106, 0.99226106, 0.99226106,
       0.99226106, 0.99226106, 0.99226106, 0.99226106, 0.99226106,
       0.99607044, 0.99607044, 0.99607044, 0.99607044, 0.99607044,
       0.99607044, 0.99607044, 0.99607044, 0.99607044, 0.99607044,
       0.99800971, 0.99800971, 0.99951813, 0.99951813, 0.99951813,
       0.99951813, 0.99951813, 0.99951813, 1.        , 1.        ,
       1.        ]), array([0.        , 0.31877631, 0.38624718, 0.40855187, 0.40855187,
       0.43041279, 0.45191194, 0.57993793, 0.62211021, 0.64287954,
       0.64287954, 0.64287954, 0.66308784, 0.68314787, 0.68314787,
       0.7222984 , 0.7222984 , 0.74143161, 0.74143161, 0.74143161,
       0.75978548, 0.77788943, 0.77788943, 0.77788943, 0.81279885,
       0.81279885, 0.81279885, 0.81279885, 0.81279885, 0.81279885,
       0.82886996, 0.86060704, 0.87626319, 0.87626319, 0.87626319,
       0.87626319, 0.87626319, 0.87626319, 0.87626319, 0.87626319,
       0.87626319, 0.87626319, 0.90297418, 0.90297418, 0.90297418,
       0.90297418, 0.90297418, 0.91519856, 0.91519856, 0.91519856,
       0.91519856, 0.92646012, 0.93757719, 0.94843582, 0.94843582,
       0.94843582, 0.94843582, 0.94843582, 0.9582094 , 0.9582094 ,
       0.9582094 , 0.9582094 , 0.96700561, 0.96700561, 0.96700561,
       0.96700561, 0.96700561, 0.97461311, 0.97461311, 0.97461311,
       0.97461311, 0.97461311, 0.97461311, 0.98082226, 0.98082226,
       0.98082226, 0.98082226, 0.98620494, 0.98620494, 0.98620494,
       0.98620494, 0.98620494, 0.99447616, 0.99447616, 0.99819815,
       0.99819815, 0.99819815, 0.99819815, 0.99819815, 0.99819815,
       0.99819815, 0.99819815, 0.99819815, 0.99819815, 0.99819815,
       0.99819815, 0.99819815, 0.99894699, 0.99957712, 0.99999789,
       1.        ]), array([0.06874385, 0.96230568, 0.96230568, 0.96230568, 0.96230568,
       0.96230568, 0.96230568, 0.96230568, 0.96230568, 0.96230568,
       0.97779437, 0.97779437, 0.97779437, 0.97779437, 0.97779437,
       0.97779437, 0.97779437, 0.97779437, 0.97779437, 0.97779437,
       0.97779437, 0.97779437, 0.97779437, 0.97779437, 0.99101403,
       0.99101403, 0.99101403, 0.99101403, 0.99101403, 0.99101403,
       0.99101403, 0.99101403, 0.99101403, 0.99101403, 0.99101403,
       0.99101403, 0.99101403, 0.99101403, 0.99101403, 0.99101403,
       0.99101403, 0.99101403, 0.99101403, 0.99101403, 0.99101403,
       0.99101403, 0.99101403, 0.99101403, 0.99101403, 0.99101403,
       0.99101403, 0.99101403, 0.99101403, 0.99101403, 0.99101403,
       0.99101403, 0.99101403, 0.99101403, 0.99101403, 0.99101403,
       0.99101403, 0.99101403, 0.99101403, 0.99101403, 0.99101403,
       0.99713974, 0.99713974, 0.99713974, 0.99713974, 0.99713974,
       0.99713974, 0.99713974, 0.99713974, 0.99713974, 0.99713974,
       0.99713974, 0.99713974, 0.99713974, 0.99713974, 0.99713974,
       0.99713974, 0.99713974, 0.99713974, 0.99713974, 1.        ,
       1.        , 1.        , 1.        , 1.        , 1.        ,
       1.        , 1.        , 1.        , 1.        , 1.        ,
       1.        , 1.        , 1.        , 1.        , 1.        ,
       1.        ]), array([0.        , 0.31067234, 0.42002475, 0.46334791, 0.5062722 ,
       0.5275882 , 0.54862036, 0.54862036, 0.54862036, 0.54862036,
       0.64912454, 0.64912454, 0.64912454, 0.64912454, 0.64912454,
       0.68710496, 0.70582969, 0.74294323, 0.76126133, 0.77932618,
       0.77932618, 0.77932618, 0.77932618, 0.77932618, 0.77932618,
       0.79604288, 0.82922399, 0.82922399, 0.84539101, 0.84539101,
       0.84539101, 0.84539101, 0.86051966, 0.87560413, 0.87560413,
       0.89013835, 0.89013835, 0.89013835, 0.89013835, 0.89013835,
       0.89013835, 0.89013835, 0.89013835, 0.89013835, 0.89013835,
       0.89013835, 0.90221411, 0.91415288, 0.91415288, 0.92562434,
       0.92562434, 0.93654253, 0.93654253, 0.93654253, 0.93654253,
       0.93654253, 0.93654253, 0.93654253, 0.93654253, 0.93654253,
       0.9454495 , 0.95415901, 0.95415901, 0.95415901, 0.95415901,
       0.95415901, 0.95415901, 0.96897888, 0.97611762, 0.97611762,
       0.97611762, 0.97611762, 0.97611762, 0.97611762, 0.98196313,
       0.98196313, 0.98196313, 0.98196313, 0.9869059 , 0.99165463,
       0.99165463, 0.99165463, 0.99568257, 0.99568257, 0.99568257,
       0.99568257, 0.99568257, 0.99860919, 0.99860919, 0.99860919,
       0.99860919, 0.99860919, 0.99860919, 0.99860919, 0.99998759,
       0.99998759, 0.99998759, 0.99998759, 0.99998759, 0.99998759,
       1.        ]), array([0.        , 0.27710753, 0.41407378, 0.47231666, 0.49157224,
       0.51048276, 0.52914814, 0.54766621, 0.58448709, 0.60272272,
       0.62059883, 0.65606029, 0.65606029, 0.65606029, 0.67326271,
       0.72409238, 0.74085215, 0.75737628, 0.77375846, 0.77375846,
       0.78976897, 0.80558389, 0.80558389, 0.83634982, 0.85163372,
       0.85163372, 0.85163372, 0.86628102, 0.90940341, 0.93781803,
       0.93781803, 0.95163499, 0.95163499, 0.96495078, 0.96495078,
       0.96495078, 0.96495078, 0.96495078, 0.96495078, 0.96495078,
       0.96495078, 0.96495078, 0.96495078, 0.96495078, 0.96495078,
       0.96495078, 0.96495078, 0.96495078, 0.96495078, 0.96495078,
       0.96495078, 0.96495078, 0.96495078, 0.96495078, 0.96495078,
       0.96495078, 0.96495078, 0.97361418, 0.97361418, 0.98177101,
       0.98177101, 0.98177101, 0.98177101, 0.98177101, 0.98177101,
       0.98177101, 0.98177101, 0.98177101, 0.98177101, 0.98806051,
       0.98806051, 0.99384666, 0.99384666, 0.99384666, 0.99384666,
       0.99384666, 0.99384666, 0.99384666, 0.99832057, 0.99832057,
       0.99832057, 0.99832057, 0.99832057, 0.99832057, 0.99832057,
       0.99832057, 0.99832057, 0.99832057, 0.99832057, 0.99832057,
       0.99832057, 0.99832057, 1.        , 1.        , 1.        ,
       1.        , 1.        , 1.        , 1.        , 1.        ,
       1.        ])]","[array([0.        , 0.00313164, 0.00889922, 0.01839296, 0.02487861,
       0.03364722, 0.03364722, 0.03364722, 0.03364722, 0.06586507,
       0.06586507, 0.06586507, 0.06586507, 0.08958412, 0.08958412,
       0.11651541, 0.14530316, 0.14530316, 0.14530316, 0.14530316,
       0.14530316, 0.18275117, 0.18275117, 0.18275117, 0.22692806,
       0.22692806, 0.22692806, 0.22692806, 0.22692806, 0.22692806,
       0.22692806, 0.22692806, 0.22692806, 0.22692806, 0.22692806,
       0.22692806, 0.22692806, 0.22692806, 0.22692806, 0.22692806,
       0.22692806, 0.22692806, 0.22692806, 0.22692806, 0.22692806,
       0.22692806, 0.22692806, 0.22692806, 0.22692806, 0.22692806,
       0.22692806, 0.22692806, 0.22692806, 0.22692806, 0.22692806,
       0.22692806, 0.22692806, 0.22692806, 0.33472414, 0.33472414,
       0.33472414, 0.33472414, 0.33472414, 0.33472414, 0.33472414,
       0.33472414, 0.33472414, 0.33472414, 0.33472414, 0.33472414,
       0.33472414, 0.33472414, 0.33472414, 0.33472414, 0.33472414,
       0.33472414, 0.33472414, 0.33472414, 0.33472414, 0.33472414,
       0.48199981, 0.48199981, 0.48199981, 0.48199981, 0.48199981,
       0.48199981, 0.48199981, 0.48199981, 0.48199981, 0.48199981,
       0.64827269, 0.64827269, 0.81892233, 0.81892233, 0.81892233,
       0.81892233, 0.81892233, 0.81892233, 1.        , 1.        ,
       1.        ]), array([0.        , 0.0018497 , 0.00451729, 0.00590933, 0.00590933,
       0.00850363, 0.01207804, 0.03614951, 0.04553622, 0.05108789,
       0.05108789, 0.05108789, 0.05815951, 0.06563279, 0.06563279,
       0.08320607, 0.08320607, 0.09319034, 0.09319034, 0.09319034,
       0.10528602, 0.11805875, 0.11805875, 0.11805875, 0.14712215,
       0.14712215, 0.14712215, 0.14712215, 0.14712215, 0.14712215,
       0.1654023 , 0.20306022, 0.22246461, 0.22246461, 0.22246461,
       0.22246461, 0.22246461, 0.22246461, 0.22246461, 0.22246461,
       0.22246461, 0.22246461, 0.2737393 , 0.2737393 , 0.2737393 ,
       0.2737393 , 0.2737393 , 0.30244109, 0.30244109, 0.30244109,
       0.30244109, 0.33375137, 0.36545309, 0.397855  , 0.397855  ,
       0.397855  , 0.397855  , 0.397855  , 0.43319655, 0.43319655,
       0.43319655, 0.43319655, 0.471186  , 0.471186  , 0.471186  ,
       0.471186  , 0.471186  , 0.51239592, 0.51239592, 0.51239592,
       0.51239592, 0.51239592, 0.51239592, 0.55739429, 0.55739429,
       0.55739429, 0.55739429, 0.60463173, 0.60463173, 0.60463173,
       0.60463173, 0.60463173, 0.70586379, 0.70586379, 0.75760041,
       0.75760041, 0.75760041, 0.75760041, 0.75760041, 0.75760041,
       0.75760041, 0.75760041, 0.75760041, 0.75760041, 0.75760041,
       0.75760041, 0.75760041, 0.81739194, 0.87750507, 0.93818542,
       1.        ]), array([0.        , 0.00347183, 0.00347183, 0.00347183, 0.00347183,
       0.00347183, 0.00347183, 0.00347183, 0.00347183, 0.00347183,
       0.05794519, 0.05794519, 0.05794519, 0.05794519, 0.05794519,
       0.05794519, 0.05794519, 0.05794519, 0.05794519, 0.05794519,
       0.05794519, 0.05794519, 0.05794519, 0.05794519, 0.18524308,
       0.18524308, 0.18524308, 0.18524308, 0.18524308, 0.18524308,
       0.18524308, 0.18524308, 0.18524308, 0.18524308, 0.18524308,
       0.18524308, 0.18524308, 0.18524308, 0.18524308, 0.18524308,
       0.18524308, 0.18524308, 0.18524308, 0.18524308, 0.18524308,
       0.18524308, 0.18524308, 0.18524308, 0.18524308, 0.18524308,
       0.18524308, 0.18524308, 0.18524308, 0.18524308, 0.18524308,
       0.18524308, 0.18524308, 0.18524308, 0.18524308, 0.18524308,
       0.18524308, 0.18524308, 0.18524308, 0.18524308, 0.18524308,
       0.54021933, 0.54021933, 0.54021933, 0.54021933, 0.54021933,
       0.54021933, 0.54021933, 0.54021933, 0.54021933, 0.54021933,
       0.54021933, 0.54021933, 0.54021933, 0.54021933, 0.54021933,
       0.54021933, 0.54021933, 0.54021933, 0.54021933, 1.        ,
       1.        , 1.        , 1.        , 1.        , 1.        ,
       1.        , 1.        , 1.        , 1.        , 1.        ,
       1.        , 1.        , 1.        , 1.        , 1.        ,
       1.        ]), array([0.        , 0.00135469, 0.0066437 , 0.01001251, 0.01457772,
       0.0172987 , 0.02087106, 0.02087106, 0.02087106, 0.02087106,
       0.05270037, 0.05270037, 0.05270037, 0.05270037, 0.05270037,
       0.07209476, 0.08258825, 0.10458283, 0.11629602, 0.12876882,
       0.12876882, 0.12876882, 0.12876882, 0.12876882, 0.12876882,
       0.14528543, 0.17907535, 0.17907535, 0.19724072, 0.19724072,
       0.19724072, 0.19724072, 0.21852065, 0.23993312, 0.23993312,
       0.26299608, 0.26299608, 0.26299608, 0.26299608, 0.26299608,
       0.26299608, 0.26299608, 0.26299608, 0.26299608, 0.26299608,
       0.26299608, 0.29343319, 0.32428121, 0.32428121, 0.35653091,
       0.35653091, 0.39044017, 0.39044017, 0.39044017, 0.39044017,
       0.39044017, 0.39044017, 0.39044017, 0.39044017, 0.39044017,
       0.43038205, 0.47091626, 0.47091626, 0.47091626, 0.47091626,
       0.47091626, 0.47091626, 0.55978079, 0.60502651, 0.60502651,
       0.60502651, 0.60502651, 0.60502651, 0.60502651, 0.65415129,
       0.65415129, 0.65415129, 0.65415129, 0.70598382, 0.75839838,
       0.75839838, 0.75839838, 0.81297494, 0.81297494, 0.81297494,
       0.81297494, 0.81297494, 0.87085493, 0.87085493, 0.87085493,
       0.87085493, 0.87085493, 0.87085493, 0.87085493, 0.93337883,
       0.93337883, 0.93337883, 0.93337883, 0.93337883, 0.93337883,
       1.        ]), array([0.        , 0.00462926, 0.01523811, 0.0221721 , 0.02531263,
       0.03025603, 0.03648015, 0.04347391, 0.05858606, 0.06705549,
       0.07740329, 0.09961791, 0.09961791, 0.09961791, 0.11348546,
       0.15915075, 0.17533097, 0.19274234, 0.21089535, 0.21089535,
       0.23099024, 0.25210693, 0.25210693, 0.29885399, 0.32274515,
       0.32274515, 0.32274515, 0.34996221, 0.43589521, 0.49492702,
       0.49492702, 0.52648236, 0.52648236, 0.56065613, 0.56065613,
       0.56065613, 0.56065613, 0.56065613, 0.56065613, 0.56065613,
       0.56065613, 0.56065613, 0.56065613, 0.56065613, 0.56065613,
       0.56065613, 0.56065613, 0.56065613, 0.56065613, 0.56065613,
       0.56065613, 0.56065613, 0.56065613, 0.56065613, 0.56065613,
       0.56065613, 0.56065613, 0.61913692, 0.61913692, 0.68026431,
       0.68026431, 0.68026431, 0.68026431, 0.68026431, 0.68026431,
       0.68026431, 0.68026431, 0.68026431, 0.68026431, 0.75114786,
       0.75114786, 0.82466124, 0.82466124, 0.82466124, 0.82466124,
       0.82466124, 0.82466124, 0.82466124, 0.90503056, 0.90503056,
       0.90503056, 0.90503056, 0.90503056, 0.90503056, 0.90503056,
       0.90503056, 0.90503056, 0.90503056, 0.90503056, 0.90503056,
       0.90503056, 0.90503056, 1.        , 1.        , 1.        ,
       1.        , 1.        , 1.        , 1.        , 1.        ,
       1.        ])]",-0.0583479225744057,0.0705017541571965,0.0353673085620497,0.0281753384631865,"[{'lambda_reg': 4.561802006276899e-05, 'K_bin': 56, 'gamma': 3.7500975464277966, 'degree': 2, 'coef0': 0.9551818467608203}, {'lambda_reg': 0.0010971061911567428, 'K_bin': 136, 'gamma': 0.011719369368803216, 'degree': 3, 'coef0': 2.3530581665415227}, {'lambda_reg': 0.007807692793488396, 'K_bin': 704, 'gamma': 0.8536440692666866, 'degree': 3, 'coef0': 4.273772857903086}, {'lambda_reg': 2.4691668236599496e-05, 'K_bin': 80, 'gamma': 0.019463346874229435, 'degree': 2, 'coef0': 3.5866193455133137}, {'lambda_reg': 7.327851949490647e-05, 'K_bin': 71, 'gamma': 0.0034445217331970294, 'degree': 5, 'coef0': 2.9624038529268617}]",300,3,polynomial,62
"[np.float64(0.11352426021607168), np.float64(0.08608635766018817), np.float64(0.16306805055258947), np.float64(0.09646358341853828), np.float64(0.14713022374032267)]",0.121254495117542,0.0294247191204899,"[np.float64(0.8375341297194747), np.float64(0.8618370545668178), np.float64(0.8362023895249039), np.float64(0.8869533262521665), np.float64(0.8276728952291559)]",0.8500399590585037,0.0216791502712016,"[np.float64(0.9884928109058997), np.float64(0.9911292575586426), np.float64(0.9941375624275903), np.float64(0.9470057179636631), np.float64(0.9896286078165667)]",0.9820787913344724,0.0176385075944717,"[array([0.04125708, 0.81426256, 0.84474109, 0.8849318 , 0.8849318 ,
       0.8849318 , 0.8849318 , 0.89457094, 0.90411145, 0.90411145,
       0.91345109, 0.91345109, 0.91345109, 0.91345109, 0.92232497,
       0.92232497, 0.92232497, 0.92232497, 0.92232497, 0.92232497,
       0.92232497, 0.92232497, 0.92232497, 0.93827079, 0.94611439,
       0.94611439, 0.94611439, 0.94611439, 0.94611439, 0.94611439,
       0.94611439, 0.95329684, 0.95329684, 0.95329684, 0.95329684,
       0.95329684, 0.95329684, 0.95329684, 0.95329684, 0.95329684,
       0.95329684, 0.96557818, 0.96557818, 0.96557818, 0.97138584,
       0.97138584, 0.97138584, 0.97691087, 0.97691087, 0.97691087,
       0.97691087, 0.97691087, 0.97691087, 0.97691087, 0.97691087,
       0.97691087, 0.9815372 , 0.9815372 , 0.9815372 , 0.9815372 ,
       0.9815372 , 0.9815372 , 0.9815372 , 0.98544207, 0.98544207,
       0.98544207, 0.98544207, 0.98889383, 0.98889383, 0.98889383,
       0.98889383, 0.98889383, 0.98889383, 0.98889383, 0.99166673,
       0.99166673, 0.99420577, 0.99420577, 0.99420577, 0.99420577,
       0.99420577, 0.99420577, 0.99420577, 0.99420577, 0.99420577,
       0.99420577, 0.99420577, 0.99420577, 0.99549436, 0.99789431,
       0.99789431, 0.99789431, 0.99789431, 0.99789431, 0.99789431,
       0.99842733, 0.9993343 , 0.99968181, 0.9999092 , 0.9999092 ,
       1.        ]), array([0.13091104, 0.91604699, 0.91604699, 0.91604699, 0.93412293,
       0.93412293, 0.93412293, 0.93412293, 0.94274059, 0.95131759,
       0.95131759, 0.95131759, 0.95131759, 0.95131759, 0.95936443,
       0.95936443, 0.95936443, 0.95936443, 0.95936443, 0.95936443,
       0.95936443, 0.95936443, 0.95936443, 0.95936443, 0.95936443,
       0.95936443, 0.95936443, 0.95936443, 0.95936443, 0.95936443,
       0.96597006, 0.96597006, 0.96597006, 0.96597006, 0.96597006,
       0.96597006, 0.96597006, 0.96597006, 0.96597006, 0.97171972,
       0.97171972, 0.97171972, 0.97171972, 0.97171972, 0.97171972,
       0.97171972, 0.97171972, 0.97171972, 0.97664941, 0.98142923,
       0.98142923, 0.98142923, 0.98142923, 0.98142923, 0.98142923,
       0.98142923, 0.98559531, 0.98559531, 0.98559531, 0.98947976,
       0.98947976, 0.98947976, 0.98947976, 0.98947976, 0.98947976,
       0.98947976, 0.99266555, 0.99266555, 0.99266555, 0.99266555,
       0.99266555, 0.99266555, 0.99266555, 0.99266555, 0.99516108,
       0.99516108, 0.99516108, 0.99516108, 0.99516108, 0.99516108,
       0.99516108, 0.99516108, 0.99692651, 0.99857801, 0.99857801,
       0.99857801, 0.99857801, 0.99857801, 0.99857801, 0.99857801,
       0.99957785, 0.99957785, 0.99957785, 0.99957785, 0.99957785,
       0.99957785, 0.99957785, 0.99990923, 0.99990923, 0.99990923,
       1.        ]), array([0.16495713, 0.89270055, 0.92135592, 0.9402703 , 0.9402703 ,
       0.9402703 , 0.9402703 , 0.9402703 , 0.9402703 , 0.9402703 ,
       0.94902926, 0.94902926, 0.94902926, 0.94902926, 0.94902926,
       0.94902926, 0.95725675, 0.95725675, 0.95725675, 0.95725675,
       0.95725675, 0.95725675, 0.95725675, 0.9648079 , 0.9648079 ,
       0.9648079 , 0.9648079 , 0.9648079 , 0.9648079 , 0.9648079 ,
       0.9648079 , 0.9648079 , 0.9648079 , 0.9648079 , 0.9648079 ,
       0.9648079 , 0.9648079 , 0.9648079 , 0.9648079 , 0.9648079 ,
       0.9648079 , 0.97060875, 0.97060875, 0.97060875, 0.97609851,
       0.97609851, 0.97609851, 0.97609851, 0.97609851, 0.97609851,
       0.97609851, 0.97609851, 0.98551396, 0.98551396, 0.98551396,
       0.98551396, 0.98551396, 0.98972933, 0.98972933, 0.98972933,
       0.98972933, 0.98972933, 0.98972933, 0.98972933, 0.98972933,
       0.98972933, 0.98972933, 0.98972933, 0.98972933, 0.99277149,
       0.99277149, 0.99277149, 0.99277149, 0.99277149, 0.99277149,
       0.99277149, 0.99277149, 0.99277149, 0.99277149, 0.99694695,
       0.99694695, 0.99694695, 0.99694695, 0.99868972, 0.99868972,
       0.99868972, 0.99868972, 0.99868972, 0.99868972, 0.99868972,
       0.99868972, 0.99868972, 0.99868972, 0.99868972, 0.99868972,
       0.99868972, 0.9990961 , 0.9990961 , 0.99963275, 0.99999008,
       1.        ]), array([0.        , 0.2229497 , 0.24484123, 0.26667679, 0.26667679,
       0.330644  , 0.330644  , 0.37222958, 0.39289438, 0.43362194,
       0.45383927, 0.47391053, 0.49364287, 0.49364287, 0.49364287,
       0.49364287, 0.49364287, 0.49364287, 0.51200063, 0.51200063,
       0.54802485, 0.56582986, 0.56582986, 0.56582986, 0.56582986,
       0.56582986, 0.56582986, 0.58227711, 0.59835473, 0.61438919,
       0.61438919, 0.61438919, 0.61438919, 0.61438919, 0.62921993,
       0.62921993, 0.67215107, 0.67215107, 0.67215107, 0.67215107,
       0.73970725, 0.76626584, 0.79246907, 0.80539149, 0.80539149,
       0.80539149, 0.81746321, 0.82947043, 0.84124296, 0.84124296,
       0.86370765, 0.87476353, 0.87476353, 0.87476353, 0.88522633,
       0.88522633, 0.88522633, 0.89488809, 0.89488809, 0.90405186,
       0.90405186, 0.91285431, 0.92151045, 0.92978663, 0.92978663,
       0.92978663, 0.92978663, 0.9372029 , 0.9372029 , 0.9372029 ,
       0.94399016, 0.95051121, 0.95051121, 0.95051121, 0.95051121,
       0.96187127, 0.96740243, 0.96740243, 0.97245656, 0.97245656,
       0.97245656, 0.97690141, 0.97690141, 0.97690141, 0.97690141,
       0.97690141, 0.9800586 , 0.98312683, 0.98312683, 0.98312683,
       0.98312683, 0.98519401, 0.98519401, 0.98697153, 0.98979306,
       0.99467316, 0.997549  , 0.99838047, 0.99838047, 0.99954064,
       1.        ]), array([0.07280167, 0.90983046, 0.93678201, 0.93678201, 0.93678201,
       0.93678201, 0.93678201, 0.93678201, 0.93678201, 0.93678201,
       0.94505588, 0.94505588, 0.94505588, 0.94505588, 0.94505588,
       0.94505588, 0.95272649, 0.95272649, 0.95272649, 0.95272649,
       0.95272649, 0.95998414, 0.95998414, 0.95998414, 0.95998414,
       0.95998414, 0.96674503, 0.96674503, 0.96674503, 0.96674503,
       0.96674503, 0.96674503, 0.96674503, 0.96674503, 0.97884942,
       0.97884942, 0.97884942, 0.97884942, 0.97884942, 0.97884942,
       0.97884942, 0.97884942, 0.97884942, 0.97884942, 0.97884942,
       0.97884942, 0.97884942, 0.97884942, 0.97884942, 0.9835659 ,
       0.9835659 , 0.9835659 , 0.9835659 , 0.9835659 , 0.9835659 ,
       0.9835659 , 0.9835659 , 0.9835659 , 0.9835659 , 0.9835659 ,
       0.9835659 , 0.9835659 , 0.9835659 , 0.98699339, 0.98699339,
       0.98699339, 0.98699339, 0.99002406, 0.99002406, 0.99002406,
       0.99278765, 0.99278765, 0.99278765, 0.99530753, 0.99530753,
       0.99762213, 0.99762213, 0.99762213, 0.99762213, 0.99762213,
       0.99762213, 0.99762213, 0.99762213, 0.99762213, 0.99762213,
       0.99762213, 0.99891045, 0.99891045, 0.99891045, 0.99891045,
       0.99891045, 0.99891045, 0.99891045, 0.99891045, 0.99953696,
       0.99953696, 0.99953696, 0.99985224, 0.99985224, 0.99997114,
       1.        ])]","[array([0.        , 0.00237594, 0.00432906, 0.00881501, 0.00881501,
       0.00881501, 0.00881501, 0.01165514, 0.01491016, 0.01491016,
       0.01901023, 0.01901023, 0.01901023, 0.01901023, 0.02506961,
       0.02506961, 0.02506961, 0.02506961, 0.02506961, 0.02506961,
       0.02506961, 0.02506961, 0.02506961, 0.04476867, 0.05516221,
       0.05516221, 0.05516221, 0.05516221, 0.05516221, 0.05516221,
       0.05516221, 0.06833705, 0.06833705, 0.06833705, 0.06833705,
       0.06833705, 0.06833705, 0.06833705, 0.06833705, 0.06833705,
       0.06833705, 0.10345174, 0.10345174, 0.10345174, 0.12240997,
       0.12240997, 0.12240997, 0.14255718, 0.14255718, 0.14255718,
       0.14255718, 0.14255718, 0.14255718, 0.14255718, 0.14255718,
       0.14255718, 0.166485  , 0.166485  , 0.166485  , 0.166485  ,
       0.166485  , 0.166485  , 0.166485  , 0.19344783, 0.19344783,
       0.19344783, 0.19344783, 0.22231681, 0.22231681, 0.22231681,
       0.22231681, 0.22231681, 0.22231681, 0.22231681, 0.25404157,
       0.25404157, 0.28675014, 0.28675014, 0.28675014, 0.28675014,
       0.28675014, 0.28675014, 0.28675014, 0.28675014, 0.28675014,
       0.28675014, 0.28675014, 0.28675014, 0.32471901, 0.40140237,
       0.40140237, 0.40140237, 0.40140237, 0.40140237, 0.40140237,
       0.44254978, 0.52551377, 0.56744159, 0.6098747 , 0.6098747 ,
       1.        ]), array([0.        , 0.00270542, 0.00270542, 0.00270542, 0.00782965,
       0.00782965, 0.00782965, 0.00782965, 0.01383425, 0.02017188,
       0.02017188, 0.02017188, 0.02017188, 0.02017188, 0.03085164,
       0.03085164, 0.03085164, 0.03085164, 0.03085164, 0.03085164,
       0.03085164, 0.03085164, 0.03085164, 0.03085164, 0.03085164,
       0.03085164, 0.03085164, 0.03085164, 0.03085164, 0.03085164,
       0.0533355 , 0.0533355 , 0.0533355 , 0.0533355 , 0.0533355 ,
       0.0533355 , 0.0533355 , 0.0533355 , 0.0533355 , 0.08283011,
       0.08283011, 0.08283011, 0.08283011, 0.08283011, 0.08283011,
       0.08283011, 0.08283011, 0.08283011, 0.1190405 , 0.15647842,
       0.15647842, 0.15647842, 0.15647842, 0.15647842, 0.15647842,
       0.15647842, 0.19894309, 0.19894309, 0.19894309, 0.24371438,
       0.24371438, 0.24371438, 0.24371438, 0.24371438, 0.24371438,
       0.24371438, 0.29420799, 0.29420799, 0.29420799, 0.29420799,
       0.29420799, 0.29420799, 0.29420799, 0.29420799, 0.35035504,
       0.35035504, 0.35035504, 0.35035504, 0.35035504, 0.35035504,
       0.35035504, 0.35035504, 0.41248196, 0.47554195, 0.47554195,
       0.47554195, 0.47554195, 0.47554195, 0.47554195, 0.47554195,
       0.54393922, 0.54393922, 0.54393922, 0.54393922, 0.54393922,
       0.54393922, 0.54393922, 0.61781152, 0.61781152, 0.61781152,
       1.        ]), array([0.00000000e+00, 5.23500507e-05, 2.81812564e-03, 5.81288075e-03,
       5.81288075e-03, 5.81288075e-03, 5.81288075e-03, 5.81288075e-03,
       5.81288075e-03, 5.81288075e-03, 1.15572629e-02, 1.15572629e-02,
       1.15572629e-02, 1.15572629e-02, 1.15572629e-02, 1.15572629e-02,
       2.05344395e-02, 2.05344395e-02, 2.05344395e-02, 2.05344395e-02,
       2.05344395e-02, 2.05344395e-02, 2.05344395e-02, 3.36254852e-02,
       3.36254852e-02, 3.36254852e-02, 3.36254852e-02, 3.36254852e-02,
       3.36254852e-02, 3.36254852e-02, 3.36254852e-02, 3.36254852e-02,
       3.36254852e-02, 3.36254852e-02, 3.36254852e-02, 3.36254852e-02,
       3.36254852e-02, 3.36254852e-02, 3.36254852e-02, 3.36254852e-02,
       3.36254852e-02, 5.73629032e-02, 5.73629032e-02, 5.73629032e-02,
       8.29925658e-02, 8.29925658e-02, 8.29925658e-02, 8.29925658e-02,
       8.29925658e-02, 8.29925658e-02, 8.29925658e-02, 8.29925658e-02,
       1.43765539e-01, 1.43765539e-01, 1.43765539e-01, 1.43765539e-01,
       1.43765539e-01, 1.77146767e-01, 1.77146767e-01, 1.77146767e-01,
       1.77146767e-01, 1.77146767e-01, 1.77146767e-01, 1.77146767e-01,
       1.77146767e-01, 1.77146767e-01, 1.77146767e-01, 1.77146767e-01,
       1.77146767e-01, 2.17664235e-01, 2.17664235e-01, 2.17664235e-01,
       2.17664235e-01, 2.17664235e-01, 2.17664235e-01, 2.17664235e-01,
       2.17664235e-01, 2.17664235e-01, 2.17664235e-01, 3.10309992e-01,
       3.10309992e-01, 3.10309992e-01, 3.10309992e-01, 3.58731096e-01,
       3.58731096e-01, 3.58731096e-01, 3.58731096e-01, 3.58731096e-01,
       3.58731096e-01, 3.58731096e-01, 3.58731096e-01, 3.58731096e-01,
       3.58731096e-01, 3.58731096e-01, 3.58731096e-01, 3.58731096e-01,
       4.15280988e-01, 4.15280988e-01, 5.30060133e-01, 6.45930091e-01,
       1.00000000e+00]), array([0.00000000e+00, 1.85377562e-04, 4.44181987e-04, 7.36317838e-04,
       7.36317838e-04, 2.52955683e-03, 2.52955683e-03, 4.35586660e-03,
       5.34524428e-03, 7.68254251e-03, 8.93840935e-03, 1.02812691e-02,
       1.18259681e-02, 1.18259681e-02, 1.18259681e-02, 1.18259681e-02,
       1.18259681e-02, 1.18259681e-02, 1.41892995e-02, 1.41892995e-02,
       1.93276543e-02, 2.20201687e-02, 2.20201687e-02, 2.20201687e-02,
       2.20201687e-02, 2.20201687e-02, 2.20201687e-02, 2.55212939e-02,
       2.92425470e-02, 3.29895050e-02, 3.29895050e-02, 3.29895050e-02,
       3.29895050e-02, 3.29895050e-02, 3.74533366e-02, 3.74533366e-02,
       5.17745169e-02, 5.17745169e-02, 5.17745169e-02, 5.17745169e-02,
       7.80227902e-02, 8.87983611e-02, 9.97855689e-02, 1.05385888e-01,
       1.05385888e-01, 1.05385888e-01, 1.11492843e-01, 1.17638207e-01,
       1.23923339e-01, 1.23923339e-01, 1.37137018e-01, 1.43848949e-01,
       1.43848949e-01, 1.43848949e-01, 1.50914089e-01, 1.50914089e-01,
       1.50914089e-01, 1.58456284e-01, 1.58456284e-01, 1.66295049e-01,
       1.66295049e-01, 1.74349007e-01, 1.82490092e-01, 1.90857464e-01,
       1.90857464e-01, 1.90857464e-01, 1.90857464e-01, 1.99736951e-01,
       1.99736951e-01, 1.99736951e-01, 2.08991042e-01, 2.18403671e-01,
       2.18403671e-01, 2.18403671e-01, 2.18403671e-01, 2.38230665e-01,
       2.48232825e-01, 2.48232825e-01, 2.58519072e-01, 2.58519072e-01,
       2.58519072e-01, 2.69168174e-01, 2.69168174e-01, 2.69168174e-01,
       2.69168174e-01, 2.69168174e-01, 2.80584142e-01, 2.92053082e-01,
       2.92053082e-01, 2.92053082e-01, 2.92053082e-01, 3.04118197e-01,
       3.04118197e-01, 3.16355821e-01, 3.41267902e-01, 3.91546440e-01,
       4.29722396e-01, 4.42523434e-01, 4.42523434e-01, 4.95017364e-01,
       1.00000000e+00]), array([0.        , 0.00206883, 0.0058621 , 0.0058621 , 0.0058621 ,
       0.0058621 , 0.0058621 , 0.0058621 , 0.0058621 , 0.0058621 ,
       0.01484166, 0.01484166, 0.01484166, 0.01484166, 0.01484166,
       0.01484166, 0.03037651, 0.03037651, 0.03037651, 0.03037651,
       0.03037651, 0.0503989 , 0.0503989 , 0.0503989 , 0.0503989 ,
       0.0503989 , 0.07581937, 0.07581937, 0.07581937, 0.07581937,
       0.07581937, 0.07581937, 0.07581937, 0.07581937, 0.14206246,
       0.14206246, 0.14206246, 0.14206246, 0.14206246, 0.14206246,
       0.14206246, 0.14206246, 0.14206246, 0.14206246, 0.14206246,
       0.14206246, 0.14206246, 0.14206246, 0.14206246, 0.1896988 ,
       0.1896988 , 0.1896988 , 0.1896988 , 0.1896988 , 0.1896988 ,
       0.1896988 , 0.1896988 , 0.1896988 , 0.1896988 , 0.1896988 ,
       0.1896988 , 0.1896988 , 0.1896988 , 0.25134197, 0.25134197,
       0.25134197, 0.25134197, 0.31729734, 0.31729734, 0.31729734,
       0.38615486, 0.38615486, 0.38615486, 0.45766075, 0.45766075,
       0.53139733, 0.53139733, 0.53139733, 0.53139733, 0.53139733,
       0.53139733, 0.53139733, 0.53139733, 0.53139733, 0.53139733,
       0.53139733, 0.61628607, 0.61628607, 0.61628607, 0.61628607,
       0.61628607, 0.61628607, 0.61628607, 0.61628607, 0.70836642,
       0.70836642, 0.70836642, 0.80382877, 0.80382877, 0.90142523,
       1.        ])]",-0.3066559101067751,0.1728226709586639,0.2177556586567596,0.1160359045654908,"[{'lambda_reg': 0.00011303944050220715, 'K_bin': 180, 'gamma': 0.05102621478540142, 'coef0': 2.408388217382168}, {'lambda_reg': 2.5617890060582748e-05, 'K_bin': 554, 'gamma': 0.15635844795797538, 'coef0': 2.6170085858130756}, {'lambda_reg': 0.00795430158471848, 'K_bin': 865, 'gamma': 0.027645904594766037, 'coef0': 1.990157502629442}, {'lambda_reg': 1.368578995813566e-05, 'K_bin': 64, 'gamma': 0.3315942567714867, 'coef0': 0.4877094792199088}, {'lambda_reg': 0.0006334392006280433, 'K_bin': 897, 'gamma': 0.08750678744755196, 'coef0': 0.8953920874636125}]",600,2,sigmoid,75
"[np.float64(0.15072348102796776), np.float64(0.0367227382601163), np.float64(0.10647686932336203), np.float64(0.10834648086850335), np.float64(0.10912901694487674)]",0.1022797172849652,0.0367310505047039,"[np.float64(0.8062415869503755), np.float64(0.8178427827051558), np.float64(0.7416759474445647), np.float64(0.7299159465496867), np.float64(0.8531116078265474)]",0.789757574295266,0.0468339586649987,"[np.float64(0.9833204799622476), np.float64(0.9696447608161332), np.float64(0.9844649304549128), np.float64(0.9755374802030068), np.float64(0.9452895284729018)]",0.9716514359818405,0.0142438090442654,"[array([0.        , 0.89661357, 0.89661357, 0.9138184 , 0.9138184 ,
       0.9138184 , 0.9138184 , 0.9138184 , 0.9138184 , 0.9138184 ,
       0.92980129, 0.92980129, 0.94544202, 0.94544202, 0.94544202,
       0.94544202, 0.94544202, 0.94544202, 0.94544202, 0.95976014,
       0.95976014, 0.95976014, 0.95976014, 0.95976014, 0.95976014,
       0.97307368, 0.97307368, 0.97307368, 0.97307368, 0.97307368,
       0.97307368, 0.98524598, 0.98524598, 0.98524598, 0.98524598,
       0.98524598, 0.98524598, 0.98524598, 0.98524598, 0.98524598,
       0.98524598, 0.99565686, 0.99565686, 0.99565686, 0.99565686,
       0.99565686, 0.99565686, 0.99565686, 0.99565686, 0.99565686,
       0.99565686, 0.99565686, 0.99565686, 0.99565686, 0.99565686,
       0.99565686, 0.99565686, 0.99565686, 0.99565686, 0.99565686,
       0.99565686, 0.99565686, 0.99565686, 0.99565686, 0.99565686,
       0.99565686, 0.99565686, 0.99565686, 0.99565686, 0.99565686,
       0.99565686, 0.99565686, 0.99565686, 0.99565686, 0.99565686,
       0.99565686, 0.99565686, 0.99565686, 0.99565686, 0.99565686,
       0.99565686, 0.99565686, 0.99565686, 0.99565686, 0.99859056,
       0.99859056, 0.99859056, 0.99859056, 0.99859056, 0.99859056,
       0.99859056, 0.99859056, 1.        , 1.        , 1.        ,
       1.        , 1.        , 1.        , 1.        , 1.        ,
       1.        ]), array([0.        , 0.87766297, 0.87766297, 0.89479062, 0.89479062,
       0.89479062, 0.89479062, 0.89479062, 0.91108559, 0.92719177,
       0.92719177, 0.92719177, 0.92719177, 0.92719177, 0.92719177,
       0.92719177, 0.92719177, 0.92719177, 0.92719177, 0.94145917,
       0.94145917, 0.94145917, 0.94145917, 0.94145917, 0.94145917,
       0.94145917, 0.94145917, 0.94145917, 0.95418258, 0.95418258,
       0.96662043, 0.96662043, 0.96662043, 0.96662043, 0.96662043,
       0.96662043, 0.96662043, 0.96662043, 0.96662043, 0.96662043,
       0.96662043, 0.96662043, 0.96662043, 0.96662043, 0.96662043,
       0.96662043, 0.96662043, 0.96662043, 0.97586658, 0.97586658,
       0.97586658, 0.97586658, 0.99288995, 0.99288995, 0.99288995,
       0.99288995, 0.99288995, 0.99288995, 0.99288995, 0.99288995,
       1.        , 1.        , 1.        , 1.        , 1.        ,
       1.        , 1.        , 1.        , 1.        , 1.        ,
       1.        , 1.        , 1.        , 1.        , 1.        ,
       1.        , 1.        , 1.        , 1.        , 1.        ,
       1.        , 1.        , 1.        , 1.        , 1.        ,
       1.        , 1.        , 1.        , 1.        , 1.        ,
       1.        , 1.        , 1.        , 1.        , 1.        ,
       1.        , 1.        , 1.        , 1.        , 1.        ,
       1.        ]), array([0.        , 0.86432016, 0.90064087, 0.90064087, 0.90064087,
       0.90064087, 0.90064087, 0.90064087, 0.90064087, 0.90064087,
       0.90064087, 0.90064087, 0.9168799 , 0.9168799 , 0.93278611,
       0.93278611, 0.93278611, 0.93278611, 0.93278611, 0.93278611,
       0.94767966, 0.94767966, 0.96218735, 0.96218735, 0.96218735,
       0.96218735, 0.96218735, 0.96218735, 0.96218735, 0.96218735,
       0.96218735, 0.96218735, 0.97487046, 0.97487046, 0.97487046,
       0.97487046, 0.97487046, 0.97487046, 0.97487046, 0.97487046,
       0.97487046, 0.97487046, 0.97487046, 0.97487046, 0.97487046,
       0.97487046, 0.97487046, 0.97487046, 0.97487046, 0.97487046,
       0.98417501, 0.98417501, 0.98417501, 0.98417501, 0.98417501,
       0.98417501, 0.98417501, 0.98417501, 0.98417501, 0.99171691,
       0.99171691, 0.99171691, 0.99171691, 0.99171691, 0.99171691,
       0.99171691, 0.99171691, 0.99171691, 0.99171691, 0.99171691,
       0.99171691, 0.99171691, 0.99171691, 0.99171691, 0.99171691,
       0.99171691, 0.99171691, 0.9959905 , 0.9959905 , 0.9959905 ,
       0.9959905 , 0.9959905 , 0.9959905 , 0.9959905 , 0.9959905 ,
       0.9959905 , 0.9959905 , 0.9959905 , 0.9959905 , 0.9959905 ,
       0.99793157, 0.99963238, 0.99963238, 0.99963238, 0.99963238,
       0.99963238, 0.99963238, 0.99963238, 0.99963238, 1.        ,
       1.        ]), array([0.        , 0.73683015, 0.76031558, 0.76031558, 0.76031558,
       0.76031558, 0.76031558, 0.78249452, 0.82656671, 0.82656671,
       0.84798692, 0.84798692, 0.84798692, 0.84798692, 0.84798692,
       0.84798692, 0.84798692, 0.84798692, 0.86772004, 0.86772004,
       0.86772004, 0.86772004, 0.86772004, 0.86772004, 0.86772004,
       0.86772004, 0.88543371, 0.88543371, 0.88543371, 0.88543371,
       0.88543371, 0.88543371, 0.88543371, 0.90158404, 0.90158404,
       0.9170767 , 0.9170767 , 0.9170767 , 0.9170767 , 0.9170767 ,
       0.9170767 , 0.9170767 , 0.9170767 , 0.9170767 , 0.93039316,
       0.93039316, 0.93039316, 0.93039316, 0.93039316, 0.93039316,
       0.93039316, 0.93039316, 0.93039316, 0.93039316, 0.93039316,
       0.93039316, 0.93039316, 0.94073472, 0.95080096, 0.95080096,
       0.96034398, 0.96034398, 0.96034398, 0.96034398, 0.96034398,
       0.96034398, 0.96034398, 0.96034398, 0.96034398, 0.96034398,
       0.96034398, 0.96034398, 0.96034398, 0.96682025, 0.97314326,
       0.97929726, 0.97929726, 0.97929726, 0.97929726, 0.97929726,
       0.97929726, 0.97929726, 0.98380591, 0.98380591, 0.98763125,
       0.98763125, 0.98763125, 0.99407289, 0.99407289, 0.99407289,
       0.99663169, 0.99663169, 0.99663169, 0.99842032, 0.99842032,
       0.99842032, 0.99842032, 0.99842032, 0.99895185, 0.99990023,
       1.        ]), array([0.        , 0.        , 0.03894565, 0.11648537, 0.15471478,
       0.26825613, 0.41830964, 0.49269924, 0.52959594, 0.52959594,
       0.52959594, 0.56498111, 0.56498111, 0.59969777, 0.63422166,
       0.63422166, 0.63422166, 0.63422166, 0.66701707, 0.66701707,
       0.69914264, 0.69914264, 0.69914264, 0.69914264, 0.69914264,
       0.69914264, 0.69914264, 0.69914264, 0.69914264, 0.69914264,
       0.69914264, 0.72667186, 0.75388035, 0.75388035, 0.75388035,
       0.77978747, 0.77978747, 0.77978747, 0.77978747, 0.77978747,
       0.77978747, 0.77978747, 0.77978747, 0.80261063, 0.80261063,
       0.80261063, 0.80261063, 0.82402206, 0.82402206, 0.82402206,
       0.82402206, 0.8437527 , 0.8437527 , 0.86270394, 0.88133909,
       0.89925987, 0.89925987, 0.91672517, 0.91672517, 0.91672517,
       0.91672517, 0.91672517, 0.91672517, 0.91672517, 0.91672517,
       0.91672517, 0.91672517, 0.91672517, 0.91672517, 0.92929797,
       0.92929797, 0.92929797, 0.92929797, 0.92929797, 0.92929797,
       0.92929797, 0.92929797, 0.92929797, 0.92929797, 0.93796757,
       0.9461532 , 0.96177982, 0.96177982, 0.96855719, 0.96855719,
       0.96855719, 0.96855719, 0.96855719, 0.97364763, 0.97364763,
       0.97364763, 0.97739279, 0.97739279, 0.98335282, 0.99104762,
       0.9930641 , 0.9930641 , 0.99447113, 0.99702572, 0.99850211,
       1.        ])]","[array([0.        , 0.00338665, 0.00338665, 0.01027897, 0.01027897,
       0.01027897, 0.01027897, 0.01027897, 0.01027897, 0.01027897,
       0.03936463, 0.03936463, 0.07466476, 0.07466476, 0.07466476,
       0.07466476, 0.07466476, 0.07466476, 0.07466476, 0.13398672,
       0.13398672, 0.13398672, 0.13398672, 0.13398672, 0.13398672,
       0.21155413, 0.21155413, 0.21155413, 0.21155413, 0.21155413,
       0.21155413, 0.30984921, 0.30984921, 0.30984921, 0.30984921,
       0.30984921, 0.30984921, 0.30984921, 0.30984921, 0.30984921,
       0.30984921, 0.44013572, 0.44013572, 0.44013572, 0.44013572,
       0.44013572, 0.44013572, 0.44013572, 0.44013572, 0.44013572,
       0.44013572, 0.44013572, 0.44013572, 0.44013572, 0.44013572,
       0.44013572, 0.44013572, 0.44013572, 0.44013572, 0.44013572,
       0.44013572, 0.44013572, 0.44013572, 0.44013572, 0.44013572,
       0.44013572, 0.44013572, 0.44013572, 0.44013572, 0.44013572,
       0.44013572, 0.44013572, 0.44013572, 0.44013572, 0.44013572,
       0.44013572, 0.44013572, 0.44013572, 0.44013572, 0.44013572,
       0.44013572, 0.44013572, 0.44013572, 0.44013572, 0.7062258 ,
       0.7062258 , 0.7062258 , 0.7062258 , 0.7062258 , 0.7062258 ,
       0.7062258 , 0.7062258 , 1.        , 1.        , 1.        ,
       1.        , 1.        , 1.        , 1.        , 1.        ,
       1.        ]), array([0.        , 0.00344048, 0.00344048, 0.01147706, 0.01147706,
       0.01147706, 0.01147706, 0.01147706, 0.03510217, 0.06226184,
       0.06226184, 0.06226184, 0.06226184, 0.06226184, 0.06226184,
       0.06226184, 0.06226184, 0.06226184, 0.06226184, 0.12384493,
       0.12384493, 0.12384493, 0.12384493, 0.12384493, 0.12384493,
       0.12384493, 0.12384493, 0.12384493, 0.2143332 , 0.2143332 ,
       0.3101673 , 0.3101673 , 0.3101673 , 0.3101673 , 0.3101673 ,
       0.3101673 , 0.3101673 , 0.3101673 , 0.3101673 , 0.3101673 ,
       0.3101673 , 0.3101673 , 0.3101673 , 0.3101673 , 0.3101673 ,
       0.3101673 , 0.3101673 , 0.3101673 , 0.46575312, 0.46575312,
       0.46575312, 0.46575312, 0.80442439, 0.80442439, 0.80442439,
       0.80442439, 0.80442439, 0.80442439, 0.80442439, 0.80442439,
       1.        , 1.        , 1.        , 1.        , 1.        ,
       1.        , 1.        , 1.        , 1.        , 1.        ,
       1.        , 1.        , 1.        , 1.        , 1.        ,
       1.        , 1.        , 1.        , 1.        , 1.        ,
       1.        , 1.        , 1.        , 1.        , 1.        ,
       1.        , 1.        , 1.        , 1.        , 1.        ,
       1.        , 1.        , 1.        , 1.        , 1.        ,
       1.        , 1.        , 1.        , 1.        , 1.        ,
       1.        ]), array([0.        , 0.00221325, 0.00673321, 0.00673321, 0.00673321,
       0.00673321, 0.00673321, 0.00673321, 0.00673321, 0.00673321,
       0.00673321, 0.00673321, 0.02752445, 0.02752445, 0.05152572,
       0.05152572, 0.05152572, 0.05152572, 0.05152572, 0.05152572,
       0.08529414, 0.08529414, 0.12278419, 0.12278419, 0.12278419,
       0.12278419, 0.12278419, 0.12278419, 0.12278419, 0.12278419,
       0.12278419, 0.12278419, 0.17787236, 0.17787236, 0.17787236,
       0.17787236, 0.17787236, 0.17787236, 0.17787236, 0.17787236,
       0.17787236, 0.17787236, 0.17787236, 0.17787236, 0.17787236,
       0.17787236, 0.17787236, 0.17787236, 0.17787236, 0.17787236,
       0.26554683, 0.26554683, 0.26554683, 0.26554683, 0.26554683,
       0.26554683, 0.26554683, 0.26554683, 0.26554683, 0.37022216,
       0.37022216, 0.37022216, 0.37022216, 0.37022216, 0.37022216,
       0.37022216, 0.37022216, 0.37022216, 0.37022216, 0.37022216,
       0.37022216, 0.37022216, 0.37022216, 0.37022216, 0.37022216,
       0.37022216, 0.37022216, 0.50642041, 0.50642041, 0.50642041,
       0.50642041, 0.50642041, 0.50642041, 0.50642041, 0.50642041,
       0.50642041, 0.50642041, 0.50642041, 0.50642041, 0.50642041,
       0.66511586, 0.82612863, 0.82612863, 0.82612863, 0.82612863,
       0.82612863, 0.82612863, 0.82612863, 0.82612863, 1.        ,
       1.        ]), array([0.00000000e+00, 7.04605004e-04, 1.39121963e-03, 1.39121963e-03,
       1.39121963e-03, 1.39121963e-03, 1.39121963e-03, 5.13964867e-03,
       1.33060325e-02, 1.33060325e-02, 1.88325720e-02, 1.88325720e-02,
       1.88325720e-02, 1.88325720e-02, 1.88325720e-02, 1.88325720e-02,
       1.88325720e-02, 1.88325720e-02, 2.83128812e-02, 2.83128812e-02,
       2.83128812e-02, 2.83128812e-02, 2.83128812e-02, 2.83128812e-02,
       2.83128812e-02, 2.83128812e-02, 4.25258534e-02, 4.25258534e-02,
       4.25258534e-02, 4.25258534e-02, 4.25258534e-02, 4.25258534e-02,
       4.25258534e-02, 6.04025807e-02, 6.04025807e-02, 7.98205786e-02,
       7.98205786e-02, 7.98205786e-02, 7.98205786e-02, 7.98205786e-02,
       7.98205786e-02, 7.98205786e-02, 7.98205786e-02, 7.98205786e-02,
       1.04338583e-01, 1.04338583e-01, 1.04338583e-01, 1.04338583e-01,
       1.04338583e-01, 1.04338583e-01, 1.04338583e-01, 1.04338583e-01,
       1.04338583e-01, 1.04338583e-01, 1.04338583e-01, 1.04338583e-01,
       1.04338583e-01, 1.35828400e-01, 1.67963433e-01, 1.67963433e-01,
       2.01324648e-01, 2.01324648e-01, 2.01324648e-01, 2.01324648e-01,
       2.01324648e-01, 2.01324648e-01, 2.01324648e-01, 2.01324648e-01,
       2.01324648e-01, 2.01324648e-01, 2.01324648e-01, 2.01324648e-01,
       2.01324648e-01, 2.41872929e-01, 2.82780370e-01, 3.24083906e-01,
       3.24083906e-01, 3.24083906e-01, 3.24083906e-01, 3.24083906e-01,
       3.24083906e-01, 3.24083906e-01, 3.69243381e-01, 3.69243381e-01,
       4.16004209e-01, 4.16004209e-01, 4.16004209e-01, 5.12359325e-01,
       5.12359325e-01, 5.12359325e-01, 5.62088343e-01, 5.62088343e-01,
       5.62088343e-01, 6.13622300e-01, 6.13622300e-01, 6.13622300e-01,
       6.13622300e-01, 6.13622300e-01, 6.68102314e-01, 8.33056792e-01,
       1.00000000e+00]), array([0.00000000e+00, 0.00000000e+00, 5.48642422e-04, 1.90028804e-03,
       2.96710412e-03, 6.99728524e-03, 1.33366489e-02, 1.69672883e-02,
       1.89982715e-02, 1.89982715e-02, 1.89982715e-02, 2.21227940e-02,
       2.21227940e-02, 2.57309548e-02, 2.94785793e-02, 2.94785793e-02,
       2.94785793e-02, 2.94785793e-02, 3.44766934e-02, 3.44766934e-02,
       3.99594140e-02, 3.99594140e-02, 3.99594140e-02, 3.99594140e-02,
       3.99594140e-02, 3.99594140e-02, 3.99594140e-02, 3.99594140e-02,
       3.99594140e-02, 3.99594140e-02, 3.99594140e-02, 4.87674284e-02,
       5.78074708e-02, 5.78074708e-02, 5.78074708e-02, 6.77890154e-02,
       6.77890154e-02, 6.77890154e-02, 6.77890154e-02, 6.77890154e-02,
       6.77890154e-02, 6.77890154e-02, 6.77890154e-02, 8.00016881e-02,
       8.00016881e-02, 8.00016881e-02, 8.00016881e-02, 9.32356877e-02,
       9.32356877e-02, 9.32356877e-02, 9.32356877e-02, 1.07685684e-01,
       1.07685684e-01, 1.22699550e-01, 1.37942092e-01, 1.53701450e-01,
       1.53701450e-01, 1.69790336e-01, 1.69790336e-01, 1.69790336e-01,
       1.69790336e-01, 1.69790336e-01, 1.69790336e-01, 1.69790336e-01,
       1.69790336e-01, 1.69790336e-01, 1.69790336e-01, 1.69790336e-01,
       1.69790336e-01, 1.89418767e-01, 1.89418767e-01, 1.89418767e-01,
       1.89418767e-01, 1.89418767e-01, 1.89418767e-01, 1.89418767e-01,
       1.89418767e-01, 1.89418767e-01, 1.89418767e-01, 2.11871016e-01,
       2.34673395e-01, 2.80816881e-01, 2.80816881e-01, 3.04638096e-01,
       3.04638096e-01, 3.04638096e-01, 3.04638096e-01, 3.04638096e-01,
       3.29679729e-01, 3.29679729e-01, 3.29679729e-01, 3.55694632e-01,
       3.55694632e-01, 4.08831541e-01, 4.89437791e-01, 5.16703322e-01,
       5.16703322e-01, 5.44409776e-01, 6.28734782e-01, 7.13839820e-01,
       1.00000000e+00])]",-0.257091126527747,0.1417956957061063,0.1749989650184452,0.1144229364653544,"[{'lambda_reg': 0.08804634314833384, 'K_bin': 504, 'gamma': 0.06272078004085481}, {'lambda_reg': 0.011524841923092694, 'K_bin': 789, 'gamma': 0.2117940663702564}, {'lambda_reg': 4.6524448928013e-05, 'K_bin': 231, 'gamma': 0.0016213883952618795}, {'lambda_reg': 5.2217624677272276e-05, 'K_bin': 123, 'gamma': 0.01639632598517709}, {'lambda_reg': 0.0002938101078529576, 'K_bin': 62, 'gamma': 0.02346778746433859}]",300,1,rbf,43
"[np.float64(0.11260827146426809), np.float64(0.08034952762603013), np.float64(0.15622432048313054), np.float64(0.09488710646943578), np.float64(0.12347853443436695)]",0.1135095520954462,0.0259658508736738,"[np.float64(0.8398914960329031), np.float64(0.8623097743576718), np.float64(0.8347914813620492), np.float64(0.8917728831825489), np.float64(0.8364029843416106)]",0.8530337238553567,0.0217662428471018,"[np.float64(0.991257666631444), np.float64(0.9064091391294167), np.float64(0.9833417277236189), np.float64(0.9313471182397342), np.float64(0.9339601362988245)]",0.9492631576046076,0.0326083472652091,"[array([0.09546479, 0.88770087, 0.91592795, 0.91592795, 0.92512312,
       0.934215  , 0.934215  , 0.934215  , 0.934215  , 0.934215  ,
       0.934215  , 0.934215  , 0.934215  , 0.934215  , 0.94244268,
       0.94244268, 0.94244268, 0.94244268, 0.94244268, 0.94244268,
       0.95014618, 0.95014618, 0.95014618, 0.95751339, 0.96481589,
       0.96481589, 0.96481589, 0.97186803, 0.97186803, 0.97186803,
       0.97186803, 0.97186803, 0.97186803, 0.97186803, 0.97186803,
       0.97186803, 0.97186803, 0.97186803, 0.97186803, 0.97186803,
       0.97186803, 0.97186803, 0.97186803, 0.97186803, 0.97726642,
       0.97726642, 0.97726642, 0.97726642, 0.97726642, 0.97726642,
       0.97726642, 0.97726642, 0.97726642, 0.98179283, 0.9862057 ,
       0.9862057 , 0.9862057 , 0.9862057 , 0.9862057 , 0.9862057 ,
       0.9862057 , 0.9862057 , 0.9862057 , 0.9862057 , 0.9862057 ,
       0.9862057 , 0.9862057 , 0.9862057 , 0.9862057 , 0.9862057 ,
       0.9862057 , 0.9862057 , 0.9862057 , 0.9862057 , 0.9862057 ,
       0.9862057 , 0.9862057 , 0.98841307, 0.99057042, 0.99265407,
       0.99265407, 0.99634875, 0.99634875, 0.99634875, 0.99634875,
       0.99780827, 0.99780827, 0.99780827, 0.99780827, 0.99892481,
       0.99892481, 0.99892481, 0.99892481, 0.99892481, 0.99892481,
       0.99948954, 0.99948954, 0.99948954, 0.99948954, 0.99980121,
       1.        ]), array([0.        , 0.22752112, 0.31380726, 0.3820135 , 0.3820135 ,
       0.3820135 , 0.3820135 , 0.39833732, 0.39833732, 0.39833732,
       0.39833732, 0.41403959, 0.42959914, 0.46033295, 0.47544343,
       0.47544343, 0.47544343, 0.47544343, 0.48994224, 0.48994224,
       0.48994224, 0.50391865, 0.50391865, 0.50391865, 0.53067886,
       0.53067886, 0.53067886, 0.54355302, 0.56903172, 0.59406418,
       0.59406418, 0.60621544, 0.61829061, 0.63019157, 0.64182072,
       0.64182072, 0.65314392, 0.66430418, 0.67528011, 0.67528011,
       0.67528011, 0.67528011, 0.69570821, 0.69570821, 0.7055762 ,
       0.73483156, 0.75394857, 0.78215659, 0.79129311, 0.82750709,
       0.84508395, 0.85379499, 0.86231771, 0.87069658, 0.87069658,
       0.87069658, 0.87069658, 0.87069658, 0.87069658, 0.87069658,
       0.87782346, 0.87782346, 0.88457826, 0.88457826, 0.88457826,
       0.89709591, 0.90914588, 0.90914588, 0.91488618, 0.92034201,
       0.92034201, 0.92551592, 0.93542982, 0.93542982, 0.93542982,
       0.93984304, 0.93984304, 0.93984304, 0.95178913, 0.95178913,
       0.95178913, 0.95178913, 0.95510657, 0.96112766, 0.96112766,
       0.96386452, 0.96636279, 0.9710611 , 0.9710611 , 0.97700035,
       0.98067972, 0.98551042, 0.98551042, 0.98812719, 0.99381939,
       0.99477488, 0.99641085, 0.99760508, 0.99894403, 0.99923948,
       1.        ]), array([0.10099057, 0.86286202, 0.87187578, 0.8808118 , 0.88965573,
       0.88965573, 0.89836292, 0.90696763, 0.90696763, 0.90696763,
       0.9152757 , 0.92344953, 0.93160621, 0.93160621, 0.93160621,
       0.93160621, 0.93160621, 0.93160621, 0.93160621, 0.93912175,
       0.93912175, 0.94640252, 0.94640252, 0.94640252, 0.94640252,
       0.94640252, 0.95327915, 0.95327915, 0.95997804, 0.95997804,
       0.95997804, 0.96632252, 0.96632252, 0.96632252, 0.96632252,
       0.96632252, 0.96632252, 0.96632252, 0.97207737, 0.97207737,
       0.97207737, 0.97752958, 0.97752958, 0.97752958, 0.97752958,
       0.97752958, 0.97752958, 0.98246862, 0.98246862, 0.98246862,
       0.9871358 , 0.9871358 , 0.9871358 , 0.9871358 , 0.9871358 ,
       0.9871358 , 0.9871358 , 0.9871358 , 0.9871358 , 0.9871358 ,
       0.9871358 , 0.9871358 , 0.9871358 , 0.9871358 , 0.9871358 ,
       0.9871358 , 0.99028115, 0.99028115, 0.99028115, 0.99028115,
       0.99028115, 0.99028115, 0.99028115, 0.99028115, 0.99028115,
       0.99028115, 0.99028115, 0.99028115, 0.99028115, 0.99223244,
       0.99415417, 0.99415417, 0.99415417, 0.99415417, 0.99568651,
       0.99568651, 0.99568651, 0.99690268, 0.99690268, 0.99800125,
       0.99895385, 0.99895385, 0.99895385, 0.99961798, 0.99961798,
       0.99961798, 1.        , 1.        , 1.        , 1.        ,
       1.        ]), array([0.        , 0.2192234 , 0.28418086, 0.28418086, 0.30531726,
       0.34741153, 0.36812863, 0.36812863, 0.36812863, 0.36812863,
       0.40809608, 0.40809608, 0.40809608, 0.42728612, 0.44630094,
       0.44630094, 0.44630094, 0.44630094, 0.48249365, 0.48249365,
       0.50027325, 0.53521099, 0.53521099, 0.56938191, 0.58617194,
       0.58617194, 0.58617194, 0.60237452, 0.60237452, 0.61811158,
       0.61811158, 0.61811158, 0.63306709, 0.63306709, 0.63306709,
       0.63306709, 0.64730684, 0.64730684, 0.66112552, 0.68806146,
       0.68806146, 0.68806146, 0.68806146, 0.68806146, 0.68806146,
       0.68806146, 0.71220967, 0.72403101, 0.73558673, 0.76935059,
       0.78044365, 0.79127277, 0.80192517, 0.82295172, 0.82295172,
       0.8330276 , 0.8428117 , 0.8428117 , 0.8428117 , 0.8428117 ,
       0.86048559, 0.86914764, 0.86914764, 0.8855129 , 0.8855129 ,
       0.90104157, 0.90104157, 0.90836595, 0.90836595, 0.91531027,
       0.9219485 , 0.9219485 , 0.9219485 , 0.92806332, 0.93398659,
       0.93398659, 0.93398659, 0.93398659, 0.93398659, 0.94343129,
       0.94343129, 0.94778194, 0.94778194, 0.9554344 , 0.96271032,
       0.96271032, 0.96271032, 0.96271032, 0.96804791, 0.97050401,
       0.97739166, 0.98367205, 0.98751684, 0.9892032 , 0.99059266,
       0.99300909, 0.99505917, 0.99573148, 0.99695257, 0.99839083,
       1.        ]), array([0.        , 0.15845075, 0.23641039, 0.29444031, 0.31351393,
       0.33247394, 0.3512502 , 0.38847143, 0.40672289, 0.40672289,
       0.42466416, 0.44249394, 0.44249394, 0.44249394, 0.44249394,
       0.44249394, 0.47602811, 0.47602811, 0.47602811, 0.49214208,
       0.50805474, 0.52379626, 0.53942475, 0.53942475, 0.55449325,
       0.56943072, 0.59899241, 0.59899241, 0.59899241, 0.61317037,
       0.61317037, 0.65438609, 0.65438609, 0.68111947, 0.69439982,
       0.69439982, 0.70711295, 0.73234051, 0.74472991, 0.74472991,
       0.75663862, 0.78037943, 0.80364249, 0.81510861, 0.81510861,
       0.81510861, 0.81510861, 0.82571046, 0.84664774, 0.84664774,
       0.8665452 , 0.8665452 , 0.8761003 , 0.8761003 , 0.8852562 ,
       0.8852562 , 0.90295369, 0.90295369, 0.90295369, 0.91116334,
       0.91116334, 0.91898135, 0.91898135, 0.91898135, 0.91898135,
       0.91898135, 0.91898135, 0.91898135, 0.91898135, 0.91898135,
       0.91898135, 0.92486422, 0.93047717, 0.93047717, 0.93047717,
       0.93047717, 0.94024239, 0.94489507, 0.94489507, 0.94489507,
       0.95296979, 0.95686722, 0.96047725, 0.96386961, 0.96386961,
       0.96687361, 0.96687361, 0.97225999, 0.97481882, 0.9792105 ,
       0.9792105 , 0.9848476 , 0.98979978, 0.99429702, 0.99429702,
       0.99547113, 0.99643937, 0.99786504, 0.99845654, 0.99912053,
       1.        ])]","[array([0.00000000e+00, 8.35830922e-04, 3.66838484e-03, 3.66838484e-03,
       6.08161179e-03, 9.20431818e-03, 9.20431818e-03, 9.20431818e-03,
       9.20431818e-03, 9.20431818e-03, 9.20431818e-03, 9.20431818e-03,
       9.20431818e-03, 9.20431818e-03, 1.82633910e-02, 1.82633910e-02,
       1.82633910e-02, 1.82633910e-02, 1.82633910e-02, 1.82633910e-02,
       3.09231759e-02, 3.09231759e-02, 3.09231759e-02, 4.58930316e-02,
       6.13073654e-02, 6.13073654e-02, 6.13073654e-02, 7.84414652e-02,
       7.84414652e-02, 7.84414652e-02, 7.84414652e-02, 7.84414652e-02,
       7.84414652e-02, 7.84414652e-02, 7.84414652e-02, 7.84414652e-02,
       7.84414652e-02, 7.84414652e-02, 7.84414652e-02, 7.84414652e-02,
       7.84414652e-02, 7.84414652e-02, 7.84414652e-02, 7.84414652e-02,
       1.06935512e-01, 1.06935512e-01, 1.06935512e-01, 1.06935512e-01,
       1.06935512e-01, 1.06935512e-01, 1.06935512e-01, 1.06935512e-01,
       1.06935512e-01, 1.41419295e-01, 1.76683042e-01, 1.76683042e-01,
       1.76683042e-01, 1.76683042e-01, 1.76683042e-01, 1.76683042e-01,
       1.76683042e-01, 1.76683042e-01, 1.76683042e-01, 1.76683042e-01,
       1.76683042e-01, 1.76683042e-01, 1.76683042e-01, 1.76683042e-01,
       1.76683042e-01, 1.76683042e-01, 1.76683042e-01, 1.76683042e-01,
       1.76683042e-01, 1.76683042e-01, 1.76683042e-01, 1.76683042e-01,
       1.76683042e-01, 2.27096828e-01, 2.77854200e-01, 3.29117834e-01,
       3.29117834e-01, 4.34891573e-01, 4.34891573e-01, 4.34891573e-01,
       4.34891573e-01, 4.90442487e-01, 4.90442487e-01, 4.90442487e-01,
       4.90442487e-01, 5.48349379e-01, 5.48349379e-01, 5.48349379e-01,
       5.48349379e-01, 5.48349379e-01, 5.48349379e-01, 6.10046736e-01,
       6.10046736e-01, 6.10046736e-01, 6.10046736e-01, 7.39059084e-01,
       1.00000000e+00]), array([0.00000000e+00, 1.59929968e-04, 1.33049958e-03, 3.01360467e-03,
       3.01360467e-03, 3.01360467e-03, 3.01360467e-03, 4.09486737e-03,
       4.09486737e-03, 4.09486737e-03, 4.09486737e-03, 5.74024128e-03,
       7.51514199e-03, 1.14146411e-02, 1.35971165e-02, 1.35971165e-02,
       1.35971165e-02, 1.35971165e-02, 1.63347350e-02, 1.63347350e-02,
       1.63347350e-02, 1.95464810e-02, 1.95464810e-02, 1.95464810e-02,
       2.70523718e-02, 2.70523718e-02, 2.70523718e-02, 3.12645063e-02,
       3.99334784e-02, 4.90074473e-02, 4.90074473e-02, 5.38756812e-02,
       5.88129683e-02, 6.39083613e-02, 6.92504570e-02, 6.92504570e-02,
       7.48702156e-02, 8.06378667e-02, 8.65728141e-02, 8.65728141e-02,
       8.65728141e-02, 8.65728141e-02, 9.98256471e-02, 9.98256471e-02,
       1.06766145e-01, 1.27904030e-01, 1.42346796e-01, 1.64435240e-01,
       1.72039606e-01, 2.02758504e-01, 2.18599088e-01, 2.26589615e-01,
       2.34751064e-01, 2.43043068e-01, 2.43043068e-01, 2.43043068e-01,
       2.43043068e-01, 2.43043068e-01, 2.43043068e-01, 2.43043068e-01,
       2.52471367e-01, 2.52471367e-01, 2.62237360e-01, 2.62237360e-01,
       2.62237360e-01, 2.82669624e-01, 3.03526347e-01, 3.03526347e-01,
       3.14213088e-01, 3.25158003e-01, 3.25158003e-01, 3.36358794e-01,
       3.59154195e-01, 3.59154195e-01, 3.59154195e-01, 3.71045371e-01,
       3.71045371e-01, 3.71045371e-01, 4.07892941e-01, 4.07892941e-01,
       4.07892941e-01, 4.07892941e-01, 4.20778644e-01, 4.47107110e-01,
       4.47107110e-01, 4.60519730e-01, 4.74148896e-01, 5.01677901e-01,
       5.01677901e-01, 5.43977205e-01, 5.72430992e-01, 6.15736409e-01,
       6.15736409e-01, 6.45154588e-01, 7.19471249e-01, 7.34500622e-01,
       7.64808975e-01, 7.95518238e-01, 8.41992717e-01, 8.57621144e-01,
       1.00000000e+00]), array([0.        , 0.0014578 , 0.00310159, 0.0055097 , 0.00882321,
       0.00882321, 0.01348098, 0.01914634, 0.01914634, 0.01914634,
       0.02772801, 0.03762951, 0.0476996 , 0.0476996 , 0.0476996 ,
       0.0476996 , 0.0476996 , 0.0476996 , 0.0476996 , 0.06407287,
       0.06407287, 0.08275438, 0.08275438, 0.08275438, 0.08275438,
       0.08275438, 0.10540909, 0.10540909, 0.12981123, 0.12981123,
       0.12981123, 0.15769771, 0.15769771, 0.15769771, 0.15769771,
       0.15769771, 0.15769771, 0.15769771, 0.1913811 , 0.1913811 ,
       0.1913811 , 0.22803978, 0.22803978, 0.22803978, 0.22803978,
       0.22803978, 0.22803978, 0.2697436 , 0.2697436 , 0.2697436 ,
       0.31412022, 0.31412022, 0.31412022, 0.31412022, 0.31412022,
       0.31412022, 0.31412022, 0.31412022, 0.31412022, 0.31412022,
       0.31412022, 0.31412022, 0.31412022, 0.31412022, 0.31412022,
       0.31412022, 0.37345853, 0.37345853, 0.37345853, 0.37345853,
       0.37345853, 0.37345853, 0.37345853, 0.37345853, 0.37345853,
       0.37345853, 0.37345853, 0.37345853, 0.37345853, 0.44453608,
       0.51590426, 0.51590426, 0.51590426, 0.51590426, 0.59110064,
       0.59110064, 0.59110064, 0.6694054 , 0.6694054 , 0.74886636,
       0.82976237, 0.82976237, 0.82976237, 0.91349441, 0.91349441,
       0.91349441, 1.        , 1.        , 1.        , 1.        ,
       1.        ]), array([0.00000000e+00, 3.55876806e-04, 9.56974833e-04, 9.56974833e-04,
       1.47247185e-03, 2.61248706e-03, 3.38402022e-03, 3.38402022e-03,
       3.38402022e-03, 3.38402022e-03, 5.82271836e-03, 5.82271836e-03,
       5.82271836e-03, 7.52670265e-03, 9.33768853e-03, 9.33768853e-03,
       9.33768853e-03, 9.33768853e-03, 1.40813235e-02, 1.40813235e-02,
       1.66465601e-02, 2.21565057e-02, 2.21565057e-02, 2.81346947e-02,
       3.13041839e-02, 3.13041839e-02, 3.13041839e-02, 3.48323814e-02,
       3.48323814e-02, 3.86448353e-02, 3.86448353e-02, 3.86448353e-02,
       4.29345251e-02, 4.29345251e-02, 4.29345251e-02, 4.29345251e-02,
       4.76612694e-02, 4.76612694e-02, 5.26451267e-02, 6.30411488e-02,
       6.30411488e-02, 6.30411488e-02, 6.30411488e-02, 6.30411488e-02,
       6.30411488e-02, 6.30411488e-02, 7.51394227e-02, 8.13429030e-02,
       8.77085750e-02, 1.07357172e-01, 1.14005354e-01, 1.20814708e-01,
       1.27731966e-01, 1.41736391e-01, 1.41736391e-01, 1.49005690e-01,
       1.56453150e-01, 1.56453150e-01, 1.56453150e-01, 1.56453150e-01,
       1.72504785e-01, 1.80637395e-01, 1.80637395e-01, 1.97488112e-01,
       1.97488112e-01, 2.14849664e-01, 2.14849664e-01, 2.23799087e-01,
       2.23799087e-01, 2.32980579e-01, 2.42348983e-01, 2.42348983e-01,
       2.42348983e-01, 2.52036989e-01, 2.61841960e-01, 2.61841960e-01,
       2.61841960e-01, 2.61841960e-01, 2.61841960e-01, 2.82918516e-01,
       2.82918516e-01, 2.93683763e-01, 2.93683763e-01, 3.15854705e-01,
       3.38255565e-01, 3.38255565e-01, 3.38255565e-01, 3.38255565e-01,
       3.61840014e-01, 3.73762113e-01, 4.09821915e-01, 4.46252517e-01,
       4.70748504e-01, 4.83140626e-01, 4.95714043e-01, 5.21082215e-01,
       5.46674089e-01, 5.59685415e-01, 5.85783487e-01, 6.52014503e-01,
       1.00000000e+00]), array([0.00000000e+00, 9.24327200e-05, 1.05673276e-03, 2.09897327e-03,
       2.64199237e-03, 3.26742222e-03, 4.02613158e-03, 5.78385541e-03,
       6.92321568e-03, 6.92321568e-03, 8.28757904e-03, 9.73280237e-03,
       9.73280237e-03, 9.73280237e-03, 9.73280237e-03, 9.73280237e-03,
       1.41648714e-02, 1.41648714e-02, 1.41648714e-02, 1.68546383e-02,
       1.96904153e-02, 2.26503315e-02, 2.56922321e-02, 2.56922321e-02,
       2.91403142e-02, 3.26834303e-02, 3.99968826e-02, 3.99968826e-02,
       3.99968826e-02, 4.40908990e-02, 4.40908990e-02, 5.73290697e-02,
       5.73290697e-02, 6.66939935e-02, 7.14390796e-02, 7.14390796e-02,
       7.65955966e-02, 8.70527458e-02, 9.24440650e-02, 9.24440650e-02,
       9.81840556e-02, 1.09719599e-01, 1.21601663e-01, 1.27662677e-01,
       1.27662677e-01, 1.27662677e-01, 1.27662677e-01, 1.34350575e-01,
       1.47919615e-01, 1.47919615e-01, 1.62242877e-01, 1.62242877e-01,
       1.69690021e-01, 1.69690021e-01, 1.77426718e-01, 1.77426718e-01,
       1.93345687e-01, 1.93345687e-01, 1.93345687e-01, 2.01768732e-01,
       2.01768732e-01, 2.10475847e-01, 2.10475847e-01, 2.10475847e-01,
       2.10475847e-01, 2.10475847e-01, 2.10475847e-01, 2.10475847e-01,
       2.10475847e-01, 2.10475847e-01, 2.10475847e-01, 2.20586591e-01,
       2.30893113e-01, 2.30893113e-01, 2.30893113e-01, 2.30893113e-01,
       2.52565646e-01, 2.63568685e-01, 2.63568685e-01, 2.63568685e-01,
       2.86467394e-01, 2.98018241e-01, 3.09777554e-01, 3.21694752e-01,
       3.21694752e-01, 3.33893636e-01, 3.33893636e-01, 3.58742290e-01,
       3.71264078e-01, 3.96834227e-01, 3.96834227e-01, 4.35878822e-01,
       4.75420207e-01, 5.15291582e-01, 5.15291582e-01, 5.28817754e-01,
       5.42493246e-01, 5.70214749e-01, 5.84163509e-01, 6.26815274e-01,
       1.00000000e+00])]",-0.1484505306018508,0.2125376713474843,0.1179329154441436,0.1316240259313393,"[{'lambda_reg': 0.016553160953556908, 'K_bin': 468, 'gamma': 0.10929522468886893}, {'lambda_reg': 0.014378178725960464, 'K_bin': 73, 'gamma': 0.10627296812280085}, {'lambda_reg': 0.00012728239824660634, 'K_bin': 574, 'gamma': 0.22227202206283656}, {'lambda_reg': 0.0011413198572330398, 'K_bin': 23, 'gamma': 0.10620365461994705}, {'lambda_reg': 0.002263566561753634, 'K_bin': 141, 'gamma': 0.3873065642110681}]",600,2,rbf,71
"[np.float64(0.12096982182713494), np.float64(0.09475695939074424), np.float64(0.1994672483721028), np.float64(0.08180191840400121), np.float64(0.23236649465264425)]",0.1458724885293255,0.0594837615859106,"[np.float64(0.81463928270637), np.float64(0.8210137689016457), np.float64(0.7956353630444646), np.float64(0.8378332277145963), np.float64(0.8222461944997927)]",0.8182735673733739,0.0136496674219071,"[np.float64(0.9882987008567519), np.float64(0.9951999998698229), np.float64(0.9903010975327156), np.float64(0.9887264200271433), np.float64(0.9790434301075668)]",0.9883139296788002,0.005243650279339,"[array([0.017893  , 0.876577  , 0.91184626, 0.91184626, 0.92911388,
       0.92911388, 0.92911388, 0.92911388, 0.94569723, 0.94569723,
       0.94569723, 0.94569723, 0.94569723, 0.94569723, 0.96123955,
       0.96123955, 0.96123955, 0.96123955, 0.96123955, 0.97575649,
       0.97575649, 0.97575649, 0.97575649, 0.97575649, 0.97575649,
       0.97575649, 0.97575649, 0.97575649, 0.97575649, 0.97575649,
       0.97575649, 0.97575649, 0.97575649, 0.97575649, 0.97575649,
       0.97575649, 0.97575649, 0.97575649, 0.97575649, 0.97575649,
       0.97575649, 0.97575649, 0.97575649, 0.97575649, 0.97575649,
       0.97575649, 0.97575649, 0.9853471 , 0.9853471 , 0.9853471 ,
       0.9853471 , 0.9853471 , 0.9853471 , 0.9853471 , 0.9853471 ,
       0.9853471 , 0.9853471 , 0.9853471 , 0.9853471 , 0.9853471 ,
       0.9853471 , 0.9853471 , 0.99231308, 0.99231308, 0.99231308,
       0.99231308, 0.99231308, 0.99231308, 0.99812783, 0.99812783,
       0.99812783, 0.99812783, 0.99812783, 0.99812783, 0.99812783,
       0.99812783, 0.99812783, 0.99812783, 0.99812783, 0.99812783,
       0.99812783, 0.99812783, 0.99812783, 0.99812783, 0.99812783,
       0.99812783, 0.99812783, 0.99812783, 0.99812783, 0.99812783,
       0.99812783, 0.99982794, 0.99982794, 0.99982794, 0.99982794,
       0.99982794, 0.99982794, 0.99982794, 0.99982794, 0.99982794,
       1.        ]), array([0.07898905, 0.88840106, 0.90794153, 0.92709841, 0.92709841,
       0.92709841, 0.92709841, 0.92709841, 0.92709841, 0.92709841,
       0.92709841, 0.92709841, 0.92709841, 0.92709841, 0.92709841,
       0.94404538, 0.96077594, 0.96077594, 0.96077594, 0.96077594,
       0.96077594, 0.96077594, 0.96077594, 0.97599128, 0.97599128,
       0.97599128, 0.97599128, 0.99054678, 0.99054678, 0.99054678,
       0.99054678, 0.99054678, 0.99054678, 0.99054678, 0.99054678,
       0.99054678, 0.99054678, 0.99054678, 0.99054678, 0.99054678,
       0.99054678, 0.99054678, 0.99054678, 0.99054678, 0.99054678,
       0.99054678, 0.99054678, 0.99054678, 0.99054678, 0.99054678,
       0.99054678, 0.99054678, 0.99054678, 0.99054678, 0.99054678,
       0.99054678, 0.99054678, 0.99054678, 0.99054678, 0.99054678,
       0.99054678, 0.99054678, 0.99054678, 0.99054678, 0.99054678,
       0.99054678, 0.99054678, 0.99054678, 0.99054678, 0.99679799,
       0.99679799, 0.99679799, 0.99679799, 0.99679799, 0.99679799,
       0.99679799, 0.99679799, 0.99679799, 0.99679799, 0.99679799,
       0.99679799, 0.99679799, 0.99679799, 0.99679799, 0.99679799,
       0.99679799, 0.99679799, 0.99679799, 0.99925223, 0.99925223,
       0.99925223, 0.99925223, 0.99925223, 0.99925223, 0.99925223,
       0.99925223, 0.99925223, 0.99925223, 0.99970922, 0.99970922,
       1.        ]), array([0.09321023, 0.89464898, 0.89464898, 0.89464898, 0.89464898,
       0.89464898, 0.91221486, 0.92961429, 0.92961429, 0.92961429,
       0.94645603, 0.94645603, 0.94645603, 0.94645603, 0.94645603,
       0.94645603, 0.94645603, 0.94645603, 0.94645603, 0.94645603,
       0.94645603, 0.94645603, 0.94645603, 0.94645603, 0.94645603,
       0.96049323, 0.96049323, 0.96049323, 0.97408107, 0.97408107,
       0.97408107, 0.97408107, 0.97408107, 0.98667905, 0.98667905,
       0.98667905, 0.98667905, 0.98667905, 0.98667905, 0.98667905,
       0.98667905, 0.98667905, 0.98667905, 0.98667905, 0.98667905,
       0.98667905, 0.98667905, 0.98667905, 0.98667905, 0.98667905,
       0.98667905, 0.98667905, 0.98667905, 0.98667905, 0.98667905,
       0.98667905, 0.98667905, 0.98667905, 0.98667905, 0.98667905,
       0.99419846, 0.99419846, 0.99419846, 0.99419846, 0.99419846,
       0.99419846, 0.99419846, 0.99419846, 0.99419846, 0.99419846,
       0.99419846, 0.99419846, 0.99419846, 0.99419846, 0.99419846,
       0.99419846, 0.99419846, 0.99419846, 0.99419846, 0.99419846,
       0.99419846, 0.99419846, 0.99419846, 0.99419846, 0.99419846,
       0.99419846, 0.99419846, 0.99419846, 0.99647834, 0.99647834,
       0.99647834, 0.99647834, 0.99965737, 0.99965737, 0.99965737,
       0.99965737, 0.99965737, 0.99965737, 0.99965737, 0.99998219,
       1.        ]), array([0.07893509, 0.80908192, 0.8285492 , 0.84787738, 0.86684292,
       0.88561835, 0.88561835, 0.90410822, 0.90410822, 0.90410822,
       0.92193577, 0.92193577, 0.92193577, 0.92193577, 0.9390813 ,
       0.9390813 , 0.9390813 , 0.9390813 , 0.9390813 , 0.9390813 ,
       0.9390813 , 0.9390813 , 0.9390813 , 0.9390813 , 0.9390813 ,
       0.9390813 , 0.95373825, 0.95373825, 0.95373825, 0.95373825,
       0.95373825, 0.95373825, 0.96718408, 0.96718408, 0.96718408,
       0.96718408, 0.96718408, 0.96718408, 0.96718408, 0.96718408,
       0.96718408, 0.96718408, 0.96718408, 0.96718408, 0.96718408,
       0.96718408, 0.9779961 , 0.9779961 , 0.9779961 , 0.9779961 ,
       0.9779961 , 0.9779961 , 0.9779961 , 0.9779961 , 0.9779961 ,
       0.98700192, 0.98700192, 0.98700192, 0.98700192, 0.98700192,
       0.98700192, 0.98700192, 0.98700192, 0.98700192, 0.98700192,
       0.98700192, 0.98700192, 0.98700192, 0.98700192, 0.98700192,
       0.98700192, 0.98700192, 0.98700192, 0.98700192, 0.9922979 ,
       0.9922979 , 0.9971217 , 0.9971217 , 0.9971217 , 0.9971217 ,
       0.9971217 , 0.9971217 , 0.9971217 , 0.9971217 , 0.9971217 ,
       0.9971217 , 0.9971217 , 0.9971217 , 0.9971217 , 0.9971217 ,
       0.9971217 , 0.9971217 , 0.99885805, 0.99885805, 0.99885805,
       0.99885805, 0.99885805, 0.99885805, 0.99934522, 0.9998196 ,
       1.        ]), array([0.07514164, 0.9014474 , 0.91993748, 0.91993748, 0.91993748,
       0.91993748, 0.91993748, 0.91993748, 0.91993748, 0.91993748,
       0.91993748, 0.91993748, 0.91993748, 0.91993748, 0.91993748,
       0.91993748, 0.91993748, 0.91993748, 0.91993748, 0.91993748,
       0.91993748, 0.91993748, 0.91993748, 0.91993748, 0.91993748,
       0.91993748, 0.91993748, 0.91993748, 0.91993748, 0.93332678,
       0.93332678, 0.93332678, 0.93332678, 0.93332678, 0.93332678,
       0.94567979, 0.94567979, 0.94567979, 0.94567979, 0.94567979,
       0.94567979, 0.94567979, 0.94567979, 0.94567979, 0.94567979,
       0.94567979, 0.94567979, 0.95580143, 0.95580143, 0.95580143,
       0.95580143, 0.96509802, 0.96509802, 0.97393372, 0.97393372,
       0.97393372, 0.97393372, 0.97393372, 0.97393372, 0.97393372,
       0.97393372, 0.97393372, 0.98124027, 0.98833442, 0.98833442,
       0.98833442, 0.98833442, 0.98833442, 0.98833442, 0.99420409,
       0.99420409, 0.99420409, 0.99420409, 0.99420409, 0.99420409,
       0.99420409, 0.99881226, 0.99881226, 0.99881226, 0.99881226,
       0.99881226, 0.99881226, 0.99881226, 0.99881226, 0.99881226,
       0.99881226, 0.99881226, 0.99881226, 0.99881226, 0.99881226,
       0.99881226, 0.99881226, 0.99881226, 0.99881226, 0.99881226,
       0.99881226, 0.99881226, 0.99944856, 1.        , 1.        ,
       1.        ])]","[array([0.        , 0.00244765, 0.00947044, 0.00947044, 0.01796989,
       0.01796989, 0.01796989, 0.01796989, 0.03576886, 0.03576886,
       0.03576886, 0.03576886, 0.03576886, 0.03576886, 0.06771609,
       0.06771609, 0.06771609, 0.06771609, 0.06771609, 0.11359885,
       0.11359885, 0.11359885, 0.11359885, 0.11359885, 0.11359885,
       0.11359885, 0.11359885, 0.11359885, 0.11359885, 0.11359885,
       0.11359885, 0.11359885, 0.11359885, 0.11359885, 0.11359885,
       0.11359885, 0.11359885, 0.11359885, 0.11359885, 0.11359885,
       0.11359885, 0.11359885, 0.11359885, 0.11359885, 0.11359885,
       0.11359885, 0.11359885, 0.22643354, 0.22643354, 0.22643354,
       0.22643354, 0.22643354, 0.22643354, 0.22643354, 0.22643354,
       0.22643354, 0.22643354, 0.22643354, 0.22643354, 0.22643354,
       0.22643354, 0.22643354, 0.37493867, 0.37493867, 0.37493867,
       0.37493867, 0.37493867, 0.37493867, 0.53908976, 0.53908976,
       0.53908976, 0.53908976, 0.53908976, 0.53908976, 0.53908976,
       0.53908976, 0.53908976, 0.53908976, 0.53908976, 0.53908976,
       0.53908976, 0.53908976, 0.53908976, 0.53908976, 0.53908976,
       0.53908976, 0.53908976, 0.53908976, 0.53908976, 0.53908976,
       0.53908976, 0.75916129, 0.75916129, 0.75916129, 0.75916129,
       0.75916129, 0.75916129, 0.75916129, 0.75916129, 0.75916129,
       1.        ]), array([0.        , 0.00122163, 0.00234042, 0.00553455, 0.00553455,
       0.00553455, 0.00553455, 0.00553455, 0.00553455, 0.00553455,
       0.00553455, 0.00553455, 0.00553455, 0.00553455, 0.00553455,
       0.02068468, 0.03700572, 0.03700572, 0.03700572, 0.03700572,
       0.03700572, 0.03700572, 0.03700572, 0.06152436, 0.06152436,
       0.06152436, 0.06152436, 0.08961284, 0.08961284, 0.08961284,
       0.08961284, 0.08961284, 0.08961284, 0.08961284, 0.08961284,
       0.08961284, 0.08961284, 0.08961284, 0.08961284, 0.08961284,
       0.08961284, 0.08961284, 0.08961284, 0.08961284, 0.08961284,
       0.08961284, 0.08961284, 0.08961284, 0.08961284, 0.08961284,
       0.08961284, 0.08961284, 0.08961284, 0.08961284, 0.08961284,
       0.08961284, 0.08961284, 0.08961284, 0.08961284, 0.08961284,
       0.08961284, 0.08961284, 0.08961284, 0.08961284, 0.08961284,
       0.08961284, 0.08961284, 0.08961284, 0.08961284, 0.16262931,
       0.16262931, 0.16262931, 0.16262931, 0.16262931, 0.16262931,
       0.16262931, 0.16262931, 0.16262931, 0.16262931, 0.16262931,
       0.16262931, 0.16262931, 0.16262931, 0.16262931, 0.16262931,
       0.16262931, 0.16262931, 0.16262931, 0.25618813, 0.25618813,
       0.25618813, 0.25618813, 0.25618813, 0.25618813, 0.25618813,
       0.25618813, 0.25618813, 0.25618813, 0.36055247, 0.36055247,
       1.        ]), array([0.        , 0.00142782, 0.00142782, 0.00142782, 0.00142782,
       0.00142782, 0.0105076 , 0.02099179, 0.02099179, 0.02099179,
       0.0361814 , 0.0361814 , 0.0361814 , 0.0361814 , 0.0361814 ,
       0.0361814 , 0.0361814 , 0.0361814 , 0.0361814 , 0.0361814 ,
       0.0361814 , 0.0361814 , 0.0361814 , 0.0361814 , 0.0361814 ,
       0.07503334, 0.07503334, 0.07503334, 0.11767673, 0.11767673,
       0.11767673, 0.11767673, 0.11767673, 0.16867172, 0.16867172,
       0.16867172, 0.16867172, 0.16867172, 0.16867172, 0.16867172,
       0.16867172, 0.16867172, 0.16867172, 0.16867172, 0.16867172,
       0.16867172, 0.16867172, 0.16867172, 0.16867172, 0.16867172,
       0.16867172, 0.16867172, 0.16867172, 0.16867172, 0.16867172,
       0.16867172, 0.16867172, 0.16867172, 0.16867172, 0.16867172,
       0.26251558, 0.26251558, 0.26251558, 0.26251558, 0.26251558,
       0.26251558, 0.26251558, 0.26251558, 0.26251558, 0.26251558,
       0.26251558, 0.26251558, 0.26251558, 0.26251558, 0.26251558,
       0.26251558, 0.26251558, 0.26251558, 0.26251558, 0.26251558,
       0.26251558, 0.26251558, 0.26251558, 0.26251558, 0.26251558,
       0.26251558, 0.26251558, 0.26251558, 0.4005664 , 0.4005664 ,
       0.4005664 , 0.4005664 , 0.6883176 , 0.6883176 , 0.6883176 ,
       0.6883176 , 0.6883176 , 0.6883176 , 0.6883176 , 0.84286365,
       1.        ]), array([0.00000000e+00, 1.48009915e-05, 1.46293977e-03, 3.66692782e-03,
       7.84149598e-03, 1.30491354e-02, 1.30491354e-02, 1.98084787e-02,
       1.98084787e-02, 1.98084787e-02, 3.01668962e-02, 3.01668962e-02,
       3.01668962e-02, 3.01668962e-02, 4.42314203e-02, 4.42314203e-02,
       4.42314203e-02, 4.42314203e-02, 4.42314203e-02, 4.42314203e-02,
       4.42314203e-02, 4.42314203e-02, 4.42314203e-02, 4.42314203e-02,
       4.42314203e-02, 4.42314203e-02, 7.18189307e-02, 7.18189307e-02,
       7.18189307e-02, 7.18189307e-02, 7.18189307e-02, 7.18189307e-02,
       1.05987616e-01, 1.05987616e-01, 1.05987616e-01, 1.05987616e-01,
       1.05987616e-01, 1.05987616e-01, 1.05987616e-01, 1.05987616e-01,
       1.05987616e-01, 1.05987616e-01, 1.05987616e-01, 1.05987616e-01,
       1.05987616e-01, 1.05987616e-01, 1.54468458e-01, 1.54468458e-01,
       1.54468458e-01, 1.54468458e-01, 1.54468458e-01, 1.54468458e-01,
       1.54468458e-01, 1.54468458e-01, 1.54468458e-01, 2.12764229e-01,
       2.12764229e-01, 2.12764229e-01, 2.12764229e-01, 2.12764229e-01,
       2.12764229e-01, 2.12764229e-01, 2.12764229e-01, 2.12764229e-01,
       2.12764229e-01, 2.12764229e-01, 2.12764229e-01, 2.12764229e-01,
       2.12764229e-01, 2.12764229e-01, 2.12764229e-01, 2.12764229e-01,
       2.12764229e-01, 2.12764229e-01, 2.91219262e-01, 2.91219262e-01,
       3.72240112e-01, 3.72240112e-01, 3.72240112e-01, 3.72240112e-01,
       3.72240112e-01, 3.72240112e-01, 3.72240112e-01, 3.72240112e-01,
       3.72240112e-01, 3.72240112e-01, 3.72240112e-01, 3.72240112e-01,
       3.72240112e-01, 3.72240112e-01, 3.72240112e-01, 3.72240112e-01,
       4.70038233e-01, 4.70038233e-01, 4.70038233e-01, 4.70038233e-01,
       4.70038233e-01, 4.70038233e-01, 5.74624359e-01, 7.86513437e-01,
       1.00000000e+00]), array([0.        , 0.00198471, 0.00430787, 0.00430787, 0.00430787,
       0.00430787, 0.00430787, 0.00430787, 0.00430787, 0.00430787,
       0.00430787, 0.00430787, 0.00430787, 0.00430787, 0.00430787,
       0.00430787, 0.00430787, 0.00430787, 0.00430787, 0.00430787,
       0.00430787, 0.00430787, 0.00430787, 0.00430787, 0.00430787,
       0.00430787, 0.00430787, 0.00430787, 0.00430787, 0.04675527,
       0.04675527, 0.04675527, 0.04675527, 0.04675527, 0.04675527,
       0.09735444, 0.09735444, 0.09735444, 0.09735444, 0.09735444,
       0.09735444, 0.09735444, 0.09735444, 0.09735444, 0.09735444,
       0.09735444, 0.09735444, 0.1655062 , 0.1655062 , 0.1655062 ,
       0.1655062 , 0.24014805, 0.24014805, 0.31841543, 0.31841543,
       0.31841543, 0.31841543, 0.31841543, 0.31841543, 0.31841543,
       0.31841543, 0.31841543, 0.40871155, 0.50067849, 0.50067849,
       0.50067849, 0.50067849, 0.50067849, 0.50067849, 0.60227756,
       0.60227756, 0.60227756, 0.60227756, 0.60227756, 0.60227756,
       0.60227756, 0.71379989, 0.71379989, 0.71379989, 0.71379989,
       0.71379989, 0.71379989, 0.71379989, 0.71379989, 0.71379989,
       0.71379989, 0.71379989, 0.71379989, 0.71379989, 0.71379989,
       0.71379989, 0.71379989, 0.71379989, 0.71379989, 0.71379989,
       0.71379989, 0.71379989, 0.85656616, 1.        , 1.        ,
       1.        ])]",-0.4263000841333357,0.0318960211913021,0.3007563889097346,0.0380967642406614,"[{'lambda_reg': 0.0001421484560125228, 'K_bin': 375, 'gamma': 0.25405709039401814, 'coef0': -0.16382478255625532}, {'lambda_reg': 0.016091250305775944, 'K_bin': 615, 'gamma': 0.3366576280879977, 'coef0': -1.857587303537156}, {'lambda_reg': 5.014641443005371e-05, 'K_bin': 731, 'gamma': 0.3743824924100825, 'coef0': -2.833892298105556}, {'lambda_reg': 0.0001398636118469553, 'K_bin': 403, 'gamma': 0.14419644728971176, 'coef0': 1.0924752081652649}, {'lambda_reg': 0.00048059821542207275, 'K_bin': 400, 'gamma': 0.136569524292435, 'coef0': -0.8287344660015314}]",300,2,sigmoid,54
"[np.float64(0.1356588119604924), np.float64(0.08639297254534924), np.float64(0.19237540018167648), np.float64(0.07936618805614126), np.float64(0.23970509028040238)]",0.1466996926048123,0.0616909663143321,"[np.float64(0.8108134628202639), np.float64(0.851130028294011), np.float64(0.8267784598156869), np.float64(0.8588386335847789), np.float64(0.8249939329082825)]",0.8345109034846047,0.0177761968336372,"[np.float64(0.9907032561971874), np.float64(0.9927170917422985), np.float64(0.9832198005217978), np.float64(0.8965699013226813), np.float64(0.9861258566864125)]",0.9698671812940756,0.0368005126100677,"[array([0.03817383, 0.8967328 , 0.8967328 , 0.8967328 , 0.9152367 ,
       0.9152367 , 0.93334146, 0.93334146, 0.93334146, 0.93334146,
       0.95059078, 0.95059078, 0.95059078, 0.95059078, 0.95059078,
       0.95059078, 0.95059078, 0.95059078, 0.95059078, 0.95059078,
       0.95059078, 0.95059078, 0.95059078, 0.95059078, 0.95059078,
       0.95059078, 0.95059078, 0.95059078, 0.95059078, 0.95059078,
       0.95059078, 0.96386563, 0.96386563, 0.96386563, 0.96386563,
       0.96386563, 0.96386563, 0.96386563, 0.96386563, 0.96386563,
       0.97547376, 0.97547376, 0.97547376, 0.97547376, 0.97547376,
       0.97547376, 0.97547376, 0.97547376, 0.97547376, 0.97547376,
       0.97547376, 0.97547376, 0.98481032, 0.98481032, 0.98481032,
       0.98481032, 0.98481032, 0.98481032, 0.98481032, 0.98481032,
       0.98481032, 0.98481032, 0.98481032, 0.99189105, 0.99189105,
       0.99189105, 0.99189105, 0.99189105, 0.99189105, 0.99189105,
       0.99189105, 0.99189105, 0.99189105, 0.99189105, 0.99189105,
       0.99189105, 0.99189105, 0.99644398, 0.99644398, 0.99644398,
       0.99644398, 0.99644398, 0.99644398, 0.99976273, 0.99976273,
       0.99976273, 0.99976273, 0.99976273, 0.99976273, 0.99976273,
       0.99976273, 0.99976273, 0.99976273, 0.99976273, 0.99976273,
       0.99976273, 0.99976273, 0.99976273, 0.99976273, 0.99997836,
       1.        ]), array([0.0597045 , 0.85572773, 0.87526406, 0.89457866, 0.89457866,
       0.89457866, 0.91333708, 0.91333708, 0.91333708, 0.91333708,
       0.91333708, 0.91333708, 0.93088216, 0.94830457, 0.94830457,
       0.94830457, 0.94830457, 0.94830457, 0.94830457, 0.94830457,
       0.94830457, 0.94830457, 0.94830457, 0.94830457, 0.94830457,
       0.94830457, 0.94830457, 0.9630116 , 0.9630116 , 0.97722598,
       0.97722598, 0.97722598, 0.97722598, 0.97722598, 0.97722598,
       0.97722598, 0.97722598, 0.97722598, 0.97722598, 0.97722598,
       0.97722598, 0.97722598, 0.97722598, 0.97722598, 0.97722598,
       0.97722598, 0.97722598, 0.97722598, 0.97722598, 0.97722598,
       0.98718361, 0.98718361, 0.98718361, 0.98718361, 0.98718361,
       0.98718361, 0.98718361, 0.98718361, 0.98718361, 0.98718361,
       0.98718361, 0.98718361, 0.98718361, 0.98718361, 0.98718361,
       0.98718361, 0.98718361, 0.98718361, 0.98718361, 0.98718361,
       0.98718361, 0.98718361, 0.99291091, 0.99291091, 0.99291091,
       0.99807334, 0.99807334, 0.99807334, 0.99807334, 0.99807334,
       0.99807334, 0.99807334, 0.99807334, 0.99807334, 0.99807334,
       0.99807334, 0.99807334, 0.99807334, 0.99807334, 0.99807334,
       0.99807334, 0.99807334, 0.99807334, 0.99807334, 0.99807334,
       0.99922053, 0.99922053, 0.99922053, 0.9997274 , 0.9997274 ,
       1.        ]), array([0.        , 0.82667451, 0.82667451, 0.86415279, 0.86415279,
       0.86415279, 0.86415279, 0.88214413, 0.89998678, 0.89998678,
       0.89998678, 0.89998678, 0.89998678, 0.89998678, 0.91659637,
       0.91659637, 0.93281757, 0.93281757, 0.93281757, 0.93281757,
       0.93281757, 0.93281757, 0.93281757, 0.93281757, 0.93281757,
       0.93281757, 0.93281757, 0.93281757, 0.93281757, 0.93281757,
       0.93281757, 0.93281757, 0.959032  , 0.959032  , 0.959032  ,
       0.9717111 , 0.9717111 , 0.9717111 , 0.9717111 , 0.9717111 ,
       0.9717111 , 0.9717111 , 0.9717111 , 0.9717111 , 0.9717111 ,
       0.9717111 , 0.9717111 , 0.9717111 , 0.9717111 , 0.9717111 ,
       0.9717111 , 0.9717111 , 0.9717111 , 0.9717111 , 0.98062881,
       0.98062881, 0.98062881, 0.98062881, 0.98062881, 0.98062881,
       0.98062881, 0.98062881, 0.98062881, 0.98062881, 0.98062881,
       0.98062881, 0.98721419, 0.98721419, 0.98721419, 0.98721419,
       0.98721419, 0.98721419, 0.98721419, 0.98721419, 0.98721419,
       0.9920648 , 0.9920648 , 0.9920648 , 0.9920648 , 0.9920648 ,
       0.9920648 , 0.99589664, 0.99589664, 0.99589664, 0.99589664,
       0.99881652, 0.99881652, 0.99881652, 0.99881652, 0.99881652,
       0.99881652, 0.99881652, 0.99881652, 0.99881652, 0.99881652,
       0.99881652, 0.99881652, 0.99942085, 0.99996863, 0.99996863,
       1.        ]), array([0.        , 0.22132158, 0.29408566, 0.36627391, 0.36627391,
       0.36627391, 0.36627391, 0.40089121, 0.40089121, 0.40089121,
       0.40089121, 0.40089121, 0.40089121, 0.40089121, 0.40089121,
       0.40089121, 0.40089121, 0.40089121, 0.40089121, 0.46117484,
       0.46117484, 0.46117484, 0.46117484, 0.46117484, 0.46117484,
       0.46117484, 0.46117484, 0.46117484, 0.46117484, 0.46117484,
       0.48731293, 0.53872719, 0.53872719, 0.53872719, 0.56341657,
       0.56341657, 0.56341657, 0.56341657, 0.56341657, 0.56341657,
       0.58566725, 0.62988518, 0.65165162, 0.65165162, 0.67238752,
       0.67238752, 0.73303095, 0.75298358, 0.77251296, 0.77251296,
       0.77251296, 0.77251296, 0.79045337, 0.82542047, 0.82542047,
       0.84230391, 0.84230391, 0.84230391, 0.858057  , 0.90441088,
       0.90441088, 0.91916576, 0.91916576, 0.91916576, 0.93266499,
       0.93266499, 0.93266499, 0.93266499, 0.93266499, 0.93266499,
       0.93266499, 0.93266499, 0.94327615, 0.94327615, 0.94327615,
       0.94327615, 0.94327615, 0.9518827 , 0.96028082, 0.96809179,
       0.96809179, 0.96809179, 0.96809179, 0.96809179, 0.96809179,
       0.96809179, 0.96809179, 0.973193  , 0.97796838, 0.98649151,
       0.98649151, 0.98649151, 0.98953674, 0.9924511 , 0.9949216 ,
       0.9949216 , 0.99653462, 0.99773187, 0.99773187, 0.99969837,
       1.        ]), array([0.        , 0.76143564, 0.80432077, 0.82559901, 0.82559901,
       0.82559901, 0.82559901, 0.82559901, 0.84572832, 0.86570501,
       0.86570501, 0.86570501, 0.86570501, 0.86570501, 0.86570501,
       0.88433015, 0.90271609, 0.90271609, 0.90271609, 0.90271609,
       0.90271609, 0.90271609, 0.90271609, 0.90271609, 0.91932612,
       0.935756  , 0.95187383, 0.95187383, 0.95187383, 0.95187383,
       0.95187383, 0.95187383, 0.95187383, 0.95187383, 0.95187383,
       0.95187383, 0.95187383, 0.95187383, 0.95187383, 0.95187383,
       0.96501716, 0.96501716, 0.96501716, 0.96501716, 0.96501716,
       0.96501716, 0.96501716, 0.96501716, 0.97636171, 0.97636171,
       0.97636171, 0.97636171, 0.97636171, 0.98665306, 0.98665306,
       0.98665306, 0.98665306, 0.98665306, 0.98665306, 0.98665306,
       0.98665306, 0.98665306, 0.98665306, 0.98665306, 0.98665306,
       0.99438637, 0.99438637, 0.99438637, 0.99438637, 0.99438637,
       0.99438637, 0.99438637, 0.99438637, 0.99438637, 0.99438637,
       0.99438637, 0.99438637, 0.99438637, 0.99438637, 0.99438637,
       0.99438637, 0.99438637, 0.99438637, 0.99438637, 0.99438637,
       0.99438637, 0.99438637, 0.99438637, 0.99438637, 0.99438637,
       0.99438637, 0.99438637, 0.99438637, 0.99438637, 0.99438637,
       0.99684591, 0.99684591, 0.99911355, 0.99911355, 0.9997502 ,
       1.        ])]","[array([0.        , 0.00242534, 0.00242534, 0.00242534, 0.00644019,
       0.00644019, 0.01320366, 0.01320366, 0.01320366, 0.01320366,
       0.02585792, 0.02585792, 0.02585792, 0.02585792, 0.02585792,
       0.02585792, 0.02585792, 0.02585792, 0.02585792, 0.02585792,
       0.02585792, 0.02585792, 0.02585792, 0.02585792, 0.02585792,
       0.02585792, 0.02585792, 0.02585792, 0.02585792, 0.02585792,
       0.02585792, 0.06588184, 0.06588184, 0.06588184, 0.06588184,
       0.06588184, 0.06588184, 0.06588184, 0.06588184, 0.06588184,
       0.11738333, 0.11738333, 0.11738333, 0.11738333, 0.11738333,
       0.11738333, 0.11738333, 0.11738333, 0.11738333, 0.11738333,
       0.11738333, 0.11738333, 0.18452768, 0.18452768, 0.18452768,
       0.18452768, 0.18452768, 0.18452768, 0.18452768, 0.18452768,
       0.18452768, 0.18452768, 0.18452768, 0.26720642, 0.26720642,
       0.26720642, 0.26720642, 0.26720642, 0.26720642, 0.26720642,
       0.26720642, 0.26720642, 0.26720642, 0.26720642, 0.26720642,
       0.26720642, 0.26720642, 0.36729243, 0.36729243, 0.36729243,
       0.36729243, 0.36729243, 0.36729243, 0.47587748, 0.47587748,
       0.47587748, 0.47587748, 0.47587748, 0.47587748, 0.47587748,
       0.47587748, 0.47587748, 0.47587748, 0.47587748, 0.47587748,
       0.47587748, 0.47587748, 0.47587748, 0.47587748, 0.60583168,
       1.        ]), array([0.00000000e+00, 1.89651123e-04, 2.07113403e-03, 5.09499206e-03,
       5.09499206e-03, 5.09499206e-03, 1.09844251e-02, 1.09844251e-02,
       1.09844251e-02, 1.09844251e-02, 1.09844251e-02, 1.09844251e-02,
       2.31252746e-02, 3.58981621e-02, 3.58981621e-02, 3.58981621e-02,
       3.58981621e-02, 3.58981621e-02, 3.58981621e-02, 3.58981621e-02,
       3.58981621e-02, 3.58981621e-02, 3.58981621e-02, 3.58981621e-02,
       3.58981621e-02, 3.58981621e-02, 3.58981621e-02, 6.26613521e-02,
       6.26613521e-02, 9.19628292e-02, 9.19628292e-02, 9.19628292e-02,
       9.19628292e-02, 9.19628292e-02, 9.19628292e-02, 9.19628292e-02,
       9.19628292e-02, 9.19628292e-02, 9.19628292e-02, 9.19628292e-02,
       9.19628292e-02, 9.19628292e-02, 9.19628292e-02, 9.19628292e-02,
       9.19628292e-02, 9.19628292e-02, 9.19628292e-02, 9.19628292e-02,
       9.19628292e-02, 9.19628292e-02, 1.43196100e-01, 1.43196100e-01,
       1.43196100e-01, 1.43196100e-01, 1.43196100e-01, 1.43196100e-01,
       1.43196100e-01, 1.43196100e-01, 1.43196100e-01, 1.43196100e-01,
       1.43196100e-01, 1.43196100e-01, 1.43196100e-01, 1.43196100e-01,
       1.43196100e-01, 1.43196100e-01, 1.43196100e-01, 1.43196100e-01,
       1.43196100e-01, 1.43196100e-01, 1.43196100e-01, 1.43196100e-01,
       2.16225090e-01, 2.16225090e-01, 2.16225090e-01, 2.92164446e-01,
       2.92164446e-01, 2.92164446e-01, 2.92164446e-01, 2.92164446e-01,
       2.92164446e-01, 2.92164446e-01, 2.92164446e-01, 2.92164446e-01,
       2.92164446e-01, 2.92164446e-01, 2.92164446e-01, 2.92164446e-01,
       2.92164446e-01, 2.92164446e-01, 2.92164446e-01, 2.92164446e-01,
       2.92164446e-01, 2.92164446e-01, 2.92164446e-01, 3.88791254e-01,
       3.88791254e-01, 3.88791254e-01, 4.88717195e-01, 4.88717195e-01,
       1.00000000e+00]), array([0.00000000e+00, 9.12264136e-05, 9.12264136e-05, 6.42495582e-03,
       6.42495582e-03, 6.42495582e-03, 6.42495582e-03, 1.44629336e-02,
       2.34693781e-02, 2.34693781e-02, 2.34693781e-02, 2.34693781e-02,
       2.34693781e-02, 2.34693781e-02, 4.05078516e-02, 4.05078516e-02,
       6.00762441e-02, 6.00762441e-02, 6.00762441e-02, 6.00762441e-02,
       6.00762441e-02, 6.00762441e-02, 6.00762441e-02, 6.00762441e-02,
       6.00762441e-02, 6.00762441e-02, 6.00762441e-02, 6.00762441e-02,
       6.00762441e-02, 6.00762441e-02, 6.00762441e-02, 6.00762441e-02,
       1.39781045e-01, 1.39781045e-01, 1.39781045e-01, 1.82422212e-01,
       1.82422212e-01, 1.82422212e-01, 1.82422212e-01, 1.82422212e-01,
       1.82422212e-01, 1.82422212e-01, 1.82422212e-01, 1.82422212e-01,
       1.82422212e-01, 1.82422212e-01, 1.82422212e-01, 1.82422212e-01,
       1.82422212e-01, 1.82422212e-01, 1.82422212e-01, 1.82422212e-01,
       1.82422212e-01, 1.82422212e-01, 2.49564452e-01, 2.49564452e-01,
       2.49564452e-01, 2.49564452e-01, 2.49564452e-01, 2.49564452e-01,
       2.49564452e-01, 2.49564452e-01, 2.49564452e-01, 2.49564452e-01,
       2.49564452e-01, 2.49564452e-01, 3.31899177e-01, 3.31899177e-01,
       3.31899177e-01, 3.31899177e-01, 3.31899177e-01, 3.31899177e-01,
       3.31899177e-01, 3.31899177e-01, 3.31899177e-01, 4.25533973e-01,
       4.25533973e-01, 4.25533973e-01, 4.25533973e-01, 4.25533973e-01,
       4.25533973e-01, 5.25804849e-01, 5.25804849e-01, 5.25804849e-01,
       5.25804849e-01, 6.32016113e-01, 6.32016113e-01, 6.32016113e-01,
       6.32016113e-01, 6.32016113e-01, 6.32016113e-01, 6.32016113e-01,
       6.32016113e-01, 6.32016113e-01, 6.32016113e-01, 6.32016113e-01,
       6.32016113e-01, 7.53310579e-01, 8.74973360e-01, 8.74973360e-01,
       1.00000000e+00]), array([0.00000000e+00, 6.80351376e-04, 1.73378588e-03, 3.25862355e-03,
       3.25862355e-03, 3.25862355e-03, 3.25862355e-03, 5.23004464e-03,
       5.23004464e-03, 5.23004464e-03, 5.23004464e-03, 5.23004464e-03,
       5.23004464e-03, 5.23004464e-03, 5.23004464e-03, 5.23004464e-03,
       5.23004464e-03, 5.23004464e-03, 5.23004464e-03, 1.65005769e-02,
       1.65005769e-02, 1.65005769e-02, 1.65005769e-02, 1.65005769e-02,
       1.65005769e-02, 1.65005769e-02, 1.65005769e-02, 1.65005769e-02,
       1.65005769e-02, 1.65005769e-02, 2.54134833e-02, 4.39449063e-02,
       4.39449063e-02, 4.39449063e-02, 5.40437894e-02, 5.40437894e-02,
       5.40437894e-02, 5.40437894e-02, 5.40437894e-02, 5.40437894e-02,
       6.61391177e-02, 9.05617975e-02, 1.03053545e-01, 1.03053545e-01,
       1.16388944e-01, 1.16388944e-01, 1.57675725e-01, 1.71652347e-01,
       1.85975460e-01, 1.85975460e-01, 1.85975460e-01, 1.85975460e-01,
       2.01599378e-01, 2.33595229e-01, 2.33595229e-01, 2.50084438e-01,
       2.50084438e-01, 2.50084438e-01, 2.67499003e-01, 3.20483889e-01,
       3.20483889e-01, 3.38715635e-01, 3.38715635e-01, 3.38715635e-01,
       3.57975316e-01, 3.57975316e-01, 3.57975316e-01, 3.57975316e-01,
       3.57975316e-01, 3.57975316e-01, 3.57975316e-01, 3.57975316e-01,
       3.79599314e-01, 3.79599314e-01, 3.79599314e-01, 3.79599314e-01,
       3.79599314e-01, 4.02864372e-01, 4.26300073e-01, 4.50216435e-01,
       4.50216435e-01, 4.50216435e-01, 4.50216435e-01, 4.50216435e-01,
       4.50216435e-01, 4.50216435e-01, 4.50216435e-01, 4.76351133e-01,
       5.02752577e-01, 5.56396734e-01, 5.56396734e-01, 5.56396734e-01,
       5.84214559e-01, 6.12139523e-01, 6.40427847e-01, 6.40427847e-01,
       6.69418153e-01, 6.98748825e-01, 6.98748825e-01, 7.88071346e-01,
       1.00000000e+00]), array([0.        , 0.00116445, 0.00327552, 0.00486817, 0.00486817,
       0.00486817, 0.00486817, 0.00486817, 0.01021639, 0.01606347,
       0.01606347, 0.01606347, 0.01606347, 0.01606347, 0.01606347,
       0.02632841, 0.03737523, 0.03737523, 0.03737523, 0.03737523,
       0.03737523, 0.03737523, 0.03737523, 0.03737523, 0.05422702,
       0.07166768, 0.09012836, 0.09012836, 0.09012836, 0.09012836,
       0.09012836, 0.09012836, 0.09012836, 0.09012836, 0.09012836,
       0.09012836, 0.09012836, 0.09012836, 0.09012836, 0.09012836,
       0.11831189, 0.11831189, 0.11831189, 0.11831189, 0.11831189,
       0.11831189, 0.11831189, 0.11831189, 0.15237512, 0.15237512,
       0.15237512, 0.15237512, 0.15237512, 0.189881  , 0.189881  ,
       0.189881  , 0.189881  , 0.189881  , 0.189881  , 0.189881  ,
       0.189881  , 0.189881  , 0.189881  , 0.189881  , 0.189881  ,
       0.2357484 , 0.2357484 , 0.2357484 , 0.2357484 , 0.2357484 ,
       0.2357484 , 0.2357484 , 0.2357484 , 0.2357484 , 0.2357484 ,
       0.2357484 , 0.2357484 , 0.2357484 , 0.2357484 , 0.2357484 ,
       0.2357484 , 0.2357484 , 0.2357484 , 0.2357484 , 0.2357484 ,
       0.2357484 , 0.2357484 , 0.2357484 , 0.2357484 , 0.2357484 ,
       0.2357484 , 0.2357484 , 0.2357484 , 0.2357484 , 0.2357484 ,
       0.36999992, 0.36999992, 0.57602429, 0.57602429, 0.71623433,
       1.        ])]",-0.3047323138431467,0.1672892943141408,0.2053859828816484,0.1176510148044773,"[{'lambda_reg': 1.0574914642343356e-05, 'K_bin': 280, 'gamma': 0.16341063323473945, 'degree': 5, 'coef0': 4.428689291158789}, {'lambda_reg': 0.002760841516360778, 'K_bin': 487, 'gamma': 0.07225368581428405, 'degree': 3, 'coef0': 0.5539721612585863}, {'lambda_reg': 4.2382125221643434e-05, 'K_bin': 203, 'gamma': 0.31417231769500514, 'degree': 5, 'coef0': 0.7499542680891791}, {'lambda_reg': 0.10719954173087953, 'K_bin': 54, 'gamma': 0.5617844858045309, 'degree': 3, 'coef0': 1.9354857012347981}, {'lambda_reg': 0.006560151920212104, 'K_bin': 103, 'gamma': 0.049058957412990226, 'degree': 6, 'coef0': 1.9447343466509104}]",300,2,polynomial,55
"[np.float64(0.12434067956472579), np.float64(0.0828885744617708), np.float64(0.17676562215188563), np.float64(0.09770350826047311), np.float64(0.22122065655268502)]",0.1405838081983081,0.051464015233904,"[np.float64(0.8162627931202923), np.float64(0.8380920776930026), np.float64(0.8402748635316083), np.float64(0.8271649640308919), np.float64(0.8173177034312399)]",0.8278224803614069,0.0100492339126968,"[np.float64(0.990344518601435), np.float64(0.9857453523224841), np.float64(0.9773396598306816), np.float64(0.9793361172624572), np.float64(0.9547241905127033)]",0.9774979677059524,0.0122890358103997,"[array([0.03760343, 0.90228273, 0.90228273, 0.90228273, 0.92037411,
       0.92037411, 0.92037411, 0.93789942, 0.93789942, 0.93789942,
       0.93789942, 0.93789942, 0.93789942, 0.95441224, 0.95441224,
       0.95441224, 0.95441224, 0.95441224, 0.95441224, 0.95441224,
       0.95441224, 0.95441224, 0.95441224, 0.95441224, 0.95441224,
       0.95441224, 0.95441224, 0.95441224, 0.95441224, 0.95441224,
       0.95441224, 0.95441224, 0.95441224, 0.96701495, 0.96701495,
       0.97934069, 0.97934069, 0.97934069, 0.97934069, 0.97934069,
       0.97934069, 0.97934069, 0.97934069, 0.97934069, 0.97934069,
       0.97934069, 0.97934069, 0.97934069, 0.97934069, 0.97934069,
       0.97934069, 0.97934069, 0.97934069, 0.97934069, 0.97934069,
       0.97934069, 0.97934069, 0.97934069, 0.97934069, 0.97934069,
       0.97934069, 0.98671366, 0.98671366, 0.98671366, 0.98671366,
       0.98671366, 0.98671366, 0.99295983, 0.99295983, 0.99295983,
       0.99295983, 0.99295983, 0.99295983, 0.99295983, 0.99295983,
       0.99295983, 0.99295983, 0.99729127, 0.99729127, 0.99729127,
       0.99729127, 0.99729127, 0.99729127, 0.99729127, 0.99729127,
       0.99729127, 0.99729127, 0.99729127, 0.99729127, 0.99729127,
       0.99729127, 0.99912524, 0.99912524, 0.99912524, 0.99912524,
       0.99912524, 0.99912524, 0.9997597 , 0.9997597 , 0.9997597 ,
       1.        ]), array([0.0814155 , 0.81380815, 0.85394318, 0.87375142, 0.87375142,
       0.87375142, 0.87375142, 0.87375142, 0.87375142, 0.87375142,
       0.89226711, 0.89226711, 0.89226711, 0.91002044, 0.91002044,
       0.92750064, 0.92750064, 0.92750064, 0.94432924, 0.94432924,
       0.94432924, 0.94432924, 0.94432924, 0.94432924, 0.94432924,
       0.94432924, 0.94432924, 0.94432924, 0.94432924, 0.94432924,
       0.94432924, 0.94432924, 0.94432924, 0.94432924, 0.94432924,
       0.94432924, 0.94432924, 0.94432924, 0.94432924, 0.94432924,
       0.94432924, 0.95648149, 0.95648149, 0.95648149, 0.95648149,
       0.95648149, 0.96753876, 0.96753876, 0.96753876, 0.96753876,
       0.96753876, 0.96753876, 0.96753876, 0.96753876, 0.96753876,
       0.96753876, 0.96753876, 0.96753876, 0.96753876, 0.97599916,
       0.97599916, 0.97599916, 0.97599916, 0.97599916, 0.97599916,
       0.98315833, 0.9901925 , 0.9901925 , 0.9901925 , 0.9901925 ,
       0.9901925 , 0.9901925 , 0.9901925 , 0.9901925 , 0.9901925 ,
       0.9901925 , 0.9901925 , 0.9901925 , 0.9901925 , 0.9901925 ,
       0.9901925 , 0.9901925 , 0.99391533, 0.99391533, 0.99391533,
       0.99391533, 0.99686566, 0.99686566, 0.99686566, 0.99686566,
       0.99686566, 0.99686566, 0.99686566, 0.99686566, 0.99814848,
       0.99814848, 0.9990021 , 0.9990021 , 0.9990021 , 0.99998173,
       1.        ]), array([0.04037682, 0.86790233, 0.86790233, 0.86790233, 0.86790233,
       0.88724928, 0.88724928, 0.88724928, 0.88724928, 0.88724928,
       0.88724928, 0.88724928, 0.88724928, 0.88724928, 0.88724928,
       0.88724928, 0.88724928, 0.88724928, 0.88724928, 0.88724928,
       0.88724928, 0.88724928, 0.88724928, 0.88724928, 0.88724928,
       0.90258153, 0.90258153, 0.90258153, 0.90258153, 0.91704155,
       0.91704155, 0.91704155, 0.91704155, 0.91704155, 0.91704155,
       0.91704155, 0.91704155, 0.91704155, 0.92972686, 0.92972686,
       0.92972686, 0.92972686, 0.94153234, 0.94153234, 0.9529224 ,
       0.9529224 , 0.9529224 , 0.9529224 , 0.9529224 , 0.96341677,
       0.96341677, 0.96341677, 0.97322274, 0.97322274, 0.97322274,
       0.97322274, 0.97322274, 0.97322274, 0.97322274, 0.97322274,
       0.97322274, 0.97322274, 0.97322274, 0.97322274, 0.97322274,
       0.97322274, 0.97322274, 0.97322274, 0.97322274, 0.97322274,
       0.97322274, 0.97322274, 0.97322274, 0.9787398 , 0.9839902 ,
       0.9839902 , 0.9839902 , 0.9839902 , 0.9839902 , 0.9839902 ,
       0.98803795, 0.98803795, 0.99186754, 0.9954026 , 0.9954026 ,
       0.9954026 , 0.9954026 , 0.9954026 , 0.9954026 , 0.9954026 ,
       0.9954026 , 0.9974205 , 0.99913344, 0.99913344, 0.99913344,
       0.99913344, 0.99913344, 0.99980128, 0.99980128, 0.99980128,
       1.        ]), array([0.10439046, 0.90467214, 0.90467214, 0.93859004, 0.93859004,
       0.93859004, 0.93859004, 0.93859004, 0.93859004, 0.93859004,
       0.93859004, 0.93859004, 0.93859004, 0.93859004, 0.93859004,
       0.93859004, 0.93859004, 0.93859004, 0.95287226, 0.95287226,
       0.95287226, 0.95287226, 0.95287226, 0.95287226, 0.95287226,
       0.95287226, 0.95287226, 0.95287226, 0.95287226, 0.95287226,
       0.96511071, 0.96511071, 0.96511071, 0.97678136, 0.97678136,
       0.97678136, 0.97678136, 0.97678136, 0.97678136, 0.97678136,
       0.97678136, 0.97678136, 0.97678136, 0.97678136, 0.97678136,
       0.97678136, 0.97678136, 0.97678136, 0.98597462, 0.98597462,
       0.99468838, 0.99468838, 0.99468838, 0.99468838, 0.99468838,
       0.99468838, 0.99468838, 0.99468838, 0.99468838, 0.99468838,
       0.99468838, 0.99468838, 0.99468838, 0.99468838, 0.99468838,
       0.99468838, 0.99468838, 0.99468838, 0.99468838, 0.99468838,
       1.        , 1.        , 1.        , 1.        , 1.        ,
       1.        , 1.        , 1.        , 1.        , 1.        ,
       1.        , 1.        , 1.        , 1.        , 1.        ,
       1.        , 1.        , 1.        , 1.        , 1.        ,
       1.        , 1.        , 1.        , 1.        , 1.        ,
       1.        , 1.        , 1.        , 1.        , 1.        ,
       1.        ]), array([0.        , 0.32485847, 0.42058743, 0.42058743, 0.4834102 ,
       0.5145781 , 0.54518068, 0.57548657, 0.57548657, 0.6053334 ,
       0.6053334 , 0.6053334 , 0.63415204, 0.66257968, 0.66257968,
       0.66257968, 0.66257968, 0.68983578, 0.68983578, 0.68983578,
       0.68983578, 0.68983578, 0.68983578, 0.68983578, 0.68983578,
       0.68983578, 0.68983578, 0.71364953, 0.73731539, 0.73731539,
       0.73731539, 0.73731539, 0.75971976, 0.78162859, 0.78162859,
       0.80305253, 0.80305253, 0.82371849, 0.82371849, 0.84385916,
       0.84385916, 0.84385916, 0.84385916, 0.84385916, 0.86237262,
       0.86237262, 0.87992819, 0.87992819, 0.87992819, 0.87992819,
       0.91270245, 0.91270245, 0.91270245, 0.91270245, 0.91270245,
       0.91270245, 0.92725123, 0.92725123, 0.94091638, 0.94091638,
       0.94091638, 0.94091638, 0.94091638, 0.94091638, 0.94091638,
       0.94091638, 0.94091638, 0.94091638, 0.9514755 , 0.9514755 ,
       0.9514755 , 0.9514755 , 0.9514755 , 0.96035133, 0.96905259,
       0.96905259, 0.96905259, 0.96905259, 0.97643763, 0.97643763,
       0.97643763, 0.97643763, 0.97643763, 0.98227353, 0.98227353,
       0.98745355, 0.98745355, 0.98745355, 0.98745355, 0.98745355,
       0.98745355, 0.99347942, 0.99347942, 0.99595432, 0.99595432,
       0.99595432, 0.99595432, 0.9971337 , 0.99799647, 0.99900791,
       1.        ])]","[array([0.        , 0.00155873, 0.00155873, 0.00155873, 0.0071038 ,
       0.0071038 , 0.0071038 , 0.01706772, 0.01706772, 0.01706772,
       0.01706772, 0.01706772, 0.01706772, 0.03493536, 0.03493536,
       0.03493536, 0.03493536, 0.03493536, 0.03493536, 0.03493536,
       0.03493536, 0.03493536, 0.03493536, 0.03493536, 0.03493536,
       0.03493536, 0.03493536, 0.03493536, 0.03493536, 0.03493536,
       0.03493536, 0.03493536, 0.03493536, 0.08332613, 0.08332613,
       0.13387902, 0.13387902, 0.13387902, 0.13387902, 0.13387902,
       0.13387902, 0.13387902, 0.13387902, 0.13387902, 0.13387902,
       0.13387902, 0.13387902, 0.13387902, 0.13387902, 0.13387902,
       0.13387902, 0.13387902, 0.13387902, 0.13387902, 0.13387902,
       0.13387902, 0.13387902, 0.13387902, 0.13387902, 0.13387902,
       0.13387902, 0.22309427, 0.22309427, 0.22309427, 0.22309427,
       0.22309427, 0.22309427, 0.32110564, 0.32110564, 0.32110564,
       0.32110564, 0.32110564, 0.32110564, 0.32110564, 0.32110564,
       0.32110564, 0.32110564, 0.43406373, 0.43406373, 0.43406373,
       0.43406373, 0.43406373, 0.43406373, 0.43406373, 0.43406373,
       0.43406373, 0.43406373, 0.43406373, 0.43406373, 0.43406373,
       0.43406373, 0.56651767, 0.56651767, 0.56651767, 0.56651767,
       0.56651767, 0.56651767, 0.70833525, 0.70833525, 0.70833525,
       1.        ]), array([0.        , 0.00156796, 0.00415672, 0.00662306, 0.00662306,
       0.00662306, 0.00662306, 0.00662306, 0.00662306, 0.00662306,
       0.01493191, 0.01493191, 0.01493191, 0.02668671, 0.02668671,
       0.03967611, 0.03967611, 0.03967611, 0.05561078, 0.05561078,
       0.05561078, 0.05561078, 0.05561078, 0.05561078, 0.05561078,
       0.05561078, 0.05561078, 0.05561078, 0.05561078, 0.05561078,
       0.05561078, 0.05561078, 0.05561078, 0.05561078, 0.05561078,
       0.05561078, 0.05561078, 0.05561078, 0.05561078, 0.05561078,
       0.05561078, 0.09268322, 0.09268322, 0.09268322, 0.09268322,
       0.09268322, 0.1347051 , 0.1347051 , 0.1347051 , 0.1347051 ,
       0.1347051 , 0.1347051 , 0.1347051 , 0.1347051 , 0.1347051 ,
       0.1347051 , 0.1347051 , 0.1347051 , 0.1347051 , 0.18846516,
       0.18846516, 0.18846516, 0.18846516, 0.18846516, 0.18846516,
       0.24810693, 0.30831374, 0.30831374, 0.30831374, 0.30831374,
       0.30831374, 0.30831374, 0.30831374, 0.30831374, 0.30831374,
       0.30831374, 0.30831374, 0.30831374, 0.30831374, 0.30831374,
       0.30831374, 0.30831374, 0.38348828, 0.38348828, 0.38348828,
       0.38348828, 0.46215456, 0.46215456, 0.46215456, 0.46215456,
       0.46215456, 0.46215456, 0.46215456, 0.46215456, 0.54835822,
       0.54835822, 0.63650194, 0.63650194, 0.63650194, 0.90808039,
       1.        ]), array([0.00000000e+00, 9.43213343e-04, 9.43213343e-04, 9.43213343e-04,
       9.43213343e-04, 4.92540388e-03, 4.92540388e-03, 4.92540388e-03,
       4.92540388e-03, 4.92540388e-03, 4.92540388e-03, 4.92540388e-03,
       4.92540388e-03, 4.92540388e-03, 4.92540388e-03, 4.92540388e-03,
       4.92540388e-03, 4.92540388e-03, 4.92540388e-03, 4.92540388e-03,
       4.92540388e-03, 4.92540388e-03, 4.92540388e-03, 4.92540388e-03,
       4.92540388e-03, 2.79072147e-02, 2.79072147e-02, 2.79072147e-02,
       2.79072147e-02, 5.50168692e-02, 5.50168692e-02, 5.50168692e-02,
       5.50168692e-02, 5.50168692e-02, 5.50168692e-02, 5.50168692e-02,
       5.50168692e-02, 5.50168692e-02, 9.05253182e-02, 9.05253182e-02,
       9.05253182e-02, 9.05253182e-02, 1.30197563e-01, 1.30197563e-01,
       1.71835815e-01, 1.71835815e-01, 1.71835815e-01, 1.71835815e-01,
       1.71835815e-01, 2.17712900e-01, 2.17712900e-01, 2.17712900e-01,
       2.66847830e-01, 2.66847830e-01, 2.66847830e-01, 2.66847830e-01,
       2.66847830e-01, 2.66847830e-01, 2.66847830e-01, 2.66847830e-01,
       2.66847830e-01, 2.66847830e-01, 2.66847830e-01, 2.66847830e-01,
       2.66847830e-01, 2.66847830e-01, 2.66847830e-01, 2.66847830e-01,
       2.66847830e-01, 2.66847830e-01, 2.66847830e-01, 2.66847830e-01,
       2.66847830e-01, 3.36280055e-01, 4.06974276e-01, 4.06974276e-01,
       4.06974276e-01, 4.06974276e-01, 4.06974276e-01, 4.06974276e-01,
       4.83360023e-01, 4.83360023e-01, 5.60778186e-01, 6.39590267e-01,
       6.39590267e-01, 6.39590267e-01, 6.39590267e-01, 6.39590267e-01,
       6.39590267e-01, 6.39590267e-01, 6.39590267e-01, 7.25582277e-01,
       8.13017528e-01, 8.13017528e-01, 8.13017528e-01, 8.13017528e-01,
       8.13017528e-01, 9.05398699e-01, 9.05398699e-01, 9.05398699e-01,
       1.00000000e+00]), array([0.        , 0.00102819, 0.00102819, 0.02104686, 0.02104686,
       0.02104686, 0.02104686, 0.02104686, 0.02104686, 0.02104686,
       0.02104686, 0.02104686, 0.02104686, 0.02104686, 0.02104686,
       0.02104686, 0.02104686, 0.02104686, 0.0920234 , 0.0920234 ,
       0.0920234 , 0.0920234 , 0.0920234 , 0.0920234 , 0.0920234 ,
       0.0920234 , 0.0920234 , 0.0920234 , 0.0920234 , 0.0920234 ,
       0.20955016, 0.20955016, 0.20955016, 0.3400094 , 0.3400094 ,
       0.3400094 , 0.3400094 , 0.3400094 , 0.3400094 , 0.3400094 ,
       0.3400094 , 0.3400094 , 0.3400094 , 0.3400094 , 0.3400094 ,
       0.3400094 , 0.3400094 , 0.3400094 , 0.52689548, 0.52689548,
       0.72470311, 0.72470311, 0.72470311, 0.72470311, 0.72470311,
       0.72470311, 0.72470311, 0.72470311, 0.72470311, 0.72470311,
       0.72470311, 0.72470311, 0.72470311, 0.72470311, 0.72470311,
       0.72470311, 0.72470311, 0.72470311, 0.72470311, 0.72470311,
       1.        , 1.        , 1.        , 1.        , 1.        ,
       1.        , 1.        , 1.        , 1.        , 1.        ,
       1.        , 1.        , 1.        , 1.        , 1.        ,
       1.        , 1.        , 1.        , 1.        , 1.        ,
       1.        , 1.        , 1.        , 1.        , 1.        ,
       1.        , 1.        , 1.        , 1.        , 1.        ,
       1.        ]), array([0.00000000e+00, 1.47267514e-04, 2.01103322e-03, 2.01103322e-03,
       4.30252853e-03, 5.70458811e-03, 7.70171917e-03, 1.00111669e-02,
       1.00111669e-02, 1.28038317e-02, 1.28038317e-02, 1.28038317e-02,
       1.66788187e-02, 2.09653844e-02, 2.09653844e-02, 2.09653844e-02,
       2.09653844e-02, 2.64851638e-02, 2.64851638e-02, 2.64851638e-02,
       2.64851638e-02, 2.64851638e-02, 2.64851638e-02, 2.64851638e-02,
       2.64851638e-02, 2.64851638e-02, 2.64851638e-02, 3.56285115e-02,
       4.49275220e-02, 4.49275220e-02, 4.49275220e-02, 4.49275220e-02,
       5.55544433e-02, 6.67029858e-02, 6.67029858e-02, 7.83619477e-02,
       7.83619477e-02, 9.08187863e-02, 9.08187863e-02, 1.03828570e-01,
       1.03828570e-01, 1.03828570e-01, 1.03828570e-01, 1.03828570e-01,
       1.18551224e-01, 1.18551224e-01, 1.34282198e-01, 1.34282198e-01,
       1.34282198e-01, 1.34282198e-01, 1.68204028e-01, 1.68204028e-01,
       1.68204028e-01, 1.68204028e-01, 1.68204028e-01, 1.68204028e-01,
       1.87100074e-01, 1.87100074e-01, 2.06926260e-01, 2.06926260e-01,
       2.06926260e-01, 2.06926260e-01, 2.06926260e-01, 2.06926260e-01,
       2.06926260e-01, 2.06926260e-01, 2.06926260e-01, 2.06926260e-01,
       2.30021996e-01, 2.30021996e-01, 2.30021996e-01, 2.30021996e-01,
       2.30021996e-01, 2.54889628e-01, 2.79941014e-01, 2.79941014e-01,
       2.79941014e-01, 2.79941014e-01, 3.06377915e-01, 3.06377915e-01,
       3.06377915e-01, 3.06377915e-01, 3.06377915e-01, 3.34445511e-01,
       3.34445511e-01, 3.63203506e-01, 3.63203506e-01, 3.63203506e-01,
       3.63203506e-01, 3.63203506e-01, 3.63203506e-01, 4.25281834e-01,
       4.25281834e-01, 4.56887358e-01, 4.56887358e-01, 4.56887358e-01,
       4.56887358e-01, 4.89856592e-01, 5.23159108e-01, 5.90515841e-01,
       1.00000000e+00])]",-0.3463646482750703,0.1682107836223293,0.2346411029236362,0.1233391065386564,"[{'lambda_reg': 0.002573113633539026, 'K_bin': 411, 'gamma': 0.07826845321105838}, {'lambda_reg': 0.00019163313725781958, 'K_bin': 499, 'gamma': 0.06750162112708986}, {'lambda_reg': 0.0021363696459169193, 'K_bin': 507, 'gamma': 0.0697245340371179}, {'lambda_reg': 0.00036460142166189934, 'K_bin': 841, 'gamma': 0.042121346154516924}, {'lambda_reg': 0.00011504030366576321, 'K_bin': 52, 'gamma': 0.12890184368141952}]",300,2,cauchy,53
"[np.float64(0.12035896463890004), np.float64(0.09581591977994719), np.float64(0.12591422338656194), np.float64(0.09815436245572942), np.float64(0.14158743441764104)]",0.1163661809357559,0.0173043499124432,"[np.float64(0.7252897000054975), np.float64(0.8090216007442128), np.float64(0.7284653992349048), np.float64(0.7860156638027663), np.float64(0.7407579305899068)]",0.7579100588754576,0.0335487288564215,"[np.float64(0.9927694974652224), np.float64(0.9176825241553291), np.float64(0.9733190505842026), np.float64(0.9633476042645922), np.float64(0.9849168221749298)]",0.9664070997288552,0.0263393457830067,"[array([0.        , 0.95711865, 0.97422302, 0.97422302, 0.97422302,
       0.97422302, 0.97422302, 0.97422302, 0.97422302, 0.99020746,
       0.99020746, 0.99020746, 0.99020746, 0.99020746, 0.99020746,
       0.99020746, 0.99020746, 0.99020746, 0.99020746, 0.99020746,
       0.99020746, 0.99020746, 0.99020746, 0.99020746, 0.99020746,
       0.99020746, 0.99020746, 0.99020746, 0.99020746, 0.99020746,
       0.99020746, 0.99020746, 0.99020746, 0.99020746, 0.99020746,
       0.99020746, 0.99020746, 0.99020746, 0.99020746, 0.99020746,
       0.99020746, 0.99020746, 0.99020746, 0.99020746, 0.99020746,
       0.99020746, 0.99020746, 0.99020746, 0.99020746, 0.99020746,
       0.99020746, 0.99020746, 0.99020746, 0.99020746, 0.99020746,
       0.99020746, 0.99020746, 0.99020746, 0.99020746, 0.99020746,
       0.99020746, 0.99020746, 0.99020746, 0.99020746, 0.99020746,
       0.99020746, 0.99020746, 0.99020746, 0.99578895, 0.99578895,
       0.99578895, 0.99578895, 0.99578895, 0.99578895, 0.99578895,
       0.99578895, 0.99578895, 0.99578895, 0.99578895, 0.99578895,
       0.99578895, 0.99578895, 0.99578895, 0.99578895, 0.99578895,
       0.99578895, 0.99578895, 0.9981038 , 0.9981038 , 0.9981038 ,
       1.        , 1.        , 1.        , 1.        , 1.        ,
       1.        , 1.        , 1.        , 1.        , 1.        ,
       1.        ]), array([0.        , 0.37083504, 0.4165522 , 0.46192015, 0.5067287 ,
       0.57299067, 0.57299067, 0.5948047 , 0.5948047 , 0.5948047 ,
       0.5948047 , 0.5948047 , 0.61524148, 0.65596001, 0.65596001,
       0.67573671, 0.71488378, 0.73434788, 0.75354723, 0.75354723,
       0.75354723, 0.77191359, 0.77191359, 0.78992393, 0.78992393,
       0.78992393, 0.78992393, 0.80709133, 0.82392888, 0.82392888,
       0.82392888, 0.82392888, 0.82392888, 0.82392888, 0.82392888,
       0.83911509, 0.83911509, 0.86862754, 0.86862754, 0.86862754,
       0.86862754, 0.86862754, 0.86862754, 0.86862754, 0.86862754,
       0.86862754, 0.88128595, 0.9061246 , 0.9061246 , 0.9061246 ,
       0.9061246 , 0.9061246 , 0.9061246 , 0.93909179, 0.93909179,
       0.93909179, 0.93909179, 0.93909179, 0.93909179, 0.93909179,
       0.93909179, 0.94837401, 0.94837401, 0.9571883 , 0.9571883 ,
       0.9571883 , 0.9571883 , 0.9571883 , 0.96482444, 0.97211026,
       0.97211026, 0.97211026, 0.97211026, 0.97211026, 0.97211026,
       0.97211026, 0.9777439 , 0.9777439 , 0.98289274, 0.98289274,
       0.98764682, 0.98764682, 0.98764682, 0.98764682, 0.98764682,
       0.98764682, 0.98764682, 0.98764682, 0.98764682, 0.99305281,
       0.99305281, 0.99756041, 0.99756041, 0.99756041, 0.99898955,
       0.99898955, 1.        , 1.        , 1.        , 1.        ,
       1.        ]), array([0.        , 0.84460803, 0.86201272, 0.87925092, 0.87925092,
       0.89608425, 0.89608425, 0.91256581, 0.91256581, 0.92866653,
       0.94459537, 0.94459537, 0.94459537, 0.94459537, 0.94459537,
       0.94459537, 0.94459537, 0.94459537, 0.94459537, 0.94459537,
       0.94459537, 0.94459537, 0.94459537, 0.94459537, 0.94459537,
       0.95795331, 0.95795331, 0.970856  , 0.970856  , 0.970856  ,
       0.970856  , 0.970856  , 0.98292686, 0.98292686, 0.98292686,
       0.98292686, 0.98292686, 0.98292686, 0.98292686, 0.98292686,
       0.98292686, 0.98292686, 0.98292686, 0.98292686, 0.98292686,
       0.98292686, 0.98292686, 0.98292686, 0.98292686, 0.98292686,
       0.98292686, 0.99167909, 0.99167909, 0.99167909, 0.99167909,
       0.99167909, 0.99167909, 0.99167909, 0.99167909, 0.99167909,
       0.99167909, 0.99167909, 0.99167909, 0.99167909, 0.99818138,
       0.99818138, 0.99818138, 0.99818138, 0.99818138, 0.99818138,
       0.99818138, 0.99818138, 0.99818138, 0.99818138, 0.99818138,
       0.99818138, 0.99818138, 0.99818138, 0.99818138, 0.99818138,
       0.99818138, 0.99818138, 0.99818138, 0.99818138, 0.99818138,
       0.99818138, 0.99818138, 0.99818138, 0.99818138, 0.99818138,
       1.        , 1.        , 1.        , 1.        , 1.        ,
       1.        , 1.        , 1.        , 1.        , 1.        ,
       1.        ]), array([0.        , 0.44108375, 0.53246343, 0.5778332 , 0.64516686,
       0.68968192, 0.71157025, 0.73339783, 0.75487986, 0.75487986,
       0.81820823, 0.81820823, 0.81820823, 0.81820823, 0.81820823,
       0.81820823, 0.85742941, 0.87685845, 0.87685845, 0.89576594,
       0.89576594, 0.89576594, 0.89576594, 0.89576594, 0.89576594,
       0.89576594, 0.89576594, 0.89576594, 0.89576594, 0.9124931 ,
       0.9124931 , 0.9124931 , 0.9124931 , 0.9124931 , 0.9124931 ,
       0.9124931 , 0.9124931 , 0.9124931 , 0.9124931 , 0.9124931 ,
       0.9124931 , 0.9124931 , 0.9124931 , 0.9124931 , 0.92551931,
       0.92551931, 0.92551931, 0.92551931, 0.92551931, 0.92551931,
       0.92551931, 0.93698189, 0.93698189, 0.93698189, 0.93698189,
       0.93698189, 0.93698189, 0.93698189, 0.94691053, 0.96613514,
       0.96613514, 0.96613514, 0.96613514, 0.96613514, 0.96613514,
       0.96613514, 0.96613514, 0.96613514, 0.96613514, 0.96613514,
       0.97331848, 0.97331848, 0.97331848, 0.97331848, 0.97331848,
       0.97331848, 0.97899039, 0.97899039, 0.97899039, 0.97899039,
       0.97899039, 0.97899039, 0.98330585, 0.98330585, 0.98715082,
       0.98715082, 0.98715082, 0.99021128, 0.99021128, 0.99292538,
       0.99292538, 0.99292538, 0.99492117, 0.99658785, 0.99658785,
       0.99786872, 0.99895022, 0.99895022, 0.99959246, 0.99959246,
       1.        ]), array([0.        , 0.89722747, 0.91430003, 0.93108653, 0.93108653,
       0.94751747, 0.94751747, 0.94751747, 0.94751747, 0.94751747,
       0.96310009, 0.96310009, 0.96310009, 0.96310009, 0.97810143,
       0.97810143, 0.97810143, 0.97810143, 0.97810143, 0.97810143,
       0.97810143, 0.97810143, 0.97810143, 0.97810143, 0.97810143,
       0.97810143, 0.97810143, 0.97810143, 0.97810143, 0.97810143,
       0.97810143, 0.97810143, 0.97810143, 0.97810143, 0.97810143,
       0.97810143, 0.98925917, 0.98925917, 0.98925917, 0.98925917,
       0.98925917, 0.98925917, 0.98925917, 0.98925917, 0.98925917,
       0.98925917, 0.98925917, 0.98925917, 0.98925917, 0.98925917,
       0.98925917, 0.98925917, 0.98925917, 0.98925917, 0.98925917,
       0.98925917, 0.98925917, 0.98925917, 0.98925917, 0.98925917,
       0.98925917, 0.98925917, 0.98925917, 0.99577256, 0.99577256,
       0.99577256, 0.99577256, 0.99577256, 0.99577256, 0.99577256,
       0.99577256, 0.99577256, 0.99577256, 0.99577256, 0.99577256,
       0.99577256, 1.        , 1.        , 1.        , 1.        ,
       1.        , 1.        , 1.        , 1.        , 1.        ,
       1.        , 1.        , 1.        , 1.        , 1.        ,
       1.        , 1.        , 1.        , 1.        , 1.        ,
       1.        , 1.        , 1.        , 1.        , 1.        ,
       1.        ])]","[array([0.        , 0.00612707, 0.01294145, 0.01294145, 0.01294145,
       0.01294145, 0.01294145, 0.01294145, 0.01294145, 0.0449646 ,
       0.0449646 , 0.0449646 , 0.0449646 , 0.0449646 , 0.0449646 ,
       0.0449646 , 0.0449646 , 0.0449646 , 0.0449646 , 0.0449646 ,
       0.0449646 , 0.0449646 , 0.0449646 , 0.0449646 , 0.0449646 ,
       0.0449646 , 0.0449646 , 0.0449646 , 0.0449646 , 0.0449646 ,
       0.0449646 , 0.0449646 , 0.0449646 , 0.0449646 , 0.0449646 ,
       0.0449646 , 0.0449646 , 0.0449646 , 0.0449646 , 0.0449646 ,
       0.0449646 , 0.0449646 , 0.0449646 , 0.0449646 , 0.0449646 ,
       0.0449646 , 0.0449646 , 0.0449646 , 0.0449646 , 0.0449646 ,
       0.0449646 , 0.0449646 , 0.0449646 , 0.0449646 , 0.0449646 ,
       0.0449646 , 0.0449646 , 0.0449646 , 0.0449646 , 0.0449646 ,
       0.0449646 , 0.0449646 , 0.0449646 , 0.0449646 , 0.0449646 ,
       0.0449646 , 0.0449646 , 0.0449646 , 0.31114895, 0.31114895,
       0.31114895, 0.31114895, 0.31114895, 0.31114895, 0.31114895,
       0.31114895, 0.31114895, 0.31114895, 0.31114895, 0.31114895,
       0.31114895, 0.31114895, 0.31114895, 0.31114895, 0.31114895,
       0.31114895, 0.31114895, 0.6508628 , 0.6508628 , 0.6508628 ,
       1.        , 1.        , 1.        , 1.        , 1.        ,
       1.        , 1.        , 1.        , 1.        , 1.        ,
       1.        ]), array([0.        , 0.00151905, 0.00333091, 0.0060316 , 0.01015621,
       0.01876339, 0.01876339, 0.02232808, 0.02232808, 0.02232808,
       0.02232808, 0.02232808, 0.0293984 , 0.04393364, 0.04393364,
       0.05268411, 0.0712193 , 0.08076545, 0.09098548, 0.09098548,
       0.09098548, 0.1033258 , 0.1033258 , 0.1165723 , 0.1165723 ,
       0.1165723 , 0.1165723 , 0.13196441, 0.14819611, 0.14819611,
       0.14819611, 0.14819611, 0.14819611, 0.14819611, 0.14819611,
       0.16863112, 0.16863112, 0.21169001, 0.21169001, 0.21169001,
       0.21169001, 0.21169001, 0.21169001, 0.21169001, 0.21169001,
       0.21169001, 0.23855921, 0.2935147 , 0.2935147 , 0.2935147 ,
       0.2935147 , 0.2935147 , 0.2935147 , 0.38686959, 0.38686959,
       0.38686959, 0.38686959, 0.38686959, 0.38686959, 0.38686959,
       0.38686959, 0.42233245, 0.42233245, 0.45898636, 0.45898636,
       0.45898636, 0.45898636, 0.45898636, 0.49863909, 0.53918355,
       0.53918355, 0.53918355, 0.53918355, 0.53918355, 0.53918355,
       0.53918355, 0.58393341, 0.58393341, 0.62991727, 0.62991727,
       0.67690593, 0.67690593, 0.67690593, 0.67690593, 0.67690593,
       0.67690593, 0.67690593, 0.67690593, 0.67690593, 0.78132485,
       0.78132485, 0.88803049, 0.88803049, 0.88803049, 0.9434824 ,
       0.9434824 , 1.        , 1.        , 1.        , 1.        ,
       1.        ]), array([0.        , 0.00988727, 0.01348171, 0.02002522, 0.02002522,
       0.03373981, 0.03373981, 0.05368529, 0.05368529, 0.08037611,
       0.11011139, 0.11011139, 0.11011139, 0.11011139, 0.11011139,
       0.11011139, 0.11011139, 0.11011139, 0.11011139, 0.11011139,
       0.11011139, 0.11011139, 0.11011139, 0.11011139, 0.11011139,
       0.18538349, 0.18538349, 0.26871902, 0.26871902, 0.26871902,
       0.26871902, 0.26871902, 0.36678811, 0.36678811, 0.36678811,
       0.36678811, 0.36678811, 0.36678811, 0.36678811, 0.36678811,
       0.36678811, 0.36678811, 0.36678811, 0.36678811, 0.36678811,
       0.36678811, 0.36678811, 0.36678811, 0.36678811, 0.36678811,
       0.36678811, 0.52363797, 0.52363797, 0.52363797, 0.52363797,
       0.52363797, 0.52363797, 0.52363797, 0.52363797, 0.52363797,
       0.52363797, 0.52363797, 0.52363797, 0.52363797, 0.72033969,
       0.72033969, 0.72033969, 0.72033969, 0.72033969, 0.72033969,
       0.72033969, 0.72033969, 0.72033969, 0.72033969, 0.72033969,
       0.72033969, 0.72033969, 0.72033969, 0.72033969, 0.72033969,
       0.72033969, 0.72033969, 0.72033969, 0.72033969, 0.72033969,
       0.72033969, 0.72033969, 0.72033969, 0.72033969, 0.72033969,
       1.        , 1.        , 1.        , 1.        , 1.        ,
       1.        , 1.        , 1.        , 1.        , 1.        ,
       1.        ]), array([0.00000000e+00, 9.56741864e-04, 4.91382530e-03, 7.70455661e-03,
       1.37201697e-02, 1.86797363e-02, 2.20963658e-02, 2.56671509e-02,
       3.01147720e-02, 3.01147720e-02, 4.62938650e-02, 4.62938650e-02,
       4.62938650e-02, 4.62938650e-02, 4.62938650e-02, 4.62938650e-02,
       6.46866908e-02, 7.43438063e-02, 7.43438063e-02, 8.53243613e-02,
       8.53243613e-02, 8.53243613e-02, 8.53243613e-02, 8.53243613e-02,
       8.53243613e-02, 8.53243613e-02, 8.53243613e-02, 8.53243613e-02,
       8.53243613e-02, 1.01837516e-01, 1.01837516e-01, 1.01837516e-01,
       1.01837516e-01, 1.01837516e-01, 1.01837516e-01, 1.01837516e-01,
       1.01837516e-01, 1.01837516e-01, 1.01837516e-01, 1.01837516e-01,
       1.01837516e-01, 1.01837516e-01, 1.01837516e-01, 1.01837516e-01,
       1.27741886e-01, 1.27741886e-01, 1.27741886e-01, 1.27741886e-01,
       1.27741886e-01, 1.27741886e-01, 1.27741886e-01, 1.57614006e-01,
       1.57614006e-01, 1.57614006e-01, 1.57614006e-01, 1.57614006e-01,
       1.57614006e-01, 1.57614006e-01, 1.91378485e-01, 2.60512895e-01,
       2.60512895e-01, 2.60512895e-01, 2.60512895e-01, 2.60512895e-01,
       2.60512895e-01, 2.60512895e-01, 2.60512895e-01, 2.60512895e-01,
       2.60512895e-01, 2.60512895e-01, 3.01243623e-01, 3.01243623e-01,
       3.01243623e-01, 3.01243623e-01, 3.01243623e-01, 3.01243623e-01,
       3.45809618e-01, 3.45809618e-01, 3.45809618e-01, 3.45809618e-01,
       3.45809618e-01, 3.45809618e-01, 3.93817638e-01, 3.93817638e-01,
       4.43019514e-01, 4.43019514e-01, 4.43019514e-01, 4.94212111e-01,
       4.94212111e-01, 5.46283595e-01, 5.46283595e-01, 5.46283595e-01,
       6.00177783e-01, 6.54907119e-01, 6.54907119e-01, 7.10615429e-01,
       7.66829652e-01, 7.66829652e-01, 8.24158500e-01, 8.24158500e-01,
       1.00000000e+00]), array([0.        , 0.00418951, 0.00940119, 0.02268598, 0.02268598,
       0.0460052 , 0.0460052 , 0.0460052 , 0.0460052 , 0.0460052 ,
       0.09326539, 0.09326539, 0.09326539, 0.09326539, 0.15693032,
       0.15693032, 0.15693032, 0.15693032, 0.15693032, 0.15693032,
       0.15693032, 0.15693032, 0.15693032, 0.15693032, 0.15693032,
       0.15693032, 0.15693032, 0.15693032, 0.15693032, 0.15693032,
       0.15693032, 0.15693032, 0.15693032, 0.15693032, 0.15693032,
       0.15693032, 0.32906823, 0.32906823, 0.32906823, 0.32906823,
       0.32906823, 0.32906823, 0.32906823, 0.32906823, 0.32906823,
       0.32906823, 0.32906823, 0.32906823, 0.32906823, 0.32906823,
       0.32906823, 0.32906823, 0.32906823, 0.32906823, 0.32906823,
       0.32906823, 0.32906823, 0.32906823, 0.32906823, 0.32906823,
       0.32906823, 0.32906823, 0.32906823, 0.63227745, 0.63227745,
       0.63227745, 0.63227745, 0.63227745, 0.63227745, 0.63227745,
       0.63227745, 0.63227745, 0.63227745, 0.63227745, 0.63227745,
       0.63227745, 1.        , 1.        , 1.        , 1.        ,
       1.        , 1.        , 1.        , 1.        , 1.        ,
       1.        , 1.        , 1.        , 1.        , 1.        ,
       1.        , 1.        , 1.        , 1.        , 1.        ,
       1.        , 1.        , 1.        , 1.        , 1.        ,
       1.        ])]",-0.0793831775395375,0.0726779627467057,0.0372103777029726,0.0231966807234269,"[{'lambda_reg': 0.019224058079821693, 'K_bin': 228, 'gamma': 0.11451825471912211}, {'lambda_reg': 0.03763479694281408, 'K_bin': 119, 'gamma': 0.13322390374252263}, {'lambda_reg': 2.4070046792956467e-05, 'K_bin': 171, 'gamma': 0.05661170009761626}, {'lambda_reg': 0.00010412207826409504, 'K_bin': 31, 'gamma': 0.1431491933499682}, {'lambda_reg': 0.0014787451908763799, 'K_bin': 259, 'gamma': 0.3295187781648643}]",300,3,cauchy,60
"[np.float64(0.17017546998215574), np.float64(0.12338237726378654), np.float64(0.19686783526806909), np.float64(0.20757585615163737), np.float64(0.18484647807596047)]",0.1765696033483218,0.0293655531100634,"[np.float64(0.6687841617774111), np.float64(0.7486848845670101), np.float64(0.627971425072326), np.float64(0.6977048816782313), np.float64(0.6845223096372148)]",0.6855335325464387,0.0393222461502542,"[np.float64(0.5416666666666666), np.float64(0.6), np.float64(0.575), np.float64(0.5083333333333333), np.float64(0.840299542189467)]",0.6130599084378934,0.1177468636439987,"[array([0.08333333, 1.        , 1.        , 1.        , 1.        ,
       1.        , 1.        , 1.        , 1.        , 1.        ,
       1.        , 1.        , 1.        , 1.        , 1.        ,
       1.        , 1.        , 1.        , 1.        , 1.        ,
       1.        , 1.        , 1.        , 1.        , 1.        ,
       1.        , 1.        , 1.        , 1.        , 1.        ,
       1.        , 1.        , 1.        , 1.        , 1.        ,
       1.        , 1.        , 1.        , 1.        , 1.        ,
       1.        , 1.        , 1.        , 1.        , 1.        ,
       1.        , 1.        , 1.        , 1.        , 1.        ,
       1.        , 1.        , 1.        , 1.        , 1.        ,
       1.        , 1.        , 1.        , 1.        , 1.        ,
       1.        , 1.        , 1.        , 1.        , 1.        ,
       1.        , 1.        , 1.        , 1.        , 1.        ,
       1.        , 1.        , 1.        , 1.        , 1.        ,
       1.        , 1.        , 1.        , 1.        , 1.        ,
       1.        , 1.        , 1.        , 1.        , 1.        ,
       1.        , 1.        , 1.        , 1.        , 1.        ,
       1.        , 1.        , 1.        , 1.        , 1.        ,
       1.        , 1.        , 1.        , 1.        , 1.        ,
       1.        ]), array([0.2, 1. , 1. , 1. , 1. , 1. , 1. , 1. , 1. , 1. , 1. , 1. , 1. ,
       1. , 1. , 1. , 1. , 1. , 1. , 1. , 1. , 1. , 1. , 1. , 1. , 1. ,
       1. , 1. , 1. , 1. , 1. , 1. , 1. , 1. , 1. , 1. , 1. , 1. , 1. ,
       1. , 1. , 1. , 1. , 1. , 1. , 1. , 1. , 1. , 1. , 1. , 1. , 1. ,
       1. , 1. , 1. , 1. , 1. , 1. , 1. , 1. , 1. , 1. , 1. , 1. , 1. ,
       1. , 1. , 1. , 1. , 1. , 1. , 1. , 1. , 1. , 1. , 1. , 1. , 1. ,
       1. , 1. , 1. , 1. , 1. , 1. , 1. , 1. , 1. , 1. , 1. , 1. , 1. ,
       1. , 1. , 1. , 1. , 1. , 1. , 1. , 1. , 1. , 1. ]), array([0.15, 1.  , 1.  , 1.  , 1.  , 1.  , 1.  , 1.  , 1.  , 1.  , 1.  ,
       1.  , 1.  , 1.  , 1.  , 1.  , 1.  , 1.  , 1.  , 1.  , 1.  , 1.  ,
       1.  , 1.  , 1.  , 1.  , 1.  , 1.  , 1.  , 1.  , 1.  , 1.  , 1.  ,
       1.  , 1.  , 1.  , 1.  , 1.  , 1.  , 1.  , 1.  , 1.  , 1.  , 1.  ,
       1.  , 1.  , 1.  , 1.  , 1.  , 1.  , 1.  , 1.  , 1.  , 1.  , 1.  ,
       1.  , 1.  , 1.  , 1.  , 1.  , 1.  , 1.  , 1.  , 1.  , 1.  , 1.  ,
       1.  , 1.  , 1.  , 1.  , 1.  , 1.  , 1.  , 1.  , 1.  , 1.  , 1.  ,
       1.  , 1.  , 1.  , 1.  , 1.  , 1.  , 1.  , 1.  , 1.  , 1.  , 1.  ,
       1.  , 1.  , 1.  , 1.  , 1.  , 1.  , 1.  , 1.  , 1.  , 1.  , 1.  ,
       1.  , 1.  ]), array([0.01666667, 1.        , 1.        , 1.        , 1.        ,
       1.        , 1.        , 1.        , 1.        , 1.        ,
       1.        , 1.        , 1.        , 1.        , 1.        ,
       1.        , 1.        , 1.        , 1.        , 1.        ,
       1.        , 1.        , 1.        , 1.        , 1.        ,
       1.        , 1.        , 1.        , 1.        , 1.        ,
       1.        , 1.        , 1.        , 1.        , 1.        ,
       1.        , 1.        , 1.        , 1.        , 1.        ,
       1.        , 1.        , 1.        , 1.        , 1.        ,
       1.        , 1.        , 1.        , 1.        , 1.        ,
       1.        , 1.        , 1.        , 1.        , 1.        ,
       1.        , 1.        , 1.        , 1.        , 1.        ,
       1.        , 1.        , 1.        , 1.        , 1.        ,
       1.        , 1.        , 1.        , 1.        , 1.        ,
       1.        , 1.        , 1.        , 1.        , 1.        ,
       1.        , 1.        , 1.        , 1.        , 1.        ,
       1.        , 1.        , 1.        , 1.        , 1.        ,
       1.        , 1.        , 1.        , 1.        , 1.        ,
       1.        , 1.        , 1.        , 1.        , 1.        ,
       1.        , 1.        , 1.        , 1.        , 1.        ,
       1.        ]), array([0.       , 0.9835942, 1.       , 1.       , 1.       , 1.       ,
       1.       , 1.       , 1.       , 1.       , 1.       , 1.       ,
       1.       , 1.       , 1.       , 1.       , 1.       , 1.       ,
       1.       , 1.       , 1.       , 1.       , 1.       , 1.       ,
       1.       , 1.       , 1.       , 1.       , 1.       , 1.       ,
       1.       , 1.       , 1.       , 1.       , 1.       , 1.       ,
       1.       , 1.       , 1.       , 1.       , 1.       , 1.       ,
       1.       , 1.       , 1.       , 1.       , 1.       , 1.       ,
       1.       , 1.       , 1.       , 1.       , 1.       , 1.       ,
       1.       , 1.       , 1.       , 1.       , 1.       , 1.       ,
       1.       , 1.       , 1.       , 1.       , 1.       , 1.       ,
       1.       , 1.       , 1.       , 1.       , 1.       , 1.       ,
       1.       , 1.       , 1.       , 1.       , 1.       , 1.       ,
       1.       , 1.       , 1.       , 1.       , 1.       , 1.       ,
       1.       , 1.       , 1.       , 1.       , 1.       , 1.       ,
       1.       , 1.       , 1.       , 1.       , 1.       , 1.       ,
       1.       , 1.       , 1.       , 1.       , 1.       ])]","[array([0., 1., 1., 1., 1., 1., 1., 1., 1., 1., 1., 1., 1., 1., 1., 1., 1.,
       1., 1., 1., 1., 1., 1., 1., 1., 1., 1., 1., 1., 1., 1., 1., 1., 1.,
       1., 1., 1., 1., 1., 1., 1., 1., 1., 1., 1., 1., 1., 1., 1., 1., 1.,
       1., 1., 1., 1., 1., 1., 1., 1., 1., 1., 1., 1., 1., 1., 1., 1., 1.,
       1., 1., 1., 1., 1., 1., 1., 1., 1., 1., 1., 1., 1., 1., 1., 1., 1.,
       1., 1., 1., 1., 1., 1., 1., 1., 1., 1., 1., 1., 1., 1., 1., 1.]), array([0., 1., 1., 1., 1., 1., 1., 1., 1., 1., 1., 1., 1., 1., 1., 1., 1.,
       1., 1., 1., 1., 1., 1., 1., 1., 1., 1., 1., 1., 1., 1., 1., 1., 1.,
       1., 1., 1., 1., 1., 1., 1., 1., 1., 1., 1., 1., 1., 1., 1., 1., 1.,
       1., 1., 1., 1., 1., 1., 1., 1., 1., 1., 1., 1., 1., 1., 1., 1., 1.,
       1., 1., 1., 1., 1., 1., 1., 1., 1., 1., 1., 1., 1., 1., 1., 1., 1.,
       1., 1., 1., 1., 1., 1., 1., 1., 1., 1., 1., 1., 1., 1., 1., 1.]), array([0., 1., 1., 1., 1., 1., 1., 1., 1., 1., 1., 1., 1., 1., 1., 1., 1.,
       1., 1., 1., 1., 1., 1., 1., 1., 1., 1., 1., 1., 1., 1., 1., 1., 1.,
       1., 1., 1., 1., 1., 1., 1., 1., 1., 1., 1., 1., 1., 1., 1., 1., 1.,
       1., 1., 1., 1., 1., 1., 1., 1., 1., 1., 1., 1., 1., 1., 1., 1., 1.,
       1., 1., 1., 1., 1., 1., 1., 1., 1., 1., 1., 1., 1., 1., 1., 1., 1.,
       1., 1., 1., 1., 1., 1., 1., 1., 1., 1., 1., 1., 1., 1., 1., 1.]), array([0., 1., 1., 1., 1., 1., 1., 1., 1., 1., 1., 1., 1., 1., 1., 1., 1.,
       1., 1., 1., 1., 1., 1., 1., 1., 1., 1., 1., 1., 1., 1., 1., 1., 1.,
       1., 1., 1., 1., 1., 1., 1., 1., 1., 1., 1., 1., 1., 1., 1., 1., 1.,
       1., 1., 1., 1., 1., 1., 1., 1., 1., 1., 1., 1., 1., 1., 1., 1., 1.,
       1., 1., 1., 1., 1., 1., 1., 1., 1., 1., 1., 1., 1., 1., 1., 1., 1.,
       1., 1., 1., 1., 1., 1., 1., 1., 1., 1., 1., 1., 1., 1., 1., 1.]), array([0.        , 0.30299511, 1.        , 1.        , 1.        ,
       1.        , 1.        , 1.        , 1.        , 1.        ,
       1.        , 1.        , 1.        , 1.        , 1.        ,
       1.        , 1.        , 1.        , 1.        , 1.        ,
       1.        , 1.        , 1.        , 1.        , 1.        ,
       1.        , 1.        , 1.        , 1.        , 1.        ,
       1.        , 1.        , 1.        , 1.        , 1.        ,
       1.        , 1.        , 1.        , 1.        , 1.        ,
       1.        , 1.        , 1.        , 1.        , 1.        ,
       1.        , 1.        , 1.        , 1.        , 1.        ,
       1.        , 1.        , 1.        , 1.        , 1.        ,
       1.        , 1.        , 1.        , 1.        , 1.        ,
       1.        , 1.        , 1.        , 1.        , 1.        ,
       1.        , 1.        , 1.        , 1.        , 1.        ,
       1.        , 1.        , 1.        , 1.        , 1.        ,
       1.        , 1.        , 1.        , 1.        , 1.        ,
       1.        , 1.        , 1.        , 1.        , 1.        ,
       1.        , 1.        , 1.        , 1.        , 1.        ,
       1.        , 1.        , 1.        , 1.        , 1.        ,
       1.        , 1.        , 1.        , 1.        , 1.        ,
       1.        ])]",-0.2182946290058916,0.0495507082443927,0.1470707565358626,0.0510785813576562,"[{'lambda_reg': 0.02021687693998849, 'K_bin': 565}, {'lambda_reg': 0.001525446421223317, 'K_bin': 752}, {'lambda_reg': 0.1019487687704227, 'K_bin': 581}, {'lambda_reg': 0.0002574129863646753, 'K_bin': 419}, {'lambda_reg': 0.7739496885767683, 'K_bin': 43}]",300,3,linear,56
"[np.float64(0.13357319317232547), np.float64(0.12901017295912354), np.float64(0.11451618632817222), np.float64(0.23546811833226747), np.float64(0.1963355569193924)]",0.1617806455422562,0.046319280853191,"[np.float64(0.6988739610110356), np.float64(0.725262239399761), np.float64(0.7111057387792987), np.float64(0.6483988108753472), np.float64(0.708246536849443)]",0.6983774573829771,0.0263829907459205,"[np.float64(0.5583333333333333), np.float64(0.6000000000000153), np.float64(0.5166674349744685), np.float64(0.9505596260956479), np.float64(0.5500000003185121)]",0.6351120789443955,0.159942607508023,"[array([0.11666667, 1.        , 1.        , 1.        , 1.        ,
       1.        , 1.        , 1.        , 1.        , 1.        ,
       1.        , 1.        , 1.        , 1.        , 1.        ,
       1.        , 1.        , 1.        , 1.        , 1.        ,
       1.        , 1.        , 1.        , 1.        , 1.        ,
       1.        , 1.        , 1.        , 1.        , 1.        ,
       1.        , 1.        , 1.        , 1.        , 1.        ,
       1.        , 1.        , 1.        , 1.        , 1.        ,
       1.        , 1.        , 1.        , 1.        , 1.        ,
       1.        , 1.        , 1.        , 1.        , 1.        ,
       1.        , 1.        , 1.        , 1.        , 1.        ,
       1.        , 1.        , 1.        , 1.        , 1.        ,
       1.        , 1.        , 1.        , 1.        , 1.        ,
       1.        , 1.        , 1.        , 1.        , 1.        ,
       1.        , 1.        , 1.        , 1.        , 1.        ,
       1.        , 1.        , 1.        , 1.        , 1.        ,
       1.        , 1.        , 1.        , 1.        , 1.        ,
       1.        , 1.        , 1.        , 1.        , 1.        ,
       1.        , 1.        , 1.        , 1.        , 1.        ,
       1.        , 1.        , 1.        , 1.        , 1.        ,
       1.        ]), array([0.2, 1. , 1. , 1. , 1. , 1. , 1. , 1. , 1. , 1. , 1. , 1. , 1. ,
       1. , 1. , 1. , 1. , 1. , 1. , 1. , 1. , 1. , 1. , 1. , 1. , 1. ,
       1. , 1. , 1. , 1. , 1. , 1. , 1. , 1. , 1. , 1. , 1. , 1. , 1. ,
       1. , 1. , 1. , 1. , 1. , 1. , 1. , 1. , 1. , 1. , 1. , 1. , 1. ,
       1. , 1. , 1. , 1. , 1. , 1. , 1. , 1. , 1. , 1. , 1. , 1. , 1. ,
       1. , 1. , 1. , 1. , 1. , 1. , 1. , 1. , 1. , 1. , 1. , 1. , 1. ,
       1. , 1. , 1. , 1. , 1. , 1. , 1. , 1. , 1. , 1. , 1. , 1. , 1. ,
       1. , 1. , 1. , 1. , 1. , 1. , 1. , 1. , 1. , 1. ]), array([0.03333487, 1.        , 1.        , 1.        , 1.        ,
       1.        , 1.        , 1.        , 1.        , 1.        ,
       1.        , 1.        , 1.        , 1.        , 1.        ,
       1.        , 1.        , 1.        , 1.        , 1.        ,
       1.        , 1.        , 1.        , 1.        , 1.        ,
       1.        , 1.        , 1.        , 1.        , 1.        ,
       1.        , 1.        , 1.        , 1.        , 1.        ,
       1.        , 1.        , 1.        , 1.        , 1.        ,
       1.        , 1.        , 1.        , 1.        , 1.        ,
       1.        , 1.        , 1.        , 1.        , 1.        ,
       1.        , 1.        , 1.        , 1.        , 1.        ,
       1.        , 1.        , 1.        , 1.        , 1.        ,
       1.        , 1.        , 1.        , 1.        , 1.        ,
       1.        , 1.        , 1.        , 1.        , 1.        ,
       1.        , 1.        , 1.        , 1.        , 1.        ,
       1.        , 1.        , 1.        , 1.        , 1.        ,
       1.        , 1.        , 1.        , 1.        , 1.        ,
       1.        , 1.        , 1.        , 1.        , 1.        ,
       1.        , 1.        , 1.        , 1.        , 1.        ,
       1.        , 1.        , 1.        , 1.        , 1.        ,
       1.        ]), array([0.        , 0.93780248, 0.96253307, 0.96253307, 0.96253307,
       0.96253307, 0.96253307, 0.97039601, 0.97039601, 0.97804966,
       0.97804966, 0.97804966, 0.99294381, 0.99294381, 0.99294381,
       0.99294381, 1.        , 1.        , 1.        , 1.        ,
       1.        , 1.        , 1.        , 1.        , 1.        ,
       1.        , 1.        , 1.        , 1.        , 1.        ,
       1.        , 1.        , 1.        , 1.        , 1.        ,
       1.        , 1.        , 1.        , 1.        , 1.        ,
       1.        , 1.        , 1.        , 1.        , 1.        ,
       1.        , 1.        , 1.        , 1.        , 1.        ,
       1.        , 1.        , 1.        , 1.        , 1.        ,
       1.        , 1.        , 1.        , 1.        , 1.        ,
       1.        , 1.        , 1.        , 1.        , 1.        ,
       1.        , 1.        , 1.        , 1.        , 1.        ,
       1.        , 1.        , 1.        , 1.        , 1.        ,
       1.        , 1.        , 1.        , 1.        , 1.        ,
       1.        , 1.        , 1.        , 1.        , 1.        ,
       1.        , 1.        , 1.        , 1.        , 1.        ,
       1.        , 1.        , 1.        , 1.        , 1.        ,
       1.        , 1.        , 1.        , 1.        , 1.        ,
       1.        ]), array([0.1, 1. , 1. , 1. , 1. , 1. , 1. , 1. , 1. , 1. , 1. , 1. , 1. ,
       1. , 1. , 1. , 1. , 1. , 1. , 1. , 1. , 1. , 1. , 1. , 1. , 1. ,
       1. , 1. , 1. , 1. , 1. , 1. , 1. , 1. , 1. , 1. , 1. , 1. , 1. ,
       1. , 1. , 1. , 1. , 1. , 1. , 1. , 1. , 1. , 1. , 1. , 1. , 1. ,
       1. , 1. , 1. , 1. , 1. , 1. , 1. , 1. , 1. , 1. , 1. , 1. , 1. ,
       1. , 1. , 1. , 1. , 1. , 1. , 1. , 1. , 1. , 1. , 1. , 1. , 1. ,
       1. , 1. , 1. , 1. , 1. , 1. , 1. , 1. , 1. , 1. , 1. , 1. , 1. ,
       1. , 1. , 1. , 1. , 1. , 1. , 1. , 1. , 1. , 1. ])]","[array([0., 1., 1., 1., 1., 1., 1., 1., 1., 1., 1., 1., 1., 1., 1., 1., 1.,
       1., 1., 1., 1., 1., 1., 1., 1., 1., 1., 1., 1., 1., 1., 1., 1., 1.,
       1., 1., 1., 1., 1., 1., 1., 1., 1., 1., 1., 1., 1., 1., 1., 1., 1.,
       1., 1., 1., 1., 1., 1., 1., 1., 1., 1., 1., 1., 1., 1., 1., 1., 1.,
       1., 1., 1., 1., 1., 1., 1., 1., 1., 1., 1., 1., 1., 1., 1., 1., 1.,
       1., 1., 1., 1., 1., 1., 1., 1., 1., 1., 1., 1., 1., 1., 1., 1.]), array([0., 1., 1., 1., 1., 1., 1., 1., 1., 1., 1., 1., 1., 1., 1., 1., 1.,
       1., 1., 1., 1., 1., 1., 1., 1., 1., 1., 1., 1., 1., 1., 1., 1., 1.,
       1., 1., 1., 1., 1., 1., 1., 1., 1., 1., 1., 1., 1., 1., 1., 1., 1.,
       1., 1., 1., 1., 1., 1., 1., 1., 1., 1., 1., 1., 1., 1., 1., 1., 1.,
       1., 1., 1., 1., 1., 1., 1., 1., 1., 1., 1., 1., 1., 1., 1., 1., 1.,
       1., 1., 1., 1., 1., 1., 1., 1., 1., 1., 1., 1., 1., 1., 1., 1.]), array([0., 1., 1., 1., 1., 1., 1., 1., 1., 1., 1., 1., 1., 1., 1., 1., 1.,
       1., 1., 1., 1., 1., 1., 1., 1., 1., 1., 1., 1., 1., 1., 1., 1., 1.,
       1., 1., 1., 1., 1., 1., 1., 1., 1., 1., 1., 1., 1., 1., 1., 1., 1.,
       1., 1., 1., 1., 1., 1., 1., 1., 1., 1., 1., 1., 1., 1., 1., 1., 1.,
       1., 1., 1., 1., 1., 1., 1., 1., 1., 1., 1., 1., 1., 1., 1., 1., 1.,
       1., 1., 1., 1., 1., 1., 1., 1., 1., 1., 1., 1., 1., 1., 1., 1.]), array([0.        , 0.0610301 , 0.1386146 , 0.1386146 , 0.1386146 ,
       0.1386146 , 0.1386146 , 0.2387612 , 0.2387612 , 0.3797568 ,
       0.3797568 , 0.3797568 , 0.74238902, 0.74238902, 0.74238902,
       0.74238902, 1.        , 1.        , 1.        , 1.        ,
       1.        , 1.        , 1.        , 1.        , 1.        ,
       1.        , 1.        , 1.        , 1.        , 1.        ,
       1.        , 1.        , 1.        , 1.        , 1.        ,
       1.        , 1.        , 1.        , 1.        , 1.        ,
       1.        , 1.        , 1.        , 1.        , 1.        ,
       1.        , 1.        , 1.        , 1.        , 1.        ,
       1.        , 1.        , 1.        , 1.        , 1.        ,
       1.        , 1.        , 1.        , 1.        , 1.        ,
       1.        , 1.        , 1.        , 1.        , 1.        ,
       1.        , 1.        , 1.        , 1.        , 1.        ,
       1.        , 1.        , 1.        , 1.        , 1.        ,
       1.        , 1.        , 1.        , 1.        , 1.        ,
       1.        , 1.        , 1.        , 1.        , 1.        ,
       1.        , 1.        , 1.        , 1.        , 1.        ,
       1.        , 1.        , 1.        , 1.        , 1.        ,
       1.        , 1.        , 1.        , 1.        , 1.        ,
       1.        ]), array([0., 1., 1., 1., 1., 1., 1., 1., 1., 1., 1., 1., 1., 1., 1., 1., 1.,
       1., 1., 1., 1., 1., 1., 1., 1., 1., 1., 1., 1., 1., 1., 1., 1., 1.,
       1., 1., 1., 1., 1., 1., 1., 1., 1., 1., 1., 1., 1., 1., 1., 1., 1.,
       1., 1., 1., 1., 1., 1., 1., 1., 1., 1., 1., 1., 1., 1., 1., 1., 1.,
       1., 1., 1., 1., 1., 1., 1., 1., 1., 1., 1., 1., 1., 1., 1., 1., 1.,
       1., 1., 1., 1., 1., 1., 1., 1., 1., 1., 1., 1., 1., 1., 1., 1.])]",-0.2088501856195544,0.0211395405774409,0.148449102458325,0.0209282663606221,"[{'lambda_reg': 0.06087072549966801, 'K_bin': 410}, {'lambda_reg': 0.015225390305200308, 'K_bin': 583}, {'lambda_reg': 0.0007343726467458588, 'K_bin': 264}, {'lambda_reg': 0.010958710963248559, 'K_bin': 33}, {'lambda_reg': 0.006740640234850861, 'K_bin': 477}]",600,3,linear,77
"[np.float64(0.11382499890619983), np.float64(0.09748865332257482), np.float64(0.16700293609534875), np.float64(0.09244308896670943), np.float64(0.12070622575448738)]",0.118293180609064,0.0264555601251219,"[np.float64(0.8290821148676984), np.float64(0.85401193727564), np.float64(0.8229299370413403), np.float64(0.8869309763958805), np.float64(0.8411302925560954)]",0.8468170516273309,0.0227083896112242,"[np.float64(0.884473700741745), np.float64(0.9220729652679394), np.float64(0.9823560005105799), np.float64(0.9167201075171574), np.float64(0.9302502490365846)]",0.9271746046148012,0.0316642905077059,"[array([0.        , 0.22912813, 0.26385469, 0.2811244 , 0.2811244 ,
       0.29804   , 0.3481337 , 0.36471613, 0.36471613, 0.36471613,
       0.36471613, 0.36471613, 0.3802512 , 0.3802512 , 0.41080401,
       0.44098204, 0.45594995, 0.45594995, 0.45594995, 0.47034443,
       0.47034443, 0.48443043, 0.4982001 , 0.51184824, 0.51184824,
       0.51184824, 0.51184824, 0.537696  , 0.56324287, 0.56324287,
       0.56324287, 0.56324287, 0.56324287, 0.57516181, 0.58689581,
       0.59844166, 0.62109451, 0.62109451, 0.65418118, 0.65418118,
       0.65418118, 0.65418118, 0.66457366, 0.67472254, 0.67472254,
       0.67472254, 0.69404377, 0.71292764, 0.73147709, 0.74958785,
       0.75855884, 0.77609386, 0.7847191 , 0.7847191 , 0.80113026,
       0.80113026, 0.80897763, 0.8166124 , 0.82419465, 0.82419465,
       0.82419465, 0.8311978 , 0.83793492, 0.85127754, 0.85127754,
       0.86366838, 0.86973649, 0.87569512, 0.88713242, 0.90375244,
       0.90375244, 0.91421751, 0.91421751, 0.9191093 , 0.92373538,
       0.92373538, 0.92808923, 0.94052363, 0.94452013, 0.94452013,
       0.94452013, 0.95493738, 0.95825323, 0.96436106, 0.96719841,
       0.96995565, 0.97247388, 0.97247388, 0.97247388, 0.97446453,
       0.97446453, 0.98119539, 0.98265909, 0.98389941, 0.98736453,
       0.99125648, 0.9961588 , 0.99918947, 1.        , 1.        ,
       1.        ]), array([0.        , 0.35295318, 0.38624289, 0.40267343, 0.40267343,
       0.41867984, 0.41867984, 0.46581624, 0.46581624, 0.46581624,
       0.46581624, 0.48089061, 0.48089061, 0.48089061, 0.50991697,
       0.52438408, 0.52438408, 0.56653025, 0.56653025, 0.58026586,
       0.58026586, 0.58026586, 0.61976317, 0.61976317, 0.61976317,
       0.61976317, 0.63225908, 0.65702231, 0.65702231, 0.66906999,
       0.68087004, 0.68087004, 0.6924798 , 0.6924798 , 0.70368467,
       0.71468662, 0.71468662, 0.72530916, 0.75700384, 0.75700384,
       0.75700384, 0.75700384, 0.75700384, 0.75700384, 0.76657253,
       0.78524703, 0.80360649, 0.80360649, 0.82135241, 0.82135241,
       0.82979755, 0.82979755, 0.82979755, 0.8538096 , 0.8538096 ,
       0.86909505, 0.8765412 , 0.88378753, 0.89812036, 0.89812036,
       0.89812036, 0.90483456, 0.90483456, 0.90483456, 0.91099714,
       0.91704348, 0.91704348, 0.91704348, 0.92253271, 0.92253271,
       0.92253271, 0.92750092, 0.93697073, 0.93697073, 0.93697073,
       0.93697073, 0.94106128, 0.94106128, 0.94106128, 0.95171501,
       0.95864027, 0.95864027, 0.96168273, 0.9646064 , 0.9646064 ,
       0.9646064 , 0.9646064 , 0.96916825, 0.96916825, 0.96916825,
       0.97285536, 0.97782308, 0.98080026, 0.98327954, 0.98550027,
       0.99023859, 0.9940993 , 0.99639096, 0.9988575 , 1.        ,
       1.        ]), array([0.09757763, 0.87798315, 0.88673816, 0.90402908, 0.91255737,
       0.92104316, 0.93774278, 0.93774278, 0.93774278, 0.93774278,
       0.93774278, 0.93774278, 0.93774278, 0.93774278, 0.93774278,
       0.94530607, 0.95278437, 0.96016853, 0.96016853, 0.96016853,
       0.96016853, 0.96016853, 0.96016853, 0.96016853, 0.96016853,
       0.96016853, 0.96016853, 0.96016853, 0.96016853, 0.96016853,
       0.96642847, 0.96642847, 0.96642847, 0.97239164, 0.97239164,
       0.97239164, 0.97239164, 0.97239164, 0.97239164, 0.97788768,
       0.97788768, 0.97788768, 0.97788768, 0.97788768, 0.97788768,
       0.9828324 , 0.9828324 , 0.9828324 , 0.9828324 , 0.9828324 ,
       0.9828324 , 0.9828324 , 0.9828324 , 0.9828324 , 0.9828324 ,
       0.98684618, 0.98684618, 0.98684618, 0.98684618, 0.99050226,
       0.99050226, 0.99050226, 0.99050226, 0.99050226, 0.99050226,
       0.99050226, 0.99050226, 0.99050226, 0.99050226, 0.99050226,
       0.99050226, 0.99050226, 0.99050226, 0.99050226, 0.99281565,
       0.99504915, 0.99719231, 0.99719231, 0.99719231, 0.99719231,
       0.99719231, 0.998929  , 0.998929  , 0.998929  , 0.998929  ,
       0.998929  , 0.998929  , 0.998929  , 1.        , 1.        ,
       1.        , 1.        , 1.        , 1.        , 1.        ,
       1.        , 1.        , 1.        , 1.        , 1.        ,
       1.        ]), array([0.        , 0.15152381, 0.25833763, 0.27943866, 0.30035636,
       0.30035636, 0.34131002, 0.34131002, 0.38141115, 0.38141115,
       0.40099769, 0.40099769, 0.42015195, 0.42015195, 0.43881237,
       0.43881237, 0.45711164, 0.45711164, 0.45711164, 0.47480562,
       0.49215178, 0.49215178, 0.50921162, 0.52597187, 0.54245329,
       0.54245329, 0.54245329, 0.55831219, 0.55831219, 0.57390209,
       0.60431589, 0.61930298, 0.61930298, 0.63402859, 0.63402859,
       0.63402859, 0.63402859, 0.63402859, 0.63402859, 0.64729225,
       0.66033602, 0.66033602, 0.66033602, 0.67274108, 0.67274108,
       0.68474882, 0.69665577, 0.70825734, 0.73096935, 0.75343498,
       0.76443188, 0.78602338, 0.78602338, 0.78602338, 0.78602338,
       0.78602338, 0.79564413, 0.81451894, 0.81451894, 0.81451894,
       0.81451894, 0.84023097, 0.84867222, 0.85677087, 0.86461262,
       0.86461262, 0.86461262, 0.86461262, 0.87154576, 0.87154576,
       0.87810959, 0.89724653, 0.89724653, 0.90929853, 0.90929853,
       0.90929853, 0.92513933, 0.93020543, 0.93020543, 0.93020543,
       0.93020543, 0.93451942, 0.93845505, 0.94606941, 0.94606941,
       0.94606941, 0.94925519, 0.95828478, 0.96102103, 0.96102103,
       0.96772548, 0.9697689 , 0.9716298 , 0.97491718, 0.98195797,
       0.98558725, 0.98857082, 0.9908209 , 0.99554407, 0.99980567,
       1.        ]), array([0.        , 0.33868042, 0.33868042, 0.35525675, 0.35525675,
       0.35525675, 0.35525675, 0.35525675, 0.37093685, 0.37093685,
       0.40161414, 0.47747105, 0.49249123, 0.50729041, 0.52188399,
       0.53634845, 0.57949232, 0.65014789, 0.65014789, 0.65014789,
       0.67743891, 0.67743891, 0.69076278, 0.7302644 , 0.74331057,
       0.76890408, 0.78158981, 0.78158981, 0.7938522 , 0.7938522 ,
       0.7938522 , 0.7938522 , 0.7938522 , 0.7938522 , 0.7938522 ,
       0.7938522 , 0.7938522 , 0.7938522 , 0.80445783, 0.80445783,
       0.80445783, 0.80445783, 0.80445783, 0.81417763, 0.81417763,
       0.82366548, 0.83286505, 0.83286505, 0.83286505, 0.84152373,
       0.84152373, 0.84985802, 0.8661892 , 0.8661892 , 0.87412594,
       0.87412594, 0.87412594, 0.87412594, 0.87412594, 0.87412594,
       0.87412594, 0.87412594, 0.88072192, 0.88072192, 0.88696939,
       0.88696939, 0.89274743, 0.89274743, 0.89274743, 0.89274743,
       0.89274743, 0.89772547, 0.90254264, 0.91200225, 0.91200225,
       0.92493701, 0.92901801, 0.93299859, 0.93687731, 0.93687731,
       0.94036723, 0.94360067, 0.94360067, 0.95269072, 0.9583043 ,
       0.96363089, 0.96363089, 0.96819776, 0.96819776, 0.97404689,
       0.97404689, 0.97736087, 0.98470496, 0.98590777, 0.98701016,
       0.99063861, 0.99360435, 0.99536336, 0.99922621, 1.        ,
       1.        ])]","[array([0.00000000e+00, 2.57041512e-04, 7.65337993e-04, 1.10321283e-03,
       1.10321283e-03, 1.75790278e-03, 4.30632365e-03, 5.25911321e-03,
       5.25911321e-03, 5.25911321e-03, 5.25911321e-03, 5.25911321e-03,
       7.14897584e-03, 7.14897584e-03, 1.13915723e-02, 1.59694942e-02,
       1.83668022e-02, 1.83668022e-02, 1.83668022e-02, 2.12771691e-02,
       2.12771691e-02, 2.44635370e-02, 2.79329227e-02, 3.15110514e-02,
       3.15110514e-02, 3.15110514e-02, 3.15110514e-02, 3.99632994e-02,
       4.86847659e-02, 4.86847659e-02, 4.86847659e-02, 4.86847659e-02,
       4.86847659e-02, 5.38100164e-02, 5.91007394e-02, 6.45598012e-02,
       7.58705721e-02, 7.58705721e-02, 9.36353545e-02, 9.36353545e-02,
       9.36353545e-02, 9.36353545e-02, 1.00126346e-01, 1.06835290e-01,
       1.06835290e-01, 1.06835290e-01, 1.21126896e-01, 1.35809803e-01,
       1.50791929e-01, 1.66166552e-01, 1.73929363e-01, 1.89819108e-01,
       1.97891272e-01, 1.97891272e-01, 2.14786539e-01, 2.14786539e-01,
       2.23554673e-01, 2.32513014e-01, 2.41518348e-01, 2.41518348e-01,
       2.41518348e-01, 2.51041809e-01, 2.60803291e-01, 2.80444016e-01,
       2.80444016e-01, 3.00936305e-01, 3.11296361e-01, 3.21754367e-01,
       3.43099797e-01, 3.75597443e-01, 3.75597443e-01, 3.97812740e-01,
       3.97812740e-01, 4.09225256e-01, 4.20875512e-01, 4.20875512e-01,
       4.32769326e-01, 4.69011892e-01, 4.81225430e-01, 4.81225430e-01,
       4.81225430e-01, 5.19272763e-01, 5.32095288e-01, 5.58209048e-01,
       5.71459695e-01, 5.84782008e-01, 5.98318171e-01, 5.98318171e-01,
       5.98318171e-01, 6.12326366e-01, 6.12326366e-01, 6.69461196e-01,
       6.83940859e-01, 6.98620379e-01, 7.42887848e-01, 8.02562684e-01,
       8.92912016e-01, 9.69146690e-01, 1.00000000e+00, 1.00000000e+00,
       1.00000000e+00]), array([0.00000000e+00, 8.45552422e-04, 1.24402428e-03, 1.65300489e-03,
       1.65300489e-03, 2.47705810e-03, 2.47705810e-03, 5.81319774e-03,
       5.81319774e-03, 5.81319774e-03, 5.81319774e-03, 7.54939082e-03,
       7.54939082e-03, 7.54939082e-03, 1.21202052e-02, 1.44507005e-02,
       1.44507005e-02, 2.26705492e-02, 2.26705492e-02, 2.57169254e-02,
       2.57169254e-02, 2.57169254e-02, 3.65290839e-02, 3.65290839e-02,
       3.65290839e-02, 3.65290839e-02, 4.07886994e-02, 4.95316351e-02,
       4.95316351e-02, 5.42299104e-02, 5.91705323e-02, 5.91705323e-02,
       6.42973865e-02, 6.42973865e-02, 6.98204766e-02, 7.55421589e-02,
       7.55421589e-02, 8.16351503e-02, 1.00083383e-01, 1.00083383e-01,
       1.00083383e-01, 1.00083383e-01, 1.00083383e-01, 1.00083383e-01,
       1.07207731e-01, 1.21909428e-01, 1.36919437e-01, 1.36919437e-01,
       1.52529891e-01, 1.52529891e-01, 1.60753797e-01, 1.60753797e-01,
       1.60753797e-01, 1.86720658e-01, 1.86720658e-01, 2.04739065e-01,
       2.13940637e-01, 2.23337770e-01, 2.42288454e-01, 2.42288454e-01,
       2.42288454e-01, 2.52206361e-01, 2.52206361e-01, 2.52206361e-01,
       2.62664110e-01, 2.73235615e-01, 2.73235615e-01, 2.73235615e-01,
       2.84352333e-01, 2.84352333e-01, 2.84352333e-01, 2.95978953e-01,
       3.19688847e-01, 3.19688847e-01, 3.19688847e-01, 3.19688847e-01,
       3.32174399e-01, 3.32174399e-01, 3.32174399e-01, 3.71214421e-01,
       3.97414543e-01, 3.97414543e-01, 4.10925811e-01, 4.24553327e-01,
       4.24553327e-01, 4.24553327e-01, 4.24553327e-01, 4.53066407e-01,
       4.53066407e-01, 4.53066407e-01, 4.82435565e-01, 5.27040218e-01,
       5.57104139e-01, 5.87655344e-01, 6.18459568e-01, 6.96266276e-01,
       7.74931868e-01, 8.38644235e-01, 9.35163003e-01, 1.00000000e+00,
       1.00000000e+00]), array([0.        , 0.00334232, 0.00513638, 0.01212217, 0.01743214,
       0.02340115, 0.03955682, 0.03955682, 0.03955682, 0.03955682,
       0.03955682, 0.03955682, 0.03955682, 0.03955682, 0.03955682,
       0.05983192, 0.08142511, 0.10447803, 0.10447803, 0.10447803,
       0.10447803, 0.10447803, 0.10447803, 0.10447803, 0.10447803,
       0.10447803, 0.10447803, 0.10447803, 0.10447803, 0.10447803,
       0.14496538, 0.14496538, 0.14496538, 0.19005492, 0.19005492,
       0.19005492, 0.19005492, 0.19005492, 0.19005492, 0.24238884,
       0.24238884, 0.24238884, 0.24238884, 0.24238884, 0.24238884,
       0.30327248, 0.30327248, 0.30327248, 0.30327248, 0.30327248,
       0.30327248, 0.30327248, 0.30327248, 0.30327248, 0.30327248,
       0.37859305, 0.37859305, 0.37859305, 0.37859305, 0.45946067,
       0.45946067, 0.45946067, 0.45946067, 0.45946067, 0.45946067,
       0.45946067, 0.45946067, 0.45946067, 0.45946067, 0.45946067,
       0.45946067, 0.45946067, 0.45946067, 0.45946067, 0.56115074,
       0.66407972, 0.7684097 , 0.7684097 , 0.7684097 , 0.7684097 ,
       0.7684097 , 0.87904305, 0.87904305, 0.87904305, 0.87904305,
       0.87904305, 0.87904305, 0.87904305, 1.        , 1.        ,
       1.        , 1.        , 1.        , 1.        , 1.        ,
       1.        , 1.        , 1.        , 1.        , 1.        ,
       1.        ]), array([0.00000000e+00, 8.43009997e-05, 1.03051791e-03, 1.38335537e-03,
       1.85078626e-03, 1.85078626e-03, 3.33678724e-03, 3.33678724e-03,
       5.35566175e-03, 5.35566175e-03, 6.65513693e-03, 6.65513693e-03,
       8.22481199e-03, 8.22481199e-03, 1.01031655e-02, 1.01031655e-02,
       1.22072575e-02, 1.22072575e-02, 1.22072575e-02, 1.46896837e-02,
       1.73895218e-02, 1.73895218e-02, 2.02683217e-02, 2.33343784e-02,
       2.65747224e-02, 2.65747224e-02, 2.65747224e-02, 3.02041752e-02,
       3.02041752e-02, 3.40017679e-02, 4.20757381e-02, 4.62501168e-02,
       4.62501168e-02, 5.05879393e-02, 5.05879393e-02, 5.05879393e-02,
       5.05879393e-02, 5.05879393e-02, 5.05879393e-02, 5.58395545e-02,
       6.12286107e-02, 6.12286107e-02, 6.12286107e-02, 6.70168974e-02,
       6.70168974e-02, 7.30535279e-02, 7.91531649e-02, 8.54436754e-02,
       9.83316756e-02, 1.11373681e-01, 1.18042144e-01, 1.31630528e-01,
       1.31630528e-01, 1.31630528e-01, 1.31630528e-01, 1.31630528e-01,
       1.39159154e-01, 1.54445616e-01, 1.54445616e-01, 1.54445616e-01,
       1.54445616e-01, 1.79000559e-01, 1.87266438e-01, 1.95746460e-01,
       2.04387062e-01, 2.04387062e-01, 2.04387062e-01, 2.04387062e-01,
       2.13595589e-01, 2.13595589e-01, 2.23034953e-01, 2.51699681e-01,
       2.51699681e-01, 2.71250760e-01, 2.71250760e-01, 2.71250760e-01,
       3.01975754e-01, 3.12351282e-01, 3.12351282e-01, 3.12351282e-01,
       3.12351282e-01, 3.23196917e-01, 3.34279054e-01, 3.56603896e-01,
       3.56603896e-01, 3.56603896e-01, 3.68154725e-01, 4.03137084e-01,
       4.14968893e-01, 4.14968893e-01, 4.51404588e-01, 4.63669452e-01,
       4.76048405e-01, 5.01077843e-01, 5.64387531e-01, 6.02745373e-01,
       6.41506823e-01, 6.80726739e-01, 7.99653509e-01, 9.86579352e-01,
       1.00000000e+00]), array([0.00000000e+00, 3.03844893e-04, 3.03844893e-04, 6.64977816e-04,
       6.64977816e-04, 6.64977816e-04, 6.64977816e-04, 6.64977816e-04,
       1.89289747e-03, 1.89289747e-03, 5.00920849e-03, 1.36088369e-02,
       1.54750045e-02, 1.75549014e-02, 1.98336439e-02, 2.22372687e-02,
       2.96894595e-02, 4.33195577e-02, 4.33195577e-02, 4.33195577e-02,
       4.97108902e-02, 4.97108902e-02, 5.32176412e-02, 6.41924253e-02,
       6.79677378e-02, 7.60008266e-02, 8.01247490e-02, 8.01247490e-02,
       8.46580968e-02, 8.46580968e-02, 8.46580968e-02, 8.46580968e-02,
       8.46580968e-02, 8.46580968e-02, 8.46580968e-02, 8.46580968e-02,
       8.46580968e-02, 8.46580968e-02, 9.07937874e-02, 9.07937874e-02,
       9.07937874e-02, 9.07937874e-02, 9.07937874e-02, 9.77861994e-02,
       9.77861994e-02, 1.05002941e-01, 1.12498501e-01, 1.12498501e-01,
       1.12498501e-01, 1.20517170e-01, 1.20517170e-01, 1.28849579e-01,
       1.45840707e-01, 1.45840707e-01, 1.54557609e-01, 1.54557609e-01,
       1.54557609e-01, 1.54557609e-01, 1.54557609e-01, 1.54557609e-01,
       1.54557609e-01, 1.54557609e-01, 1.64571217e-01, 1.64571217e-01,
       1.74921896e-01, 1.74921896e-01, 1.85726572e-01, 1.85726572e-01,
       1.85726572e-01, 1.85726572e-01, 1.85726572e-01, 1.97304974e-01,
       2.09038961e-01, 2.32675917e-01, 2.32675917e-01, 2.69344794e-01,
       2.81790764e-01, 2.94333860e-01, 3.06975468e-01, 3.06975468e-01,
       3.19993095e-01, 3.33258787e-01, 3.33258787e-01, 3.73646070e-01,
       4.01002710e-01, 4.28636914e-01, 4.28636914e-01, 4.57005876e-01,
       4.57005876e-01, 5.00527610e-01, 5.00527610e-01, 5.30108310e-01,
       6.04969997e-01, 6.20199606e-01, 6.35526327e-01, 6.97588696e-01,
       7.60291998e-01, 8.07769482e-01, 9.51569657e-01, 1.00000000e+00,
       1.00000000e+00])]",-0.0937763515113936,0.1894938668434087,0.0788858036357798,0.1314040436172393,"[{'lambda_reg': 0.08809560122704162, 'K_bin': 12, 'gamma': 0.1021077419592673}, {'lambda_reg': 0.1326977519320193, 'K_bin': 23, 'gamma': 0.3799135136656419}, {'lambda_reg': 8.015959517692192e-05, 'K_bin': 673, 'gamma': 0.0060995836665536035}, {'lambda_reg': 1.3481358151859897e-05, 'K_bin': 69, 'gamma': 0.0011388165824840462}, {'lambda_reg': 0.04630464592954656, 'K_bin': 219, 'gamma': 0.0918095361174658}]",600,2,exponential,73
"[np.float64(0.07989718874134973), np.float64(0.06970871507089854), np.float64(0.09845735818767683), np.float64(0.0611952599396462), np.float64(0.10244541141656899)]",0.082340786671228,0.0159788204703011,"[np.float64(0.8003091712056216), np.float64(0.852992030424679), np.float64(0.8187777518483281), np.float64(0.8400173960173136), np.float64(0.8526383215414381)]",0.8329469342074761,0.0205209032461508,"[np.float64(0.9888415248635885), np.float64(0.9831632694848254), np.float64(0.9517548820531034), np.float64(0.9919614761356501), np.float64(0.9755127227367164)]",0.9782467750547766,0.0143792148855194,"[array([0.        , 0.84521779, 0.85650994, 0.86764167, 0.86764167,
       0.86764167, 0.87840383, 0.8890421 , 0.8890421 , 0.8890421 ,
       0.8890421 , 0.8890421 , 0.90927236, 0.90927236, 0.90927236,
       0.91900558, 0.92862616, 0.92862616, 0.92862616, 0.92862616,
       0.92862616, 0.92862616, 0.92862616, 0.92862616, 0.92862616,
       0.92862616, 0.92862616, 0.92862616, 0.92862616, 0.92862616,
       0.93672286, 0.93672286, 0.93672286, 0.9444872 , 0.9444872 ,
       0.9519203 , 0.9519203 , 0.9519203 , 0.9519203 , 0.9519203 ,
       0.9519203 , 0.9519203 , 0.9519203 , 0.9519203 , 0.9519203 ,
       0.9519203 , 0.9519203 , 0.9519203 , 0.95787803, 0.95787803,
       0.95787803, 0.95787803, 0.95787803, 0.95787803, 0.95787803,
       0.95787803, 0.95787803, 0.95787803, 0.95787803, 0.96261075,
       0.96261075, 0.96261075, 0.96261075, 0.96261075, 0.96261075,
       0.96668915, 0.96668915, 0.96668915, 0.97042225, 0.97042225,
       0.97746732, 0.97746732, 0.97746732, 0.97746732, 0.97746732,
       0.97746732, 0.98030225, 0.98030225, 0.98030225, 0.9852849 ,
       0.9852849 , 0.98753565, 0.98753565, 0.98753565, 0.98753565,
       0.98933246, 0.990969  , 0.990969  , 0.99378484, 0.9950893 ,
       0.99633907, 0.99633907, 0.99633907, 0.99633907, 0.99708857,
       0.99768187, 0.99872441, 0.99957041, 0.99957041, 0.99983553,
       1.        ]), array([0.01180039, 0.81403576, 0.81403576, 0.82555217, 0.82555217,
       0.82555217, 0.82555217, 0.83664447, 0.84758283, 0.84758283,
       0.85824219, 0.86880248, 0.87921038, 0.87921038, 0.87921038,
       0.88926717, 0.88926717, 0.88926717, 0.88926717, 0.89890785,
       0.90844134, 0.90844134, 0.90844134, 0.90844134, 0.90844134,
       0.90844134, 0.91728926, 0.91728926, 0.91728926, 0.91728926,
       0.92561143, 0.92561143, 0.92561143, 0.92561143, 0.92561143,
       0.92561143, 0.92561143, 0.92561143, 0.93302334, 0.93302334,
       0.93302334, 0.93302334, 0.93302334, 0.93302334, 0.93302334,
       0.93963031, 0.93963031, 0.93963031, 0.93963031, 0.93963031,
       0.93963031, 0.93963031, 0.93963031, 0.93963031, 0.94507515,
       0.95043236, 0.95043236, 0.95043236, 0.95043236, 0.95043236,
       0.95523845, 0.95985947, 0.95985947, 0.95985947, 0.96422236,
       0.96422236, 0.96422236, 0.96422236, 0.96422236, 0.96422236,
       0.96422236, 0.96422236, 0.96761138, 0.96761138, 0.96761138,
       0.9705669 , 0.9705669 , 0.97339012, 0.97339012, 0.97339012,
       0.97579981, 0.9804167 , 0.9804167 , 0.98671187, 0.98671187,
       0.99037068, 0.99202281, 0.99202281, 0.99202281, 0.99469801,
       0.99599133, 0.99599133, 0.99703373, 0.99787357, 0.99787357,
       0.99787357, 0.99787357, 0.99825417, 0.99908579, 0.99944662,
       1.        ]), array([0.        , 0.15105288, 0.35103418, 0.41683804, 0.46576173,
       0.4979943 , 0.54597861, 0.56172341, 0.56172341, 0.56172341,
       0.56172341, 0.57690355, 0.5918358 , 0.5918358 , 0.6210028 ,
       0.6210028 , 0.63529838, 0.63529838, 0.67730151, 0.67730151,
       0.67730151, 0.69080346, 0.7040337 , 0.7040337 , 0.7040337 ,
       0.72950465, 0.74209494, 0.75449473, 0.75449473, 0.76650196,
       0.77841764, 0.77841764, 0.77841764, 0.78985913, 0.78985913,
       0.78985913, 0.78985913, 0.78985913, 0.80040013, 0.80040013,
       0.80040013, 0.80040013, 0.81022848, 0.81990805, 0.82946551,
       0.84835215, 0.8574789 , 0.86643704, 0.86643704, 0.88383427,
       0.88383427, 0.90047454, 0.90047454, 0.90047454, 0.90047454,
       0.90047454, 0.90047454, 0.90778144, 0.92204736, 0.92907434,
       0.92907434, 0.92907434, 0.92907434, 0.92907434, 0.94130278,
       0.94729139, 0.95310602, 0.95310602, 0.95310602, 0.95310602,
       0.95833808, 0.9633762 , 0.97303851, 0.97303851, 0.97303851,
       0.97303851, 0.97303851, 0.97303851, 0.97303851, 0.97303851,
       0.97303851, 0.97303851, 0.97622364, 0.97622364, 0.97897067,
       0.98166868, 0.98166868, 0.98402857, 0.98606777, 0.98606777,
       0.98791186, 0.98791186, 0.98942293, 0.99072958, 0.99183839,
       0.9928011 , 0.99576151, 0.99749215, 0.99864986, 0.9996166 ,
       1.        ]), array([0.        , 0.82750374, 0.82750374, 0.82750374, 0.83995485,
       0.8522545 , 0.8522545 , 0.86431587, 0.86431587, 0.86431587,
       0.86431587, 0.87587689, 0.87587689, 0.88718543, 0.89842035,
       0.89842035, 0.89842035, 0.89842035, 0.89842035, 0.89842035,
       0.90883581, 0.90883581, 0.90883581, 0.90883581, 0.90883581,
       0.91865124, 0.91865124, 0.91865124, 0.91865124, 0.92789593,
       0.92789593, 0.93686788, 0.94566805, 0.94566805, 0.94566805,
       0.94566805, 0.94566805, 0.94566805, 0.9537768 , 0.9537768 ,
       0.9537768 , 0.9537768 , 0.9537768 , 0.9537768 , 0.9537768 ,
       0.9537768 , 0.9537768 , 0.96070462, 0.96070462, 0.96070462,
       0.96070462, 0.96070462, 0.96070462, 0.96070462, 0.96070462,
       0.96070462, 0.9664257 , 0.9664257 , 0.9664257 , 0.9664257 ,
       0.9664257 , 0.97159599, 0.97159599, 0.98123339, 0.98123339,
       0.98580419, 0.98580419, 0.98580419, 0.98580419, 0.98580419,
       0.98580419, 0.98580419, 0.98580419, 0.98580419, 0.98580419,
       0.98580419, 0.98580419, 0.98580419, 0.98865089, 0.98865089,
       0.98865089, 0.99123569, 0.99123569, 0.99123569, 0.99123569,
       0.99123569, 0.99123569, 0.99123569, 0.9945346 , 0.99599378,
       0.99599378, 0.99599378, 0.99599378, 0.99599378, 0.99599378,
       0.99752707, 0.99815297, 0.99815297, 0.99853014, 0.99933442,
       1.        ]), array([0.        , 0.809451  , 0.81952024, 0.81952024, 0.83925714,
       0.83925714, 0.85867224, 0.85867224, 0.85867224, 0.85867224,
       0.85867224, 0.85867224, 0.86771573, 0.86771573, 0.86771573,
       0.86771573, 0.86771573, 0.86771573, 0.86771573, 0.87610732,
       0.87610732, 0.87610732, 0.87610732, 0.87610732, 0.87610732,
       0.88384594, 0.89148625, 0.89897885, 0.9064452 , 0.9064452 ,
       0.9064452 , 0.91357394, 0.9205982 , 0.92753152, 0.92753152,
       0.92753152, 0.92753152, 0.92753152, 0.92753152, 0.92753152,
       0.93374049, 0.93374049, 0.93374049, 0.93374049, 0.93374049,
       0.93374049, 0.93374049, 0.9391774 , 0.9391774 , 0.94447587,
       0.94447587, 0.94958693, 0.94958693, 0.94958693, 0.95911025,
       0.96378695, 0.97288901, 0.97738099, 0.97738099, 0.97738099,
       0.97738099, 0.98143641, 0.98541987, 0.98541987, 0.98541987,
       0.98910295, 0.98910295, 0.98910295, 0.98910295, 0.98910295,
       0.99219704, 0.99219704, 0.99219704, 0.99219704, 0.99490599,
       0.99490599, 0.99490599, 0.99490599, 0.99490599, 0.99490599,
       0.99490599, 0.99490599, 0.99490599, 0.99490599, 0.99663798,
       0.99663798, 0.99663798, 0.99800618, 0.99800618, 0.99800618,
       0.99800618, 0.99800618, 0.99800618, 0.99880255, 0.99880255,
       0.99880255, 0.99880255, 0.99880255, 0.99959275, 0.9998838 ,
       1.        ])]","[array([0.00000000e+00, 3.29439074e-04, 6.83678379e-04, 1.47054773e-03,
       1.47054773e-03, 1.47054773e-03, 3.25400537e-03, 5.37159553e-03,
       5.37159553e-03, 5.37159553e-03, 5.37159553e-03, 5.37159553e-03,
       1.24282764e-02, 1.24282764e-02, 1.24282764e-02, 1.69864933e-02,
       2.18485009e-02, 2.18485009e-02, 2.18485009e-02, 2.18485009e-02,
       2.18485009e-02, 2.18485009e-02, 2.18485009e-02, 2.18485009e-02,
       2.18485009e-02, 2.18485009e-02, 2.18485009e-02, 2.18485009e-02,
       2.18485009e-02, 2.18485009e-02, 3.08199716e-02, 3.08199716e-02,
       3.08199716e-02, 4.06877047e-02, 4.06877047e-02, 5.14487172e-02,
       5.14487172e-02, 5.14487172e-02, 5.14487172e-02, 5.14487172e-02,
       5.14487172e-02, 5.14487172e-02, 5.14487172e-02, 5.14487172e-02,
       5.14487172e-02, 5.14487172e-02, 5.14487172e-02, 5.14487172e-02,
       6.61883751e-02, 6.61883751e-02, 6.61883751e-02, 6.61883751e-02,
       6.61883751e-02, 6.61883751e-02, 6.61883751e-02, 6.61883751e-02,
       6.61883751e-02, 6.61883751e-02, 6.61883751e-02, 8.42315362e-02,
       8.42315362e-02, 8.42315362e-02, 8.42315362e-02, 8.42315362e-02,
       8.42315362e-02, 1.04039204e-01, 1.04039204e-01, 1.04039204e-01,
       1.24778056e-01, 1.24778056e-01, 1.67391431e-01, 1.67391431e-01,
       1.67391431e-01, 1.67391431e-01, 1.67391431e-01, 1.67391431e-01,
       1.90552393e-01, 1.90552393e-01, 1.90552393e-01, 2.38727509e-01,
       2.38727509e-01, 2.63463855e-01, 2.63463855e-01, 2.63463855e-01,
       2.63463855e-01, 2.89424326e-01, 3.15817007e-01, 3.15817007e-01,
       3.69835388e-01, 3.97123600e-01, 4.24559274e-01, 4.24559274e-01,
       4.24559274e-01, 4.24559274e-01, 4.53344040e-01, 4.82550054e-01,
       5.41350529e-01, 6.00681021e-01, 6.00681021e-01, 6.61578004e-01,
       1.00000000e+00]), array([0.00000000e+00, 4.59561020e-04, 4.59561020e-04, 1.14212142e-03,
       1.14212142e-03, 1.14212142e-03, 1.14212142e-03, 2.84406607e-03,
       4.91602274e-03, 4.91602274e-03, 7.65858852e-03, 1.06392652e-02,
       1.39862051e-02, 1.39862051e-02, 1.39862051e-02, 1.81770808e-02,
       1.81770808e-02, 1.81770808e-02, 1.81770808e-02, 2.33681122e-02,
       2.88167768e-02, 2.88167768e-02, 2.88167768e-02, 2.88167768e-02,
       2.88167768e-02, 2.88167768e-02, 3.59132691e-02, 3.59132691e-02,
       3.59132691e-02, 3.59132691e-02, 4.42734184e-02, 4.42734184e-02,
       4.42734184e-02, 4.42734184e-02, 4.42734184e-02, 4.42734184e-02,
       4.42734184e-02, 4.42734184e-02, 5.48214647e-02, 5.48214647e-02,
       5.48214647e-02, 5.48214647e-02, 5.48214647e-02, 5.48214647e-02,
       5.48214647e-02, 6.73042402e-02, 6.73042402e-02, 6.73042402e-02,
       6.73042402e-02, 6.73042402e-02, 6.73042402e-02, 6.73042402e-02,
       6.73042402e-02, 6.73042402e-02, 8.25803058e-02, 9.80669534e-02,
       9.80669534e-02, 9.80669534e-02, 9.80669534e-02, 9.80669534e-02,
       1.14878287e-01, 1.32134459e-01, 1.32134459e-01, 1.32134459e-01,
       1.50011043e-01, 1.50011043e-01, 1.50011043e-01, 1.50011043e-01,
       1.50011043e-01, 1.50011043e-01, 1.50011043e-01, 1.50011043e-01,
       1.70228408e-01, 1.70228408e-01, 1.70228408e-01, 1.91487724e-01,
       1.91487724e-01, 2.13065026e-01, 2.13065026e-01, 2.13065026e-01,
       2.35636277e-01, 2.81265482e-01, 2.81265482e-01, 3.51223962e-01,
       3.51223962e-01, 3.99155983e-01, 4.23548088e-01, 4.23548088e-01,
       4.23548088e-01, 4.73844315e-01, 4.99098842e-01, 4.99098842e-01,
       5.24956478e-01, 5.51300996e-01, 5.51300996e-01, 5.51300996e-01,
       5.51300996e-01, 5.78749310e-01, 6.61839842e-01, 7.17698815e-01,
       1.00000000e+00]), array([0.00000000e+00, 9.31616709e-04, 3.55919574e-03, 5.26928221e-03,
       6.96984774e-03, 8.47678077e-03, 1.10922218e-02, 1.22074726e-02,
       1.22074726e-02, 1.22074726e-02, 1.22074726e-02, 1.38726628e-02,
       1.57792649e-02, 1.57792649e-02, 2.02717788e-02, 2.02717788e-02,
       2.27984477e-02, 2.27984477e-02, 3.12389901e-02, 3.12389901e-02,
       3.12389901e-02, 3.45385778e-02, 3.81027747e-02, 3.81027747e-02,
       3.81027747e-02, 4.61948955e-02, 5.03823521e-02, 5.47553441e-02,
       5.47553441e-02, 5.95106471e-02, 6.43551069e-02, 6.43551069e-02,
       6.43551069e-02, 6.96613876e-02, 6.96613876e-02, 6.96613876e-02,
       6.96613876e-02, 6.96613876e-02, 7.58446612e-02, 7.58446612e-02,
       7.58446612e-02, 7.58446612e-02, 8.27219858e-02, 8.97442154e-02,
       9.68853589e-02, 1.11389980e-01, 1.18950604e-01, 1.26675435e-01,
       1.26675435e-01, 1.42630601e-01, 1.42630601e-01, 1.59322969e-01,
       1.59322969e-01, 1.59322969e-01, 1.59322969e-01, 1.59322969e-01,
       1.59322969e-01, 1.68655958e-01, 1.87660726e-01, 1.97266327e-01,
       1.97266327e-01, 1.97266327e-01, 1.97266327e-01, 1.97266327e-01,
       2.18255407e-01, 2.28872281e-01, 2.39658598e-01, 2.39658598e-01,
       2.39658598e-01, 2.39658598e-01, 2.51012276e-01, 2.62554844e-01,
       2.86043096e-01, 2.86043096e-01, 2.86043096e-01, 2.86043096e-01,
       2.86043096e-01, 2.86043096e-01, 2.86043096e-01, 2.86043096e-01,
       2.86043096e-01, 2.86043096e-01, 2.99390298e-01, 2.99390298e-01,
       3.13164162e-01, 3.26985771e-01, 3.26985771e-01, 3.41136686e-01,
       3.55599912e-01, 3.55599912e-01, 3.70253162e-01, 3.70253162e-01,
       3.85230744e-01, 4.00407407e-01, 4.15776750e-01, 4.31288376e-01,
       4.94202095e-01, 5.41864264e-01, 5.90084426e-01, 6.54939787e-01,
       1.00000000e+00]), array([0.00000000e+00, 3.42634155e-05, 3.42634155e-05, 3.42634155e-05,
       9.02508873e-04, 2.04533698e-03, 2.04533698e-03, 3.62014614e-03,
       3.62014614e-03, 3.62014614e-03, 3.62014614e-03, 6.10202365e-03,
       6.10202365e-03, 9.04163979e-03, 1.21147013e-02, 1.21147013e-02,
       1.21147013e-02, 1.21147013e-02, 1.21147013e-02, 1.21147013e-02,
       1.66733662e-02, 1.66733662e-02, 1.66733662e-02, 1.66733662e-02,
       1.66733662e-02, 2.23198297e-02, 2.23198297e-02, 2.23198297e-02,
       2.23198297e-02, 2.90009674e-02, 2.90009674e-02, 3.61765561e-02,
       4.36635577e-02, 4.36635577e-02, 4.36635577e-02, 4.36635577e-02,
       4.36635577e-02, 4.36635577e-02, 5.24040441e-02, 5.24040441e-02,
       5.24040441e-02, 5.24040441e-02, 5.24040441e-02, 5.24040441e-02,
       5.24040441e-02, 5.24040441e-02, 5.24040441e-02, 6.32854237e-02,
       6.32854237e-02, 6.32854237e-02, 6.32854237e-02, 6.32854237e-02,
       6.32854237e-02, 6.32854237e-02, 6.32854237e-02, 6.32854237e-02,
       7.63544921e-02, 7.63544921e-02, 7.63544921e-02, 7.63544921e-02,
       7.63544921e-02, 9.04220821e-02, 9.04220821e-02, 1.19832043e-01,
       1.19832043e-01, 1.34986447e-01, 1.34986447e-01, 1.34986447e-01,
       1.34986447e-01, 1.34986447e-01, 1.34986447e-01, 1.34986447e-01,
       1.34986447e-01, 1.34986447e-01, 1.34986447e-01, 1.34986447e-01,
       1.34986447e-01, 1.34986447e-01, 1.53266436e-01, 1.53266436e-01,
       1.53266436e-01, 1.72021241e-01, 1.72021241e-01, 1.72021241e-01,
       1.72021241e-01, 1.72021241e-01, 1.72021241e-01, 1.72021241e-01,
       2.12922199e-01, 2.33717629e-01, 2.33717629e-01, 2.33717629e-01,
       2.33717629e-01, 2.33717629e-01, 2.33717629e-01, 2.77819477e-01,
       3.00125554e-01, 3.00125554e-01, 3.22882551e-01, 4.38628294e-01,
       1.00000000e+00]), array([0.00000000e+00, 3.03817648e-04, 1.07828783e-03, 1.07828783e-03,
       4.37590049e-03, 4.37590049e-03, 9.07473063e-03, 9.07473063e-03,
       9.07473063e-03, 9.07473063e-03, 9.07473063e-03, 9.07473063e-03,
       1.43157455e-02, 1.43157455e-02, 1.43157455e-02, 1.43157455e-02,
       1.43157455e-02, 1.43157455e-02, 1.43157455e-02, 2.23954046e-02,
       2.23954046e-02, 2.23954046e-02, 2.23954046e-02, 2.23954046e-02,
       2.23954046e-02, 3.33183638e-02, 4.46694013e-02, 5.66636408e-02,
       6.87721889e-02, 6.87721889e-02, 6.87721889e-02, 8.23508198e-02,
       9.63844086e-02, 1.10814012e-01, 1.10814012e-01, 1.10814012e-01,
       1.10814012e-01, 1.10814012e-01, 1.10814012e-01, 1.10814012e-01,
       1.28397691e-01, 1.28397691e-01, 1.28397691e-01, 1.28397691e-01,
       1.28397691e-01, 1.28397691e-01, 1.28397691e-01, 1.49343278e-01,
       1.49343278e-01, 1.70891671e-01, 1.70891671e-01, 1.93256120e-01,
       1.93256120e-01, 1.93256120e-01, 2.41027888e-01, 2.65283743e-01,
       3.14889883e-01, 3.39950057e-01, 3.39950057e-01, 3.39950057e-01,
       3.39950057e-01, 3.66911200e-01, 3.94185735e-01, 3.94185735e-01,
       3.94185735e-01, 4.22768183e-01, 4.22768183e-01, 4.22768183e-01,
       4.22768183e-01, 4.22768183e-01, 4.53915387e-01, 4.53915387e-01,
       4.53915387e-01, 4.53915387e-01, 4.86739657e-01, 4.86739657e-01,
       4.86739657e-01, 4.86739657e-01, 4.86739657e-01, 4.86739657e-01,
       4.86739657e-01, 4.86739657e-01, 4.86739657e-01, 4.86739657e-01,
       5.23817975e-01, 5.23817975e-01, 5.23817975e-01, 5.62480427e-01,
       5.62480427e-01, 5.62480427e-01, 5.62480427e-01, 5.62480427e-01,
       5.62480427e-01, 6.03632827e-01, 6.03632827e-01, 6.03632827e-01,
       6.03632827e-01, 6.03632827e-01, 7.34052441e-01, 8.22025383e-01,
       1.00000000e+00])]",-0.1646159564420005,0.1143821224101448,0.0976009393419141,0.0566216706988694,"[{'lambda_reg': 0.007665794338126242, 'K_bin': 552, 'gamma': 0.08945057950126223, 'coef0': -1.2579234452856456}, {'lambda_reg': 0.0010454388146168027, 'K_bin': 104, 'gamma': 0.019569096461356433, 'coef0': -0.043464400032277695}, {'lambda_reg': 1.2983577944934434e-05, 'K_bin': 31, 'gamma': 0.1383212075273193, 'coef0': -2.624786561521778}, {'lambda_reg': 0.000804209910088199, 'K_bin': 344, 'gamma': 0.25830529498861304, 'coef0': 1.0235453575638331}, {'lambda_reg': 3.080840423747827e-05, 'K_bin': 241, 'gamma': 0.01862718380836913, 'coef0': 1.3263793138121303}]",600,1,sigmoid,68
"[np.float64(0.12682256833864358), np.float64(0.0947761635955228), np.float64(0.09625714644096199), np.float64(0.10803440200724553), np.float64(0.16671530174372962)]",0.1185211164252207,0.0266873450384798,"[np.float64(0.7179890670145415), np.float64(0.8122752685444304), np.float64(0.7454044887029869), np.float64(0.7787268509599433), np.float64(0.7448843378097394)]",0.7598560026063282,0.0325260684860661,"[np.float64(0.9844614328471871), np.float64(0.981592746921041), np.float64(0.9858293729471688), np.float64(0.9893611064445463), np.float64(0.9740541115308285)]",0.9830597541381544,0.0051496842890767,"[array([0.06789109, 0.98409591, 0.98409591, 0.98409591, 0.98409591,
       0.98409591, 0.98409591, 0.98409591, 0.98409591, 0.98409591,
       0.98409591, 0.98409591, 0.98409591, 0.98409591, 0.98409591,
       0.98409591, 0.98409591, 0.98409591, 0.98409591, 0.98409591,
       0.98409591, 0.98409591, 0.98409591, 0.98409591, 0.98409591,
       0.98409591, 0.98409591, 0.98409591, 0.98409591, 0.98409591,
       0.98409591, 0.98409591, 0.98409591, 0.98409591, 0.98409591,
       0.98409591, 0.98409591, 0.98409591, 0.98409591, 0.98409591,
       0.98409591, 0.98409591, 0.98409591, 0.98409591, 0.98409591,
       0.98409591, 0.98409591, 0.98409591, 0.98409591, 0.99275964,
       0.99275964, 0.99275964, 0.99275964, 0.99275964, 0.99275964,
       0.99275964, 0.99275964, 0.99275964, 1.        , 1.        ,
       1.        , 1.        , 1.        , 1.        , 1.        ,
       1.        , 1.        , 1.        , 1.        , 1.        ,
       1.        , 1.        , 1.        , 1.        , 1.        ,
       1.        , 1.        , 1.        , 1.        , 1.        ,
       1.        , 1.        , 1.        , 1.        , 1.        ,
       1.        , 1.        , 1.        , 1.        , 1.        ,
       1.        , 1.        , 1.        , 1.        , 1.        ,
       1.        , 1.        , 1.        , 1.        , 1.        ,
       1.        ]), array([0.03474444, 0.86823286, 0.93682935, 0.95381802, 0.95381802,
       0.97036432, 0.97036432, 0.97036432, 0.97036432, 0.97036432,
       0.97036432, 0.97036432, 0.97036432, 0.97036432, 0.97036432,
       0.97036432, 0.97036432, 0.97036432, 0.97036432, 0.97036432,
       0.97036432, 0.97036432, 0.97036432, 0.97036432, 0.97036432,
       0.97036432, 0.97036432, 0.97036432, 0.97036432, 0.97036432,
       0.97036432, 0.97036432, 0.97036432, 0.97036432, 0.97036432,
       0.97036432, 0.97036432, 0.98140139, 0.98140139, 0.98140139,
       0.98140139, 0.98140139, 0.98140139, 0.98140139, 0.98140139,
       0.98140139, 0.98140139, 0.98140139, 0.98140139, 0.98140139,
       0.98140139, 0.98140139, 0.98140139, 0.98140139, 0.98140139,
       0.98140139, 0.98140139, 0.98140139, 0.98140139, 0.98860416,
       0.98860416, 0.98860416, 0.98860416, 0.98860416, 0.98860416,
       0.98860416, 0.9946311 , 0.9946311 , 0.9946311 , 0.9946311 ,
       1.        , 1.        , 1.        , 1.        , 1.        ,
       1.        , 1.        , 1.        , 1.        , 1.        ,
       1.        , 1.        , 1.        , 1.        , 1.        ,
       1.        , 1.        , 1.        , 1.        , 1.        ,
       1.        , 1.        , 1.        , 1.        , 1.        ,
       1.        , 1.        , 1.        , 1.        , 1.        ,
       1.        ]), array([0.        , 0.90728936, 0.94100179, 0.95775217, 0.95775217,
       0.95775217, 0.95775217, 0.95775217, 0.95775217, 0.95775217,
       0.95775217, 0.95775217, 0.95775217, 0.95775217, 0.95775217,
       0.95775217, 0.95775217, 0.95775217, 0.97194798, 0.97194798,
       0.97194798, 0.97194798, 0.97194798, 0.97194798, 0.97194798,
       0.98493366, 0.98493366, 0.98493366, 0.98493366, 0.98493366,
       0.98493366, 0.98493366, 0.98493366, 0.98493366, 0.98493366,
       0.98493366, 0.98493366, 0.98493366, 0.98493366, 0.98493366,
       0.98493366, 0.98493366, 0.98493366, 0.98493366, 0.98493366,
       0.98493366, 0.98493366, 0.98493366, 0.98493366, 0.98493366,
       0.98493366, 0.99343797, 0.99343797, 0.99343797, 0.99343797,
       0.99343797, 0.99343797, 0.99343797, 0.99343797, 0.99343797,
       0.99343797, 0.99343797, 1.        , 1.        , 1.        ,
       1.        , 1.        , 1.        , 1.        , 1.        ,
       1.        , 1.        , 1.        , 1.        , 1.        ,
       1.        , 1.        , 1.        , 1.        , 1.        ,
       1.        , 1.        , 1.        , 1.        , 1.        ,
       1.        , 1.        , 1.        , 1.        , 1.        ,
       1.        , 1.        , 1.        , 1.        , 1.        ,
       1.        , 1.        , 1.        , 1.        , 1.        ,
       1.        ]), array([0.25054776, 0.98546813, 0.98546813, 0.98546813, 0.98546813,
       0.98546813, 0.98546813, 0.98546813, 0.98546813, 0.98546813,
       0.98546813, 0.98546813, 0.98546813, 1.        , 1.        ,
       1.        , 1.        , 1.        , 1.        , 1.        ,
       1.        , 1.        , 1.        , 1.        , 1.        ,
       1.        , 1.        , 1.        , 1.        , 1.        ,
       1.        , 1.        , 1.        , 1.        , 1.        ,
       1.        , 1.        , 1.        , 1.        , 1.        ,
       1.        , 1.        , 1.        , 1.        , 1.        ,
       1.        , 1.        , 1.        , 1.        , 1.        ,
       1.        , 1.        , 1.        , 1.        , 1.        ,
       1.        , 1.        , 1.        , 1.        , 1.        ,
       1.        , 1.        , 1.        , 1.        , 1.        ,
       1.        , 1.        , 1.        , 1.        , 1.        ,
       1.        , 1.        , 1.        , 1.        , 1.        ,
       1.        , 1.        , 1.        , 1.        , 1.        ,
       1.        , 1.        , 1.        , 1.        , 1.        ,
       1.        , 1.        , 1.        , 1.        , 1.        ,
       1.        , 1.        , 1.        , 1.        , 1.        ,
       1.        , 1.        , 1.        , 1.        , 1.        ,
       1.        ]), array([0.        , 0.72478592, 0.74416124, 0.74416124, 0.76309082,
       0.78183607, 0.78183607, 0.80009208, 0.81823706, 0.8540431 ,
       0.8540431 , 0.88920526, 0.88920526, 0.88920526, 0.88920526,
       0.88920526, 0.9057506 , 0.9057506 , 0.9057506 , 0.92178659,
       0.92178659, 0.95302561, 0.95302561, 0.95302561, 0.95302561,
       0.96776092, 0.96776092, 0.96776092, 0.96776092, 0.96776092,
       0.96776092, 0.96776092, 0.96776092, 0.96776092, 0.96776092,
       0.96776092, 0.96776092, 0.96776092, 0.96776092, 0.96776092,
       0.96776092, 0.96776092, 0.96776092, 0.96776092, 0.97873855,
       0.97873855, 0.97873855, 0.97873855, 0.97873855, 0.97873855,
       0.97873855, 0.97873855, 0.97873855, 0.97873855, 0.97873855,
       0.97873855, 0.97873855, 0.97873855, 0.97873855, 0.986868  ,
       0.986868  , 0.986868  , 0.986868  , 0.986868  , 0.986868  ,
       0.986868  , 0.986868  , 0.986868  , 0.986868  , 0.986868  ,
       0.986868  , 0.986868  , 0.986868  , 0.986868  , 0.986868  ,
       0.986868  , 0.986868  , 0.986868  , 0.986868  , 0.986868  ,
       0.986868  , 0.986868  , 0.986868  , 0.99024034, 0.99024034,
       0.99024034, 0.99024034, 0.99294637, 0.99294637, 0.99528314,
       0.99738242, 0.99738242, 0.99738242, 0.99738242, 0.99992876,
       0.99992876, 0.99992876, 0.99992876, 0.99992876, 0.99992876,
       1.        ])]","[array([0.        , 0.01768937, 0.01768937, 0.01768937, 0.01768937,
       0.01768937, 0.01768937, 0.01768937, 0.01768937, 0.01768937,
       0.01768937, 0.01768937, 0.01768937, 0.01768937, 0.01768937,
       0.01768937, 0.01768937, 0.01768937, 0.01768937, 0.01768937,
       0.01768937, 0.01768937, 0.01768937, 0.01768937, 0.01768937,
       0.01768937, 0.01768937, 0.01768937, 0.01768937, 0.01768937,
       0.01768937, 0.01768937, 0.01768937, 0.01768937, 0.01768937,
       0.01768937, 0.01768937, 0.01768937, 0.01768937, 0.01768937,
       0.01768937, 0.01768937, 0.01768937, 0.01768937, 0.01768937,
       0.01768937, 0.01768937, 0.01768937, 0.01768937, 0.47009506,
       0.47009506, 0.47009506, 0.47009506, 0.47009506, 0.47009506,
       0.47009506, 0.47009506, 0.47009506, 1.        , 1.        ,
       1.        , 1.        , 1.        , 1.        , 1.        ,
       1.        , 1.        , 1.        , 1.        , 1.        ,
       1.        , 1.        , 1.        , 1.        , 1.        ,
       1.        , 1.        , 1.        , 1.        , 1.        ,
       1.        , 1.        , 1.        , 1.        , 1.        ,
       1.        , 1.        , 1.        , 1.        , 1.        ,
       1.        , 1.        , 1.        , 1.        , 1.        ,
       1.        , 1.        , 1.        , 1.        , 1.        ,
       1.        ]), array([0.        , 0.0089299 , 0.03000986, 0.03907024, 0.03907024,
       0.05858012, 0.05858012, 0.05858012, 0.05858012, 0.05858012,
       0.05858012, 0.05858012, 0.05858012, 0.05858012, 0.05858012,
       0.05858012, 0.05858012, 0.05858012, 0.05858012, 0.05858012,
       0.05858012, 0.05858012, 0.05858012, 0.05858012, 0.05858012,
       0.05858012, 0.05858012, 0.05858012, 0.05858012, 0.05858012,
       0.05858012, 0.05858012, 0.05858012, 0.05858012, 0.05858012,
       0.05858012, 0.05858012, 0.2082302 , 0.2082302 , 0.2082302 ,
       0.2082302 , 0.2082302 , 0.2082302 , 0.2082302 , 0.2082302 ,
       0.2082302 , 0.2082302 , 0.2082302 , 0.2082302 , 0.2082302 ,
       0.2082302 , 0.2082302 , 0.2082302 , 0.2082302 , 0.2082302 ,
       0.2082302 , 0.2082302 , 0.2082302 , 0.2082302 , 0.44845502,
       0.44845502, 0.44845502, 0.44845502, 0.44845502, 0.44845502,
       0.44845502, 0.71645519, 0.71645519, 0.71645519, 0.71645519,
       1.        , 1.        , 1.        , 1.        , 1.        ,
       1.        , 1.        , 1.        , 1.        , 1.        ,
       1.        , 1.        , 1.        , 1.        , 1.        ,
       1.        , 1.        , 1.        , 1.        , 1.        ,
       1.        , 1.        , 1.        , 1.        , 1.        ,
       1.        , 1.        , 1.        , 1.        , 1.        ,
       1.        ]), array([0.00000000e+00, 4.27554102e-04, 1.97892821e-02, 3.33705130e-02,
       3.33705130e-02, 3.33705130e-02, 3.33705130e-02, 3.33705130e-02,
       3.33705130e-02, 3.33705130e-02, 3.33705130e-02, 3.33705130e-02,
       3.33705130e-02, 3.33705130e-02, 3.33705130e-02, 3.33705130e-02,
       3.33705130e-02, 3.33705130e-02, 1.41101371e-01, 1.41101371e-01,
       1.41101371e-01, 1.41101371e-01, 1.41101371e-01, 1.41101371e-01,
       1.41101371e-01, 2.93431556e-01, 2.93431556e-01, 2.93431556e-01,
       2.93431556e-01, 2.93431556e-01, 2.93431556e-01, 2.93431556e-01,
       2.93431556e-01, 2.93431556e-01, 2.93431556e-01, 2.93431556e-01,
       2.93431556e-01, 2.93431556e-01, 2.93431556e-01, 2.93431556e-01,
       2.93431556e-01, 2.93431556e-01, 2.93431556e-01, 2.93431556e-01,
       2.93431556e-01, 2.93431556e-01, 2.93431556e-01, 2.93431556e-01,
       2.93431556e-01, 2.93431556e-01, 2.93431556e-01, 6.10924317e-01,
       6.10924317e-01, 6.10924317e-01, 6.10924317e-01, 6.10924317e-01,
       6.10924317e-01, 6.10924317e-01, 6.10924317e-01, 6.10924317e-01,
       6.10924317e-01, 6.10924317e-01, 1.00000000e+00, 1.00000000e+00,
       1.00000000e+00, 1.00000000e+00, 1.00000000e+00, 1.00000000e+00,
       1.00000000e+00, 1.00000000e+00, 1.00000000e+00, 1.00000000e+00,
       1.00000000e+00, 1.00000000e+00, 1.00000000e+00, 1.00000000e+00,
       1.00000000e+00, 1.00000000e+00, 1.00000000e+00, 1.00000000e+00,
       1.00000000e+00, 1.00000000e+00, 1.00000000e+00, 1.00000000e+00,
       1.00000000e+00, 1.00000000e+00, 1.00000000e+00, 1.00000000e+00,
       1.00000000e+00, 1.00000000e+00, 1.00000000e+00, 1.00000000e+00,
       1.00000000e+00, 1.00000000e+00, 1.00000000e+00, 1.00000000e+00,
       1.00000000e+00, 1.00000000e+00, 1.00000000e+00, 1.00000000e+00,
       1.00000000e+00]), array([0.        , 0.00900112, 0.00900112, 0.00900112, 0.00900112,
       0.00900112, 0.00900112, 0.00900112, 0.00900112, 0.00900112,
       0.00900112, 0.00900112, 0.00900112, 1.        , 1.        ,
       1.        , 1.        , 1.        , 1.        , 1.        ,
       1.        , 1.        , 1.        , 1.        , 1.        ,
       1.        , 1.        , 1.        , 1.        , 1.        ,
       1.        , 1.        , 1.        , 1.        , 1.        ,
       1.        , 1.        , 1.        , 1.        , 1.        ,
       1.        , 1.        , 1.        , 1.        , 1.        ,
       1.        , 1.        , 1.        , 1.        , 1.        ,
       1.        , 1.        , 1.        , 1.        , 1.        ,
       1.        , 1.        , 1.        , 1.        , 1.        ,
       1.        , 1.        , 1.        , 1.        , 1.        ,
       1.        , 1.        , 1.        , 1.        , 1.        ,
       1.        , 1.        , 1.        , 1.        , 1.        ,
       1.        , 1.        , 1.        , 1.        , 1.        ,
       1.        , 1.        , 1.        , 1.        , 1.        ,
       1.        , 1.        , 1.        , 1.        , 1.        ,
       1.        , 1.        , 1.        , 1.        , 1.        ,
       1.        , 1.        , 1.        , 1.        , 1.        ,
       1.        ]), array([0.        , 0.00206798, 0.00333744, 0.00333744, 0.00714073,
       0.01199179, 0.01199179, 0.0196239 , 0.02788716, 0.04716449,
       0.04716449, 0.07010197, 0.07010197, 0.07010197, 0.07010197,
       0.07010197, 0.08745833, 0.08745833, 0.08745833, 0.10771004,
       0.10771004, 0.15294841, 0.15294841, 0.15294841, 0.15294841,
       0.18059375, 0.18059375, 0.18059375, 0.18059375, 0.18059375,
       0.18059375, 0.18059375, 0.18059375, 0.18059375, 0.18059375,
       0.18059375, 0.18059375, 0.18059375, 0.18059375, 0.18059375,
       0.18059375, 0.18059375, 0.18059375, 0.18059375, 0.22959948,
       0.22959948, 0.22959948, 0.22959948, 0.22959948, 0.22959948,
       0.22959948, 0.22959948, 0.22959948, 0.22959948, 0.22959948,
       0.22959948, 0.22959948, 0.22959948, 0.22959948, 0.29479555,
       0.29479555, 0.29479555, 0.29479555, 0.29479555, 0.29479555,
       0.29479555, 0.29479555, 0.29479555, 0.29479555, 0.29479555,
       0.29479555, 0.29479555, 0.29479555, 0.29479555, 0.29479555,
       0.29479555, 0.29479555, 0.29479555, 0.29479555, 0.29479555,
       0.29479555, 0.29479555, 0.29479555, 0.38703315, 0.38703315,
       0.38703315, 0.38703315, 0.48305837, 0.48305837, 0.58118265,
       0.68065694, 0.68065694, 0.68065694, 0.68065694, 0.88899743,
       0.88899743, 0.88899743, 0.88899743, 0.88899743, 0.88899743,
       1.        ])]",-0.1710008034389265,0.093941278706393,0.1085655653790493,0.064047397974849,"[{'lambda_reg': 0.00042147774988741927, 'K_bin': 616, 'gamma': 0.012200862209738369}, {'lambda_reg': 9.112277035010574e-05, 'K_bin': 395, 'gamma': 0.00179103798526543}, {'lambda_reg': 0.004937612820838066, 'K_bin': 392, 'gamma': 0.010621440432225123}, {'lambda_reg': 0.00020971298206368282, 'K_bin': 948, 'gamma': 0.0015592113058444865}, {'lambda_reg': 0.00021689032012109596, 'K_bin': 19, 'gamma': 0.039977198458719734}]",300,3,laplacian,58
"[np.float64(0.04920646412978411), np.float64(0.06107482992483039), np.float64(0.06167127022253343), np.float64(0.08152550102197799), np.float64(0.11268021573851826)]",0.0732316562075288,0.0222872946525077,"[np.float64(0.8049510456946196), np.float64(0.795503817415327), np.float64(0.7957983595249418), np.float64(0.7997861890901626), np.float64(0.7797126373102274)]",0.7951504098070558,0.0084428960529028,"[np.float64(0.9494715392719091), np.float64(0.960209839995717), np.float64(0.9824604169776138), np.float64(0.9833364658156941), np.float64(0.9383037981898892)]",0.9627564120501646,0.0178476307768604,"[array([0.        , 0.5903    , 0.61067703, 0.64103972, 0.69103832,
       0.71086753, 0.71086753, 0.74001495, 0.74959151, 0.77813083,
       0.77813083, 0.78743656, 0.80574263, 0.80574263, 0.80574263,
       0.80574263, 0.80574263, 0.8144383 , 0.8144383 , 0.8144383 ,
       0.82277667, 0.8393251 , 0.85560915, 0.85560915, 0.86350289,
       0.87133188, 0.87902053, 0.88662362, 0.88662362, 0.88662362,
       0.90131223, 0.90855448, 0.90855448, 0.90855448, 0.92236313,
       0.92915212, 0.92915212, 0.92915212, 0.93562476, 0.93562476,
       0.9419066 , 0.9419066 , 0.9419066 , 0.9419066 , 0.9419066 ,
       0.9419066 , 0.94758793, 0.95312784, 0.95312784, 0.95312784,
       0.95312784, 0.95312784, 0.95312784, 0.95312784, 0.95312784,
       0.95782086, 0.95782086, 0.95782086, 0.95782086, 0.95782086,
       0.96200612, 0.96200612, 0.96200612, 0.96200612, 0.96200612,
       0.96567223, 0.9799155 , 0.9799155 , 0.98327469, 0.98327469,
       0.98327469, 0.98638063, 0.98638063, 0.98638063, 0.98910627,
       0.98910627, 0.98910627, 0.98910627, 0.98910627, 0.98910627,
       0.98910627, 0.98910627, 0.99101409, 0.99101409, 0.9927204 ,
       0.99437441, 0.99586398, 0.99586398, 0.99586398, 0.99586398,
       0.99699689, 0.99802618, 0.99802618, 0.99802618, 0.99873115,
       0.99873115, 0.99924192, 0.99999439, 0.99999439, 0.99999439,
       1.        ]), array([0.        , 0.64196022, 0.68920037, 0.72653364, 0.79141312,
       0.79141312, 0.79141312, 0.82724682, 0.83610282, 0.85366683,
       0.87106667, 0.88817167, 0.88817167, 0.88817167, 0.88817167,
       0.88817167, 0.88817167, 0.88817167, 0.88817167, 0.88817167,
       0.89592404, 0.90352947, 0.90352947, 0.90352947, 0.90352947,
       0.90352947, 0.90352947, 0.90352947, 0.91045774, 0.91732381,
       0.91732381, 0.91732381, 0.91732381, 0.9237891 , 0.9301708 ,
       0.9364622 , 0.94259792, 0.94259792, 0.94860022, 0.94860022,
       0.94860022, 0.94860022, 0.94860022, 0.95969925, 0.95969925,
       0.95969925, 0.95969925, 0.96480625, 0.96480625, 0.96480625,
       0.96480625, 0.96480625, 0.96946693, 0.97401844, 0.97401844,
       0.97835854, 0.97835854, 0.97835854, 0.97835854, 0.97835854,
       0.97835854, 0.98215292, 0.98215292, 0.98215292, 0.98569366,
       0.98569366, 0.98569366, 0.98886765, 0.98886765, 0.9918589 ,
       0.9918589 , 0.9918589 , 0.9918589 , 0.9918589 , 0.9918589 ,
       0.99434129, 0.99434129, 0.99655413, 0.99655413, 0.99655413,
       0.99655413, 0.99655413, 0.99655413, 0.99655413, 0.99811876,
       0.99811876, 0.99948677, 0.99948677, 0.99948677, 0.99948677,
       0.99948677, 0.99948677, 0.99948677, 0.99948677, 0.99948677,
       0.99948677, 0.99948677, 0.99978915, 0.99978915, 0.99998056,
       1.        ]), array([0.14751442, 0.92838662, 0.92838662, 0.92838662, 0.92838662,
       0.92838662, 0.93662618, 0.93662618, 0.93662618, 0.93662618,
       0.94445185, 0.94445185, 0.94445185, 0.94445185, 0.94445185,
       0.94445185, 0.95182224, 0.95182224, 0.95182224, 0.95182224,
       0.95182224, 0.95182224, 0.95182224, 0.95858265, 0.97185757,
       0.97185757, 0.97185757, 0.97185757, 0.97185757, 0.97185757,
       0.97185757, 0.97185757, 0.97776271, 0.97776271, 0.97776271,
       0.97776271, 0.97776271, 0.97776271, 0.98315488, 0.98315488,
       0.98315488, 0.98315488, 0.98315488, 0.98315488, 0.98315488,
       0.98315488, 0.98315488, 0.98315488, 0.98315488, 0.98765329,
       0.98765329, 0.99194913, 0.99194913, 0.99194913, 0.99194913,
       0.99194913, 0.99194913, 0.99194913, 0.99194913, 0.99194913,
       0.99194913, 0.99194913, 0.99194913, 0.99194913, 0.99194913,
       0.99194913, 0.99194913, 0.99194913, 0.99760685, 0.99760685,
       0.99760685, 0.99760685, 0.99760685, 1.        , 1.        ,
       1.        , 1.        , 1.        , 1.        , 1.        ,
       1.        , 1.        , 1.        , 1.        , 1.        ,
       1.        , 1.        , 1.        , 1.        , 1.        ,
       1.        , 1.        , 1.        , 1.        , 1.        ,
       1.        , 1.        , 1.        , 1.        , 1.        ,
       1.        ]), array([0.        , 0.87807046, 0.87807046, 0.89631118, 0.90531528,
       0.90531528, 0.90531528, 0.91401844, 0.92263604, 0.92263604,
       0.92263604, 0.92263604, 0.92263604, 0.92263604, 0.92263604,
       0.92263604, 0.92263604, 0.92263604, 0.92263604, 0.93028097,
       0.93028097, 0.93028097, 0.93028097, 0.93751244, 0.93751244,
       0.93751244, 0.93751244, 0.94434796, 0.94434796, 0.94434796,
       0.94434796, 0.94434796, 0.95078444, 0.95078444, 0.95078444,
       0.95078444, 0.95078444, 0.95078444, 0.95078444, 0.95078444,
       0.95078444, 0.96193679, 0.96193679, 0.96193679, 0.96193679,
       0.96713559, 0.97222735, 0.97222735, 0.97716619, 0.97716619,
       0.97716619, 0.98183272, 0.98183272, 0.98183272, 0.98183272,
       0.98183272, 0.98596994, 0.98596994, 0.98596994, 0.98596994,
       0.98977498, 0.98977498, 0.98977498, 0.98977498, 0.98977498,
       0.98977498, 0.98977498, 0.98977498, 0.98977498, 0.98977498,
       0.99262041, 0.9954129 , 0.9954129 , 0.9954129 , 0.9954129 ,
       0.9954129 , 0.9954129 , 0.9954129 , 0.9954129 , 0.9954129 ,
       0.99731414, 0.99731414, 0.99731414, 0.99731414, 0.99731414,
       0.99731414, 0.99731414, 0.99731414, 0.99731414, 0.9983848 ,
       0.99938962, 0.99938962, 0.99938962, 0.99938962, 0.99938962,
       0.99938962, 0.99938962, 0.99938962, 0.99981735, 0.99995616,
       1.        ]), array([0.        , 0.50478875, 0.53651103, 0.57831226, 0.59899476,
       0.60926268, 0.62962639, 0.64967852, 0.65967688, 0.66949012,
       0.68898542, 0.69859577, 0.72711712, 0.74595309, 0.77383409,
       0.77383409, 0.78288244, 0.78288244, 0.78288244, 0.78288244,
       0.80874735, 0.81733386, 0.84263147, 0.85097492, 0.85097492,
       0.85097492, 0.85901938, 0.87485591, 0.87485591, 0.88252723,
       0.8900899 , 0.8900899 , 0.8900899 , 0.8900899 , 0.89721631,
       0.89721631, 0.89721631, 0.89721631, 0.90392852, 0.91054199,
       0.9170457 , 0.92981433, 0.93608283, 0.93608283, 0.93608283,
       0.94209748, 0.94209748, 0.94209748, 0.94209748, 0.9476635 ,
       0.95305246, 0.95305246, 0.95305246, 0.95819224, 0.95819224,
       0.95819224, 0.96294934, 0.96765502, 0.96765502, 0.96765502,
       0.96765502, 0.97191469, 0.97191469, 0.97191469, 0.97583919,
       0.97963838, 0.97963838, 0.97963838, 0.98316454, 0.98316454,
       0.98316454, 0.98635993, 0.98635993, 0.98635993, 0.98921973,
       0.98921973, 0.98921973, 0.99430138, 0.99430138, 0.99430138,
       0.99430138, 0.99644689, 0.99644689, 0.99644689, 0.99644689,
       0.99644689, 0.99644689, 0.99644689, 0.99644689, 0.99644689,
       0.99644689, 0.99644689, 0.99644689, 0.99644689, 0.99787873,
       0.99971699, 0.99971699, 0.99971699, 0.99971699, 0.99971699,
       1.        ])]","[array([0.        , 0.00334049, 0.00482914, 0.00789191, 0.01547499,
       0.01920459, 0.01920459, 0.02723869, 0.03048634, 0.04100798,
       0.04100798, 0.04536352, 0.05532384, 0.05532384, 0.05532384,
       0.05532384, 0.05532384, 0.06217497, 0.06217497, 0.06217497,
       0.07048768, 0.08763801, 0.10586986, 0.10586986, 0.11600146,
       0.12639792, 0.13736847, 0.14868902, 0.14868902, 0.14868902,
       0.17344737, 0.18624401, 0.18624401, 0.18624401, 0.21460201,
       0.2292528 , 0.2292528 , 0.2292528 , 0.24519768, 0.24519768,
       0.26192311, 0.26192311, 0.26192311, 0.26192311, 0.26192311,
       0.26192311, 0.28110503, 0.30086547, 0.30086547, 0.30086547,
       0.30086547, 0.30086547, 0.30086547, 0.30086547, 0.30086547,
       0.32409027, 0.32409027, 0.32409027, 0.32409027, 0.32409027,
       0.34939222, 0.34939222, 0.34939222, 0.34939222, 0.34939222,
       0.37681782, 0.48824317, 0.48824317, 0.51692432, 0.51692432,
       0.51692432, 0.54664141, 0.54664141, 0.54664141, 0.57791424,
       0.57791424, 0.57791424, 0.57791424, 0.57791424, 0.57791424,
       0.57791424, 0.57791424, 0.61253251, 0.61253251, 0.64797512,
       0.68363164, 0.71996089, 0.71996089, 0.71996089, 0.71996089,
       0.75774911, 0.79596121, 0.79596121, 0.79596121, 0.83549997,
       0.83549997, 0.87583322, 0.95760031, 0.95760031, 0.95760031,
       1.        ]), array([0.        , 0.00149528, 0.00605033, 0.01274967, 0.02749482,
       0.02749482, 0.02749482, 0.04417927, 0.04903238, 0.05972396,
       0.0715087 , 0.0852567 , 0.0852567 , 0.0852567 , 0.0852567 ,
       0.0852567 , 0.0852567 , 0.0852567 , 0.0852567 , 0.0852567 ,
       0.09745845, 0.11063861, 0.11063861, 0.11063861, 0.11063861,
       0.11063861, 0.11063861, 0.11063861, 0.12832765, 0.14643096,
       0.14643096, 0.14643096, 0.14643096, 0.1672028 , 0.18853133,
       0.21046106, 0.23342741, 0.23342741, 0.25728219, 0.25728219,
       0.25728219, 0.25728219, 0.25728219, 0.31102151, 0.31102151,
       0.31102151, 0.31102151, 0.34083772, 0.34083772, 0.34083772,
       0.34083772, 0.34083772, 0.37362577, 0.40714075, 0.40714075,
       0.44206346, 0.44206346, 0.44206346, 0.44206346, 0.44206346,
       0.44206346, 0.48061981, 0.48061981, 0.48061981, 0.52086517,
       0.52086517, 0.52086517, 0.5635525 , 0.5635525 , 0.60745661,
       0.60745661, 0.60745661, 0.60745661, 0.60745661, 0.60745661,
       0.65474905, 0.65474905, 0.70383629, 0.70383629, 0.70383629,
       0.70383629, 0.70383629, 0.70383629, 0.70383629, 0.75723972,
       0.75723972, 0.8119524 , 0.8119524 , 0.8119524 , 0.8119524 ,
       0.8119524 , 0.8119524 , 0.8119524 , 0.8119524 , 0.8119524 ,
       0.8119524 , 0.8119524 , 0.87376062, 0.87376062, 0.93630776,
       1.        ]), array([0.        , 0.00209532, 0.00209532, 0.00209532, 0.00209532,
       0.00209532, 0.01270048, 0.01270048, 0.01270048, 0.01270048,
       0.03333245, 0.03333245, 0.03333245, 0.03333245, 0.03333245,
       0.03333245, 0.06499377, 0.06499377, 0.06499377, 0.06499377,
       0.06499377, 0.06499377, 0.06499377, 0.11143239, 0.210267  ,
       0.210267  , 0.210267  , 0.210267  , 0.210267  , 0.210267  ,
       0.210267  , 0.210267  , 0.27742543, 0.27742543, 0.27742543,
       0.27742543, 0.27742543, 0.27742543, 0.35701077, 0.35701077,
       0.35701077, 0.35701077, 0.35701077, 0.35701077, 0.35701077,
       0.35701077, 0.35701077, 0.35701077, 0.35701077, 0.45824839,
       0.45824839, 0.5643933 , 0.5643933 , 0.5643933 , 0.5643933 ,
       0.5643933 , 0.5643933 , 0.5643933 , 0.5643933 , 0.5643933 ,
       0.5643933 , 0.5643933 , 0.5643933 , 0.5643933 , 0.5643933 ,
       0.5643933 , 0.5643933 , 0.5643933 , 0.84776074, 0.84776074,
       0.84776074, 0.84776074, 0.84776074, 1.        , 1.        ,
       1.        , 1.        , 1.        , 1.        , 1.        ,
       1.        , 1.        , 1.        , 1.        , 1.        ,
       1.        , 1.        , 1.        , 1.        , 1.        ,
       1.        , 1.        , 1.        , 1.        , 1.        ,
       1.        , 1.        , 1.        , 1.        , 1.        ,
       1.        ]), array([0.        , 0.00193879, 0.00193879, 0.00562267, 0.00842345,
       0.00842345, 0.00842345, 0.01370644, 0.01969514, 0.01969514,
       0.01969514, 0.01969514, 0.01969514, 0.01969514, 0.01969514,
       0.01969514, 0.01969514, 0.01969514, 0.01969514, 0.03370644,
       0.03370644, 0.03370644, 0.03370644, 0.05112799, 0.05112799,
       0.05112799, 0.05112799, 0.0718153 , 0.0718153 , 0.0718153 ,
       0.0718153 , 0.0718153 , 0.09579396, 0.09579396, 0.09579396,
       0.09579396, 0.09579396, 0.09579396, 0.09579396, 0.09579396,
       0.09579396, 0.15794286, 0.15794286, 0.15794286, 0.15794286,
       0.19212994, 0.22719984, 0.22719984, 0.26353103, 0.26353103,
       0.26353103, 0.30210829, 0.30210829, 0.30210829, 0.30210829,
       0.30210829, 0.34505128, 0.34505128, 0.34505128, 0.34505128,
       0.39073414, 0.39073414, 0.39073414, 0.39073414, 0.39073414,
       0.39073414, 0.39073414, 0.39073414, 0.39073414, 0.39073414,
       0.44433186, 0.49836619, 0.49836619, 0.49836619, 0.49836619,
       0.49836619, 0.49836619, 0.49836619, 0.49836619, 0.49836619,
       0.55975162, 0.55975162, 0.55975162, 0.55975162, 0.55975162,
       0.55975162, 0.55975162, 0.55975162, 0.55975162, 0.62798766,
       0.69676679, 0.69676679, 0.69676679, 0.69676679, 0.69676679,
       0.69676679, 0.69676679, 0.69676679, 0.84737265, 0.92329472,
       1.        ]), array([0.        , 0.00232209, 0.0041853 , 0.00837375, 0.01121868,
       0.01289355, 0.01683567, 0.02185021, 0.02445285, 0.02769265,
       0.0346237 , 0.03856176, 0.05144195, 0.0606423 , 0.07572646,
       0.07572646, 0.08159884, 0.08159884, 0.08159884, 0.08159884,
       0.10362198, 0.11108393, 0.1350596 , 0.14335813, 0.14335813,
       0.14335813, 0.15268569, 0.17220956, 0.17220956, 0.18282139,
       0.1938072 , 0.1938072 , 0.1938072 , 0.1938072 , 0.20629453,
       0.20629453, 0.20629453, 0.20629453, 0.22020748, 0.23446023,
       0.24909079, 0.27917376, 0.29461384, 0.29461384, 0.29461384,
       0.31092765, 0.31092765, 0.31092765, 0.31092765, 0.32878554,
       0.34725286, 0.34725286, 0.34725286, 0.36657778, 0.36657778,
       0.36657778, 0.38721983, 0.40803885, 0.40803885, 0.40803885,
       0.40803885, 0.43039294, 0.43039294, 0.43039294, 0.45390064,
       0.47783962, 0.47783962, 0.47783962, 0.50271832, 0.50271832,
       0.50271832, 0.5287355 , 0.5287355 , 0.5287355 , 0.55590769,
       0.55590769, 0.55590769, 0.61244774, 0.61244774, 0.61244774,
       0.61244774, 0.6420784 , 0.6420784 , 0.6420784 , 0.6420784 ,
       0.6420784 , 0.6420784 , 0.6420784 , 0.6420784 , 0.6420784 ,
       0.6420784 , 0.6420784 , 0.6420784 , 0.6420784 , 0.71118043,
       0.81589871, 0.81589871, 0.81589871, 0.81589871, 0.81589871,
       1.        ])]",-0.0698959070050003,0.0719214052265796,0.0384834178163708,0.0340039202138021,"[{'lambda_reg': 0.04529132556612521, 'K_bin': 49, 'gamma': 0.06884108364597036}, {'lambda_reg': 0.01038996389528298, 'K_bin': 158, 'gamma': 0.08042714406453631}, {'lambda_reg': 0.0005451358576131469, 'K_bin': 771, 'gamma': 0.1126605710507221}, {'lambda_reg': 0.00268571583557569, 'K_bin': 314, 'gamma': 0.09277581255531474}, {'lambda_reg': 0.024194646745864412, 'K_bin': 21, 'gamma': 0.2371801071591446}]",600,3,cauchy,81
"[np.float64(0.07856623586517174), np.float64(0.06438405825709004), np.float64(0.0961517394382689), np.float64(0.05366779186866254), np.float64(0.08156202477814938)]",0.0748663700414685,0.0146345230651222,"[np.float64(0.8018938804684527), np.float64(0.8328910191427126), np.float64(0.8131213845142262), np.float64(0.83620309430259), np.float64(0.8516207183114369)]",0.8271460193478836,0.0175977692844167,"[np.float64(0.9863683224084008), np.float64(0.9641873226498234), np.float64(0.9312863851269266), np.float64(0.9761616737825181), np.float64(0.9664900495582323)]",0.9648987507051804,0.0185506087611679,"[array([0.        , 0.77017526, 0.80817572, 0.80817572, 0.80817572,
       0.83274923, 0.85711997, 0.85711997, 0.85711997, 0.85711997,
       0.85711997, 0.86864343, 0.86864343, 0.86864343, 0.86864343,
       0.86864343, 0.87950505, 0.89016997, 0.89016997, 0.89016997,
       0.89016997, 0.89016997, 0.89016997, 0.90015927, 0.90015927,
       0.90988471, 0.90988471, 0.9192937 , 0.9192937 , 0.9192937 ,
       0.9192937 , 0.9192937 , 0.9192937 , 0.9192937 , 0.9192937 ,
       0.92771578, 0.92771578, 0.92771578, 0.92771578, 0.92771578,
       0.92771578, 0.93540663, 0.93540663, 0.94282693, 0.94282693,
       0.94282693, 0.94282693, 0.94282693, 0.94282693, 0.94282693,
       0.94282693, 0.94282693, 0.94282693, 0.94282693, 0.94282693,
       0.94282693, 0.95434246, 0.95434246, 0.95434246, 0.95434246,
       0.95434246, 0.95434246, 0.95929794, 0.96407731, 0.96407731,
       0.96407731, 0.96407731, 0.97275381, 0.97275381, 0.97275381,
       0.97275381, 0.97275381, 0.97275381, 0.97275381, 0.97275381,
       0.97275381, 0.97906112, 0.97906112, 0.98190291, 0.98190291,
       0.98190291, 0.98190291, 0.98434015, 0.98434015, 0.98434015,
       0.98434015, 0.98434015, 0.98610327, 0.98610327, 0.98610327,
       0.98880885, 0.99125663, 0.99125663, 0.99407856, 0.99493275,
       0.99560551, 0.99779719, 0.99827281, 0.99911561, 0.99971337,
       1.        ]), array([0.        , 0.        , 0.25335379, 0.45747663, 0.51951163,
       0.55033443, 0.59610234, 0.61106635, 0.64087839, 0.64087839,
       0.68457027, 0.68457027, 0.69887211, 0.74093366, 0.75486875,
       0.75486875, 0.76841504, 0.781845  , 0.79512351, 0.79512351,
       0.79512351, 0.80791309, 0.80791309, 0.82035363, 0.82035363,
       0.82035363, 0.82035363, 0.82035363, 0.83195794, 0.8434518 ,
       0.85485952, 0.85485952, 0.85485952, 0.86579164, 0.86579164,
       0.86579164, 0.86579164, 0.87603967, 0.87603967, 0.88586124,
       0.88586124, 0.88586124, 0.88586124, 0.89514958, 0.89514958,
       0.89514958, 0.91270611, 0.91270611, 0.91270611, 0.91270611,
       0.92082129, 0.92082129, 0.92082129, 0.92082129, 0.92082129,
       0.92807125, 0.92807125, 0.93508645, 0.93508645, 0.93508645,
       0.94157595, 0.94157595, 0.9478257 , 0.9478257 , 0.9478257 ,
       0.9535768 , 0.9535768 , 0.9535768 , 0.9535768 , 0.9535768 ,
       0.95848168, 0.95848168, 0.96311996, 0.96311996, 0.96311996,
       0.96311996, 0.96311996, 0.97435948, 0.97435948, 0.97435948,
       0.97435948, 0.97757189, 0.97757189, 0.9803848 , 0.9803848 ,
       0.98542295, 0.98542295, 0.98542295, 0.98742334, 0.98922034,
       0.99095855, 0.99242518, 0.99242518, 0.99242518, 0.99242518,
       0.99509786, 0.99642391, 0.99693526, 0.99773715, 0.99927748,
       1.        ]), array([0.        , 0.        , 0.12838028, 0.25593038, 0.31904422,
       0.38146941, 0.39690128, 0.4578305 , 0.48803989, 0.50293069,
       0.51773626, 0.54692479, 0.54692479, 0.54692479, 0.54692479,
       0.54692479, 0.57455947, 0.58817682, 0.60171286, 0.62825216,
       0.62825216, 0.64118567, 0.65399774, 0.65399774, 0.66654689,
       0.6912588 , 0.70335859, 0.71531342, 0.72719224, 0.72719224,
       0.73871843, 0.73871843, 0.74992221, 0.74992221, 0.74992221,
       0.76067657, 0.76067657, 0.7710745 , 0.7710745 , 0.7710745 ,
       0.78092108, 0.79055819, 0.79055819, 0.81859095, 0.82786872,
       0.84593485, 0.85487276, 0.85487276, 0.87214281, 0.87214281,
       0.87214281, 0.87214281, 0.88011353, 0.88782824, 0.89549041,
       0.90288658, 0.90288658, 0.90288658, 0.91672438, 0.92349379,
       0.93018213, 0.93018213, 0.93018213, 0.94248701, 0.9484671 ,
       0.95998381, 0.95998381, 0.95998381, 0.95998381, 0.95998381,
       0.95998381, 0.95998381, 0.95998381, 0.95998381, 0.95998381,
       0.95998381, 0.96397203, 0.96773789, 0.96773789, 0.96773789,
       0.97106718, 0.97106718, 0.97704959, 0.97704959, 0.97976026,
       0.97976026, 0.97976026, 0.98190785, 0.98190785, 0.98190785,
       0.98365119, 0.98365119, 0.98788659, 0.99274536, 0.99274536,
       0.99457831, 0.99751295, 0.99815245, 0.99882383, 0.99966306,
       1.        ]), array([0.        , 0.        , 0.26015776, 0.44886151, 0.51697363,
       0.55054856, 0.55054856, 0.60011885, 0.63265192, 0.66496763,
       0.68096383, 0.72823986, 0.75954588, 0.7749696 , 0.82060428,
       0.82060428, 0.83545545, 0.8648423 , 0.8648423 , 0.8648423 ,
       0.8648423 , 0.8648423 , 0.8648423 , 0.8648423 , 0.87837741,
       0.89162908, 0.89162908, 0.89162908, 0.89162908, 0.89162908,
       0.89162908, 0.89162908, 0.90362821, 0.90362821, 0.90362821,
       0.90362821, 0.91499998, 0.92619273, 0.92619273, 0.92619273,
       0.93688826, 0.93688826, 0.93688826, 0.93688826, 0.93688826,
       0.93688826, 0.93688826, 0.93688826, 0.93688826, 0.93688826,
       0.93688826, 0.93688826, 0.93688826, 0.93688826, 0.94515291,
       0.95312999, 0.95312999, 0.96084631, 0.96084631, 0.96084631,
       0.96084631, 0.96084631, 0.96762294, 0.96762294, 0.96762294,
       0.96762294, 0.96762294, 0.96762294, 0.96762294, 0.96762294,
       0.96762294, 0.97289814, 0.97289814, 0.97289814, 0.97289814,
       0.97289814, 0.97289814, 0.97289814, 0.97680808, 0.97680808,
       0.97680808, 0.98350795, 0.98350795, 0.98350795, 0.98350795,
       0.98350795, 0.98350795, 0.98823159, 0.99035726, 0.9923155 ,
       0.99420234, 0.99420234, 0.99420234, 0.99420234, 0.99538003,
       0.99633454, 0.99708092, 0.99832164, 0.99917659, 0.99941931,
       1.        ]), array([0.        , 0.24859775, 0.39632356, 0.47750431, 0.47750431,
       0.49332938, 0.55621764, 0.60301684, 0.61842669, 0.63370865,
       0.67897668, 0.67897668, 0.69364823, 0.69364823, 0.70798062,
       0.72215522, 0.73629382, 0.73629382, 0.75002483, 0.75002483,
       0.76346137, 0.78985662, 0.78985662, 0.78985662, 0.80259098,
       0.80259098, 0.80259098, 0.81477334, 0.82685123, 0.85070801,
       0.85070801, 0.86230115, 0.86230115, 0.86230115, 0.86230115,
       0.86230115, 0.87300849, 0.87300849, 0.88348748, 0.88348748,
       0.88348748, 0.88348748, 0.88348748, 0.88348748, 0.88348748,
       0.88348748, 0.88348748, 0.89242078, 0.89242078, 0.89242078,
       0.89242078, 0.89242078, 0.90054458, 0.90849232, 0.90849232,
       0.91604973, 0.91604973, 0.92323684, 0.92323684, 0.9300958 ,
       0.9300958 , 0.9300958 , 0.9300958 , 0.9362651 , 0.9362651 ,
       0.94223294, 0.94223294, 0.94223294, 0.94760329, 0.95286717,
       0.95798885, 0.95798885, 0.95798885, 0.95798885, 0.9668159 ,
       0.97103802, 0.97512113, 0.97512113, 0.97512113, 0.97873379,
       0.97873379, 0.97873379, 0.97873379, 0.98755015, 0.98755015,
       0.99012994, 0.99012994, 0.99012994, 0.99215483, 0.99215483,
       0.99215483, 0.99215483, 0.99354957, 0.99354957, 0.99457467,
       0.99546887, 0.99699621, 0.99750881, 0.99750881, 0.9990459 ,
       1.        ])]","[array([0.00000000e+00, 5.09182748e-04, 1.47438245e-03, 1.47438245e-03,
       1.47438245e-03, 3.52314180e-03, 5.94679160e-03, 5.94679160e-03,
       5.94679160e-03, 5.94679160e-03, 5.94679160e-03, 8.38232558e-03,
       8.38232558e-03, 8.38232558e-03, 8.38232558e-03, 8.38232558e-03,
       1.20414412e-02, 1.60642157e-02, 1.60642157e-02, 1.60642157e-02,
       1.60642157e-02, 1.60642157e-02, 1.60642157e-02, 2.13360554e-02,
       2.13360554e-02, 2.70957189e-02, 2.70957189e-02, 3.34404059e-02,
       3.34404059e-02, 3.34404059e-02, 3.34404059e-02, 3.34404059e-02,
       3.34404059e-02, 3.34404059e-02, 3.34404059e-02, 4.16096755e-02,
       4.16096755e-02, 4.16096755e-02, 4.16096755e-02, 4.16096755e-02,
       4.16096755e-02, 5.11308099e-02, 5.11308099e-02, 6.11521303e-02,
       6.11521303e-02, 6.11521303e-02, 6.11521303e-02, 6.11521303e-02,
       6.11521303e-02, 6.11521303e-02, 6.11521303e-02, 6.11521303e-02,
       6.11521303e-02, 6.11521303e-02, 6.11521303e-02, 6.11521303e-02,
       8.73420411e-02, 8.73420411e-02, 8.73420411e-02, 8.73420411e-02,
       8.73420411e-02, 8.73420411e-02, 1.01920221e-01, 1.16824009e-01,
       1.16824009e-01, 1.16824009e-01, 1.16824009e-01, 1.48262629e-01,
       1.48262629e-01, 1.48262629e-01, 1.48262629e-01, 1.48262629e-01,
       1.48262629e-01, 1.48262629e-01, 1.48262629e-01, 1.48262629e-01,
       1.84081316e-01, 1.84081316e-01, 2.02567218e-01, 2.02567218e-01,
       2.02567218e-01, 2.02567218e-01, 2.21801061e-01, 2.21801061e-01,
       2.21801061e-01, 2.21801061e-01, 2.21801061e-01, 2.42281179e-01,
       2.42281179e-01, 2.42281179e-01, 2.84758631e-01, 3.27712685e-01,
       3.27712685e-01, 3.93714743e-01, 4.15875267e-01, 4.38371205e-01,
       5.29278167e-01, 5.52138559e-01, 6.21799574e-01, 6.91913600e-01,
       1.00000000e+00]), array([0.        , 0.        , 0.00436605, 0.00976931, 0.01226144,
       0.01371672, 0.01640067, 0.01760905, 0.02015043, 0.02015043,
       0.02506519, 0.02506519, 0.0269851 , 0.0336517 , 0.0359657 ,
       0.0359657 , 0.03869748, 0.04155427, 0.04457379, 0.04457379,
       0.04457379, 0.04811869, 0.04811869, 0.05203865, 0.05203865,
       0.05203865, 0.05203865, 0.05203865, 0.05685717, 0.06179438,
       0.06682414, 0.06682414, 0.06682414, 0.07236497, 0.07236497,
       0.07236497, 0.07236497, 0.07864087, 0.07864087, 0.08537504,
       0.08537504, 0.08537504, 0.08537504, 0.09268217, 0.09268217,
       0.09268217, 0.10839264, 0.10839264, 0.10839264, 0.10839264,
       0.11696038, 0.11696038, 0.11696038, 0.11696038, 0.11696038,
       0.12645785, 0.12645785, 0.13620758, 0.13620758, 0.13620758,
       0.14652219, 0.14652219, 0.15709442, 0.15709442, 0.15709442,
       0.16820248, 0.16820248, 0.16820248, 0.16820248, 0.16820248,
       0.18021985, 0.18021985, 0.19252367, 0.19252367, 0.19252367,
       0.19252367, 0.19252367, 0.23230992, 0.23230992, 0.23230992,
       0.23230992, 0.24614592, 0.24614592, 0.26041119, 0.26041119,
       0.28957321, 0.28957321, 0.28957321, 0.30471157, 0.32006848,
       0.33548856, 0.35120048, 0.35120048, 0.35120048, 0.35120048,
       0.40019217, 0.43334301, 0.45008141, 0.48379547, 0.6031554 ,
       1.        ]), array([0.        , 0.        , 0.0022965 , 0.00545891, 0.0077298 ,
       0.01071898, 0.0116482 , 0.01619774, 0.01873872, 0.02023231,
       0.0218148 , 0.02542058, 0.02542058, 0.02542058, 0.02542058,
       0.02542058, 0.0306471 , 0.03346896, 0.03637562, 0.04274468,
       0.04274468, 0.04627981, 0.04994161, 0.04994161, 0.05387765,
       0.06215276, 0.06655751, 0.07111345, 0.07574868, 0.07574868,
       0.08075171, 0.08075171, 0.08609104, 0.08609104, 0.08609104,
       0.09189912, 0.09189912, 0.09807899, 0.09807899, 0.09807899,
       0.10483394, 0.11180736, 0.11180736, 0.13364406, 0.1409923 ,
       0.15619926, 0.16390199, 0.16390199, 0.1799393 , 0.1799393 ,
       0.1799393 , 0.1799393 , 0.18865086, 0.19762944, 0.20666283,
       0.21597367, 0.21597367, 0.21597367, 0.23559097, 0.24555555,
       0.25560469, 0.25560469, 0.25560469, 0.2768209 , 0.28760879,
       0.30964709, 0.30964709, 0.30964709, 0.30964709, 0.30964709,
       0.30964709, 0.30964709, 0.30964709, 0.30964709, 0.30964709,
       0.30964709, 0.32251258, 0.33561   , 0.33561   , 0.33561   ,
       0.34916278, 0.34916278, 0.37697363, 0.37697363, 0.39117166,
       0.39117166, 0.39117166, 0.40595701, 0.40595701, 0.40595701,
       0.42116402, 0.42116402, 0.46782246, 0.53085608, 0.53085608,
       0.562995  , 0.62803558, 0.64439395, 0.67774444, 0.74497063,
       1.        ]), array([0.        , 0.        , 0.00371866, 0.00831089, 0.01043612,
       0.01193047, 0.01193047, 0.01488277, 0.01731201, 0.01993629,
       0.02139349, 0.0264045 , 0.02993482, 0.03190573, 0.03838957,
       0.03838957, 0.04087425, 0.04612669, 0.04612669, 0.04612669,
       0.04612669, 0.04612669, 0.04612669, 0.04612669, 0.0497923 ,
       0.05371226, 0.05371226, 0.05371226, 0.05371226, 0.05371226,
       0.05371226, 0.05371226, 0.05875616, 0.05875616, 0.05875616,
       0.05875616, 0.06436301, 0.0701305 , 0.0701305 , 0.0701305 ,
       0.07634415, 0.07634415, 0.07634415, 0.07634415, 0.07634415,
       0.07634415, 0.07634415, 0.07634415, 0.07634415, 0.07634415,
       0.07634415, 0.07634415, 0.07634415, 0.07634415, 0.08473912,
       0.09339213, 0.09339213, 0.10227913, 0.10227913, 0.10227913,
       0.10227913, 0.10227913, 0.11200934, 0.11200934, 0.11200934,
       0.11200934, 0.11200934, 0.11200934, 0.11200934, 0.11200934,
       0.11200934, 0.12308684, 0.12308684, 0.12308684, 0.12308684,
       0.12308684, 0.12308684, 0.12308684, 0.13538942, 0.13538942,
       0.13538942, 0.1609996 , 0.1609996 , 0.1609996 , 0.1609996 ,
       0.1609996 , 0.1609996 , 0.18838313, 0.20228679, 0.2163407 ,
       0.23045867, 0.23045867, 0.23045867, 0.23045867, 0.245213  ,
       0.26016758, 0.27530892, 0.30581778, 0.33667281, 0.3522661 ,
       1.        ]), array([0.        , 0.00114792, 0.00327246, 0.00534373, 0.00534373,
       0.00616991, 0.0098875 , 0.01304344, 0.01428569, 0.0156561 ,
       0.02034637, 0.02034637, 0.02232843, 0.02232843, 0.02465037,
       0.02713042, 0.02964653, 0.02964653, 0.03257109, 0.03257109,
       0.03579071, 0.04270877, 0.04270877, 0.04270877, 0.04663202,
       0.04663202, 0.04663202, 0.05110841, 0.05568948, 0.06515124,
       0.06515124, 0.07021806, 0.07021806, 0.07021806, 0.07021806,
       0.07021806, 0.07617251, 0.07617251, 0.08235577, 0.08235577,
       0.08235577, 0.08235577, 0.08235577, 0.08235577, 0.08235577,
       0.08235577, 0.08235577, 0.0900879 , 0.0900879 , 0.0900879 ,
       0.0900879 , 0.0900879 , 0.09863119, 0.10735091, 0.10735091,
       0.11646177, 0.11646177, 0.12594368, 0.12594368, 0.13575442,
       0.13575442, 0.13575442, 0.13575442, 0.14625624, 0.14625624,
       0.15695994, 0.15695994, 0.15695994, 0.16826235, 0.17967145,
       0.19122305, 0.19122305, 0.19122305, 0.19122305, 0.21574546,
       0.22819847, 0.24079078, 0.24079078, 0.24079078, 0.25385449,
       0.25385449, 0.25385449, 0.25385449, 0.29507144, 0.29507144,
       0.30917015, 0.30917015, 0.30917015, 0.32382491, 0.32382491,
       0.32382491, 0.32382491, 0.33911112, 0.33911112, 0.35476772,
       0.3705555 , 0.40239264, 0.4185628 , 0.4185628 , 0.53380926,
       1.        ])]",-0.0174412582131317,0.0800707527555883,0.0170892385837579,0.0289136789843025,"[{'lambda_reg': 0.6301065960600056, 'K_bin': 119, 'gamma': 0.031207016933368494, 'degree': 3, 'coef0': 3.0130987398487905}, {'lambda_reg': 4.268455476180915e-05, 'K_bin': 129, 'gamma': 0.37733866821952416, 'degree': 3, 'coef0': 0.5404061612167282}, {'lambda_reg': 0.0006629660640690288, 'K_bin': 3, 'gamma': 0.02993608106752227, 'degree': 5, 'coef0': 2.892432389685981}, {'lambda_reg': 8.8141611043248e-05, 'K_bin': 19, 'gamma': 0.22484916166290406, 'degree': 4, 'coef0': 1.4975709152860976}, {'lambda_reg': 0.012194024333391734, 'K_bin': 3, 'gamma': 0.04464199715638207, 'degree': 5, 'coef0': 0.923149266622878}]",600,1,polynomial,69
"[np.float64(0.13177993581666747), np.float64(0.04897813384339427), np.float64(0.10195669488806601), np.float64(0.11148643841732407), np.float64(0.10527644650857887)]",0.0998955298948061,0.0274836256223867,"[np.float64(0.8062023991656331), np.float64(0.8044844091385294), np.float64(0.7444701421074909), np.float64(0.7301298110904544), np.float64(0.8588673975164538)]",0.7888308318037123,0.0466167501997399,"[np.float64(0.9918754189233956), np.float64(0.9231460364190635), np.float64(0.9443546842978507), np.float64(0.9854757879201245), np.float64(0.9438781636359785)]",0.9577460182392826,0.0264671875181254,"[array([0.01802916, 0.91939906, 0.93722452, 0.93722452, 0.93722452,
       0.93722452, 0.93722452, 0.93722452, 0.93722452, 0.93722452,
       0.93722452, 0.93722452, 0.93722452, 0.95293573, 0.96850742,
       0.96850742, 0.96850742, 0.96850742, 0.96850742, 0.96850742,
       0.96850742, 0.96850742, 0.96850742, 0.96850742, 0.96850742,
       0.96850742, 0.96850742, 0.96850742, 0.96850742, 0.96850742,
       0.98130355, 0.98130355, 0.98130355, 0.98130355, 0.98130355,
       0.98130355, 0.98130355, 0.98130355, 0.98130355, 0.98130355,
       0.98130355, 0.98130355, 0.98130355, 0.98130355, 0.98130355,
       0.98130355, 0.98130355, 0.98130355, 0.98130355, 0.98130355,
       0.98130355, 0.98130355, 0.98130355, 0.98130355, 0.98963657,
       0.98963657, 0.98963657, 0.98963657, 0.98963657, 0.98963657,
       0.98963657, 0.99671505, 0.99671505, 0.99671505, 0.99671505,
       0.99671505, 0.99671505, 0.99671505, 0.99671505, 0.99671505,
       0.99671505, 0.99671505, 0.99671505, 0.99671505, 0.99671505,
       0.99671505, 0.99671505, 0.99671505, 0.99671505, 0.99671505,
       0.99671505, 0.99671505, 0.99671505, 0.99671505, 0.99671505,
       0.99956981, 0.99956981, 0.99956981, 0.99956981, 0.99956981,
       0.99956981, 0.99956981, 0.99956981, 0.99956981, 0.99956981,
       0.99956981, 0.99956981, 0.99956981, 0.99999755, 0.99999755,
       1.        ]), array([0.        , 0.        , 0.02874934, 0.11411809, 0.255081  ,
       0.31098599, 0.39351686, 0.44807332, 0.44807332, 0.44807332,
       0.50088261, 0.52690469, 0.5787758 , 0.62965728, 0.65502542,
       0.65502542, 0.65502542, 0.70381999, 0.70381999, 0.70381999,
       0.72730557, 0.72730557, 0.72730557, 0.75006658, 0.77227709,
       0.77227709, 0.77227709, 0.77227709, 0.77227709, 0.77227709,
       0.77227709, 0.77227709, 0.79231152, 0.79231152, 0.79231152,
       0.79231152, 0.79231152, 0.79231152, 0.79231152, 0.79231152,
       0.79231152, 0.80978594, 0.80978594, 0.84334497, 0.85995587,
       0.85995587, 0.87597238, 0.87597238, 0.89142665, 0.90646071,
       0.90646071, 0.90646071, 0.90646071, 0.92026866, 0.92026866,
       0.93362732, 0.93362732, 0.93362732, 0.93362732, 0.94571872,
       0.94571872, 0.94571872, 0.94571872, 0.94571872, 0.94571872,
       0.94571872, 0.94571872, 0.95550762, 0.95550762, 0.95550762,
       0.95550762, 0.95550762, 0.95550762, 0.96357259, 0.96357259,
       0.97101644, 0.97101644, 0.97785716, 0.97785716, 0.97785716,
       0.97785716, 0.97785716, 0.97785716, 0.98300845, 0.98300845,
       0.98300845, 0.98300845, 0.98300845, 0.98300845, 0.98625191,
       0.98625191, 0.9890808 , 0.99144112, 0.99144112, 0.99144112,
       0.99476917, 0.99749057, 0.99946957, 0.99946957, 0.99989034,
       1.        ]), array([0.        , 0.53004899, 0.57566332, 0.57566332, 0.57566332,
       0.59766895, 0.59766895, 0.61914982, 0.68314276, 0.68314276,
       0.7039097 , 0.72446838, 0.72446838, 0.72446838, 0.72446838,
       0.72446838, 0.72446838, 0.72446838, 0.72446838, 0.74317667,
       0.76181331, 0.78017097, 0.81633757, 0.81633757, 0.81633757,
       0.8337775 , 0.8337775 , 0.85083854, 0.85083854, 0.85083854,
       0.85083854, 0.85083854, 0.85083854, 0.85083854, 0.86627686,
       0.88126974, 0.89624386, 0.91097584, 0.91097584, 0.92525594,
       0.92525594, 0.92525594, 0.92525594, 0.92525594, 0.92525594,
       0.92525594, 0.92525594, 0.92525594, 0.92525594, 0.93719417,
       0.93719417, 0.93719417, 0.94839251, 0.94839251, 0.94839251,
       0.94839251, 0.94839251, 0.94839251, 0.94839251, 0.94839251,
       0.94839251, 0.94839251, 0.94839251, 0.95715722, 0.97396647,
       0.97396647, 0.97396647, 0.97396647, 0.97396647, 0.97396647,
       0.97396647, 0.97396647, 0.97396647, 0.97396647, 0.97396647,
       0.97396647, 0.97396647, 0.97396647, 0.97396647, 0.97888875,
       0.97888875, 0.98342362, 0.98778605, 0.98778605, 0.99163495,
       0.99163495, 0.99163495, 0.99481334, 0.99481334, 0.99481334,
       0.99481334, 0.99481334, 0.99481334, 0.99825379, 0.99825379,
       0.99825379, 0.99825379, 0.99901107, 0.99950111, 0.99989562,
       1.        ]), array([0.        , 0.81967127, 0.84140374, 0.84140374, 0.84140374,
       0.86261776, 0.88350602, 0.88350602, 0.88350602, 0.88350602,
       0.88350602, 0.88350602, 0.88350602, 0.88350602, 0.88350602,
       0.90253413, 0.90253413, 0.90253413, 0.90253413, 0.90253413,
       0.90253413, 0.90253413, 0.90253413, 0.90253413, 0.90253413,
       0.90253413, 0.90253413, 0.90253413, 0.9185618 , 0.9185618 ,
       0.93416839, 0.93416839, 0.93416839, 0.94910101, 0.94910101,
       0.94910101, 0.94910101, 0.94910101, 0.94910101, 0.94910101,
       0.94910101, 0.94910101, 0.94910101, 0.94910101, 0.94910101,
       0.94910101, 0.94910101, 0.94910101, 0.94910101, 0.94910101,
       0.94910101, 0.94910101, 0.94910101, 0.94910101, 0.94910101,
       0.94910101, 0.94910101, 0.94910101, 0.95859075, 0.95859075,
       0.95859075, 0.97595181, 0.97595181, 0.97595181, 0.97595181,
       0.97595181, 0.97595181, 0.97595181, 0.97595181, 0.97595181,
       0.97595181, 0.97595181, 0.97595181, 0.97595181, 0.98171825,
       0.98171825, 0.98171825, 0.98171825, 0.98679554, 0.98679554,
       0.98679554, 0.98679554, 0.99085955, 0.99467067, 0.99467067,
       0.99467067, 0.99467067, 0.99761055, 0.99761055, 0.99761055,
       0.99761055, 0.99761055, 0.99938886, 0.99938886, 0.99938886,
       0.99938886, 0.99938886, 0.99938886, 0.99938886, 0.99961422,
       1.        ]), array([0.        , 0.        , 0.        , 0.07783822, 0.19332532,
       0.30722749, 0.38258671, 0.45708931, 0.49400854, 0.53041576,
       0.53041576, 0.53041576, 0.56553854, 0.60026741, 0.63478085,
       0.63478085, 0.63478085, 0.63478085, 0.63478085, 0.66732085,
       0.66732085, 0.69900758, 0.69900758, 0.69900758, 0.69900758,
       0.69900758, 0.69900758, 0.69900758, 0.69900758, 0.69900758,
       0.72697063, 0.72697063, 0.72697063, 0.75403991, 0.75403991,
       0.75403991, 0.75403991, 0.77954178, 0.77954178, 0.77954178,
       0.77954178, 0.77954178, 0.77954178, 0.80244046, 0.80244046,
       0.8244078 , 0.8244078 , 0.8244078 , 0.8244078 , 0.8244078 ,
       0.8244078 , 0.84433214, 0.86366589, 0.86366589, 0.86366589,
       0.86366589, 0.88126865, 0.88126865, 0.89836448, 0.89836448,
       0.89836448, 0.89836448, 0.91381155, 0.91381155, 0.91381155,
       0.91381155, 0.91381155, 0.91381155, 0.92667453, 0.92667453,
       0.92667453, 0.92667453, 0.92667453, 0.92667453, 0.92667453,
       0.92667453, 0.92667453, 0.92667453, 0.92667453, 0.94368698,
       0.96002942, 0.96002942, 0.96729944, 0.96729944, 0.96729944,
       0.96729944, 0.96729944, 0.97273439, 0.97273439, 0.97273439,
       0.97273439, 0.97664091, 0.98004251, 0.98616968, 0.99116549,
       0.99116549, 0.99313395, 0.99471973, 0.99647234, 0.99827135,
       1.        ])]","[array([0.        , 0.00107752, 0.00356937, 0.00356937, 0.00356937,
       0.00356937, 0.00356937, 0.00356937, 0.00356937, 0.00356937,
       0.00356937, 0.00356937, 0.00356937, 0.03192356, 0.06198453,
       0.06198453, 0.06198453, 0.06198453, 0.06198453, 0.06198453,
       0.06198453, 0.06198453, 0.06198453, 0.06198453, 0.06198453,
       0.06198453, 0.06198453, 0.06198453, 0.06198453, 0.06198453,
       0.12599747, 0.12599747, 0.12599747, 0.12599747, 0.12599747,
       0.12599747, 0.12599747, 0.12599747, 0.12599747, 0.12599747,
       0.12599747, 0.12599747, 0.12599747, 0.12599747, 0.12599747,
       0.12599747, 0.12599747, 0.12599747, 0.12599747, 0.12599747,
       0.12599747, 0.12599747, 0.12599747, 0.12599747, 0.24460527,
       0.24460527, 0.24460527, 0.24460527, 0.24460527, 0.24460527,
       0.24460527, 0.37855922, 0.37855922, 0.37855922, 0.37855922,
       0.37855922, 0.37855922, 0.37855922, 0.37855922, 0.37855922,
       0.37855922, 0.37855922, 0.37855922, 0.37855922, 0.37855922,
       0.37855922, 0.37855922, 0.37855922, 0.37855922, 0.37855922,
       0.37855922, 0.37855922, 0.37855922, 0.37855922, 0.37855922,
       0.56417972, 0.56417972, 0.56417972, 0.56417972, 0.56417972,
       0.56417972, 0.56417972, 0.56417972, 0.56417972, 0.56417972,
       0.56417972, 0.56417972, 0.56417972, 0.7794887 , 0.7794887 ,
       1.        ]), array([0.00000000e+00, 0.00000000e+00, 6.00894357e-04, 3.57269915e-03,
       1.02786550e-02, 1.35994903e-02, 2.03447037e-02, 2.54586272e-02,
       2.54586272e-02, 2.54586272e-02, 3.28956855e-02, 3.71228909e-02,
       4.58073911e-02, 5.58077687e-02, 6.09044882e-02, 6.09044882e-02,
       6.09044882e-02, 7.36797354e-02, 7.36797354e-02, 7.36797354e-02,
       8.12795988e-02, 8.12795988e-02, 8.12795988e-02, 8.98429029e-02,
       9.91381822e-02, 9.91381822e-02, 9.91381822e-02, 9.91381822e-02,
       9.91381822e-02, 9.91381822e-02, 9.91381822e-02, 9.91381822e-02,
       1.11326884e-01, 1.11326884e-01, 1.11326884e-01, 1.11326884e-01,
       1.11326884e-01, 1.11326884e-01, 1.11326884e-01, 1.11326884e-01,
       1.11326884e-01, 1.26919512e-01, 1.26919512e-01, 1.59952749e-01,
       1.76693572e-01, 1.76693572e-01, 1.94224722e-01, 1.94224722e-01,
       2.12503451e-01, 2.31340923e-01, 2.31340923e-01, 2.31340923e-01,
       2.31340923e-01, 2.51808690e-01, 2.51808690e-01, 2.72873860e-01,
       2.72873860e-01, 2.72873860e-01, 2.72873860e-01, 2.95624048e-01,
       2.95624048e-01, 2.95624048e-01, 2.95624048e-01, 2.95624048e-01,
       2.95624048e-01, 2.95624048e-01, 2.95624048e-01, 3.21435761e-01,
       3.21435761e-01, 3.21435761e-01, 3.21435761e-01, 3.21435761e-01,
       3.21435761e-01, 3.49539707e-01, 3.49539707e-01, 3.78469533e-01,
       3.78469533e-01, 4.08201301e-01, 4.08201301e-01, 4.08201301e-01,
       4.08201301e-01, 4.08201301e-01, 4.08201301e-01, 4.40179439e-01,
       4.40179439e-01, 4.40179439e-01, 4.40179439e-01, 4.40179439e-01,
       4.40179439e-01, 4.74694312e-01, 4.74694312e-01, 5.09760432e-01,
       5.45449591e-01, 5.45449591e-01, 5.45449591e-01, 6.18679565e-01,
       6.92716171e-01, 7.67739911e-01, 7.67739911e-01, 8.06007992e-01,
       1.00000000e+00]), array([0.        , 0.00117516, 0.00251953, 0.00251953, 0.00251953,
       0.0052795 , 0.0052795 , 0.00940636, 0.0229582 , 0.0229582 ,
       0.02894465, 0.03547359, 0.03547359, 0.03547359, 0.03547359,
       0.03547359, 0.03547359, 0.03547359, 0.03547359, 0.04682232,
       0.05835769, 0.07061974, 0.09657311, 0.09657311, 0.09657311,
       0.11122562, 0.11122562, 0.12686504, 0.12686504, 0.12686504,
       0.12686504, 0.12686504, 0.12686504, 0.12686504, 0.14673126,
       0.16775772, 0.18883304, 0.2105391 , 0.2105391 , 0.23342219,
       0.23342219, 0.23342219, 0.23342219, 0.23342219, 0.23342219,
       0.23342219, 0.23342219, 0.23342219, 0.23342219, 0.26240527,
       0.26240527, 0.26240527, 0.29331558, 0.29331558, 0.29331558,
       0.29331558, 0.29331558, 0.29331558, 0.29331558, 0.29331558,
       0.29331558, 0.29331558, 0.29331558, 0.3305649 , 0.4069394 ,
       0.4069394 , 0.4069394 , 0.4069394 , 0.4069394 , 0.4069394 ,
       0.4069394 , 0.4069394 , 0.4069394 , 0.4069394 , 0.4069394 ,
       0.4069394 , 0.4069394 , 0.4069394 , 0.4069394 , 0.45419729,
       0.45419729, 0.50246432, 0.55118048, 0.55118048, 0.60123429,
       0.60123429, 0.60123429, 0.65303458, 0.65303458, 0.65303458,
       0.65303458, 0.65303458, 0.65303458, 0.76423153, 0.76423153,
       0.76423153, 0.76423153, 0.82233822, 0.88114102, 0.94019265,
       1.        ]), array([0.00000000e+00, 3.41494836e-04, 1.62828253e-03, 1.62828253e-03,
       1.62828253e-03, 4.48913818e-03, 8.33895576e-03, 8.33895576e-03,
       8.33895576e-03, 8.33895576e-03, 8.33895576e-03, 8.33895576e-03,
       8.33895576e-03, 8.33895576e-03, 8.33895576e-03, 1.78362616e-02,
       1.78362616e-02, 1.78362616e-02, 1.78362616e-02, 1.78362616e-02,
       1.78362616e-02, 1.78362616e-02, 1.78362616e-02, 1.78362616e-02,
       1.78362616e-02, 1.78362616e-02, 1.78362616e-02, 1.78362616e-02,
       3.64429381e-02, 3.64429381e-02, 5.63280002e-02, 5.63280002e-02,
       5.63280002e-02, 7.82592630e-02, 7.82592630e-02, 7.82592630e-02,
       7.82592630e-02, 7.82592630e-02, 7.82592630e-02, 7.82592630e-02,
       7.82592630e-02, 7.82592630e-02, 7.82592630e-02, 7.82592630e-02,
       7.82592630e-02, 7.82592630e-02, 7.82592630e-02, 7.82592630e-02,
       7.82592630e-02, 7.82592630e-02, 7.82592630e-02, 7.82592630e-02,
       7.82592630e-02, 7.82592630e-02, 7.82592630e-02, 7.82592630e-02,
       7.82592630e-02, 7.82592630e-02, 1.16715204e-01, 1.16715204e-01,
       1.16715204e-01, 1.98540616e-01, 1.98540616e-01, 1.98540616e-01,
       1.98540616e-01, 1.98540616e-01, 1.98540616e-01, 1.98540616e-01,
       1.98540616e-01, 1.98540616e-01, 1.98540616e-01, 1.98540616e-01,
       1.98540616e-01, 1.98540616e-01, 2.48300517e-01, 2.48300517e-01,
       2.48300517e-01, 2.48300517e-01, 3.00152720e-01, 3.00152720e-01,
       3.00152720e-01, 3.00152720e-01, 3.55081242e-01, 4.10777553e-01,
       4.10777553e-01, 4.10777553e-01, 4.10777553e-01, 4.69118980e-01,
       4.69118980e-01, 4.69118980e-01, 4.69118980e-01, 4.69118980e-01,
       5.30986928e-01, 5.30986928e-01, 5.30986928e-01, 5.30986928e-01,
       5.30986928e-01, 5.30986928e-01, 5.30986928e-01, 5.97569655e-01,
       1.00000000e+00]), array([0.        , 0.        , 0.        , 0.00137405, 0.0043473 ,
       0.00845868, 0.01161292, 0.01538231, 0.01750547, 0.0199963 ,
       0.0199963 , 0.0199963 , 0.0234095 , 0.02710556, 0.03095633,
       0.03095633, 0.03095633, 0.03095633, 0.03095633, 0.03622425,
       0.03622425, 0.04210489, 0.04210489, 0.04210489, 0.04210489,
       0.04210489, 0.04210489, 0.04210489, 0.04210489, 0.04210489,
       0.05065955, 0.05065955, 0.05065955, 0.05985602, 0.05985602,
       0.05985602, 0.05985602, 0.07017807, 0.07017807, 0.07017807,
       0.07017807, 0.07017807, 0.07017807, 0.08236948, 0.08236948,
       0.09522969, 0.09522969, 0.09522969, 0.09522969, 0.09522969,
       0.09522969, 0.109557  , 0.12430841, 0.12430841, 0.12430841,
       0.12430841, 0.14030287, 0.14030287, 0.15666135, 0.15666135,
       0.15666135, 0.15666135, 0.17420382, 0.17420382, 0.17420382,
       0.17420382, 0.17420382, 0.17420382, 0.19360194, 0.19360194,
       0.19360194, 0.19360194, 0.19360194, 0.19360194, 0.19360194,
       0.19360194, 0.19360194, 0.19360194, 0.19360194, 0.23865541,
       0.28419003, 0.28419003, 0.3076045 , 0.3076045 , 0.3076045 ,
       0.3076045 , 0.3076045 , 0.33233674, 0.33233674, 0.33233674,
       0.33233674, 0.35816656, 0.38435897, 0.43722924, 0.49091196,
       0.49091196, 0.51813351, 0.54562987, 0.60164156, 0.68625503,
       1.        ])]",-0.1499128340573248,0.1420591733743353,0.0913865585526412,0.0983021821480743,"[{'lambda_reg': 0.020327605551939795, 'K_bin': 797, 'gamma': 0.19191352974976236, 'degree': 4, 'coef0': 4.3586527473962615}, {'lambda_reg': 0.004020676255049302, 'K_bin': 23, 'gamma': 0.025533160582968634, 'degree': 2, 'coef0': 0.8706052547317944}, {'lambda_reg': 0.00750703577948132, 'K_bin': 44, 'gamma': 0.002027026266846535, 'degree': 5, 'coef0': 3.3581923071186184}, {'lambda_reg': 2.1647280077795606e-05, 'K_bin': 369, 'gamma': 0.3988879612746053, 'degree': 3, 'coef0': 1.9018981189650859}, {'lambda_reg': 6.709826460543573e-05, 'K_bin': 56, 'gamma': 2.1241159487142585, 'degree': 2, 'coef0': 2.181872140263037}]",300,1,polynomial,48
"[np.float64(0.05006827969532092), np.float64(0.05826575018963849), np.float64(0.06917617158606096), np.float64(0.08585370150923397), np.float64(0.11388944933189023)]",0.0754506704624289,0.0226482642068747,"[np.float64(0.7994296294055094), np.float64(0.7996982632462487), np.float64(0.798111365795547), np.float64(0.7952284736136577), np.float64(0.7877812996616637)]",0.7960498063445253,0.0044278044057232,"[np.float64(0.984217805527539), np.float64(0.9771242731563501), np.float64(0.9688224959295779), np.float64(0.9920181477854546), np.float64(0.9836928664812565)]",0.9811751177760356,0.0077738653923948,"[array([0.        , 0.81300582, 0.86015987, 0.88820626, 0.88820626,
       0.88820626, 0.88820626, 0.89711713, 0.92367926, 0.92367926,
       0.92367926, 0.92367926, 0.92367926, 0.92367926, 0.9319329 ,
       0.9319329 , 0.9319329 , 0.9319329 , 0.9319329 , 0.9319329 ,
       0.9319329 , 0.9319329 , 0.9319329 , 0.9319329 , 0.9319329 ,
       0.9319329 , 0.9319329 , 0.9319329 , 0.9319329 , 0.93880005,
       0.93880005, 0.94542782, 0.94542782, 0.94542782, 0.94542782,
       0.94542782, 0.94542782, 0.94542782, 0.95139308, 0.95731079,
       0.96891429, 0.97462895, 0.97462895, 0.97462895, 0.98007418,
       0.98007418, 0.98528303, 0.98528303, 0.98528303, 0.98528303,
       0.98528303, 0.98528303, 0.98528303, 0.98528303, 0.98969398,
       0.98969398, 0.98969398, 0.98969398, 0.98969398, 0.98969398,
       0.98969398, 0.98969398, 0.98969398, 0.98969398, 0.98969398,
       0.98969398, 0.98969398, 0.98969398, 0.98969398, 0.98969398,
       0.98969398, 0.98969398, 0.98969398, 0.98969398, 0.99219351,
       0.99219351, 0.99219351, 0.99219351, 0.99434086, 0.99434086,
       0.99434086, 0.99434086, 0.99434086, 0.99434086, 0.99434086,
       0.99434086, 0.99434086, 0.99565609, 0.99805197, 0.99805197,
       0.99805197, 0.99805197, 0.99805197, 0.99876865, 0.99876865,
       0.99933812, 0.99933812, 0.99963846, 0.99984634, 0.99984634,
       1.        ]), array([0.        , 0.85498275, 0.86385607, 0.87259972, 0.87259972,
       0.88117684, 0.88117684, 0.88117684, 0.88946037, 0.89768971,
       0.89768971, 0.91382594, 0.91382594, 0.91382594, 0.92160161,
       0.93698901, 0.93698901, 0.93698901, 0.93698901, 0.93698901,
       0.93698901, 0.93698901, 0.93698901, 0.94393885, 0.95079645,
       0.95079645, 0.95079645, 0.95079645, 0.95079645, 0.96369535,
       0.96369535, 0.96369535, 0.96369535, 0.96369535, 0.9696624 ,
       0.9696624 , 0.9696624 , 0.9696624 , 0.9696624 , 0.9696624 ,
       0.9696624 , 0.97499822, 0.97499822, 0.97499822, 0.97499822,
       0.97499822, 0.97988174, 0.97988174, 0.97988174, 0.98908177,
       0.98908177, 0.98908177, 0.99349175, 0.99349175, 0.99349175,
       0.99349175, 0.99349175, 0.99349175, 0.99349175, 0.99349175,
       0.99349175, 0.99349175, 0.99349175, 0.99349175, 0.99349175,
       0.99665737, 0.99665737, 0.99665737, 0.99955779, 0.99955779,
       0.99955779, 0.99955779, 0.99955779, 0.99955779, 0.99955779,
       0.99955779, 0.99955779, 0.99955779, 0.99955779, 0.99955779,
       0.99955779, 0.99955779, 0.99955779, 0.99955779, 0.99955779,
       0.99955779, 0.99955779, 0.99955779, 0.99955779, 0.99955779,
       0.99955779, 0.99955779, 0.99955779, 0.99955779, 0.99955779,
       0.99955779, 0.99995346, 0.99995346, 0.99995346, 0.99995346,
       1.        ]), array([0.        , 0.63875306, 0.71225877, 0.73307734, 0.74336497,
       0.74336497, 0.74336497, 0.75335376, 0.76316562, 0.77286717,
       0.77286717, 0.78237937, 0.80127356, 0.8105862 , 0.81979517,
       0.81979517, 0.82875002, 0.83768619, 0.83768619, 0.86385497,
       0.88098403, 0.88098403, 0.88098403, 0.88928447, 0.90558667,
       0.90558667, 0.91357137, 0.91357137, 0.92125931, 0.92892338,
       0.94401148, 0.94401148, 0.94401148, 0.94401148, 0.94401148,
       0.94401148, 0.94401148, 0.94401148, 0.94401148, 0.94401148,
       0.94401148, 0.94401148, 0.94401148, 0.94401148, 0.94401148,
       0.94988124, 0.94988124, 0.94988124, 0.95544203, 0.95544203,
       0.96623862, 0.97681877, 0.98196171, 0.98196171, 0.98196171,
       0.98196171, 0.98196171, 0.98196171, 0.98196171, 0.98196171,
       0.98196171, 0.98196171, 0.98196171, 0.98196171, 0.98196171,
       0.98196171, 0.98196171, 0.98556167, 0.9890017 , 0.9890017 ,
       0.9890017 , 0.99215618, 0.99215618, 0.99215618, 0.99215618,
       0.99215618, 0.99215618, 0.99470654, 0.99470654, 0.99470654,
       0.99470654, 0.99470654, 0.99470654, 0.99470654, 0.99470654,
       0.99470654, 0.99470654, 0.99470654, 0.99598807, 0.99598807,
       0.99598807, 0.99598807, 0.99598807, 0.99598807, 0.99668849,
       0.99787453, 0.99878697, 0.99954286, 0.99977448, 0.9999399 ,
       1.        ]), array([0.        , 0.76014213, 0.82175946, 0.83187909, 0.86206144,
       0.8818834 , 0.89176358, 0.89176358, 0.93024198, 0.94930499,
       0.94930499, 0.94930499, 0.94930499, 0.94930499, 0.94930499,
       0.94930499, 0.95811274, 0.96679026, 0.96679026, 0.96679026,
       0.96679026, 0.97505946, 0.97505946, 0.97505946, 0.97505946,
       0.97505946, 0.97505946, 0.97505946, 0.97505946, 0.97505946,
       0.97505946, 0.97505946, 0.97505946, 0.97505946, 0.97505946,
       0.97505946, 0.97505946, 0.97505946, 0.97505946, 0.97505946,
       0.97505946, 0.97505946, 0.97505946, 0.97505946, 0.97505946,
       0.97505946, 0.97505946, 0.97505946, 0.97505946, 0.97505946,
       0.97505946, 0.97505946, 0.97505946, 0.97998882, 0.97998882,
       0.98468698, 0.98468698, 0.98468698, 0.98468698, 0.98468698,
       0.98468698, 0.98468698, 0.98468698, 0.98468698, 0.98468698,
       0.98468698, 0.98823345, 0.98823345, 0.98823345, 0.98823345,
       0.98823345, 0.98823345, 0.98823345, 0.98823345, 0.99100617,
       0.99100617, 0.99100617, 0.99100617, 0.99100617, 0.99100617,
       0.99100617, 0.99100617, 0.99100617, 0.99100617, 0.99268727,
       0.99425676, 0.99425676, 0.99425676, 0.99552113, 0.99552113,
       0.99552113, 0.99552113, 0.99639199, 0.99713354, 0.99783474,
       0.99838379, 0.99880876, 0.99915346, 0.99941012, 0.9997098 ,
       1.        ]), array([0.        , 0.77163133, 0.78117724, 0.79060096, 0.84638793,
       0.87395625, 0.88310171, 0.88310171, 0.89206402, 0.89206402,
       0.90082044, 0.90082044, 0.90938502, 0.90938502, 0.91774707,
       0.91774707, 0.91774707, 0.91774707, 0.92573536, 0.92573536,
       0.93352176, 0.9412274 , 0.9412274 , 0.9412274 , 0.9412274 ,
       0.9412274 , 0.9412274 , 0.9412274 , 0.94817366, 0.94817366,
       0.94817366, 0.94817366, 0.96137003, 0.96137003, 0.96137003,
       0.96137003, 0.96137003, 0.9675368 , 0.97361246, 0.97361246,
       0.97945654, 0.97945654, 0.97945654, 0.97945654, 0.98492065,
       0.98492065, 0.98492065, 0.98492065, 0.98492065, 0.98492065,
       0.98492065, 0.98969488, 0.98969488, 0.98969488, 0.98969488,
       0.98969488, 0.98969488, 0.98969488, 0.99380672, 0.99380672,
       0.99380672, 0.99380672, 0.99380672, 0.99380672, 0.99380672,
       0.99380672, 0.99380672, 0.99380672, 0.99380672, 0.99380672,
       0.99380672, 0.99380672, 0.99380672, 0.99380672, 0.99380672,
       0.99380672, 0.99380672, 0.99380672, 0.99594463, 0.99800057,
       0.99800057, 0.99800057, 0.99800057, 0.99800057, 0.99800057,
       0.99800057, 0.99800057, 0.99800057, 0.99800057, 0.99800057,
       0.99901396, 0.99994024, 0.99994024, 0.99994024, 0.99994024,
       0.99994024, 0.99994024, 0.99994024, 0.99994024, 0.99994024,
       1.        ])]","[array([0.        , 0.00259896, 0.00726795, 0.01172828, 0.01172828,
       0.01172828, 0.01172828, 0.01616763, 0.03063532, 0.03063532,
       0.03063532, 0.03063532, 0.03063532, 0.03063532, 0.03950597,
       0.03950597, 0.03950597, 0.03950597, 0.03950597, 0.03950597,
       0.03950597, 0.03950597, 0.03950597, 0.03950597, 0.03950597,
       0.03950597, 0.03950597, 0.03950597, 0.03950597, 0.05772472,
       0.05772472, 0.07755751, 0.07755751, 0.07755751, 0.07755751,
       0.07755751, 0.07755751, 0.07755751, 0.1018571 , 0.12647734,
       0.17728142, 0.2032707 , 0.2032707 , 0.2032707 , 0.23107651,
       0.23107651, 0.2604761 , 0.2604761 , 0.2604761 , 0.2604761 ,
       0.2604761 , 0.2604761 , 0.2604761 , 0.2604761 , 0.29525537,
       0.29525537, 0.29525537, 0.29525537, 0.29525537, 0.29525537,
       0.29525537, 0.29525537, 0.29525537, 0.29525537, 0.29525537,
       0.29525537, 0.29525537, 0.29525537, 0.29525537, 0.29525537,
       0.29525537, 0.29525537, 0.29525537, 0.29525537, 0.34292202,
       0.34292202, 0.34292202, 0.34292202, 0.39296316, 0.39296316,
       0.39296316, 0.39296316, 0.39296316, 0.39296316, 0.39296316,
       0.39296316, 0.39296316, 0.44861468, 0.56149944, 0.56149944,
       0.56149944, 0.56149944, 0.56149944, 0.62118662, 0.62118662,
       0.68186631, 0.68186631, 0.74436057, 0.80747829, 0.80747829,
       1.        ]), array([0.        , 0.00297575, 0.00458281, 0.00780507, 0.00780507,
       0.01310168, 0.01310168, 0.01310168, 0.02205542, 0.03168405,
       0.03168405, 0.05495807, 0.05495807, 0.05495807, 0.07023794,
       0.10283962, 0.10283962, 0.10283962, 0.10283962, 0.10283962,
       0.10283962, 0.10283962, 0.10283962, 0.12840629, 0.15512203,
       0.15512203, 0.15512203, 0.15512203, 0.15512203, 0.21872151,
       0.21872151, 0.21872151, 0.21872151, 0.21872151, 0.25653021,
       0.25653021, 0.25653021, 0.25653021, 0.25653021, 0.25653021,
       0.25653021, 0.30220179, 0.30220179, 0.30220179, 0.30220179,
       0.30220179, 0.35350736, 0.35350736, 0.35350736, 0.46318157,
       0.46318157, 0.46318157, 0.52038575, 0.52038575, 0.52038575,
       0.52038575, 0.52038575, 0.52038575, 0.52038575, 0.52038575,
       0.52038575, 0.52038575, 0.52038575, 0.52038575, 0.52038575,
       0.59309025, 0.59309025, 0.59309025, 0.66909819, 0.66909819,
       0.66909819, 0.66909819, 0.66909819, 0.66909819, 0.66909819,
       0.66909819, 0.66909819, 0.66909819, 0.66909819, 0.66909819,
       0.66909819, 0.66909819, 0.66909819, 0.66909819, 0.66909819,
       0.66909819, 0.66909819, 0.66909819, 0.66909819, 0.66909819,
       0.66909819, 0.66909819, 0.66909819, 0.66909819, 0.66909819,
       0.66909819, 0.7763063 , 0.7763063 , 0.7763063 , 0.7763063 ,
       1.        ]), array([0.        , 0.00260097, 0.00654469, 0.00832772, 0.00965532,
       0.00965532, 0.00965532, 0.01205423, 0.01508737, 0.01851594,
       0.01851594, 0.02262329, 0.03130478, 0.03612752, 0.0413219 ,
       0.0413219 , 0.0474272 , 0.05359951, 0.05359951, 0.07440969,
       0.08941877, 0.08941877, 0.08941877, 0.09787004, 0.11584322,
       0.11584322, 0.12542633, 0.12542633, 0.13607327, 0.14680576,
       0.16913124, 0.16913124, 0.16913124, 0.16913124, 0.16913124,
       0.16913124, 0.16913124, 0.16913124, 0.16913124, 0.16913124,
       0.16913124, 0.16913124, 0.16913124, 0.16913124, 0.16913124,
       0.18629593, 0.18629593, 0.18629593, 0.20456824, 0.20456824,
       0.2422778 , 0.2807633 , 0.30053349, 0.30053349, 0.30053349,
       0.30053349, 0.30053349, 0.30053349, 0.30053349, 0.30053349,
       0.30053349, 0.30053349, 0.30053349, 0.30053349, 0.30053349,
       0.30053349, 0.30053349, 0.32583491, 0.35170967, 0.35170967,
       0.35170967, 0.37860803, 0.37860803, 0.37860803, 0.37860803,
       0.37860803, 0.37860803, 0.40767204, 0.40767204, 0.40767204,
       0.40767204, 0.40767204, 0.40767204, 0.40767204, 0.40767204,
       0.40767204, 0.40767204, 0.40767204, 0.44128452, 0.44128452,
       0.44128452, 0.44128452, 0.44128452, 0.44128452, 0.47698016,
       0.54914147, 0.62228353, 0.69598682, 0.733363  , 0.77097652,
       1.        ]), array([0.00000000e+00, 5.02078451e-04, 3.98714764e-03, 5.16829231e-03,
       9.41855721e-03, 1.34516396e-02, 1.55915347e-02, 1.55915347e-02,
       2.83243780e-02, 3.53962923e-02, 3.53962923e-02, 3.53962923e-02,
       3.53962923e-02, 3.53962923e-02, 3.53962923e-02, 3.53962923e-02,
       4.18300840e-02, 4.87853130e-02, 4.87853130e-02, 4.87853130e-02,
       4.87853130e-02, 5.73754257e-02, 5.73754257e-02, 5.73754257e-02,
       5.73754257e-02, 5.73754257e-02, 5.73754257e-02, 5.73754257e-02,
       5.73754257e-02, 5.73754257e-02, 5.73754257e-02, 5.73754257e-02,
       5.73754257e-02, 5.73754257e-02, 5.73754257e-02, 5.73754257e-02,
       5.73754257e-02, 5.73754257e-02, 5.73754257e-02, 5.73754257e-02,
       5.73754257e-02, 5.73754257e-02, 5.73754257e-02, 5.73754257e-02,
       5.73754257e-02, 5.73754257e-02, 5.73754257e-02, 5.73754257e-02,
       5.73754257e-02, 5.73754257e-02, 5.73754257e-02, 5.73754257e-02,
       5.73754257e-02, 7.93380250e-02, 7.93380250e-02, 1.02226323e-01,
       1.02226323e-01, 1.02226323e-01, 1.02226323e-01, 1.02226323e-01,
       1.02226323e-01, 1.02226323e-01, 1.02226323e-01, 1.02226323e-01,
       1.02226323e-01, 1.02226323e-01, 1.29725886e-01, 1.29725886e-01,
       1.29725886e-01, 1.29725886e-01, 1.29725886e-01, 1.29725886e-01,
       1.29725886e-01, 1.29725886e-01, 1.60323506e-01, 1.60323506e-01,
       1.60323506e-01, 1.60323506e-01, 1.60323506e-01, 1.60323506e-01,
       1.60323506e-01, 1.60323506e-01, 1.60323506e-01, 1.60323506e-01,
       1.95291913e-01, 2.30707170e-01, 2.30707170e-01, 2.30707170e-01,
       2.67344106e-01, 2.67344106e-01, 2.67344106e-01, 2.67344106e-01,
       3.05556644e-01, 3.44286916e-01, 3.83178733e-01, 4.22679794e-01,
       4.62677612e-01, 5.02996864e-01, 5.43668601e-01, 6.25867477e-01,
       1.00000000e+00]), array([0.00000000e+00, 9.82038398e-04, 1.62524416e-03, 3.04338999e-03,
       1.63424888e-02, 2.50542054e-02, 2.82370628e-02, 2.82370628e-02,
       3.25813991e-02, 3.25813991e-02, 3.82315316e-02, 3.82315316e-02,
       4.50982856e-02, 4.50982856e-02, 5.32495226e-02, 5.32495226e-02,
       5.32495226e-02, 5.32495226e-02, 6.37710909e-02, 6.37710909e-02,
       7.55731222e-02, 8.78872726e-02, 8.78872726e-02, 8.78872726e-02,
       8.78872726e-02, 8.78872726e-02, 8.78872726e-02, 8.78872726e-02,
       1.05017403e-01, 1.05017403e-01, 1.05017403e-01, 1.05017403e-01,
       1.43692658e-01, 1.43692658e-01, 1.43692658e-01, 1.43692658e-01,
       1.43692658e-01, 1.65766302e-01, 1.88417734e-01, 1.88417734e-01,
       2.12537899e-01, 2.12537899e-01, 2.12537899e-01, 2.12537899e-01,
       2.39067801e-01, 2.39067801e-01, 2.39067801e-01, 2.39067801e-01,
       2.39067801e-01, 2.39067801e-01, 2.39067801e-01, 2.69972943e-01,
       2.69972943e-01, 2.69972943e-01, 2.69972943e-01, 2.69972943e-01,
       2.69972943e-01, 2.69972943e-01, 3.05078937e-01, 3.05078937e-01,
       3.05078937e-01, 3.05078937e-01, 3.05078937e-01, 3.05078937e-01,
       3.05078937e-01, 3.05078937e-01, 3.05078937e-01, 3.05078937e-01,
       3.05078937e-01, 3.05078937e-01, 3.05078937e-01, 3.05078937e-01,
       3.05078937e-01, 3.05078937e-01, 3.05078937e-01, 3.05078937e-01,
       3.05078937e-01, 3.05078937e-01, 3.52703570e-01, 4.00848033e-01,
       4.00848033e-01, 4.00848033e-01, 4.00848033e-01, 4.00848033e-01,
       4.00848033e-01, 4.00848033e-01, 4.00848033e-01, 4.00848033e-01,
       4.00848033e-01, 4.00848033e-01, 4.55604376e-01, 5.10913138e-01,
       5.10913138e-01, 5.10913138e-01, 5.10913138e-01, 5.10913138e-01,
       5.10913138e-01, 5.10913138e-01, 5.10913138e-01, 5.10913138e-01,
       1.00000000e+00])]",-0.0583521706916516,0.0413131143920793,0.0221992651694395,0.0078356607188378,"[{'lambda_reg': 0.0004177775401740494, 'K_bin': 165, 'gamma': 0.20844285933040468, 'coef0': -4.3110892468017035}, {'lambda_reg': 0.00016309172652953903, 'K_bin': 215, 'gamma': 0.10970676864619656, 'coef0': 3.0499558747875923}, {'lambda_reg': 6.782197849465054e-05, 'K_bin': 89, 'gamma': 0.2559953004359365, 'coef0': 1.0206181769192968}, {'lambda_reg': 6.175614311891321e-05, 'K_bin': 176, 'gamma': 0.4582759004047915, 'coef0': -3.0706478118453284}, {'lambda_reg': 6.466000108009534e-05, 'K_bin': 154, 'gamma': 0.27545268139566664, 'coef0': 4.386483712880821}]",600,3,sigmoid,82
