test_ibs,mean_ibs,std_ibs,test_cindex,mean_cindex,std_cindex,test_auc,mean_auc,std_auc,test_tpr,test_fpr,mean_bias,std_bias,mean_mse,std_mse,best_params,sample_size,method,kernel,task
"[np.float64(0.11086528780815753), np.float64(0.08899311999916702), np.float64(0.15867770699335906), np.float64(0.0951201337638679), np.float64(0.11585734620208973)]",0.1139027189533282,0.0244586170340215,"[np.float64(0.8343580304506472), np.float64(0.8611554963609968), np.float64(0.8257124878513427), np.float64(0.8868729297209424), np.float64(0.8403687373666725)]",0.8496935363501203,0.0219586161817564,"[np.float64(0.9202147678165167), np.float64(0.9226025730743435), np.float64(0.9256011198921565), np.float64(0.9413071478692516), np.float64(0.9134796724694747)]",0.9246410562243488,0.0092412581709232,"[array([0.        , 0.26845611, 0.28617154, 0.33854574, 0.37324895,
       0.39039204, 0.39039204, 0.39039204, 0.44032982, 0.45668807,
       0.47285318, 0.47285318, 0.48868736, 0.48868736, 0.48868736,
       0.48868736, 0.48868736, 0.50367266, 0.51836331, 0.53293869,
       0.56177511, 0.56177511, 0.5757773 , 0.5757773 , 0.60313958,
       0.60313958, 0.61643592, 0.61643592, 0.62937514, 0.64214071,
       0.64214071, 0.66705918, 0.67941134, 0.69141669, 0.69141669,
       0.70317884, 0.70317884, 0.70317884, 0.70317884, 0.70317884,
       0.71398429, 0.71398429, 0.71398429, 0.71398429, 0.73428496,
       0.73428496, 0.73428496, 0.73428496, 0.73428496, 0.73428496,
       0.74332376, 0.74332376, 0.76076908, 0.78633533, 0.81135823,
       0.8275507 , 0.83547098, 0.84319934, 0.85088348, 0.85088348,
       0.85813142, 0.87221314, 0.87910893, 0.87910893, 0.88558046,
       0.8982386 , 0.91678906, 0.92280892, 0.94018786, 0.95149109,
       0.95149109, 0.95149109, 0.95149109, 0.95149109, 0.95149109,
       0.95149109, 0.96452287, 0.96871511, 0.97276903, 0.97276903,
       0.9764388 , 0.97986639, 0.97986639, 0.97986639, 0.97986639,
       0.98547499, 0.98547499, 0.98786621, 0.98786621, 0.98991706,
       0.99181532, 0.99517807, 0.99672172, 0.99672172, 0.99672172,
       0.99672172, 0.99672172, 0.99672172, 0.99815876, 0.99973097,
       1.        ]), array([0.        , 0.26031176, 0.36313646, 0.39713587, 0.41382845,
       0.41382845, 0.41382845, 0.41382845, 0.41382845, 0.41382845,
       0.42957776, 0.42957776, 0.42957776, 0.44482524, 0.45980922,
       0.45980922, 0.45980922, 0.47434718, 0.48868843, 0.50285824,
       0.50285824, 0.5167267 , 0.53030801, 0.55726227, 0.57059697,
       0.60996287, 0.60996287, 0.60996287, 0.62262854, 0.62262854,
       0.63490825, 0.65906015, 0.65906015, 0.65906015, 0.65906015,
       0.69326778, 0.7045622 , 0.71565889, 0.73724739, 0.7798616 ,
       0.7904099 , 0.7904099 , 0.7904099 , 0.81043228, 0.81043228,
       0.82006085, 0.82006085, 0.82940903, 0.82940903, 0.82940903,
       0.82940903, 0.84652399, 0.84652399, 0.84652399, 0.86267551,
       0.86267551, 0.88588332, 0.89351824, 0.90842232, 0.90842232,
       0.9154096 , 0.9154096 , 0.92209231, 0.92865006, 0.93502736,
       0.93502736, 0.93502736, 0.93502736, 0.93502736, 0.93502736,
       0.93502736, 0.93502736, 0.93990334, 0.93990334, 0.93990334,
       0.94426378, 0.94859873, 0.94859873, 0.95640512, 0.96399561,
       0.97452839, 0.97452839, 0.97452839, 0.97452839, 0.97452839,
       0.97452839, 0.97958502, 0.97958502, 0.97958502, 0.98150487,
       0.98334019, 0.98496882, 0.98636303, 0.98636303, 0.98752457,
       0.99025725, 0.99346357, 0.99716204, 0.99842718, 0.99908211,
       1.        ]), array([0.        , 0.28526198, 0.30291856, 0.3377361 , 0.37232685,
       0.37232685, 0.37232685, 0.37232685, 0.38882995, 0.38882995,
       0.42122156, 0.46917919, 0.46917919, 0.48476994, 0.50012869,
       0.5153365 , 0.53046958, 0.54531737, 0.56007321, 0.57455843,
       0.57455843, 0.57455843, 0.5886439 , 0.60245425, 0.60245425,
       0.61589127, 0.6291077 , 0.64225015, 0.65513122, 0.66797411,
       0.66797411, 0.66797411, 0.66797411, 0.66797411, 0.66797411,
       0.67967688, 0.69117802, 0.70247963, 0.70247963, 0.70247963,
       0.70247963, 0.71309238, 0.71309238, 0.72336857, 0.73339789,
       0.73339789, 0.74309711, 0.74309711, 0.78053109, 0.79889923,
       0.82584457, 0.83459042, 0.84329656, 0.8517206 , 0.8517206 ,
       0.8517206 , 0.867703  , 0.88332904, 0.88332904, 0.88332904,
       0.91215046, 0.92619318, 0.93303203, 0.93303203, 0.93303203,
       0.93934626, 0.95169146, 0.95169146, 0.95169146, 0.95169146,
       0.95169146, 0.95169146, 0.95169146, 0.95169146, 0.95636505,
       0.95636505, 0.95636505, 0.95636505, 0.9604104 , 0.9604104 ,
       0.96414448, 0.96414448, 0.96414448, 0.96728738, 0.97029679,
       0.97581301, 0.97581301, 0.97817225, 0.97817225, 0.98623105,
       0.98814292, 0.98814292, 0.98973377, 0.99110893, 0.9945717 ,
       0.99561306, 0.9963827 , 0.99697167, 0.99814766, 0.99905508,
       1.        ]), array([0.        , 0.21317383, 0.25531664, 0.29709917, 0.31768056,
       0.33806087, 0.35825677, 0.37829738, 0.39800747, 0.39800747,
       0.39800747, 0.43614593, 0.45501034, 0.47375144, 0.47375144,
       0.47375144, 0.47375144, 0.47375144, 0.50903233, 0.54372178,
       0.54372178, 0.56079323, 0.61110183, 0.61110183, 0.64377341,
       0.6597836 , 0.6597836 , 0.67555486, 0.67555486, 0.67555486,
       0.67555486, 0.67555486, 0.67555486, 0.67555486, 0.67555486,
       0.71756702, 0.71756702, 0.71756702, 0.71756702, 0.73079885,
       0.73079885, 0.73079885, 0.75590769, 0.75590769, 0.75590769,
       0.75590769, 0.75590769, 0.75590769, 0.75590769, 0.78862289,
       0.78862289, 0.79911718, 0.80937347, 0.80937347, 0.85897746,
       0.85897746, 0.86851241, 0.86851241, 0.86851241, 0.86851241,
       0.87719277, 0.87719277, 0.8935667 , 0.90973799, 0.90973799,
       0.91733601, 0.91733601, 0.93172241, 0.93172241, 0.93172241,
       0.93172241, 0.93172241, 0.93172241, 0.93749112, 0.93749112,
       0.93749112, 0.94806158, 0.95316186, 0.95316186, 0.95316186,
       0.95763369, 0.96187888, 0.96187888, 0.96555489, 0.96901652,
       0.96901652, 0.97500727, 0.97500727, 0.97762188, 0.97762188,
       0.97762188, 0.97762188, 0.98316293, 0.9848543 , 0.98774462,
       0.99144986, 0.99521915, 0.99586279, 0.99738003, 0.99838624,
       1.        ]), array([0.        , 0.23591471, 0.27184556, 0.32507514, 0.34257581,
       0.35987826, 0.35987826, 0.35987826, 0.35987826, 0.35987826,
       0.37632653, 0.37632653, 0.37632653, 0.37632653, 0.37632653,
       0.37632653, 0.39174664, 0.39174664, 0.42161882, 0.45116932,
       0.46589295, 0.4947958 , 0.52332805, 0.52332805, 0.55117164,
       0.59238315, 0.63287864, 0.65964696, 0.65964696, 0.67268772,
       0.69831104, 0.72358054, 0.73604091, 0.7482919 , 0.76046626,
       0.76046626, 0.7839618 , 0.79552631, 0.79552631, 0.79552631,
       0.79552631, 0.79552631, 0.79552631, 0.79552631, 0.79552631,
       0.81579543, 0.81579543, 0.81579543, 0.81579543, 0.81579543,
       0.82495922, 0.82495922, 0.83384339, 0.84253176, 0.85091341,
       0.8591228 , 0.8591228 , 0.86706289, 0.86706289, 0.87455336,
       0.87455336, 0.87455336, 0.87455336, 0.87455336, 0.87455336,
       0.88108098, 0.88108098, 0.88108098, 0.88704071, 0.89270448,
       0.89831327, 0.89831327, 0.90356957, 0.90863489, 0.90863489,
       0.91321238, 0.91321238, 0.91321238, 0.92125774, 0.92520768,
       0.92520768, 0.93219311, 0.94554967, 0.95187389, 0.95187389,
       0.95765128, 0.96297809, 0.96297809, 0.96748419, 0.96748419,
       0.97133491, 0.97648416, 0.98110554, 0.98511612, 0.98637277,
       0.9882746 , 0.9924944 , 0.99451386, 0.99912308, 1.        ,
       1.        ])]","[array([0.00000000e+00, 1.53154941e-04, 3.21445997e-04, 1.49826116e-03,
       2.46810188e-03, 3.13448459e-03, 3.13448459e-03, 3.13448459e-03,
       6.43166270e-03, 7.78107534e-03, 9.29858036e-03, 9.29858036e-03,
       1.11040805e-02, 1.11040805e-02, 1.11040805e-02, 1.11040805e-02,
       1.11040805e-02, 1.36483489e-02, 1.64490414e-02, 1.93500582e-02,
       2.54256443e-02, 2.54256443e-02, 2.88254913e-02, 2.88254913e-02,
       3.61839893e-02, 3.61839893e-02, 4.01981178e-02, 4.01981178e-02,
       4.45230458e-02, 4.89990990e-02, 4.89990990e-02, 5.84843885e-02,
       6.33202278e-02, 6.84578782e-02, 6.84578782e-02, 7.38071875e-02,
       7.38071875e-02, 7.38071875e-02, 7.38071875e-02, 7.38071875e-02,
       7.99890907e-02, 7.99890907e-02, 7.99890907e-02, 7.99890907e-02,
       9.34931573e-02, 9.34931573e-02, 9.34931573e-02, 9.34931573e-02,
       9.34931573e-02, 9.34931573e-02, 1.01212534e-01, 1.01212534e-01,
       1.17201562e-01, 1.41708765e-01, 1.66688832e-01, 1.83768186e-01,
       1.92460992e-01, 2.01320818e-01, 2.10219131e-01, 2.10219131e-01,
       2.19497063e-01, 2.38413351e-01, 2.47997746e-01, 2.47997746e-01,
       2.57951371e-01, 2.78106577e-01, 3.08719472e-01, 3.19066175e-01,
       3.50698622e-01, 3.72032973e-01, 3.72032973e-01, 3.72032973e-01,
       3.72032973e-01, 3.72032973e-01, 3.72032973e-01, 3.72032973e-01,
       4.07448662e-01, 4.19385907e-01, 4.31443522e-01, 4.31443522e-01,
       4.43835459e-01, 4.56438155e-01, 4.56438155e-01, 4.56438155e-01,
       4.56438155e-01, 4.82728425e-01, 4.82728425e-01, 4.96233058e-01,
       4.96233058e-01, 5.10033900e-01, 5.23967542e-01, 5.52212335e-01,
       5.66454586e-01, 5.66454586e-01, 5.66454586e-01, 5.66454586e-01,
       5.66454586e-01, 5.66454586e-01, 6.11960930e-01, 7.04106624e-01,
       1.00000000e+00]), array([0.00000000e+00, 3.95814980e-04, 1.75127795e-03, 2.45678300e-03,
       3.09236216e-03, 3.09236216e-03, 3.09236216e-03, 3.09236216e-03,
       3.09236216e-03, 3.09236216e-03, 4.59656316e-03, 4.59656316e-03,
       4.59656316e-03, 6.56288548e-03, 8.77185381e-03, 8.77185381e-03,
       8.77185381e-03, 1.13915488e-02, 1.41923885e-02, 1.71511040e-02,
       1.71511040e-02, 2.03873244e-02, 2.38879659e-02, 3.10811199e-02,
       3.48088591e-02, 4.65797681e-02, 4.65797681e-02, 4.65797681e-02,
       5.09235974e-02, 5.09235974e-02, 5.56228386e-02, 6.53965970e-02,
       6.53965970e-02, 6.53965970e-02, 6.53965970e-02, 8.19175979e-02,
       8.75241576e-02, 9.33128058e-02, 1.05447116e-01, 1.30233998e-01,
       1.36527638e-01, 1.36527638e-01, 1.36527638e-01, 1.50104141e-01,
       1.50104141e-01, 1.57244735e-01, 1.57244735e-01, 1.64643528e-01,
       1.64643528e-01, 1.64643528e-01, 1.64643528e-01, 1.80897375e-01,
       1.80897375e-01, 1.80897375e-01, 1.98038423e-01, 1.98038423e-01,
       2.24688789e-01, 2.33665272e-01, 2.51955044e-01, 2.51955044e-01,
       2.61527911e-01, 2.61527911e-01, 2.71381251e-01, 2.81349660e-01,
       2.91484247e-01, 2.91484247e-01, 2.91484247e-01, 2.91484247e-01,
       2.91484247e-01, 2.91484247e-01, 2.91484247e-01, 2.91484247e-01,
       3.03001345e-01, 3.03001345e-01, 3.03001345e-01, 3.14993187e-01,
       3.27008498e-01, 3.27008498e-01, 3.51834300e-01, 3.76858922e-01,
       4.15181318e-01, 4.15181318e-01, 4.15181318e-01, 4.15181318e-01,
       4.15181318e-01, 4.15181318e-01, 4.42539284e-01, 4.42539284e-01,
       4.42539284e-01, 4.56778581e-01, 4.71095729e-01, 4.85603207e-01,
       5.00326546e-01, 5.00326546e-01, 5.15264151e-01, 5.60769399e-01,
       6.21845716e-01, 7.14483283e-01, 7.61339944e-01, 7.92751295e-01,
       1.00000000e+00]), array([0.00000000e+00, 2.46101181e-04, 4.12407312e-04, 1.17917389e-03,
       2.14461485e-03, 2.14461485e-03, 2.14461485e-03, 2.14461485e-03,
       3.32135353e-03, 3.32135353e-03, 6.21320307e-03, 1.11026587e-02,
       1.11026587e-02, 1.30786077e-02, 1.52577782e-02, 1.75691705e-02,
       1.99460302e-02, 2.25727978e-02, 2.52801063e-02, 2.82244777e-02,
       2.82244777e-02, 2.82244777e-02, 3.15190266e-02, 3.50545778e-02,
       3.50545778e-02, 3.89171555e-02, 4.29729667e-02, 4.70935893e-02,
       5.14431690e-02, 5.58261972e-02, 5.58261972e-02, 5.58261972e-02,
       5.58261972e-02, 5.58261972e-02, 5.58261972e-02, 6.12079573e-02,
       6.67663396e-02, 7.24995037e-02, 7.24995037e-02, 7.24995037e-02,
       7.24995037e-02, 7.88361025e-02, 7.88361025e-02, 8.54675242e-02,
       9.23151944e-02, 9.23151944e-02, 9.94520348e-02, 9.94520348e-02,
       1.29193266e-01, 1.44369462e-01, 1.67665370e-01, 1.75637348e-01,
       1.83644111e-01, 1.91897989e-01, 1.91897989e-01, 1.91897989e-01,
       2.09164063e-01, 2.26742303e-01, 2.26742303e-01, 2.26742303e-01,
       2.64028005e-01, 2.82993208e-01, 2.92635685e-01, 2.92635685e-01,
       2.92635685e-01, 3.02737720e-01, 3.23189930e-01, 3.23189930e-01,
       3.23189930e-01, 3.23189930e-01, 3.23189930e-01, 3.23189930e-01,
       3.23189930e-01, 3.23189930e-01, 3.34729146e-01, 3.34729146e-01,
       3.34729146e-01, 3.34729146e-01, 3.46818684e-01, 3.46818684e-01,
       3.59180898e-01, 3.59180898e-01, 3.59180898e-01, 3.72060972e-01,
       3.85057986e-01, 4.11492278e-01, 4.11492278e-01, 4.25058831e-01,
       4.25058831e-01, 4.80532278e-01, 4.94490719e-01, 4.94490719e-01,
       5.08730363e-01, 5.23158953e-01, 5.67025246e-01, 5.81746243e-01,
       5.96705254e-01, 6.11822534e-01, 6.57692014e-01, 7.19429964e-01,
       1.00000000e+00]), array([0.00000000e+00, 1.85187409e-04, 5.37260700e-04, 1.12005887e-03,
       1.60989829e-03, 2.22850963e-03, 2.96520988e-03, 3.80135474e-03,
       4.84916606e-03, 4.84916606e-03, 4.84916606e-03, 7.76557795e-03,
       9.35494442e-03, 1.10232794e-02, 1.10232794e-02, 1.10232794e-02,
       1.10232794e-02, 1.10232794e-02, 1.57696447e-02, 2.08947588e-02,
       2.08947588e-02, 2.36323170e-02, 3.24250177e-02, 3.24250177e-02,
       3.88423485e-02, 4.22595245e-02, 4.22595245e-02, 4.58297099e-02,
       4.58297099e-02, 4.58297099e-02, 4.58297099e-02, 4.58297099e-02,
       4.58297099e-02, 4.58297099e-02, 4.58297099e-02, 5.99353449e-02,
       5.99353449e-02, 5.99353449e-02, 5.99353449e-02, 6.51317425e-02,
       6.51317425e-02, 6.51317425e-02, 7.63921560e-02, 7.63921560e-02,
       7.63921560e-02, 7.63921560e-02, 7.63921560e-02, 7.63921560e-02,
       7.63921560e-02, 9.64514399e-02, 9.64514399e-02, 1.03400928e-01,
       1.10502824e-01, 1.10502824e-01, 1.47086530e-01, 1.47086530e-01,
       1.54650370e-01, 1.54650370e-01, 1.54650370e-01, 1.54650370e-01,
       1.62761468e-01, 1.62761468e-01, 1.79615601e-01, 1.96599497e-01,
       1.96599497e-01, 2.05403715e-01, 2.05403715e-01, 2.23530635e-01,
       2.23530635e-01, 2.23530635e-01, 2.23530635e-01, 2.23530635e-01,
       2.23530635e-01, 2.33506325e-01, 2.33506325e-01, 2.33506325e-01,
       2.54076917e-01, 2.64480660e-01, 2.64480660e-01, 2.64480660e-01,
       2.75286848e-01, 2.86238175e-01, 2.86238175e-01, 2.97553995e-01,
       3.09007104e-01, 3.09007104e-01, 3.32510489e-01, 3.32510489e-01,
       3.44506015e-01, 3.44506015e-01, 3.44506015e-01, 3.44506015e-01,
       3.81967269e-01, 3.94554034e-01, 4.20042887e-01, 4.58679771e-01,
       5.10945532e-01, 5.24203243e-01, 5.64241299e-01, 6.04606604e-01,
       1.00000000e+00]), array([0.00000000e+00, 3.41993215e-04, 7.02480667e-04, 1.80753832e-03,
       2.38117091e-03, 3.12259197e-03, 3.12259197e-03, 3.12259197e-03,
       3.12259197e-03, 3.12259197e-03, 4.58703244e-03, 4.58703244e-03,
       4.58703244e-03, 4.58703244e-03, 4.58703244e-03, 4.58703244e-03,
       6.92175142e-03, 6.92175142e-03, 1.24106100e-02, 1.81717407e-02,
       2.10960045e-02, 2.74053519e-02, 3.40283861e-02, 3.40283861e-02,
       4.12343374e-02, 5.25120963e-02, 6.43959244e-02, 7.25120462e-02,
       7.25120462e-02, 7.68607690e-02, 8.59460700e-02, 9.53308680e-02,
       1.00170866e-01, 1.05188094e-01, 1.10270190e-01, 1.10270190e-01,
       1.21156550e-01, 1.26754852e-01, 1.26754852e-01, 1.26754852e-01,
       1.26754852e-01, 1.26754852e-01, 1.26754852e-01, 1.26754852e-01,
       1.26754852e-01, 1.40372224e-01, 1.40372224e-01, 1.40372224e-01,
       1.40372224e-01, 1.40372224e-01, 1.48002617e-01, 1.48002617e-01,
       1.55869691e-01, 1.63902505e-01, 1.72194942e-01, 1.80633184e-01,
       1.80633184e-01, 1.89299382e-01, 1.89299382e-01, 1.98346157e-01,
       1.98346157e-01, 1.98346157e-01, 1.98346157e-01, 1.98346157e-01,
       1.98346157e-01, 2.08207935e-01, 2.08207935e-01, 2.08207935e-01,
       2.18550411e-01, 2.29143398e-01, 2.39782919e-01, 2.39782919e-01,
       2.50720810e-01, 2.61820356e-01, 2.61820356e-01, 2.73332826e-01,
       2.73332826e-01, 2.73332826e-01, 2.97297006e-01, 3.09340658e-01,
       3.09340658e-01, 3.34202020e-01, 3.84444700e-01, 4.09865737e-01,
       4.09865737e-01, 4.35749639e-01, 4.62014937e-01, 4.62014937e-01,
       4.88974922e-01, 4.88974922e-01, 5.16489656e-01, 5.58292338e-01,
       6.00541834e-01, 6.43308343e-01, 6.57631736e-01, 6.86796108e-01,
       7.60159698e-01, 8.04611595e-01, 9.54581005e-01, 1.00000000e+00,
       1.00000000e+00])]",0.0106340177454356,0.0110654973255394,0.0139077936909673,0.0042123905331904,"[{'lambda_reg': 1.289582327923854e-05, 'gamma': 0.006174574174395834}, {'lambda_reg': 0.00011560891013848003, 'gamma': 0.002183362995196612}, {'lambda_reg': 7.57877935217543e-05, 'gamma': 0.0057558287799520675}, {'lambda_reg': 3.399313336627061e-05, 'gamma': 0.0016805471073367282}, {'lambda_reg': 0.13476457760004584, 'gamma': 0.28559732229118695}]",600,2,exponential,157
"[np.float64(0.14861070354679826), np.float64(0.08835551774098405), np.float64(0.15769407985869355), np.float64(0.07779779759710732), np.float64(0.22213767584556693)]",0.13891915491783,0.0522766637650913,"[np.float64(0.8173059043428957), np.float64(0.8271241677981391), np.float64(0.8427502613816534), np.float64(0.8656700518635576), np.float64(0.8070167941401445)]",0.8319734359052781,0.0205576640009979,"[np.float64(0.8220686488764144), np.float64(0.8533998828096346), np.float64(0.8922360419562222), np.float64(0.8894693388538628), np.float64(0.9244786011995356)]",0.8763305027391339,0.0352534159835861,"[array([0.        , 0.11032681, 0.11032681, 0.14620051, 0.14620051,
       0.18140823, 0.18140823, 0.18140823, 0.18140823, 0.215049  ,
       0.215049  , 0.24811205, 0.24811205, 0.24811205, 0.24811205,
       0.31076066, 0.37297877, 0.37297877, 0.37297877, 0.37297877,
       0.37297877, 0.37297877, 0.37297877, 0.37297877, 0.40096198,
       0.42870309, 0.42870309, 0.42870309, 0.45539824, 0.45539824,
       0.45539824, 0.45539824, 0.45539824, 0.45539824, 0.48002988,
       0.48002988, 0.48002988, 0.48002988, 0.48002988, 0.50250002,
       0.50250002, 0.50250002, 0.50250002, 0.52348769, 0.58573302,
       0.60631406, 0.60631406, 0.60631406, 0.60631406, 0.60631406,
       0.62492152, 0.62492152, 0.66063872, 0.67806739, 0.71248695,
       0.71248695, 0.72879382, 0.72879382, 0.74425007, 0.74425007,
       0.74425007, 0.74425007, 0.75860112, 0.78619049, 0.81303188,
       0.82602537, 0.83869898, 0.83869898, 0.83869898, 0.83869898,
       0.83869898, 0.84958932, 0.87047216, 0.88072721, 0.89051982,
       0.89051982, 0.89051982, 0.89051982, 0.91501457, 0.93840327,
       0.93840327, 0.95279773, 0.96628541, 0.96628541, 0.9722522 ,
       0.9722522 , 0.9722522 , 0.97728719, 0.98180782, 0.98180782,
       0.98967526, 0.99331356, 0.99331356, 0.99331356, 0.99794412,
       1.        , 1.        , 1.        , 1.        , 1.        ,
       1.        ]), array([0.        , 0.19659955, 0.19659955, 0.19659955, 0.19659955,
       0.23415059, 0.27148726, 0.27148726, 0.27148726, 0.27148726,
       0.30695093, 0.30695093, 0.30695093, 0.30695093, 0.30695093,
       0.30695093, 0.30695093, 0.30695093, 0.30695093, 0.30695093,
       0.30695093, 0.30695093, 0.33799031, 0.33799031, 0.36802106,
       0.36802106, 0.36802106, 0.36802106, 0.36802106, 0.39630269,
       0.39630269, 0.42359768, 0.42359768, 0.45008702, 0.45008702,
       0.45008702, 0.45008702, 0.47519655, 0.47519655, 0.49956012,
       0.52325665, 0.54668438, 0.61564918, 0.63838276, 0.66076116,
       0.66076116, 0.68235204, 0.68235204, 0.68235204, 0.70280088,
       0.70280088, 0.72208808, 0.72208808, 0.74061757, 0.75907698,
       0.75907698, 0.77660585, 0.77660585, 0.79315602, 0.79315602,
       0.79315602, 0.79315602, 0.80813216, 0.80813216, 0.80813216,
       0.80813216, 0.82162674, 0.82162674, 0.83450913, 0.84680273,
       0.84680273, 0.86998972, 0.88138729, 0.88138729, 0.89162847,
       0.90157917, 0.90157917, 0.91091591, 0.91091591, 0.91919696,
       0.92726651, 0.93490941, 0.94931119, 0.94931119, 0.94931119,
       0.96154112, 0.96743544, 0.96743544, 0.96743544, 0.97195762,
       0.98039814, 0.98039814, 0.98364129, 0.98654755, 0.98654755,
       0.99498167, 0.99690659, 0.99833747, 0.99938717, 1.        ,
       1.        ]), array([0.        , 0.18060601, 0.25187467, 0.25187467, 0.25187467,
       0.25187467, 0.25187467, 0.25187467, 0.25187467, 0.31784978,
       0.31784978, 0.31784978, 0.31784978, 0.34940812, 0.34940812,
       0.34940812, 0.37996377, 0.37996377, 0.37996377, 0.37996377,
       0.37996377, 0.40871863, 0.43693087, 0.46505372, 0.46505372,
       0.46505372, 0.5191753 , 0.5191753 , 0.54521428, 0.57095387,
       0.59648654, 0.64666494, 0.67133703, 0.67133703, 0.71952284,
       0.71952284, 0.74277797, 0.74277797, 0.74277797, 0.74277797,
       0.74277797, 0.74277797, 0.74277797, 0.76347776, 0.78394159,
       0.80411352, 0.82395461, 0.82395461, 0.82395461, 0.82395461,
       0.82395461, 0.82395461, 0.82395461, 0.82395461, 0.82395461,
       0.82395461, 0.82395461, 0.82395461, 0.83914734, 0.83914734,
       0.83914734, 0.85347235, 0.85347235, 0.86695131, 0.86695131,
       0.86695131, 0.86695131, 0.86695131, 0.87862527, 0.88990469,
       0.88990469, 0.88990469, 0.90021534, 0.90021534, 0.9096376 ,
       0.91896899, 0.91896899, 0.94428822, 0.94428822, 0.94428822,
       0.95159953, 0.95159953, 0.95159953, 0.95159953, 0.95159953,
       0.95736818, 0.96797503, 0.96797503, 0.96797503, 0.97210857,
       0.97590821, 0.97919005, 0.97919005, 0.98441332, 0.98678947,
       0.99074087, 0.99221945, 0.99728341, 1.        , 1.        ,
       1.        ]), array([0.        , 0.22183369, 0.2583657 , 0.2583657 , 0.2583657 ,
       0.29359849, 0.32845016, 0.32845016, 0.32845016, 0.32845016,
       0.36195853, 0.36195853, 0.42739008, 0.42739008, 0.42739008,
       0.42739008, 0.42739008, 0.42739008, 0.48874785, 0.48874785,
       0.51854086, 0.51854086, 0.51854086, 0.51854086, 0.51854086,
       0.5465087 , 0.5465087 , 0.5465087 , 0.5465087 , 0.5465087 ,
       0.5465087 , 0.57213054, 0.57213054, 0.57213054, 0.57213054,
       0.59646069, 0.59646069, 0.59646069, 0.59646069, 0.59646069,
       0.59646069, 0.59646069, 0.59646069, 0.63903436, 0.63903436,
       0.63903436, 0.67943159, 0.69936454, 0.69936454, 0.73766916,
       0.77503952, 0.77503952, 0.77503952, 0.7926464 , 0.7926464 ,
       0.7926464 , 0.7926464 , 0.80872194, 0.8246475 , 0.8246475 ,
       0.8246475 , 0.83922262, 0.83922262, 0.83922262, 0.83922262,
       0.85226434, 0.86513425, 0.87767106, 0.90173539, 0.91327046,
       0.91327046, 0.91327046, 0.92382754, 0.93397827, 0.94382545,
       0.94382545, 0.94382545, 0.94382545, 0.94382545, 0.94382545,
       0.94382545, 0.94382545, 0.94382545, 0.95044268, 0.95662673,
       0.95662673, 0.96214476, 0.96214476, 0.96675129, 0.96675129,
       0.97873727, 0.98212361, 0.98523403, 0.99065609, 0.99065609,
       0.99482531, 0.99652813, 0.99652813, 0.99754563, 0.99976145,
       1.        ]), array([0.        , 0.33552637, 0.42576435, 0.48543633, 0.54445956,
       0.57374508, 0.57374508, 0.57374508, 0.57374508, 0.60173109,
       0.60173109, 0.60173109, 0.60173109, 0.60173109, 0.60173109,
       0.60173109, 0.62743952, 0.62743952, 0.62743952, 0.62743952,
       0.62743952, 0.62743952, 0.62743952, 0.62743952, 0.62743952,
       0.62743952, 0.62743952, 0.62743952, 0.62743952, 0.62743952,
       0.64907071, 0.69170222, 0.71264989, 0.71264989, 0.71264989,
       0.73272489, 0.73272489, 0.75206424, 0.77127533, 0.77127533,
       0.77127533, 0.80786358, 0.80786358, 0.82541487, 0.82541487,
       0.82541487, 0.82541487, 0.82541487, 0.84144361, 0.84144361,
       0.84144361, 0.85663207, 0.85663207, 0.87100452, 0.87100452,
       0.87100452, 0.8847367 , 0.8847367 , 0.8847367 , 0.89739424,
       0.89739424, 0.89739424, 0.89739424, 0.89739424, 0.89739424,
       0.90814453, 0.91883439, 0.92922202, 0.92922202, 0.92922202,
       0.92922202, 0.92922202, 0.93807901, 0.93807901, 0.93807901,
       0.93807901, 0.93807901, 0.94529453, 0.95209373, 0.95209373,
       0.95209373, 0.95209373, 0.95790155, 0.96849305, 0.96849305,
       0.96849305, 0.96849305, 0.96849305, 0.97219786, 0.97573304,
       0.97902355, 0.98467999, 0.98985871, 0.99205701, 0.99578894,
       0.99578894, 0.9970438 , 0.99815626, 0.99968956, 1.        ,
       1.        ])]","[array([0.00000000e+00, 5.97472873e-05, 5.97472873e-05, 8.26288136e-04,
       8.26288136e-04, 2.14414691e-03, 2.14414691e-03, 2.14414691e-03,
       2.14414691e-03, 4.75916856e-03, 4.75916856e-03, 7.85243764e-03,
       7.85243764e-03, 7.85243764e-03, 7.85243764e-03, 1.69177568e-02,
       2.63394480e-02, 2.63394480e-02, 2.63394480e-02, 2.63394480e-02,
       2.63394480e-02, 2.63394480e-02, 2.63394480e-02, 2.63394480e-02,
       3.36379552e-02, 4.11368838e-02, 4.11368838e-02, 4.11368838e-02,
       4.95016881e-02, 4.95016881e-02, 4.95016881e-02, 4.95016881e-02,
       4.95016881e-02, 4.95016881e-02, 5.95747258e-02, 5.95747258e-02,
       5.95747258e-02, 5.95747258e-02, 5.95747258e-02, 7.14371131e-02,
       7.14371131e-02, 7.14371131e-02, 7.14371131e-02, 8.45267293e-02,
       1.24389693e-01, 1.37815934e-01, 1.37815934e-01, 1.37815934e-01,
       1.37815934e-01, 1.37815934e-01, 1.52875956e-01, 1.52875956e-01,
       1.84235852e-01, 2.00271713e-01, 2.32705837e-01, 2.32705837e-01,
       2.49670356e-01, 2.49670356e-01, 2.67339038e-01, 2.67339038e-01,
       2.67339038e-01, 2.67339038e-01, 2.85922642e-01, 3.24010992e-01,
       3.62718536e-01, 3.82425963e-01, 4.02398199e-01, 4.02398199e-01,
       4.02398199e-01, 4.02398199e-01, 4.02398199e-01, 4.23846669e-01,
       4.67486878e-01, 4.89461264e-01, 5.11818464e-01, 5.11818464e-01,
       5.11818464e-01, 5.11818464e-01, 5.82932436e-01, 6.54962029e-01,
       6.54962029e-01, 7.03973497e-01, 7.53735634e-01, 7.53735634e-01,
       7.79259962e-01, 7.79259962e-01, 7.79259962e-01, 8.05555656e-01,
       8.32277162e-01, 8.32277162e-01, 8.86691882e-01, 9.14143802e-01,
       9.14143802e-01, 9.14143802e-01, 9.71238109e-01, 1.00000000e+00,
       1.00000000e+00, 1.00000000e+00, 1.00000000e+00, 1.00000000e+00,
       1.00000000e+00]), array([0.00000000e+00, 5.66144876e-05, 5.66144876e-05, 5.66144876e-05,
       5.66144876e-05, 1.36846310e-03, 2.83792035e-03, 2.83792035e-03,
       2.83792035e-03, 2.83792035e-03, 5.68446966e-03, 5.68446966e-03,
       5.68446966e-03, 5.68446966e-03, 5.68446966e-03, 5.68446966e-03,
       5.68446966e-03, 5.68446966e-03, 5.68446966e-03, 5.68446966e-03,
       5.68446966e-03, 5.68446966e-03, 1.17838888e-02, 1.17838888e-02,
       1.86248812e-02, 1.86248812e-02, 1.86248812e-02, 1.86248812e-02,
       1.86248812e-02, 2.67518785e-02, 2.67518785e-02, 3.56042779e-02,
       3.56042779e-02, 4.50490205e-02, 4.50490205e-02, 4.50490205e-02,
       4.50490205e-02, 5.55082427e-02, 5.55082427e-02, 6.65159147e-02,
       7.80140146e-02, 8.97097478e-02, 1.25766255e-01, 1.37972345e-01,
       1.50439577e-01, 1.50439577e-01, 1.63485815e-01, 1.63485815e-01,
       1.63485815e-01, 1.77371714e-01, 1.77371714e-01, 1.92111685e-01,
       1.92111685e-01, 2.07408748e-01, 2.22757335e-01, 2.22757335e-01,
       2.38790088e-01, 2.38790088e-01, 2.55542403e-01, 2.55542403e-01,
       2.55542403e-01, 2.55542403e-01, 2.73451998e-01, 2.73451998e-01,
       2.73451998e-01, 2.73451998e-01, 2.92450878e-01, 2.92450878e-01,
       3.11899854e-01, 3.31781733e-01, 3.31781733e-01, 3.72574963e-01,
       3.93115628e-01, 3.93115628e-01, 4.14506504e-01, 4.36110948e-01,
       4.36110948e-01, 4.58166796e-01, 4.58166796e-01, 4.80998820e-01,
       5.03986343e-01, 5.27287561e-01, 5.74539938e-01, 5.74539938e-01,
       5.74539938e-01, 6.23389121e-01, 6.47975943e-01, 6.47975943e-01,
       6.47975943e-01, 6.73571600e-01, 7.25206877e-01, 7.25206877e-01,
       7.51742918e-01, 7.78526648e-01, 7.78526648e-01, 8.88007631e-01,
       9.15512867e-01, 9.43381343e-01, 9.71530070e-01, 1.00000000e+00,
       1.00000000e+00]), array([0.00000000e+00, 1.28508527e-04, 1.01282909e-03, 1.01282909e-03,
       1.01282909e-03, 1.01282909e-03, 1.01282909e-03, 1.01282909e-03,
       1.01282909e-03, 6.42513688e-03, 6.42513688e-03, 6.42513688e-03,
       6.42513688e-03, 1.03538047e-02, 1.03538047e-02, 1.03538047e-02,
       1.51401507e-02, 1.51401507e-02, 1.51401507e-02, 1.51401507e-02,
       1.51401507e-02, 2.14668568e-02, 2.82577040e-02, 3.51250104e-02,
       3.51250104e-02, 3.51250104e-02, 5.06765526e-02, 5.06765526e-02,
       5.93263589e-02, 6.82322478e-02, 7.73151439e-02, 9.62395877e-02,
       1.06058597e-01, 1.06058597e-01, 1.26687463e-01, 1.26687463e-01,
       1.37718507e-01, 1.37718507e-01, 1.37718507e-01, 1.37718507e-01,
       1.37718507e-01, 1.37718507e-01, 1.37718507e-01, 1.50935334e-01,
       1.64353996e-01, 1.78022338e-01, 1.91973676e-01, 1.91973676e-01,
       1.91973676e-01, 1.91973676e-01, 1.91973676e-01, 1.91973676e-01,
       1.91973676e-01, 1.91973676e-01, 1.91973676e-01, 1.91973676e-01,
       1.91973676e-01, 1.91973676e-01, 2.09901113e-01, 2.09901113e-01,
       2.09901113e-01, 2.28570780e-01, 2.28570780e-01, 2.47964139e-01,
       2.47964139e-01, 2.47964139e-01, 2.47964139e-01, 2.47964139e-01,
       2.68901458e-01, 2.90176252e-01, 2.90176252e-01, 2.90176252e-01,
       3.12279709e-01, 3.12279709e-01, 3.35143069e-01, 3.58084164e-01,
       3.58084164e-01, 4.29195534e-01, 4.29195534e-01, 4.29195534e-01,
       4.53864559e-01, 4.53864559e-01, 4.53864559e-01, 4.53864559e-01,
       4.53864559e-01, 4.79853142e-01, 5.32626187e-01, 5.32626187e-01,
       5.32626187e-01, 5.60013402e-01, 5.87686232e-01, 6.15801971e-01,
       6.15801971e-01, 6.73180012e-01, 7.02070462e-01, 7.60536424e-01,
       7.90194640e-01, 9.09554855e-01, 1.00000000e+00, 1.00000000e+00,
       1.00000000e+00]), array([0.00000000e+00, 3.41604210e-04, 7.58668560e-04, 7.58668560e-04,
       7.58668560e-04, 2.23848634e-03, 4.03005298e-03, 4.03005298e-03,
       4.03005298e-03, 4.03005298e-03, 6.92041930e-03, 6.92041930e-03,
       1.39978243e-02, 1.39978243e-02, 1.39978243e-02, 1.39978243e-02,
       1.39978243e-02, 1.39978243e-02, 2.44075246e-02, 2.44075246e-02,
       3.03370099e-02, 3.03370099e-02, 3.03370099e-02, 3.03370099e-02,
       3.03370099e-02, 3.77594602e-02, 3.77594602e-02, 3.77594602e-02,
       3.77594602e-02, 3.77594602e-02, 3.77594602e-02, 4.71009139e-02,
       4.71009139e-02, 4.71009139e-02, 4.71009139e-02, 5.74989497e-02,
       5.74989497e-02, 5.74989497e-02, 5.74989497e-02, 5.74989497e-02,
       5.74989497e-02, 5.74989497e-02, 5.74989497e-02, 8.32738005e-02,
       8.32738005e-02, 8.32738005e-02, 1.10828960e-01, 1.24823851e-01,
       1.24823851e-01, 1.54090734e-01, 1.84121833e-01, 1.84121833e-01,
       1.84121833e-01, 2.00019414e-01, 2.00019414e-01, 2.00019414e-01,
       2.00019414e-01, 2.17169613e-01, 2.34442497e-01, 2.34442497e-01,
       2.34442497e-01, 2.52820020e-01, 2.52820020e-01, 2.52820020e-01,
       2.52820020e-01, 2.72451854e-01, 2.92224214e-01, 3.12269051e-01,
       3.53184315e-01, 3.74048557e-01, 3.74048557e-01, 3.74048557e-01,
       3.95712787e-01, 4.17709406e-01, 4.39954330e-01, 4.39954330e-01,
       4.39954330e-01, 4.39954330e-01, 4.39954330e-01, 4.39954330e-01,
       4.39954330e-01, 4.39954330e-01, 4.39954330e-01, 4.64841308e-01,
       4.90082619e-01, 4.90082619e-01, 5.15868727e-01, 5.15868727e-01,
       5.42400430e-01, 5.42400430e-01, 6.23495411e-01, 6.51025218e-01,
       6.78780722e-01, 7.34945121e-01, 7.34945121e-01, 7.92134324e-01,
       8.21041225e-01, 8.21041225e-01, 8.50508706e-01, 9.69895343e-01,
       1.00000000e+00]), array([0.00000000e+00, 9.40783093e-04, 2.71842403e-03, 4.48675305e-03,
       7.03256792e-03, 8.57643817e-03, 8.57643817e-03, 8.57643817e-03,
       8.57643817e-03, 1.16776751e-02, 1.16776751e-02, 1.16776751e-02,
       1.16776751e-02, 1.16776751e-02, 1.16776751e-02, 1.16776751e-02,
       1.75084262e-02, 1.75084262e-02, 1.75084262e-02, 1.75084262e-02,
       1.75084262e-02, 1.75084262e-02, 1.75084262e-02, 1.75084262e-02,
       1.75084262e-02, 1.75084262e-02, 1.75084262e-02, 1.75084262e-02,
       1.75084262e-02, 1.75084262e-02, 2.82254654e-02, 5.04155969e-02,
       6.19517817e-02, 6.19517817e-02, 6.19517817e-02, 7.45338042e-02,
       7.45338042e-02, 8.79974478e-02, 1.01614805e-01, 1.01614805e-01,
       1.01614805e-01, 1.31047355e-01, 1.31047355e-01, 1.46653863e-01,
       1.46653863e-01, 1.46653863e-01, 1.46653863e-01, 1.46653863e-01,
       1.64085041e-01, 1.64085041e-01, 1.64085041e-01, 1.82523226e-01,
       1.82523226e-01, 2.01939349e-01, 2.01939349e-01, 2.01939349e-01,
       2.22122790e-01, 2.22122790e-01, 2.22122790e-01, 2.43594118e-01,
       2.43594118e-01, 2.43594118e-01, 2.43594118e-01, 2.43594118e-01,
       2.43594118e-01, 2.67351137e-01, 2.91180585e-01, 3.15372234e-01,
       3.15372234e-01, 3.15372234e-01, 3.15372234e-01, 3.15372234e-01,
       3.41398241e-01, 3.41398241e-01, 3.41398241e-01, 3.41398241e-01,
       3.41398241e-01, 3.69391438e-01, 3.97883566e-01, 3.97883566e-01,
       3.97883566e-01, 3.97883566e-01, 4.27563787e-01, 4.88151585e-01,
       4.88151585e-01, 4.88151585e-01, 4.88151585e-01, 4.88151585e-01,
       5.20352125e-01, 5.52755947e-01, 5.85452987e-01, 6.51955105e-01,
       7.19029752e-01, 7.53035721e-01, 8.21844241e-01, 8.21844241e-01,
       8.56980867e-01, 8.92288138e-01, 9.63731562e-01, 1.00000000e+00,
       1.00000000e+00])]",-0.0125840721871239,0.0428716906676715,0.0257569058400973,0.0086093520841076,"[{'lambda_reg': 0.11681018448324956, 'gamma': 0.06788716091424156}, {'lambda_reg': 0.07231189019870765, 'gamma': 0.09264807774670465}, {'lambda_reg': 0.11062218251721936, 'gamma': 0.22439823106251058}, {'lambda_reg': 5.349662296992968e-05, 'gamma': 0.002014929834089793}, {'lambda_reg': 0.10627952894466865, 'gamma': 0.3038452740934543}]",300,2,laplacian,135
"[np.float64(0.04731838635741739), np.float64(0.06473123659495567), np.float64(0.0547207848263789), np.float64(0.07802374473875169), np.float64(0.11434812320845365)]",0.0718284551451914,0.0236224052637595,"[np.float64(0.8044423042254042), np.float64(0.8018615148568169), np.float64(0.8162660336197455), np.float64(0.8109557063379855), np.float64(0.7809229914487889)]",0.8028897100977483,0.0120829697383872,"[np.float64(0.9595395417842799), np.float64(0.9376788124633109), np.float64(0.9688427176083336), np.float64(0.9600358786184827), np.float64(0.9423865152024772)]",0.9536966931353767,0.0117321680550272,"[array([0.        , 0.57290246, 0.5935206 , 0.65461295, 0.68489399,
       0.73474174, 0.73474174, 0.77388406, 0.78355765, 0.79307191,
       0.79307191, 0.79307191, 0.81154648, 0.82063178, 0.82063178,
       0.82955289, 0.82955289, 0.85567303, 0.86427908, 0.86427908,
       0.86427908, 0.87260373, 0.87260373, 0.89686989, 0.89686989,
       0.89686989, 0.90462789, 0.91996914, 0.91996914, 0.92741966,
       0.92741966, 0.92741966, 0.9417711 , 0.9417711 , 0.9417711 ,
       0.9417711 , 0.9417711 , 0.94840112, 0.94840112, 0.94840112,
       0.94840112, 0.95456017, 0.95456017, 0.95456017, 0.95456017,
       0.9603385 , 0.9603385 , 0.9603385 , 0.9603385 , 0.9603385 ,
       0.9603385 , 0.9603385 , 0.9603385 , 0.9603385 , 0.96513892,
       0.96513892, 0.96976423, 0.96976423, 0.96976423, 0.96976423,
       0.96976423, 0.96976423, 0.96976423, 0.96976423, 0.96976423,
       0.96976423, 0.96976423, 0.97326132, 0.97326132, 0.97974502,
       0.97974502, 0.98278462, 0.98278462, 0.98278462, 0.98550028,
       0.99351651, 0.99351651, 0.99594308, 0.99594308, 0.99594308,
       0.99594308, 0.99594308, 0.99594308, 0.99594308, 0.99594308,
       0.99594308, 0.99594308, 0.99594308, 0.99594308, 0.99594308,
       0.99594308, 0.99594308, 0.99594308, 0.99898316, 0.99898316,
       0.99898316, 0.99898316, 0.99971029, 0.99971029, 0.99983489,
       1.        ]), array([0.        , 0.49915028, 0.54028575, 0.59106039, 0.63121153,
       0.64121009, 0.64121009, 0.64121009, 0.66050898, 0.67958363,
       0.69846818, 0.69846818, 0.71692495, 0.75328383, 0.78031868,
       0.78031868, 0.81547115, 0.81547115, 0.82406111, 0.84099943,
       0.84099943, 0.85762215, 0.86581071, 0.86581071, 0.87382144,
       0.881696  , 0.88947827, 0.88947827, 0.89700974, 0.89700974,
       0.91170535, 0.91898749, 0.91898749, 0.91898749, 0.93283126,
       0.93283126, 0.93955984, 0.93955984, 0.93955984, 0.93955984,
       0.93955984, 0.93955984, 0.93955984, 0.93955984, 0.93955984,
       0.93955984, 0.93955984, 0.94516084, 0.94516084, 0.95596637,
       0.95596637, 0.95596637, 0.95596637, 0.95596637, 0.95596637,
       0.96072076, 0.96072076, 0.96072076, 0.96072076, 0.96934334,
       0.97356584, 0.9776923 , 0.9776923 , 0.9776923 , 0.9776923 ,
       0.9776923 , 0.98125758, 0.98125758, 0.98467854, 0.98467854,
       0.98467854, 0.98467854, 0.98467854, 0.98751937, 0.98751937,
       0.98751937, 0.98751937, 0.99000377, 0.99230228, 0.99230228,
       0.99230228, 0.99230228, 0.99230228, 0.99230228, 0.99405219,
       0.99564664, 0.99564664, 0.99564664, 0.99564664, 0.99564664,
       0.9967622 , 0.99778807, 0.99778807, 0.99934866, 0.99934866,
       0.99989557, 0.99989557, 0.99989557, 0.99989557, 0.99989557,
       1.        ]), array([0.        , 0.60918445, 0.67249779, 0.72472891, 0.72472891,
       0.72472891, 0.73484102, 0.73484102, 0.74470054, 0.76424676,
       0.78361914, 0.80269155, 0.81220732, 0.81220732, 0.83995416,
       0.83995416, 0.85805796, 0.86695328, 0.86695328, 0.86695328,
       0.86695328, 0.87551193, 0.89231023, 0.89231023, 0.89231023,
       0.90852089, 0.90852089, 0.90852089, 0.90852089, 0.90852089,
       0.9236475 , 0.93112635, 0.93112635, 0.93112635, 0.93822548,
       0.93822548, 0.93822548, 0.93822548, 0.93822548, 0.93822548,
       0.93822548, 0.94454415, 0.95084408, 0.95084408, 0.95084408,
       0.96265334, 0.96265334, 0.96839178, 0.97400024, 0.97946193,
       0.97946193, 0.97946193, 0.97946193, 0.97946193, 0.98441065,
       0.98441065, 0.98441065, 0.98441065, 0.98441065, 0.98441065,
       0.98441065, 0.98861431, 0.98861431, 0.98861431, 0.98861431,
       0.98861431, 0.99233437, 0.99233437, 0.99233437, 0.99233437,
       0.99233437, 0.99233437, 0.99233437, 0.99233437, 0.99233437,
       0.99233437, 0.99233437, 0.99233437, 0.99233437, 0.99462876,
       0.99462876, 0.99462876, 0.99462876, 0.99462876, 0.99462876,
       0.99462876, 0.99462876, 0.99462876, 0.99462876, 0.99584994,
       0.99584994, 0.99584994, 0.99676407, 0.99676407, 0.99676407,
       0.99795445, 0.99842874, 0.99880486, 0.99932628, 0.99982342,
       1.        ]), array([0.        , 0.55629438, 0.58986002, 0.63418234, 0.68897317,
       0.6998143 , 0.71053477, 0.72118644, 0.7317242 , 0.7317242 ,
       0.75227006, 0.76242425, 0.76242425, 0.76242425, 0.77227245,
       0.77227245, 0.77227245, 0.78178213, 0.79121268, 0.79121268,
       0.80041227, 0.80940586, 0.82724596, 0.82724596, 0.83588698,
       0.8616516 , 0.87854568, 0.87854568, 0.88676217, 0.89494117,
       0.89494117, 0.90279493, 0.90279493, 0.90279493, 0.90279493,
       0.91027238, 0.91758501, 0.92484199, 0.93194211, 0.93194211,
       0.93194211, 0.93194211, 0.93194211, 0.93194211, 0.9383401 ,
       0.95093739, 0.95093739, 0.96316054, 0.96316054, 0.96316054,
       0.9688462 , 0.9688462 , 0.9688462 , 0.9688462 , 0.9688462 ,
       0.9688462 , 0.9688462 , 0.97378044, 0.97378044, 0.97378044,
       0.97378044, 0.97378044, 0.97378044, 0.97378044, 0.97378044,
       0.97378044, 0.97378044, 0.97378044, 0.97378044, 0.97378044,
       0.97378044, 0.97378044, 0.97378044, 0.97378044, 0.97679123,
       0.97972645, 0.98246226, 0.98246226, 0.98246226, 0.98488477,
       0.98716399, 0.98716399, 0.98716399, 0.98913274, 0.98913274,
       0.98913274, 0.98913274, 0.98913274, 0.99059786, 0.99315406,
       0.99432254, 0.99432254, 0.99432254, 0.99602584, 0.99754104,
       0.99880286, 0.99932571, 0.99932571, 0.99962608, 0.99983416,
       1.        ]), array([0.        , 0.50694417, 0.53814374, 0.58970051, 0.62035575,
       0.64057604, 0.64057604, 0.66040376, 0.68975865, 0.71874431,
       0.73794614, 0.73794614, 0.73794614, 0.76574387, 0.77487329,
       0.77487329, 0.79277892, 0.79277892, 0.80152353, 0.8359905 ,
       0.84453881, 0.86140709, 0.86974986, 0.86974986, 0.86974986,
       0.86974986, 0.86974986, 0.87754991, 0.88527096, 0.89284631,
       0.89284631, 0.89284631, 0.89284631, 0.89284631, 0.89987127,
       0.89987127, 0.91345405, 0.92019827, 0.92019827, 0.92019827,
       0.93301728, 0.93301728, 0.93301728, 0.93915295, 0.94512373,
       0.94512373, 0.94512373, 0.94512373, 0.95628014, 0.95628014,
       0.96161636, 0.96687686, 0.96687686, 0.96687686, 0.96687686,
       0.96687686, 0.96687686, 0.96687686, 0.97141437, 0.97141437,
       0.97141437, 0.97141437, 0.97546801, 0.97940565, 0.98329651,
       0.98707739, 0.98707739, 0.98707739, 0.98707739, 0.98707739,
       0.98707739, 0.98707739, 0.98707739, 0.98999617, 0.99282341,
       0.99547915, 0.99547915, 0.99547915, 0.99547915, 0.99547915,
       0.99769842, 0.99769842, 0.99769842, 0.99769842, 0.99769842,
       0.99769842, 0.99769842, 0.99769842, 0.99769842, 0.99769842,
       0.99769842, 0.99769842, 0.99769842, 0.99769842, 0.99769842,
       0.9982459 , 0.99926359, 0.99964257, 0.99995842, 0.99995842,
       1.        ])]","[array([0.        , 0.00414131, 0.00514295, 0.01116903, 0.01523315,
       0.02446714, 0.02446714, 0.03477163, 0.03779169, 0.04144341,
       0.04144341, 0.04144341, 0.05094294, 0.0562952 , 0.0562952 ,
       0.0622984 , 0.0622984 , 0.08285775, 0.09010996, 0.09010996,
       0.09010996, 0.0984777 , 0.0984777 , 0.12638689, 0.12638689,
       0.12638689, 0.13700108, 0.15892213, 0.15892213, 0.17075526,
       0.17075526, 0.17075526, 0.19660029, 0.19660029, 0.19660029,
       0.19660029, 0.19660029, 0.21168617, 0.21168617, 0.21168617,
       0.21168617, 0.22863912, 0.22863912, 0.22863912, 0.22863912,
       0.24710135, 0.24710135, 0.24710135, 0.24710135, 0.24710135,
       0.24710135, 0.24710135, 0.24710135, 0.24710135, 0.2694404 ,
       0.2694404 , 0.29247361, 0.29247361, 0.29247361, 0.29247361,
       0.29247361, 0.29247361, 0.29247361, 0.29247361, 0.29247361,
       0.29247361, 0.29247361, 0.31997954, 0.31997954, 0.377015  ,
       0.377015  , 0.40633456, 0.40633456, 0.40633456, 0.4369383 ,
       0.52926789, 0.52926789, 0.56101772, 0.56101772, 0.56101772,
       0.56101772, 0.56101772, 0.56101772, 0.56101772, 0.56101772,
       0.56101772, 0.56101772, 0.56101772, 0.56101772, 0.56101772,
       0.56101772, 0.56101772, 0.56101772, 0.71444409, 0.71444409,
       0.71444409, 0.71444409, 0.79430064, 0.79430064, 0.83517626,
       1.        ]), array([0.        , 0.0034062 , 0.00553157, 0.01076702, 0.01682963,
       0.01850216, 0.01850216, 0.01850216, 0.02464016, 0.03167503,
       0.03947033, 0.03947033, 0.04897672, 0.07020812, 0.08706885,
       0.08706885, 0.11312576, 0.11312576, 0.12043261, 0.13601271,
       0.13601271, 0.15285514, 0.16176755, 0.16176755, 0.1713913 ,
       0.18155966, 0.19209721, 0.19209721, 0.20363796, 0.20363796,
       0.22818869, 0.24072672, 0.24072672, 0.24072672, 0.26868479,
       0.26868479, 0.283437  , 0.283437  , 0.283437  , 0.283437  ,
       0.283437  , 0.283437  , 0.283437  , 0.283437  , 0.283437  ,
       0.283437  , 0.283437  , 0.30269948, 0.30269948, 0.34281023,
       0.34281023, 0.34281023, 0.34281023, 0.34281023, 0.34281023,
       0.3654591 , 0.3654591 , 0.3654591 , 0.3654591 , 0.41430149,
       0.43907786, 0.46423839, 0.46423839, 0.46423839, 0.46423839,
       0.46423839, 0.49164358, 0.49164358, 0.51962606, 0.51962606,
       0.51962606, 0.51962606, 0.51962606, 0.54992899, 0.54992899,
       0.54992899, 0.54992899, 0.58165762, 0.61412982, 0.61412982,
       0.61412982, 0.61412982, 0.61412982, 0.61412982, 0.64879635,
       0.68408471, 0.68408471, 0.68408471, 0.68408471, 0.68408471,
       0.72128862, 0.75885126, 0.75885126, 0.8359411 , 0.8359411 ,
       0.87541955, 0.87541955, 0.87541955, 0.87541955, 0.87541955,
       1.        ]), array([0.        , 0.00235651, 0.00546236, 0.00991741, 0.00991741,
       0.00991741, 0.01198529, 0.01198529, 0.01494288, 0.02146677,
       0.028603  , 0.03679582, 0.04096419, 0.04096419, 0.05628886,
       0.05628886, 0.06789347, 0.07424731, 0.07424731, 0.07424731,
       0.07424731, 0.081787  , 0.09799   , 0.09799   , 0.09799   ,
       0.11626288, 0.11626288, 0.11626288, 0.11626288, 0.11626288,
       0.13835413, 0.14969728, 0.14969728, 0.14969728, 0.16237788,
       0.16237788, 0.16237788, 0.16237788, 0.16237788, 0.16237788,
       0.16237788, 0.17780754, 0.19330321, 0.19330321, 0.19330321,
       0.22707935, 0.22707935, 0.24455278, 0.26248405, 0.28093227,
       0.28093227, 0.28093227, 0.28093227, 0.28093227, 0.30118737,
       0.30118737, 0.30118737, 0.30118737, 0.30118737, 0.30118737,
       0.30118737, 0.32406684, 0.32406684, 0.32406684, 0.32406684,
       0.32406684, 0.34864971, 0.34864971, 0.34864971, 0.34864971,
       0.34864971, 0.34864971, 0.34864971, 0.34864971, 0.34864971,
       0.34864971, 0.34864971, 0.34864971, 0.34864971, 0.37825426,
       0.37825426, 0.37825426, 0.37825426, 0.37825426, 0.37825426,
       0.37825426, 0.37825426, 0.37825426, 0.37825426, 0.41163901,
       0.41163901, 0.41163901, 0.44610531, 0.44610531, 0.44610531,
       0.51728475, 0.55330034, 0.58966171, 0.66319744, 0.77450489,
       1.        ]), array([0.        , 0.00177797, 0.00324201, 0.00638071, 0.01198584,
       0.01342846, 0.0152026 , 0.0171658 , 0.01944201, 0.01944201,
       0.02544973, 0.02877987, 0.02877987, 0.02877987, 0.03295079,
       0.03295079, 0.03295079, 0.03805183, 0.04337033, 0.04337033,
       0.04932342, 0.05584257, 0.06928497, 0.06928497, 0.07677286,
       0.0996719 , 0.11571371, 0.11571371, 0.12436808, 0.1331255 ,
       0.1331255 , 0.14277656, 0.14277656, 0.14277656, 0.14277656,
       0.15346161, 0.16459955, 0.17589039, 0.18761224, 0.18761224,
       0.18761224, 0.18761224, 0.18761224, 0.18761224, 0.20126337,
       0.22911153, 0.22911153, 0.25798775, 0.25798775, 0.25798775,
       0.27359614, 0.27359614, 0.27359614, 0.27359614, 0.27359614,
       0.27359614, 0.27359614, 0.29126921, 0.29126921, 0.29126921,
       0.29126921, 0.29126921, 0.29126921, 0.29126921, 0.29126921,
       0.29126921, 0.29126921, 0.29126921, 0.29126921, 0.29126921,
       0.29126921, 0.29126921, 0.29126921, 0.29126921, 0.31422741,
       0.33739325, 0.361107  , 0.361107  , 0.361107  , 0.38568162,
       0.41064993, 0.41064993, 0.41064993, 0.43647135, 0.43647135,
       0.43647135, 0.43647135, 0.43647135, 0.46367661, 0.51911488,
       0.54713522, 0.54713522, 0.54713522, 0.60491699, 0.66321563,
       0.72221049, 0.75200483, 0.75200483, 0.78241049, 0.81306973,
       1.        ]), array([0.        , 0.00371058, 0.0057376 , 0.01075578, 0.01479985,
       0.01829834, 0.01829834, 0.02325148, 0.0321141 , 0.04234496,
       0.04961739, 0.04961739, 0.04961739, 0.0642502 , 0.06963357,
       0.06963357, 0.08170916, 0.08170916, 0.0885185 , 0.11765103,
       0.12518778, 0.14110736, 0.14940572, 0.14940572, 0.14940572,
       0.14940572, 0.14940572, 0.15971517, 0.17031737, 0.18145946,
       0.18145946, 0.18145946, 0.18145946, 0.18145946, 0.19464107,
       0.19464107, 0.2227353 , 0.23695719, 0.23695719, 0.23695719,
       0.26788166, 0.26788166, 0.26788166, 0.28435858, 0.30144653,
       0.30144653, 0.30144653, 0.30144653, 0.33853187, 0.33853187,
       0.35797121, 0.37769113, 0.37769113, 0.37769113, 0.37769113,
       0.37769113, 0.37769113, 0.37769113, 0.40009019, 0.40009019,
       0.40009019, 0.40009019, 0.42428221, 0.44890415, 0.47369937,
       0.49890214, 0.49890214, 0.49890214, 0.49890214, 0.49890214,
       0.49890214, 0.49890214, 0.49890214, 0.52729951, 0.55603607,
       0.58540816, 0.58540816, 0.58540816, 0.58540816, 0.58540816,
       0.61639758, 0.61639758, 0.61639758, 0.61639758, 0.61639758,
       0.61639758, 0.61639758, 0.61639758, 0.61639758, 0.61639758,
       0.61639758, 0.61639758, 0.61639758, 0.61639758, 0.61639758,
       0.65358195, 0.72823705, 0.76604582, 0.80408852, 0.80408852,
       1.        ])]",0.0105024497135488,0.0093965779730702,0.0101642977969051,0.0035253848960484,"[{'lambda_reg': 0.000420955760127664, 'gamma': 0.03817297023164465}, {'lambda_reg': 0.01826543968344527, 'gamma': 0.20248584907761377}, {'lambda_reg': 0.0019308519790460926, 'gamma': 0.1287700899234659}, {'lambda_reg': 0.015556715679896695, 'gamma': 0.11142509819647164}, {'lambda_reg': 0.011531947012246477, 'gamma': 0.22724042007143427}]",600,3,cauchy,165
"[np.float64(0.06804534742745846), np.float64(0.06593315073404822), np.float64(0.09279935318159772), np.float64(0.05549451134443986), np.float64(0.08290787194811912)]",0.0730360469271326,0.0131992794483442,"[np.float64(0.813896508491093), np.float64(0.846420845693159), np.float64(0.8253096687299597), np.float64(0.8400656117966504), np.float64(0.8572126051823551)]",0.8365810479786434,0.0153379091055089,"[np.float64(0.932984246272601), np.float64(0.9540689745249303), np.float64(0.9550936531531089), np.float64(0.9643183056767333), np.float64(0.9237917769160257)]",0.9460513913086798,0.0151391215909384,"[array([0.        , 0.        , 0.25008284, 0.37413284, 0.39165066,
       0.4089135 , 0.42606083, 0.44309086, 0.49328874, 0.52657868,
       0.54302393, 0.5592266 , 0.5592266 , 0.5592266 , 0.57485892,
       0.59035237, 0.59035237, 0.62078454, 0.62078454, 0.62078454,
       0.62078454, 0.64966626, 0.66387359, 0.66387359, 0.66387359,
       0.69124734, 0.71834351, 0.71834351, 0.73151266, 0.74457029,
       0.74457029, 0.74457029, 0.74457029, 0.74457029, 0.74457029,
       0.74457029, 0.7562707 , 0.76777248, 0.76777248, 0.76777248,
       0.78970538, 0.78970538, 0.81092203, 0.83167649, 0.83167649,
       0.83167649, 0.83167649, 0.83167649, 0.83167649, 0.83167649,
       0.83167649, 0.84064685, 0.84064685, 0.84926041, 0.84926041,
       0.84926041, 0.85729283, 0.86521852, 0.87287032, 0.87287032,
       0.88022301, 0.88022301, 0.88022301, 0.88022301, 0.88022301,
       0.88022301, 0.88022301, 0.8925185 , 0.89843386, 0.90418705,
       0.90418705, 0.90418705, 0.90937522, 0.91434137, 0.92400329,
       0.92400329, 0.92838438, 0.93268191, 0.94486225, 0.94486225,
       0.94486225, 0.94842964, 0.94842964, 0.94842964, 0.94842964,
       0.9513163 , 0.95651448, 0.96367278, 0.96599993, 0.96599993,
       0.9678826 , 0.97136256, 0.97451993, 0.97719987, 0.98080554,
       0.98568134, 0.99193262, 0.99627107, 0.99879928, 1.        ,
       1.        ]), array([0.        , 0.16822996, 0.32001109, 0.54554039, 0.63483563,
       0.64952017, 0.66402786, 0.66402786, 0.66402786, 0.67803547,
       0.69196168, 0.69196168, 0.71913798, 0.73261909, 0.75921661,
       0.77235572, 0.77235572, 0.78526744, 0.78526744, 0.78526744,
       0.78526744, 0.79751232, 0.79751232, 0.79751232, 0.82113517,
       0.82113517, 0.82113517, 0.83249219, 0.83249219, 0.83249219,
       0.83249219, 0.83249219, 0.83249219, 0.83249219, 0.83249219,
       0.83249219, 0.83249219, 0.83249219, 0.83249219, 0.83249219,
       0.83249219, 0.83249219, 0.83249219, 0.83249219, 0.83249219,
       0.84099215, 0.85786682, 0.85786682, 0.85786682, 0.85786682,
       0.8733427 , 0.8733427 , 0.8733427 , 0.88788273, 0.89508511,
       0.90213736, 0.9089245 , 0.9089245 , 0.91542213, 0.91542213,
       0.91542213, 0.91542213, 0.91542213, 0.91542213, 0.91542213,
       0.9208959 , 0.9208959 , 0.9208959 , 0.9258852 , 0.93557929,
       0.94482546, 0.94482546, 0.94482546, 0.94482546, 0.94482546,
       0.94482546, 0.94482546, 0.95206294, 0.95558296, 0.95558296,
       0.95558296, 0.96148015, 0.96712717, 0.96982121, 0.96982121,
       0.97217686, 0.97217686, 0.97418832, 0.9761665 , 0.97794888,
       0.97794888, 0.97943611, 0.9820553 , 0.98432882, 0.98729896,
       0.98891168, 0.99380787, 0.99595466, 0.99862147, 1.        ,
       1.        ]), array([0.        , 0.09808247, 0.29278255, 0.42108048, 0.51640394,
       0.57931056, 0.57931056, 0.57931056, 0.59458268, 0.65480304,
       0.68459908, 0.68459908, 0.69911633, 0.69911633, 0.69911633,
       0.69911633, 0.72687845, 0.72687845, 0.72687845, 0.72687845,
       0.72687845, 0.72687845, 0.73984304, 0.75255305, 0.75255305,
       0.75255305, 0.75255305, 0.75255305, 0.77634887, 0.77634887,
       0.78791818, 0.78791818, 0.78791818, 0.78791818, 0.80971404,
       0.80971404, 0.80971404, 0.82009127, 0.82009127, 0.83019532,
       0.83019532, 0.83019532, 0.83019532, 0.83959991, 0.84891528,
       0.84891528, 0.84891528, 0.85769812, 0.85769812, 0.85769812,
       0.87441947, 0.87441947, 0.88240238, 0.88240238, 0.89012817,
       0.89012817, 0.89749734, 0.90469459, 0.90469459, 0.91154069,
       0.91154069, 0.91154069, 0.917935  , 0.93027902, 0.93027902,
       0.93027902, 0.94737968, 0.95286653, 0.96350472, 0.96350472,
       0.96350472, 0.96350472, 0.96350472, 0.96807946, 0.97243674,
       0.97243674, 0.97243674, 0.97243674, 0.97243674, 0.97243674,
       0.97243674, 0.97564444, 0.97564444, 0.97859776, 0.97859776,
       0.97859776, 0.97859776, 0.98296364, 0.98296364, 0.98666461,
       0.98839461, 0.98839461, 0.98976917, 0.98976917, 0.98976917,
       0.99060373, 0.99347618, 0.99551824, 0.99753174, 0.99854146,
       1.        ]), array([0.        , 0.10209066, 0.35504495, 0.50559357, 0.57172382,
       0.63734767, 0.63734767, 0.65335136, 0.68495267, 0.70068445,
       0.71624999, 0.73155271, 0.74674189, 0.76176596, 0.76176596,
       0.77641999, 0.77641999, 0.79072439, 0.79072439, 0.79072439,
       0.79072439, 0.80437068, 0.80437068, 0.80437068, 0.80437068,
       0.80437068, 0.81714505, 0.82970352, 0.82970352, 0.82970352,
       0.82970352, 0.84153785, 0.85331635, 0.85331635, 0.85331635,
       0.85331635, 0.85331635, 0.85331635, 0.85331635, 0.86389234,
       0.86389234, 0.86389234, 0.86389234, 0.87377433, 0.88341379,
       0.88341379, 0.88341379, 0.89253566, 0.89253566, 0.89253566,
       0.89253566, 0.89253566, 0.89253566, 0.90073123, 0.90873678,
       0.91654781, 0.91654781, 0.92394754, 0.92394754, 0.92394754,
       0.92394754, 0.92394754, 0.92394754, 0.93035211, 0.93035211,
       0.93035211, 0.93035211, 0.93035211, 0.93035211, 0.93566706,
       0.93566706, 0.93566706, 0.93566706, 0.94031282, 0.94479211,
       0.94924152, 0.95763013, 0.95763013, 0.95763013, 0.96135594,
       0.9649233 , 0.9649233 , 0.9680093 , 0.9680093 , 0.9680093 ,
       0.9680093 , 0.97046635, 0.97284865, 0.97284865, 0.97478861,
       0.97831055, 0.97998402, 0.98141436, 0.98272689, 0.9837598 ,
       0.98840379, 0.9891112 , 0.9907833 , 0.99614009, 0.99923872,
       1.        ]), array([0.        , 0.        , 0.        , 0.07974926, 0.2533081 ,
       0.34712047, 0.39363618, 0.43953114, 0.46978499, 0.51487482,
       0.52968154, 0.54431009, 0.58770574, 0.6306269 , 0.64480675,
       0.64480675, 0.64480675, 0.64480675, 0.65836939, 0.67169299,
       0.67169299, 0.68474866, 0.71038169, 0.7230803 , 0.7230803 ,
       0.74768325, 0.77214042, 0.77214042, 0.77214042, 0.77214042,
       0.77214042, 0.78356108, 0.79472814, 0.79472814, 0.79472814,
       0.79472814, 0.79472814, 0.79472814, 0.80497419, 0.80497419,
       0.81482538, 0.81482538, 0.81482538, 0.81482538, 0.81482538,
       0.83300241, 0.83300241, 0.83300241, 0.84160766, 0.84160766,
       0.84160766, 0.84160766, 0.84160766, 0.84943316, 0.84943316,
       0.8569127 , 0.86426442, 0.86426442, 0.86426442, 0.87780866,
       0.88448546, 0.88448546, 0.88448546, 0.88448546, 0.89053985,
       0.90223789, 0.91355775, 0.91355775, 0.91355775, 0.91355775,
       0.91857085, 0.92344325, 0.92344325, 0.92799246, 0.93238415,
       0.94064736, 0.95263441, 0.95263441, 0.95263441, 0.95263441,
       0.95263441, 0.95263441, 0.95263441, 0.95263441, 0.95529193,
       0.95783822, 0.96021313, 0.96240225, 0.96449249, 0.96823536,
       0.9716153 , 0.97622985, 0.98021545, 0.98377299, 0.98805753,
       0.99337904, 0.99634162, 0.99694807, 0.9993542 , 1.        ,
       1.        ])]","[array([0.        , 0.        , 0.00346977, 0.00604582, 0.00658658,
       0.00734368, 0.00819878, 0.00915341, 0.01277427, 0.01533693,
       0.01678771, 0.01844431, 0.01844431, 0.01844431, 0.02058482,
       0.02284316, 0.02284316, 0.02783049, 0.02783049, 0.02783049,
       0.02783049, 0.0341333 , 0.03748284, 0.03748284, 0.03748284,
       0.04506509, 0.05288285, 0.05288285, 0.05711324, 0.06143824,
       0.06143824, 0.06143824, 0.06143824, 0.06143824, 0.06143824,
       0.06143824, 0.06691478, 0.07255984, 0.07255984, 0.07255984,
       0.08475838, 0.08475838, 0.09756461, 0.11076299, 0.11076299,
       0.11076299, 0.11076299, 0.11076299, 0.11076299, 0.11076299,
       0.11076299, 0.11855584, 0.11855584, 0.12665142, 0.12665142,
       0.12665142, 0.13524006, 0.14391926, 0.15283084, 0.15283084,
       0.1619962 , 0.1619962 , 0.1619962 , 0.1619962 , 0.1619962 ,
       0.1619962 , 0.1619962 , 0.18237159, 0.19275645, 0.2032789 ,
       0.2032789 , 0.2032789 , 0.21428075, 0.22547097, 0.24808081,
       0.24808081, 0.25976742, 0.27152493, 0.30740176, 0.30740176,
       0.30740176, 0.31977876, 0.31977876, 0.31977876, 0.31977876,
       0.33273332, 0.35913042, 0.3992682 , 0.41269748, 0.41269748,
       0.42650388, 0.4543588 , 0.48248742, 0.51102112, 0.55417313,
       0.627055  , 0.74498107, 0.84912634, 0.93940377, 1.        ,
       1.        ]), array([0.        , 0.00123197, 0.00371643, 0.00997367, 0.0135591 ,
       0.01439055, 0.01543087, 0.01543087, 0.01543087, 0.01706189,
       0.01878906, 0.01878906, 0.023042  , 0.02529491, 0.03023149,
       0.03288835, 0.03288835, 0.03581381, 0.03581381, 0.03581381,
       0.03581381, 0.03952693, 0.03952693, 0.03952693, 0.04797712,
       0.04797712, 0.04797712, 0.05273895, 0.05273895, 0.05273895,
       0.05273895, 0.05273895, 0.05273895, 0.05273895, 0.05273895,
       0.05273895, 0.05273895, 0.05273895, 0.05273895, 0.05273895,
       0.05273895, 0.05273895, 0.05273895, 0.05273895, 0.05273895,
       0.06087546, 0.07729644, 0.07729644, 0.07729644, 0.07729644,
       0.09536963, 0.09536963, 0.09536963, 0.11454824, 0.12421742,
       0.13406393, 0.14422359, 0.14422359, 0.15472522, 0.15472522,
       0.15472522, 0.15472522, 0.15472522, 0.15472522, 0.15472522,
       0.1664362 , 0.1664362 , 0.1664362 , 0.17871943, 0.20362193,
       0.2290535 , 0.2290535 , 0.2290535 , 0.2290535 , 0.2290535 ,
       0.2290535 , 0.2290535 , 0.25685769, 0.2708764 , 0.2708764 ,
       0.2708764 , 0.3002637 , 0.32994651, 0.34494084, 0.34494084,
       0.36033487, 0.36033487, 0.37613544, 0.39197533, 0.40804649,
       0.40804649, 0.42446627, 0.45772547, 0.49139298, 0.5424141 ,
       0.57686213, 0.69831412, 0.76848424, 0.8925695 , 1.        ,
       1.        ]), array([0.00000000e+00, 6.16847697e-04, 3.35504589e-03, 6.72326517e-03,
       1.01737520e-02, 1.31338188e-02, 1.31338188e-02, 1.31338188e-02,
       1.43406665e-02, 2.00596474e-02, 2.32417788e-02, 2.32417788e-02,
       2.52239189e-02, 2.52239189e-02, 2.52239189e-02, 2.52239189e-02,
       3.04949881e-02, 3.04949881e-02, 3.04949881e-02, 3.04949881e-02,
       3.04949881e-02, 3.04949881e-02, 3.40717781e-02, 3.79100419e-02,
       3.79100419e-02, 3.79100419e-02, 3.79100419e-02, 3.79100419e-02,
       4.72547119e-02, 4.72547119e-02, 5.22645281e-02, 5.22645281e-02,
       5.22645281e-02, 5.22645281e-02, 6.36632514e-02, 6.36632514e-02,
       6.36632514e-02, 6.98974024e-02, 6.98974024e-02, 7.64121213e-02,
       7.64121213e-02, 7.64121213e-02, 7.64121213e-02, 8.36452128e-02,
       9.09699496e-02, 9.09699496e-02, 9.09699496e-02, 9.88416117e-02,
       9.88416117e-02, 9.88416117e-02, 1.15452118e-01, 1.15452118e-01,
       1.24145355e-01, 1.24145355e-01, 1.33102666e-01, 1.33102666e-01,
       1.42426244e-01, 1.51926388e-01, 1.51926388e-01, 1.61787192e-01,
       1.61787192e-01, 1.61787192e-01, 1.72112001e-01, 1.93218241e-01,
       1.93218241e-01, 1.93218241e-01, 2.26331264e-01, 2.37588085e-01,
       2.60446306e-01, 2.60446306e-01, 2.60446306e-01, 2.60446306e-01,
       2.60446306e-01, 2.72639904e-01, 2.85056852e-01, 2.85056852e-01,
       2.85056852e-01, 2.85056852e-01, 2.85056852e-01, 2.85056852e-01,
       2.85056852e-01, 2.98654470e-01, 2.98654470e-01, 3.12513349e-01,
       3.12513349e-01, 3.12513349e-01, 3.12513349e-01, 3.41813547e-01,
       3.41813547e-01, 3.71796651e-01, 3.86911944e-01, 3.86911944e-01,
       4.02392293e-01, 4.02392293e-01, 4.02392293e-01, 4.18427252e-01,
       4.83045456e-01, 5.48516531e-01, 6.30909015e-01, 6.97440346e-01,
       1.00000000e+00]), array([0.00000000e+00, 7.04365748e-04, 4.61571544e-03, 8.12081160e-03,
       1.04170109e-02, 1.31924345e-02, 1.31924345e-02, 1.42669809e-02,
       1.68003518e-02, 1.81322214e-02, 1.96214046e-02, 2.13593118e-02,
       2.32046597e-02, 2.52062561e-02, 2.52062561e-02, 2.75580429e-02,
       2.75580429e-02, 3.02406988e-02, 3.02406988e-02, 3.02406988e-02,
       3.02406988e-02, 3.35461604e-02, 3.35461604e-02, 3.35461604e-02,
       3.35461604e-02, 3.35461604e-02, 3.76767478e-02, 4.20116454e-02,
       4.20116454e-02, 4.20116454e-02, 4.20116454e-02, 4.70318386e-02,
       5.21048644e-02, 5.21048644e-02, 5.21048644e-02, 5.21048644e-02,
       5.21048644e-02, 5.21048644e-02, 5.21048644e-02, 5.83158710e-02,
       5.83158710e-02, 5.83158710e-02, 5.83158710e-02, 6.51836455e-02,
       7.22809377e-02, 7.22809377e-02, 7.22809377e-02, 7.98680404e-02,
       7.98680404e-02, 7.98680404e-02, 7.98680404e-02, 7.98680404e-02,
       7.98680404e-02, 8.83317481e-02, 9.69752804e-02, 1.05802891e-01,
       1.05802891e-01, 1.15019734e-01, 1.15019734e-01, 1.15019734e-01,
       1.15019734e-01, 1.15019734e-01, 1.15019734e-01, 1.25178335e-01,
       1.25178335e-01, 1.25178335e-01, 1.25178335e-01, 1.25178335e-01,
       1.25178335e-01, 1.36368100e-01, 1.36368100e-01, 1.36368100e-01,
       1.36368100e-01, 1.48191134e-01, 1.60171716e-01, 1.72180573e-01,
       1.96681128e-01, 1.96681128e-01, 1.96681128e-01, 2.09374753e-01,
       2.22218332e-01, 2.22218332e-01, 2.35517440e-01, 2.35517440e-01,
       2.35517440e-01, 2.35517440e-01, 2.49411753e-01, 2.63376806e-01,
       2.63376806e-01, 2.77760466e-01, 3.06866551e-01, 3.21502398e-01,
       3.36368334e-01, 3.51345754e-01, 3.66587793e-01, 4.43290610e-01,
       4.58840683e-01, 5.05916879e-01, 7.11701346e-01, 9.19622807e-01,
       1.00000000e+00]), array([0.        , 0.        , 0.        , 0.00218076, 0.0089376 ,
       0.01351077, 0.01620223, 0.01953731, 0.02211612, 0.02628599,
       0.0279074 , 0.02971354, 0.03564003, 0.04205849, 0.04432987,
       0.04432987, 0.04432987, 0.04432987, 0.0472412 , 0.05040038,
       0.05040038, 0.05383735, 0.06120726, 0.06501446, 0.06501446,
       0.07345239, 0.08204148, 0.08204148, 0.08204148, 0.08204148,
       0.08204148, 0.08717373, 0.09256892, 0.09256892, 0.09256892,
       0.09256892, 0.09256892, 0.09256892, 0.09891905, 0.09891905,
       0.10567859, 0.10567859, 0.10567859, 0.10567859, 0.10567859,
       0.12077924, 0.12077924, 0.12077924, 0.12883064, 0.12883064,
       0.12883064, 0.12883064, 0.12883064, 0.13769052, 0.13769052,
       0.1469091 , 0.15626022, 0.15626022, 0.15626022, 0.17616437,
       0.18621528, 0.18621528, 0.18621528, 0.18621528, 0.19691154,
       0.21872993, 0.24094042, 0.24094042, 0.24094042, 0.24094042,
       0.25271633, 0.26463813, 0.26463813, 0.27689503, 0.28931526,
       0.31469504, 0.35318751, 0.35318751, 0.35318751, 0.35318751,
       0.35318751, 0.35318751, 0.35318751, 0.35318751, 0.3674058 ,
       0.38173943, 0.39625075, 0.4109547 , 0.42576118, 0.45582787,
       0.48627088, 0.53240751, 0.57919628, 0.62642888, 0.68988142,
       0.78620628, 0.8510295 , 0.86737445, 0.96672211, 1.        ,
       1.        ])]",0.0122503863906482,0.0066191117028688,0.0045632390799208,0.0003038222118924,"[{'lambda_reg': 0.004824110665378425, 'gamma': 0.0018845571623211262}, {'lambda_reg': 0.08559824191052309, 'gamma': 0.07236968046771046}, {'lambda_reg': 0.0009925669048818772, 'gamma': 0.0023697649552802966}, {'lambda_reg': 0.0324674737704269, 'gamma': 0.02914816810632841}, {'lambda_reg': 0.003995622336674414, 'gamma': 0.0013762738890852732}]",600,1,exponential,150
"[np.float64(0.07122990183860822), np.float64(0.06582141873155464), np.float64(0.09535311613894161), np.float64(0.05500274474273373), np.float64(0.0820524575138109)]",0.0738919277931298,0.0138289376710101,"[np.float64(0.8181498759549822), np.float64(0.8446363150733537), np.float64(0.827027497923085), np.float64(0.8380464527875919), np.float64(0.8543441729322442)]",0.8364408629342514,0.0127549481295294,"[np.float64(0.9616689926311515), np.float64(0.9559042758611314), np.float64(0.9473303334308978), np.float64(0.9680202294515284), np.float64(0.9417079294195333)]",0.9549263521588484,0.0094899458174702,"[array([0.        , 0.01892875, 0.35785368, 0.35785368, 0.3946838 ,
       0.43123649, 0.44921809, 0.48491647, 0.50260371, 0.50260371,
       0.55435768, 0.57150944, 0.5883697 , 0.6050773 , 0.62160607,
       0.63799856, 0.63799856, 0.63799856, 0.68520817, 0.70069952,
       0.70069952, 0.71584363, 0.73082018, 0.73082018, 0.74545416,
       0.75984716, 0.78838117, 0.78838117, 0.78838117, 0.78838117,
       0.78838117, 0.78838117, 0.78838117, 0.81419314, 0.81419314,
       0.81419314, 0.81419314, 0.81419314, 0.82609701, 0.83792958,
       0.83792958, 0.83792958, 0.83792958, 0.84886828, 0.85960105,
       0.87014829, 0.87014829, 0.88033357, 0.89040412, 0.90026821,
       0.91962098, 0.91962098, 0.91962098, 0.91962098, 0.91962098,
       0.91962098, 0.91962098, 0.91962098, 0.91962098, 0.91962098,
       0.91962098, 0.92718803, 0.92718803, 0.93437752, 0.93437752,
       0.93437752, 0.94099448, 0.94746484, 0.95360888, 0.95971886,
       0.95971886, 0.95971886, 0.95971886, 0.95971886, 0.95971886,
       0.95971886, 0.96432872, 0.96886637, 0.97749683, 0.97749683,
       0.97749683, 0.97749683, 0.97749683, 0.97749683, 0.98072923,
       0.9836667 , 0.9836667 , 0.9836667 , 0.98613681, 0.98613681,
       0.98811524, 0.99190872, 0.99359977, 0.99504478, 0.99504478,
       0.99608012, 0.99608012, 0.99673579, 0.99778581, 0.99907446,
       1.        ]), array([0.        , 0.04731021, 0.21877584, 0.34224218, 0.49502225,
       0.54041847, 0.63015771, 0.64490264, 0.65960255, 0.70314171,
       0.70314171, 0.71733402, 0.74531446, 0.75917862, 0.77286017,
       0.77286017, 0.77286017, 0.77286017, 0.77286017, 0.78572542,
       0.78572542, 0.78572542, 0.79808146, 0.81038157, 0.81038157,
       0.82239278, 0.82239278, 0.82239278, 0.833898  , 0.833898  ,
       0.833898  , 0.833898  , 0.8448125 , 0.8448125 , 0.8448125 ,
       0.8448125 , 0.85507973, 0.85507973, 0.85507973, 0.85507973,
       0.85507973, 0.86450816, 0.86450816, 0.87358656, 0.88250212,
       0.88250212, 0.88250212, 0.89096178, 0.89925697, 0.89925697,
       0.89925697, 0.89925697, 0.89925697, 0.89925697, 0.90655285,
       0.90655285, 0.90655285, 0.90655285, 0.91333989, 0.91333989,
       0.91979129, 0.91979129, 0.92586583, 0.92586583, 0.92586583,
       0.92586583, 0.93139269, 0.93672939, 0.94190102, 0.94190102,
       0.94190102, 0.94190102, 0.94635097, 0.95063091, 0.95063091,
       0.95063091, 0.95445622, 0.95824227, 0.96185324, 0.96185324,
       0.96504138, 0.96504138, 0.96798001, 0.96798001, 0.96798001,
       0.97043201, 0.97268534, 0.97688734, 0.97885012, 0.98074422,
       0.98074422, 0.98227116, 0.98353822, 0.9846687 , 0.98678981,
       0.99028153, 0.99181663, 0.99344822, 0.99684722, 0.99935273,
       1.        ]), array([0.        , 0.08073568, 0.24073544, 0.36746084, 0.38310941,
       0.46060095, 0.47600535, 0.50643219, 0.52146584, 0.56605979,
       0.58081648, 0.59543198, 0.6241757 , 0.6241757 , 0.63824063,
       0.63824063, 0.6657207 , 0.67926672, 0.69259338, 0.69259338,
       0.7056809 , 0.71864475, 0.7569408 , 0.7569408 , 0.7694084 ,
       0.7694084 , 0.7694084 , 0.7694084 , 0.7694084 , 0.7694084 ,
       0.78091468, 0.78091468, 0.78091468, 0.78091468, 0.79169079,
       0.79169079, 0.79169079, 0.80199822, 0.81212716, 0.81212716,
       0.82195599, 0.82195599, 0.82195599, 0.82195599, 0.82195599,
       0.82195599, 0.83074088, 0.84811803, 0.88242486, 0.89073309,
       0.89073309, 0.90678319, 0.90678319, 0.90678319, 0.90678319,
       0.90678319, 0.90678319, 0.91390371, 0.91390371, 0.92068277,
       0.92068277, 0.93353022, 0.93353022, 0.93956966, 0.94548015,
       0.95122988, 0.95122988, 0.95122988, 0.96181403, 0.96697531,
       0.96697531, 0.96697531, 0.97153817, 0.97153817, 0.97153817,
       0.97153817, 0.97153817, 0.97153817, 0.97153817, 0.97500727,
       0.97500727, 0.97500727, 0.97500727, 0.97500727, 0.97768694,
       0.98276938, 0.98276938, 0.98493889, 0.98700017, 0.98700017,
       0.98700017, 0.98700017, 0.98700017, 0.98943826, 0.98943826,
       0.99207095, 0.99417707, 0.996908  , 0.99820555, 0.9987501 ,
       1.        ]), array([0.        , 0.05178124, 0.22324894, 0.34203028, 0.47642873,
       0.52637805, 0.57552509, 0.57552509, 0.59161965, 0.65521869,
       0.65521869, 0.70191387, 0.73269774, 0.76300721, 0.77809215,
       0.77809215, 0.77809215, 0.80711552, 0.82142156, 0.82142156,
       0.82142156, 0.84915122, 0.84915122, 0.84915122, 0.84915122,
       0.84915122, 0.84915122, 0.84915122, 0.84915122, 0.86156008,
       0.86156008, 0.87366282, 0.88556268, 0.88556268, 0.88556268,
       0.88556268, 0.89682216, 0.89682216, 0.89682216, 0.89682216,
       0.89682216, 0.90715679, 0.90715679, 0.90715679, 0.90715679,
       0.90715679, 0.91657396, 0.91657396, 0.91657396, 0.91657396,
       0.9253749 , 0.9253749 , 0.9253749 , 0.9253749 , 0.9253749 ,
       0.9253749 , 0.93302797, 0.94060019, 0.94060019, 0.94060019,
       0.94060019, 0.94060019, 0.94722317, 0.94722317, 0.94722317,
       0.94722317, 0.94722317, 0.94722317, 0.94722317, 0.94722317,
       0.94722317, 0.95227484, 0.95227484, 0.95705003, 0.95705003,
       0.95705003, 0.95705003, 0.95705003, 0.9609756 , 0.9609756 ,
       0.96454615, 0.97134814, 0.97134814, 0.97134814, 0.97421786,
       0.97695246, 0.97951472, 0.97951472, 0.97951472, 0.98158202,
       0.98334613, 0.98505273, 0.98653743, 0.98910771, 0.98910771,
       0.99106066, 0.99275567, 0.99443658, 0.99540457, 0.99740724,
       1.        ]), array([0.        , 0.        , 0.11495835, 0.29453403, 0.34297828,
       0.37486565, 0.39074546, 0.43767037, 0.45308185, 0.49908379,
       0.55961345, 0.57464631, 0.58945802, 0.60417402, 0.6186606 ,
       0.6186606 , 0.63273592, 0.63273592, 0.63273592, 0.6873646 ,
       0.7008511 , 0.7142158 , 0.72736497, 0.75334937, 0.76611889,
       0.76611889, 0.76611889, 0.76611889, 0.77829511, 0.77829511,
       0.79015605, 0.80170501, 0.81313366, 0.81313366, 0.81313366,
       0.81313366, 0.82392439, 0.82392439, 0.8343546 , 0.8343546 ,
       0.85468489, 0.85468489, 0.85468489, 0.85468489, 0.85468489,
       0.85468489, 0.85468489, 0.86369472, 0.86369472, 0.86369472,
       0.86369472, 0.87193109, 0.87193109, 0.87987537, 0.87987537,
       0.87987537, 0.89480674, 0.89480674, 0.89480674, 0.90176096,
       0.90851113, 0.90851113, 0.90851113, 0.92108146, 0.92725765,
       0.92725765, 0.93302947, 0.93857177, 0.93857177, 0.93857177,
       0.93857177, 0.94350198, 0.9482391 , 0.95747568, 0.95747568,
       0.95747568, 0.95747568, 0.95747568, 0.96125772, 0.97211118,
       0.97553188, 0.97553188, 0.97553188, 0.97553188, 0.97553188,
       0.97553188, 0.97553188, 0.97553188, 0.97766553, 0.97956192,
       0.98135526, 0.98296904, 0.98437754, 0.98817343, 0.98918009,
       0.99097684, 0.99251754, 0.99562722, 0.99761594, 0.99944505,
       1.        ])]","[array([0.00000000e+00, 1.38210899e-04, 4.01253175e-03, 4.01253175e-03,
       5.08359539e-03, 6.36923787e-03, 7.24003250e-03, 9.18645171e-03,
       1.02849246e-02, 1.02849246e-02, 1.45918226e-02, 1.61044644e-02,
       1.78425721e-02, 1.96987530e-02, 2.16932556e-02, 2.37931622e-02,
       2.37931622e-02, 2.37931622e-02, 3.16149372e-02, 3.44118422e-02,
       3.44118422e-02, 3.74773198e-02, 4.06723937e-02, 4.06723937e-02,
       4.41324394e-02, 4.77788657e-02, 5.52666287e-02, 5.52666287e-02,
       5.52666287e-02, 5.52666287e-02, 5.52666287e-02, 5.52666287e-02,
       5.52666287e-02, 6.48597799e-02, 6.48597799e-02, 6.48597799e-02,
       6.48597799e-02, 6.48597799e-02, 7.04314508e-02, 7.60582642e-02,
       7.60582642e-02, 7.60582642e-02, 7.60582642e-02, 8.23764572e-02,
       8.88539220e-02, 9.54748920e-02, 9.54748920e-02, 1.02375822e-01,
       1.09365490e-01, 1.16514841e-01, 1.31103920e-01, 1.31103920e-01,
       1.31103920e-01, 1.31103920e-01, 1.31103920e-01, 1.31103920e-01,
       1.31103920e-01, 1.31103920e-01, 1.31103920e-01, 1.31103920e-01,
       1.31103920e-01, 1.40029938e-01, 1.40029938e-01, 1.49247990e-01,
       1.49247990e-01, 1.49247990e-01, 1.58908868e-01, 1.68683132e-01,
       1.78709793e-01, 1.88762801e-01, 1.88762801e-01, 1.88762801e-01,
       1.88762801e-01, 1.88762801e-01, 1.88762801e-01, 1.88762801e-01,
       1.99976089e-01, 2.11245230e-01, 2.34127571e-01, 2.34127571e-01,
       2.34127571e-01, 2.34127571e-01, 2.34127571e-01, 2.34127571e-01,
       2.46406265e-01, 2.58913081e-01, 2.58913081e-01, 2.58913081e-01,
       2.71781372e-01, 2.71781372e-01, 2.85029964e-01, 3.11653512e-01,
       3.25124377e-01, 3.38785547e-01, 3.38785547e-01, 3.52763581e-01,
       3.52763581e-01, 3.67035271e-01, 3.95780776e-01, 4.53899354e-01,
       1.00000000e+00]), array([0.00000000e+00, 2.22955754e-04, 3.26732797e-03, 6.85400521e-03,
       1.30619055e-02, 1.54104834e-02, 2.12772859e-02, 2.24900938e-02,
       2.37529093e-02, 2.81638811e-02, 2.81638811e-02, 2.99904055e-02,
       3.40923465e-02, 3.62833093e-02, 3.86770795e-02, 3.86770795e-02,
       3.86770795e-02, 3.86770795e-02, 3.86770795e-02, 4.19773970e-02,
       4.19773970e-02, 4.19773970e-02, 4.58432378e-02, 4.97711849e-02,
       4.97711849e-02, 5.40199866e-02, 5.40199866e-02, 5.40199866e-02,
       5.88307151e-02, 5.88307151e-02, 5.88307151e-02, 5.88307151e-02,
       6.42974865e-02, 6.42974865e-02, 6.42974865e-02, 6.42974865e-02,
       7.04830973e-02, 7.04830973e-02, 7.04830973e-02, 7.04830973e-02,
       7.04830973e-02, 7.76002490e-02, 7.76002490e-02, 8.51061311e-02,
       9.27928644e-02, 9.27928644e-02, 9.27928644e-02, 1.00985897e-01,
       1.09361590e-01, 1.09361590e-01, 1.09361590e-01, 1.09361590e-01,
       1.09361590e-01, 1.09361590e-01, 1.18847084e-01, 1.18847084e-01,
       1.18847084e-01, 1.18847084e-01, 1.28897694e-01, 1.28897694e-01,
       1.39321045e-01, 1.39321045e-01, 1.50162920e-01, 1.50162920e-01,
       1.50162920e-01, 1.50162920e-01, 1.61613034e-01, 1.73274345e-01,
       1.85118961e-01, 1.85118961e-01, 1.85118961e-01, 1.85118961e-01,
       1.97765064e-01, 2.10599981e-01, 2.10599981e-01, 2.10599981e-01,
       2.23939788e-01, 2.37323187e-01, 2.50901040e-01, 2.50901040e-01,
       2.64948468e-01, 2.64948468e-01, 2.79272989e-01, 2.79272989e-01,
       2.79272989e-01, 2.94137954e-01, 3.09223557e-01, 3.39733103e-01,
       3.55141377e-01, 3.70625932e-01, 3.70625932e-01, 3.86518233e-01,
       4.02699162e-01, 4.19031763e-01, 4.51852283e-01, 5.18326802e-01,
       5.51798121e-01, 6.02750374e-01, 7.39680181e-01, 9.12778436e-01,
       1.00000000e+00]), array([0.00000000e+00, 4.97604508e-04, 3.04353092e-03, 6.42317724e-03,
       7.04806708e-03, 1.09641926e-02, 1.18463739e-02, 1.40132258e-02,
       1.52860862e-02, 1.96389184e-02, 2.12036254e-02, 2.29171121e-02,
       2.68575542e-02, 2.68575542e-02, 2.91512058e-02, 2.91512058e-02,
       3.44232243e-02, 3.72636806e-02, 4.03352891e-02, 4.03352891e-02,
       4.36588858e-02, 4.71128005e-02, 5.81020566e-02, 5.81020566e-02,
       6.20789013e-02, 6.20789013e-02, 6.20789013e-02, 6.20789013e-02,
       6.20789013e-02, 6.20789013e-02, 6.70687362e-02, 6.70687362e-02,
       6.70687362e-02, 6.70687362e-02, 7.28279837e-02, 7.28279837e-02,
       7.28279837e-02, 7.90811095e-02, 8.55223250e-02, 8.55223250e-02,
       9.22797752e-02, 9.22797752e-02, 9.22797752e-02, 9.22797752e-02,
       9.22797752e-02, 9.22797752e-02, 1.00137272e-01, 1.16055270e-01,
       1.48362774e-01, 1.56722561e-01, 1.56722561e-01, 1.74038944e-01,
       1.74038944e-01, 1.74038944e-01, 1.74038944e-01, 1.74038944e-01,
       1.74038944e-01, 1.83650278e-01, 1.83650278e-01, 1.93621429e-01,
       1.93621429e-01, 2.14312608e-01, 2.14312608e-01, 2.25063137e-01,
       2.35949539e-01, 2.47005355e-01, 2.47005355e-01, 2.47005355e-01,
       2.70081483e-01, 2.81757377e-01, 2.81757377e-01, 2.81757377e-01,
       2.94063849e-01, 2.94063849e-01, 2.94063849e-01, 2.94063849e-01,
       2.94063849e-01, 2.94063849e-01, 2.94063849e-01, 3.07522882e-01,
       3.07522882e-01, 3.07522882e-01, 3.07522882e-01, 3.07522882e-01,
       3.21813773e-01, 3.50687343e-01, 3.50687343e-01, 3.65515824e-01,
       3.80458343e-01, 3.80458343e-01, 3.80458343e-01, 3.80458343e-01,
       3.80458343e-01, 4.12118410e-01, 4.12118410e-01, 4.60688005e-01,
       5.09812483e-01, 5.92507764e-01, 6.42484279e-01, 6.76139653e-01,
       1.00000000e+00]), array([0.00000000e+00, 3.66214383e-04, 2.63222203e-03, 5.36456565e-03,
       9.73051811e-03, 1.17817560e-02, 1.45709442e-02, 1.45709442e-02,
       1.57653877e-02, 2.12598686e-02, 2.12598686e-02, 2.63043142e-02,
       2.99857627e-02, 3.41035703e-02, 3.62266790e-02, 3.62266790e-02,
       3.62266790e-02, 4.15274635e-02, 4.43670094e-02, 4.43670094e-02,
       4.43670094e-02, 5.08577711e-02, 5.08577711e-02, 5.08577711e-02,
       5.08577711e-02, 5.08577711e-02, 5.08577711e-02, 5.08577711e-02,
       5.08577711e-02, 5.54423688e-02, 5.54423688e-02, 6.03085477e-02,
       6.53613346e-02, 6.53613346e-02, 6.53613346e-02, 6.53613346e-02,
       7.10031532e-02, 7.10031532e-02, 7.10031532e-02, 7.10031532e-02,
       7.10031532e-02, 7.74956659e-02, 7.74956659e-02, 7.74956659e-02,
       7.74956659e-02, 7.74956659e-02, 8.48320732e-02, 8.48320732e-02,
       8.48320732e-02, 8.48320732e-02, 9.27352930e-02, 9.27352930e-02,
       9.27352930e-02, 9.27352930e-02, 9.27352930e-02, 9.27352930e-02,
       1.01694338e-01, 1.10727759e-01, 1.10727759e-01, 1.10727759e-01,
       1.10727759e-01, 1.10727759e-01, 1.20634301e-01, 1.20634301e-01,
       1.20634301e-01, 1.20634301e-01, 1.20634301e-01, 1.20634301e-01,
       1.20634301e-01, 1.20634301e-01, 1.20634301e-01, 1.31986154e-01,
       1.31986154e-01, 1.43592322e-01, 1.43592322e-01, 1.43592322e-01,
       1.43592322e-01, 1.43592322e-01, 1.55979987e-01, 1.55979987e-01,
       1.68694198e-01, 1.94434543e-01, 1.94434543e-01, 1.94434543e-01,
       2.07793386e-01, 2.21276526e-01, 2.34918179e-01, 2.34918179e-01,
       2.34918179e-01, 2.49015101e-01, 2.63390903e-01, 2.77819613e-01,
       2.92452416e-01, 3.22085157e-01, 3.22085157e-01, 3.52285723e-01,
       3.82723539e-01, 4.29172795e-01, 4.60279334e-01, 5.86424923e-01,
       1.00000000e+00]), array([0.        , 0.        , 0.00215397, 0.00660349, 0.00834375,
       0.0099095 , 0.01075575, 0.0140034 , 0.01531429, 0.01947765,
       0.02582869, 0.02751522, 0.02942117, 0.03142207, 0.03365058,
       0.03365058, 0.03628712, 0.03628712, 0.03628712, 0.04849271,
       0.05171342, 0.055055  , 0.0586104 , 0.06603266, 0.06996472,
       0.06996472, 0.06996472, 0.06996472, 0.07448541, 0.07448541,
       0.07931891, 0.08446192, 0.08972429, 0.08972429, 0.08972429,
       0.08972429, 0.09561957, 0.09561957, 0.10187253, 0.10187253,
       0.11490441, 0.11490441, 0.11490441, 0.11490441, 0.11490441,
       0.11490441, 0.11490441, 0.12256657, 0.12256657, 0.12256657,
       0.12256657, 0.1309961 , 0.1309961 , 0.13971542, 0.13971542,
       0.13971542, 0.15810373, 0.15810373, 0.15810373, 0.16780533,
       0.17770937, 0.17770937, 0.17770937, 0.19844012, 0.20891363,
       0.20891363, 0.21978831, 0.23089071, 0.23089071, 0.23089071,
       0.23089071, 0.24260038, 0.25450163, 0.27853991, 0.27853991,
       0.27853991, 0.27853991, 0.27853991, 0.29138871, 0.33042391,
       0.34363122, 0.34363122, 0.34363122, 0.34363122, 0.34363122,
       0.34363122, 0.34363122, 0.34363122, 0.35811544, 0.37283506,
       0.38765691, 0.40265691, 0.41786058, 0.46389781, 0.47950016,
       0.51091971, 0.5425933 , 0.62251349, 0.70354584, 0.81793869,
       1.        ])]",0.0222343604445941,0.0070281604542217,0.0029458852596692,0.0003352470498513,"[{'lambda_reg': 1.8383847002683746e-05, 'gamma': 0.03956027541928482}, {'lambda_reg': 0.2370778413799828, 'gamma': 0.632535185816762}, {'lambda_reg': 0.14579622426606248, 'gamma': 0.22413394239678114}, {'lambda_reg': 0.12206960644599262, 'gamma': 0.5548227751392231}, {'lambda_reg': 0.1339089793618854, 'gamma': 0.164633589080588}]",600,1,rbf,148
"[np.float64(0.10051002601639696), np.float64(0.04860535163218579), np.float64(0.30475941032279474), np.float64(0.11909889055998042), np.float64(0.10510958979414105)]",0.1356166536650998,0.0878820022076368,"[np.float64(0.805413198659706), np.float64(0.808456291573651), np.float64(0.46007319875886676), np.float64(0.7241421016177843), np.float64(0.8554880566747485)]",0.7307145694569513,0.1417617949531999,"[np.float64(0.9075683343959641), np.float64(0.8973295611312866), np.float64(0.5854615248981877), np.float64(0.9108897063701608), np.float64(0.9457537794431885)]",0.8494005812477574,0.1329731938373252,"[array([0.        , 0.        , 0.02906295, 0.20269627, 0.31710725,
       0.37361901, 0.37361901, 0.45684093, 0.45684093, 0.48390288,
       0.48390288, 0.51034472, 0.51034472, 0.51034472, 0.56138238,
       0.56138238, 0.56138238, 0.58612522, 0.61060898, 0.6589343 ,
       0.68277073, 0.68277073, 0.68277073, 0.68277073, 0.68277073,
       0.68277073, 0.70486967, 0.70486967, 0.70486967, 0.70486967,
       0.70486967, 0.70486967, 0.70486967, 0.72496237, 0.7642932 ,
       0.78379463, 0.78379463, 0.78379463, 0.78379463, 0.78379463,
       0.78379463, 0.80128606, 0.80128606, 0.81837301, 0.81837301,
       0.81837301, 0.81837301, 0.83413907, 0.84982334, 0.84982334,
       0.84982334, 0.84982334, 0.84982334, 0.84982334, 0.86367498,
       0.87729414, 0.87729414, 0.87729414, 0.87729414, 0.87729414,
       0.88934046, 0.90091691, 0.90091691, 0.91203582, 0.92276062,
       0.92276062, 0.92276062, 0.92276062, 0.92276062, 0.92276062,
       0.93181086, 0.93181086, 0.93181086, 0.95629381, 0.95629381,
       0.96382678, 0.96382678, 0.96382678, 0.97044017, 0.97044017,
       0.97652401, 0.97652401, 0.98185888, 0.98185888, 0.98185888,
       0.98185888, 0.98623012, 0.98623012, 0.98623012, 0.98973004,
       0.99297809, 0.99297809, 0.99297809, 0.99534349, 0.99534349,
       0.99534349, 0.99803419, 0.99894287, 0.99894287, 0.99990223,
       1.        ]), array([0.        , 0.        , 0.        , 0.02806116, 0.13889698,
       0.24838993, 0.30245737, 0.30245737, 0.3552799 , 0.38142589,
       0.43334315, 0.45891093, 0.48442094, 0.48442094, 0.50932544,
       0.55822513, 0.55822513, 0.60599094, 0.60599094, 0.67593982,
       0.67593982, 0.67593982, 0.69853436, 0.72062473, 0.72062473,
       0.72062473, 0.72062473, 0.72062473, 0.74132974, 0.74132974,
       0.7615903 , 0.7615903 , 0.7615903 , 0.7615903 , 0.78074762,
       0.78074762, 0.78074762, 0.78074762, 0.78074762, 0.78074762,
       0.78074762, 0.79769498, 0.81449902, 0.81449902, 0.83062976,
       0.84657749, 0.8622188 , 0.8622188 , 0.89238331, 0.89238331,
       0.89238331, 0.89238331, 0.90616276, 0.90616276, 0.91956903,
       0.91956903, 0.91956903, 0.91956903, 0.91956903, 0.91956903,
       0.91956903, 0.91956903, 0.93056048, 0.93056048, 0.93056048,
       0.93056048, 0.93056048, 0.94021586, 0.94021586, 0.94933677,
       0.95802362, 0.95802362, 0.95802362, 0.95802362, 0.95802362,
       0.96521995, 0.96521995, 0.96521995, 0.96521995, 0.96521995,
       0.96521995, 0.96521995, 0.97053438, 0.97053438, 0.97525825,
       0.97525825, 0.97944881, 0.97944881, 0.98306977, 0.98961715,
       0.99249025, 0.99508166, 0.9975478 , 0.9975478 , 0.9975478 ,
       0.9975478 , 0.99889273, 0.99889273, 0.99889273, 0.99963383,
       1.        ]), array([0.        , 0.        , 0.        , 0.        , 0.        ,
       0.        , 0.        , 0.        , 0.        , 0.        ,
       0.        , 0.        , 0.        , 0.        , 0.        ,
       0.        , 0.        , 0.        , 0.        , 0.        ,
       0.        , 0.        , 0.        , 0.        , 0.        ,
       0.        , 0.        , 0.        , 0.        , 0.        ,
       0.        , 0.        , 0.        , 0.        , 0.        ,
       0.        , 0.        , 0.        , 0.        , 0.        ,
       0.        , 0.        , 0.        , 0.        , 0.        ,
       0.        , 0.        , 0.        , 0.        , 0.        ,
       0.        , 0.0454618 , 0.0454618 , 0.08906156, 0.08906156,
       0.08906156, 0.10949552, 0.10949552, 0.1288924 , 0.14802643,
       0.33457706, 0.53522884, 0.62343891, 0.69233231, 0.70928539,
       0.79103052, 0.8701129 , 0.90091577, 0.91591152, 0.91591152,
       0.94384989, 0.94384989, 0.94384989, 0.95640251, 0.95640251,
       0.9682229 , 0.99081636, 0.99081636, 0.99081636, 0.99081636,
       0.99081636, 0.99081636, 0.99081636, 0.99081636, 0.99081636,
       0.99081636, 0.99081636, 0.99081636, 0.9967501 , 0.9967501 ,
       0.9967501 , 0.9967501 , 0.9967501 , 0.9967501 , 0.9967501 ,
       0.99930063, 0.99930063, 0.99930063, 0.99930063, 1.        ,
       1.        ]), array([0.        , 0.        , 0.06635784, 0.16511314, 0.26333352,
       0.32806038, 0.36004345, 0.3916809 , 0.3916809 , 0.3916809 ,
       0.3916809 , 0.3916809 , 0.45150465, 0.45150465, 0.48057705,
       0.53827277, 0.56675525, 0.56675525, 0.56675525, 0.56675525,
       0.56675525, 0.5936477 , 0.5936477 , 0.61987504, 0.61987504,
       0.61987504, 0.61987504, 0.61987504, 0.64427521, 0.64427521,
       0.64427521, 0.66791478, 0.66791478, 0.66791478, 0.69054412,
       0.7128227 , 0.7128227 , 0.7128227 , 0.73390639, 0.75454416,
       0.79526315, 0.81553659, 0.81553659, 0.83494316, 0.83494316,
       0.83494316, 0.83494316, 0.83494316, 0.83494316, 0.85249758,
       0.85249758, 0.85249758, 0.85249758, 0.85249758, 0.85249758,
       0.85249758, 0.85249758, 0.85249758, 0.85249758, 0.85249758,
       0.87969981, 0.87969981, 0.89257612, 0.89257612, 0.9048645 ,
       0.91695151, 0.91695151, 0.91695151, 0.91695151, 0.91695151,
       0.91695151, 0.91695151, 0.92653375, 0.93586832, 0.93586832,
       0.93586832, 0.93586832, 0.93586832, 0.93586832, 0.95046899,
       0.95740876, 0.95740876, 0.95740876, 0.95740876, 0.96302404,
       0.96302404, 0.97285866, 0.97285866, 0.97285866, 0.98462849,
       0.98462849, 0.98775075, 0.98775075, 0.99266358, 0.99266358,
       0.99651897, 0.99803034, 0.99803034, 0.99803034, 0.99955587,
       1.        ]), array([0.        , 0.        , 0.        , 0.07827516, 0.19451948,
       0.27107078, 0.34706454, 0.45997538, 0.49722468, 0.53396207,
       0.53396207, 0.53396207, 0.53396207, 0.56903427, 0.6038272 ,
       0.6038272 , 0.63789382, 0.63789382, 0.63789382, 0.67068493,
       0.70278565, 0.70278565, 0.70278565, 0.70278565, 0.70278565,
       0.70278565, 0.70278565, 0.70278565, 0.70278565, 0.70278565,
       0.7309192 , 0.7309192 , 0.7309192 , 0.75811542, 0.75811542,
       0.75811542, 0.75811542, 0.78376469, 0.78376469, 0.78376469,
       0.78376469, 0.78376469, 0.78376469, 0.80685169, 0.80685169,
       0.80685169, 0.82885576, 0.82885576, 0.82885576, 0.82885576,
       0.82885576, 0.84874571, 0.86799081, 0.86799081, 0.86799081,
       0.86799081, 0.88573471, 0.88573471, 0.90293661, 0.90293661,
       0.90293661, 0.90293661, 0.91854235, 0.91854235, 0.91854235,
       0.91854235, 0.91854235, 0.91854235, 0.91854235, 0.9311263 ,
       0.9311263 , 0.9311263 , 0.9311263 , 0.9311263 , 0.9311263 ,
       0.9311263 , 0.9311263 , 0.9311263 , 0.9311263 , 0.9311263 ,
       0.94763133, 0.96329706, 0.96329706, 0.97020604, 0.97020604,
       0.97020604, 0.97020604, 0.97020604, 0.97531362, 0.97531362,
       0.97531362, 0.97896651, 0.97896651, 0.98496717, 0.98769763,
       0.99230492, 0.99411367, 0.99551211, 0.99551211, 0.99858557,
       1.        ])]","[array([0.00000000e+00, 0.00000000e+00, 7.24649119e-04, 6.02986259e-03,
       1.12958278e-02, 1.48209775e-02, 1.48209775e-02, 2.20965246e-02,
       2.20965246e-02, 2.53945358e-02, 2.53945358e-02, 2.94900134e-02,
       2.94900134e-02, 2.94900134e-02, 4.00550188e-02, 4.00550188e-02,
       4.00550188e-02, 4.63354798e-02, 5.29491129e-02, 6.70022741e-02,
       7.44483994e-02, 7.44483994e-02, 7.44483994e-02, 7.44483994e-02,
       7.44483994e-02, 7.44483994e-02, 8.41289901e-02, 8.41289901e-02,
       8.41289901e-02, 8.41289901e-02, 8.41289901e-02, 8.41289901e-02,
       8.41289901e-02, 9.63896728e-02, 1.22010029e-01, 1.35031095e-01,
       1.35031095e-01, 1.35031095e-01, 1.35031095e-01, 1.35031095e-01,
       1.35031095e-01, 1.50637089e-01, 1.50637089e-01, 1.66763269e-01,
       1.66763269e-01, 1.66763269e-01, 1.66763269e-01, 1.84588140e-01,
       2.02518199e-01, 2.02518199e-01, 2.02518199e-01, 2.02518199e-01,
       2.02518199e-01, 2.02518199e-01, 2.22805079e-01, 2.43390941e-01,
       2.43390941e-01, 2.43390941e-01, 2.43390941e-01, 2.43390941e-01,
       2.65999518e-01, 2.89212359e-01, 2.89212359e-01, 3.13013622e-01,
       3.37321712e-01, 3.37321712e-01, 3.37321712e-01, 3.37321712e-01,
       3.37321712e-01, 3.37321712e-01, 3.63783354e-01, 3.63783354e-01,
       3.63783354e-01, 4.46599089e-01, 4.46599089e-01, 4.75011978e-01,
       4.75011978e-01, 4.75011978e-01, 5.04607470e-01, 5.04607470e-01,
       5.34883992e-01, 5.34883992e-01, 5.66123712e-01, 5.66123712e-01,
       5.66123712e-01, 5.66123712e-01, 5.98602680e-01, 5.98602680e-01,
       5.98602680e-01, 6.32202203e-01, 6.66125640e-01, 6.66125640e-01,
       6.66125640e-01, 7.01184188e-01, 7.01184188e-01, 7.01184188e-01,
       7.73924922e-01, 8.10856857e-01, 8.10856857e-01, 8.85824147e-01,
       1.00000000e+00]), array([0.00000000e+00, 0.00000000e+00, 0.00000000e+00, 8.46766062e-04,
       6.18979833e-03, 1.33972632e-02, 1.79437459e-02, 1.79437459e-02,
       2.42186356e-02, 2.77243911e-02, 3.52561470e-02, 3.95646829e-02,
       4.39534113e-02, 4.39534113e-02, 4.91828227e-02, 6.09041124e-02,
       6.09041124e-02, 7.41996747e-02, 7.41996747e-02, 9.65030225e-02,
       9.65030225e-02, 9.65030225e-02, 1.04939542e-01, 1.14076033e-01,
       1.14076033e-01, 1.14076033e-01, 1.14076033e-01, 1.14076033e-01,
       1.25135935e-01, 1.25135935e-01, 1.36812911e-01, 1.36812911e-01,
       1.36812911e-01, 1.36812911e-01, 1.50021598e-01, 1.50021598e-01,
       1.50021598e-01, 1.50021598e-01, 1.50021598e-01, 1.50021598e-01,
       1.50021598e-01, 1.66298566e-01, 1.82774501e-01, 1.82774501e-01,
       2.00185241e-01, 2.17850063e-01, 2.35940312e-01, 2.35940312e-01,
       2.73673178e-01, 2.73673178e-01, 2.73673178e-01, 2.73673178e-01,
       2.94348406e-01, 2.94348406e-01, 3.15541747e-01, 3.15541747e-01,
       3.15541747e-01, 3.15541747e-01, 3.15541747e-01, 3.15541747e-01,
       3.15541747e-01, 3.15541747e-01, 3.40087776e-01, 3.40087776e-01,
       3.40087776e-01, 3.40087776e-01, 3.40087776e-01, 3.66488791e-01,
       3.66488791e-01, 3.93631836e-01, 4.21377534e-01, 4.21377534e-01,
       4.21377534e-01, 4.21377534e-01, 4.21377534e-01, 4.51192634e-01,
       4.51192634e-01, 4.51192634e-01, 4.51192634e-01, 4.51192634e-01,
       4.51192634e-01, 4.51192634e-01, 4.83620536e-01, 4.83620536e-01,
       5.16868362e-01, 5.16868362e-01, 5.50856623e-01, 5.50856623e-01,
       5.85635700e-01, 6.56158152e-01, 6.91975548e-01, 7.28184046e-01,
       7.64566461e-01, 7.64566461e-01, 7.64566461e-01, 7.64566461e-01,
       8.02505535e-01, 8.02505535e-01, 8.02505535e-01, 8.81089316e-01,
       1.00000000e+00]), array([0.        , 0.        , 0.        , 0.        , 0.        ,
       0.        , 0.        , 0.        , 0.        , 0.        ,
       0.        , 0.        , 0.        , 0.        , 0.        ,
       0.        , 0.        , 0.        , 0.        , 0.        ,
       0.        , 0.        , 0.        , 0.        , 0.        ,
       0.        , 0.        , 0.        , 0.        , 0.        ,
       0.        , 0.        , 0.        , 0.        , 0.        ,
       0.        , 0.        , 0.        , 0.        , 0.        ,
       0.        , 0.        , 0.        , 0.        , 0.        ,
       0.        , 0.        , 0.        , 0.        , 0.        ,
       0.        , 0.02643543, 0.02643543, 0.05392988, 0.05392988,
       0.05392988, 0.06845395, 0.06845395, 0.08356785, 0.09883124,
       0.25418917, 0.42767288, 0.50823263, 0.57363288, 0.59013665,
       0.67437325, 0.76012426, 0.79489675, 0.81251374, 0.81251374,
       0.84891537, 0.84891537, 0.84891537, 0.86792185, 0.86792185,
       0.88734477, 0.92678626, 0.92678626, 0.92678626, 0.92678626,
       0.92678626, 0.92678626, 0.92678626, 0.92678626, 0.92678626,
       0.92678626, 0.92678626, 0.92678626, 0.94955713, 0.94955713,
       0.94955713, 0.94955713, 0.94955713, 0.94955713, 0.94955713,
       0.97425216, 0.97425216, 0.97425216, 0.97425216, 1.        ,
       1.        ]), array([0.        , 0.        , 0.00121416, 0.00379544, 0.00689697,
       0.0096974 , 0.01146754, 0.01357384, 0.01357384, 0.01357384,
       0.01357384, 0.01357384, 0.02114296, 0.02114296, 0.02574398,
       0.0353828 , 0.04055757, 0.04055757, 0.04055757, 0.04055757,
       0.04055757, 0.04727878, 0.04727878, 0.05464688, 0.05464688,
       0.05464688, 0.05464688, 0.05464688, 0.06379204, 0.06379204,
       0.06379204, 0.07367696, 0.07367696, 0.07367696, 0.08454441,
       0.09575302, 0.09575302, 0.09575302, 0.10812374, 0.12092817,
       0.14707832, 0.16023709, 0.16023709, 0.17423896, 0.17423896,
       0.17423896, 0.17423896, 0.17423896, 0.17423896, 0.19004222,
       0.19004222, 0.19004222, 0.19004222, 0.19004222, 0.19004222,
       0.19004222, 0.19004222, 0.19004222, 0.19004222, 0.19004222,
       0.22933857, 0.22933857, 0.24969169, 0.24969169, 0.27061661,
       0.29173739, 0.29173739, 0.29173739, 0.29173739, 0.29173739,
       0.29173739, 0.29173739, 0.31529427, 0.33909203, 0.33909203,
       0.33909203, 0.33909203, 0.33909203, 0.33909203, 0.3906445 ,
       0.4167714 , 0.4167714 , 0.4167714 , 0.4167714 , 0.4441865 ,
       0.4441865 , 0.50037435, 0.50037435, 0.50037435, 0.58755648,
       0.58755648, 0.61739625, 0.61739625, 0.67837096, 0.67837096,
       0.74037413, 0.77178063, 0.77178063, 0.77178063, 0.86892622,
       1.        ]), array([0.        , 0.        , 0.        , 0.00135964, 0.00423036,
       0.00681643, 0.00979916, 0.01504148, 0.01706471, 0.01945213,
       0.01945213, 0.01945213, 0.01945213, 0.02302425, 0.02679505,
       0.02679505, 0.03108259, 0.03108259, 0.03108259, 0.03627757,
       0.04196374, 0.04196374, 0.04196374, 0.04196374, 0.04196374,
       0.04196374, 0.04196374, 0.04196374, 0.04196374, 0.04196374,
       0.05047234, 0.05047234, 0.05047234, 0.0596478 , 0.0596478 ,
       0.0596478 , 0.0596478 , 0.06992382, 0.06992382, 0.06992382,
       0.06992382, 0.06992382, 0.06992382, 0.08202276, 0.08202276,
       0.08202276, 0.09489215, 0.09489215, 0.09489215, 0.09489215,
       0.09489215, 0.10926563, 0.12409788, 0.12409788, 0.12409788,
       0.12409788, 0.13999815, 0.13999815, 0.15628403, 0.15628403,
       0.15628403, 0.15628403, 0.17370549, 0.17370549, 0.17370549,
       0.17370549, 0.17370549, 0.17370549, 0.17370549, 0.19327679,
       0.19327679, 0.19327679, 0.19327679, 0.19327679, 0.19327679,
       0.19327679, 0.19327679, 0.19327679, 0.19327679, 0.19327679,
       0.23858256, 0.28448544, 0.28448544, 0.30809417, 0.30809417,
       0.30809417, 0.30809417, 0.30809417, 0.33298451, 0.33298451,
       0.33298451, 0.35890978, 0.35890978, 0.41168884, 0.43827037,
       0.49204075, 0.51927802, 0.54680721, 0.54680721, 0.68724113,
       1.        ])]",0.0446475966793301,0.0794076634672062,0.051973532246387,0.0897082181096995,"[{'lambda_reg': 6.011827938805237e-05, 'gamma': 0.04810853652076496, 'coef0': -2.533376103809557}, {'lambda_reg': 0.013188997376355658, 'gamma': 0.07425251057549698, 'coef0': -1.8643503644569681}, {'lambda_reg': 0.002586262397864966, 'gamma': 0.03688118715089477, 'coef0': -0.7039187617327887}, {'lambda_reg': 0.00038384151839036254, 'gamma': 0.08762164622727284, 'coef0': -2.686896046341344}, {'lambda_reg': 0.00010816728585967638, 'gamma': 0.011247979348415428, 'coef0': 0.33770398498824505}]",300,1,sigmoid,131
"[np.float64(0.1760094361979682), np.float64(0.08145153938188666), np.float64(0.16061934212746803), np.float64(0.07276171288311), np.float64(0.22901169469130805)]",0.1439707450563482,0.0591861368405394,"[np.float64(0.7791205304386458), np.float64(0.8652373664505), np.float64(0.830025716752244), np.float64(0.8765601562147812), np.float64(0.8117782587002045)]",0.8325444057112751,0.0354905708017963,"[np.float64(0.7645634647489054), np.float64(0.9016871193051539), np.float64(0.8673942360188618), np.float64(0.8664569376813005), np.float64(0.891812583481416)]",0.8583828682471275,0.0488697858383883,"[array([0.        , 0.07134074, 0.07134074, 0.07134074, 0.07134074,
       0.07134074, 0.07134074, 0.07134074, 0.07134074, 0.07134074,
       0.10353103, 0.10353103, 0.10353103, 0.10353103, 0.13428981,
       0.16488638, 0.16488638, 0.16488638, 0.16488638, 0.16488638,
       0.19354426, 0.19354426, 0.19354426, 0.19354426, 0.19354426,
       0.22058958, 0.22058958, 0.22058958, 0.24634709, 0.24634709,
       0.27165686, 0.27165686, 0.27165686, 0.29595494, 0.31987085,
       0.34315429, 0.36608187, 0.36608187, 0.38831896, 0.38831896,
       0.41009092, 0.41009092, 0.43118223, 0.45156375, 0.45156375,
       0.49122601, 0.58887561, 0.58887561, 0.58887561, 0.6071935 ,
       0.64349326, 0.66106564, 0.71267671, 0.72951294, 0.72951294,
       0.74571369, 0.76144548, 0.77714445, 0.80757759, 0.82233608,
       0.82233608, 0.8363203 , 0.84994017, 0.86341934, 0.86341934,
       0.87600847, 0.88827902, 0.91231339, 0.91231339, 0.91231339,
       0.93384554, 0.95487991, 0.95487991, 0.95487991, 0.95487991,
       0.95487991, 0.95487991, 0.95487991, 0.97073435, 0.97073435,
       0.97073435, 0.97073435, 0.97073435, 0.9770428 , 0.9770428 ,
       0.98818144, 0.99346928, 0.99346928, 0.99346928, 0.99346928,
       0.99728528, 0.99728528, 0.99728528, 0.99728528, 0.99728528,
       0.99937232, 0.99937232, 0.99937232, 0.99937232, 0.99986351,
       1.        ]), array([0.        , 0.25610056, 0.25610056, 0.29775003, 0.29775003,
       0.29775003, 0.29775003, 0.29775003, 0.33732187, 0.33732187,
       0.33732187, 0.33732187, 0.33732187, 0.33732187, 0.33732187,
       0.33732187, 0.33732187, 0.33732187, 0.33732187, 0.33732187,
       0.33732187, 0.33732187, 0.33732187, 0.37024759, 0.40272908,
       0.40272908, 0.40272908, 0.40272908, 0.49578853, 0.49578853,
       0.49578853, 0.5254989 , 0.5254989 , 0.5254989 , 0.5254989 ,
       0.55344617, 0.55344617, 0.58046404, 0.58046404, 0.60660177,
       0.63256236, 0.63256236, 0.63256236, 0.68180658, 0.68180658,
       0.72922428, 0.72922428, 0.72922428, 0.75150279, 0.75150279,
       0.75150279, 0.75150279, 0.75150279, 0.75150279, 0.75150279,
       0.77086054, 0.78971657, 0.80833002, 0.80833002, 0.82605881,
       0.84350006, 0.84350006, 0.84350006, 0.84350006, 0.8590044 ,
       0.87423462, 0.90371703, 0.90371703, 0.90371703, 0.90371703,
       0.91681734, 0.91681734, 0.91681734, 0.92864717, 0.92864717,
       0.92864717, 0.92864717, 0.94904697, 0.94904697, 0.94904697,
       0.94904697, 0.94904697, 0.94904697, 0.95632047, 0.96344659,
       0.96344659, 0.96959973, 0.96959973, 0.96959973, 0.9746415 ,
       0.98328614, 0.98747017, 0.98747017, 0.99080329, 0.99080329,
       0.99305337, 0.99305337, 0.99748436, 0.99865253, 0.99966638,
       1.        ]), array([0.0382005 , 0.19086655, 0.19086655, 0.19086655, 0.19086655,
       0.22741198, 0.26334132, 0.26334132, 0.26334132, 0.26334132,
       0.26334132, 0.26334132, 0.26334132, 0.26334132, 0.26334132,
       0.26334132, 0.26334132, 0.26334132, 0.26334132, 0.26334132,
       0.3251606 , 0.3251606 , 0.3251606 , 0.3251606 , 0.3251606 ,
       0.3251606 , 0.3251606 , 0.38152606, 0.40930991, 0.40930991,
       0.40930991, 0.40930991, 0.40930991, 0.43513824, 0.43513824,
       0.46011776, 0.46011776, 0.50847425, 0.55605506, 0.55605506,
       0.5792577 , 0.62476761, 0.64693202, 0.64693202, 0.66853734,
       0.68959835, 0.68959835, 0.73079055, 0.75083641, 0.78987867,
       0.78987867, 0.78987867, 0.80823426, 0.80823426, 0.80823426,
       0.8256731 , 0.84259674, 0.84259674, 0.84259674, 0.87419337,
       0.87419337, 0.8893882 , 0.90418211, 0.91845876, 0.91845876,
       0.91845876, 0.91845876, 0.91845876, 0.91845876, 0.93030421,
       0.94183296, 0.95309817, 0.95309817, 0.95309817, 0.95309817,
       0.95309817, 0.95309817, 0.96213614, 0.96213614, 0.96213614,
       0.9700158 , 0.9700158 , 0.9700158 , 0.9700158 , 0.97635626,
       0.97635626, 0.97635626, 0.97635626, 0.9813184 , 0.9813184 ,
       0.9813184 , 0.9813184 , 0.9813184 , 0.98425127, 0.98425127,
       0.99241987, 0.99559484, 0.99704057, 0.99787457, 0.99981568,
       1.        ]), array([0.        , 0.14310898, 0.17826245, 0.17826245, 0.21275065,
       0.24698724, 0.24698724, 0.2804894 , 0.31364086, 0.34644512,
       0.34644512, 0.37844771, 0.37844771, 0.37844771, 0.37844771,
       0.37844771, 0.37844771, 0.37844771, 0.37844771, 0.37844771,
       0.40730151, 0.43568036, 0.43568036, 0.43568036, 0.43568036,
       0.43568036, 0.43568036, 0.46190129, 0.46190129, 0.46190129,
       0.46190129, 0.46190129, 0.46190129, 0.46190129, 0.46190129,
       0.4852554 , 0.50820795, 0.50820795, 0.53070281, 0.53070281,
       0.55241558, 0.5735853 , 0.5735853 , 0.59428823, 0.61444521,
       0.63439809, 0.67364154, 0.69264103, 0.73014016, 0.76696038,
       0.78512208, 0.80283377, 0.82020479, 0.83715352, 0.85386823,
       0.85386823, 0.85386823, 0.85386823, 0.85386823, 0.8986208 ,
       0.8986208 , 0.91289113, 0.91289113, 0.91289113, 0.91289113,
       0.91289113, 0.91289113, 0.91289113, 0.91289113, 0.91289113,
       0.91289113, 0.92332502, 0.92332502, 0.92332502, 0.92332502,
       0.92332502, 0.92332502, 0.92332502, 0.93134983, 0.93901689,
       0.93901689, 0.94615845, 0.95961773, 0.96598665, 0.97183091,
       0.97749282, 0.97749282, 0.98242396, 0.98242396, 0.98657828,
       0.98657828, 0.98657828, 0.98960818, 0.98960818, 0.99181284,
       0.99596279, 0.99750248, 0.99870253, 0.99870253, 0.99926677,
       1.        ]), array([0.        , 0.2288212 , 0.26121573, 0.35724421, 0.35724421,
       0.3885451 , 0.3885451 , 0.3885451 , 0.3885451 , 0.3885451 ,
       0.3885451 , 0.3885451 , 0.3885451 , 0.3885451 , 0.3885451 ,
       0.3885451 , 0.3885451 , 0.3885451 , 0.3885451 , 0.3885451 ,
       0.41482185, 0.44096994, 0.46673674, 0.46673674, 0.51695705,
       0.54154495, 0.5659733 , 0.5659733 , 0.58970489, 0.58970489,
       0.58970489, 0.58970489, 0.58970489, 0.58970489, 0.58970489,
       0.63252867, 0.63252867, 0.65320075, 0.69427676, 0.69427676,
       0.71413105, 0.71413105, 0.71413105, 0.73280128, 0.73280128,
       0.75081446, 0.76863864, 0.7861423 , 0.7861423 , 0.80286977,
       0.81939175, 0.85197056, 0.8677227 , 0.8677227 , 0.8677227 ,
       0.88268879, 0.88268879, 0.8970374 , 0.8970374 , 0.8970374 ,
       0.91037118, 0.91037118, 0.91037118, 0.91037118, 0.91037118,
       0.92197356, 0.92197356, 0.93279214, 0.93279214, 0.93279214,
       0.93279214, 0.93279214, 0.94198244, 0.95089733, 0.95946241,
       0.96775411, 0.96775411, 0.96775411, 0.96775411, 0.96775411,
       0.98132616, 0.98132616, 0.98132616, 0.98132616, 0.98132616,
       0.991459  , 0.991459  , 0.991459  , 0.991459  , 0.99528613,
       0.99528613, 0.99528613, 0.99528613, 0.99528613, 0.99528613,
       0.99528613, 0.99528613, 0.99528613, 0.99764063, 0.99947284,
       1.        ])]","[array([0.00000000e+00, 1.39037171e-04, 1.39037171e-04, 1.39037171e-04,
       1.39037171e-04, 1.39037171e-04, 1.39037171e-04, 1.39037171e-04,
       1.39037171e-04, 1.39037171e-04, 3.24792821e-03, 3.24792821e-03,
       3.24792821e-03, 3.24792821e-03, 7.60704476e-03, 1.21078426e-02,
       1.21078426e-02, 1.21078426e-02, 1.21078426e-02, 1.21078426e-02,
       1.83018133e-02, 1.83018133e-02, 1.83018133e-02, 1.83018133e-02,
       1.83018133e-02, 2.59041351e-02, 2.59041351e-02, 2.59041351e-02,
       3.46311875e-02, 3.46311875e-02, 4.37492838e-02, 4.37492838e-02,
       4.37492838e-02, 5.37509471e-02, 6.40863813e-02, 7.49741967e-02,
       8.61728113e-02, 8.61728113e-02, 9.79744704e-02, 9.79744704e-02,
       1.10182359e-01, 1.10182359e-01, 1.22984695e-01, 1.36406944e-01,
       1.36406944e-01, 1.64212819e-01, 2.35042844e-01, 2.35042844e-01,
       2.35042844e-01, 2.50267392e-01, 2.81009955e-01, 2.96885602e-01,
       3.45478553e-01, 3.61997133e-01, 3.61997133e-01, 3.79070716e-01,
       3.96553868e-01, 4.14065680e-01, 4.49931939e-01, 4.68265143e-01,
       4.68265143e-01, 4.87274563e-01, 5.06602188e-01, 5.26052705e-01,
       5.26052705e-01, 5.46280542e-01, 5.66786617e-01, 6.08241334e-01,
       6.08241334e-01, 6.08241334e-01, 6.51881397e-01, 6.95956197e-01,
       6.95956197e-01, 6.95956197e-01, 6.95956197e-01, 6.95956197e-01,
       6.95956197e-01, 6.95956197e-01, 7.44554966e-01, 7.44554966e-01,
       7.44554966e-01, 7.44554966e-01, 7.44554966e-01, 7.70268130e-01,
       7.70268130e-01, 8.22985505e-01, 8.49590030e-01, 8.49590030e-01,
       8.49590030e-01, 8.49590030e-01, 8.77480003e-01, 8.77480003e-01,
       8.77480003e-01, 8.77480003e-01, 8.77480003e-01, 9.06879991e-01,
       9.06879991e-01, 9.06879991e-01, 9.06879991e-01, 9.37673743e-01,
       1.00000000e+00]), array([0.00000000e+00, 2.02741731e-04, 2.02741731e-04, 8.97557019e-04,
       8.97557019e-04, 8.97557019e-04, 8.97557019e-04, 8.97557019e-04,
       2.92062757e-03, 2.92062757e-03, 2.92062757e-03, 2.92062757e-03,
       2.92062757e-03, 2.92062757e-03, 2.92062757e-03, 2.92062757e-03,
       2.92062757e-03, 2.92062757e-03, 2.92062757e-03, 2.92062757e-03,
       2.92062757e-03, 2.92062757e-03, 2.92062757e-03, 9.19265858e-03,
       1.57486866e-02, 1.57486866e-02, 1.57486866e-02, 1.57486866e-02,
       3.82201823e-02, 3.82201823e-02, 3.82201823e-02, 4.65478309e-02,
       4.65478309e-02, 4.65478309e-02, 4.65478309e-02, 5.60026495e-02,
       5.60026495e-02, 6.60516478e-02, 6.60516478e-02, 7.66633319e-02,
       8.73882642e-02, 8.73882642e-02, 8.73882642e-02, 1.10549547e-01,
       1.10549547e-01, 1.34878545e-01, 1.34878545e-01, 1.34878545e-01,
       1.47957484e-01, 1.47957484e-01, 1.47957484e-01, 1.47957484e-01,
       1.47957484e-01, 1.47957484e-01, 1.47957484e-01, 1.62903707e-01,
       1.78170682e-01, 1.93592745e-01, 1.93592745e-01, 2.09580378e-01,
       2.25751844e-01, 2.25751844e-01, 2.25751844e-01, 2.25751844e-01,
       2.43161604e-01, 2.60746612e-01, 2.96541892e-01, 2.96541892e-01,
       2.96541892e-01, 2.96541892e-01, 3.15488579e-01, 3.15488579e-01,
       3.15488579e-01, 3.35247504e-01, 3.35247504e-01, 3.35247504e-01,
       3.35247504e-01, 3.76849421e-01, 3.76849421e-01, 3.76849421e-01,
       3.76849421e-01, 3.76849421e-01, 3.76849421e-01, 3.99521269e-01,
       4.22287342e-01, 4.22287342e-01, 4.45675454e-01, 4.45675454e-01,
       4.45675454e-01, 4.69774078e-01, 5.18891233e-01, 5.43538224e-01,
       5.43538224e-01, 5.68729213e-01, 5.68729213e-01, 5.94612607e-01,
       5.94612607e-01, 6.73745506e-01, 7.00320575e-01, 7.54316203e-01,
       1.00000000e+00]), array([0.00000000e+00, 1.05213981e-04, 1.05213981e-04, 1.05213981e-04,
       1.05213981e-04, 1.38619756e-03, 3.14401266e-03, 3.14401266e-03,
       3.14401266e-03, 3.14401266e-03, 3.14401266e-03, 3.14401266e-03,
       3.14401266e-03, 3.14401266e-03, 3.14401266e-03, 3.14401266e-03,
       3.14401266e-03, 3.14401266e-03, 3.14401266e-03, 3.14401266e-03,
       1.44299099e-02, 1.44299099e-02, 1.44299099e-02, 1.44299099e-02,
       1.44299099e-02, 1.44299099e-02, 1.44299099e-02, 2.99369318e-02,
       3.79991694e-02, 3.79991694e-02, 3.79991694e-02, 3.79991694e-02,
       3.79991694e-02, 4.75749296e-02, 4.75749296e-02, 5.78076432e-02,
       5.78076432e-02, 7.95134205e-02, 1.01819551e-01, 1.01819551e-01,
       1.13427531e-01, 1.37336484e-01, 1.49748028e-01, 1.49748028e-01,
       1.62592295e-01, 1.75857850e-01, 1.75857850e-01, 2.03108606e-01,
       2.17159858e-01, 2.46074621e-01, 2.46074621e-01, 2.46074621e-01,
       2.61434105e-01, 2.61434105e-01, 2.61434105e-01, 2.77503125e-01,
       2.93970899e-01, 2.93970899e-01, 2.93970899e-01, 3.28648403e-01,
       3.28648403e-01, 3.46454231e-01, 3.64570372e-01, 3.83086850e-01,
       3.83086850e-01, 3.83086850e-01, 3.83086850e-01, 3.83086850e-01,
       3.83086850e-01, 4.03485022e-01, 4.24128313e-01, 4.44975579e-01,
       4.44975579e-01, 4.44975579e-01, 4.44975579e-01, 4.44975579e-01,
       4.44975579e-01, 4.67546669e-01, 4.67546669e-01, 4.67546669e-01,
       4.91014269e-01, 4.91014269e-01, 4.91014269e-01, 4.91014269e-01,
       5.15673172e-01, 5.15673172e-01, 5.15673172e-01, 5.15673172e-01,
       5.41398862e-01, 5.41398862e-01, 5.41398862e-01, 5.41398862e-01,
       5.41398862e-01, 5.68695153e-01, 5.68695153e-01, 6.80637915e-01,
       7.37313101e-01, 7.65760403e-01, 7.94681175e-01, 8.81877599e-01,
       1.00000000e+00]), array([0.00000000e+00, 1.35596512e-04, 7.12387578e-04, 7.12387578e-04,
       1.86820114e-03, 3.24299597e-03, 3.24299597e-03, 5.25699644e-03,
       7.57623165e-03, 1.01976514e-02, 1.01976514e-02, 1.35167989e-02,
       1.35167989e-02, 1.35167989e-02, 1.35167989e-02, 1.35167989e-02,
       1.35167989e-02, 1.35167989e-02, 1.35167989e-02, 1.35167989e-02,
       1.95764697e-02, 2.60495094e-02, 2.60495094e-02, 2.60495094e-02,
       2.60495094e-02, 2.60495094e-02, 2.60495094e-02, 3.44006904e-02,
       3.44006904e-02, 3.44006904e-02, 3.44006904e-02, 3.44006904e-02,
       3.44006904e-02, 3.44006904e-02, 3.44006904e-02, 4.52469852e-02,
       5.64427733e-02, 5.64427733e-02, 6.80369043e-02, 6.80369043e-02,
       8.03117310e-02, 9.30591957e-02, 9.30591957e-02, 1.06212925e-01,
       1.19841814e-01, 1.33648354e-01, 1.61837848e-01, 1.76474158e-01,
       2.06181824e-01, 2.36480363e-01, 2.51845840e-01, 2.67602978e-01,
       2.83656608e-01, 3.00077788e-01, 3.16702643e-01, 3.16702643e-01,
       3.16702643e-01, 3.16702643e-01, 3.16702643e-01, 3.71269706e-01,
       3.71269706e-01, 3.90022013e-01, 3.90022013e-01, 3.90022013e-01,
       3.90022013e-01, 3.90022013e-01, 3.90022013e-01, 3.90022013e-01,
       3.90022013e-01, 3.90022013e-01, 3.90022013e-01, 4.12113334e-01,
       4.12113334e-01, 4.12113334e-01, 4.12113334e-01, 4.12113334e-01,
       4.12113334e-01, 4.12113334e-01, 4.36301382e-01, 4.60800798e-01,
       4.60800798e-01, 4.85757586e-01, 5.36388167e-01, 5.62017414e-01,
       5.88103292e-01, 6.14347877e-01, 6.14347877e-01, 6.41228487e-01,
       6.41228487e-01, 6.68785189e-01, 6.68785189e-01, 6.68785189e-01,
       6.97320533e-01, 6.97320533e-01, 7.26574111e-01, 7.85307016e-01,
       8.15139343e-01, 8.45267281e-01, 8.45267281e-01, 8.75948590e-01,
       1.00000000e+00]), array([0.00000000e+00, 4.32119792e-04, 7.98767552e-04, 3.09583758e-03,
       3.09583758e-03, 4.59590707e-03, 4.59590707e-03, 4.59590707e-03,
       4.59590707e-03, 4.59590707e-03, 4.59590707e-03, 4.59590707e-03,
       4.59590707e-03, 4.59590707e-03, 4.59590707e-03, 4.59590707e-03,
       4.59590707e-03, 4.59590707e-03, 4.59590707e-03, 4.59590707e-03,
       1.13028919e-02, 1.81432129e-02, 2.53786975e-02, 2.53786975e-02,
       4.12107271e-02, 4.96680022e-02, 5.82906205e-02, 5.82906205e-02,
       6.76353520e-02, 6.76353520e-02, 6.76353520e-02, 6.76353520e-02,
       6.76353520e-02, 6.76353520e-02, 6.76353520e-02, 9.11329936e-02,
       9.11329936e-02, 1.03648540e-01, 1.28957527e-01, 1.28957527e-01,
       1.42320612e-01, 1.42320612e-01, 1.42320612e-01, 1.56910828e-01,
       1.56910828e-01, 1.72181998e-01, 1.87649037e-01, 2.03448263e-01,
       2.03448263e-01, 2.20051916e-01, 2.36868535e-01, 2.70983840e-01,
       2.88598299e-01, 2.88598299e-01, 2.88598299e-01, 3.07027404e-01,
       3.07027404e-01, 3.26096459e-01, 3.26096459e-01, 3.26096459e-01,
       3.46217258e-01, 3.46217258e-01, 3.46217258e-01, 3.46217258e-01,
       3.46217258e-01, 3.68132441e-01, 3.68132441e-01, 3.90859940e-01,
       3.90859940e-01, 3.90859940e-01, 3.90859940e-01, 3.90859940e-01,
       4.15274952e-01, 4.39975399e-01, 4.65038369e-01, 4.90384676e-01,
       4.90384676e-01, 4.90384676e-01, 4.90384676e-01, 4.90384676e-01,
       5.44198182e-01, 5.44198182e-01, 5.44198182e-01, 5.44198182e-01,
       5.44198182e-01, 6.01576003e-01, 6.01576003e-01, 6.01576003e-01,
       6.01576003e-01, 6.31549293e-01, 6.31549293e-01, 6.31549293e-01,
       6.31549293e-01, 6.31549293e-01, 6.31549293e-01, 6.31549293e-01,
       6.31549293e-01, 6.31549293e-01, 7.30928068e-01, 8.30848123e-01,
       1.00000000e+00])]",0.0006063218639092,0.0249800545400147,0.0233370674961914,0.0116151628760246,"[{'lambda_reg': 1.3648791768636586e-05, 'gamma': 0.008801010775935841, 'coef0': -0.36680790147477893}, {'lambda_reg': 1.5740830345087845e-05, 'gamma': 0.08986350200533026, 'coef0': -0.7238258684435177}, {'lambda_reg': 1.6589550860724314e-05, 'gamma': 0.012264389813637581, 'coef0': -0.48121802521235413}, {'lambda_reg': 0.0005865965332877359, 'gamma': 0.042289844174491914, 'coef0': -1.5625624330390888}, {'lambda_reg': 0.00013465563640868922, 'gamma': 0.15584261018397516, 'coef0': -3.106357890519471}]",300,2,sigmoid,138
"[np.float64(0.09288360070958138), np.float64(0.0916185062438254), np.float64(0.10437603310047555), np.float64(0.07948718722468336), np.float64(0.11109537581933211)]",0.0958921406195795,0.010950365758483,"[np.float64(0.8013096473914465), np.float64(0.8561497504306371), np.float64(0.7993547092967019), np.float64(0.8315103920016347), np.float64(0.8516704356908321)]",0.8279989869622504,0.0240746689440177,"[np.float64(0.8521499058477823), np.float64(0.8288077358155209), np.float64(0.8784963522723468), np.float64(0.864226789913943), np.float64(0.8305908777226347)]",0.8508543323144455,0.0191898015079073,"[array([0.        , 0.        , 0.03686703, 0.05520585, 0.05520585,
       0.07313082, 0.07313082, 0.14334946, 0.1607622 , 0.17794484,
       0.17794484, 0.19476746, 0.21147115, 0.22782424, 0.24399726,
       0.26002352, 0.26002352, 0.30705911, 0.30705911, 0.3376557 ,
       0.36794052, 0.39784924, 0.39784924, 0.39784924, 0.39784924,
       0.39784924, 0.39784924, 0.42550628, 0.42550628, 0.43886074,
       0.45217709, 0.46523964, 0.46523964, 0.49055979, 0.50314917,
       0.52771511, 0.55199439, 0.55199439, 0.57547472, 0.58701482,
       0.62122046, 0.64354851, 0.65459244, 0.66530994, 0.67596316,
       0.67596316, 0.67596316, 0.69603838, 0.71575796, 0.73509937,
       0.76366811, 0.76366811, 0.76366811, 0.77268323, 0.77268323,
       0.78120305, 0.80633461, 0.81453357, 0.81453357, 0.83008467,
       0.85312441, 0.85312441, 0.86034913, 0.86034913, 0.86034913,
       0.86698658, 0.87347692, 0.88595809, 0.89213313, 0.89213313,
       0.89213313, 0.90318533, 0.90318533, 0.90318533, 0.90816378,
       0.90816378, 0.91739167, 0.92182644, 0.93468091, 0.93869497,
       0.93869497, 0.94228653, 0.94936839, 0.94936839, 0.95237566,
       0.95237566, 0.96308722, 0.96829986, 0.97070345, 0.97295754,
       0.98094907, 0.98625687, 0.98785647, 0.9921493 , 0.99342052,
       0.99652121, 0.99652121, 0.997803  , 0.99882542, 0.99975741,
       1.        ]), array([0.        , 0.        , 0.01551443, 0.01551443, 0.01551443,
       0.03059335, 0.04550639, 0.06020191, 0.08940927, 0.10380925,
       0.17524212, 0.2176582 , 0.27359939, 0.27359939, 0.27359939,
       0.30060789, 0.31398915, 0.35342487, 0.35342487, 0.39189927,
       0.40461223, 0.44221381, 0.46692447, 0.4792319 , 0.50351986,
       0.51549346, 0.51549346, 0.52714803, 0.53863979, 0.5498994 ,
       0.5498994 , 0.5827621 , 0.60448615, 0.60448615, 0.63589597,
       0.63589597, 0.64607515, 0.66614557, 0.6760784 , 0.68576843,
       0.68576843, 0.70451727, 0.71371253, 0.71371253, 0.72258641,
       0.73136817, 0.73995015, 0.74834217, 0.7565976 , 0.76465348,
       0.78052524, 0.78052524, 0.7959674 , 0.80342172, 0.80342172,
       0.8106646 , 0.81768217, 0.81768217, 0.83114084, 0.84416038,
       0.85051729, 0.85051729, 0.85051729, 0.85051729, 0.87938216,
       0.88494435, 0.88494435, 0.88494435, 0.88494435, 0.88995076,
       0.89955837, 0.90888433, 0.91338147, 0.91338147, 0.92597076,
       0.93396016, 0.94168813, 0.94542782, 0.9561723 , 0.96300079,
       0.96943312, 0.9755041 , 0.9755041 , 0.9755041 , 0.9755041 ,
       0.9755041 , 0.98004755, 0.98436372, 0.98641281, 0.9899488 ,
       0.99487386, 0.99643217, 0.99779363, 0.99895719, 0.99895719,
       0.99895719, 0.99895719, 0.99956561, 0.99956561, 0.99985244,
       1.        ]), array([0.        , 0.03288474, 0.08172086, 0.19425263, 0.2101266 ,
       0.24167335, 0.27286308, 0.27286308, 0.27286308, 0.2879092 ,
       0.31776413, 0.3473452 , 0.3473452 , 0.36173698, 0.37602568,
       0.40436814, 0.41827798, 0.41827798, 0.44551677, 0.4590062 ,
       0.4856706 , 0.4856706 , 0.4986624 , 0.53706567, 0.54970553,
       0.54970553, 0.54970553, 0.54970553, 0.5616572 , 0.5616572 ,
       0.58503414, 0.58503414, 0.60763427, 0.62976908, 0.62976908,
       0.64061188, 0.65130465, 0.67226644, 0.69296889, 0.70304988,
       0.71297008, 0.71297008, 0.72259755, 0.72259755, 0.72259755,
       0.72259755, 0.74060484, 0.7669971 , 0.77572109, 0.79276095,
       0.80939947, 0.81763639, 0.81763639, 0.82544344, 0.84091335,
       0.84091335, 0.84091335, 0.8625285 , 0.86959235, 0.87639526,
       0.889717  , 0.90275311, 0.90917974, 0.90917974, 0.90917974,
       0.90917974, 0.90917974, 0.90917974, 0.90917974, 0.91965647,
       0.91965647, 0.924535  , 0.924535  , 0.92914184, 0.93796431,
       0.93796431, 0.94192938, 0.94192938, 0.94555954, 0.94555954,
       0.94891254, 0.9552707 , 0.96449019, 0.96742357, 0.97276652,
       0.97528863, 0.98252103, 0.98481609, 0.98481609, 0.98481609,
       0.98831206, 0.98992981, 0.99129381, 0.9937828 , 0.9937828 ,
       0.99661791, 0.99729863, 0.99783654, 0.99902206, 0.99956774,
       1.        ]), array([0.        , 0.        , 0.01745258, 0.01745258, 0.03460606,
       0.05157209, 0.11862713, 0.11862713, 0.1515831 , 0.16790638,
       0.21628463, 0.23228183, 0.24795407, 0.24795407, 0.27872146,
       0.29391971, 0.33900003, 0.33900003, 0.36840767, 0.39732517,
       0.39732517, 0.39732517, 0.4112676 , 0.42505824, 0.46581317,
       0.49270363, 0.50603301, 0.54521351, 0.55813275, 0.55813275,
       0.57074177, 0.57074177, 0.59515381, 0.61911281, 0.61911281,
       0.6308301 , 0.65383396, 0.66521448, 0.67642043, 0.72012636,
       0.72012636, 0.73065107, 0.74109152, 0.75130734, 0.75130734,
       0.75130734, 0.75130734, 0.7799171 , 0.7799171 , 0.7799171 ,
       0.7799171 , 0.78865873, 0.79732101, 0.80572768, 0.80572768,
       0.81385167, 0.81385167, 0.82157971, 0.82922719, 0.82922719,
       0.8364456 , 0.8434109 , 0.86408047, 0.87080406, 0.87080406,
       0.87080406, 0.87695367, 0.87695367, 0.88278869, 0.88834751,
       0.88834751, 0.89884933, 0.89884933, 0.90879316, 0.90879316,
       0.91786846, 0.93094798, 0.93930229, 0.93930229, 0.94310201,
       0.94310201, 0.94648663, 0.95304796, 0.95304796, 0.95889656,
       0.96165098, 0.96165098, 0.96408963, 0.96853287, 0.97685328,
       0.97864486, 0.98039902, 0.98198243, 0.98859234, 0.99325131,
       0.99523453, 0.99853606, 0.99921935, 0.99964988, 0.999905  ,
       1.        ]), array([0.        , 0.        , 0.        , 0.03380077, 0.03380077,
       0.05034374, 0.05034374, 0.06663999, 0.08271685, 0.08271685,
       0.09845041, 0.1450909 , 0.1450909 , 0.17552869, 0.20556605,
       0.22034863, 0.264284  , 0.30766817, 0.30766817, 0.3359246 ,
       0.3359246 , 0.3359246 , 0.34962   , 0.39006289, 0.39006289,
       0.4030851 , 0.4030851 , 0.41585402, 0.44093944, 0.45341828,
       0.47791977, 0.51426816, 0.52616245, 0.54953127, 0.54953127,
       0.54953127, 0.57177799, 0.59390365, 0.63723102, 0.64786291,
       0.65834097, 0.67893798, 0.67893798, 0.67893798, 0.68876126,
       0.68876126, 0.70774111, 0.70774111, 0.74418301, 0.74418301,
       0.76178516, 0.77029035, 0.77029035, 0.77851959, 0.78650876,
       0.78650876, 0.79416009, 0.80927106, 0.80927106, 0.84543235,
       0.84543235, 0.84543235, 0.85879741, 0.87183365, 0.88453029,
       0.88453029, 0.88453029, 0.88453029, 0.89016869, 0.90112373,
       0.90112373, 0.90632919, 0.91131932, 0.91603486, 0.91603486,
       0.92484285, 0.92484285, 0.92484285, 0.92484285, 0.92856982,
       0.94294005, 0.94967707, 0.95283324, 0.95887155, 0.97029427,
       0.97295846, 0.98048677, 0.98517932, 0.98517932, 0.98517932,
       0.9888768 , 0.9888768 , 0.9918898 , 0.99444244, 0.99444244,
       0.99541098, 0.99777661, 0.99900304, 0.99973876, 1.        ,
       1.        ])]","[array([0.00000000e+00, 0.00000000e+00, 5.70340431e-04, 9.30964979e-04,
       9.30964979e-04, 1.62135915e-03, 1.62135915e-03, 5.56323791e-03,
       6.66179500e-03, 7.94369890e-03, 7.94369890e-03, 9.51248118e-03,
       1.11760342e-02, 1.31189537e-02, 1.52053613e-02, 1.74087164e-02,
       1.74087164e-02, 2.48500184e-02, 2.48500184e-02, 3.04168494e-02,
       3.62321113e-02, 4.23470674e-02, 4.23470674e-02, 4.23470674e-02,
       4.23470674e-02, 4.23470674e-02, 4.23470674e-02, 5.02562333e-02,
       5.02562333e-02, 5.45885686e-02, 5.89512638e-02, 6.35161942e-02,
       6.35161942e-02, 7.32874764e-02, 7.82294497e-02, 8.86017052e-02,
       9.92023900e-02, 9.92023900e-02, 1.10439700e-01, 1.16217773e-01,
       1.33882412e-01, 1.46037895e-01, 1.52211331e-01, 1.58644886e-01,
       1.65129652e-01, 1.65129652e-01, 1.65129652e-01, 1.79080269e-01,
       1.93314275e-01, 2.07849613e-01, 2.30005924e-01, 2.30005924e-01,
       2.30005924e-01, 2.37795986e-01, 2.37795986e-01, 2.45980715e-01,
       2.70875890e-01, 2.79316289e-01, 2.79316289e-01, 2.96871881e-01,
       3.23433881e-01, 3.23433881e-01, 3.32650593e-01, 3.32650593e-01,
       3.32650593e-01, 3.42335266e-01, 3.52137161e-01, 3.72138972e-01,
       3.82192107e-01, 3.82192107e-01, 3.82192107e-01, 4.03332569e-01,
       4.03332569e-01, 4.03332569e-01, 4.14339186e-01, 4.14339186e-01,
       4.36933319e-01, 4.48373155e-01, 4.83051129e-01, 4.94826198e-01,
       4.94826198e-01, 5.06937935e-01, 5.31242105e-01, 5.31242105e-01,
       5.43819418e-01, 5.43819418e-01, 5.95178548e-01, 6.20972169e-01,
       6.34030516e-01, 6.47207994e-01, 7.00734535e-01, 7.41425943e-01,
       7.55124936e-01, 7.96625110e-01, 8.10585769e-01, 8.53035878e-01,
       8.53035878e-01, 8.81961733e-01, 9.11094262e-01, 9.55272459e-01,
       1.00000000e+00]), array([0.00000000e+00, 0.00000000e+00, 2.99338942e-04, 2.99338942e-04,
       2.99338942e-04, 1.08591410e-03, 2.05806472e-03, 3.27357997e-03,
       5.91009214e-03, 7.45624997e-03, 1.58213806e-02, 2.13368012e-02,
       2.93771440e-02, 2.93771440e-02, 2.93771440e-02, 3.44736801e-02,
       3.71595412e-02, 4.60092926e-02, 4.60092926e-02, 5.59345482e-02,
       5.93680781e-02, 7.02698087e-02, 7.79371077e-02, 8.18243381e-02,
       8.99645292e-02, 9.42252402e-02, 9.42252402e-02, 9.88428760e-02,
       1.03642661e-01, 1.08702163e-01, 1.08702163e-01, 1.24905605e-01,
       1.35914225e-01, 1.35914225e-01, 1.53743113e-01, 1.53743113e-01,
       1.60011366e-01, 1.72870017e-01, 1.79413886e-01, 1.86229386e-01,
       1.86229386e-01, 2.00566580e-01, 2.07935617e-01, 2.07935617e-01,
       2.15664203e-01, 2.23495848e-01, 2.31551002e-01, 2.39818681e-01,
       2.48239174e-01, 2.56882912e-01, 2.74438896e-01, 2.74438896e-01,
       2.92475508e-01, 3.01792253e-01, 3.01792253e-01, 3.11345550e-01,
       3.21150924e-01, 3.21150924e-01, 3.41406590e-01, 3.62153556e-01,
       3.72698057e-01, 3.72698057e-01, 3.72698057e-01, 3.72698057e-01,
       4.28686981e-01, 4.40120594e-01, 4.40120594e-01, 4.40120594e-01,
       4.40120594e-01, 4.52175989e-01, 4.76740108e-01, 5.01619344e-01,
       5.14244495e-01, 5.14244495e-01, 5.53129222e-01, 5.79503753e-01,
       6.06170765e-01, 6.19643318e-01, 6.60591971e-01, 6.88265288e-01,
       7.16381822e-01, 7.44902629e-01, 7.44902629e-01, 7.44902629e-01,
       7.44902629e-01, 7.44902629e-01, 7.75132384e-01, 8.05616416e-01,
       8.20980369e-01, 8.52337241e-01, 8.99796482e-01, 9.15709498e-01,
       9.31842761e-01, 9.48197423e-01, 9.48197423e-01, 9.48197423e-01,
       9.48197423e-01, 9.65173147e-01, 9.65173147e-01, 9.82508668e-01,
       1.00000000e+00]), array([0.00000000e+00, 1.16244718e-04, 7.91659114e-04, 3.81588171e-03,
       4.45405444e-03, 5.93570410e-03, 7.78168591e-03, 7.78168591e-03,
       7.78168591e-03, 9.26467395e-03, 1.24728177e-02, 1.59604278e-02,
       1.59604278e-02, 1.81111562e-02, 2.03670899e-02, 2.51186871e-02,
       2.77612376e-02, 2.77612376e-02, 3.36391314e-02, 3.67107106e-02,
       4.31747642e-02, 4.31747642e-02, 4.67541576e-02, 5.80762268e-02,
       6.20147740e-02, 6.20147740e-02, 6.20147740e-02, 6.20147740e-02,
       6.66556201e-02, 6.66556201e-02, 7.64745084e-02, 7.64745084e-02,
       8.70861189e-02, 9.81725843e-02, 9.81725843e-02, 1.03945029e-01,
       1.09870571e-01, 1.22154097e-01, 1.34702274e-01, 1.41252139e-01,
       1.47966081e-01, 1.47966081e-01, 1.54978761e-01, 1.54978761e-01,
       1.54978761e-01, 1.54978761e-01, 1.70277327e-01, 1.93856538e-01,
       2.01791213e-01, 2.18077036e-01, 2.34772432e-01, 2.43204150e-01,
       2.43204150e-01, 2.52074553e-01, 2.69962497e-01, 2.69962497e-01,
       2.69962497e-01, 2.98416713e-01, 3.08045550e-01, 3.17940669e-01,
       3.38020810e-01, 3.58392430e-01, 3.68671543e-01, 3.68671543e-01,
       3.68671543e-01, 3.68671543e-01, 3.68671543e-01, 3.68671543e-01,
       3.68671543e-01, 3.91654990e-01, 3.91654990e-01, 4.03513930e-01,
       4.03513930e-01, 4.15650115e-01, 4.40321731e-01, 4.40321731e-01,
       4.53112845e-01, 4.53112845e-01, 4.66245731e-01, 4.66245731e-01,
       4.79661452e-01, 5.06847884e-01, 5.47951775e-01, 5.61795717e-01,
       5.90018160e-01, 6.04281799e-01, 6.47413502e-01, 6.61908857e-01,
       6.61908857e-01, 6.61908857e-01, 6.92016120e-01, 7.07202655e-01,
       7.22648143e-01, 7.53783023e-01, 7.53783023e-01, 8.01402134e-01,
       8.17544901e-01, 8.33833402e-01, 8.83135913e-01, 9.16253920e-01,
       1.00000000e+00]), array([0.00000000e+00, 0.00000000e+00, 2.98887404e-04, 2.98887404e-04,
       8.61296200e-04, 1.58886274e-03, 5.21193847e-03, 5.21193847e-03,
       7.52703667e-03, 8.82088758e-03, 1.32236522e-02, 1.48047981e-02,
       1.66722446e-02, 1.66722446e-02, 2.09155734e-02, 2.32006166e-02,
       3.05090051e-02, 3.05090051e-02, 3.59503328e-02, 4.18234974e-02,
       4.18234974e-02, 4.18234974e-02, 4.52149760e-02, 4.87401898e-02,
       5.98594281e-02, 6.75185000e-02, 7.14500989e-02, 8.39564767e-02,
       8.82494310e-02, 8.82494310e-02, 9.28157055e-02, 9.28157055e-02,
       1.02658369e-01, 1.12900183e-01, 1.12900183e-01, 1.18252100e-01,
       1.29335432e-01, 1.34984065e-01, 1.40786503e-01, 1.64981140e-01,
       1.64981140e-01, 1.71383772e-01, 1.77860648e-01, 1.84535430e-01,
       1.84535430e-01, 1.84535430e-01, 1.84535430e-01, 2.06355079e-01,
       2.06355079e-01, 2.06355079e-01, 2.06355079e-01, 2.14328686e-01,
       2.22372206e-01, 2.30640926e-01, 2.30640926e-01, 2.39158696e-01,
       2.39158696e-01, 2.48025317e-01, 2.56962921e-01, 2.56962921e-01,
       2.66278550e-01, 2.75817174e-01, 3.04632468e-01, 3.14384053e-01,
       3.14384053e-01, 3.14384053e-01, 3.24641339e-01, 3.24641339e-01,
       3.35175797e-01, 3.45953589e-01, 3.45953589e-01, 3.68051749e-01,
       3.68051749e-01, 3.90641518e-01, 3.90641518e-01, 4.13996509e-01,
       4.49498953e-01, 4.73489164e-01, 4.73489164e-01, 4.85816797e-01,
       4.85816797e-01, 4.98510162e-01, 5.24080056e-01, 5.24080056e-01,
       5.50277900e-01, 5.63526491e-01, 5.63526491e-01, 5.77053293e-01,
       6.04489318e-01, 6.59860104e-01, 6.73956997e-01, 6.88086860e-01,
       7.02367162e-01, 7.74920323e-01, 8.33516987e-01, 8.63120397e-01,
       9.22913022e-01, 9.37986373e-01, 9.53282405e-01, 9.68732989e-01,
       1.00000000e+00]), array([0.00000000e+00, 0.00000000e+00, 0.00000000e+00, 8.38123325e-04,
       8.38123325e-04, 1.58736739e-03, 1.58736739e-03, 2.56453032e-03,
       3.74437108e-03, 3.74437108e-03, 5.24134406e-03, 1.02497889e-02,
       1.02497889e-02, 1.41946440e-02, 1.85094221e-02, 2.08849140e-02,
       2.83923532e-02, 3.64089988e-02, 3.64089988e-02, 4.23689977e-02,
       4.23689977e-02, 4.23689977e-02, 4.57488387e-02, 5.64826431e-02,
       5.64826431e-02, 6.04843797e-02, 6.04843797e-02, 6.47201038e-02,
       7.36094920e-02, 7.81131957e-02, 8.75420217e-02, 1.02058339e-01,
       1.07102051e-01, 1.17577249e-01, 1.17577249e-01, 1.17577249e-01,
       1.29089043e-01, 1.40712666e-01, 1.64813479e-01, 1.71023400e-01,
       1.77375425e-01, 1.90411224e-01, 1.90411224e-01, 1.90411224e-01,
       1.97368141e-01, 1.97368141e-01, 2.11897881e-01, 2.11897881e-01,
       2.42359513e-01, 2.42359513e-01, 2.58161974e-01, 2.66336547e-01,
       2.66336547e-01, 2.74766037e-01, 2.83417318e-01, 2.83417318e-01,
       2.92380682e-01, 3.10484510e-01, 3.10484510e-01, 3.57237063e-01,
       3.57237063e-01, 3.57237063e-01, 3.76953768e-01, 3.96974235e-01,
       4.17308420e-01, 4.17308420e-01, 4.17308420e-01, 4.17308420e-01,
       4.28131348e-01, 4.50074432e-01, 4.50074432e-01, 4.61297300e-01,
       4.72719101e-01, 4.84394566e-01, 4.84394566e-01, 5.08321102e-01,
       5.08321102e-01, 5.08321102e-01, 5.08321102e-01, 5.20909808e-01,
       5.71761321e-01, 5.97601035e-01, 6.10717044e-01, 6.37202226e-01,
       6.90776661e-01, 7.04347165e-01, 7.45487570e-01, 7.73215972e-01,
       7.73215972e-01, 7.73215972e-01, 8.01863618e-01, 8.01863618e-01,
       8.31143580e-01, 8.60848834e-01, 8.60848834e-01, 8.75985795e-01,
       9.21895499e-01, 9.52825911e-01, 9.84209635e-01, 1.00000000e+00,
       1.00000000e+00])]",0.0277165549797388,0.008435014415907,0.0244102505338838,0.0049711493049132,"[{'lambda_reg': 1.3095246918868792e-05}, {'lambda_reg': 1.7005477598995976e-05}, {'lambda_reg': 1.3399891570433358e-05}, {'lambda_reg': 1.0610357424255054e-05}, {'lambda_reg': 1.2085685216456917e-05}]",600,1,linear,147
"[np.float64(0.04933846547919245), np.float64(0.06294246717139819), np.float64(0.05802798675617978), np.float64(0.08512334760015305), np.float64(0.1119072645670004)]",0.0734679063147847,0.0225603168176979,"[np.float64(0.8101984752789324), np.float64(0.8034405706931316), np.float64(0.8117429896016302), np.float64(0.8028592292277966), np.float64(0.7821365494674439)]",0.802075562853787,0.010578114013372,"[np.float64(0.9564259712728624), np.float64(0.9097949154964761), np.float64(0.9684896641852747), np.float64(0.9429214854120518), np.float64(0.9273797343931216)]",0.9410023541519572,0.0207682605881325,"[array([0.        , 0.60513506, 0.62573717, 0.66662856, 0.67668752,
       0.72664067, 0.7365046 , 0.77555004, 0.78520799, 0.78520799,
       0.79470313, 0.79470313, 0.81314554, 0.81314554, 0.82221742,
       0.84012491, 0.84012491, 0.84012491, 0.84870241, 0.84870241,
       0.84870241, 0.84870241, 0.84870241, 0.84870241, 0.85668617,
       0.88038735, 0.88038735, 0.88804821, 0.90315091, 0.90315091,
       0.90315091, 0.90315091, 0.91032982, 0.91032982, 0.91032982,
       0.91711895, 0.92381045, 0.92381045, 0.92381045, 0.93019066,
       0.93655078, 0.93655078, 0.93655078, 0.93655078, 0.94241643,
       0.94819778, 0.95386365, 0.95386365, 0.95386365, 0.95386365,
       0.95909105, 0.95909105, 0.95909105, 0.95909105, 0.95909105,
       0.95909105, 0.95909105, 0.95909105, 0.95909105, 0.95909105,
       0.95909105, 0.95909105, 0.96309138, 0.96309138, 0.96309138,
       0.96684794, 0.96684794, 0.96684794, 0.97365198, 0.9769221 ,
       0.98009101, 0.98009101, 0.98599841, 0.98599841, 0.98599841,
       0.98867142, 0.98867142, 0.98867142, 0.9910404 , 0.9910404 ,
       0.99317773, 0.99317773, 0.99509528, 0.99509528, 0.99509528,
       0.99509528, 0.99509528, 0.99649462, 0.99649462, 0.99649462,
       0.99649462, 0.99649462, 0.99826516, 0.99826516, 0.99826516,
       0.99826516, 0.99871847, 0.99976957, 0.99976957, 0.99993527,
       1.        ]), array([0.        , 0.4766346 , 0.52781438, 0.52781438, 0.56777021,
       0.58758999, 0.60716428, 0.63626101, 0.63626101, 0.65519762,
       0.67399272, 0.68326909, 0.69248986, 0.69248986, 0.69248986,
       0.70133125, 0.73650857, 0.76244349, 0.76244349, 0.77090124,
       0.78765527, 0.78765527, 0.79584266, 0.80389362, 0.81180385,
       0.81180385, 0.81180385, 0.8270699 , 0.8345606 , 0.8345606 ,
       0.85659005, 0.87825588, 0.87825588, 0.87825588, 0.88518528,
       0.88518528, 0.88518528, 0.89178192, 0.90471461, 0.91112623,
       0.91112623, 0.91112623, 0.91112623, 0.91706006, 0.91706006,
       0.91706006, 0.92268902, 0.92823872, 0.9336762 , 0.9336762 ,
       0.9336762 , 0.9336762 , 0.94375826, 0.94375826, 0.94375826,
       0.94375826, 0.94375826, 0.94825918, 0.95270892, 0.96572329,
       0.96572329, 0.96572329, 0.97372582, 0.9776219 , 0.9776219 ,
       0.9776219 , 0.98121882, 0.98465143, 0.98803835, 0.98803835,
       0.98803835, 0.98803835, 0.98803835, 0.98803835, 0.99075395,
       0.99075395, 0.99326668, 0.99571466, 0.99571466, 0.99571466,
       0.9978853 , 0.9978853 , 0.9978853 , 0.9978853 , 0.9978853 ,
       0.9978853 , 0.9978853 , 0.9978853 , 0.9978853 , 0.999055  ,
       0.999055  , 0.999055  , 0.999055  , 0.999055  , 0.999055  ,
       0.99959666, 0.99959666, 1.        , 1.        , 1.        ,
       1.        ]), array([0.        , 0.65766102, 0.66816862, 0.69927717, 0.71978949,
       0.72996271, 0.72996271, 0.76965734, 0.77950208, 0.80875499,
       0.80875499, 0.81828971, 0.81828971, 0.81828971, 0.82745885,
       0.82745885, 0.83641471, 0.84530667, 0.84530667, 0.85396839,
       0.87964443, 0.87964443, 0.88801862, 0.90443302, 0.91254511,
       0.92055983, 0.92055983, 0.92840656, 0.92840656, 0.92840656,
       0.92840656, 0.92840656, 0.92840656, 0.92840656, 0.92840656,
       0.92840656, 0.93520859, 0.94196285, 0.94196285, 0.94196285,
       0.94196285, 0.94823721, 0.94823721, 0.94823721, 0.94823721,
       0.94823721, 0.94823721, 0.94823721, 0.95383676, 0.95935388,
       0.95935388, 0.96456268, 0.96456268, 0.96456268, 0.96456268,
       0.96456268, 0.96932871, 0.96932871, 0.9738013 , 0.9738013 ,
       0.9738013 , 0.98217342, 0.98217342, 0.98217342, 0.98217342,
       0.98217342, 0.98217342, 0.98217342, 0.98217342, 0.98217342,
       0.98217342, 0.98217342, 0.98217342, 0.98217342, 0.98217342,
       0.98487934, 0.98750182, 0.99001377, 0.99236209, 0.99236209,
       0.99236209, 0.99236209, 0.99433547, 0.99433547, 0.99433547,
       0.99433547, 0.99433547, 0.99433547, 0.99566842, 0.99566842,
       0.99566842, 0.99566842, 0.99566842, 0.99646476, 0.99646476,
       0.99709817, 0.99853797, 0.99921086, 0.99945205, 0.99992792,
       1.        ]), array([0.        , 0.52652119, 0.55963649, 0.58150832, 0.61393735,
       0.64605178, 0.66721665, 0.66721665, 0.66721665, 0.6878282 ,
       0.70817423, 0.71822993, 0.72812624, 0.73797249, 0.74767584,
       0.76681976, 0.76681976, 0.77616867, 0.79470892, 0.80384514,
       0.81291174, 0.81291174, 0.83051212, 0.8391772 , 0.8391772 ,
       0.8391772 , 0.84749682, 0.85571159, 0.85571159, 0.85571159,
       0.85571159, 0.85571159, 0.86339889, 0.86339889, 0.86339889,
       0.87078183, 0.87078183, 0.87078183, 0.88478926, 0.89164466,
       0.89839777, 0.89839777, 0.90500499, 0.91149139, 0.92413572,
       0.93036719, 0.93036719, 0.93036719, 0.93036719, 0.93609088,
       0.94737471, 0.95291495, 0.95291495, 0.95291495, 0.95291495,
       0.95291495, 0.95291495, 0.95291495, 0.95291495, 0.95291495,
       0.95291495, 0.95291495, 0.95291495, 0.95711226, 0.95711226,
       0.95711226, 0.95711226, 0.95711226, 0.95711226, 0.96066004,
       0.96409856, 0.97071188, 0.97071188, 0.97071188, 0.97071188,
       0.97354536, 0.97354536, 0.97620914, 0.97874625, 0.97874625,
       0.97874625, 0.97874625, 0.98285714, 0.9848613 , 0.9848613 ,
       0.98659561, 0.99156293, 0.99310713, 0.99310713, 0.99567592,
       0.9968574 , 0.9968574 , 0.99782882, 0.99782882, 0.99782882,
       0.99900729, 0.99955162, 0.99955162, 0.99980952, 1.        ,
       1.        ]), array([0.        , 0.50013   , 0.53096115, 0.57173305, 0.62206412,
       0.64197415, 0.66169139, 0.68120768, 0.68120768, 0.69080168,
       0.70020784, 0.70020784, 0.70945433, 0.70945433, 0.7274508 ,
       0.73636255, 0.75394957, 0.76269492, 0.77135655, 0.77986635,
       0.80510088, 0.8134043 , 0.82155697, 0.83778619, 0.83778619,
       0.84566605, 0.85348549, 0.86111015, 0.86865011, 0.86865011,
       0.86865011, 0.87590753, 0.87590753, 0.88299995, 0.88996643,
       0.88996643, 0.90351962, 0.90351962, 0.90351962, 0.90351962,
       0.90351962, 0.90972265, 0.91587665, 0.92781146, 0.93371016,
       0.93371016, 0.94512521, 0.95073197, 0.95073197, 0.96150119,
       0.96150119, 0.96150119, 0.96150119, 0.96150119, 0.96637411,
       0.96637411, 0.96637411, 0.96637411, 0.97085891, 0.97516075,
       0.97516075, 0.97927288, 0.97927288, 0.97927288, 0.97927288,
       0.9829765 , 0.9829765 , 0.9829765 , 0.9829765 , 0.98631311,
       0.98631311, 0.98943746, 0.98943746, 0.98943746, 0.98943746,
       0.99209544, 0.99209544, 0.99209544, 0.99209544, 0.99209544,
       0.99209544, 0.99417635, 0.99417635, 0.99417635, 0.99417635,
       0.99417635, 0.99571489, 0.99715177, 0.99715177, 0.99715177,
       0.99715177, 0.99715177, 0.99715177, 0.99794111, 0.99794111,
       0.99794111, 0.99937135, 0.99969259, 1.        , 1.        ,
       1.        ])]","[array([0.        , 0.00231072, 0.00343546, 0.0069203 , 0.00843875,
       0.01738023, 0.01966887, 0.0304438 , 0.03354594, 0.03354594,
       0.03729102, 0.03729102, 0.04694486, 0.04694486, 0.05236154,
       0.06412791, 0.06412791, 0.06412791, 0.07149695, 0.07149695,
       0.07149695, 0.07149695, 0.07149695, 0.07149695, 0.08121082,
       0.11134016, 0.11134016, 0.12232926, 0.14517239, 0.14517239,
       0.14517239, 0.14517239, 0.15806479, 0.15806479, 0.15806479,
       0.17249652, 0.18731386, 0.18731386, 0.18731386, 0.20336049,
       0.21948651, 0.21948651, 0.21948651, 0.21948651, 0.23756529,
       0.25597698, 0.27484473, 0.27484473, 0.27484473, 0.27484473,
       0.29544409, 0.29544409, 0.29544409, 0.29544409, 0.29544409,
       0.29544409, 0.29544409, 0.29544409, 0.29544409, 0.29544409,
       0.29544409, 0.29544409, 0.32088941, 0.32088941, 0.32088941,
       0.34729749, 0.34729749, 0.34729749, 0.40291387, 0.43124298,
       0.4599718 , 0.4599718 , 0.51912924, 0.51912924, 0.51912924,
       0.54981647, 0.54981647, 0.54981647, 0.58170439, 0.58170439,
       0.61450716, 0.61450716, 0.64817788, 0.64817788, 0.64817788,
       0.64817788, 0.64817788, 0.6838951 , 0.6838951 , 0.6838951 ,
       0.6838951 , 0.6838951 , 0.75938995, 0.75938995, 0.75938995,
       0.75938995, 0.79884328, 0.91842292, 0.91842292, 0.95901207,
       1.        ]), array([0.        , 0.00228202, 0.00509625, 0.00509625, 0.01138265,
       0.01517169, 0.01996336, 0.02823191, 0.02823191, 0.03562792,
       0.04360186, 0.04808374, 0.05279269, 0.05279269, 0.05279269,
       0.05905107, 0.08485341, 0.10603512, 0.10603512, 0.11386032,
       0.13017016, 0.13017016, 0.13909954, 0.14858613, 0.15864746,
       0.15864746, 0.15864746, 0.18103435, 0.1928091 , 0.1928091 ,
       0.22994109, 0.26855818, 0.26855818, 0.26855818, 0.28262532,
       0.28262532, 0.28262532, 0.29805146, 0.32996804, 0.34614983,
       0.34614983, 0.34614983, 0.34614983, 0.36428299, 0.36428299,
       0.36428299, 0.38366123, 0.40336319, 0.42352348, 0.42352348,
       0.42352348, 0.42352348, 0.46708231, 0.46708231, 0.46708231,
       0.46708231, 0.46708231, 0.49106756, 0.51526189, 0.58921234,
       0.58921234, 0.58921234, 0.64126417, 0.66771966, 0.66771966,
       0.66771966, 0.69539694, 0.72374533, 0.75228028, 0.75228028,
       0.75228028, 0.75228028, 0.75228028, 0.75228028, 0.78355695,
       0.78355695, 0.81566219, 0.84803189, 0.84803189, 0.84803189,
       0.88153425, 0.88153425, 0.88153425, 0.88153425, 0.88153425,
       0.88153425, 0.88153425, 0.88153425, 0.88153425, 0.91912456,
       0.91912456, 0.91912456, 0.91912456, 0.91912456, 0.91912456,
       0.95927981, 0.95927981, 1.        , 1.        , 1.        ,
       1.        ]), array([0.        , 0.0018577 , 0.00225218, 0.0049482 , 0.00757332,
       0.00918875, 0.00918875, 0.01929522, 0.02211   , 0.03158147,
       0.03158147, 0.0355282 , 0.0355282 , 0.0355282 , 0.0408098 ,
       0.0408098 , 0.04687011, 0.05316376, 0.05316376, 0.06029804,
       0.08282966, 0.08282966, 0.0910138 , 0.10860155, 0.1177427 ,
       0.12723939, 0.12723939, 0.13734943, 0.13734943, 0.13734943,
       0.13734943, 0.13734943, 0.13734943, 0.13734943, 0.13734943,
       0.13734943, 0.15127398, 0.16537293, 0.16537293, 0.16537293,
       0.16537293, 0.18122414, 0.18122414, 0.18122414, 0.18122414,
       0.18122414, 0.18122414, 0.18122414, 0.19953927, 0.21815539,
       0.21815539, 0.23789723, 0.23789723, 0.23789723, 0.23789723,
       0.23789723, 0.25925579, 0.25925579, 0.28168574, 0.28168574,
       0.28168574, 0.32863805, 0.32863805, 0.32863805, 0.32863805,
       0.32863805, 0.32863805, 0.32863805, 0.32863805, 0.32863805,
       0.32863805, 0.32863805, 0.32863805, 0.32863805, 0.32863805,
       0.35751862, 0.38670385, 0.41629264, 0.44647891, 0.44647891,
       0.44647891, 0.44647891, 0.47803417, 0.47803417, 0.47803417,
       0.47803417, 0.47803417, 0.47803417, 0.51192782, 0.51192782,
       0.51192782, 0.51192782, 0.51192782, 0.54778076, 0.54778076,
       0.58422863, 0.69525335, 0.7703177 , 0.80819766, 0.92274194,
       1.        ]), array([0.        , 0.00144707, 0.00296437, 0.00456921, 0.00807231,
       0.01248577, 0.01613627, 0.01613627, 0.01613627, 0.02138791,
       0.02740785, 0.03075726, 0.03456793, 0.03852342, 0.04289242,
       0.05239083, 0.05239083, 0.05778548, 0.06903068, 0.07504075,
       0.08125227, 0.08125227, 0.09521712, 0.1025905 , 0.1025905 ,
       0.1025905 , 0.11096351, 0.11963992, 0.11963992, 0.11963992,
       0.11963992, 0.11963992, 0.12984265, 0.12984265, 0.12984265,
       0.14092605, 0.14092605, 0.14092605, 0.16528758, 0.17789752,
       0.19080342, 0.19080342, 0.20413152, 0.21780919, 0.24611501,
       0.26053038, 0.26053038, 0.26053038, 0.26053038, 0.27641507,
       0.30865768, 0.3250732 , 0.3250732 , 0.3250732 , 0.3250732 ,
       0.3250732 , 0.3250732 , 0.3250732 , 0.3250732 , 0.3250732 ,
       0.3250732 , 0.3250732 , 0.3250732 , 0.34537468, 0.34537468,
       0.34537468, 0.34537468, 0.34537468, 0.34537468, 0.36755566,
       0.39005278, 0.43581016, 0.43581016, 0.43581016, 0.43581016,
       0.46005806, 0.46005806, 0.48479699, 0.50990246, 0.50990246,
       0.50990246, 0.50990246, 0.56290095, 0.58954859, 0.58954859,
       0.61697708, 0.69994431, 0.72792291, 0.72792291, 0.78538369,
       0.81441185, 0.81441185, 0.84404787, 0.84404787, 0.84404787,
       0.90553171, 0.93640356, 0.93640356, 0.96810425, 1.        ,
       1.        ]), array([0.        , 0.00362968, 0.0055467 , 0.00943407, 0.01680219,
       0.02062982, 0.0252206 , 0.03060689, 0.03060689, 0.03394981,
       0.03803627, 0.03803627, 0.04275482, 0.04275482, 0.0541574 ,
       0.06020102, 0.07322441, 0.07992677, 0.08696051, 0.09459529,
       0.1186669 , 0.12711863, 0.13616715, 0.15456549, 0.15456549,
       0.16469389, 0.17506153, 0.18620017, 0.19767411, 0.19767411,
       0.19767411, 0.21026652, 0.21026652, 0.22351208, 0.23725616,
       0.23725616, 0.26624773, 0.26624773, 0.26624773, 0.26624773,
       0.26624773, 0.28301397, 0.29997435, 0.33537234, 0.35334331,
       0.35334331, 0.3907988 , 0.4099254 , 0.4099254 , 0.44993747,
       0.44993747, 0.44993747, 0.44993747, 0.44993747, 0.47196903,
       0.47196903, 0.47196903, 0.47196903, 0.495537  , 0.51982923,
       0.51982923, 0.54487244, 0.54487244, 0.54487244, 0.54487244,
       0.57153279, 0.57153279, 0.57153279, 0.57153279, 0.59964594,
       0.59964594, 0.6285993 , 0.6285993 , 0.6285993 , 0.6285993 ,
       0.65939887, 0.65939887, 0.65939887, 0.65939887, 0.65939887,
       0.65939887, 0.69248278, 0.69248278, 0.69248278, 0.69248278,
       0.69248278, 0.72771367, 0.76334701, 0.76334701, 0.76334701,
       0.76334701, 0.76334701, 0.76334701, 0.80154369, 0.80154369,
       0.80154369, 0.91984591, 0.95989557, 1.        , 1.        ,
       1.        ])]",0.0045690464316565,0.0116651903838167,0.0164090818869341,0.0028792282155358,"[{'lambda_reg': 0.007900041706569431, 'gamma': 0.02463570837013341}, {'lambda_reg': 0.0010154050335888982, 'gamma': 0.0022989032789282647}, {'lambda_reg': 0.00504495869312431, 'gamma': 0.03223730677681059}, {'lambda_reg': 0.0015346800574354727, 'gamma': 0.008423664641310186}, {'lambda_reg': 0.1876178503465621, 'gamma': 0.14265433433408062}]",600,3,laplacian,163
"[np.float64(0.11470764138378539), np.float64(0.04992500725916235), np.float64(0.09884949414578023), np.float64(0.11171375014757459), np.float64(0.14823748915000481)]",0.1046866764172614,0.0318728282385032,"[np.float64(0.8033557573136454), np.float64(0.7891185052400852), np.float64(0.7392737179730519), np.float64(0.7347873658600047), np.float64(0.8748176584688793)]",0.7882706009711333,0.0509506133947873,"[np.float64(0.8865039291980272), np.float64(0.9116801965617444), np.float64(0.8956390774260439), np.float64(0.8228395942638174), np.float64(0.87528578357826)]",0.8783897162055785,0.0302227974974013,"[array([0.        , 0.02811441, 0.13954671, 0.2224488 , 0.24968954,
       0.27669328, 0.33032336, 0.38328834, 0.40941076, 0.43537716,
       0.4866441 , 0.51213995, 0.53731456, 0.56203588, 0.58650934,
       0.58650934, 0.63443994, 0.63443994, 0.63443994, 0.63443994,
       0.63443994, 0.63443994, 0.63443994, 0.65628391, 0.65628391,
       0.69918002, 0.69918002, 0.7199666 , 0.7199666 , 0.74026232,
       0.74026232, 0.74026232, 0.74026232, 0.74026232, 0.74026232,
       0.75879459, 0.77700715, 0.77700715, 0.77700715, 0.77700715,
       0.77700715, 0.79395715, 0.79395715, 0.79395715, 0.79395715,
       0.79395715, 0.8092881 , 0.8092881 , 0.8092881 , 0.8092881 ,
       0.8092881 , 0.8092881 , 0.8092881 , 0.82261309, 0.84917632,
       0.84917632, 0.84917632, 0.84917632, 0.86127499, 0.86127499,
       0.86127499, 0.86127499, 0.86127499, 0.8719009 , 0.88226772,
       0.89230333, 0.89230333, 0.89230333, 0.91079557, 0.9196303 ,
       0.92824983, 0.92824983, 0.92824983, 0.94386087, 0.94386087,
       0.95101358, 0.95782384, 0.95782384, 0.95782384, 0.95782384,
       0.96372072, 0.96372072, 0.96372072, 0.97366652, 0.97366652,
       0.97804157, 0.97804157, 0.98545491, 0.98545491, 0.98883482,
       0.99176292, 0.99454059, 0.99454059, 0.99454059, 0.99836431,
       1.        , 1.        , 1.        , 1.        , 1.        ,
       1.        ]), array([0.        , 0.        , 0.05582012, 0.08345808, 0.1108987 ,
       0.19220132, 0.32676505, 0.40665709, 0.40665709, 0.43270598,
       0.48424544, 0.53528407, 0.58582638, 0.61076565, 0.63549595,
       0.63549595, 0.65967586, 0.68355243, 0.73063021, 0.75392765,
       0.75392765, 0.75392765, 0.75392765, 0.79813126, 0.79813126,
       0.79813126, 0.79813126, 0.79813126, 0.79813126, 0.79813126,
       0.79813126, 0.81786359, 0.81786359, 0.83703974, 0.83703974,
       0.83703974, 0.85530573, 0.85530573, 0.85530573, 0.85530573,
       0.85530573, 0.85530573, 0.85530573, 0.85530573, 0.85530573,
       0.85530573, 0.85530573, 0.85530573, 0.85530573, 0.85530573,
       0.88415192, 0.88415192, 0.88415192, 0.88415192, 0.88415192,
       0.88415192, 0.89680314, 0.89680314, 0.89680314, 0.90850988,
       0.90850988, 0.90850988, 0.91950485, 0.91950485, 0.91950485,
       0.91950485, 0.92946778, 0.92946778, 0.92946778, 0.92946778,
       0.92946778, 0.92946778, 0.9456914 , 0.9456914 , 0.95318182,
       0.95318182, 0.95318182, 0.95318182, 0.95318182, 0.95318182,
       0.96470548, 0.96470548, 0.98058635, 0.98058635, 0.98058635,
       0.98058635, 0.98058635, 0.98058635, 0.98058635, 0.98376904,
       0.98961552, 0.98961552, 0.99200862, 0.99401864, 0.99584545,
       0.99730036, 0.99730036, 0.99730036, 0.99855899, 1.        ,
       1.        ]), array([0.        , 0.11583426, 0.17299037, 0.20141024, 0.28559333,
       0.313199  , 0.39578117, 0.42298259, 0.42298259, 0.44958348,
       0.44958348, 0.50134077, 0.50134077, 0.55241483, 0.55241483,
       0.55241483, 0.55241483, 0.55241483, 0.55241483, 0.55241483,
       0.57576273, 0.57576273, 0.57576273, 0.6207835 , 0.6207835 ,
       0.6207835 , 0.64253506, 0.66380818, 0.66380818, 0.66380818,
       0.6842252 , 0.6842252 , 0.70412601, 0.72368558, 0.72368558,
       0.74282181, 0.74282181, 0.76130962, 0.76130962, 0.76130962,
       0.79632997, 0.79632997, 0.79632997, 0.79632997, 0.79632997,
       0.81232057, 0.82818913, 0.82818913, 0.84357903, 0.84357903,
       0.84357903, 0.85805223, 0.85805223, 0.85805223, 0.85805223,
       0.85805223, 0.85805223, 0.85805223, 0.85805223, 0.87020245,
       0.87020245, 0.88168042, 0.90414862, 0.90414862, 0.90414862,
       0.93502782, 0.93502782, 0.94468998, 0.95408899, 0.95408899,
       0.95408899, 0.95408899, 0.95408899, 0.9620453 , 0.9620453 ,
       0.9620453 , 0.96917086, 0.96917086, 0.96917086, 0.97544289,
       0.98137308, 0.98137308, 0.98137308, 0.98137308, 0.98137308,
       0.98578551, 0.98578551, 0.98578551, 0.98929801, 0.98929801,
       0.98929801, 0.98929801, 0.98929801, 0.99134903, 0.9931667 ,
       0.9963201 , 0.9963201 , 0.99819661, 0.99973245, 0.99973245,
       1.        ]), array([0.        , 0.09266261, 0.15405307, 0.18443704, 0.18443704,
       0.21397539, 0.24319393, 0.24319393, 0.24319393, 0.2717122 ,
       0.29989303, 0.29989303, 0.35485898, 0.38217592, 0.38217592,
       0.38217592, 0.40842227, 0.40842227, 0.40842227, 0.40842227,
       0.43349093, 0.43349093, 0.43349093, 0.43349093, 0.43349093,
       0.43349093, 0.45678907, 0.45678907, 0.45678907, 0.47885794,
       0.47885794, 0.5005653 , 0.5005653 , 0.52167433, 0.52167433,
       0.56237224, 0.58244655, 0.58244655, 0.58244655, 0.58244655,
       0.60122126, 0.61966001, 0.67434526, 0.71008119, 0.71008119,
       0.71008119, 0.71008119, 0.72669837, 0.72669837, 0.74278111,
       0.74278111, 0.74278111, 0.74278111, 0.74278111, 0.74278111,
       0.7568644 , 0.7568644 , 0.79759714, 0.79759714, 0.82342063,
       0.82342063, 0.83565024, 0.84771053, 0.84771053, 0.85913464,
       0.85913464, 0.86988424, 0.86988424, 0.87996464, 0.87996464,
       0.88943371, 0.8987489 , 0.92532015, 0.92532015, 0.93340158,
       0.93340158, 0.93340158, 0.93340158, 0.95443389, 0.96099716,
       0.9674118 , 0.97938987, 0.97938987, 0.97938987, 0.98466928,
       0.98466928, 0.98466928, 0.98891157, 0.99651497, 1.        ,
       1.        , 1.        , 1.        , 1.        , 1.        ,
       1.        , 1.        , 1.        , 1.        , 1.        ,
       1.        ]), array([0.        , 0.03521193, 0.03521193, 0.10431838, 0.13851986,
       0.13851986, 0.17188568, 0.20493421, 0.30332691, 0.36819715,
       0.40019708, 0.40019708, 0.40019708, 0.4312916 , 0.4312916 ,
       0.4312916 , 0.4312916 , 0.4312916 , 0.4312916 , 0.4312916 ,
       0.51662387, 0.51662387, 0.54464781, 0.5723047 , 0.5723047 ,
       0.5723047 , 0.59868578, 0.59868578, 0.59868578, 0.59868578,
       0.59868578, 0.62348663, 0.62348663, 0.64754173, 0.67098948,
       0.67098948, 0.67098948, 0.67098948, 0.6931609 , 0.6931609 ,
       0.6931609 , 0.6931609 , 0.6931609 , 0.71354645, 0.71354645,
       0.71354645, 0.71354645, 0.75135847, 0.76996905, 0.7883026 ,
       0.7883026 , 0.7883026 , 0.7883026 , 0.7883026 , 0.80474288,
       0.80474288, 0.80474288, 0.80474288, 0.81988127, 0.81988127,
       0.81988127, 0.83394481, 0.83394481, 0.83394481, 0.83394481,
       0.83394481, 0.83394481, 0.83394481, 0.83394481, 0.84507091,
       0.85591431, 0.85591431, 0.85591431, 0.85591431, 0.88391735,
       0.89308843, 0.89308843, 0.90146343, 0.91761812, 0.91761812,
       0.91761812, 0.91761812, 0.92431476, 0.93059009, 0.94807691,
       0.95373002, 0.95896026, 0.963652  , 0.9682419 , 0.97249494,
       0.97982212, 0.98658744, 0.98971248, 0.98971248, 0.99863463,
       0.99863463, 0.99863463, 1.        , 1.        , 1.        ,
       1.        ])]","[array([0.00000000e+00, 3.37480953e-04, 3.14999119e-03, 6.21810717e-03,
       7.80179679e-03, 9.72355632e-03, 1.41053983e-02, 1.94359539e-02,
       2.26148364e-02, 2.60162618e-02, 3.37689115e-02, 3.78415463e-02,
       4.23723830e-02, 4.75498070e-02, 5.30807931e-02, 5.30807931e-02,
       6.55924259e-02, 6.55924259e-02, 6.55924259e-02, 6.55924259e-02,
       6.55924259e-02, 6.55924259e-02, 6.55924259e-02, 7.48741347e-02,
       7.48741347e-02, 9.45670191e-02, 9.45670191e-02, 1.05357009e-01,
       1.05357009e-01, 1.16847144e-01, 1.16847144e-01, 1.16847144e-01,
       1.16847144e-01, 1.16847144e-01, 1.16847144e-01, 1.30852707e-01,
       1.45314296e-01, 1.45314296e-01, 1.45314296e-01, 1.45314296e-01,
       1.45314296e-01, 1.61576808e-01, 1.61576808e-01, 1.61576808e-01,
       1.61576808e-01, 1.61576808e-01, 1.80148749e-01, 1.80148749e-01,
       1.80148749e-01, 1.80148749e-01, 1.80148749e-01, 1.80148749e-01,
       1.80148749e-01, 2.01582028e-01, 2.44572295e-01, 2.44572295e-01,
       2.44572295e-01, 2.44572295e-01, 2.67754803e-01, 2.67754803e-01,
       2.67754803e-01, 2.67754803e-01, 2.67754803e-01, 2.93038073e-01,
       3.18690911e-01, 3.44816185e-01, 3.44816185e-01, 3.44816185e-01,
       3.99318999e-01, 4.27157230e-01, 4.55302415e-01, 4.55302415e-01,
       4.55302415e-01, 5.13915013e-01, 5.13915013e-01, 5.44152477e-01,
       5.74878436e-01, 5.74878436e-01, 5.74878436e-01, 5.74878436e-01,
       6.06907230e-01, 6.06907230e-01, 6.06907230e-01, 6.73600785e-01,
       6.73600785e-01, 7.07800339e-01, 7.07800339e-01, 7.78106232e-01,
       7.78106232e-01, 8.13725256e-01, 8.49988759e-01, 8.86466843e-01,
       8.86466843e-01, 8.86466843e-01, 9.61892990e-01, 1.00000000e+00,
       1.00000000e+00, 1.00000000e+00, 1.00000000e+00, 1.00000000e+00,
       1.00000000e+00]), array([0.        , 0.        , 0.00157233, 0.0027428 , 0.00419202,
       0.00997927, 0.02095325, 0.02873283, 0.02873283, 0.03214777,
       0.03976622, 0.04809207, 0.05711892, 0.06210112, 0.06737846,
       0.06737846, 0.07343321, 0.07991639, 0.09383665, 0.10113781,
       0.10113781, 0.10113781, 0.10113781, 0.11911764, 0.11911764,
       0.11911764, 0.11911764, 0.11911764, 0.11911764, 0.11911764,
       0.11911764, 0.13145428, 0.13145428, 0.14457648, 0.14457648,
       0.14457648, 0.15898422, 0.15898422, 0.15898422, 0.15898422,
       0.15898422, 0.15898422, 0.15898422, 0.15898422, 0.15898422,
       0.15898422, 0.15898422, 0.15898422, 0.15898422, 0.15898422,
       0.19865532, 0.19865532, 0.19865532, 0.19865532, 0.19865532,
       0.19865532, 0.22099352, 0.22099352, 0.22099352, 0.24466574,
       0.24466574, 0.24466574, 0.26934329, 0.26934329, 0.26934329,
       0.26934329, 0.29547851, 0.29547851, 0.29547851, 0.29547851,
       0.29547851, 0.29547851, 0.35297811, 0.35297811, 0.38260558,
       0.38260558, 0.38260558, 0.38260558, 0.38260558, 0.38260558,
       0.44674355, 0.44674355, 0.54493443, 0.54493443, 0.54493443,
       0.54493443, 0.54493443, 0.54493443, 0.54493443, 0.58064627,
       0.65280287, 0.65280287, 0.68962994, 0.72699809, 0.76462501,
       0.80277722, 0.80277722, 0.80277722, 0.88141383, 1.        ,
       1.        ]), array([0.00000000e+00, 4.68487252e-04, 1.72735369e-03, 2.56975236e-03,
       6.54638175e-03, 8.48502081e-03, 1.46170932e-02, 1.70999903e-02,
       1.70999903e-02, 2.03914294e-02, 2.03914294e-02, 2.89191528e-02,
       2.89191528e-02, 3.83667506e-02, 3.83667506e-02, 3.83667506e-02,
       3.83667506e-02, 3.83667506e-02, 3.83667506e-02, 3.83667506e-02,
       4.60379581e-02, 4.60379581e-02, 4.60379581e-02, 6.36355769e-02,
       6.36355769e-02, 6.36355769e-02, 7.34560560e-02, 8.39206964e-02,
       8.39206964e-02, 8.39206964e-02, 9.55379659e-02, 9.55379659e-02,
       1.07850250e-01, 1.20621979e-01, 1.20621979e-01, 1.33963676e-01,
       1.33963676e-01, 1.48178390e-01, 1.48178390e-01, 1.48178390e-01,
       1.79240360e-01, 1.79240360e-01, 1.79240360e-01, 1.79240360e-01,
       1.79240360e-01, 1.96817279e-01, 2.14558489e-01, 2.14558489e-01,
       2.32944163e-01, 2.32944163e-01, 2.32944163e-01, 2.52564078e-01,
       2.52564078e-01, 2.52564078e-01, 2.52564078e-01, 2.52564078e-01,
       2.52564078e-01, 2.52564078e-01, 2.52564078e-01, 2.75311585e-01,
       2.75311585e-01, 2.98964195e-01, 3.46926111e-01, 3.46926111e-01,
       3.46926111e-01, 4.22669944e-01, 4.22669944e-01, 4.48767328e-01,
       4.75219012e-01, 4.75219012e-01, 4.75219012e-01, 4.75219012e-01,
       4.75219012e-01, 5.03613111e-01, 5.03613111e-01, 5.03613111e-01,
       5.33125713e-01, 5.33125713e-01, 5.33125713e-01, 5.63787491e-01,
       5.94909516e-01, 5.94909516e-01, 5.94909516e-01, 5.94909516e-01,
       5.94909516e-01, 6.28075028e-01, 6.28075028e-01, 6.28075028e-01,
       6.62452180e-01, 6.62452180e-01, 6.62452180e-01, 6.62452180e-01,
       6.62452180e-01, 6.98797035e-01, 7.35456070e-01, 8.09423017e-01,
       8.09423017e-01, 8.85109129e-01, 9.61253924e-01, 9.61253924e-01,
       1.00000000e+00]), array([0.00000000e+00, 6.41572300e-04, 1.51426333e-03, 2.31071502e-03,
       2.31071502e-03, 4.08551632e-03, 6.23030660e-03, 6.23030660e-03,
       6.23030660e-03, 9.18528502e-03, 1.25306577e-02, 1.25306577e-02,
       2.08361796e-02, 2.51810256e-02, 2.51810256e-02, 2.51810256e-02,
       3.07644979e-02, 3.07644979e-02, 3.07644979e-02, 3.07644979e-02,
       3.77104991e-02, 3.77104991e-02, 3.77104991e-02, 3.77104991e-02,
       3.77104991e-02, 3.77104991e-02, 4.67048880e-02, 4.67048880e-02,
       4.67048880e-02, 5.71214859e-02, 5.71214859e-02, 6.79563301e-02,
       6.79563301e-02, 7.94834123e-02, 7.94834123e-02, 1.04296313e-01,
       1.17020517e-01, 1.17020517e-01, 1.17020517e-01, 1.17020517e-01,
       1.31248280e-01, 1.45864739e-01, 1.90444152e-01, 2.20997803e-01,
       2.20997803e-01, 2.20997803e-01, 2.20997803e-01, 2.37721730e-01,
       2.37721730e-01, 2.55063964e-01, 2.55063964e-01, 2.55063964e-01,
       2.55063964e-01, 2.55063964e-01, 2.55063964e-01, 2.74719466e-01,
       2.74719466e-01, 3.35441209e-01, 3.35441209e-01, 3.77463032e-01,
       3.77463032e-01, 3.99263149e-01, 4.21259151e-01, 4.21259151e-01,
       4.43991192e-01, 4.43991192e-01, 4.67503596e-01, 4.67503596e-01,
       4.91790226e-01, 4.91790226e-01, 5.16784148e-01, 5.41956091e-01,
       6.19061939e-01, 6.19061939e-01, 6.45661277e-01, 6.45661277e-01,
       6.45661277e-01, 6.45661277e-01, 7.29175393e-01, 7.57531172e-01,
       7.86058906e-01, 8.44099165e-01, 8.44099165e-01, 8.44099165e-01,
       8.73940302e-01, 8.73940302e-01, 8.73940302e-01, 9.04981328e-01,
       9.68082861e-01, 1.00000000e+00, 1.00000000e+00, 1.00000000e+00,
       1.00000000e+00, 1.00000000e+00, 1.00000000e+00, 1.00000000e+00,
       1.00000000e+00, 1.00000000e+00, 1.00000000e+00, 1.00000000e+00,
       1.00000000e+00]), array([0.00000000e+00, 2.47087727e-04, 2.47087727e-04, 1.90768688e-03,
       3.04940283e-03, 3.04940283e-03, 4.93100463e-03, 7.09352085e-03,
       1.42476731e-02, 1.96589092e-02, 2.27498442e-02, 2.27498442e-02,
       2.27498442e-02, 2.66424010e-02, 2.66424010e-02, 2.66424010e-02,
       2.66424010e-02, 2.66424010e-02, 2.66424010e-02, 2.66424010e-02,
       4.53599749e-02, 4.53599749e-02, 5.19711587e-02, 5.89073165e-02,
       5.89073165e-02, 5.89073165e-02, 6.69730479e-02, 6.69730479e-02,
       6.69730479e-02, 6.69730479e-02, 6.69730479e-02, 7.64378915e-02,
       7.64378915e-02, 8.65629931e-02, 9.72258354e-02, 9.72258354e-02,
       9.72258354e-02, 9.72258354e-02, 1.09018718e-01, 1.09018718e-01,
       1.09018718e-01, 1.09018718e-01, 1.09018718e-01, 1.22392761e-01,
       1.22392761e-01, 1.22392761e-01, 1.22392761e-01, 1.51760768e-01,
       1.66706330e-01, 1.81897175e-01, 1.81897175e-01, 1.81897175e-01,
       1.81897175e-01, 1.81897175e-01, 1.98764280e-01, 1.98764280e-01,
       1.98764280e-01, 1.98764280e-01, 2.16784054e-01, 2.16784054e-01,
       2.16784054e-01, 2.35755473e-01, 2.35755473e-01, 2.35755473e-01,
       2.35755473e-01, 2.35755473e-01, 2.35755473e-01, 2.35755473e-01,
       2.35755473e-01, 2.57327633e-01, 2.79150092e-01, 2.79150092e-01,
       2.79150092e-01, 2.79150092e-01, 3.48625730e-01, 3.71928820e-01,
       3.71928820e-01, 3.95936754e-01, 4.44479685e-01, 4.44479685e-01,
       4.44479685e-01, 4.44479685e-01, 4.69973599e-01, 4.95840531e-01,
       5.74626989e-01, 6.01044821e-01, 6.27837054e-01, 6.55106066e-01,
       6.82465236e-01, 7.10122660e-01, 7.66481282e-01, 8.23337356e-01,
       8.51993490e-01, 8.51993490e-01, 9.69785893e-01, 9.69785893e-01,
       9.69785893e-01, 1.00000000e+00, 1.00000000e+00, 1.00000000e+00,
       1.00000000e+00])]",-0.0229490124486509,0.0211312402504684,0.0187330939120687,0.0078938734712779,"[{'lambda_reg': 0.5903791034489163, 'gamma': 0.2413692446021183}, {'lambda_reg': 0.14238976667751588, 'gamma': 0.12032527986926796}, {'lambda_reg': 0.015565050403234795, 'gamma': 0.010300491752987495}, {'lambda_reg': 0.5335074162429736, 'gamma': 0.061304244499759}, {'lambda_reg': 0.015510840088912658, 'gamma': 0.004561755764704039}]",300,1,laplacian,128
"[np.float64(0.14779228287731747), np.float64(0.16211853647324947), np.float64(0.15756247479814992), np.float64(0.20704636053034556), np.float64(0.20058097022905758)]",0.1750201249816239,0.024048336719243,"[np.float64(0.6995874162587633), np.float64(0.732454115908207), np.float64(0.7161788909456157), np.float64(0.6528683047553889), np.float64(0.7061033711327449)]",0.7014384198001439,0.0266964377966974,"[np.float64(0.7567921852109825), np.float64(0.7528760227737974), np.float64(0.780724135906166), np.float64(0.77194986049414), np.float64(0.7432922984537036)]",0.7611269005677579,0.0134620048182935,"[array([0.        , 0.06310736, 0.06310736, 0.07543046, 0.08766488,
       0.16016285, 0.16016285, 0.16016285, 0.17189638, 0.18352018,
       0.19505285, 0.20637702, 0.20637702, 0.22861917, 0.22861917,
       0.26121372, 0.29335119, 0.32508209, 0.35650827, 0.37718312,
       0.41792448, 0.41792448, 0.41792448, 0.41792448, 0.41792448,
       0.45616725, 0.48456721, 0.50315178, 0.51238429, 0.53968438,
       0.5664491 , 0.59294374, 0.60170083, 0.60170083, 0.62704942,
       0.65192484, 0.70094501, 0.70094501, 0.70889852, 0.72453372,
       0.7475973 , 0.77032189, 0.77772031, 0.79228725, 0.79946566,
       0.80647484, 0.82030125, 0.83384073, 0.85389309, 0.86038899,
       0.8796155 , 0.8796155 , 0.89193748, 0.90393866, 0.90393866,
       0.90966065, 0.91530913, 0.91530913, 0.92070539, 0.93128585,
       0.9363734 , 0.94646561, 0.94646561, 0.95127357, 0.95595147,
       0.95595147, 0.96037873, 0.96467726, 0.96878305, 0.96878305,
       0.97259931, 0.98011163, 0.98371772, 0.9906966 , 0.9906966 ,
       0.9906966 , 0.99695525, 1.        , 1.        , 1.        ,
       1.        , 1.        , 1.        , 1.        , 1.        ,
       1.        , 1.        , 1.        , 1.        , 1.        ,
       1.        , 1.        , 1.        , 1.        , 1.        ,
       1.        , 1.        , 1.        , 1.        , 1.        ,
       1.        ]), array([0.        , 0.01383101, 0.0411508 , 0.05472392, 0.06808751,
       0.08129932, 0.1075971 , 0.12058591, 0.12058591, 0.13326985,
       0.15843394, 0.18329567, 0.19554022, 0.19554022, 0.19554022,
       0.25495437, 0.26663976, 0.28972179, 0.30116868, 0.31242053,
       0.32363665, 0.32363665, 0.35635405, 0.35635405, 0.35635405,
       0.38769005, 0.43945   , 0.45986899, 0.45986899, 0.45986899,
       0.47932822, 0.47932822, 0.49830926, 0.51696485, 0.526249  ,
       0.526249  , 0.53524932, 0.54399397, 0.56135815, 0.58684492,
       0.61196764, 0.62832718, 0.63642593, 0.6684295 , 0.69969734,
       0.72273472, 0.73777306, 0.77491871, 0.77491871, 0.79635164,
       0.80340178, 0.81032289, 0.82383715, 0.83705709, 0.84350351,
       0.8560712 , 0.87458204, 0.88059869, 0.89239405, 0.89239405,
       0.90365728, 0.9091133 , 0.92505016, 0.93025074, 0.93530032,
       0.95008084, 0.95485096, 0.96409348, 0.96409348, 0.96844927,
       0.97262942, 0.98082401, 0.98473403, 0.98473403, 0.98473403,
       0.98473403, 0.98473403, 0.98473403, 0.98473403, 0.98766941,
       0.99342202, 0.99607573, 0.99607573, 0.99607573, 0.99607573,
       0.99818319, 0.99818319, 1.        , 1.        , 1.        ,
       1.        , 1.        , 1.        , 1.        , 1.        ,
       1.        , 1.        , 1.        , 1.        , 1.        ,
       1.        ]), array([0.        , 0.02658021, 0.05286191, 0.07878838, 0.11744658,
       0.18100994, 0.20618008, 0.20618008, 0.2185326 , 0.2430246 ,
       0.2430246 , 0.2430246 , 0.25485496, 0.25485496, 0.26634453,
       0.28916018, 0.28916018, 0.32253448, 0.36663979, 0.36663979,
       0.42023823, 0.42023823, 0.42023823, 0.43063162, 0.47149656,
       0.47149656, 0.48137064, 0.48137064, 0.50065121, 0.51014199,
       0.51014199, 0.52864008, 0.55606793, 0.55606793, 0.5826375 ,
       0.60881105, 0.61743995, 0.6258885 , 0.65087736, 0.68382346,
       0.69989318, 0.72366447, 0.77046328, 0.78582384, 0.80839646,
       0.80839646, 0.81561001, 0.81561001, 0.8226607 , 0.83636312,
       0.84976783, 0.84976783, 0.84976783, 0.85609935, 0.87466871,
       0.87466871, 0.88651448, 0.89237852, 0.89808139, 0.89808139,
       0.89808139, 0.91923644, 0.92431581, 0.92431581, 0.93408179,
       0.94825395, 0.94825395, 0.94825395, 0.95265056, 0.95688785,
       0.95688785, 0.96083829, 0.96083829, 0.97185175, 0.97543757,
       0.97886151, 0.97886151, 0.98513529, 0.98811772, 0.9909943 ,
       0.9909943 , 0.99362235, 0.99362235, 0.99362235, 0.99801216,
       0.99801216, 1.        , 1.        , 1.        , 1.        ,
       1.        , 1.        , 1.        , 1.        , 1.        ,
       1.        , 1.        , 1.        , 1.        , 1.        ,
       1.        ]), array([0.        , 0.02492612, 0.02492612, 0.04937143, 0.08573373,
       0.09771606, 0.13316998, 0.13316998, 0.1795748 , 0.1910605 ,
       0.24751982, 0.28107069, 0.29216294, 0.32515621, 0.35765419,
       0.37903828, 0.37903828, 0.41037857, 0.42071721, 0.42071721,
       0.46106228, 0.47097144, 0.49062344, 0.49062344, 0.50014722,
       0.5095959 , 0.52822487, 0.53738365, 0.55547663, 0.57343536,
       0.59996897, 0.59996897, 0.62571806, 0.64259804, 0.65091179,
       0.67545394, 0.68352335, 0.71539128, 0.73111156, 0.73111156,
       0.76153463, 0.76903813, 0.7836057 , 0.80517167, 0.80517167,
       0.81915847, 0.83272257, 0.83938624, 0.84600656, 0.85894405,
       0.85894405, 0.87754365, 0.87754365, 0.90130747, 0.90130747,
       0.90702064, 0.91260675, 0.92356846, 0.92356846, 0.92356846,
       0.92356846, 0.92846104, 0.93329861, 0.94264002, 0.95644265,
       0.96533184, 0.96962098, 0.96962098, 0.9736645 , 0.97763498,
       0.9853395 , 0.9853395 , 0.9853395 , 0.9853395 , 0.9853395 ,
       0.98854968, 0.99167177, 0.99461657, 0.9974292 , 0.9974292 ,
       1.        , 1.        , 1.        , 1.        , 1.        ,
       1.        , 1.        , 1.        , 1.        , 1.        ,
       1.        , 1.        , 1.        , 1.        , 1.        ,
       1.        , 1.        , 1.        , 1.        , 1.        ,
       1.        ]), array([0.        , 0.        , 0.        , 0.01373772, 0.04096281,
       0.05444472, 0.05444472, 0.0807523 , 0.0807523 , 0.10654206,
       0.13216658, 0.14478358, 0.15725182, 0.15725182, 0.15725182,
       0.16930073, 0.19308749, 0.20490797, 0.22809011, 0.25112079,
       0.25112079, 0.26232619, 0.3065628 , 0.31751372, 0.34979155,
       0.40292948, 0.41342866, 0.42372971, 0.42372971, 0.44383542,
       0.46373553, 0.49322946, 0.51253299, 0.53152103, 0.55963382,
       0.57803503, 0.58708296, 0.58708296, 0.59591869, 0.61323973,
       0.62180071, 0.63863679, 0.65508482, 0.67123931, 0.68715288,
       0.69496848, 0.70259942, 0.73281963, 0.74021081, 0.76198577,
       0.76198577, 0.77585613, 0.79652704, 0.80328078, 0.82298192,
       0.84878268, 0.84878268, 0.87316585, 0.88516046, 0.8968567 ,
       0.90253564, 0.91362052, 0.92988923, 0.93515819, 0.93515819,
       0.94508043, 0.94998602, 0.95477223, 0.95934525, 0.9638521 ,
       0.96812045, 0.96812045, 0.97213145, 0.9760125 , 0.97974259,
       0.98335388, 0.98684498, 0.98684498, 0.99002573, 0.99306602,
       0.99306602, 0.99588373, 0.99588373, 0.99588373, 0.99821161,
       0.99821161, 0.99821161, 0.99821161, 1.        , 1.        ,
       1.        , 1.        , 1.        , 1.        , 1.        ,
       1.        , 1.        , 1.        , 1.        , 1.        ,
       1.        ])]","[array([0.00000000e+00, 6.90036498e-04, 6.90036498e-04, 1.39827597e-03,
       2.27602135e-03, 9.27876852e-03, 9.27876852e-03, 9.27876852e-03,
       1.11137735e-02, 1.31584943e-02, 1.53773810e-02, 1.79947367e-02,
       1.79947367e-02, 2.40057524e-02, 2.40057524e-02, 3.44913356e-02,
       4.58504795e-02, 5.79866550e-02, 7.07051706e-02, 7.97115581e-02,
       9.88869600e-02, 9.88869600e-02, 9.88869600e-02, 9.88869600e-02,
       9.88869600e-02, 1.22837561e-01, 1.41339702e-01, 1.54340944e-01,
       1.60955801e-01, 1.81559950e-01, 2.03187297e-01, 2.25330800e-01,
       2.32854262e-01, 2.32854262e-01, 2.57188038e-01, 2.82426140e-01,
       3.34298743e-01, 3.34298743e-01, 3.43357997e-01, 3.61995947e-01,
       3.90696775e-01, 4.20045444e-01, 4.30165550e-01, 4.50845130e-01,
       4.61385708e-01, 4.72249721e-01, 4.94344569e-01, 5.16987784e-01,
       5.51443533e-01, 5.63288502e-01, 5.99322560e-01, 5.99322560e-01,
       6.24292638e-01, 6.49875803e-01, 6.49875803e-01, 6.63199825e-01,
       6.76664358e-01, 6.76664358e-01, 6.90610899e-01, 7.18909303e-01,
       7.33445842e-01, 7.62677361e-01, 7.62677361e-01, 7.77748255e-01,
       7.93067717e-01, 7.93067717e-01, 8.08866180e-01, 8.24910665e-01,
       8.41323518e-01, 8.41323518e-01, 8.58289715e-01, 8.92451819e-01,
       9.09819671e-01, 9.45001262e-01, 9.45001262e-01, 9.45001262e-01,
       9.81559325e-01, 1.00000000e+00, 1.00000000e+00, 1.00000000e+00,
       1.00000000e+00, 1.00000000e+00, 1.00000000e+00, 1.00000000e+00,
       1.00000000e+00, 1.00000000e+00, 1.00000000e+00, 1.00000000e+00,
       1.00000000e+00, 1.00000000e+00, 1.00000000e+00, 1.00000000e+00,
       1.00000000e+00, 1.00000000e+00, 1.00000000e+00, 1.00000000e+00,
       1.00000000e+00, 1.00000000e+00, 1.00000000e+00, 1.00000000e+00,
       1.00000000e+00]), array([0.00000000e+00, 4.36866769e-05, 6.47111926e-04, 1.07965989e-03,
       1.82814308e-03, 2.80550360e-03, 4.94993674e-03, 6.26353557e-03,
       6.26353557e-03, 8.03683787e-03, 1.18907111e-02, 1.62005063e-02,
       1.86363296e-02, 1.86363296e-02, 1.86363296e-02, 3.35425526e-02,
       3.68214995e-02, 4.38148009e-02, 4.74533749e-02, 5.13860462e-02,
       5.53725829e-02, 5.53725829e-02, 6.87359351e-02, 6.87359351e-02,
       6.87359351e-02, 8.41822351e-02, 1.10629800e-01, 1.21638555e-01,
       1.21638555e-01, 1.21638555e-01, 1.34094471e-01, 1.34094471e-01,
       1.47271428e-01, 1.60939098e-01, 1.67838753e-01, 1.67838753e-01,
       1.75166366e-01, 1.82879497e-01, 1.98494429e-01, 2.22760455e-01,
       2.47575419e-01, 2.64705186e-01, 2.73392221e-01, 3.08730633e-01,
       3.45178417e-01, 3.73137736e-01, 3.92259669e-01, 4.40743323e-01,
       4.40743323e-01, 4.71121905e-01, 4.81390098e-01, 4.91852848e-01,
       5.13272844e-01, 5.35136650e-01, 5.46315153e-01, 5.69162436e-01,
       6.03947075e-01, 6.15773607e-01, 6.39785446e-01, 6.39785446e-01,
       6.64599656e-01, 6.77271526e-01, 7.15937341e-01, 7.28994374e-01,
       7.42279097e-01, 7.82688475e-01, 7.96394590e-01, 8.24255704e-01,
       8.24255704e-01, 8.38586555e-01, 8.53182245e-01, 8.82623494e-01,
       8.97626492e-01, 8.97626492e-01, 8.97626492e-01, 8.97626492e-01,
       8.97626492e-01, 8.97626492e-01, 8.97626492e-01, 9.14099089e-01,
       9.47222465e-01, 9.64119785e-01, 9.64119785e-01, 9.64119785e-01,
       9.64119785e-01, 9.81840761e-01, 9.81840761e-01, 1.00000000e+00,
       1.00000000e+00, 1.00000000e+00, 1.00000000e+00, 1.00000000e+00,
       1.00000000e+00, 1.00000000e+00, 1.00000000e+00, 1.00000000e+00,
       1.00000000e+00, 1.00000000e+00, 1.00000000e+00, 1.00000000e+00,
       1.00000000e+00]), array([0.00000000e+00, 1.53339056e-04, 8.03918336e-04, 2.04622244e-03,
       4.29529142e-03, 9.48789377e-03, 1.19900369e-02, 1.19900369e-02,
       1.36284650e-02, 1.72602042e-02, 1.72602042e-02, 1.72602042e-02,
       1.97684319e-02, 1.97684319e-02, 2.28443063e-02, 2.92684093e-02,
       2.92684093e-02, 4.03190435e-02, 5.57091307e-02, 5.57091307e-02,
       7.75006449e-02, 7.75006449e-02, 7.75006449e-02, 8.24024699e-02,
       1.03190153e-01, 1.03190153e-01, 1.08957003e-01, 1.08957003e-01,
       1.21269605e-01, 1.27674941e-01, 1.27674941e-01, 1.41290949e-01,
       1.62246790e-01, 1.62246790e-01, 1.84632307e-01, 2.07677477e-01,
       2.15518474e-01, 2.23659898e-01, 2.48678457e-01, 2.82656807e-01,
       3.00317826e-01, 3.27364544e-01, 3.82696867e-01, 4.01539155e-01,
       4.30582539e-01, 4.30582539e-01, 4.40781123e-01, 4.40781123e-01,
       4.51250999e-01, 4.72855313e-01, 4.94955535e-01, 4.94955535e-01,
       4.94955535e-01, 5.06623352e-01, 5.42335084e-01, 5.42335084e-01,
       5.67032094e-01, 5.79478610e-01, 5.92193596e-01, 5.92193596e-01,
       5.92193596e-01, 6.45812706e-01, 6.59566281e-01, 6.59566281e-01,
       6.87727661e-01, 7.30763961e-01, 7.30763961e-01, 7.30763961e-01,
       7.45654825e-01, 7.60811075e-01, 7.60811075e-01, 7.76445143e-01,
       7.76445143e-01, 8.24742994e-01, 8.40984427e-01, 8.57495506e-01,
       8.57495506e-01, 8.91473953e-01, 9.08720470e-01, 9.26143300e-01,
       9.26143300e-01, 9.43980120e-01, 9.43980120e-01, 9.43980120e-01,
       9.81096757e-01, 9.81096757e-01, 1.00000000e+00, 1.00000000e+00,
       1.00000000e+00, 1.00000000e+00, 1.00000000e+00, 1.00000000e+00,
       1.00000000e+00, 1.00000000e+00, 1.00000000e+00, 1.00000000e+00,
       1.00000000e+00, 1.00000000e+00, 1.00000000e+00, 1.00000000e+00,
       1.00000000e+00]), array([0.00000000e+00, 2.63306500e-04, 2.63306500e-04, 1.48149903e-03,
       3.91585697e-03, 5.00224296e-03, 9.24064822e-03, 9.24064822e-03,
       1.66138755e-02, 1.86865778e-02, 3.09748759e-02, 3.89927658e-02,
       4.18468681e-02, 5.09721558e-02, 6.10810792e-02, 6.83788946e-02,
       6.83788946e-02, 8.07870115e-02, 8.51377931e-02, 8.51377931e-02,
       1.04545736e-01, 1.09749461e-01, 1.20487227e-01, 1.20487227e-01,
       1.26456314e-01, 1.32574555e-01, 1.45344085e-01, 1.52038064e-01,
       1.65872051e-01, 1.79972667e-01, 2.01926899e-01, 2.01926899e-01,
       2.25439203e-01, 2.41682229e-01, 2.50054462e-01, 2.75963757e-01,
       2.84821237e-01, 3.21064875e-01, 3.39611075e-01, 3.39611075e-01,
       3.78724226e-01, 3.88705615e-01, 4.09541111e-01, 4.41361138e-01,
       4.41361138e-01, 4.63350032e-01, 4.86178430e-01, 4.97827743e-01,
       5.09563127e-01, 5.33635986e-01, 5.33635986e-01, 5.71347238e-01,
       5.71347238e-01, 6.23685740e-01, 6.23685740e-01, 6.37222741e-01,
       6.51012075e-01, 6.79008851e-01, 6.79008851e-01, 6.79008851e-01,
       6.79008851e-01, 6.94175561e-01, 7.09451512e-01, 7.40666220e-01,
       7.87904308e-01, 8.20017123e-01, 8.36382276e-01, 8.36382276e-01,
       8.53235219e-01, 8.70233224e-01, 9.04698798e-01, 9.04698798e-01,
       9.04698798e-01, 9.04698798e-01, 9.04698798e-01, 9.23206770e-01,
       9.41889682e-01, 9.60924702e-01, 9.80222214e-01, 9.80222214e-01,
       1.00000000e+00, 1.00000000e+00, 1.00000000e+00, 1.00000000e+00,
       1.00000000e+00, 1.00000000e+00, 1.00000000e+00, 1.00000000e+00,
       1.00000000e+00, 1.00000000e+00, 1.00000000e+00, 1.00000000e+00,
       1.00000000e+00, 1.00000000e+00, 1.00000000e+00, 1.00000000e+00,
       1.00000000e+00, 1.00000000e+00, 1.00000000e+00, 1.00000000e+00,
       1.00000000e+00]), array([0.00000000e+00, 0.00000000e+00, 0.00000000e+00, 5.22146735e-04,
       1.92827284e-03, 2.82015843e-03, 2.82015843e-03, 5.55241248e-03,
       5.55241248e-03, 9.03308298e-03, 1.27525882e-02, 1.48945509e-02,
       1.72515419e-02, 1.72515419e-02, 1.72515419e-02, 2.02145838e-02,
       2.65902826e-02, 2.98834925e-02, 3.71330842e-02, 4.46015697e-02,
       4.46015697e-02, 4.87837811e-02, 6.63581570e-02, 7.09081805e-02,
       8.53892194e-02, 1.10475987e-01, 1.15678933e-01, 1.21168244e-01,
       1.21168244e-01, 1.32864311e-01, 1.44857544e-01, 1.63362279e-01,
       1.76217784e-01, 1.89529271e-01, 2.10030227e-01, 2.24189883e-01,
       2.31490383e-01, 2.31490383e-01, 2.39097576e-01, 2.54818447e-01,
       2.62822757e-01, 2.79244561e-01, 2.96227234e-01, 3.13634167e-01,
       3.31389327e-01, 3.40470959e-01, 3.49819493e-01, 3.87652344e-01,
       3.97347414e-01, 4.27008706e-01, 4.27008706e-01, 4.47716990e-01,
       4.78974001e-01, 4.89590395e-01, 5.22249053e-01, 5.66469528e-01,
       5.66469528e-01, 6.12738922e-01, 6.36158308e-01, 6.60008932e-01,
       6.72178774e-01, 6.96913039e-01, 7.34532738e-01, 7.47295138e-01,
       7.47295138e-01, 7.73709801e-01, 7.86997401e-01, 8.00457538e-01,
       8.14225812e-01, 8.28089719e-01, 8.42298344e-01, 8.42298344e-01,
       8.56878939e-01, 8.71647331e-01, 8.86633935e-01, 9.01792231e-01,
       9.17124254e-01, 9.17124254e-01, 9.32904822e-01, 9.48888415e-01,
       9.48888415e-01, 9.65193721e-01, 9.65193721e-01, 9.65193721e-01,
       9.82206982e-01, 9.82206982e-01, 9.82206982e-01, 9.82206982e-01,
       1.00000000e+00, 1.00000000e+00, 1.00000000e+00, 1.00000000e+00,
       1.00000000e+00, 1.00000000e+00, 1.00000000e+00, 1.00000000e+00,
       1.00000000e+00, 1.00000000e+00, 1.00000000e+00, 1.00000000e+00,
       1.00000000e+00])]",0.1623653986521987,0.0428015596792393,0.1186059596609031,0.0041483020687105,"[{'lambda_reg': 0.7008991971386741}, {'lambda_reg': 0.7786435570751146}, {'lambda_reg': 0.1967229543225351}, {'lambda_reg': 0.5578663872257188}, {'lambda_reg': 0.9532704945341394}]",600,3,linear,161
"[np.float64(0.047990137948172605), np.float64(0.06107799434282263), np.float64(0.05681170446368475), np.float64(0.07854156948982563), np.float64(0.11153535952876414)]",0.0711913531546539,0.0224900655422702,"[np.float64(0.80283175055595), np.float64(0.8005419835275599), np.float64(0.8140946519393846), np.float64(0.8112051771413356), np.float64(0.7803642368316652)]",0.8018075599991791,0.011846979318511,"[np.float64(0.9491236791146757), np.float64(0.9395115581529628), np.float64(0.9660614151369353), np.float64(0.9653085810598274), np.float64(0.9485704616367177)]",0.9537151390202236,0.0103549925270196,"[array([0.        , 0.47622022, 0.58880036, 0.61910938, 0.63917253,
       0.6886925 , 0.70831078, 0.76651879, 0.76651879, 0.77603246,
       0.78540206, 0.79464422, 0.80378481, 0.80378481, 0.80378481,
       0.80378481, 0.8301218 , 0.8301218 , 0.8301218 , 0.84698182,
       0.85531978, 0.86351929, 0.8717028 , 0.87971726, 0.87971726,
       0.87971726, 0.89516846, 0.89516846, 0.91019515, 0.91019515,
       0.91754294, 0.92474782, 0.93184441, 0.93184441, 0.93872189,
       0.94548029, 0.94548029, 0.94548029, 0.94548029, 0.94548029,
       0.94548029, 0.94548029, 0.94548029, 0.94548029, 0.95138381,
       0.95138381, 0.95138381, 0.95694441, 0.95694441, 0.95694441,
       0.95694441, 0.95694441, 0.95694441, 0.95694441, 0.95694441,
       0.96161613, 0.96624973, 0.96624973, 0.96624973, 0.96624973,
       0.96624973, 0.96624973, 0.96624973, 0.96624973, 0.96624973,
       0.96997526, 0.96997526, 0.97345941, 0.98023882, 0.98685315,
       0.98685315, 0.98685315, 0.98982956, 0.98982956, 0.98982956,
       0.98982956, 0.99235253, 0.99235253, 0.99235253, 0.99235253,
       0.99235253, 0.99235253, 0.99235253, 0.99417095, 0.99417095,
       0.99417095, 0.99417095, 0.99417095, 0.99549466, 0.99788532,
       0.99788532, 0.99788532, 0.99788532, 0.99788532, 0.99858771,
       0.9991513 , 0.9991513 , 0.99950835, 0.99972029, 0.99989701,
       1.        ]), array([0.        , 0.49655278, 0.53745495, 0.59804434, 0.61808561,
       0.64776407, 0.64776407, 0.65750454, 0.67666575, 0.69566093,
       0.70501988, 0.72360349, 0.76025709, 0.78752671, 0.78752671,
       0.80530629, 0.82276126, 0.82276126, 0.83988873, 0.848285  ,
       0.848285  , 0.86475795, 0.87286514, 0.88902259, 0.88902259,
       0.89686563, 0.90457017, 0.90457017, 0.91208258, 0.91208258,
       0.91940799, 0.91940799, 0.91940799, 0.92644626, 0.92644626,
       0.92644626, 0.92644626, 0.92644626, 0.93296141, 0.93933072,
       0.93933072, 0.93933072, 0.93933072, 0.94530274, 0.94530274,
       0.94530274, 0.94530274, 0.94530274, 0.94530274, 0.95061424,
       0.95061424, 0.95576597, 0.95576597, 0.95576597, 0.95576597,
       0.96052343, 0.96052343, 0.96052343, 0.96496526, 0.96496526,
       0.96496526, 0.96496526, 0.9689964 , 0.9689964 , 0.9689964 ,
       0.98010616, 0.98010616, 0.98010616, 0.98010616, 0.98334815,
       0.98334815, 0.98334815, 0.98334815, 0.98334815, 0.98612498,
       0.98879252, 0.98879252, 0.99119535, 0.99354303, 0.99354303,
       0.99354303, 0.99354303, 0.99354303, 0.99354303, 0.99354303,
       0.99354303, 0.99354303, 0.99493814, 0.9974931 , 0.9974931 ,
       0.99860528, 0.99860528, 0.99860528, 0.99937352, 0.99937352,
       0.99995006, 0.99995006, 0.99995006, 0.99995006, 0.99995006,
       1.        ]), array([0.        , 0.59761959, 0.68183422, 0.70261258, 0.72325562,
       0.73340807, 0.73340807, 0.74337455, 0.74337455, 0.75319348,
       0.75319348, 0.77227021, 0.80057472, 0.80991647, 0.81919672,
       0.81919672, 0.8282118 , 0.8371428 , 0.8371428 , 0.84589235,
       0.86313659, 0.88855001, 0.8969708 , 0.90525468, 0.91346657,
       0.91346657, 0.91346657, 0.92126865, 0.93677915, 0.93677915,
       0.93677915, 0.93677915, 0.93677915, 0.93677915, 0.93677915,
       0.94381899, 0.94381899, 0.94381899, 0.94381899, 0.94381899,
       0.95025535, 0.95025535, 0.95025535, 0.95637348, 0.95637348,
       0.95637348, 0.95637348, 0.95637348, 0.95637348, 0.9618984 ,
       0.9618984 , 0.9618984 , 0.97224647, 0.97224647, 0.97224647,
       0.97708043, 0.97708043, 0.97708043, 0.97708043, 0.98146202,
       0.98146202, 0.98570275, 0.98570275, 0.98570275, 0.98570275,
       0.98570275, 0.98570275, 0.98570275, 0.98570275, 0.98570275,
       0.98570275, 0.98570275, 0.98570275, 0.98570275, 0.98851358,
       0.99121518, 0.99121518, 0.99121518, 0.99121518, 0.99121518,
       0.99121518, 0.99121518, 0.99121518, 0.99121518, 0.99121518,
       0.9928873 , 0.9928873 , 0.9928873 , 0.99422671, 0.99422671,
       0.99422671, 0.99623246, 0.99623246, 0.99623246, 0.99770301,
       0.99826897, 0.99878792, 0.99914541, 0.99975893, 0.99987127,
       1.        ]), array([0.        , 0.57061583, 0.60433801, 0.66004822, 0.70420437,
       0.71513157, 0.72588686, 0.73661271, 0.73661271, 0.75752766,
       0.76788744, 0.76788744, 0.77795323, 0.77795323, 0.77795323,
       0.78770589, 0.79741049, 0.79741049, 0.79741049, 0.80669316,
       0.81584556, 0.81584556, 0.82483445, 0.84257629, 0.86008312,
       0.86876834, 0.87725149, 0.88568923, 0.89397499, 0.89397499,
       0.90200368, 0.90200368, 0.90983354, 0.91749082, 0.91749082,
       0.91749082, 0.91749082, 0.92480037, 0.93199851, 0.93199851,
       0.93199851, 0.93885495, 0.93885495, 0.93885495, 0.95816439,
       0.96456323, 0.96456323, 0.97072351, 0.97072351, 0.97072351,
       0.97072351, 0.97072351, 0.97072351, 0.97072351, 0.97605446,
       0.97605446, 0.97605446, 0.97605446, 0.97605446, 0.97605446,
       0.97605446, 0.98052702, 0.98052702, 0.98052702, 0.98052702,
       0.98052702, 0.98052702, 0.98052702, 0.98052702, 0.98052702,
       0.98052702, 0.98052702, 0.98052702, 0.98052702, 0.98052702,
       0.98345807, 0.98345807, 0.98345807, 0.98345807, 0.98593403,
       0.98593403, 0.98593403, 0.98593403, 0.98995987, 0.99184338,
       0.99184338, 0.99184338, 0.99339162, 0.99339162, 0.99339162,
       0.99458881, 0.99458881, 0.99458881, 0.99458881, 0.99677935,
       0.99745295, 0.99850632, 0.99928057, 0.99955118, 0.99977828,
       1.        ]), array([0.        , 0.51871395, 0.57085847, 0.62254912, 0.64301241,
       0.65313741, 0.68324386, 0.69313984, 0.71280211, 0.73221556,
       0.73221556, 0.76075348, 0.76075348, 0.7792955 , 0.79770665,
       0.79770665, 0.79770665, 0.81546074, 0.82420661, 0.85016077,
       0.85865297, 0.86708821, 0.88376336, 0.88376336, 0.88376336,
       0.88376336, 0.88376336, 0.88376336, 0.88376336, 0.88376336,
       0.88376336, 0.88376336, 0.88376336, 0.88376336, 0.88376336,
       0.88376336, 0.90437674, 0.90437674, 0.91097043, 0.91754547,
       0.92392294, 0.93654788, 0.93654788, 0.94874163, 0.96065976,
       0.96065976, 0.96065976, 0.96629449, 0.96629449, 0.96629449,
       0.96629449, 0.96629449, 0.96629449, 0.97136401, 0.97136401,
       0.97136401, 0.97136401, 0.97136401, 0.97136401, 0.97581053,
       0.98012884, 0.98012884, 0.98012884, 0.98012884, 0.98792956,
       0.98792956, 0.98792956, 0.98792956, 0.98792956, 0.98792956,
       0.99121696, 0.99121696, 0.99121696, 0.99121696, 0.99121696,
       0.99121696, 0.99121696, 0.99371303, 0.99371303, 0.99371303,
       0.99591443, 0.99798441, 0.99798441, 0.99798441, 0.99798441,
       0.99798441, 0.99949236, 0.99949236, 0.99949236, 0.99949236,
       0.99949236, 0.99949236, 0.99949236, 0.99949236, 0.99949236,
       0.99949236, 0.99949236, 0.99949236, 0.99972195, 0.99985899,
       1.        ])]","[array([0.        , 0.00434952, 0.01068801, 0.0140269 , 0.01683571,
       0.02646046, 0.0310844 , 0.04759522, 0.04759522, 0.05111271,
       0.05521804, 0.05984331, 0.06488296, 0.06488296, 0.06488296,
       0.06488296, 0.08442799, 0.08442799, 0.08442799, 0.10030574,
       0.1086202 , 0.11749954, 0.12644416, 0.13607853, 0.13607853,
       0.13607853, 0.15770436, 0.15770436, 0.18106223, 0.18106223,
       0.19341663, 0.20635413, 0.21973343, 0.21973343, 0.23400674,
       0.24876587, 0.24876587, 0.24876587, 0.24876587, 0.24876587,
       0.24876587, 0.24876587, 0.24876587, 0.24876587, 0.26701299,
       0.26701299, 0.26701299, 0.28665925, 0.28665925, 0.28665925,
       0.28665925, 0.28665925, 0.28665925, 0.28665925, 0.28665925,
       0.30993219, 0.33336064, 0.33336064, 0.33336064, 0.33336064,
       0.33336064, 0.33336064, 0.33336064, 0.33336064, 0.33336064,
       0.36049405, 0.36049405, 0.38861233, 0.44561957, 0.50330035,
       0.50330035, 0.50330035, 0.53349023, 0.53349023, 0.53349023,
       0.53349023, 0.56553019, 0.56553019, 0.56553019, 0.56553019,
       0.56553019, 0.56553019, 0.56553019, 0.60044474, 0.60044474,
       0.60044474, 0.60044474, 0.60044474, 0.63737774, 0.71229132,
       0.71229132, 0.71229132, 0.71229132, 0.71229132, 0.75175938,
       0.7917937 , 0.7917937 , 0.83267072, 0.8741398 , 0.91575257,
       1.        ]), array([0.        , 0.00390446, 0.00618761, 0.01274599, 0.01556877,
       0.02137601, 0.02137601, 0.02393674, 0.03036982, 0.03748408,
       0.04160996, 0.05041261, 0.07012497, 0.08581413, 0.08581413,
       0.09791521, 0.11134798, 0.11134798, 0.12612426, 0.13419938,
       0.13419938, 0.15166074, 0.1609218 , 0.17967748, 0.17967748,
       0.19002216, 0.20093506, 0.20093506, 0.2126361 , 0.2126361 ,
       0.22510433, 0.22510433, 0.22510433, 0.2387505 , 0.2387505 ,
       0.2387505 , 0.2387505 , 0.2387505 , 0.2545427 , 0.2709332 ,
       0.2709332 , 0.2709332 , 0.2709332 , 0.28895352, 0.28895352,
       0.28895352, 0.28895352, 0.28895352, 0.28895352, 0.30968354,
       0.30968354, 0.33106899, 0.33106899, 0.33106899, 0.33106899,
       0.35407188, 0.35407188, 0.35407188, 0.3783696 , 0.3783696 ,
       0.3783696 , 0.3783696 , 0.40435217, 0.40435217, 0.40435217,
       0.48633508, 0.48633508, 0.48633508, 0.48633508, 0.51555504,
       0.51555504, 0.51555504, 0.51555504, 0.51555504, 0.5466832 ,
       0.57825973, 0.57825973, 0.61092222, 0.64381093, 0.64381093,
       0.64381093, 0.64381093, 0.64381093, 0.64381093, 0.64381093,
       0.64381093, 0.64381093, 0.68060743, 0.75516561, 0.75516561,
       0.79312279, 0.79312279, 0.79312279, 0.83249094, 0.83249094,
       0.87264556, 0.87264556, 0.87264556, 0.87264556, 0.87264556,
       1.        ]), array([0.        , 0.00249549, 0.00696223, 0.00905475, 0.01162691,
       0.01351226, 0.01351226, 0.01605679, 0.01605679, 0.01912432,
       0.01912432, 0.02724839, 0.04053532, 0.04529426, 0.05027118,
       0.05027118, 0.05618801, 0.06240288, 0.06240288, 0.06926089,
       0.08388033, 0.10741493, 0.11543827, 0.1239469 , 0.13271069,
       0.13271069, 0.13271069, 0.14292711, 0.16369185, 0.16369185,
       0.16369185, 0.16369185, 0.16369185, 0.16369185, 0.16369185,
       0.17661005, 0.17661005, 0.17661005, 0.17661005, 0.17661005,
       0.19166734, 0.19166734, 0.19166734, 0.20785261, 0.20785261,
       0.20785261, 0.20785261, 0.20785261, 0.20785261, 0.22614056,
       0.22614056, 0.22614056, 0.26520389, 0.26520389, 0.26520389,
       0.28594099, 0.28594099, 0.28594099, 0.28594099, 0.30828154,
       0.30828154, 0.33112137, 0.33112137, 0.33112137, 0.33112137,
       0.33112137, 0.33112137, 0.33112137, 0.33112137, 0.33112137,
       0.33112137, 0.33112137, 0.33112137, 0.33112137, 0.35902959,
       0.38732497, 0.38732497, 0.38732497, 0.38732497, 0.38732497,
       0.38732497, 0.38732497, 0.38732497, 0.38732497, 0.38732497,
       0.41926938, 0.41926938, 0.41926938, 0.45239314, 0.45239314,
       0.45239314, 0.52102638, 0.52102638, 0.52102638, 0.59155668,
       0.62742196, 0.66345391, 0.70005814, 0.77362622, 0.81109939,
       1.        ]), array([0.        , 0.00214224, 0.00365686, 0.00750979, 0.01170154,
       0.01305061, 0.01486256, 0.01675379, 0.01675379, 0.02198152,
       0.02485841, 0.02485841, 0.02852692, 0.02852692, 0.02852692,
       0.03303859, 0.03767963, 0.03767963, 0.03767963, 0.04345678,
       0.04958469, 0.04958469, 0.05615285, 0.06992452, 0.08432894,
       0.09171478, 0.09964473, 0.10769694, 0.11615836, 0.11615836,
       0.12531197, 0.12531197, 0.13500096, 0.14515466, 0.14515466,
       0.14515466, 0.14515466, 0.15624463, 0.16763459, 0.16763459,
       0.16763459, 0.17994463, 0.17994463, 0.17994463, 0.22026705,
       0.23380922, 0.23380922, 0.24799372, 0.24799372, 0.24799372,
       0.24799372, 0.24799372, 0.24799372, 0.24799372, 0.26441128,
       0.26441128, 0.26441128, 0.26441128, 0.26441128, 0.26441128,
       0.26441128, 0.28314016, 0.28314016, 0.28314016, 0.28314016,
       0.28314016, 0.28314016, 0.28314016, 0.28314016, 0.28314016,
       0.28314016, 0.28314016, 0.28314016, 0.28314016, 0.28314016,
       0.30601971, 0.30601971, 0.30601971, 0.30601971, 0.33012464,
       0.33012464, 0.33012464, 0.33012464, 0.38082808, 0.40652823,
       0.40652823, 0.40652823, 0.43313117, 0.43313117, 0.43313117,
       0.46067932, 0.46067932, 0.46067932, 0.46067932, 0.5470962 ,
       0.57605417, 0.6347613 , 0.69421997, 0.72426305, 0.75442329,
       1.        ]), array([0.        , 0.00410191, 0.007397  , 0.01235423, 0.01511709,
       0.01688905, 0.02318841, 0.02579907, 0.03149537, 0.03810286,
       0.03810286, 0.05014644, 0.05014644, 0.05994528, 0.07022336,
       0.07022336, 0.07022336, 0.0829077 , 0.08973026, 0.11123597,
       0.11898753, 0.12694767, 0.14358324, 0.14358324, 0.14358324,
       0.14358324, 0.14358324, 0.14358324, 0.14358324, 0.14358324,
       0.14358324, 0.14358324, 0.14358324, 0.14358324, 0.14358324,
       0.14358324, 0.18464774, 0.18464774, 0.19935196, 0.21412443,
       0.22962044, 0.26108856, 0.26108856, 0.29413574, 0.32819234,
       0.32819234, 0.32819234, 0.34640838, 0.34640838, 0.34640838,
       0.34640838, 0.34640838, 0.34640838, 0.36669432, 0.36669432,
       0.36669432, 0.36669432, 0.36669432, 0.36669432, 0.38926175,
       0.41229875, 0.41229875, 0.41229875, 0.41229875, 0.46143394,
       0.46143394, 0.46143394, 0.46143394, 0.46143394, 0.46143394,
       0.48824629, 0.48824629, 0.48824629, 0.48824629, 0.48824629,
       0.48824629, 0.48824629, 0.51795662, 0.51795662, 0.51795662,
       0.54874607, 0.58001679, 0.58001679, 0.58001679, 0.58001679,
       0.58001679, 0.61334576, 0.61334576, 0.61334576, 0.61334576,
       0.61334576, 0.61334576, 0.61334576, 0.61334576, 0.61334576,
       0.61334576, 0.61334576, 0.61334576, 0.6513563 , 0.68970575,
       1.        ])]",0.0097576983218757,0.0093196946762172,0.010942933251293,0.0037566560960911,"[{'lambda_reg': 6.046355219447425e-05, 'gamma': 0.045882932781700615}, {'lambda_reg': 0.00159870673991438, 'gamma': 0.1311624343307393}, {'lambda_reg': 0.0040416495111013015, 'gamma': 0.12866835393609832}, {'lambda_reg': 0.008362242922552854, 'gamma': 0.22852987717763545}, {'lambda_reg': 9.784243626400352e-05, 'gamma': 0.21683606401854122}]",600,3,rbf,162
"[np.float64(0.07119958760820207), np.float64(0.10206346342519354), np.float64(0.10249622317292699), np.float64(0.05543144974235999), np.float64(0.08330788957546129)]",0.0828997227048287,0.0181264313642141,"[np.float64(0.8162459863787938), np.float64(0.8441291431785152), np.float64(0.8171169775502275), np.float64(0.8334587035459308), np.float64(0.8524636047346779)]",0.8326828830776289,0.0143900292212766,"[np.float64(0.9596149312246813), np.float64(0.7943508045390906), np.float64(0.9379317618800851), np.float64(0.9677528884809392), np.float64(0.9382631326720575)]",0.9195827037593708,0.0637049776274069,"[array([0.        , 0.01888881, 0.33819716, 0.37533965, 0.37533965,
       0.42991126, 0.44795934, 0.48350803, 0.48350803, 0.51843211,
       0.51843211, 0.51843211, 0.56918341, 0.58582112, 0.61884664,
       0.63509913, 0.63509913, 0.63509913, 0.65074528, 0.66627843,
       0.69695721, 0.71218221, 0.71218221, 0.72703338, 0.72703338,
       0.74144134, 0.76970632, 0.78374551, 0.78374551, 0.78374551,
       0.78374551, 0.78374551, 0.78374551, 0.7967158 , 0.80947307,
       0.80947307, 0.80947307, 0.80947307, 0.82130856, 0.83310553,
       0.83310553, 0.83310553, 0.83310553, 0.84409545, 0.85484365,
       0.86537331, 0.86537331, 0.88567766, 0.88567766, 0.90536395,
       0.91503384, 0.91503384, 0.91503384, 0.91503384, 0.91503384,
       0.91503384, 0.91503384, 0.91503384, 0.91503384, 0.91503384,
       0.92271203, 0.92271203, 0.93008156, 0.93008156, 0.93008156,
       0.9436175 , 0.9436175 , 0.95001844, 0.95628767, 0.95628767,
       0.95628767, 0.95628767, 0.95628767, 0.95628767, 0.95628767,
       0.96601526, 0.970683  , 0.97522858, 0.97522858, 0.97522858,
       0.97522858, 0.97522858, 0.97874224, 0.97874224, 0.98186275,
       0.98186275, 0.98463449, 0.98463449, 0.98463449, 0.98902186,
       0.98902186, 0.99081631, 0.99411154, 0.99411154, 0.99534584,
       0.99534584, 0.996129  , 0.99739929, 0.99872602, 0.99922662,
       1.        ]), array([0.        , 0.        , 0.        , 0.        , 0.        ,
       0.        , 0.        , 0.        , 0.        , 0.        ,
       0.        , 0.        , 0.        , 0.        , 0.01373178,
       0.01373178, 0.17410844, 0.21361013, 0.22667247, 0.30402716,
       0.32957306, 0.36714901, 0.39200007, 0.44099362, 0.45301511,
       0.47679661, 0.47679661, 0.48845907, 0.51148231, 0.52273564,
       0.55610356, 0.58891162, 0.58891162, 0.61028847, 0.62077014,
       0.62077014, 0.65130862, 0.65130862, 0.65130862, 0.66107332,
       0.67060024, 0.68939882, 0.68939882, 0.71670523, 0.71670523,
       0.73437482, 0.74301424, 0.7514326 , 0.75969305, 0.76786563,
       0.77583266, 0.78360025, 0.79120611, 0.79863311, 0.79863311,
       0.79863311, 0.80570774, 0.81263115, 0.83284888, 0.8393676 ,
       0.84573857, 0.85203796, 0.86420047, 0.87016965, 0.88175249,
       0.88175249, 0.88719307, 0.88719307, 0.88719307, 0.90211529,
       0.91181397, 0.91181397, 0.91181397, 0.92044337, 0.92886003,
       0.93283762, 0.94044842, 0.95533136, 0.95533136, 0.9654904 ,
       0.96867841, 0.97175339, 0.97175339, 0.97175339, 0.97437799,
       0.97926543, 0.98612488, 0.98612488, 0.99215535, 0.99391552,
       0.99558147, 0.99701132, 0.99701132, 0.99813453, 0.99909675,
       1.        , 1.        , 1.        , 1.        , 1.        ,
       1.        ]), array([0.        , 0.03340573, 0.19956544, 0.31465644, 0.39592031,
       0.42805931, 0.44403901, 0.44403901, 0.50633679, 0.53718401,
       0.53718401, 0.53718401, 0.53718401, 0.55191629, 0.55191629,
       0.58061   , 0.60906443, 0.60906443, 0.60906443, 0.63664606,
       0.66366806, 0.66366806, 0.67684264, 0.67684264, 0.68977531,
       0.68977531, 0.70236117, 0.72718216, 0.73941263, 0.73941263,
       0.75128443, 0.7629258 , 0.7629258 , 0.7629258 , 0.77405001,
       0.77405001, 0.77405001, 0.77405001, 0.77405001, 0.77405001,
       0.77405001, 0.77405001, 0.78397678, 0.79366484, 0.83165922,
       0.83165922, 0.8407731 , 0.84975817, 0.84975817, 0.85839473,
       0.86692808, 0.87534629, 0.87534629, 0.87534629, 0.87534629,
       0.88293203, 0.89804625, 0.90537075, 0.90537075, 0.90537075,
       0.90537075, 0.91202002, 0.91854297, 0.92488964, 0.93103486,
       0.9370206 , 0.9370206 , 0.9370206 , 0.95367376, 0.95367376,
       0.95881525, 0.95881525, 0.95881525, 0.95881525, 0.95881525,
       0.96314997, 0.96314997, 0.96314997, 0.96314997, 0.96314997,
       0.96659835, 0.96988364, 0.96988364, 0.97280244, 0.97280244,
       0.97538326, 0.97538326, 0.98215936, 0.98215936, 0.98405127,
       0.98405127, 0.98564143, 0.98564143, 0.98698768, 0.99256436,
       0.99352352, 0.99724175, 0.99838647, 0.99838647, 0.99945132,
       1.        ]), array([0.        , 0.0172784 , 0.20590805, 0.34191364, 0.4594926 ,
       0.54275055, 0.59210894, 0.60840018, 0.62447309, 0.62447309,
       0.67186697, 0.6875488 , 0.70292877, 0.73334206, 0.73334206,
       0.73334206, 0.74806514, 0.7772322 , 0.7772322 , 0.7915123 ,
       0.7915123 , 0.81921516, 0.8329406 , 0.8329406 , 0.8329406 ,
       0.8460496 , 0.8460496 , 0.8460496 , 0.8460496 , 0.8460496 ,
       0.85830251, 0.87047109, 0.87047109, 0.87047109, 0.87047109,
       0.87047109, 0.87047109, 0.87047109, 0.88136073, 0.88136073,
       0.90232743, 0.90232743, 0.90232743, 0.90232743, 0.91211191,
       0.91211191, 0.91211191, 0.91211191, 0.91211191, 0.91211191,
       0.91211191, 0.91211191, 0.92061078, 0.92061078, 0.92061078,
       0.93642366, 0.93642366, 0.93642366, 0.93642366, 0.93642366,
       0.94346635, 0.94346635, 0.94346635, 0.94346635, 0.94346635,
       0.94968681, 0.94968681, 0.94968681, 0.94968681, 0.94968681,
       0.94968681, 0.95485198, 0.95485198, 0.95485198, 0.95485198,
       0.95485198, 0.95485198, 0.95485198, 0.96669352, 0.97424147,
       0.97424147, 0.977683  , 0.977683  , 0.977683  , 0.977683  ,
       0.977683  , 0.98021895, 0.98499932, 0.98499932, 0.98707468,
       0.988913  , 0.99229338, 0.99229338, 0.99363674, 0.99477377,
       0.99477377, 0.99636963, 0.99772219, 0.99913334, 0.99936872,
       1.        ]), array([0.        , 0.        , 0.13240447, 0.2476591 , 0.31271473,
       0.37711378, 0.39296037, 0.40876638, 0.43984179, 0.43984179,
       0.47032461, 0.48535067, 0.53023382, 0.57458266, 0.58911658,
       0.58911658, 0.58911658, 0.58911658, 0.60305339, 0.63056846,
       0.64417476, 0.67106512, 0.68433927, 0.71042955, 0.73624777,
       0.76168813, 0.76168813, 0.76168813, 0.76168813, 0.76168813,
       0.77352359, 0.77352359, 0.78499766, 0.78499766, 0.78499766,
       0.79601178, 0.82853598, 0.82853598, 0.82853598, 0.82853598,
       0.82853598, 0.82853598, 0.84824905, 0.84824905, 0.8577217 ,
       0.8577217 , 0.8577217 , 0.8577217 , 0.8577217 , 0.86646699,
       0.86646699, 0.87482724, 0.88295338, 0.8910007 , 0.8910007 ,
       0.8910007 , 0.89852266, 0.89852266, 0.89852266, 0.90549302,
       0.90549302, 0.91214746, 0.91214746, 0.924712  , 0.924712  ,
       0.924712  , 0.9306032 , 0.9306032 , 0.94160873, 0.95237337,
       0.95237337, 0.95237337, 0.95710091, 0.95710091, 0.96151937,
       0.9658729 , 0.96992936, 0.97391868, 0.97391868, 0.97391868,
       0.97391868, 0.9772747 , 0.9772747 , 0.9772747 , 0.9772747 ,
       0.97984309, 0.97984309, 0.97984309, 0.98199922, 0.98585181,
       0.9875765 , 0.9875765 , 0.98893303, 0.98893303, 0.98893303,
       0.98988851, 0.99450607, 0.99566323, 0.99685323, 0.99966597,
       1.        ])]","[array([0.00000000e+00, 1.45352675e-04, 4.01375033e-03, 4.79713236e-03,
       4.79713236e-03, 6.85816624e-03, 7.65567878e-03, 9.67538678e-03,
       9.67538678e-03, 1.21796139e-02, 1.21796139e-02, 1.21796139e-02,
       1.72040933e-02, 1.90956447e-02, 2.30726009e-02, 2.52629704e-02,
       2.52629704e-02, 2.52629704e-02, 2.79236921e-02, 3.06720619e-02,
       3.64693987e-02, 3.94568023e-02, 3.94568023e-02, 4.27341905e-02,
       4.27341905e-02, 4.63553836e-02, 5.40251319e-02, 5.79323789e-02,
       5.79323789e-02, 5.79323789e-02, 5.79323789e-02, 5.79323789e-02,
       5.79323789e-02, 6.26687830e-02, 6.75704317e-02, 6.75704317e-02,
       6.75704317e-02, 6.75704317e-02, 7.31871089e-02, 7.88336660e-02,
       7.88336660e-02, 7.88336660e-02, 7.88336660e-02, 8.51062645e-02,
       9.15663580e-02, 9.81959812e-02, 9.81959812e-02, 1.12040870e-01,
       1.12040870e-01, 1.26365181e-01, 1.33661742e-01, 1.33661742e-01,
       1.33661742e-01, 1.33661742e-01, 1.33661742e-01, 1.33661742e-01,
       1.33661742e-01, 1.33661742e-01, 1.33661742e-01, 1.33661742e-01,
       1.42503274e-01, 1.42503274e-01, 1.51584236e-01, 1.51584236e-01,
       1.51584236e-01, 1.70679439e-01, 1.70679439e-01, 1.80511742e-01,
       1.90446223e-01, 1.90446223e-01, 1.90446223e-01, 1.90446223e-01,
       1.90446223e-01, 1.90446223e-01, 1.90446223e-01, 2.12495590e-01,
       2.23672365e-01, 2.34943893e-01, 2.34943893e-01, 2.34943893e-01,
       2.34943893e-01, 2.34943893e-01, 2.47015885e-01, 2.47015885e-01,
       2.59392854e-01, 2.59392854e-01, 2.72040371e-01, 2.72040371e-01,
       2.72040371e-01, 2.98232195e-01, 2.98232195e-01, 3.11637802e-01,
       3.38676814e-01, 3.38676814e-01, 3.52516928e-01, 3.52516928e-01,
       3.66707006e-01, 3.95316783e-01, 4.38680348e-01, 4.67887179e-01,
       1.00000000e+00]), array([0.        , 0.        , 0.        , 0.        , 0.        ,
       0.        , 0.        , 0.        , 0.        , 0.        ,
       0.        , 0.        , 0.        , 0.        , 0.0023072 ,
       0.0023072 , 0.03491045, 0.04372262, 0.0467771 , 0.06624184,
       0.07299687, 0.08395869, 0.09148935, 0.10734163, 0.11155798,
       0.12028256, 0.12028256, 0.12489968, 0.13447069, 0.13954452,
       0.15520364, 0.17148772, 0.17148772, 0.18289655, 0.18883175,
       0.18883175, 0.20764931, 0.20764931, 0.20764931, 0.21438485,
       0.22138581, 0.23567268, 0.23567268, 0.2580981 , 0.2580981 ,
       0.27364524, 0.28163689, 0.28987531, 0.29829   , 0.30680278,
       0.31554501, 0.32450987, 0.33365526, 0.3430003 , 0.3430003 ,
       0.3430003 , 0.3527387 , 0.36264589, 0.3929842 , 0.40334313,
       0.413867  , 0.42447076, 0.44616529, 0.45713766, 0.47947925,
       0.47947925, 0.49104169, 0.49104169, 0.49104169, 0.52729124,
       0.55173607, 0.55173607, 0.55173607, 0.5773745 , 0.60325042,
       0.61644594, 0.64322142, 0.6971504 , 0.6971504 , 0.73871694,
       0.75279385, 0.76699694, 0.76699694, 0.76699694, 0.78170277,
       0.81151825, 0.85676803, 0.85676803, 0.90294318, 0.91861395,
       0.93438989, 0.95042939, 0.95042939, 0.96681118, 0.98337267,
       1.        , 1.        , 1.        , 1.        , 1.        ,
       1.        ]), array([0.00000000e+00, 2.85942156e-04, 2.56598987e-03, 5.35668834e-03,
       8.27381448e-03, 9.79936661e-03, 1.06500240e-02, 1.06500240e-02,
       1.56389590e-02, 1.84286448e-02, 1.84286448e-02, 1.84286448e-02,
       1.84286448e-02, 2.05000195e-02, 2.05000195e-02, 2.53971036e-02,
       3.05283490e-02, 3.05283490e-02, 3.05283490e-02, 3.65137156e-02,
       4.30467342e-02, 4.30467342e-02, 4.66424533e-02, 4.66424533e-02,
       5.04749123e-02, 5.04749123e-02, 5.46467555e-02, 6.33336533e-02,
       6.78532846e-02, 6.78532846e-02, 7.27238988e-02, 7.78200073e-02,
       7.78200073e-02, 7.78200073e-02, 8.34222088e-02, 8.34222088e-02,
       8.34222088e-02, 8.34222088e-02, 8.34222088e-02, 8.34222088e-02,
       8.34222088e-02, 8.34222088e-02, 9.01962198e-02, 9.72038282e-02,
       1.25975894e-01, 1.25975894e-01, 1.33545387e-01, 1.41240944e-01,
       1.41240944e-01, 1.49277539e-01, 1.57415140e-01, 1.65665412e-01,
       1.65665412e-01, 1.65665412e-01, 1.65665412e-01, 1.74730337e-01,
       1.92916215e-01, 2.02236779e-01, 2.02236779e-01, 2.02236779e-01,
       2.02236779e-01, 2.12218127e-01, 2.22323089e-01, 2.32600552e-01,
       2.43075158e-01, 2.53705832e-01, 2.53705832e-01, 2.53705832e-01,
       2.86873993e-01, 2.86873993e-01, 2.98330840e-01, 2.98330840e-01,
       2.98330840e-01, 2.98330840e-01, 2.98330840e-01, 3.10577181e-01,
       3.10577181e-01, 3.10577181e-01, 3.10577181e-01, 3.10577181e-01,
       3.23690897e-01, 3.36964205e-01, 3.36964205e-01, 3.50596165e-01,
       3.50596165e-01, 3.64558861e-01, 3.64558861e-01, 4.07392642e-01,
       4.07392642e-01, 4.22029501e-01, 4.22029501e-01, 4.36961653e-01,
       4.36961653e-01, 4.52132501e-01, 5.29116558e-01, 5.44666204e-01,
       6.23468937e-01, 6.55325273e-01, 6.55325273e-01, 7.20236302e-01,
       1.00000000e+00]), array([0.00000000e+00, 1.36426653e-04, 2.95007787e-03, 6.07731508e-03,
       1.01203150e-02, 1.36743913e-02, 1.63533297e-02, 1.73943536e-02,
       1.86354450e-02, 1.86354450e-02, 2.31145839e-02, 2.47140475e-02,
       2.65901250e-02, 3.06599395e-02, 3.06599395e-02, 3.06599395e-02,
       3.31379567e-02, 3.83497595e-02, 3.83497595e-02, 4.12337209e-02,
       4.12337209e-02, 4.77872542e-02, 5.11794752e-02, 5.11794752e-02,
       5.11794752e-02, 5.51365832e-02, 5.51365832e-02, 5.51365832e-02,
       5.51365832e-02, 5.51365832e-02, 5.98781720e-02, 6.46970373e-02,
       6.46970373e-02, 6.46970373e-02, 6.46970373e-02, 6.46970373e-02,
       6.46970373e-02, 6.46970373e-02, 7.06878730e-02, 7.06878730e-02,
       8.34141611e-02, 8.34141611e-02, 8.34141611e-02, 8.34141611e-02,
       9.04177167e-02, 9.04177167e-02, 9.04177167e-02, 9.04177167e-02,
       9.04177167e-02, 9.04177167e-02, 9.04177167e-02, 9.04177167e-02,
       9.85993605e-02, 9.85993605e-02, 9.85993605e-02, 1.16048401e-01,
       1.16048401e-01, 1.16048401e-01, 1.16048401e-01, 1.16048401e-01,
       1.25564427e-01, 1.25564427e-01, 1.25564427e-01, 1.25564427e-01,
       1.25564427e-01, 1.35833917e-01, 1.35833917e-01, 1.35833917e-01,
       1.35833917e-01, 1.35833917e-01, 1.35833917e-01, 1.47070432e-01,
       1.47070432e-01, 1.47070432e-01, 1.47070432e-01, 1.47070432e-01,
       1.47070432e-01, 1.47070432e-01, 1.84128318e-01, 2.09151016e-01,
       2.09151016e-01, 2.21966997e-01, 2.21966997e-01, 2.21966997e-01,
       2.21966997e-01, 2.21966997e-01, 2.35612824e-01, 2.63171625e-01,
       2.63171625e-01, 2.77239513e-01, 2.91524619e-01, 3.20366310e-01,
       3.20366310e-01, 3.35104978e-01, 3.50032711e-01, 3.50032711e-01,
       3.80509663e-01, 4.11209569e-01, 4.57825458e-01, 4.73579433e-01,
       1.00000000e+00]), array([0.        , 0.        , 0.00233916, 0.00497235, 0.00726394,
       0.01019801, 0.01117928, 0.01220024, 0.01476729, 0.01476729,
       0.0179142 , 0.01969839, 0.0252418 , 0.03130805, 0.03357383,
       0.03357383, 0.03357383, 0.03357383, 0.03642389, 0.0424749 ,
       0.04564839, 0.05231069, 0.0558092 , 0.06325442, 0.07096587,
       0.07904707, 0.07904707, 0.07904707, 0.07904707, 0.07904707,
       0.08395341, 0.08395341, 0.08921339, 0.08921339, 0.08921339,
       0.09492344, 0.11256066, 0.11256066, 0.11256066, 0.11256066,
       0.11256066, 0.11256066, 0.12624628, 0.12624628, 0.13346474,
       0.13346474, 0.13346474, 0.13346474, 0.13346474, 0.14139495,
       0.14139495, 0.14970194, 0.15823803, 0.16685124, 0.16685124,
       0.16685124, 0.17597854, 0.17597854, 0.17597854, 0.1856456 ,
       0.1856456 , 0.19562182, 0.19562182, 0.2163026 , 0.2163026 ,
       0.2163026 , 0.22702568, 0.22702568, 0.24923203, 0.27167411,
       0.27167411, 0.27167411, 0.28353587, 0.28353587, 0.2957001 ,
       0.30792786, 0.32044631, 0.33303046, 0.33303046, 0.33303046,
       0.33303046, 0.34623433, 0.34623433, 0.34623433, 0.34623433,
       0.36020892, 0.36020892, 0.36020892, 0.37458694, 0.40379278,
       0.41859297, 0.41859297, 0.43375344, 0.43375344, 0.43375344,
       0.44930634, 0.54371518, 0.57555862, 0.62385782, 0.78598431,
       1.        ])]",0.0264123912629906,0.0077268487087126,0.0114002610047409,0.0130274978654109,"[{'lambda_reg': 0.00018108731975799474, 'gamma': 0.016126945906349686, 'degree': 6, 'coef0': 1.5916648486262508}, {'lambda_reg': 0.030920116515897416, 'gamma': 0.19127064442209624, 'degree': 4, 'coef0': 1.9955110668278486}, {'lambda_reg': 0.0004135292037284999, 'gamma': 0.004590071760551614, 'degree': 4, 'coef0': 1.9578515520800281}, {'lambda_reg': 0.04759008881653765, 'gamma': 0.10777407273661076, 'degree': 3, 'coef0': 1.6110719616664997}, {'lambda_reg': 0.004605568138049909, 'gamma': 0.027122525395835314, 'degree': 3, 'coef0': 0.8905978093939182}]",600,1,polynomial,153
"[np.float64(0.2564355720325682), np.float64(0.23719827887701642), np.float64(0.23383439985308524), np.float64(0.24151532889982952), np.float64(0.2440945992370453)]",0.2426156357799089,0.0077568873445644,"[np.float64(0.541251454566269), np.float64(0.5651548494028861), np.float64(0.6307412142609874), np.float64(0.6018627447248593), np.float64(0.5015685391571576)]",0.568115760422432,0.045210169208535,"[np.float64(0.6204790217025717), np.float64(0.6125533936595484), np.float64(0.5988421858688524), np.float64(0.6050590211296564), np.float64(0.6210208346457777)]",0.6115908914012813,0.0086492071595289,"[array([0.        , 0.        , 0.        , 0.        , 0.        ,
       0.        , 0.        , 0.        , 0.        , 0.        ,
       0.        , 0.        , 0.        , 0.        , 0.        ,
       0.        , 0.        , 0.        , 0.        , 0.        ,
       0.        , 0.        , 0.        , 0.        , 0.        ,
       0.        , 0.        , 0.        , 0.        , 0.        ,
       0.01394889, 0.01394889, 0.01394889, 0.01394889, 0.01394889,
       0.01394889, 0.02667955, 0.02667955, 0.05135051, 0.06355935,
       0.06355935, 0.07523056, 0.08675585, 0.10958078, 0.13197063,
       0.14293737, 0.18618989, 0.20734164, 0.22815684, 0.27909457,
       0.31902784, 0.34821097, 0.36745686, 0.4332362 , 0.45153931,
       0.4875552 , 0.52259404, 0.54844065, 0.58199377, 0.63939505,
       0.68744241, 0.72636462, 0.74903857, 0.77875262, 0.80769169,
       0.82877472, 0.86280872, 0.86949361, 0.90154772, 0.91401946,
       0.93232097, 0.93232097, 0.93797263, 0.94893055, 0.96451205,
       0.96960494, 0.97439738, 0.98833317, 0.98833317, 0.98833317,
       0.99239446, 1.        , 1.        , 1.        , 1.        ,
       1.        , 1.        , 1.        , 1.        , 1.        ,
       1.        , 1.        , 1.        , 1.        , 1.        ,
       1.        , 1.        , 1.        , 1.        , 1.        ,
       1.        ]), array([0.        , 0.        , 0.        , 0.        , 0.        ,
       0.        , 0.        , 0.        , 0.        , 0.        ,
       0.        , 0.        , 0.        , 0.        , 0.        ,
       0.        , 0.        , 0.        , 0.        , 0.        ,
       0.        , 0.        , 0.        , 0.        , 0.        ,
       0.        , 0.        , 0.        , 0.        , 0.        ,
       0.        , 0.        , 0.        , 0.        , 0.01373069,
       0.01373069, 0.02700641, 0.02700641, 0.02700641, 0.02700641,
       0.02700641, 0.05138644, 0.05138644, 0.07501158, 0.08664183,
       0.0980385 , 0.15380381, 0.16482393, 0.17568171, 0.20745233,
       0.23864015, 0.25885588, 0.26882653, 0.34690951, 0.3754443 ,
       0.42208613, 0.44042424, 0.46732819, 0.51103119, 0.54498096,
       0.59463347, 0.61896374, 0.6581029 , 0.71215475, 0.76457171,
       0.81574746, 0.84405832, 0.87172319, 0.88505739, 0.89798535,
       0.91051593, 0.93492169, 0.9407821 , 0.96351911, 0.96892699,
       0.96892699, 0.97391881, 0.97865031, 0.98782267, 0.99223153,
       0.99645854, 0.99645854, 0.99645854, 1.        , 1.        ,
       1.        , 1.        , 1.        , 1.        , 1.        ,
       1.        , 1.        , 1.        , 1.        , 1.        ,
       1.        , 1.        , 1.        , 1.        , 1.        ,
       1.        ]), array([0.        , 0.        , 0.        , 0.        , 0.        ,
       0.        , 0.        , 0.        , 0.        , 0.        ,
       0.        , 0.        , 0.        , 0.        , 0.        ,
       0.        , 0.        , 0.        , 0.        , 0.        ,
       0.        , 0.        , 0.        , 0.        , 0.        ,
       0.        , 0.        , 0.        , 0.        , 0.        ,
       0.        , 0.        , 0.        , 0.        , 0.        ,
       0.        , 0.        , 0.0124186 , 0.0124186 , 0.0124186 ,
       0.02421713, 0.03588036, 0.03588036, 0.04709872, 0.0912392 ,
       0.12402452, 0.16666938, 0.18766864, 0.2083308 , 0.21846324,
       0.2581283 , 0.2774727 , 0.31568366, 0.34382849, 0.37136691,
       0.42503241, 0.49503528, 0.53766694, 0.5881082 , 0.62081606,
       0.70046652, 0.73936339, 0.78500917, 0.81433979, 0.86477021,
       0.88580404, 0.89943572, 0.89943572, 0.90586657, 0.92439279,
       0.93046181, 0.94792378, 0.96468716, 0.97545625, 0.98587472,
       0.99078962, 0.99078962, 1.        , 1.        , 1.        ,
       1.        , 1.        , 1.        , 1.        , 1.        ,
       1.        , 1.        , 1.        , 1.        , 1.        ,
       1.        , 1.        , 1.        , 1.        , 1.        ,
       1.        , 1.        , 1.        , 1.        , 1.        ,
       1.        ]), array([0.        , 0.        , 0.        , 0.        , 0.        ,
       0.        , 0.        , 0.        , 0.        , 0.        ,
       0.        , 0.        , 0.        , 0.        , 0.        ,
       0.        , 0.        , 0.        , 0.        , 0.        ,
       0.        , 0.        , 0.        , 0.        , 0.        ,
       0.        , 0.        , 0.        , 0.        , 0.        ,
       0.        , 0.01318421, 0.01318421, 0.01318421, 0.01318421,
       0.01318421, 0.02525576, 0.02525576, 0.03704339, 0.03704339,
       0.03704339, 0.04831163, 0.04831163, 0.11326343, 0.14527138,
       0.17680379, 0.18698237, 0.23743562, 0.25708287, 0.30574775,
       0.33415479, 0.3993409 , 0.43588099, 0.47178978, 0.53299147,
       0.56723988, 0.58406561, 0.65804668, 0.697873  , 0.71351408,
       0.75163004, 0.78155226, 0.80325324, 0.83856734, 0.86603956,
       0.8727393 , 0.87924701, 0.9107517 , 0.93515818, 0.94702636,
       0.9585351 , 0.96961728, 0.98583819, 0.99096873, 0.99096873,
       0.99096873, 0.99566327, 1.        , 1.        , 1.        ,
       1.        , 1.        , 1.        , 1.        , 1.        ,
       1.        , 1.        , 1.        , 1.        , 1.        ,
       1.        , 1.        , 1.        , 1.        , 1.        ,
       1.        , 1.        , 1.        , 1.        , 1.        ,
       1.        ]), array([0.        , 0.        , 0.        , 0.        , 0.        ,
       0.        , 0.        , 0.        , 0.        , 0.        ,
       0.        , 0.        , 0.        , 0.        , 0.        ,
       0.        , 0.        , 0.        , 0.        , 0.        ,
       0.        , 0.        , 0.        , 0.        , 0.        ,
       0.        , 0.        , 0.        , 0.        , 0.        ,
       0.        , 0.        , 0.        , 0.        , 0.        ,
       0.        , 0.        , 0.        , 0.03806898, 0.05058259,
       0.06290717, 0.09914695, 0.09914695, 0.09914695, 0.13356833,
       0.13356833, 0.13356833, 0.14443617, 0.17632394, 0.22853194,
       0.27982017, 0.28992251, 0.34917613, 0.37800889, 0.4253593 ,
       0.46227175, 0.48934018, 0.54252087, 0.60304891, 0.61991105,
       0.64452365, 0.66843351, 0.6842678 , 0.72251387, 0.75963295,
       0.78143721, 0.80944525, 0.84345644, 0.86336911, 0.90818381,
       0.91444398, 0.92655534, 0.94985002, 0.95550961, 0.96086676,
       0.97141395, 0.97141395, 0.98107311, 0.98107311, 0.98534876,
       0.98534876, 0.98937357, 0.99308926, 0.99657768, 1.        ,
       1.        , 1.        , 1.        , 1.        , 1.        ,
       1.        , 1.        , 1.        , 1.        , 1.        ,
       1.        , 1.        , 1.        , 1.        , 1.        ,
       1.        ])]","[array([0.        , 0.        , 0.        , 0.        , 0.        ,
       0.        , 0.        , 0.        , 0.        , 0.        ,
       0.        , 0.        , 0.        , 0.        , 0.        ,
       0.        , 0.        , 0.        , 0.        , 0.        ,
       0.        , 0.        , 0.        , 0.        , 0.        ,
       0.        , 0.        , 0.        , 0.        , 0.        ,
       0.00423974, 0.00423974, 0.00423974, 0.00423974, 0.00423974,
       0.00423974, 0.00936753, 0.00936753, 0.02019927, 0.02570745,
       0.02570745, 0.03160756, 0.03761404, 0.04979149, 0.0622861 ,
       0.06869974, 0.09480224, 0.1081994 , 0.12184189, 0.15675018,
       0.18527233, 0.20722293, 0.22200941, 0.2749148 , 0.29038854,
       0.32176635, 0.35385641, 0.37823926, 0.41141237, 0.47042515,
       0.52184858, 0.56551588, 0.59221151, 0.62818321, 0.66471985,
       0.69257523, 0.73980591, 0.74934092, 0.7980149 , 0.81773955,
       0.84762259, 0.84762259, 0.85791079, 0.87873899, 0.91060484,
       0.92130037, 0.93221493, 0.96528046, 0.96528046, 0.96528046,
       0.976728  , 1.        , 1.        , 1.        , 1.        ,
       1.        , 1.        , 1.        , 1.        , 1.        ,
       1.        , 1.        , 1.        , 1.        , 1.        ,
       1.        , 1.        , 1.        , 1.        , 1.        ,
       1.        ]), array([0.        , 0.        , 0.        , 0.        , 0.        ,
       0.        , 0.        , 0.        , 0.        , 0.        ,
       0.        , 0.        , 0.        , 0.        , 0.        ,
       0.        , 0.        , 0.        , 0.        , 0.        ,
       0.        , 0.        , 0.        , 0.        , 0.        ,
       0.        , 0.        , 0.        , 0.        , 0.        ,
       0.        , 0.        , 0.        , 0.        , 0.00464015,
       0.00464015, 0.00959162, 0.00959162, 0.00959162, 0.00959162,
       0.00959162, 0.02098035, 0.02098035, 0.03288563, 0.03896303,
       0.04520025, 0.07721981, 0.08371469, 0.09032065, 0.1106878 ,
       0.13145374, 0.14569193, 0.15290491, 0.21175988, 0.23434118,
       0.27260354, 0.28812651, 0.31182372, 0.35209701, 0.38500855,
       0.43524632, 0.46070459, 0.50410072, 0.56536369, 0.62774535,
       0.69097631, 0.72774631, 0.76495833, 0.78390526, 0.80313018,
       0.82262699, 0.86206908, 0.87209454, 0.91267848, 0.92301358,
       0.92301358, 0.93363337, 0.94443129, 0.96622599, 0.97724468,
       0.98838779, 0.98838779, 0.98838779, 1.        , 1.        ,
       1.        , 1.        , 1.        , 1.        , 1.        ,
       1.        , 1.        , 1.        , 1.        , 1.        ,
       1.        , 1.        , 1.        , 1.        , 1.        ,
       1.        ]), array([0.        , 0.        , 0.        , 0.        , 0.        ,
       0.        , 0.        , 0.        , 0.        , 0.        ,
       0.        , 0.        , 0.        , 0.        , 0.        ,
       0.        , 0.        , 0.        , 0.        , 0.        ,
       0.        , 0.        , 0.        , 0.        , 0.        ,
       0.        , 0.        , 0.        , 0.        , 0.        ,
       0.        , 0.        , 0.        , 0.        , 0.        ,
       0.        , 0.        , 0.00532684, 0.00532684, 0.00532684,
       0.01111002, 0.01699275, 0.01699275, 0.0232029 , 0.04858287,
       0.06785338, 0.09433403, 0.10781219, 0.12153843, 0.12854773,
       0.15722133, 0.17191736, 0.20166107, 0.22434667, 0.24747856,
       0.29478099, 0.35899243, 0.39994892, 0.44962419, 0.48341782,
       0.56946151, 0.61316658, 0.666371  , 0.70265007, 0.76679943,
       0.79471828, 0.81361851, 0.81361851, 0.82335194, 0.85311623,
       0.86311595, 0.89366345, 0.92472507, 0.94573198, 0.96699691,
       0.97784599, 0.97784599, 1.        , 1.        , 1.        ,
       1.        , 1.        , 1.        , 1.        , 1.        ,
       1.        , 1.        , 1.        , 1.        , 1.        ,
       1.        , 1.        , 1.        , 1.        , 1.        ,
       1.        , 1.        , 1.        , 1.        , 1.        ,
       1.        ]), array([0.        , 0.        , 0.        , 0.        , 0.        ,
       0.        , 0.        , 0.        , 0.        , 0.        ,
       0.        , 0.        , 0.        , 0.        , 0.        ,
       0.        , 0.        , 0.        , 0.        , 0.        ,
       0.        , 0.        , 0.        , 0.        , 0.        ,
       0.        , 0.        , 0.        , 0.        , 0.        ,
       0.        , 0.0044886 , 0.0044886 , 0.0044886 , 0.0044886 ,
       0.0044886 , 0.00985909, 0.00985909, 0.0154546 , 0.0154546 ,
       0.0154546 , 0.02146178, 0.02146178, 0.05961122, 0.07905683,
       0.09887935, 0.10575017, 0.14045273, 0.15475704, 0.19087703,
       0.21317667, 0.2660786 , 0.29687031, 0.32816237, 0.3842223 ,
       0.41683035, 0.43337095, 0.50917854, 0.55230384, 0.56978337,
       0.61426426, 0.65030119, 0.67791594, 0.72461755, 0.76259631,
       0.7722244 , 0.78200469, 0.83172558, 0.87213419, 0.89260407,
       0.91335881, 0.93445166, 0.96640983, 0.97728164, 0.97728164,
       0.97728164, 0.98849903, 1.        , 1.        , 1.        ,
       1.        , 1.        , 1.        , 1.        , 1.        ,
       1.        , 1.        , 1.        , 1.        , 1.        ,
       1.        , 1.        , 1.        , 1.        , 1.        ,
       1.        , 1.        , 1.        , 1.        , 1.        ,
       1.        ]), array([0.        , 0.        , 0.        , 0.        , 0.        ,
       0.        , 0.        , 0.        , 0.        , 0.        ,
       0.        , 0.        , 0.        , 0.        , 0.        ,
       0.        , 0.        , 0.        , 0.        , 0.        ,
       0.        , 0.        , 0.        , 0.        , 0.        ,
       0.        , 0.        , 0.        , 0.        , 0.        ,
       0.        , 0.        , 0.        , 0.        , 0.        ,
       0.        , 0.        , 0.        , 0.01591918, 0.0213479 ,
       0.02690796, 0.04409814, 0.04409814, 0.04409814, 0.06255181,
       0.06255181, 0.06255181, 0.06912407, 0.08933819, 0.12368034,
       0.15866158, 0.16576574, 0.20933598, 0.23167283, 0.26939022,
       0.30023665, 0.32379942, 0.37158936, 0.42839773, 0.44492857,
       0.47019776, 0.49595522, 0.51320026, 0.55724369, 0.60207018,
       0.6292907 , 0.66632426, 0.71331024, 0.7418451 , 0.80957169,
       0.81934554, 0.8391774 , 0.87948597, 0.88967712, 0.90007842,
       0.92099713, 0.92099713, 0.94253288, 0.94253288, 0.95368564,
       0.95368564, 0.9650127 , 0.97655455, 0.98825431, 1.        ,
       1.        , 1.        , 1.        , 1.        , 1.        ,
       1.        , 1.        , 1.        , 1.        , 1.        ,
       1.        , 1.        , 1.        , 1.        , 1.        ,
       1.        ])]",0.0419394507866689,0.0444296119063822,0.1612824190097395,0.013087869476033,"[{'lambda_reg': 0.726929324798234}, {'lambda_reg': 0.8304037205226334}, {'lambda_reg': 0.7055348394762208}, {'lambda_reg': 0.4948489220095492}, {'lambda_reg': 0.1175403981993638}]",600,2,linear,154
"[np.float64(0.1482261329862823), np.float64(0.10555686612783831), np.float64(0.11983853069969393), np.float64(0.0752777998660513), np.float64(0.22775845700329522)]",0.1353315573366322,0.0518498249957764,"[np.float64(0.8040534721244857), np.float64(0.8067616782195215), np.float64(0.8342031915632595), np.float64(0.866310054506267), np.float64(0.8224494520335208)]",0.8267555696894109,0.0225995925623724,"[np.float64(0.8847033175871788), np.float64(0.8366251520294827), np.float64(0.92482587713161), np.float64(0.910369800534726), np.float64(0.9302658261087215)]",0.8973579946783439,0.0342208592997129,"[array([0.        , 0.15146987, 0.15146987, 0.18845251, 0.22489865,
       0.26105131, 0.26105131, 0.29642485, 0.29642485, 0.29642485,
       0.29642485, 0.29642485, 0.29642485, 0.29642485, 0.3292603 ,
       0.3292603 , 0.36140604, 0.39288519, 0.39288519, 0.4237618 ,
       0.4237618 , 0.4237618 , 0.4237618 , 0.4237618 , 0.4237618 ,
       0.4237618 , 0.45187473, 0.45187473, 0.47943169, 0.5336308 ,
       0.5336308 , 0.5336308 , 0.5336308 , 0.5336308 , 0.55888518,
       0.55888518, 0.55888518, 0.5828751 , 0.5828751 , 0.6294626 ,
       0.67550166, 0.67550166, 0.67550166, 0.69732988, 0.69732988,
       0.69732988, 0.7179523 , 0.7584113 , 0.7584113 , 0.7584113 ,
       0.7584113 , 0.7584113 , 0.7584113 , 0.77652403, 0.77652403,
       0.81086801, 0.81086801, 0.82729543, 0.84323596, 0.85886743,
       0.85886743, 0.85886743, 0.85886743, 0.85886743, 0.85886743,
       0.85886743, 0.87182045, 0.88466817, 0.89704728, 0.89704728,
       0.89704728, 0.89704728, 0.90783976, 0.9184187 , 0.9285474 ,
       0.9285474 , 0.93789015, 0.93789015, 0.94631129, 0.94631129,
       0.94631129, 0.95387334, 0.96104921, 0.96104921, 0.96104921,
       0.97876234, 0.97876234, 0.97876234, 0.98333034, 0.98762434,
       0.98762434, 0.98762434, 0.99101326, 0.99371657, 0.99371657,
       0.99590017, 0.99590017, 0.99706751, 0.99904886, 0.99904886,
       1.        ]), array([0.        , 0.        , 0.        , 0.        , 0.08022319,
       0.11994238, 0.11994238, 0.11994238, 0.15850061, 0.19639752,
       0.23407332, 0.23407332, 0.23407332, 0.23407332, 0.23407332,
       0.23407332, 0.23407332, 0.23407332, 0.23407332, 0.23407332,
       0.23407332, 0.23407332, 0.23407332, 0.26641269, 0.26641269,
       0.26641269, 0.26641269, 0.26641269, 0.26641269, 0.26641269,
       0.26641269, 0.26641269, 0.26641269, 0.29442094, 0.29442094,
       0.29442094, 0.34811113, 0.40103831, 0.42712951, 0.42712951,
       0.42712951, 0.45197585, 0.47608867, 0.52410687, 0.57103121,
       0.59387031, 0.61629311, 0.61629311, 0.63829094, 0.63829094,
       0.70099211, 0.72137962, 0.74161127, 0.74161127, 0.78054838,
       0.78054838, 0.79918168, 0.79918168, 0.81669541, 0.81669541,
       0.81669541, 0.81669541, 0.83266215, 0.83266215, 0.847805  ,
       0.847805  , 0.89086685, 0.89086685, 0.89086685, 0.89086685,
       0.89086685, 0.90326156, 0.90326156, 0.90326156, 0.9140592 ,
       0.94603416, 0.94603416, 0.95566621, 0.9651269 , 0.9651269 ,
       0.9651269 , 0.9651269 , 0.97286742, 0.97286742, 0.97286742,
       0.97286742, 0.97286742, 0.97844315, 0.98353994, 0.98353994,
       0.98353994, 0.98353994, 0.98694103, 0.98992358, 0.99250787,
       0.99480948, 0.99688419, 0.99850008, 0.9993842 , 0.99983802,
       1.        ]), array([0.        , 0.2337814 , 0.27215938, 0.3103287 , 0.3103287 ,
       0.3103287 , 0.3103287 , 0.3103287 , 0.34653799, 0.34653799,
       0.38187993, 0.38187993, 0.38187993, 0.41619842, 0.41619842,
       0.44944166, 0.44944166, 0.48199223, 0.48199223, 0.51363688,
       0.51363688, 0.51363688, 0.51363688, 0.51363688, 0.51363688,
       0.51363688, 0.54263422, 0.54263422, 0.54263422, 0.57038155,
       0.57038155, 0.57038155, 0.57038155, 0.57038155, 0.57038155,
       0.62130064, 0.67178353, 0.67178353, 0.72040099, 0.76825611,
       0.76825611, 0.76825611, 0.76825611, 0.76825611, 0.81248674,
       0.81248674, 0.81248674, 0.81248674, 0.83285194, 0.85309534,
       0.85309534, 0.85309534, 0.87213031, 0.87213031, 0.87213031,
       0.87213031, 0.87213031, 0.87213031, 0.87213031, 0.87213031,
       0.90398497, 0.90398497, 0.90398497, 0.90398497, 0.90398497,
       0.90398497, 0.90398497, 0.90398497, 0.9165111 , 0.9165111 ,
       0.92823694, 0.93969743, 0.95100454, 0.96165358, 0.96165358,
       0.96165358, 0.96165358, 0.96165358, 0.96165358, 0.96986678,
       0.96986678, 0.96986678, 0.96986678, 0.97668362, 0.97668362,
       0.97668362, 0.97668362, 0.97668362, 0.98159768, 0.98607362,
       0.9900223 , 0.9900223 , 0.9935161 , 0.9935161 , 0.9935161 ,
       0.99553312, 0.99745643, 0.99864197, 0.99864197, 0.99928285,
       1.        ]), array([0.        , 0.19559047, 0.27268694, 0.31093188, 0.31093188,
       0.34820987, 0.38534671, 0.38534671, 0.38534671, 0.38534671,
       0.38534671, 0.38534671, 0.38534671, 0.38534671, 0.38534671,
       0.41890318, 0.45217821, 0.45217821, 0.45217821, 0.45217821,
       0.45217821, 0.45217821, 0.45217821, 0.45217821, 0.45217821,
       0.45217821, 0.45217821, 0.48113257, 0.50959731, 0.50959731,
       0.50959731, 0.53691519, 0.53691519, 0.53691519, 0.53691519,
       0.53691519, 0.56232763, 0.56232763, 0.56232763, 0.56232763,
       0.60953792, 0.63270147, 0.67850873, 0.70105845, 0.70105845,
       0.70105845, 0.70105845, 0.74290348, 0.76357368, 0.78369536,
       0.78369536, 0.80320654, 0.82216131, 0.85926707, 0.85926707,
       0.85926707, 0.85926707, 0.87643941, 0.89318816, 0.89318816,
       0.90887647, 0.90887647, 0.90887647, 0.90887647, 0.90887647,
       0.92275439, 0.92275439, 0.9358356 , 0.9358356 , 0.9358356 ,
       0.94793533, 0.94793533, 0.95894465, 0.95894465, 0.95894465,
       0.96878546, 0.96878546, 0.97817484, 0.97817484, 0.97817484,
       0.97817484, 0.98600052, 0.98600052, 0.98600052, 0.98600052,
       0.98600052, 0.98600052, 0.98600052, 0.99086968, 0.99086968,
       0.99086968, 0.99086968, 0.99086968, 0.99086968, 0.99086968,
       0.99310979, 0.99645646, 0.99645646, 0.99724602, 0.99972959,
       1.        ]), array([0.        , 0.27037625, 0.37064191, 0.40354586, 0.40354586,
       0.40354586, 0.40354586, 0.40354586, 0.40354586, 0.40354586,
       0.40354586, 0.40354586, 0.43359805, 0.46319792, 0.46319792,
       0.46319792, 0.46319792, 0.49154461, 0.49154461, 0.51911271,
       0.51911271, 0.54613058, 0.54613058, 0.57246063, 0.62438735,
       0.62438735, 0.64967723, 0.64967723, 0.64967723, 0.64967723,
       0.64967723, 0.69648391, 0.71973744, 0.71973744, 0.71973744,
       0.74197982, 0.74197982, 0.78504749, 0.80607636, 0.80607636,
       0.84681822, 0.84681822, 0.84681822, 0.84681822, 0.84681822,
       0.84681822, 0.88383341, 0.88383341, 0.88383341, 0.88383341,
       0.88383341, 0.88383341, 0.88383341, 0.88383341, 0.88383341,
       0.8993608 , 0.91453826, 0.91453826, 0.91453826, 0.91453826,
       0.91453826, 0.91453826, 0.91453826, 0.91453826, 0.91453826,
       0.92647278, 0.93820752, 0.93820752, 0.93820752, 0.94877891,
       0.94877891, 0.94877891, 0.94877891, 0.94877891, 0.94877891,
       0.95735287, 0.95735287, 0.95735287, 0.95735287, 0.97186134,
       0.97186134, 0.97844186, 0.98483193, 0.98483193, 0.98483193,
       0.98483193, 0.98483193, 0.98483193, 0.98483193, 0.98483193,
       0.98483193, 0.98804294, 0.99376767, 0.99376767, 0.99819787,
       0.99819787, 0.99819787, 0.99928131, 0.99928131, 0.99978639,
       1.        ])]","[array([0.00000000e+00, 2.31071712e-05, 2.31071712e-05, 7.24236838e-04,
       1.84697646e-03, 3.20035439e-03, 3.20035439e-03, 5.16601538e-03,
       5.16601538e-03, 5.16601538e-03, 5.16601538e-03, 5.16601538e-03,
       5.16601538e-03, 5.16601538e-03, 9.12625635e-03, 9.12625635e-03,
       1.36285189e-02, 1.86546237e-02, 1.86546237e-02, 2.41542443e-02,
       2.41542443e-02, 2.41542443e-02, 2.41542443e-02, 2.41542443e-02,
       2.41542443e-02, 2.41542443e-02, 3.18257396e-02, 3.18257396e-02,
       3.99341423e-02, 5.68698669e-02, 5.68698669e-02, 5.68698669e-02,
       5.68698669e-02, 5.68698669e-02, 6.67877804e-02, 6.67877804e-02,
       6.67877804e-02, 7.76993845e-02, 7.76993845e-02, 1.00616785e-01,
       1.23965177e-01, 1.23965177e-01, 1.23965177e-01, 1.36575576e-01,
       1.36575576e-01, 1.36575576e-01, 1.50133575e-01, 1.77867121e-01,
       1.77867121e-01, 1.77867121e-01, 1.77867121e-01, 1.77867121e-01,
       1.77867121e-01, 1.93397381e-01, 1.93397381e-01, 2.25936484e-01,
       2.25936484e-01, 2.42791164e-01, 2.60028476e-01, 2.77508668e-01,
       2.77508668e-01, 2.77508668e-01, 2.77508668e-01, 2.77508668e-01,
       2.77508668e-01, 2.77508668e-01, 2.97093739e-01, 3.16761569e-01,
       3.36797665e-01, 3.36797665e-01, 3.36797665e-01, 3.36797665e-01,
       3.58080627e-01, 3.79531401e-01, 4.01336001e-01, 4.01336001e-01,
       4.23758252e-01, 4.23758252e-01, 4.46904763e-01, 4.46904763e-01,
       4.46904763e-01, 4.70726399e-01, 4.94851510e-01, 4.94851510e-01,
       4.94851510e-01, 5.70224515e-01, 5.70224515e-01, 5.70224515e-01,
       5.96399060e-01, 6.22788922e-01, 6.22788922e-01, 6.22788922e-01,
       6.49890061e-01, 6.77529990e-01, 6.77529990e-01, 7.05578338e-01,
       7.05578338e-01, 7.34425329e-01, 7.92396973e-01, 7.92396973e-01,
       1.00000000e+00]), array([0.        , 0.        , 0.        , 0.        , 0.00188773,
       0.00309476, 0.00309476, 0.00309476, 0.00508035, 0.00750945,
       0.01008682, 0.01008682, 0.01008682, 0.01008682, 0.01008682,
       0.01008682, 0.01008682, 0.01008682, 0.01008682, 0.01008682,
       0.01008682, 0.01008682, 0.01008682, 0.01624295, 0.01624295,
       0.01624295, 0.01624295, 0.01624295, 0.01624295, 0.01624295,
       0.01624295, 0.01624295, 0.01624295, 0.02530365, 0.02530365,
       0.02530365, 0.04498513, 0.06517829, 0.07552462, 0.07552462,
       0.07552462, 0.08670578, 0.09837885, 0.12186412, 0.14608296,
       0.15861022, 0.17141667, 0.17141667, 0.18450812, 0.18450812,
       0.22599037, 0.24016173, 0.25443763, 0.25443763, 0.28401292,
       0.28401292, 0.29936071, 0.29936071, 0.31545931, 0.31545931,
       0.31545931, 0.31545931, 0.33259537, 0.33259537, 0.35028395,
       0.35028395, 0.40493686, 0.40493686, 0.40493686, 0.40493686,
       0.40493686, 0.42446842, 0.42446842, 0.42446842, 0.44507101,
       0.50715909, 0.50715909, 0.52854336, 0.55004254, 0.55004254,
       0.55004254, 0.55004254, 0.57269532, 0.57269532, 0.57269532,
       0.57269532, 0.57269532, 0.59679987, 0.62122561, 0.62122561,
       0.62122561, 0.62122561, 0.64678853, 0.67263213, 0.69874282,
       0.72504308, 0.7514955 , 0.77825563, 0.80550649, 0.83304594,
       1.        ]), array([0.00000000e+00, 2.50881879e-04, 7.29315378e-04, 1.36333317e-03,
       1.36333317e-03, 1.36333317e-03, 1.36333317e-03, 1.36333317e-03,
       3.45877050e-03, 3.45877050e-03, 6.20091529e-03, 6.20091529e-03,
       6.20091529e-03, 9.70615378e-03, 9.70615378e-03, 1.40131181e-02,
       1.40131181e-02, 1.88365423e-02, 1.88365423e-02, 2.43354400e-02,
       2.43354400e-02, 2.43354400e-02, 2.43354400e-02, 2.43354400e-02,
       2.43354400e-02, 2.43354400e-02, 3.18081962e-02, 3.18081962e-02,
       3.18081962e-02, 4.02129797e-02, 4.02129797e-02, 4.02129797e-02,
       4.02129797e-02, 4.02129797e-02, 4.02129797e-02, 6.04341475e-02,
       8.09805509e-02, 8.09805509e-02, 1.02917847e-01, 1.25423553e-01,
       1.25423553e-01, 1.25423553e-01, 1.25423553e-01, 1.25423553e-01,
       1.50631724e-01, 1.50631724e-01, 1.50631724e-01, 1.50631724e-01,
       1.64540718e-01, 1.78540525e-01, 1.78540525e-01, 1.78540525e-01,
       1.93441356e-01, 1.93441356e-01, 1.93441356e-01, 1.93441356e-01,
       1.93441356e-01, 1.93441356e-01, 1.93441356e-01, 1.93441356e-01,
       2.27877200e-01, 2.27877200e-01, 2.27877200e-01, 2.27877200e-01,
       2.27877200e-01, 2.27877200e-01, 2.27877200e-01, 2.27877200e-01,
       2.47631107e-01, 2.47631107e-01, 2.67981714e-01, 2.88530179e-01,
       3.09192993e-01, 3.30346479e-01, 3.30346479e-01, 3.30346479e-01,
       3.30346479e-01, 3.30346479e-01, 3.30346479e-01, 3.53316160e-01,
       3.53316160e-01, 3.53316160e-01, 3.53316160e-01, 3.77326981e-01,
       3.77326981e-01, 3.77326981e-01, 3.77326981e-01, 3.77326981e-01,
       4.02756546e-01, 4.28512772e-01, 4.54662131e-01, 4.54662131e-01,
       4.81150658e-01, 4.81150658e-01, 4.81150658e-01, 5.08740286e-01,
       5.36399785e-01, 5.64609378e-01, 5.64609378e-01, 5.93225078e-01,
       1.00000000e+00]), array([0.00000000e+00, 1.60091957e-04, 1.06856575e-03, 1.74751206e-03,
       1.74751206e-03, 3.14289975e-03, 4.64286071e-03, 4.64286071e-03,
       4.64286071e-03, 4.64286071e-03, 4.64286071e-03, 4.64286071e-03,
       4.64286071e-03, 4.64286071e-03, 4.64286071e-03, 8.79557797e-03,
       1.31568255e-02, 1.31568255e-02, 1.31568255e-02, 1.31568255e-02,
       1.31568255e-02, 1.31568255e-02, 1.31568255e-02, 1.31568255e-02,
       1.31568255e-02, 1.31568255e-02, 1.31568255e-02, 2.07193278e-02,
       2.86445988e-02, 2.86445988e-02, 2.86445988e-02, 3.74195964e-02,
       3.74195964e-02, 3.74195964e-02, 3.74195964e-02, 3.74195964e-02,
       4.76063754e-02, 4.76063754e-02, 4.76063754e-02, 4.76063754e-02,
       7.06580326e-02, 8.25110461e-02, 1.06602233e-01, 1.18910041e-01,
       1.18910041e-01, 1.18910041e-01, 1.18910041e-01, 1.45936913e-01,
       1.59637295e-01, 1.73744079e-01, 1.73744079e-01, 1.88303200e-01,
       2.03274572e-01, 2.33812846e-01, 2.33812846e-01, 2.33812846e-01,
       2.33812846e-01, 2.50104850e-01, 2.66710699e-01, 2.66710699e-01,
       2.84102252e-01, 2.84102252e-01, 2.84102252e-01, 2.84102252e-01,
       2.84102252e-01, 3.02835147e-01, 3.02835147e-01, 3.22158340e-01,
       3.22158340e-01, 3.22158340e-01, 3.42208727e-01, 3.42208727e-01,
       3.63067023e-01, 3.63067023e-01, 3.63067023e-01, 3.84791084e-01,
       3.84791084e-01, 4.06849612e-01, 4.06849612e-01, 4.06849612e-01,
       4.06849612e-01, 4.30066723e-01, 4.30066723e-01, 4.30066723e-01,
       4.30066723e-01, 4.30066723e-01, 4.30066723e-01, 4.30066723e-01,
       4.55474363e-01, 4.55474363e-01, 4.55474363e-01, 4.55474363e-01,
       4.55474363e-01, 4.55474363e-01, 4.55474363e-01, 4.82829911e-01,
       5.38380879e-01, 5.38380879e-01, 5.66811173e-01, 6.81032198e-01,
       1.00000000e+00]), array([0.00000000e+00, 6.30594440e-05, 1.18115749e-03, 2.05753433e-03,
       2.05753433e-03, 2.05753433e-03, 2.05753433e-03, 2.05753433e-03,
       2.05753433e-03, 2.05753433e-03, 2.05753433e-03, 2.05753433e-03,
       5.70716632e-03, 9.79666330e-03, 9.79666330e-03, 9.79666330e-03,
       9.79666330e-03, 1.51048494e-02, 1.51048494e-02, 2.11701847e-02,
       2.11701847e-02, 2.77706068e-02, 2.77706068e-02, 3.50399144e-02,
       5.02917187e-02, 5.02917187e-02, 5.85725525e-02, 5.85725525e-02,
       5.85725525e-02, 5.85725525e-02, 5.85725525e-02, 7.88034449e-02,
       8.90645769e-02, 8.90645769e-02, 8.90645769e-02, 1.00309024e-01,
       1.00309024e-01, 1.24176004e-01, 1.36600546e-01, 1.36600546e-01,
       1.62729309e-01, 1.62729309e-01, 1.62729309e-01, 1.62729309e-01,
       1.62729309e-01, 1.62729309e-01, 1.92482138e-01, 1.92482138e-01,
       1.92482138e-01, 1.92482138e-01, 1.92482138e-01, 1.92482138e-01,
       1.92482138e-01, 1.92482138e-01, 1.92482138e-01, 2.10256718e-01,
       2.28371600e-01, 2.28371600e-01, 2.28371600e-01, 2.28371600e-01,
       2.28371600e-01, 2.28371600e-01, 2.28371600e-01, 2.28371600e-01,
       2.28371600e-01, 2.49640134e-01, 2.71102959e-01, 2.71102959e-01,
       2.71102959e-01, 2.93697108e-01, 2.93697108e-01, 2.93697108e-01,
       2.93697108e-01, 2.93697108e-01, 2.93697108e-01, 3.18233694e-01,
       3.18233694e-01, 3.18233694e-01, 3.18233694e-01, 3.69873663e-01,
       3.69873663e-01, 3.96348824e-01, 4.23009181e-01, 4.23009181e-01,
       4.23009181e-01, 4.23009181e-01, 4.23009181e-01, 4.23009181e-01,
       4.23009181e-01, 4.23009181e-01, 4.23009181e-01, 4.52761081e-01,
       5.12942989e-01, 5.12942989e-01, 5.74383785e-01, 5.74383785e-01,
       5.74383785e-01, 6.06204688e-01, 6.06204688e-01, 6.38588033e-01,
       1.00000000e+00])]",0.0165142361724071,0.0343950091533555,0.0213799281447406,0.0124035275857412,"[{'lambda_reg': 0.0006816522558491513, 'gamma': 0.15855348915977527, 'degree': 4, 'coef0': 0.9417082164235746}, {'lambda_reg': 2.5210943004068452e-05, 'gamma': 0.08155781581414823, 'degree': 2, 'coef0': 4.56708242160969}, {'lambda_reg': 0.0010091347430780735, 'gamma': 0.08800588141988099, 'degree': 5, 'coef0': 0.7909348381065368}, {'lambda_reg': 0.00048373606894937514, 'gamma': 0.17089853641217795, 'degree': 4, 'coef0': 1.3224911794840515}, {'lambda_reg': 2.302157689098863e-05, 'gamma': 0.3073459484936765, 'degree': 4, 'coef0': 0.4009257332595606}]",300,2,polynomial,139
"[np.float64(0.10558101865368505), np.float64(0.0783519656343187), np.float64(0.1420898987760185), np.float64(0.09653246332057715), np.float64(0.12818183829810278)]",0.1101474369365404,0.0226394884158817,"[np.float64(0.8456038918374169), np.float64(0.8653640600323074), np.float64(0.8246170374277535), np.float64(0.8933460906893341), np.float64(0.8366827467827785)]",0.8531227653539182,0.024112857112416,"[np.float64(0.9147776490956541), np.float64(0.9144029288065454), np.float64(0.9296821957328285), np.float64(0.9266575780387061), np.float64(0.9270241246973825)]",0.9225088952742232,0.0065503276977913,"[array([0.        , 0.21831048, 0.25425047, 0.25425047, 0.27187554,
       0.28929862, 0.32385777, 0.34088554, 0.35780459, 0.40799341,
       0.40799341, 0.40799341, 0.42414586, 0.42414586, 0.42414586,
       0.47103704, 0.50176366, 0.51692935, 0.53193464, 0.53193464,
       0.54662109, 0.54662109, 0.54662109, 0.54662109, 0.54662109,
       0.54662109, 0.57361022, 0.57361022, 0.57361022, 0.57361022,
       0.57361022, 0.59888046, 0.61142366, 0.61142366, 0.62356149,
       0.63545507, 0.64713932, 0.64713932, 0.65853151, 0.66969595,
       0.68067625, 0.69149699, 0.70221045, 0.70221045, 0.71256191,
       0.7429085 , 0.75288363, 0.7723024 , 0.79147982, 0.82898265,
       0.83810023, 0.84708428, 0.85588738, 0.85588738, 0.85588738,
       0.85588738, 0.85588738, 0.8637594 , 0.8637594 , 0.8637594 ,
       0.8637594 , 0.87823853, 0.89924836, 0.89924836, 0.89924836,
       0.89924836, 0.89924836, 0.91752838, 0.92337264, 0.9291827 ,
       0.94025543, 0.9510694 , 0.9510694 , 0.95608949, 0.95608949,
       0.95608949, 0.96495439, 0.96928587, 0.97743671, 0.97743671,
       0.97743671, 0.97743671, 0.97743671, 0.97743671, 0.98048535,
       0.98608067, 0.98870779, 0.99111732, 0.99111732, 0.99111732,
       0.99111732, 0.99111732, 0.99111732, 0.99384967, 0.99384967,
       0.99486186, 0.99742447, 0.99802924, 0.99845519, 0.99955273,
       1.        ]), array([0.        , 0.14268002, 0.178028  , 0.21286382, 0.33326353,
       0.38455133, 0.38455133, 0.38455133, 0.38455133, 0.38455133,
       0.40080662, 0.40080662, 0.4166353 , 0.4166353 , 0.43203837,
       0.46264411, 0.46264411, 0.46264411, 0.47739005, 0.47739005,
       0.47739005, 0.49153582, 0.51962985, 0.54728252, 0.54728252,
       0.54728252, 0.56066614, 0.56066614, 0.58659714, 0.59946484,
       0.61197834, 0.61197834, 0.63655825, 0.64853952, 0.6604696 ,
       0.67221774, 0.67221774, 0.67221774, 0.67221774, 0.69425739,
       0.70506727, 0.70506727, 0.71546056, 0.75662878, 0.77680185,
       0.80636852, 0.82581539, 0.84509095, 0.86395391, 0.86395391,
       0.8728919 , 0.88181008, 0.88181008, 0.8902693 , 0.8902693 ,
       0.8902693 , 0.8902693 , 0.8902693 , 0.89787006, 0.90528904,
       0.90528904, 0.90528904, 0.90528904, 0.90528904, 0.91180761,
       0.9182174 , 0.92441261, 0.93040039, 0.93040039, 0.93040039,
       0.93040039, 0.93566589, 0.93566589, 0.94056763, 0.94056763,
       0.9542914 , 0.9542914 , 0.95840652, 0.96237347, 0.96237347,
       0.96610382, 0.96953641, 0.96953641, 0.96953641, 0.96953641,
       0.97238764, 0.9749453 , 0.9749453 , 0.9749453 , 0.97707487,
       0.97707487, 0.98045132, 0.98192275, 0.98598798, 0.99065348,
       0.99354255, 0.99510823, 0.99775768, 0.99815084, 0.99956823,
       1.        ]), array([0.        , 0.32248792, 0.32248792, 0.32248792, 0.35698143,
       0.35698143, 0.37400911, 0.37400911, 0.40721885, 0.42353895,
       0.45597418, 0.48802868, 0.48802868, 0.50370894, 0.50370894,
       0.50370894, 0.50370894, 0.50370894, 0.51858512, 0.5331564 ,
       0.547502  , 0.57602949, 0.57602949, 0.59000744, 0.60375518,
       0.63080884, 0.63080884, 0.64392716, 0.64392716, 0.64392716,
       0.65649089, 0.65649089, 0.65649089, 0.66852077, 0.66852077,
       0.68024661, 0.68024661, 0.69162502, 0.69162502, 0.69162502,
       0.70244807, 0.74515781, 0.75556041, 0.75556041, 0.79600609,
       0.80598896, 0.80598896, 0.81561108, 0.82501508, 0.83419793,
       0.85223092, 0.85223092, 0.85223092, 0.86069218, 0.86069218,
       0.86069218, 0.87663573, 0.87663573, 0.87663573, 0.90652249,
       0.90652249, 0.91363102, 0.91363102, 0.92699806, 0.94023013,
       0.94023013, 0.94648028, 0.94648028, 0.94648028, 0.94648028,
       0.94648028, 0.95180462, 0.9568363 , 0.96674234, 0.96674234,
       0.96674234, 0.96674234, 0.96674234, 0.96674234, 0.96674234,
       0.9703456 , 0.9703456 , 0.9703456 , 0.9735534 , 0.9794316 ,
       0.98228542, 0.98480241, 0.98730185, 0.98959131, 0.98959131,
       0.98959131, 0.99125512, 0.99125512, 0.99257607, 0.99365485,
       0.99462959, 0.99545538, 0.99724443, 0.99840455, 0.99896786,
       1.        ]), array([0.        , 0.13139194, 0.1529484 , 0.19559416, 0.21680085,
       0.23769068, 0.23769068, 0.31954328, 0.33979712, 0.35975211,
       0.35975211, 0.37938711, 0.37938711, 0.37938711, 0.37938711,
       0.37938711, 0.41650221, 0.43485231, 0.45287661, 0.45287661,
       0.47060595, 0.50541636, 0.50541636, 0.52237012, 0.55604703,
       0.57259511, 0.57259511, 0.57259511, 0.57259511, 0.57259511,
       0.58815649, 0.58815649, 0.60312684, 0.6178612 , 0.6178612 ,
       0.64661348, 0.64661348, 0.64661348, 0.64661348, 0.64661348,
       0.67307855, 0.69918206, 0.71189851, 0.71189851, 0.72430702,
       0.76063017, 0.77260417, 0.77260417, 0.78421217, 0.81805521,
       0.81805521, 0.82899163, 0.82899163, 0.82899163, 0.82899163,
       0.82899163, 0.83883955, 0.84837022, 0.85776552, 0.85776552,
       0.87564452, 0.87564452, 0.88406072, 0.89218569, 0.90012315,
       0.90794432, 0.90794432, 0.90794432, 0.92230339, 0.92230339,
       0.92230339, 0.9287963 , 0.9287963 , 0.9287963 , 0.9287963 ,
       0.9287963 , 0.9287963 , 0.93393173, 0.94382766, 0.94850466,
       0.94850466, 0.95276095, 0.95683607, 0.95683607, 0.96055288,
       0.96055288, 0.96363506, 0.96363506, 0.9663849 , 0.97649696,
       0.97879648, 0.98734723, 0.98734723, 0.9889087 , 0.9889087 ,
       0.99265696, 0.99364027, 0.99666388, 0.99724051, 0.9979137 ,
       1.        ]), array([0.        , 0.15579784, 0.17493999, 0.27000343, 0.27000343,
       0.27000343, 0.3438548 , 0.3438548 , 0.3438548 , 0.37943471,
       0.37943471, 0.37943471, 0.37943471, 0.37943471, 0.39626404,
       0.41295228, 0.44587196, 0.44587196, 0.46197555, 0.47785751,
       0.47785751, 0.50888983, 0.52424897, 0.52424897, 0.55400909,
       0.58336757, 0.58336757, 0.58336757, 0.58336757, 0.58336757,
       0.66581161, 0.66581161, 0.66581161, 0.66581161, 0.69160086,
       0.70444528, 0.71700615, 0.7417349 , 0.7417349 , 0.7417349 ,
       0.76519296, 0.77687149, 0.79971454, 0.79971454, 0.79971454,
       0.79971454, 0.81037114, 0.85237936, 0.86254278, 0.87258347,
       0.87258347, 0.87258347, 0.87258347, 0.87258347, 0.87258347,
       0.88141364, 0.89009183, 0.89854765, 0.89854765, 0.89854765,
       0.89854765, 0.89854765, 0.89854765, 0.91313575, 0.91313575,
       0.91313575, 0.91313575, 0.91970541, 0.91970541, 0.92580874,
       0.92580874, 0.92580874, 0.92580874, 0.93108589, 0.93619545,
       0.93619545, 0.93619545, 0.93619545, 0.94067409, 0.944878  ,
       0.9487888 , 0.9487888 , 0.95243988, 0.95916923, 0.96239605,
       0.96543184, 0.96543184, 0.97599435, 0.98082245, 0.98541995,
       0.98541995, 0.98914096, 0.99078216, 0.99078216, 0.994654  ,
       0.99582347, 0.9967754 , 0.99805819, 0.99902554, 0.99929607,
       1.        ])]","[array([0.00000000e+00, 1.99316702e-04, 6.07998330e-04, 6.07998330e-04,
       1.10329605e-03, 1.76898315e-03, 3.34245934e-03, 4.34160883e-03,
       5.43247539e-03, 9.18446810e-03, 9.18446810e-03, 9.18446810e-03,
       1.09219957e-02, 1.09219957e-02, 1.09219957e-02, 1.74557115e-02,
       2.22621237e-02, 2.48320267e-02, 2.75372383e-02, 2.75372383e-02,
       3.05114099e-02, 3.05114099e-02, 3.05114099e-02, 3.05114099e-02,
       3.05114099e-02, 3.05114099e-02, 3.84705719e-02, 3.84705719e-02,
       3.84705719e-02, 3.84705719e-02, 3.84705719e-02, 4.78797075e-02,
       5.26618086e-02, 5.26618086e-02, 5.77858637e-02, 6.31159582e-02,
       6.86226288e-02, 6.86226288e-02, 7.43756655e-02, 8.03208162e-02,
       8.64213050e-02, 9.26563883e-02, 9.89819736e-02, 9.89819736e-02,
       1.05612914e-01, 1.26102807e-01, 1.33051203e-01, 1.47396337e-01,
       1.61945062e-01, 1.91761220e-01, 1.99433002e-01, 2.07217427e-01,
       2.15154490e-01, 2.15154490e-01, 2.15154490e-01, 2.15154490e-01,
       2.15154490e-01, 2.23876959e-01, 2.23876959e-01, 2.23876959e-01,
       2.23876959e-01, 2.42388920e-01, 2.70754821e-01, 2.70754821e-01,
       2.70754821e-01, 2.70754821e-01, 2.70754821e-01, 3.01423459e-01,
       3.11856442e-01, 3.22318283e-01, 3.43703704e-01, 3.65307410e-01,
       3.65307410e-01, 3.76435623e-01, 3.76435623e-01, 3.76435623e-01,
       3.99683465e-01, 4.11392559e-01, 4.35242739e-01, 4.35242739e-01,
       4.35242739e-01, 4.35242739e-01, 4.35242739e-01, 4.35242739e-01,
       4.48033969e-01, 4.74039866e-01, 4.87186661e-01, 5.00517018e-01,
       5.00517018e-01, 5.00517018e-01, 5.00517018e-01, 5.00517018e-01,
       5.00517018e-01, 5.28937960e-01, 5.28937960e-01, 5.43447041e-01,
       5.87374075e-01, 6.02226831e-01, 6.17230423e-01, 6.77756228e-01,
       1.00000000e+00]), array([0.00000000e+00, 2.69482562e-04, 6.18130839e-04, 1.41415633e-03,
       5.53289976e-03, 7.57067140e-03, 7.57067140e-03, 7.57067140e-03,
       7.57067140e-03, 7.57067140e-03, 8.98422696e-03, 8.98422696e-03,
       1.07704195e-02, 1.07704195e-02, 1.29283868e-02, 1.74193602e-02,
       1.74193602e-02, 1.74193602e-02, 2.01513155e-02, 2.01513155e-02,
       2.01513155e-02, 2.34075244e-02, 3.00924581e-02, 3.71629224e-02,
       3.71629224e-02, 3.71629224e-02, 4.10848639e-02, 4.10848639e-02,
       4.96591949e-02, 5.40317853e-02, 5.87137661e-02, 5.87137661e-02,
       6.84682707e-02, 7.36151485e-02, 7.88067468e-02, 8.41572723e-02,
       8.41572723e-02, 8.41572723e-02, 8.41572723e-02, 9.61306718e-02,
       1.02300755e-01, 1.02300755e-01, 1.08834727e-01, 1.35324341e-01,
       1.48928186e-01, 1.69939225e-01, 1.84177398e-01, 1.98565215e-01,
       2.13313434e-01, 2.13313434e-01, 2.21118604e-01, 2.28941074e-01,
       2.28941074e-01, 2.37164448e-01, 2.37164448e-01, 2.37164448e-01,
       2.37164448e-01, 2.37164448e-01, 2.46137680e-01, 2.55269699e-01,
       2.55269699e-01, 2.55269699e-01, 2.55269699e-01, 2.55269699e-01,
       2.65188213e-01, 2.75201752e-01, 2.85402719e-01, 2.95784883e-01,
       2.95784883e-01, 2.95784883e-01, 2.95784883e-01, 3.06797950e-01,
       3.06797950e-01, 3.18128757e-01, 3.18128757e-01, 3.52978474e-01,
       3.52978474e-01, 3.64996391e-01, 3.77143731e-01, 3.77143731e-01,
       3.89497738e-01, 4.02111844e-01, 4.02111844e-01, 4.02111844e-01,
       4.02111844e-01, 4.15233759e-01, 4.28612107e-01, 4.28612107e-01,
       4.28612107e-01, 4.42364390e-01, 4.42364390e-01, 4.70639975e-01,
       4.84967139e-01, 5.28253530e-01, 5.86628040e-01, 6.30941798e-01,
       6.60799077e-01, 7.20934594e-01, 7.36203620e-01, 8.13027771e-01,
       1.00000000e+00]), array([0.00000000e+00, 2.07499720e-04, 2.07499720e-04, 2.07499720e-04,
       1.39292417e-03, 1.39292417e-03, 2.17589038e-03, 2.17589038e-03,
       4.47616597e-03, 5.87361226e-03, 8.84648636e-03, 1.21500033e-02,
       1.21500033e-02, 1.41030995e-02, 1.41030995e-02, 1.41030995e-02,
       1.41030995e-02, 1.41030995e-02, 1.67544744e-02, 1.96706295e-02,
       2.27827682e-02, 2.91492258e-02, 2.91492258e-02, 3.25806447e-02,
       3.62119767e-02, 4.38583446e-02, 4.38583446e-02, 4.80362802e-02,
       4.80362802e-02, 4.80362802e-02, 5.26958385e-02, 5.26958385e-02,
       5.26958385e-02, 5.78190107e-02, 5.78190107e-02, 6.32062079e-02,
       6.32062079e-02, 6.88951319e-02, 6.88951319e-02, 6.88951319e-02,
       7.50663353e-02, 1.00256979e-01, 1.06793312e-01, 1.06793312e-01,
       1.33950124e-01, 1.40850962e-01, 1.40850962e-01, 1.48065083e-01,
       1.55468625e-01, 1.63064213e-01, 1.78544338e-01, 1.78544338e-01,
       1.78544338e-01, 1.86766576e-01, 1.86766576e-01, 1.86766576e-01,
       2.04061209e-01, 2.04061209e-01, 2.04061209e-01, 2.40387631e-01,
       2.40387631e-01, 2.49784610e-01, 2.49784610e-01, 2.69316750e-01,
       2.88966098e-01, 2.88966098e-01, 2.99108512e-01, 2.99108512e-01,
       2.99108512e-01, 2.99108512e-01, 2.99108512e-01, 3.10054928e-01,
       3.21255494e-01, 3.43793248e-01, 3.43793248e-01, 3.43793248e-01,
       3.43793248e-01, 3.43793248e-01, 3.43793248e-01, 3.43793248e-01,
       3.56234283e-01, 3.56234283e-01, 3.56234283e-01, 3.69018751e-01,
       3.95054367e-01, 4.08146240e-01, 4.21530618e-01, 4.34930236e-01,
       4.48512210e-01, 4.48512210e-01, 4.48512210e-01, 4.62637511e-01,
       4.62637511e-01, 4.77060565e-01, 4.91693920e-01, 5.06417624e-01,
       5.21270678e-01, 5.66427606e-01, 6.12130711e-01, 6.42781906e-01,
       1.00000000e+00]), array([0.00000000e+00, 7.53997320e-05, 2.97865845e-04, 1.02933849e-03,
       1.46634860e-03, 2.09771799e-03, 2.09771799e-03, 5.67005360e-03,
       6.69152440e-03, 7.89631060e-03, 7.89631060e-03, 9.29736772e-03,
       9.29736772e-03, 9.29736772e-03, 9.29736772e-03, 9.29736772e-03,
       1.34212708e-02, 1.56104698e-02, 1.79995075e-02, 1.79995075e-02,
       2.05694706e-02, 2.61070373e-02, 2.61070373e-02, 2.91527295e-02,
       3.53855654e-02, 3.86800986e-02, 3.86800986e-02, 3.86800986e-02,
       3.86800986e-02, 3.86800986e-02, 4.25798512e-02, 4.25798512e-02,
       4.68421379e-02, 5.12491815e-02, 5.12491815e-02, 6.05027125e-02,
       6.05027125e-02, 6.05027125e-02, 6.05027125e-02, 6.05027125e-02,
       7.11591854e-02, 8.20374306e-02, 8.76822240e-02, 8.76822240e-02,
       9.35159067e-02, 1.11570454e-01, 1.17670660e-01, 1.17670660e-01,
       1.23995357e-01, 1.43571172e-01, 1.43571172e-01, 1.50307808e-01,
       1.50307808e-01, 1.50307808e-01, 1.50307808e-01, 1.50307808e-01,
       1.57712120e-01, 1.65311024e-01, 1.72992964e-01, 1.72992964e-01,
       1.88916003e-01, 1.88916003e-01, 1.97198505e-01, 2.05659647e-01,
       2.14235799e-01, 2.22883289e-01, 2.22883289e-01, 2.22883289e-01,
       2.40965402e-01, 2.40965402e-01, 2.40965402e-01, 2.50427625e-01,
       2.50427625e-01, 2.50427625e-01, 2.50427625e-01, 2.50427625e-01,
       2.50427625e-01, 2.60722503e-01, 2.81542236e-01, 2.92118308e-01,
       2.92118308e-01, 3.02952440e-01, 3.13897701e-01, 3.13897701e-01,
       3.25062741e-01, 3.25062741e-01, 3.36617054e-01, 3.36617054e-01,
       3.48375215e-01, 3.95952132e-01, 4.07986515e-01, 4.56521114e-01,
       4.56521114e-01, 4.69008211e-01, 4.69008211e-01, 5.07043712e-01,
       5.19885437e-01, 5.71810307e-01, 5.84901487e-01, 6.11378308e-01,
       1.00000000e+00]), array([0.00000000e+00, 1.06938535e-04, 3.68658422e-04, 2.16067327e-03,
       2.16067327e-03, 2.16067327e-03, 5.23669124e-03, 5.23669124e-03,
       5.23669124e-03, 7.77968117e-03, 7.77968117e-03, 7.77968117e-03,
       7.77968117e-03, 7.77968117e-03, 9.76852726e-03, 1.18627427e-02,
       1.63922786e-02, 1.63922786e-02, 1.89230835e-02, 2.16193956e-02,
       2.16193956e-02, 2.75583463e-02, 3.06450758e-02, 3.06450758e-02,
       3.75340573e-02, 4.47229637e-02, 4.47229637e-02, 4.47229637e-02,
       4.47229637e-02, 4.47229637e-02, 7.04950043e-02, 7.04950043e-02,
       7.04950043e-02, 7.04950043e-02, 8.03492743e-02, 8.53139059e-02,
       9.04902736e-02, 1.01136486e-01, 1.01136486e-01, 1.01136486e-01,
       1.12731602e-01, 1.18566872e-01, 1.30621253e-01, 1.30621253e-01,
       1.30621253e-01, 1.30621253e-01, 1.37219661e-01, 1.64074925e-01,
       1.71041616e-01, 1.78099964e-01, 1.78099964e-01, 1.78099964e-01,
       1.78099964e-01, 1.78099964e-01, 1.78099964e-01, 1.86062277e-01,
       1.94138083e-01, 2.02379949e-01, 2.02379949e-01, 2.02379949e-01,
       2.02379949e-01, 2.02379949e-01, 2.02379949e-01, 2.20598814e-01,
       2.20598814e-01, 2.20598814e-01, 2.20598814e-01, 2.30249185e-01,
       2.30249185e-01, 2.40247802e-01, 2.40247802e-01, 2.40247802e-01,
       2.40247802e-01, 2.50863374e-01, 2.61604094e-01, 2.61604094e-01,
       2.61604094e-01, 2.61604094e-01, 2.72815970e-01, 2.84232992e-01,
       2.95868907e-01, 2.95868907e-01, 3.07698764e-01, 3.31786236e-01,
       3.43932923e-01, 3.56222253e-01, 3.56222253e-01, 4.06559966e-01,
       4.32067214e-01, 4.57746669e-01, 4.57746669e-01, 4.84080657e-01,
       4.97411416e-01, 4.97411416e-01, 5.38189117e-01, 5.51872145e-01,
       5.65717627e-01, 5.93872382e-01, 6.22262696e-01, 6.36617014e-01,
       1.00000000e+00])]",0.0234709700277678,0.0124437801605763,0.0118071530876142,0.0035033646543983,"[{'lambda_reg': 0.00010839529783793688, 'gamma': 0.20011122312076698}, {'lambda_reg': 0.00017533306696756283, 'gamma': 0.07249723569233438}, {'lambda_reg': 0.0034201284851224758, 'gamma': 0.32991543232508846}, {'lambda_reg': 2.507422838710119e-05, 'gamma': 0.04926502777716348}, {'lambda_reg': 9.168665948126082e-05, 'gamma': 0.11889663829761248}]",600,2,rbf,155
"[np.float64(0.10534407729332945), np.float64(0.08091787817080329), np.float64(0.1399654337618614), np.float64(0.11019151177668997), np.float64(0.1440475848322304)]",0.1160932971669828,0.0234051618439948,"[np.float64(0.8413284565234546), np.float64(0.8595980235071189), np.float64(0.8088535145647286), np.float64(0.882871952777741), np.float64(0.8047490157040755)]",0.8394801926154237,0.0297833379838893,"[np.float64(0.9150272805945361), np.float64(0.9079756539044834), np.float64(0.918637875096066), np.float64(0.8893533020178062), np.float64(0.848546243043962)]",0.8959080709313707,0.0257446012618925,"[array([0.        , 0.23563767, 0.25343502, 0.25343502, 0.27093507,
       0.3054576 , 0.32256289, 0.35648096, 0.37320863, 0.40650187,
       0.40650187, 0.40650187, 0.40650187, 0.4224538 , 0.4224538 ,
       0.45350496, 0.48433545, 0.48433545, 0.49940174, 0.51412013,
       0.51412013, 0.54309783, 0.54309783, 0.55716076, 0.5710361 ,
       0.5710361 , 0.5710361 , 0.58433332, 0.58433332, 0.58433332,
       0.59713188, 0.59713188, 0.60963121, 0.62194875, 0.62194875,
       0.65745449, 0.65745449, 0.6689212 , 0.68024601, 0.68024601,
       0.68024601, 0.69098219, 0.69098219, 0.73284577, 0.74318537,
       0.74318537, 0.763092  , 0.79220819, 0.82068075, 0.82068075,
       0.8482234 , 0.85719071, 0.85719071, 0.85719071, 0.85719071,
       0.85719071, 0.85719071, 0.85719071, 0.85719071, 0.87212893,
       0.87212893, 0.87212893, 0.89312857, 0.89985125, 0.89985125,
       0.89985125, 0.89985125, 0.90594732, 0.91776472, 0.92918375,
       0.93477163, 0.9454074 , 0.9506217 , 0.95562034, 0.95562034,
       0.96482696, 0.96482696, 0.96913584, 0.97323055, 0.97323055,
       0.97702455, 0.97702455, 0.97702455, 0.97702455, 0.9800576 ,
       0.98576716, 0.98844402, 0.98844402, 0.99074248, 0.99074248,
       0.99074248, 0.99074248, 0.99223839, 0.99223839, 0.99333112,
       0.99529085, 0.99690559, 0.99817669, 0.99867334, 0.9994476 ,
       1.        ]), array([0.        , 0.22749298, 0.22749298, 0.22749298, 0.31197207,
       0.3790915 , 0.3790915 , 0.3790915 , 0.39533111, 0.39533111,
       0.39533111, 0.39533111, 0.41083943, 0.41083943, 0.42593096,
       0.42593096, 0.44067958, 0.44067958, 0.48404314, 0.48404314,
       0.48404314, 0.48404314, 0.48404314, 0.52484118, 0.53831738,
       0.55151572, 0.55151572, 0.56435369, 0.57708284, 0.57708284,
       0.58942765, 0.58942765, 0.61357874, 0.62536735, 0.63694601,
       0.63694601, 0.64827422, 0.64827422, 0.65932169, 0.69161464,
       0.69161464, 0.71254915, 0.74333736, 0.77363523, 0.78356938,
       0.81275676, 0.82227059, 0.84093003, 0.84093003, 0.84998469,
       0.85884126, 0.85884126, 0.85884126, 0.86711002, 0.86711002,
       0.87514605, 0.88289786, 0.88289786, 0.89032415, 0.89757752,
       0.90463548, 0.90463548, 0.91135183, 0.91135183, 0.91135183,
       0.91135183, 0.91135183, 0.91135183, 0.91708187, 0.91708187,
       0.92251197, 0.92768009, 0.93755641, 0.93755641, 0.94212948,
       0.94662964, 0.94662964, 0.94662964, 0.9545609 , 0.9545609 ,
       0.9545609 , 0.9545609 , 0.96106901, 0.9732389 , 0.9732389 ,
       0.9732389 , 0.97574681, 0.97574681, 0.97574681, 0.97769062,
       0.98123349, 0.9845704 , 0.98755255, 0.99146817, 0.99146817,
       0.99430585, 0.99750438, 0.99819101, 0.99819101, 0.99949585,
       1.        ]), array([0.        , 0.30318256, 0.32073377, 0.33822599, 0.33822599,
       0.33822599, 0.37194726, 0.38862954, 0.38862954, 0.42133013,
       0.42133013, 0.45338359, 0.48497047, 0.48497047, 0.50049119,
       0.50049119, 0.50049119, 0.50049119, 0.50049119, 0.50049119,
       0.54353683, 0.55764645, 0.57173064, 0.58548624, 0.58548624,
       0.58548624, 0.59869765, 0.61184876, 0.61184876, 0.61184876,
       0.61184876, 0.61184876, 0.61184876, 0.63599337, 0.64789509,
       0.64789509, 0.64789509, 0.64789509, 0.64789509, 0.65895333,
       0.66981291, 0.66981291, 0.66981291, 0.68012044, 0.71035623,
       0.74981286, 0.7594996 , 0.76905699, 0.78786272, 0.7970558 ,
       0.81506098, 0.82382443, 0.84099958, 0.84944632, 0.85772015,
       0.86579734, 0.87371428, 0.87371428, 0.88136957, 0.88136957,
       0.89586146, 0.90288244, 0.91651342, 0.91651342, 0.92961558,
       0.93593516, 0.93593516, 0.94185217, 0.94185217, 0.94753342,
       0.94753342, 0.94753342, 0.94753342, 0.94753342, 0.95219832,
       0.96123145, 0.96123145, 0.96123145, 0.9653144 , 0.9653144 ,
       0.96896846, 0.97242792, 0.97242792, 0.97559684, 0.97861146,
       0.98132185, 0.98385779, 0.98634846, 0.98634846, 0.98836522,
       0.98836522, 0.98998652, 0.98998652, 0.99137558, 0.99471095,
       0.99564348, 0.99643222, 0.99770389, 0.99851475, 0.99957409,
       1.        ]), array([0.        , 0.06547522, 0.08716625, 0.10859391, 0.10859391,
       0.1296329 , 0.1296329 , 0.1296329 , 0.1296329 , 0.1296329 ,
       0.16922152, 0.18877795, 0.22752818, 0.24680178, 0.24680178,
       0.26567001, 0.26567001, 0.26567001, 0.26567001, 0.28348383,
       0.30120017, 0.30120017, 0.31851123, 0.35251869, 0.3861379 ,
       0.40272922, 0.43535581, 0.48383667, 0.49969637, 0.49969637,
       0.49969637, 0.49969637, 0.51464884, 0.54426114, 0.54426114,
       0.55859882, 0.55859882, 0.55859882, 0.57235386, 0.58579478,
       0.61235367, 0.62537846, 0.62537846, 0.65062068, 0.71257148,
       0.71257148, 0.71257148, 0.73601502, 0.73601502, 0.73601502,
       0.7693521 , 0.7693521 , 0.77995446, 0.79045217, 0.79045217,
       0.80034587, 0.80034587, 0.80983246, 0.80983246, 0.80983246,
       0.81871402, 0.82727192, 0.83570078, 0.86042369, 0.86042369,
       0.86815669, 0.87573589, 0.89037103, 0.89037103, 0.89037103,
       0.89037103, 0.89687251, 0.89687251, 0.89687251, 0.90265915,
       0.91382464, 0.91382464, 0.91902348, 0.92391013, 0.93329962,
       0.93780132, 0.95072693, 0.95880637, 0.96651608, 0.97370845,
       0.97700202, 0.97700202, 0.97988124, 0.97988124, 0.98231562,
       0.98231562, 0.98863667, 0.98863667, 0.9901852 , 0.99158631,
       0.99399207, 0.99507389, 0.99653078, 0.99653078, 0.99889423,
       1.        ]), array([0.        , 0.09538812, 0.11428348, 0.13291639, 0.13291639,
       0.13291639, 0.1509349 , 0.1509349 , 0.1509349 , 0.1509349 ,
       0.1509349 , 0.1509349 , 0.1509349 , 0.20112941, 0.23411583,
       0.23411583, 0.23411583, 0.23411583, 0.23411583, 0.24962442,
       0.28033619, 0.28033619, 0.28033619, 0.2951294 , 0.2951294 ,
       0.30950311, 0.32373169, 0.33772416, 0.35153821, 0.36516176,
       0.37864346, 0.4052196 , 0.43137932, 0.44433463, 0.46984761,
       0.48232623, 0.49462113, 0.49462113, 0.51845712, 0.53017472,
       0.59926544, 0.61057937, 0.63292036, 0.6549336 , 0.66563277,
       0.70810906, 0.71853099, 0.73903737, 0.73903737, 0.73903737,
       0.73903737, 0.74841587, 0.74841587, 0.75744796, 0.76634293,
       0.80095733, 0.80095733, 0.80095733, 0.81728932, 0.82512401,
       0.84825317, 0.85582626, 0.87045687, 0.87768443, 0.89169634,
       0.8984189 , 0.90504655, 0.90504655, 0.90504655, 0.91105296,
       0.9168209 , 0.9168209 , 0.9168209 , 0.93259383, 0.93767847,
       0.94250004, 0.94709073, 0.95166598, 0.96014315, 0.96837977,
       0.96837977, 0.96837977, 0.96837977, 0.96837977, 0.96837977,
       0.96837977, 0.97943004, 0.97943004, 0.98426588, 0.98646262,
       0.98846822, 0.9902691 , 0.9902691 , 0.9902691 , 0.9927691 ,
       0.99483509, 0.99752406, 0.99816574, 0.99860671, 0.99942418,
       1.        ])]","[array([0.00000000e+00, 3.49627409e-04, 6.55269670e-04, 6.55269670e-04,
       1.21309513e-03, 2.73383393e-03, 3.62650913e-03, 5.65997128e-03,
       6.87294633e-03, 9.43641294e-03, 9.43641294e-03, 9.43641294e-03,
       9.43641294e-03, 1.13074033e-02, 1.13074033e-02, 1.57726681e-02,
       2.04251203e-02, 2.04251203e-02, 2.30473412e-02, 2.59646570e-02,
       2.59646570e-02, 3.21887016e-02, 3.21887016e-02, 3.56620021e-02,
       3.92944269e-02, 3.92944269e-02, 3.92944269e-02, 4.34172303e-02,
       4.34172303e-02, 4.34172303e-02, 4.79630100e-02, 4.79630100e-02,
       5.27626037e-02, 5.77164076e-02, 5.77164076e-02, 7.38050964e-02,
       7.38050964e-02, 7.94805979e-02, 8.52764583e-02, 8.52764583e-02,
       8.52764583e-02, 9.15716160e-02, 9.15716160e-02, 1.17669318e-01,
       1.24300867e-01, 1.24300867e-01, 1.38219297e-01, 1.59727808e-01,
       1.81782266e-01, 1.81782266e-01, 2.04625508e-01, 2.12421081e-01,
       2.12421081e-01, 2.12421081e-01, 2.12421081e-01, 2.12421081e-01,
       2.12421081e-01, 2.12421081e-01, 2.12421081e-01, 2.30553874e-01,
       2.30553874e-01, 2.30553874e-01, 2.58947111e-01, 2.68646652e-01,
       2.68646652e-01, 2.68646652e-01, 2.68646652e-01, 2.78877706e-01,
       2.99657681e-01, 3.20775566e-01, 3.31437678e-01, 3.53219954e-01,
       3.64198946e-01, 3.75360881e-01, 3.75360881e-01, 3.98355400e-01,
       3.98355400e-01, 4.10102408e-01, 4.22031082e-01, 4.22031082e-01,
       4.34214826e-01, 4.34214826e-01, 4.34214826e-01, 4.34214826e-01,
       4.47044031e-01, 4.73004874e-01, 4.86136218e-01, 4.86136218e-01,
       4.99588522e-01, 4.99588522e-01, 4.99588522e-01, 4.99588522e-01,
       5.13721584e-01, 5.13721584e-01, 5.28196640e-01, 5.57338207e-01,
       5.86772414e-01, 6.16498103e-01, 6.31478771e-01, 6.77027836e-01,
       1.00000000e+00]), array([0.00000000e+00, 4.90133227e-04, 4.90133227e-04, 4.90133227e-04,
       3.41022226e-03, 6.16608917e-03, 6.16608917e-03, 6.16608917e-03,
       7.34399381e-03, 7.34399381e-03, 7.34399381e-03, 7.34399381e-03,
       9.18374012e-03, 9.18374012e-03, 1.14006898e-02, 1.14006898e-02,
       1.39279908e-02, 1.39279908e-02, 2.23083941e-02, 2.23083941e-02,
       2.23083941e-02, 2.23083941e-02, 2.23083941e-02, 3.30106749e-02,
       3.66895580e-02, 4.06199073e-02, 4.06199073e-02, 4.48764031e-02,
       4.92313863e-02, 4.92313863e-02, 5.39342066e-02, 5.39342066e-02,
       6.38272380e-02, 6.90334382e-02, 7.44296502e-02, 7.44296502e-02,
       8.00525269e-02, 8.00525269e-02, 8.59294809e-02, 1.04329133e-01,
       1.04329133e-01, 1.17133264e-01, 1.36894758e-01, 1.57100024e-01,
       1.63984560e-01, 1.85194856e-01, 1.92459797e-01, 2.07322944e-01,
       2.07322944e-01, 2.15003458e-01, 2.22863248e-01, 2.22863248e-01,
       2.22863248e-01, 2.31255014e-01, 2.31255014e-01, 2.39857422e-01,
       2.48717051e-01, 2.48717051e-01, 2.57871289e-01, 2.67182023e-01,
       2.76669608e-01, 2.76669608e-01, 2.86466359e-01, 2.86466359e-01,
       2.86466359e-01, 2.86466359e-01, 2.86466359e-01, 2.86466359e-01,
       2.97155757e-01, 2.97155757e-01, 3.08116606e-01, 3.19314555e-01,
       3.42126700e-01, 3.42126700e-01, 3.53863183e-01, 3.65665657e-01,
       3.65665657e-01, 3.65665657e-01, 3.90238144e-01, 3.90238144e-01,
       3.90238144e-01, 3.90238144e-01, 4.16098619e-01, 4.68585526e-01,
       4.68585526e-01, 4.68585526e-01, 4.82191053e-01, 4.82191053e-01,
       4.82191053e-01, 4.96307104e-01, 5.24851215e-01, 5.53581730e-01,
       5.82633307e-01, 6.26715334e-01, 6.26715334e-01, 6.71772920e-01,
       7.32379196e-01, 7.47633035e-01, 7.47633035e-01, 8.25828411e-01,
       1.00000000e+00]), array([0.00000000e+00, 2.53048735e-04, 5.15765032e-04, 8.30128106e-04,
       8.30128106e-04, 8.30128106e-04, 2.56480350e-03, 3.58830225e-03,
       3.58830225e-03, 6.21663141e-03, 6.21663141e-03, 9.41154053e-03,
       1.30149681e-02, 1.30149681e-02, 1.50554596e-02, 1.50554596e-02,
       1.50554596e-02, 1.50554596e-02, 1.50554596e-02, 1.50554596e-02,
       2.42557781e-02, 2.75317401e-02, 3.08299729e-02, 3.44158924e-02,
       3.44158924e-02, 3.44158924e-02, 3.84782778e-02, 4.25934499e-02,
       4.25934499e-02, 4.25934499e-02, 4.25934499e-02, 4.25934499e-02,
       4.25934499e-02, 5.27128825e-02, 5.79219441e-02, 5.79219441e-02,
       5.79219441e-02, 5.79219441e-02, 5.79219441e-02, 6.38695120e-02,
       6.99910228e-02, 6.99910228e-02, 6.99910228e-02, 7.65958687e-02,
       9.70117201e-02, 1.24983863e-01, 1.32132237e-01, 1.39393859e-01,
       1.54187693e-01, 1.61768281e-01, 1.77263026e-01, 1.85219774e-01,
       2.01441245e-01, 2.09675282e-01, 2.18060715e-01, 2.26618310e-01,
       2.35316214e-01, 2.35316214e-01, 2.44243201e-01, 2.44243201e-01,
       2.62813973e-01, 2.72296323e-01, 2.91620855e-01, 2.91620855e-01,
       3.11408389e-01, 3.21504849e-01, 3.21504849e-01, 3.31953762e-01,
       3.31953762e-01, 3.42609102e-01, 3.42609102e-01, 3.42609102e-01,
       3.42609102e-01, 3.42609102e-01, 3.54154299e-01, 3.77504429e-01,
       3.77504429e-01, 3.77504429e-01, 3.89559148e-01, 3.89559148e-01,
       4.01989367e-01, 4.14589973e-01, 4.14589973e-01, 4.27444954e-01,
       4.40435032e-01, 4.53691480e-01, 4.67100665e-01, 4.80549478e-01,
       4.80549478e-01, 4.94413224e-01, 4.94413224e-01, 5.08623212e-01,
       5.08623212e-01, 5.23036535e-01, 5.67004784e-01, 5.81817821e-01,
       5.96756746e-01, 6.26902342e-01, 6.57451403e-01, 7.19041911e-01,
       1.00000000e+00]), array([0.00000000e+00, 2.16760240e-04, 3.71085728e-04, 6.86681048e-04,
       6.86681048e-04, 1.24025544e-03, 1.24025544e-03, 1.24025544e-03,
       1.24025544e-03, 1.24025544e-03, 3.87166215e-03, 5.33301998e-03,
       8.47777376e-03, 1.01123104e-02, 1.01123104e-02, 1.19950578e-02,
       1.19950578e-02, 1.19950578e-02, 1.19950578e-02, 1.45234319e-02,
       1.71114847e-02, 1.71114847e-02, 1.99477017e-02, 2.59964869e-02,
       3.22830004e-02, 3.55599146e-02, 4.24542150e-02, 5.30767282e-02,
       5.68016212e-02, 5.68016212e-02, 5.68016212e-02, 5.68016212e-02,
       6.10820130e-02, 6.98219868e-02, 6.98219868e-02, 7.44788178e-02,
       7.44788178e-02, 7.44788178e-02, 7.94924041e-02, 8.46983315e-02,
       9.53079243e-02, 1.00768647e-01, 1.00768647e-01, 1.12184447e-01,
       1.41431004e-01, 1.41431004e-01, 1.41431004e-01, 1.53948150e-01,
       1.53948150e-01, 1.53948150e-01, 1.73843299e-01, 1.73843299e-01,
       1.80787296e-01, 1.87795364e-01, 1.87795364e-01, 1.95173277e-01,
       1.95173277e-01, 2.02800463e-01, 2.02800463e-01, 2.02800463e-01,
       2.10798112e-01, 2.18993940e-01, 2.27268784e-01, 2.52438450e-01,
       2.52438450e-01, 2.61139366e-01, 2.69934466e-01, 2.87845045e-01,
       2.87845045e-01, 2.87845045e-01, 2.87845045e-01, 2.97300033e-01,
       2.97300033e-01, 2.97300033e-01, 3.07192724e-01, 3.27227799e-01,
       3.27227799e-01, 3.37480405e-01, 3.47924161e-01, 3.69046694e-01,
       3.79726158e-01, 4.12119389e-01, 4.34044072e-01, 4.56195141e-01,
       4.78662980e-01, 4.90082194e-01, 4.90082194e-01, 5.01755117e-01,
       5.01755117e-01, 5.13700418e-01, 5.13700418e-01, 5.50137659e-01,
       5.50137659e-01, 5.62625371e-01, 5.75203348e-01, 6.00602062e-01,
       6.13375548e-01, 6.39355257e-01, 6.39355257e-01, 7.31959316e-01,
       1.00000000e+00]), array([0.00000000e+00, 6.56505721e-05, 2.19914936e-04, 5.77429808e-04,
       5.77429808e-04, 5.77429808e-04, 1.41072035e-03, 1.41072035e-03,
       1.41072035e-03, 1.41072035e-03, 1.41072035e-03, 1.41072035e-03,
       1.41072035e-03, 6.90050078e-03, 1.09294168e-02, 1.09294168e-02,
       1.09294168e-02, 1.09294168e-02, 1.09294168e-02, 1.37063426e-02,
       1.94967115e-02, 1.94967115e-02, 1.94967115e-02, 2.28276259e-02,
       2.28276259e-02, 2.64833841e-02, 3.02515379e-02, 3.42025248e-02,
       3.82916779e-02, 4.25283597e-02, 4.68748771e-02, 5.58678125e-02,
       6.51832125e-02, 6.99373648e-02, 7.97535902e-02, 8.48768749e-02,
       9.01424398e-02, 9.01424398e-02, 1.01257297e-01, 1.06969911e-01,
       1.42186369e-01, 1.48211573e-01, 1.60484136e-01, 1.73010507e-01,
       1.79511775e-01, 2.05764948e-01, 2.12480910e-01, 2.26174163e-01,
       2.26174163e-01, 2.26174163e-01, 2.26174163e-01, 2.33698133e-01,
       2.33698133e-01, 2.41490364e-01, 2.49388772e-01, 2.81730070e-01,
       2.81730070e-01, 2.81730070e-01, 2.98655908e-01, 3.07375377e-01,
       3.33824127e-01, 3.42746179e-01, 3.60989535e-01, 3.70179164e-01,
       3.88901627e-01, 3.98482323e-01, 4.08136506e-01, 4.08136506e-01,
       4.08136506e-01, 4.18271775e-01, 4.28591702e-01, 4.28591702e-01,
       4.28591702e-01, 4.60736999e-01, 4.71586066e-01, 4.82638855e-01,
       4.93870423e-01, 5.05113960e-01, 5.28122441e-01, 5.51317196e-01,
       5.51317196e-01, 5.51317196e-01, 5.51317196e-01, 5.51317196e-01,
       5.51317196e-01, 5.51317196e-01, 6.01906167e-01, 6.01906167e-01,
       6.27734440e-01, 6.40819846e-01, 6.54053273e-01, 6.67445233e-01,
       6.67445233e-01, 6.67445233e-01, 6.95082335e-01, 7.23055532e-01,
       7.65332828e-01, 7.79622455e-01, 7.94067504e-01, 8.37794060e-01,
       1.00000000e+00])]",0.0193231145540959,0.0122614671842393,0.0246996133732297,0.0133414320149148,"[{'lambda_reg': 8.640876935159906e-05, 'gamma': 0.2589548913753213, 'coef0': -1.716291614306237}, {'lambda_reg': 0.00046124259247899165, 'gamma': 0.09015227014201217, 'coef0': 2.029841076514934}, {'lambda_reg': 7.175225655601622e-05, 'gamma': 0.20903611630902091, 'coef0': 1.2148558850763012}, {'lambda_reg': 4.2552358129960476e-05, 'gamma': 0.023219428272963295, 'coef0': -0.7826258285400209}, {'lambda_reg': 0.00010354412961186009, 'gamma': 0.19239953816695587, 'coef0': 4.175643407316185}]",600,2,sigmoid,159
"[np.float64(0.04765351353526986), np.float64(0.05693285040275005), np.float64(0.06294783718112545), np.float64(0.08224584962114302), np.float64(0.10024230845567374)]",0.0700044718391924,0.0188913038725453,"[np.float64(0.8043670431366088), np.float64(0.8033023292793134), np.float64(0.8075731366859523), np.float64(0.8070990679733374), np.float64(0.7927483447964294)]",0.8030179843743281,0.0053809100448384,"[np.float64(0.9536187442403561), np.float64(0.9408838478373494), np.float64(0.9561583559569314), np.float64(0.9712062460259651), np.float64(0.9513854092253533)]",0.9546505206571912,0.0097735603087373,"[array([0.        , 0.49897969, 0.59156191, 0.6220538 , 0.66226782,
       0.71199431, 0.74142812, 0.77072228, 0.77072228, 0.78029706,
       0.78977686, 0.79912971, 0.80831513, 0.80831513, 0.80831513,
       0.80831513, 0.83471131, 0.83471131, 0.84335068, 0.84335068,
       0.86854   , 0.87685645, 0.88504513, 0.88504513, 0.89300179,
       0.90084474, 0.90084474, 0.90084474, 0.90084474, 0.90829607,
       0.92298795, 0.92298795, 0.93728839, 0.93728839, 0.93728839,
       0.93728839, 0.94396469, 0.94396469, 0.94396469, 0.94396469,
       0.94396469, 0.94396469, 0.94396469, 0.94396469, 0.94396469,
       0.9555496 , 0.9555496 , 0.9555496 , 0.9555496 , 0.9555496 ,
       0.9555496 , 0.96072536, 0.96072536, 0.96072536, 0.96072536,
       0.96072536, 0.96072536, 0.96072536, 0.96072536, 0.9694342 ,
       0.9694342 , 0.9694342 , 0.9694342 , 0.9694342 , 0.97320683,
       0.97320683, 0.97320683, 0.97320683, 0.97320683, 0.97649509,
       0.98605249, 0.98907995, 0.98907995, 0.99191391, 0.99191391,
       0.99456424, 0.99456424, 0.99456424, 0.99456424, 0.99456424,
       0.99456424, 0.99456424, 0.99456424, 0.99456424, 0.99456424,
       0.99456424, 0.99456424, 0.99456424, 0.99456424, 0.99456424,
       0.99673592, 0.99864787, 0.99864787, 0.99864787, 0.99864787,
       0.99864787, 0.9995602 , 0.9995602 , 0.9995602 , 0.99996759,
       1.        ]), array([0.        , 0.48503279, 0.5360593 , 0.57640701, 0.61637631,
       0.64599908, 0.65580508, 0.6654503 , 0.69411583, 0.74130892,
       0.74130892, 0.75056349, 0.76887427, 0.7869929 , 0.80489167,
       0.80489167, 0.82240908, 0.82240908, 0.84790512, 0.84790512,
       0.86458087, 0.86458087, 0.87274281, 0.88886337, 0.88886337,
       0.89665899, 0.89665899, 0.91189567, 0.91938959, 0.91938959,
       0.91938959, 0.91938959, 0.91938959, 0.91938959, 0.92627005,
       0.92627005, 0.92627005, 0.93284112, 0.93284112, 0.93284112,
       0.93284112, 0.93903391, 0.93903391, 0.93903391, 0.93903391,
       0.93903391, 0.93903391, 0.94458981, 0.95001052, 0.95534373,
       0.96060116, 0.96060116, 0.96060116, 0.96060116, 0.96540206,
       0.96540206, 0.96540206, 0.96540206, 0.96540206, 0.96967201,
       0.96967201, 0.96967201, 0.97755829, 0.97755829, 0.98131097,
       0.98131097, 0.98131097, 0.98131097, 0.98471054, 0.98471054,
       0.98471054, 0.98471054, 0.98762164, 0.99050916, 0.99050916,
       0.99050916, 0.99304369, 0.99304369, 0.99304369, 0.99304369,
       0.99304369, 0.99304369, 0.99304369, 0.99304369, 0.99471453,
       0.99471453, 0.99764958, 0.99764958, 0.99764958, 0.99764958,
       0.99764958, 0.998592  , 0.998592  , 0.998592  , 0.998592  ,
       0.99973138, 0.99973138, 0.99973138, 0.99999407, 0.99999407,
       1.        ]), array([0.        , 0.54217134, 0.62597683, 0.66757219, 0.68809139,
       0.6982826 , 0.6982826 , 0.70829492, 0.71820357, 0.72792938,
       0.74724726, 0.78540228, 0.79484823, 0.81340853, 0.81340853,
       0.82252722, 0.82252722, 0.858166  , 0.86692247, 0.87558447,
       0.87558447, 0.87558447, 0.87558447, 0.87558447, 0.88378326,
       0.88378326, 0.88378326, 0.89937796, 0.89937796, 0.89937796,
       0.89937796, 0.91425536, 0.91425536, 0.92142763, 0.92142763,
       0.92142763, 0.92142763, 0.92822033, 0.92822033, 0.92822033,
       0.93467795, 0.94099326, 0.94099326, 0.94099326, 0.94099326,
       0.94099326, 0.94099326, 0.94099326, 0.95213228, 0.95213228,
       0.95755848, 0.96281626, 0.96799986, 0.97307794, 0.97307794,
       0.97307794, 0.97307794, 0.97307794, 0.97763284, 0.97763284,
       0.97763284, 0.97763284, 0.97763284, 0.98166611, 0.98166611,
       0.98166611, 0.9853313 , 0.9853313 , 0.9853313 , 0.9853313 ,
       0.9853313 , 0.98849342, 0.98849342, 0.98849342, 0.98849342,
       0.98849342, 0.98849342, 0.98849342, 0.98849342, 0.98849342,
       0.98849342, 0.98849342, 0.99043228, 0.99043228, 0.99214005,
       0.99214005, 0.99214005, 0.99359874, 0.99491886, 0.99491886,
       0.99491886, 0.99491886, 0.99584686, 0.99753581, 0.99890314,
       0.99945578, 0.99945578, 0.99980301, 0.99980301, 0.99992435,
       1.        ]), array([0.        , 0.57200676, 0.60591175, 0.6729433 , 0.72829993,
       0.72829993, 0.73908551, 0.73908551, 0.77083307, 0.77083307,
       0.77083307, 0.78112934, 0.78112934, 0.79111527, 0.80100403,
       0.80100403, 0.81069249, 0.81069249, 0.82016279, 0.83886497,
       0.83886497, 0.85706243, 0.85706243, 0.86592298, 0.86592298,
       0.88311856, 0.88311856, 0.88311856, 0.88311856, 0.89946683,
       0.91562159, 0.91562159, 0.9234264 , 0.9234264 , 0.9310818 ,
       0.93864052, 0.93864052, 0.93864052, 0.93864052, 0.95269822,
       0.95269822, 0.95269822, 0.9660535 , 0.9660535 , 0.9660535 ,
       0.9660535 , 0.97225355, 0.97225355, 0.98426143, 0.98426143,
       0.98426143, 0.98426143, 0.98426143, 0.98426143, 0.98426143,
       0.98426143, 0.98426143, 0.98426143, 0.98426143, 0.98426143,
       0.9888468 , 0.9888468 , 0.9888468 , 0.9888468 , 0.9888468 ,
       0.9888468 , 0.9888468 , 0.9888468 , 0.9888468 , 0.9888468 ,
       0.9888468 , 0.9888468 , 0.9888468 , 0.9888468 , 0.99188901,
       0.99188901, 0.99188901, 0.99188901, 0.99188901, 0.99188901,
       0.99188901, 0.99188901, 0.99188901, 0.9939103 , 0.9939103 ,
       0.9939103 , 0.9939103 , 0.99546577, 0.99686653, 0.99686653,
       0.99804449, 0.99804449, 0.99804449, 0.99804449, 0.99804449,
       0.99864406, 0.99864406, 0.99899016, 0.99954345, 0.99970197,
       1.        ]), array([0.        , 0.51520199, 0.56814393, 0.6101474 , 0.67248043,
       0.70330148, 0.7337688 , 0.74386361, 0.74386361, 0.75375137,
       0.76350559, 0.76350559, 0.77304996, 0.79196218, 0.81056138,
       0.81056138, 0.81056138, 0.81056138, 0.81947021, 0.82828401,
       0.83691582, 0.83691582, 0.84539292, 0.84539292, 0.85361658,
       0.86173403, 0.86173403, 0.86173403, 0.86958448, 0.87729382,
       0.88492417, 0.89241277, 0.89241277, 0.89241277, 0.89241277,
       0.89945225, 0.89945225, 0.90628595, 0.91305446, 0.91305446,
       0.92611273, 0.93251916, 0.93251916, 0.93866495, 0.93866495,
       0.93866495, 0.94453301, 0.94453301, 0.94453301, 0.94453301,
       0.94453301, 0.94453301, 0.94453301, 0.94453301, 0.94949605,
       0.94949605, 0.95430898, 0.95901797, 0.96363503, 0.97257972,
       0.97257972, 0.97257972, 0.9767644 , 0.9767644 , 0.9767644 ,
       0.9767644 , 0.98423449, 0.98423449, 0.98773071, 0.98773071,
       0.98773071, 0.99095508, 0.99399544, 0.99399544, 0.99399544,
       0.99399544, 0.99399544, 0.99399544, 0.9964062 , 0.9964062 ,
       0.9964062 , 0.9964062 , 0.9964062 , 0.9964062 , 0.9964062 ,
       0.9964062 , 0.9964062 , 0.9964062 , 0.9964062 , 0.9964062 ,
       0.9964062 , 0.99746954, 0.99835155, 0.9999749 , 0.9999749 ,
       0.9999749 , 0.9999749 , 0.9999749 , 0.9999749 , 0.9999749 ,
       1.        ])]","[array([0.        , 0.00448644, 0.00922956, 0.01228447, 0.01812322,
       0.02758359, 0.0348665 , 0.04270742, 0.04270742, 0.04608006,
       0.04983222, 0.05409166, 0.05902016, 0.05902016, 0.05902016,
       0.05902016, 0.07844113, 0.07844113, 0.08555156, 0.08555156,
       0.10979507, 0.11819586, 0.12710722, 0.12710722, 0.13694569,
       0.14723859, 0.14723859, 0.14723859, 0.14723859, 0.1590963 ,
       0.18365403, 0.18365403, 0.20977593, 0.20977593, 0.20977593,
       0.20977593, 0.2247306 , 0.2247306 , 0.2247306 , 0.2247306 ,
       0.2247306 , 0.2247306 , 0.2247306 , 0.2247306 , 0.2247306 ,
       0.2617035 , 0.2617035 , 0.2617035 , 0.2617035 , 0.2617035 ,
       0.2617035 , 0.2826542 , 0.2826542 , 0.2826542 , 0.2826542 ,
       0.2826542 , 0.2826542 , 0.2826542 , 0.2826542 , 0.33111957,
       0.33111957, 0.33111957, 0.33111957, 0.33111957, 0.35767707,
       0.35767707, 0.35767707, 0.35767707, 0.35767707, 0.38617006,
       0.47287722, 0.50241231, 0.50241231, 0.53272064, 0.53272064,
       0.56376274, 0.56376274, 0.56376274, 0.56376274, 0.56376274,
       0.56376274, 0.56376274, 0.56376274, 0.56376274, 0.56376274,
       0.56376274, 0.56376274, 0.56376274, 0.56376274, 0.56376274,
       0.63834998, 0.71397512, 0.71397512, 0.71397512, 0.71397512,
       0.71397512, 0.79359466, 0.79359466, 0.79359466, 0.9168644 ,
       1.        ]), array([0.        , 0.00442839, 0.00727486, 0.0115159 , 0.01732641,
       0.02315335, 0.02537879, 0.02827104, 0.03806813, 0.05681383,
       0.05681383, 0.06132634, 0.07117401, 0.08181862, 0.09337508,
       0.09337508, 0.10651329, 0.10651329, 0.12945595, 0.12945595,
       0.14608492, 0.14608492, 0.15512914, 0.17406077, 0.17406077,
       0.18462427, 0.18462427, 0.20722186, 0.21903667, 0.21903667,
       0.21903667, 0.21903667, 0.21903667, 0.21903667, 0.23339584,
       0.23339584, 0.23339584, 0.24903821, 0.24903821, 0.24903821,
       0.24903821, 0.26624949, 0.26624949, 0.26624949, 0.26624949,
       0.26624949, 0.26624949, 0.28610232, 0.30651581, 0.32729223,
       0.34838295, 0.34838295, 0.34838295, 0.34838295, 0.37136713,
       0.37136713, 0.37136713, 0.37136713, 0.37136713, 0.39655344,
       0.39655344, 0.39655344, 0.44963698, 0.44963698, 0.47696868,
       0.47696868, 0.47696868, 0.47696868, 0.50576493, 0.50576493,
       0.50576493, 0.50576493, 0.53658712, 0.5675071 , 0.5675071 ,
       0.5675071 , 0.5998911 , 0.5998911 , 0.5998911 , 0.5998911 ,
       0.5998911 , 0.5998911 , 0.5998911 , 0.5998911 , 0.6358573 ,
       0.6358573 , 0.70947617, 0.70947617, 0.70947617, 0.70947617,
       0.70947617, 0.74846348, 0.74846348, 0.74846348, 0.74846348,
       0.82952996, 0.82952996, 0.82952996, 0.87133649, 0.87133649,
       1.        ]), array([0.        , 0.00477707, 0.0099771 , 0.01367954, 0.01652949,
       0.01819973, 0.01819973, 0.02051156, 0.02319517, 0.02653453,
       0.03369289, 0.04973375, 0.0540768 , 0.06395214, 0.06395214,
       0.06946887, 0.06946887, 0.09453396, 0.10134975, 0.10850437,
       0.10850437, 0.10850437, 0.10850437, 0.10850437, 0.11732021,
       0.11732021, 0.11732021, 0.13783139, 0.13783139, 0.13783139,
       0.13783139, 0.16091507, 0.16091507, 0.17341243, 0.17341243,
       0.17341243, 0.17341243, 0.1872711 , 0.1872711 , 0.1872711 ,
       0.20233148, 0.21790224, 0.21790224, 0.21790224, 0.21790224,
       0.21790224, 0.21790224, 0.21790224, 0.25439324, 0.25439324,
       0.27315271, 0.2925162 , 0.31214575, 0.3321537 , 0.3321537 ,
       0.3321537 , 0.3321537 , 0.3321537 , 0.354038  , 0.354038  ,
       0.354038  , 0.354038  , 0.354038  , 0.37779305, 0.37779305,
       0.37779305, 0.4028682 , 0.4028682 , 0.4028682 , 0.4028682 ,
       0.4028682 , 0.42974758, 0.42974758, 0.42974758, 0.42974758,
       0.42974758, 0.42974758, 0.42974758, 0.42974758, 0.42974758,
       0.42974758, 0.42974758, 0.46101403, 0.46101403, 0.49310927,
       0.49310927, 0.49310927, 0.5260978 , 0.5595833 , 0.5595833 ,
       0.5595833 , 0.5595833 , 0.59447507, 0.66485779, 0.73639396,
       0.77263196, 0.77263196, 0.8096066 , 0.8096066 , 0.8473914 ,
       1.        ]), array([0.        , 0.00224943, 0.00349264, 0.00805578, 0.01320027,
       0.01320027, 0.0149915 , 0.0149915 , 0.02199031, 0.02199031,
       0.02199031, 0.0250869 , 0.0250869 , 0.02901144, 0.03319518,
       0.03319518, 0.03791332, 0.03791332, 0.04321344, 0.05444975,
       0.05444975, 0.06703254, 0.06703254, 0.07395938, 0.07395938,
       0.08921501, 0.08921501, 0.08921501, 0.08921501, 0.10673109,
       0.12476342, 0.12476342, 0.13450676, 0.13450676, 0.14464868,
       0.15504853, 0.15504853, 0.15504853, 0.15504853, 0.17867541,
       0.17867541, 0.17867541, 0.20417622, 0.20417622, 0.20417622,
       0.20417622, 0.21820074, 0.21820074, 0.24729615, 0.24729615,
       0.24729615, 0.24729615, 0.24729615, 0.24729615, 0.24729615,
       0.24729615, 0.24729615, 0.24729615, 0.24729615, 0.24729615,
       0.26562832, 0.26562832, 0.26562832, 0.26562832, 0.26562832,
       0.26562832, 0.26562832, 0.26562832, 0.26562832, 0.26562832,
       0.26562832, 0.26562832, 0.26562832, 0.26562832, 0.28807733,
       0.28807733, 0.28807733, 0.28807733, 0.28807733, 0.28807733,
       0.28807733, 0.28807733, 0.28807733, 0.31324999, 0.31324999,
       0.31324999, 0.31324999, 0.33966534, 0.36649343, 0.36649343,
       0.39391592, 0.39391592, 0.39391592, 0.39391592, 0.39391592,
       0.42288144, 0.42288144, 0.45252315, 0.51217718, 0.54231933,
       1.        ]), array([0.        , 0.00400413, 0.00691311, 0.01044367, 0.01805006,
       0.02304073, 0.02924734, 0.03152576, 0.03152576, 0.03451591,
       0.0379651 , 0.0379651 , 0.04213559, 0.05108338, 0.06110716,
       0.06110716, 0.06110716, 0.06110716, 0.06746229, 0.07414405,
       0.08145141, 0.08145141, 0.08929054, 0.08929054, 0.09800089,
       0.1070763 , 0.1070763 , 0.1070763 , 0.1170695 , 0.12754773,
       0.1382975 , 0.14953454, 0.14953454, 0.14953454, 0.14953454,
       0.16231537, 0.16231537, 0.17580354, 0.1895158 , 0.1895158 ,
       0.21858598, 0.23354287, 0.23354287, 0.24939567, 0.24939567,
       0.24939567, 0.26620316, 0.26620316, 0.26620316, 0.26620316,
       0.26620316, 0.26620316, 0.26620316, 0.26620316, 0.28612157,
       0.28612157, 0.30655594, 0.32734759, 0.34845526, 0.39166551,
       0.39166551, 0.39166551, 0.41425943, 0.41425943, 0.41425943,
       0.41425943, 0.46253845, 0.46253845, 0.48749892, 0.48749892,
       0.48749892, 0.51339383, 0.53992125, 0.53992125, 0.53992125,
       0.53992125, 0.53992125, 0.53992125, 0.56861287, 0.56861287,
       0.56861287, 0.56861287, 0.56861287, 0.56861287, 0.56861287,
       0.56861287, 0.56861287, 0.56861287, 0.56861287, 0.56861287,
       0.56861287, 0.60193609, 0.63588266, 0.7042593 , 0.7042593 ,
       0.7042593 , 0.7042593 , 0.7042593 , 0.7042593 , 0.7042593 ,
       1.        ])]",0.0122146595730669,0.0065298812451764,0.0108868875450922,0.0019425035297078,"[{'lambda_reg': 0.045188158579270846, 'gamma': 0.09263432068897504, 'degree': 4, 'coef0': 1.5702692173691823}, {'lambda_reg': 0.0009894548611740217, 'gamma': 0.19667730167125796, 'degree': 4, 'coef0': 0.932976112527637}, {'lambda_reg': 1.7190620397116224e-05, 'gamma': 0.23813558493284626, 'degree': 3, 'coef0': 0.9571086138657359}, {'lambda_reg': 3.9701546228764976e-05, 'gamma': 0.0652539616371632, 'degree': 6, 'coef0': 0.5421637317859268}, {'lambda_reg': 0.00011666972759149009, 'gamma': 0.12762297193967487, 'degree': 4, 'coef0': 0.8231169068678579}]",600,3,polynomial,167
"[np.float64(0.12403649090025012), np.float64(0.10090576977525949), np.float64(0.1565686067032769), np.float64(0.10071391675964708), np.float64(0.12199408089834872)]",0.1208437730073564,0.0204475694586198,"[np.float64(0.8398438831310812), np.float64(0.858538976444852), np.float64(0.8083765796060896), np.float64(0.8817190219441691), np.float64(0.8354596758975186)]",0.844787627404742,0.024455032985502,"[np.float64(0.8808942427087141), np.float64(0.8586924042547904), np.float64(0.8940643369948355), np.float64(0.9111561135132699), np.float64(0.8908038172987318)]",0.8871221829540683,0.0172419100385524,"[array([0.        , 0.1627026 , 0.23402447, 0.23402447, 0.25146472,
       0.26882744, 0.30299983, 0.30299983, 0.31969405, 0.36920288,
       0.36920288, 0.36920288, 0.36920288, 0.38503342, 0.41640627,
       0.41640627, 0.43174025, 0.43174025, 0.44671996, 0.46150186,
       0.50532782, 0.50532782, 0.51955823, 0.54753807, 0.54753807,
       0.54753807, 0.54753807, 0.54753807, 0.54753807, 0.54753807,
       0.54753807, 0.54753807, 0.54753807, 0.54753807, 0.54753807,
       0.54753807, 0.57099753, 0.57099753, 0.57099753, 0.58211947,
       0.59304126, 0.60378054, 0.61432786, 0.61432786, 0.62453258,
       0.62453258, 0.63442175, 0.65379557, 0.67279472, 0.69151224,
       0.69151224, 0.70942555, 0.73560432, 0.73560432, 0.76076084,
       0.76904783, 0.77708293, 0.79286266, 0.80823835, 0.80823835,
       0.8228183 , 0.85150115, 0.85852433, 0.87209491, 0.89189959,
       0.89827366, 0.89827366, 0.90427379, 0.9101943 , 0.91581013,
       0.92126415, 0.92665099, 0.93684488, 0.94174973, 0.94663146,
       0.94663146, 0.94663146, 0.95094574, 0.95094574, 0.96267499,
       0.96267499, 0.96267499, 0.97282858, 0.97282858, 0.97885892,
       0.98157575, 0.98415535, 0.98415535, 0.98415535, 0.98415535,
       0.98600285, 0.98600285, 0.98756282, 0.99166431, 0.99290439,
       0.99290439, 0.99363911, 0.99626983, 0.99798525, 0.99955856,
       1.        ]), array([0.        , 0.15063712, 0.18365519, 0.24896344, 0.26517282,
       0.2972491 , 0.34484982, 0.36056489, 0.3761003 , 0.3761003 ,
       0.3761003 , 0.3761003 , 0.3761003 , 0.3761003 , 0.3761003 ,
       0.3761003 , 0.3761003 , 0.39014644, 0.39014644, 0.40380698,
       0.40380698, 0.43049844, 0.43049844, 0.43049844, 0.4433387 ,
       0.4433387 , 0.45587086, 0.48062935, 0.48062935, 0.49263897,
       0.49263897, 0.52762966, 0.53907869, 0.55042243, 0.5840347 ,
       0.59504914, 0.60580063, 0.61650961, 0.61650961, 0.61650961,
       0.61650961, 0.63641851, 0.64615702, 0.65588409, 0.65588409,
       0.68377903, 0.68377903, 0.68377903, 0.70132596, 0.70994747,
       0.72689021, 0.72689021, 0.7431644 , 0.78307689, 0.79874034,
       0.79874034, 0.82112281, 0.82112281, 0.84244515, 0.86340857,
       0.86340857, 0.86340857, 0.86988073, 0.8762416 , 0.8762416 ,
       0.8762416 , 0.8762416 , 0.88191641, 0.88191641, 0.89251526,
       0.89251526, 0.90242904, 0.907218  , 0.91645638, 0.92540263,
       0.93399389, 0.93399389, 0.93797326, 0.9455135 , 0.94914018,
       0.95259756, 0.95259756, 0.95871431, 0.95871431, 0.95871431,
       0.96124287, 0.96373187, 0.97046778, 0.9787177 , 0.98057944,
       0.98405406, 0.98877887, 0.98877887, 0.99127403, 0.99673589,
       0.99852518, 1.        , 1.        , 1.        , 1.        ,
       1.        ]), array([0.        , 0.22956857, 0.24691145, 0.2641863 , 0.28126403,
       0.31502806, 0.31502806, 0.31502806, 0.31502806, 0.33116636,
       0.33116636, 0.36293635, 0.37850622, 0.37850622, 0.37850622,
       0.40867359, 0.43858012, 0.48281647, 0.49734454, 0.49734454,
       0.49734454, 0.51138833, 0.52522986, 0.53884815, 0.53884815,
       0.53884815, 0.53884815, 0.56470481, 0.56470481, 0.58995498,
       0.58995498, 0.60224322, 0.60224322, 0.61415776, 0.6376271 ,
       0.64923737, 0.66068871, 0.66068871, 0.68268563, 0.68268563,
       0.68268563, 0.68268563, 0.69298974, 0.69298974, 0.70289089,
       0.71267947, 0.71267947, 0.72216218, 0.73149397, 0.74060441,
       0.75839261, 0.7758872 , 0.7758872 , 0.80113962, 0.80113962,
       0.80916687, 0.82478611, 0.85549403, 0.87057726, 0.87057726,
       0.87057726, 0.87754868, 0.87754868, 0.87754868, 0.88397964,
       0.88397964, 0.89015774, 0.89015774, 0.89015774, 0.89567525,
       0.89567525, 0.90605997, 0.91606608, 0.92092317, 0.92567296,
       0.93018218, 0.93881506, 0.95115212, 0.95512309, 0.95512309,
       0.95512309, 0.95512309, 0.95845329, 0.96157447, 0.96745364,
       0.96745364, 0.96745364, 0.97223262, 0.97649078, 0.97649078,
       0.9840484 , 0.9840484 , 0.98555558, 0.98967756, 0.98967756,
       0.99367665, 0.99517531, 0.99711935, 0.99855406, 0.9995643 ,
       1.        ]), array([0.        , 0.19299934, 0.23533884, 0.27712974, 0.31860575,
       0.3391887 , 0.37960016, 0.37960016, 0.39952494, 0.41910472,
       0.41910472, 0.43830334, 0.43830334, 0.43830334, 0.43830334,
       0.43830334, 0.43830334, 0.45623117, 0.4740556 , 0.4740556 ,
       0.49138019, 0.525426  , 0.54224084, 0.54224084, 0.55858892,
       0.57478132, 0.57478132, 0.57478132, 0.57478132, 0.57478132,
       0.57478132, 0.57478132, 0.58944418, 0.58944418, 0.58944418,
       0.60348797, 0.61732112, 0.63086481, 0.63086481, 0.63086481,
       0.64376518, 0.65649673, 0.65649673, 0.66887606, 0.66887606,
       0.66887606, 0.68060193, 0.69211969, 0.69211969, 0.70307897,
       0.70307897, 0.71379477, 0.71379477, 0.71379477, 0.71379477,
       0.71379477, 0.71379477, 0.73245716, 0.75979393, 0.76870983,
       0.78609872, 0.79462325, 0.81937517, 0.82751508, 0.84322743,
       0.85075475, 0.85075475, 0.85802136, 0.85802136, 0.86481184,
       0.87800841, 0.88439401, 0.89664903, 0.9025924 , 0.91417515,
       0.91417515, 0.92480148, 0.93489053, 0.93489053, 0.93952342,
       0.93952342, 0.94380536, 0.9477341 , 0.95148228, 0.9549581 ,
       0.95825747, 0.95825747, 0.96113604, 0.96919206, 0.97651996,
       0.98104169, 0.98104169, 0.98282037, 0.98608738, 0.99017375,
       0.99127353, 0.99223759, 0.99362592, 0.99516963, 0.99862121,
       1.        ]), array([0.        , 0.17081354, 0.1895685 , 0.20810229, 0.28149864,
       0.29967478, 0.31770906, 0.33551196, 0.38827951, 0.38827951,
       0.38827951, 0.40537428, 0.40537428, 0.40537428, 0.40537428,
       0.40537428, 0.40537428, 0.40537428, 0.42101958, 0.43647882,
       0.45186316, 0.45186316, 0.4667714 , 0.48146998, 0.48146998,
       0.48146998, 0.48146998, 0.48146998, 0.49516052, 0.49516052,
       0.50848632, 0.52162985, 0.53468049, 0.58582171, 0.58582171,
       0.6107999 , 0.6107999 , 0.6107999 , 0.62265638, 0.62265638,
       0.64556411, 0.65696616, 0.67922449, 0.67922449, 0.68993226,
       0.72158178, 0.72158178, 0.72158178, 0.72158178, 0.74116608,
       0.74116608, 0.76946527, 0.76946527, 0.79645728, 0.79645728,
       0.79645728, 0.80491447, 0.80491447, 0.81306459, 0.82088523,
       0.82867175, 0.82867175, 0.84336727, 0.85042573, 0.85042573,
       0.85042573, 0.85042573, 0.86317857, 0.86939346, 0.88148547,
       0.88720103, 0.89849391, 0.90394478, 0.90918196, 0.91426736,
       0.92405683, 0.92405683, 0.9284435 , 0.93271194, 0.94486266,
       0.94486266, 0.94852443, 0.95195468, 0.95528964, 0.95839987,
       0.96423762, 0.96694887, 0.972188  , 0.972188  , 0.972188  ,
       0.97415096, 0.97952689, 0.98121876, 0.98688786, 0.99049603,
       0.99360341, 0.99530436, 0.99587786, 0.998133  , 0.99977321,
       1.        ])]","[array([0.00000000e+00, 9.13996955e-05, 9.77932534e-04, 9.77932534e-04,
       1.53286720e-03, 2.15400941e-03, 3.86868195e-03, 3.86868195e-03,
       5.06080931e-03, 9.12730498e-03, 9.12730498e-03, 9.12730498e-03,
       9.12730498e-03, 1.10571200e-02, 1.51629360e-02, 1.51629360e-02,
       1.75168657e-02, 1.75168657e-02, 2.01733975e-02, 2.29988744e-02,
       3.19192342e-02, 3.19192342e-02, 3.52157512e-02, 4.22196035e-02,
       4.22196035e-02, 4.22196035e-02, 4.22196035e-02, 4.22196035e-02,
       4.22196035e-02, 4.22196035e-02, 4.22196035e-02, 4.22196035e-02,
       4.22196035e-02, 4.22196035e-02, 4.22196035e-02, 4.22196035e-02,
       5.30844017e-02, 5.30844017e-02, 5.30844017e-02, 5.90359286e-02,
       6.51584072e-02, 7.14367746e-02, 7.78790927e-02, 7.78790927e-02,
       8.46140371e-02, 8.46140371e-02, 9.16185006e-02, 1.05972933e-01,
       1.20647372e-01, 1.35562365e-01, 1.35562365e-01, 1.51164247e-01,
       1.75157439e-01, 1.75157439e-01, 2.00023750e-01, 2.08396668e-01,
       2.16984731e-01, 2.34408945e-01, 2.52178260e-01, 2.52178260e-01,
       2.70627238e-01, 3.07932644e-01, 3.17385005e-01, 3.36696102e-01,
       3.66133537e-01, 3.76140312e-01, 3.76140312e-01, 3.86466488e-01,
       3.96860664e-01, 4.07515067e-01, 4.18307684e-01, 4.29157674e-01,
       4.51352874e-01, 4.62614545e-01, 4.73895970e-01, 4.73895970e-01,
       4.73895970e-01, 4.85662058e-01, 4.85662058e-01, 5.21996880e-01,
       5.21996880e-01, 5.21996880e-01, 5.59677508e-01, 5.59677508e-01,
       5.85428882e-01, 5.98559386e-01, 6.11807102e-01, 6.11807102e-01,
       6.11807102e-01, 6.11807102e-01, 6.25680115e-01, 6.25680115e-01,
       6.39798716e-01, 6.82648567e-01, 6.97040397e-01, 6.97040397e-01,
       7.11863862e-01, 7.71420933e-01, 8.31759776e-01, 9.23122019e-01,
       1.00000000e+00]), array([0.00000000e+00, 3.75581677e-04, 9.09770660e-04, 2.69629086e-03,
       3.25903608e-03, 4.72240328e-03, 7.42428289e-03, 8.47471259e-03,
       9.70239716e-03, 9.70239716e-03, 9.70239716e-03, 9.70239716e-03,
       9.70239716e-03, 9.70239716e-03, 9.70239716e-03, 9.70239716e-03,
       9.70239716e-03, 1.23994128e-02, 1.23994128e-02, 1.54768688e-02,
       1.54768688e-02, 2.22529592e-02, 2.22529592e-02, 2.22529592e-02,
       2.61397069e-02, 2.61397069e-02, 3.03304364e-02, 3.90136161e-02,
       3.90136161e-02, 4.37198881e-02, 4.37198881e-02, 5.88629649e-02,
       6.41223169e-02, 6.94855475e-02, 8.59885835e-02, 9.16767110e-02,
       9.76242666e-02, 1.03613755e-01, 1.03613755e-01, 1.03613755e-01,
       1.03613755e-01, 1.17081598e-01, 1.24028565e-01, 1.30986827e-01,
       1.30986827e-01, 1.53130644e-01, 1.53130644e-01, 1.53130644e-01,
       1.68928833e-01, 1.76977849e-01, 1.93372140e-01, 1.93372140e-01,
       2.10426033e-01, 2.53823383e-01, 2.71479834e-01, 2.71479834e-01,
       2.99062326e-01, 2.99062326e-01, 3.27690744e-01, 3.56673277e-01,
       3.56673277e-01, 3.56673277e-01, 3.66842862e-01, 3.77122247e-01,
       3.77122247e-01, 3.77122247e-01, 3.77122247e-01, 3.88078509e-01,
       3.88078509e-01, 4.10731752e-01, 4.10731752e-01, 4.34060891e-01,
       4.45891145e-01, 4.69886645e-01, 4.94170355e-01, 5.18804313e-01,
       5.18804313e-01, 5.31433309e-01, 5.57104212e-01, 5.70081183e-01,
       5.83225185e-01, 5.83225185e-01, 6.10300517e-01, 6.10300517e-01,
       6.10300517e-01, 6.24360905e-01, 6.38460325e-01, 6.81479872e-01,
       7.39560779e-01, 7.54279065e-01, 7.83961145e-01, 8.28964877e-01,
       8.28964877e-01, 8.59613311e-01, 9.37000041e-01, 9.68344887e-01,
       1.00000000e+00, 1.00000000e+00, 1.00000000e+00, 1.00000000e+00,
       1.00000000e+00]), array([0.00000000e+00, 6.79706881e-05, 3.55604876e-04, 7.04000472e-04,
       1.22841993e-03, 2.62681413e-03, 2.62681413e-03, 2.62681413e-03,
       2.62681413e-03, 3.99016273e-03, 3.99016273e-03, 7.16927867e-03,
       9.04024961e-03, 9.04024961e-03, 9.04024961e-03, 1.36505276e-02,
       1.84937506e-02, 2.63153262e-02, 2.91166392e-02, 2.91166392e-02,
       2.91166392e-02, 3.23504260e-02, 3.57648361e-02, 3.93786006e-02,
       3.93786006e-02, 3.93786006e-02, 3.93786006e-02, 4.78384301e-02,
       4.78384301e-02, 5.68398648e-02, 5.68398648e-02, 6.16413971e-02,
       6.16413971e-02, 6.67766393e-02, 7.73683950e-02, 8.27753580e-02,
       8.83242539e-02, 8.83242539e-02, 1.00230905e-01, 1.00230905e-01,
       1.00230905e-01, 1.00230905e-01, 1.06804299e-01, 1.06804299e-01,
       1.13737538e-01, 1.20771309e-01, 1.20771309e-01, 1.28078223e-01,
       1.35519920e-01, 1.43159279e-01, 1.58824397e-01, 1.74751714e-01,
       1.74751714e-01, 1.99526298e-01, 1.99526298e-01, 2.08132967e-01,
       2.25735008e-01, 2.61412885e-01, 2.79493593e-01, 2.79493593e-01,
       2.79493593e-01, 2.89043134e-01, 2.89043134e-01, 2.89043134e-01,
       2.99075331e-01, 2.99075331e-01, 3.09333328e-01, 3.09333328e-01,
       3.09333328e-01, 3.20181240e-01, 3.20181240e-01, 3.42457802e-01,
       3.65072475e-01, 3.76510157e-01, 3.88043668e-01, 3.99792000e-01,
       4.23632998e-01, 4.59941237e-01, 4.72170248e-01, 4.72170248e-01,
       4.72170248e-01, 4.72170248e-01, 4.84971468e-01, 4.97959359e-01,
       5.24259463e-01, 5.24259463e-01, 5.24259463e-01, 5.51542063e-01,
       5.79289762e-01, 5.79289762e-01, 6.35641288e-01, 6.35641288e-01,
       6.50070507e-01, 6.93714975e-01, 6.93714975e-01, 7.53244349e-01,
       7.83456328e-01, 8.29045734e-01, 8.75089990e-01, 9.37288457e-01,
       1.00000000e+00]), array([0.00000000e+00, 2.43458121e-04, 6.45527006e-04, 1.39514426e-03,
       2.34425978e-03, 2.91705058e-03, 4.54059527e-03, 4.54059527e-03,
       5.53035675e-03, 6.73868981e-03, 6.73868981e-03, 8.18850058e-03,
       8.18850058e-03, 8.18850058e-03, 8.18850058e-03, 8.18850058e-03,
       8.18850058e-03, 1.04433974e-02, 1.27638018e-02, 1.27638018e-02,
       1.54008709e-02, 2.10572709e-02, 2.40172835e-02, 2.40172835e-02,
       2.72730040e-02, 3.06273563e-02, 3.06273563e-02, 3.06273563e-02,
       3.06273563e-02, 3.06273563e-02, 3.06273563e-02, 3.06273563e-02,
       3.49507206e-02, 3.49507206e-02, 3.49507206e-02, 3.96662936e-02,
       4.45153024e-02, 4.95477012e-02, 4.95477012e-02, 4.95477012e-02,
       5.49876678e-02, 6.05345808e-02, 6.05345808e-02, 6.63046368e-02,
       6.63046368e-02, 6.63046368e-02, 7.24886846e-02, 7.88045784e-02,
       7.88045784e-02, 8.54742849e-02, 8.54742849e-02, 9.22982464e-02,
       9.22982464e-02, 9.22982464e-02, 9.22982464e-02, 9.22982464e-02,
       9.22982464e-02, 1.07700555e-01, 1.31220137e-01, 1.39184390e-01,
       1.55393506e-01, 1.63605710e-01, 1.88762879e-01, 1.97218748e-01,
       2.14490007e-01, 2.23333980e-01, 2.23333980e-01, 2.32343118e-01,
       2.32343118e-01, 2.41653900e-01, 2.60518992e-01, 2.70086276e-01,
       2.89547870e-01, 2.99395324e-01, 3.19282823e-01, 3.19282823e-01,
       3.39776248e-01, 3.60610052e-01, 3.60610052e-01, 3.71287743e-01,
       3.71287743e-01, 3.82187771e-01, 3.93311562e-01, 4.04549741e-01,
       4.15960473e-01, 4.27482992e-01, 4.27482992e-01, 4.39272100e-01,
       4.75006682e-01, 5.11202550e-01, 5.35563442e-01, 5.35563442e-01,
       5.48049366e-01, 5.73205166e-01, 6.11454652e-01, 6.24370682e-01,
       6.37372697e-01, 6.63718705e-01, 7.03579050e-01, 8.64745713e-01,
       1.00000000e+00]), array([0.00000000e+00, 2.25354036e-04, 4.25455508e-04, 7.98168467e-04,
       2.86558672e-03, 3.51741622e-03, 4.27995094e-03, 5.22306067e-03,
       8.55275318e-03, 8.55275318e-03, 8.55275318e-03, 1.00484990e-02,
       1.00484990e-02, 1.00484990e-02, 1.00484990e-02, 1.00484990e-02,
       1.00484990e-02, 1.00484990e-02, 1.26754401e-02, 1.54475855e-02,
       1.82781865e-02, 1.82781865e-02, 2.14803400e-02, 2.48461151e-02,
       2.48461151e-02, 2.48461151e-02, 2.48461151e-02, 2.48461151e-02,
       2.89985854e-02, 2.89985854e-02, 3.34357128e-02, 3.80150802e-02,
       4.26669367e-02, 6.21026703e-02, 6.21026703e-02, 7.22828719e-02,
       7.22828719e-02, 7.22828719e-02, 7.78666741e-02, 7.78666741e-02,
       8.96627015e-02, 9.56011555e-02, 1.07903979e-01, 1.07903979e-01,
       1.14384265e-01, 1.34194851e-01, 1.34194851e-01, 1.34194851e-01,
       1.34194851e-01, 1.48584542e-01, 1.48584542e-01, 1.71009796e-01,
       1.71009796e-01, 1.94455194e-01, 1.94455194e-01, 1.94455194e-01,
       2.02691870e-01, 2.02691870e-01, 2.11168190e-01, 2.19901637e-01,
       2.28661708e-01, 2.28661708e-01, 2.46866699e-01, 2.56194966e-01,
       2.56194966e-01, 2.56194966e-01, 2.56194966e-01, 2.75916057e-01,
       2.85902658e-01, 3.06139472e-01, 3.16515761e-01, 3.37376235e-01,
       3.47959094e-01, 3.58708725e-01, 3.69576799e-01, 3.91610561e-01,
       3.91610561e-01, 4.03023942e-01, 4.14529587e-01, 4.49557408e-01,
       4.49557408e-01, 4.61536514e-01, 4.73696298e-01, 4.85930460e-01,
       4.98339999e-01, 5.23457752e-01, 5.36178658e-01, 5.61763584e-01,
       5.61763584e-01, 5.61763584e-01, 5.75068475e-01, 6.15383456e-01,
       6.28899916e-01, 6.83822925e-01, 7.25517499e-01, 7.67602903e-01,
       7.95949086e-01, 8.10338340e-01, 8.82762486e-01, 9.70503349e-01,
       1.00000000e+00])]",0.0116897058901338,0.0168223729087812,0.0231985571997876,0.0024246981523624,"[{'lambda_reg': 0.0001926282953522697, 'gamma': 0.0013696520687538536}, {'lambda_reg': 0.01128160398125899, 'gamma': 0.0019267299730756607}, {'lambda_reg': 0.05085686947969336, 'gamma': 0.0623861830504643}, {'lambda_reg': 4.1320554103084905e-05, 'gamma': 0.0015636556636312424}, {'lambda_reg': 0.00021763056950927583, 'gamma': 0.0012941589491585277}]",600,2,laplacian,156
"[np.float64(0.1011854906197597), np.float64(0.052385892771246965), np.float64(0.08040311315948488), np.float64(0.11943358005680361), np.float64(0.10749297750457237)]",0.0921802108223735,0.0235822382348931,"[np.float64(0.8060596184737477), np.float64(0.8034878456746241), np.float64(0.7455905772799557), np.float64(0.7256383035778946), np.float64(0.8590746023330913)]",0.7879701894678627,0.0475503063136642,"[np.float64(0.9071149345557685), np.float64(0.9260690850676415), np.float64(0.9210357033318212), np.float64(0.9129664526722552), np.float64(0.9418101981127214)]",0.9217992747480416,0.0119406864801402,"[array([0.        , 0.        , 0.05817323, 0.23179259, 0.31751163,
       0.37404803, 0.37404803, 0.45723053, 0.45723053, 0.48429181,
       0.48429181, 0.51070887, 0.51070887, 0.51070887, 0.53621724,
       0.5617106 , 0.5617106 , 0.5864541 , 0.61090872, 0.65920797,
       0.68303529, 0.68303529, 0.68303529, 0.68303529, 0.68303529,
       0.68303529, 0.70507561, 0.70507561, 0.70507561, 0.70507561,
       0.70507561, 0.70507561, 0.70507561, 0.72509476, 0.76428512,
       0.78371651, 0.78371651, 0.78371651, 0.78371651, 0.78371651,
       0.78371651, 0.78371651, 0.80111817, 0.81815987, 0.81815987,
       0.81815987, 0.81815987, 0.81815987, 0.84941095, 0.84941095,
       0.84941095, 0.84941095, 0.84941095, 0.84941095, 0.86316519,
       0.87678854, 0.87678854, 0.87678854, 0.87678854, 0.87678854,
       0.88878519, 0.88878519, 0.90020889, 0.9111971 , 0.9111971 ,
       0.92183458, 0.92183458, 0.92183458, 0.92183458, 0.92183458,
       0.93095207, 0.93095207, 0.93095207, 0.96360542, 0.96360542,
       0.96360542, 0.96360542, 0.96360542, 0.97028587, 0.97028587,
       0.97634043, 0.97634043, 0.97634043, 0.98157341, 0.98157341,
       0.98157341, 0.98597862, 0.98597862, 0.98597862, 0.98951335,
       0.99276404, 0.99276404, 0.99518052, 0.99518052, 0.99518052,
       0.99518052, 0.9979218 , 0.99883769, 0.99883769, 0.999854  ,
       1.        ]), array([0.        , 0.        , 0.02903099, 0.11534301, 0.22939827,
       0.34196969, 0.42567945, 0.45332071, 0.45332071, 0.50733341,
       0.53396652, 0.56057606, 0.63875182, 0.63875182, 0.63875182,
       0.66402408, 0.68889564, 0.68889564, 0.68889564, 0.71302058,
       0.71302058, 0.71302058, 0.73637531, 0.75916267, 0.75916267,
       0.75916267, 0.75916267, 0.75916267, 0.75916267, 0.75916267,
       0.75916267, 0.77968083, 0.77968083, 0.77968083, 0.79948347,
       0.79948347, 0.79948347, 0.79948347, 0.79948347, 0.79948347,
       0.79948347, 0.81716985, 0.81716985, 0.8511158 , 0.86786934,
       0.86786934, 0.88394612, 0.88394612, 0.89942567, 0.89942567,
       0.91444301, 0.91444301, 0.91444301, 0.91444301, 0.91444301,
       0.91444301, 0.92762951, 0.92762951, 0.92762951, 0.93976475,
       0.93976475, 0.93976475, 0.93976475, 0.95086678, 0.95086678,
       0.95086678, 0.95086678, 0.95086678, 0.95086678, 0.96021514,
       0.96021514, 0.96021514, 0.96021514, 0.96021514, 0.96021514,
       0.96775296, 0.96775296, 0.97468165, 0.97468165, 0.98101593,
       0.98101593, 0.98101593, 0.98101593, 0.98101593, 0.98101593,
       0.98560493, 0.98560493, 0.98560493, 0.98560493, 0.98560493,
       0.98560493, 0.98842571, 0.99099837, 0.99314179, 0.99314179,
       0.99314179, 0.99581847, 0.99804715, 0.99961048, 0.99993191,
       1.        ]), array([0.        , 0.        , 0.17778815, 0.32494872, 0.32494872,
       0.38258897, 0.46797523, 0.4963011 , 0.4963011 , 0.52404758,
       0.52404758, 0.55091386, 0.55091386, 0.55091386, 0.55091386,
       0.55091386, 0.60192617, 0.62722949, 0.65202807, 0.65202807,
       0.65202807, 0.65202807, 0.65202807, 0.65202807, 0.67502117,
       0.67502117, 0.67502117, 0.69725092, 0.69725092, 0.69725092,
       0.69725092, 0.69725092, 0.71802605, 0.75876132, 0.7789665 ,
       0.7789665 , 0.79849778, 0.79849778, 0.79849778, 0.81697177,
       0.81697177, 0.81697177, 0.81697177, 0.81697177, 0.81697177,
       0.83370276, 0.83370276, 0.83370276, 0.83370276, 0.83370276,
       0.8488811 , 0.8488811 , 0.86342507, 0.86342507, 0.87731776,
       0.87731776, 0.89088225, 0.90400621, 0.91669279, 0.91669279,
       0.92884115, 0.92884115, 0.92884115, 0.92884115, 0.92884115,
       0.92884115, 0.92884115, 0.92884115, 0.92884115, 0.94799801,
       0.95731598, 0.96619348, 0.96619348, 0.96619348, 0.97429584,
       0.97429584, 0.97429584, 0.97429584, 0.97429584, 0.98088634,
       0.98088634, 0.98088634, 0.98088634, 0.98618144, 0.98618144,
       0.98618144, 0.98618144, 0.98618144, 0.98618144, 0.98961781,
       0.99594598, 0.99594598, 0.99594598, 0.99594598, 0.99594598,
       0.99594598, 0.99594598, 0.99792254, 0.99927566, 0.99966791,
       1.        ]), array([0.        , 0.        , 0.        , 0.0987033 , 0.16390624,
       0.29304187, 0.38876342, 0.42047163, 0.42047163, 0.42047163,
       0.45110998, 0.45110998, 0.45110998, 0.45110998, 0.50957265,
       0.50957265, 0.53822196, 0.53822196, 0.53822196, 0.53822196,
       0.53822196, 0.53822196, 0.56480495, 0.61728992, 0.61728992,
       0.61728992, 0.61728992, 0.64219497, 0.66664121, 0.66664121,
       0.66664121, 0.66664121, 0.66664121, 0.68931508, 0.68931508,
       0.71133006, 0.7551127 , 0.77671821, 0.79800645, 0.79800645,
       0.81836086, 0.81836086, 0.81836086, 0.81836086, 0.81836086,
       0.83724138, 0.83724138, 0.83724138, 0.83724138, 0.8546959 ,
       0.8546959 , 0.8546959 , 0.87118122, 0.87118122, 0.87118122,
       0.87118122, 0.87118122, 0.87118122, 0.88557237, 0.89951065,
       0.89951065, 0.89951065, 0.91265407, 0.91265407, 0.92486646,
       0.92486646, 0.92486646, 0.92486646, 0.92486646, 0.92486646,
       0.92486646, 0.92486646, 0.9343667 , 0.9343667 , 0.9343667 ,
       0.9343667 , 0.9343667 , 0.94229188, 0.94229188, 0.95676848,
       0.95676848, 0.96334126, 0.96334126, 0.96334126, 0.96334126,
       0.96334126, 0.96807976, 0.96807976, 0.97222464, 0.98007417,
       0.98007417, 0.98328679, 0.98601349, 0.98852126, 0.99291969,
       0.99291969, 0.99593905, 0.99706065, 0.99788197, 0.99940079,
       1.        ]), array([0.        , 0.        , 0.        , 0.07751563, 0.15422007,
       0.19226763, 0.38033882, 0.45455313, 0.49130813, 0.527542  ,
       0.527542  , 0.527542  , 0.527542  , 0.56237421, 0.63120383,
       0.63120383, 0.63120383, 0.63120383, 0.63120383, 0.66350386,
       0.66350386, 0.69506116, 0.69506116, 0.69506116, 0.69506116,
       0.69506116, 0.69506116, 0.69506116, 0.69506116, 0.69506116,
       0.69506116, 0.72286877, 0.72286877, 0.74970006, 0.74970006,
       0.74970006, 0.74970006, 0.77503874, 0.77503874, 0.77503874,
       0.77503874, 0.77503874, 0.79823063, 0.79823063, 0.79823063,
       0.82022521, 0.82022521, 0.82022521, 0.82022521, 0.82022521,
       0.82022521, 0.84008731, 0.85934945, 0.85934945, 0.8776921 ,
       0.8776921 , 0.89548273, 0.89548273, 0.89548273, 0.91196703,
       0.91196703, 0.91196703, 0.91196703, 0.91196703, 0.91196703,
       0.91196703, 0.91196703, 0.91196703, 0.92473898, 0.92473898,
       0.92473898, 0.92473898, 0.92473898, 0.92473898, 0.92473898,
       0.92473898, 0.92473898, 0.92473898, 0.93364278, 0.94213368,
       0.9584229 , 0.9584229 , 0.96570642, 0.96570642, 0.96570642,
       0.96570642, 0.96570642, 0.97114104, 0.97114104, 0.97114104,
       0.97513561, 0.97513561, 0.98175951, 0.98478364, 0.99002758,
       0.99214853, 0.99378126, 0.99378126, 0.99646221, 0.99905479,
       1.        ])]","[array([0.        , 0.        , 0.00143697, 0.00690397, 0.01103794,
       0.01457672, 0.01457672, 0.02196781, 0.02196781, 0.02528698,
       0.02528698, 0.02943338, 0.02943338, 0.02943338, 0.03474662,
       0.04007912, 0.04007912, 0.04637449, 0.05304082, 0.06715675,
       0.07462859, 0.07462859, 0.07462859, 0.07462859, 0.07462859,
       0.07462859, 0.08439507, 0.08439507, 0.08439507, 0.08439507,
       0.08439507, 0.08439507, 0.08439507, 0.09675688, 0.12256933,
       0.13568588, 0.13568588, 0.13568588, 0.13568588, 0.13568588,
       0.13568588, 0.13568588, 0.15140875, 0.16759386, 0.16759386,
       0.16759386, 0.16759386, 0.16759386, 0.20360096, 0.20360096,
       0.20360096, 0.20360096, 0.20360096, 0.20360096, 0.22400742,
       0.24458194, 0.24458194, 0.24458194, 0.24458194, 0.24458194,
       0.26724526, 0.26724526, 0.29064431, 0.31460256, 0.31460256,
       0.33901117, 0.33901117, 0.33901117, 0.33901117, 0.33901117,
       0.36537156, 0.36537156, 0.36537156, 0.47571398, 0.47571398,
       0.47571398, 0.47571398, 0.47571398, 0.50520373, 0.50520373,
       0.53549717, 0.53549717, 0.53549717, 0.56684558, 0.56684558,
       0.56684558, 0.59925692, 0.59925692, 0.59925692, 0.63278601,
       0.66667985, 0.66667985, 0.70164486, 0.70164486, 0.70164486,
       0.70164486, 0.77426078, 0.81115267, 0.81115267, 0.88598358,
       1.        ]), array([0.00000000e+00, 0.00000000e+00, 6.91806796e-04, 3.77619895e-03,
       9.21620097e-03, 1.65733302e-02, 2.30198779e-02, 2.55072360e-02,
       2.55072360e-02, 3.21225581e-02, 3.59124528e-02, 3.97328024e-02,
       5.33293447e-02, 5.33293447e-02, 5.33293447e-02, 5.88774843e-02,
       6.49433216e-02, 6.49433216e-02, 6.49433216e-02, 7.19737979e-02,
       7.19737979e-02, 7.19737979e-02, 7.99994021e-02, 8.87580542e-02,
       8.87580542e-02, 8.87580542e-02, 8.87580542e-02, 8.87580542e-02,
       8.87580542e-02, 8.87580542e-02, 8.87580542e-02, 1.00448537e-01,
       1.00448537e-01, 1.00448537e-01, 1.13063483e-01, 1.13063483e-01,
       1.13063483e-01, 1.13063483e-01, 1.13063483e-01, 1.13063483e-01,
       1.13063483e-01, 1.28412679e-01, 1.28412679e-01, 1.60954495e-01,
       1.77508920e-01, 1.77508920e-01, 1.94937732e-01, 1.94937732e-01,
       2.13138172e-01, 2.13138172e-01, 2.31935790e-01, 2.31935790e-01,
       2.31935790e-01, 2.31935790e-01, 2.31935790e-01, 2.31935790e-01,
       2.53098879e-01, 2.53098879e-01, 2.53098879e-01, 2.75620202e-01,
       2.75620202e-01, 2.75620202e-01, 2.75620202e-01, 2.99476447e-01,
       2.99476447e-01, 2.99476447e-01, 2.99476447e-01, 2.99476447e-01,
       2.99476447e-01, 3.25598462e-01, 3.25598462e-01, 3.25598462e-01,
       3.25598462e-01, 3.25598462e-01, 3.25598462e-01, 3.54059714e-01,
       3.54059714e-01, 3.83307980e-01, 3.83307980e-01, 4.13324222e-01,
       4.13324222e-01, 4.13324222e-01, 4.13324222e-01, 4.13324222e-01,
       4.13324222e-01, 4.45595385e-01, 4.45595385e-01, 4.45595385e-01,
       4.45595385e-01, 4.45595385e-01, 4.45595385e-01, 4.80151124e-01,
       5.15027430e-01, 5.50458315e-01, 5.50458315e-01, 5.50458315e-01,
       6.23400435e-01, 6.96921390e-01, 7.71301979e-01, 8.09086891e-01,
       1.00000000e+00]), array([0.        , 0.        , 0.0039365 , 0.0084472 , 0.0084472 ,
       0.011763  , 0.01806319, 0.02033146, 0.02033146, 0.02331526,
       0.02331526, 0.02738605, 0.02738605, 0.02738605, 0.02738605,
       0.02738605, 0.03888695, 0.04488789, 0.05151215, 0.05151215,
       0.05151215, 0.05151215, 0.05151215, 0.05151215, 0.06036607,
       0.06036607, 0.06036607, 0.07016267, 0.07016267, 0.07016267,
       0.07016267, 0.07016267, 0.08175564, 0.10594805, 0.11824487,
       0.11824487, 0.13137392, 0.13137392, 0.13137392, 0.14580866,
       0.14580866, 0.14580866, 0.14580866, 0.14580866, 0.14580866,
       0.16239589, 0.16239589, 0.16239589, 0.16239589, 0.16239589,
       0.18090054, 0.18090054, 0.20018861, 0.20018861, 0.22028097,
       0.22028097, 0.24077862, 0.26182032, 0.28340213, 0.28340213,
       0.30564863, 0.30564863, 0.30564863, 0.30564863, 0.30564863,
       0.30564863, 0.30564863, 0.30564863, 0.30564863, 0.35648902,
       0.38223087, 0.40851667, 0.40851667, 0.40851667, 0.43575972,
       0.43575972, 0.43575972, 0.43575972, 0.43575972, 0.46486982,
       0.46486982, 0.46486982, 0.46486982, 0.49557965, 0.49557965,
       0.49557965, 0.49557965, 0.49557965, 0.49557965, 0.52858491,
       0.59526794, 0.59526794, 0.59526794, 0.59526794, 0.59526794,
       0.59526794, 0.59526794, 0.66732492, 0.74015181, 0.77691637,
       1.        ]), array([0.        , 0.        , 0.        , 0.00259855, 0.00491416,
       0.01078167, 0.01628227, 0.01830945, 0.01830945, 0.01830945,
       0.0213779 , 0.0213779 , 0.0213779 , 0.0213779 , 0.03025361,
       0.03025361, 0.03525793, 0.03525793, 0.03525793, 0.03525793,
       0.03525793, 0.03525793, 0.04227334, 0.05696697, 0.05696697,
       0.05696697, 0.05696697, 0.06561546, 0.0747105 , 0.0747105 ,
       0.0747105 , 0.0747105 , 0.0747105 , 0.08553054, 0.08553054,
       0.09699185, 0.12015519, 0.13201503, 0.14418366, 0.14418366,
       0.15726116, 0.15726116, 0.15726116, 0.15726116, 0.15726116,
       0.17177315, 0.17177315, 0.17177315, 0.17177315, 0.18767302,
       0.18767302, 0.18767302, 0.20451619, 0.20451619, 0.20451619,
       0.20451619, 0.20451619, 0.20451619, 0.22339755, 0.24271967,
       0.24271967, 0.24271967, 0.26281541, 0.26281541, 0.28381729,
       0.28381729, 0.28381729, 0.28381729, 0.28381729, 0.28381729,
       0.28381729, 0.28381729, 0.30745882, 0.30745882, 0.30745882,
       0.30745882, 0.30745882, 0.33263331, 0.33263331, 0.38431933,
       0.38431933, 0.41081007, 0.41081007, 0.41081007, 0.41081007,
       0.41081007, 0.43908606, 0.43908606, 0.46793981, 0.52607576,
       0.52607576, 0.55583684, 0.58607086, 0.61651795, 0.67801275,
       0.67801275, 0.74084976, 0.77264598, 0.80473444, 0.90191971,
       1.        ]), array([0.        , 0.        , 0.        , 0.0014513 , 0.00348797,
       0.00472615, 0.01248044, 0.01631399, 0.01848488, 0.02103182,
       0.02103182, 0.02103182, 0.02103182, 0.02459019, 0.03230934,
       0.03230934, 0.03230934, 0.03230934, 0.03230934, 0.03769494,
       0.03769494, 0.0436165 , 0.0436165 , 0.0436165 , 0.0436165 ,
       0.0436165 , 0.0436165 , 0.0436165 , 0.0436165 , 0.0436165 ,
       0.0436165 , 0.05224384, 0.05224384, 0.0615757 , 0.0615757 ,
       0.0615757 , 0.0615757 , 0.07198462, 0.07198462, 0.07198462,
       0.07198462, 0.07198462, 0.08394268, 0.08394268, 0.08394268,
       0.09676471, 0.09676471, 0.09676471, 0.09676471, 0.09676471,
       0.09676471, 0.11112555, 0.12591931, 0.12591931, 0.14137659,
       0.14137659, 0.1572322 , 0.1572322 , 0.1572322 , 0.17403046,
       0.17403046, 0.17403046, 0.17403046, 0.17403046, 0.17403046,
       0.17403046, 0.17403046, 0.17403046, 0.19350757, 0.19350757,
       0.19350757, 0.19350757, 0.19350757, 0.19350757, 0.19350757,
       0.19350757, 0.19350757, 0.19350757, 0.21577593, 0.23834225,
       0.28397464, 0.28397464, 0.30741221, 0.30741221, 0.30741221,
       0.30741221, 0.30741221, 0.33218393, 0.33218393, 0.33218393,
       0.35799481, 0.35799481, 0.41060172, 0.43711287, 0.49071556,
       0.51787844, 0.54539363, 0.54539363, 0.62953914, 0.77113515,
       1.        ])]",0.00951557640777,0.0129088401293472,0.006931348160683,0.0027949985310426,"[{'lambda_reg': 8.577636011450137e-05, 'gamma': 0.006007101460876022}, {'lambda_reg': 0.0002481801791449663, 'gamma': 0.01171016707715906}, {'lambda_reg': 1.1299398386481359e-05, 'gamma': 0.008840317182546138}, {'lambda_reg': 0.059033374516740254, 'gamma': 0.12784140545690817}, {'lambda_reg': 4.683840218493683e-05, 'gamma': 0.012340719042551875}]",300,1,rbf,127
"[np.float64(0.06922423135216614), np.float64(0.07685587170438585), np.float64(0.09269235037033699), np.float64(0.055514366582758226), np.float64(0.08664986506064508)]",0.0761873370140584,0.0131010186211668,"[np.float64(0.8114556903499851), np.float64(0.8268436922423549), np.float64(0.8316101125687902), np.float64(0.8349711233289613), np.float64(0.8410870844198585)]",0.8291935405819899,0.0100082944167436,"[np.float64(0.9460873802073981), np.float64(0.9430626894651917), np.float64(0.950417995321504), np.float64(0.9560392160690149), np.float64(0.9534011804249509)]",0.9498016922976118,0.0047212947477107,"[array([0.        , 0.23413156, 0.34143086, 0.44730714, 0.46481244,
       0.46481244, 0.48198432, 0.49895688, 0.49895688, 0.5155685 ,
       0.5155685 , 0.5155685 , 0.5155685 , 0.53144079, 0.54712557,
       0.56263725, 0.56263725, 0.56263725, 0.59266029, 0.60749007,
       0.6366688 , 0.65099594, 0.67940577, 0.69344199, 0.70720915,
       0.72088165, 0.72088165, 0.73413785, 0.73413785, 0.73413785,
       0.73413785, 0.73413785, 0.74659377, 0.75880593, 0.77080804,
       0.77080804, 0.78239288, 0.78239288, 0.78239288, 0.79356388,
       0.80456082, 0.80456082, 0.82569835, 0.83610853, 0.85655941,
       0.8665436 , 0.8665436 , 0.8665436 , 0.8665436 , 0.8665436 ,
       0.87569551, 0.88472736, 0.88472736, 0.88472736, 0.88472736,
       0.88472736, 0.88472736, 0.88472736, 0.88472736, 0.88472736,
       0.88472736, 0.89190628, 0.89190628, 0.89190628, 0.89852158,
       0.90492369, 0.91120294, 0.91725605, 0.91725605, 0.92298262,
       0.92298262, 0.92833409, 0.93349959, 0.93848305, 0.94804941,
       0.94804941, 0.94804941, 0.95651508, 0.960538  , 0.960538  ,
       0.960538  , 0.960538  , 0.960538  , 0.96379489, 0.96379489,
       0.96651741, 0.96651741, 0.96892867, 0.97360024, 0.9797571 ,
       0.9797571 , 0.98149947, 0.98752751, 0.98752751, 0.98867648,
       0.99162543, 0.99321712, 0.99388932, 0.99607837, 0.99883048,
       1.        ]), array([0.        , 0.21001749, 0.35878029, 0.46175035, 0.59268029,
       0.62155566, 0.6357586 , 0.6498254 , 0.6498254 , 0.66362007,
       0.66362007, 0.67713496, 0.69053102, 0.7037111 , 0.71683075,
       0.72965034, 0.72965034, 0.7422373 , 0.75465777, 0.76694307,
       0.76694307, 0.76694307, 0.76694307, 0.77869557, 0.77869557,
       0.77869557, 0.78996498, 0.78996498, 0.78996498, 0.81144468,
       0.81144468, 0.81144468, 0.81144468, 0.81144468, 0.81144468,
       0.81144468, 0.82110762, 0.82110762, 0.82110762, 0.82110762,
       0.82110762, 0.82110762, 0.82110762, 0.82982494, 0.82982494,
       0.82982494, 0.82982494, 0.83790488, 0.84574795, 0.86132171,
       0.86132171, 0.86881793, 0.86881793, 0.86881793, 0.87586807,
       0.87586807, 0.88257432, 0.88257432, 0.89536051, 0.89536051,
       0.90139966, 0.90139966, 0.90726194, 0.90726194, 0.91280644,
       0.918121  , 0.918121  , 0.918121  , 0.92784829, 0.92784829,
       0.92784829, 0.92784829, 0.93214644, 0.93214644, 0.93619797,
       0.93619797, 0.94360399, 0.94360399, 0.94702855, 0.94702855,
       0.95008632, 0.95589308, 0.95589308, 0.95849656, 0.96339907,
       0.96339907, 0.96339907, 0.96339907, 0.96725216, 0.96725216,
       0.97515482, 0.97938527, 0.98443537, 0.98897769, 0.98990383,
       0.99465067, 0.99539087, 0.99913017, 1.        , 1.        ,
       1.        ]), array([0.        , 0.19386642, 0.35358279, 0.41682305, 0.46385303,
       0.54148187, 0.57218595, 0.61786397, 0.63284443, 0.6476642 ,
       0.66237483, 0.66237483, 0.67678109, 0.69102854, 0.69102854,
       0.69102854, 0.70479268, 0.70479268, 0.70479268, 0.70479268,
       0.70479268, 0.70479268, 0.7176028 , 0.730241  , 0.730241  ,
       0.730241  , 0.730241  , 0.730241  , 0.730241  , 0.74187264,
       0.74187264, 0.75311291, 0.76430506, 0.76430506, 0.76430506,
       0.77494275, 0.79584775, 0.79584775, 0.79584775, 0.79584775,
       0.80559064, 0.81519505, 0.84366156, 0.84366156, 0.85284224,
       0.85284224, 0.85284224, 0.85284224, 0.86137231, 0.86137231,
       0.86137231, 0.86933486, 0.87724217, 0.8849558 , 0.8849558 ,
       0.89241221, 0.89241221, 0.89949918, 0.90633406, 0.91305815,
       0.93269676, 0.93269676, 0.93269676, 0.93269676, 0.93866194,
       0.93866194, 0.94421682, 0.94421682, 0.94421682, 0.9493715 ,
       0.95424688, 0.95424688, 0.95424688, 0.95867533, 0.95867533,
       0.96285744, 0.96285744, 0.97044009, 0.97044009, 0.97044009,
       0.97044009, 0.97044009, 0.97044009, 0.97044009, 0.97044009,
       0.97300784, 0.977656  , 0.977656  , 0.97973823, 0.97973823,
       0.98147426, 0.98444239, 0.98730553, 0.98730553, 0.99139132,
       0.99312333, 0.99525087, 0.9974836 , 0.99796427, 0.99907889,
       1.        ]), array([0.        , 0.17011651, 0.37252778, 0.45582434, 0.47238093,
       0.48871039, 0.53711708, 0.55307888, 0.63226992, 0.64793668,
       0.67892623, 0.70953022, 0.70953022, 0.70953022, 0.70953022,
       0.70953022, 0.70953022, 0.72381354, 0.75194486, 0.75194486,
       0.76570772, 0.76570772, 0.77915478, 0.77915478, 0.77915478,
       0.77915478, 0.77915478, 0.77915478, 0.80389735, 0.80389735,
       0.81587114, 0.81587114, 0.81587114, 0.81587114, 0.81587114,
       0.8270727 , 0.83816668, 0.83816668, 0.8488322 , 0.8488322 ,
       0.8488322 , 0.85892703, 0.85892703, 0.85892703, 0.85892703,
       0.85892703, 0.85892703, 0.85892703, 0.85892703, 0.86775793,
       0.87640496, 0.88488027, 0.88488027, 0.88488027, 0.88488027,
       0.90032789, 0.90032789, 0.90032789, 0.907516  , 0.907516  ,
       0.9143721 , 0.92104672, 0.92104672, 0.92104672, 0.92725673,
       0.92725673, 0.92725673, 0.92725673, 0.93287184, 0.93287184,
       0.93287184, 0.93784468, 0.93784468, 0.93784468, 0.94240854,
       0.94240854, 0.94240854, 0.94240854, 0.94240854, 0.94240854,
       0.94240854, 0.94570842, 0.9519963 , 0.95496311, 0.96063347,
       0.96327243, 0.96327243, 0.96790225, 0.97005288, 0.97207254,
       0.97571764, 0.97729519, 0.98172696, 0.9843058 , 0.98744753,
       0.98928668, 0.99003095, 0.99301435, 0.99603996, 0.99929938,
       1.        ]), array([0.        , 0.17508509, 0.25375955, 0.39375278, 0.51673659,
       0.57765381, 0.63800028, 0.68267279, 0.68267279, 0.72648392,
       0.72648392, 0.72648392, 0.75468329, 0.75468329, 0.76846948,
       0.76846948, 0.76846948, 0.76846948, 0.78159488, 0.78159488,
       0.78159488, 0.79428373, 0.79428373, 0.79428373, 0.79428373,
       0.80632024, 0.8181467 , 0.8181467 , 0.8181467 , 0.8181467 ,
       0.8181467 , 0.8181467 , 0.8181467 , 0.8181467 , 0.82870682,
       0.82870682, 0.82870682, 0.82870682, 0.82870682, 0.82870682,
       0.82870682, 0.82870682, 0.82870682, 0.82870682, 0.83764203,
       0.84644826, 0.85508329, 0.85508329, 0.86349046, 0.86349046,
       0.86349046, 0.86349046, 0.86349046, 0.87100544, 0.87100544,
       0.87819956, 0.87819956, 0.87819956, 0.88505688, 0.88505688,
       0.88505688, 0.89129191, 0.89746039, 0.89746039, 0.90332149,
       0.91457373, 0.92009056, 0.93070358, 0.93592486, 0.93592486,
       0.93592486, 0.93592486, 0.93592486, 0.94026517, 0.94026517,
       0.9484493 , 0.9484493 , 0.9484493 , 0.95202367, 0.95202367,
       0.95202367, 0.95819156, 0.96411934, 0.96683691, 0.96683691,
       0.97173774, 0.97173774, 0.97825049, 0.97825049, 0.97825049,
       0.97825049, 0.98430508, 0.98566338, 0.9904242 , 0.9904242 ,
       0.9904242 , 0.99408771, 0.99751282, 0.99824782, 0.99956822,
       1.        ])]","[array([0.00000000e+00, 9.97775895e-04, 2.10795838e-03, 4.43231064e-03,
       4.93979574e-03, 4.93979574e-03, 5.73176690e-03, 6.69380160e-03,
       6.69380160e-03, 7.96380036e-03, 7.96380036e-03, 7.96380036e-03,
       7.96380036e-03, 9.86462602e-03, 1.19254410e-02, 1.41339583e-02,
       1.41339583e-02, 1.41339583e-02, 1.94044823e-02, 2.21948138e-02,
       2.81857426e-02, 3.14049421e-02, 3.80519205e-02, 4.15193468e-02,
       4.52163460e-02, 4.89941150e-02, 4.89941150e-02, 5.31270821e-02,
       5.31270821e-02, 5.31270821e-02, 5.31270821e-02, 5.31270821e-02,
       5.79428770e-02, 6.29666517e-02, 6.81696512e-02, 6.81696512e-02,
       7.37286870e-02, 7.37286870e-02, 7.37286870e-02, 7.96408251e-02,
       8.57014663e-02, 8.57014663e-02, 9.85534388e-02, 1.05114731e-01,
       1.18552566e-01, 1.25477328e-01, 1.25477328e-01, 1.25477328e-01,
       1.25477328e-01, 1.25477328e-01, 1.33112226e-01, 1.40849558e-01,
       1.40849558e-01, 1.40849558e-01, 1.40849558e-01, 1.40849558e-01,
       1.40849558e-01, 1.40849558e-01, 1.40849558e-01, 1.40849558e-01,
       1.40849558e-01, 1.50167881e-01, 1.50167881e-01, 1.50167881e-01,
       1.59967101e-01, 1.69948220e-01, 1.80034176e-01, 1.90313073e-01,
       1.90313073e-01, 2.00870592e-01, 2.00870592e-01, 2.11748159e-01,
       2.22784398e-01, 2.33975967e-01, 2.56700868e-01, 2.56700868e-01,
       2.56700868e-01, 2.80364918e-01, 2.92376052e-01, 2.92376052e-01,
       2.92376052e-01, 2.92376052e-01, 2.92376052e-01, 3.05040789e-01,
       3.05040789e-01, 3.18161470e-01, 3.18161470e-01, 3.31547731e-01,
       3.58449046e-01, 3.99526684e-01, 3.99526684e-01, 4.13483661e-01,
       4.70114855e-01, 4.70114855e-01, 4.84578147e-01, 5.28392888e-01,
       5.57922070e-01, 5.72792153e-01, 6.48142535e-01, 8.00230661e-01,
       1.00000000e+00]), array([0.        , 0.00138277, 0.00391377, 0.00712283, 0.01305198,
       0.01464147, 0.01572612, 0.01697889, 0.01697889, 0.01856772,
       0.01856772, 0.02050207, 0.02258318, 0.024931  , 0.02735346,
       0.03014648, 0.03014648, 0.03322678, 0.03651269, 0.03996553,
       0.03996553, 0.03996553, 0.03996553, 0.04407635, 0.04407635,
       0.04407635, 0.04878377, 0.04878377, 0.04878377, 0.05950656,
       0.05950656, 0.05950656, 0.05950656, 0.05950656, 0.05950656,
       0.05950656, 0.06619789, 0.06619789, 0.06619789, 0.06619789,
       0.06619789, 0.06619789, 0.06619789, 0.07405703, 0.07405703,
       0.07405703, 0.07405703, 0.08270329, 0.09164207, 0.10965843,
       0.10965843, 0.11902556, 0.11902556, 0.11902556, 0.12894357,
       0.12894357, 0.13928628, 0.13928628, 0.16074515, 0.16074515,
       0.17191169, 0.17191169, 0.18329666, 0.18329666, 0.19507407,
       0.20713545, 0.20713545, 0.20713545, 0.23237192, 0.23237192,
       0.23237192, 0.23237192, 0.24568852, 0.24568852, 0.25930969,
       0.25930969, 0.28741281, 0.28741281, 0.30180825, 0.30180825,
       0.31665665, 0.34673481, 0.34673481, 0.36214424, 0.39333909,
       0.39333909, 0.39333909, 0.39333909, 0.42582992, 0.42582992,
       0.50919355, 0.55984298, 0.62810478, 0.69699366, 0.71447453,
       0.82036007, 0.83807057, 0.96382498, 1.        , 1.        ,
       1.        ]), array([0.00000000e+00, 9.13637001e-04, 3.61625515e-03, 5.37952438e-03,
       7.12445047e-03, 1.08290811e-02, 1.26777123e-02, 1.58497792e-02,
       1.71663328e-02, 1.86525183e-02, 2.02539131e-02, 2.02539131e-02,
       2.21766041e-02, 2.42669290e-02, 2.42669290e-02, 2.42669290e-02,
       2.68674505e-02, 2.68674505e-02, 2.68674505e-02, 2.68674505e-02,
       2.68674505e-02, 2.68674505e-02, 3.04750423e-02, 3.42641178e-02,
       3.42641178e-02, 3.42641178e-02, 3.42641178e-02, 3.42641178e-02,
       3.42641178e-02, 3.91157169e-02, 3.91157169e-02, 4.43804655e-02,
       4.96959991e-02, 4.96959991e-02, 4.96959991e-02, 5.55968332e-02,
       6.77894681e-02, 6.77894681e-02, 6.77894681e-02, 6.77894681e-02,
       7.46348642e-02, 8.16264323e-02, 1.02967146e-01, 1.02967146e-01,
       1.10406010e-01, 1.10406010e-01, 1.10406010e-01, 1.10406010e-01,
       1.18531668e-01, 1.18531668e-01, 1.18531668e-01, 1.27256404e-01,
       1.36039451e-01, 1.45026953e-01, 1.45026953e-01, 1.54285975e-01,
       1.54285975e-01, 1.63934978e-01, 1.73850094e-01, 1.83882161e-01,
       2.14541699e-01, 2.14541699e-01, 2.14541699e-01, 2.14541699e-01,
       2.25374882e-01, 2.25374882e-01, 2.36641184e-01, 2.36641184e-01,
       2.36641184e-01, 2.48329930e-01, 2.60313522e-01, 2.60313522e-01,
       2.60313522e-01, 2.72768891e-01, 2.72768891e-01, 2.85484296e-01,
       2.85484296e-01, 3.11740141e-01, 3.11740141e-01, 3.11740141e-01,
       3.11740141e-01, 3.11740141e-01, 3.11740141e-01, 3.11740141e-01,
       3.11740141e-01, 3.26159680e-01, 3.55513206e-01, 3.55513206e-01,
       3.70445275e-01, 3.70445275e-01, 3.85742793e-01, 4.16869768e-01,
       4.48107583e-01, 4.48107583e-01, 5.12314925e-01, 5.44746768e-01,
       5.93891169e-01, 6.60054623e-01, 6.76677312e-01, 7.61151130e-01,
       1.00000000e+00]), array([0.00000000e+00, 7.75366364e-04, 3.35019010e-03, 5.41380065e-03,
       5.92423888e-03, 6.65075922e-03, 9.38366731e-03, 1.04599428e-02,
       1.64291827e-02, 1.77861347e-02, 2.08272511e-02, 2.42351672e-02,
       2.42351672e-02, 2.42351672e-02, 2.42351672e-02, 2.42351672e-02,
       2.42351672e-02, 2.69081934e-02, 3.26683869e-02, 3.26683869e-02,
       3.58365452e-02, 3.58365452e-02, 3.93051231e-02, 3.93051231e-02,
       3.93051231e-02, 3.93051231e-02, 3.93051231e-02, 3.93051231e-02,
       4.82890780e-02, 4.82890780e-02, 5.31591961e-02, 5.31591961e-02,
       5.31591961e-02, 5.31591961e-02, 5.31591961e-02, 5.87639480e-02,
       6.44710385e-02, 6.44710385e-02, 7.05857386e-02, 7.05857386e-02,
       7.05857386e-02, 7.72433349e-02, 7.72433349e-02, 7.72433349e-02,
       7.72433349e-02, 7.72433349e-02, 7.72433349e-02, 7.72433349e-02,
       7.72433349e-02, 8.51033220e-02, 9.31382377e-02, 1.01336502e-01,
       1.01336502e-01, 1.01336502e-01, 1.01336502e-01, 1.19162863e-01,
       1.19162863e-01, 1.19162863e-01, 1.28585667e-01, 1.28585667e-01,
       1.38324307e-01, 1.48235600e-01, 1.48235600e-01, 1.48235600e-01,
       1.58588879e-01, 1.58588879e-01, 1.58588879e-01, 1.58588879e-01,
       1.69508090e-01, 1.69508090e-01, 1.69508090e-01, 1.81038310e-01,
       1.81038310e-01, 1.81038310e-01, 1.92957594e-01, 1.92957594e-01,
       1.92957594e-01, 1.92957594e-01, 1.92957594e-01, 1.92957594e-01,
       1.92957594e-01, 2.06079308e-01, 2.32619452e-01, 2.46058028e-01,
       2.73185627e-01, 2.86936095e-01, 2.86936095e-01, 3.15053570e-01,
       3.29268583e-01, 3.43608204e-01, 3.72662454e-01, 3.87422647e-01,
       4.31989479e-01, 4.62058076e-01, 5.07852132e-01, 5.38624413e-01,
       5.54177317e-01, 6.32643879e-01, 7.43592165e-01, 9.19361797e-01,
       1.00000000e+00]), array([0.00000000e+00, 4.08008995e-04, 1.58863088e-03, 5.48688390e-03,
       1.05433408e-02, 1.37002584e-02, 1.74815796e-02, 2.09601118e-02,
       2.09601118e-02, 2.53809720e-02, 2.53809720e-02, 2.53809720e-02,
       2.94310194e-02, 2.94310194e-02, 3.17989938e-02, 3.17989938e-02,
       3.17989938e-02, 3.17989938e-02, 3.48898707e-02, 3.48898707e-02,
       3.48898707e-02, 3.84583322e-02, 3.84583322e-02, 3.84583322e-02,
       3.84583322e-02, 4.27404323e-02, 4.72523294e-02, 4.72523294e-02,
       4.72523294e-02, 4.72523294e-02, 4.72523294e-02, 4.72523294e-02,
       4.72523294e-02, 4.72523294e-02, 5.31495882e-02, 5.31495882e-02,
       5.31495882e-02, 5.31495882e-02, 5.31495882e-02, 5.31495882e-02,
       5.31495882e-02, 5.31495882e-02, 5.31495882e-02, 5.31495882e-02,
       6.08244813e-02, 6.86404742e-02, 7.66437465e-02, 7.66437465e-02,
       8.48963067e-02, 8.48963067e-02, 8.48963067e-02, 8.48963067e-02,
       8.48963067e-02, 9.41249036e-02, 9.41249036e-02, 1.03704526e-01,
       1.03704526e-01, 1.03704526e-01, 1.13652601e-01, 1.13652601e-01,
       1.13652601e-01, 1.24281449e-01, 1.34983108e-01, 1.34983108e-01,
       1.46021026e-01, 1.68611007e-01, 1.80025561e-01, 2.03314836e-01,
       2.15052712e-01, 2.15052712e-01, 2.15052712e-01, 2.15052712e-01,
       2.15052712e-01, 2.27754363e-01, 2.27754363e-01, 2.53700812e-01,
       2.53700812e-01, 2.53700812e-01, 2.67240386e-01, 2.67240386e-01,
       2.67240386e-01, 2.95392579e-01, 3.23807445e-01, 3.38284350e-01,
       3.38284350e-01, 3.67822690e-01, 3.67822690e-01, 4.13047502e-01,
       4.13047502e-01, 4.13047502e-01, 4.13047502e-01, 4.76223416e-01,
       4.92187350e-01, 5.56778638e-01, 5.56778638e-01, 5.56778638e-01,
       6.40020255e-01, 7.40972581e-01, 7.75068283e-01, 8.78323127e-01,
       1.00000000e+00])]",0.0054527987978435,0.0090633744054835,0.0074897746810548,0.0017176060238331,"[{'lambda_reg': 0.029330518542214086, 'gamma': 0.06481157381038775}, {'lambda_reg': 0.7274448354349002, 'gamma': 0.7321844160847307}, {'lambda_reg': 0.07537704341597354, 'gamma': 0.11912760240652823}, {'lambda_reg': 0.2561578809666227, 'gamma': 0.2191445471201209}, {'lambda_reg': 0.033084066562621466, 'gamma': 0.054736238317012104}]",600,1,laplacian,149
"[np.float64(0.11434250504103888), np.float64(0.09845129262724794), np.float64(0.10265827660382383), np.float64(0.10079068125629637), np.float64(0.15366466390388475)]",0.1139814838864583,0.0205829261783186,"[np.float64(0.7357072970335157), np.float64(0.801863579891413), np.float64(0.7461437510420207), np.float64(0.7811382529707397), np.float64(0.7433077553735576)]",0.7616321272622494,0.0254826527121928,"[np.float64(0.9021543835310275), np.float64(0.9303782878753869), np.float64(0.9124884370155545), np.float64(0.9427511457780708), np.float64(0.9600502079512786)]",0.9295644924302636,0.020721171196456,"[array([0.        , 0.35175863, 0.43345882, 0.49400756, 0.49400756,
       0.53352868, 0.53352868, 0.57232282, 0.59149849, 0.62933398,
       0.64815193, 0.66668356, 0.7033921 , 0.72160774, 0.73956021,
       0.73956021, 0.73956021, 0.73956021, 0.75670489, 0.7736429 ,
       0.80706568, 0.82365105, 0.82365105, 0.82365105, 0.82365105,
       0.82365105, 0.82365105, 0.82365105, 0.82365105, 0.83850375,
       0.83850375, 0.85282321, 0.86710128, 0.88108613, 0.88108613,
       0.9084324 , 0.9084324 , 0.9084324 , 0.9084324 , 0.9084324 ,
       0.92096859, 0.92096859, 0.92096859, 0.94469108, 0.94469108,
       0.94469108, 0.94469108, 0.95580688, 0.96669116, 0.96669116,
       0.96669116, 0.96669116, 0.97676563, 0.97676563, 0.97676563,
       0.97676563, 0.98608532, 0.98608532, 0.98608532, 0.98608532,
       0.98608532, 0.99432443, 0.99432443, 0.99432443, 0.99432443,
       0.99432443, 0.99432443, 0.99432443, 0.99432443, 0.99432443,
       0.99432443, 0.99432443, 0.99432443, 0.99432443, 0.99432443,
       0.99961014, 0.99961014, 0.99961014, 0.99961014, 0.99961014,
       0.99961014, 0.99961014, 0.99961014, 0.99961014, 0.99961014,
       0.99961014, 0.99961014, 0.99961014, 0.99961014, 0.99961014,
       0.99961014, 0.99961014, 0.99961014, 0.99961014, 0.99961014,
       0.99961014, 0.99961014, 0.99961014, 0.99961014, 0.99992753,
       1.        ]), array([0.        , 0.3954608 , 0.48728757, 0.53272367, 0.55513326,
       0.57742838, 0.59949156, 0.59949156, 0.59949156, 0.59949156,
       0.59949156, 0.59949156, 0.59949156, 0.61998696, 0.61998696,
       0.67991408, 0.71925221, 0.75804219, 0.77721365, 0.77721365,
       0.77721365, 0.77721365, 0.81370063, 0.81370063, 0.81370063,
       0.81370063, 0.81370063, 0.81370063, 0.81370063, 0.83041397,
       0.83041397, 0.83041397, 0.84646055, 0.84646055, 0.86191277,
       0.86191277, 0.86191277, 0.86191277, 0.86191277, 0.87629252,
       0.87629252, 0.87629252, 0.88993835, 0.88993835, 0.90315695,
       0.91619754, 0.92884347, 0.92884347, 0.92884347, 0.92884347,
       0.92884347, 0.92884347, 0.94007364, 0.94007364, 0.95081298,
       0.95081298, 0.95081298, 0.95081298, 0.95081298, 0.95081298,
       0.95081298, 0.96003173, 0.96003173, 0.96003173, 0.96003173,
       0.96003173, 0.96806552, 0.96806552, 0.96806552, 0.98279309,
       0.98279309, 0.98279309, 0.98279309, 0.98279309, 0.98892226,
       0.98892226, 0.98892226, 0.98892226, 0.98892226, 0.98892226,
       0.99376543, 0.99376543, 0.99376543, 0.99779118, 0.99779118,
       0.99779118, 0.99779118, 0.99779118, 0.99779118, 0.99779118,
       0.99779118, 0.99779118, 0.99779118, 0.99779118, 0.99779118,
       0.99779118, 0.99779118, 0.99936767, 0.99936767, 0.99963112,
       1.        ]), array([0.        , 0.47955911, 0.52270109, 0.52270109, 0.52270109,
       0.54360028, 0.54360028, 0.56398236, 0.56398236, 0.56398236,
       0.58377371, 0.62288867, 0.64217273, 0.64217273, 0.66115708,
       0.71714213, 0.77239232, 0.79064095, 0.79064095, 0.79064095,
       0.79064095, 0.79064095, 0.79064095, 0.79064095, 0.79064095,
       0.79064095, 0.79064095, 0.83896127, 0.83896127, 0.83896127,
       0.83896127, 0.85406171, 0.86895544, 0.86895544, 0.86895544,
       0.86895544, 0.86895544, 0.86895544, 0.86895544, 0.86895544,
       0.88222054, 0.88222054, 0.88222054, 0.8948612 , 0.8948612 ,
       0.8948612 , 0.93050416, 0.93050416, 0.93050416, 0.93050416,
       0.93050416, 0.93050416, 0.93050416, 0.94079919, 0.94079919,
       0.95070179, 0.95070179, 0.96019166, 0.96019166, 0.96019166,
       0.96019166, 0.96019166, 0.96019166, 0.96019166, 0.96019166,
       0.96019166, 0.96766472, 0.96766472, 0.96766472, 0.97447744,
       0.97447744, 0.97447744, 0.98072779, 0.98072779, 0.98072779,
       0.98072779, 0.98598154, 0.98598154, 0.98598154, 0.98598154,
       0.98598154, 0.98598154, 0.98598154, 0.98598154, 0.98598154,
       0.98930042, 0.99550822, 0.99550822, 0.99550822, 0.99809919,
       0.99809919, 0.99809919, 1.        , 1.        , 1.        ,
       1.        , 1.        , 1.        , 1.        , 1.        ,
       1.        ]), array([0.        , 0.38482441, 0.45181206, 0.51817706, 0.56193974,
       0.62692414, 0.6698598 , 0.69110378, 0.69110378, 0.71174713,
       0.71174713, 0.73195524, 0.7520095 , 0.7520095 , 0.79123696,
       0.79123696, 0.79123696, 0.79123696, 0.80990649, 0.80990649,
       0.82807654, 0.82807654, 0.86350928, 0.86350928, 0.86350928,
       0.86350928, 0.86350928, 0.86350928, 0.86350928, 0.86350928,
       0.86350928, 0.86350928, 0.87912125, 0.87912125, 0.87912125,
       0.87912125, 0.87912125, 0.87912125, 0.8933596 , 0.8933596 ,
       0.8933596 , 0.8933596 , 0.8933596 , 0.90648764, 0.90648764,
       0.91912507, 0.91912507, 0.91912507, 0.91912507, 0.94251809,
       0.94251809, 0.94251809, 0.94251809, 0.94251809, 0.94251809,
       0.94251809, 0.95253602, 0.95253602, 0.95253602, 0.96205872,
       0.97117784, 0.97117784, 0.97117784, 0.97117784, 0.97117784,
       0.97117784, 0.97117784, 0.97117784, 0.97117784, 0.97117784,
       0.97117784, 0.97117784, 0.97117784, 0.97117784, 0.97117784,
       0.97117784, 0.97117784, 0.97117784, 0.97117784, 0.97117784,
       0.97117784, 0.97569161, 0.97998182, 0.98385083, 0.98768396,
       0.98768396, 0.99441955, 0.99748645, 0.99748645, 0.99748645,
       0.99748645, 0.99748645, 0.99748645, 0.99748645, 0.99906498,
       0.99906498, 0.99906498, 0.99992788, 0.99992788, 0.99992788,
       1.        ]), array([0.        , 0.64936539, 0.68821855, 0.70732555, 0.70732555,
       0.72617149, 0.72617149, 0.76296665, 0.79949017, 0.79949017,
       0.81725014, 0.81725014, 0.81725014, 0.83455429, 0.83455429,
       0.85134027, 0.85134027, 0.85134027, 0.86766275, 0.88363924,
       0.88363924, 0.89925839, 0.91481535, 0.91481535, 0.91481535,
       0.92967025, 0.92967025, 0.92967025, 0.92967025, 0.92967025,
       0.94346091, 0.94346091, 0.95703611, 0.95703611, 0.95703611,
       0.95703611, 0.95703611, 0.95703611, 0.95703611, 0.95703611,
       0.95703611, 0.95703611, 0.9686371 , 0.97988788, 0.97988788,
       0.97988788, 0.97988788, 0.97988788, 0.97988788, 0.97988788,
       0.97988788, 0.97988788, 0.97988788, 0.97988788, 0.97988788,
       0.97988788, 0.97988788, 0.97988788, 0.97988788, 0.97988788,
       0.98790979, 0.98790979, 0.98790979, 0.98790979, 0.98790979,
       0.98790979, 0.99476626, 0.99476626, 0.99476626, 0.99476626,
       0.99476626, 0.99476626, 0.99476626, 0.99476626, 0.99476626,
       0.99476626, 0.99476626, 0.99476626, 0.99476626, 0.99476626,
       0.99476626, 0.99476626, 0.99476626, 0.99476626, 0.99804245,
       0.99804245, 0.99804245, 0.99804245, 0.99804245, 0.99804245,
       0.99804245, 0.99804245, 0.99804245, 0.99804245, 0.99804245,
       0.99915321, 0.99999786, 0.99999786, 0.99999786, 0.99999786,
       1.        ])]","[array([0.        , 0.00333275, 0.00848132, 0.0153152 , 0.0153152 ,
       0.02332774, 0.02332774, 0.0343151 , 0.04071477, 0.05562502,
       0.0634885 , 0.0725236 , 0.09204537, 0.10237354, 0.11377862,
       0.11377862, 0.11377862, 0.11377862, 0.12848923, 0.14404556,
       0.17701287, 0.1940122 , 0.1940122 , 0.1940122 , 0.1940122 ,
       0.1940122 , 0.1940122 , 0.1940122 , 0.1940122 , 0.21810173,
       0.21810173, 0.24437332, 0.27081428, 0.29845511, 0.29845511,
       0.35628786, 0.35628786, 0.35628786, 0.35628786, 0.35628786,
       0.38985671, 0.38985671, 0.38985671, 0.46251819, 0.46251819,
       0.46251819, 0.46251819, 0.50189935, 0.54222792, 0.54222792,
       0.54222792, 0.54222792, 0.58587027, 0.58587027, 0.58587027,
       0.58587027, 0.63260123, 0.63260123, 0.63260123, 0.63260123,
       0.63260123, 0.68375396, 0.68375396, 0.68375396, 0.68375396,
       0.68375396, 0.68375396, 0.68375396, 0.68375396, 0.68375396,
       0.68375396, 0.68375396, 0.68375396, 0.68375396, 0.68375396,
       0.74699222, 0.74699222, 0.74699222, 0.74699222, 0.74699222,
       0.74699222, 0.74699222, 0.74699222, 0.74699222, 0.74699222,
       0.74699222, 0.74699222, 0.74699222, 0.74699222, 0.74699222,
       0.74699222, 0.74699222, 0.74699222, 0.74699222, 0.74699222,
       0.74699222, 0.74699222, 0.74699222, 0.74699222, 0.83056114,
       1.        ]), array([0.        , 0.00180001, 0.00529385, 0.00823917, 0.01048633,
       0.01302088, 0.01613782, 0.01613782, 0.01613782, 0.01613782,
       0.01613782, 0.01613782, 0.01613782, 0.02319115, 0.02319115,
       0.04826583, 0.06652212, 0.08615473, 0.09653226, 0.09653226,
       0.09653226, 0.09653226, 0.12194732, 0.12194732, 0.12194732,
       0.12194732, 0.12194732, 0.12194732, 0.12194732, 0.1384968 ,
       0.1384968 , 0.1384968 , 0.1567204 , 0.1567204 , 0.17643636,
       0.17643636, 0.17643636, 0.17643636, 0.17643636, 0.19884508,
       0.19884508, 0.19884508, 0.22309656, 0.22309656, 0.24842075,
       0.27419188, 0.30095395, 0.30095395, 0.30095395, 0.30095395,
       0.30095395, 0.30095395, 0.33127074, 0.33127074, 0.36281994,
       0.36281994, 0.36281994, 0.36281994, 0.36281994, 0.36281994,
       0.36281994, 0.39818707, 0.39818707, 0.39818707, 0.39818707,
       0.39818707, 0.43652946, 0.43652946, 0.43652946, 0.51657875,
       0.51657875, 0.51657875, 0.51657875, 0.51657875, 0.55970332,
       0.55970332, 0.55970332, 0.55970332, 0.55970332, 0.55970332,
       0.60605681, 0.60605681, 0.60605681, 0.65446269, 0.65446269,
       0.65446269, 0.65446269, 0.65446269, 0.65446269, 0.65446269,
       0.65446269, 0.65446269, 0.65446269, 0.65446269, 0.65446269,
       0.65446269, 0.65446269, 0.76753215, 0.76753215, 0.82538456,
       1.        ]), array([0.        , 0.00342089, 0.00519366, 0.00519366, 0.00519366,
       0.00824163, 0.00824163, 0.01295348, 0.01295348, 0.01295348,
       0.01956608, 0.0342963 , 0.04254118, 0.04254118, 0.0517504 ,
       0.08249275, 0.1155996 , 0.1271761 , 0.1271761 , 0.1271761 ,
       0.1271761 , 0.1271761 , 0.1271761 , 0.1271761 , 0.1271761 ,
       0.1271761 , 0.1271761 , 0.18258067, 0.18258067, 0.18258067,
       0.18258067, 0.20428688, 0.2266582 , 0.2266582 , 0.2266582 ,
       0.2266582 , 0.2266582 , 0.2266582 , 0.2266582 , 0.2266582 ,
       0.25426982, 0.25426982, 0.25426982, 0.28389068, 0.28389068,
       0.28389068, 0.38008629, 0.38008629, 0.38008629, 0.38008629,
       0.38008629, 0.38008629, 0.38008629, 0.41725449, 0.41725449,
       0.45568542, 0.45568542, 0.49544433, 0.49544433, 0.49544433,
       0.49544433, 0.49544433, 0.49544433, 0.49544433, 0.49544433,
       0.49544433, 0.5416926 , 0.5416926 , 0.5416926 , 0.5900656 ,
       0.5900656 , 0.5900656 , 0.64024808, 0.64024808, 0.64024808,
       0.64024808, 0.69363725, 0.69363725, 0.69363725, 0.69363725,
       0.69363725, 0.69363725, 0.69363725, 0.69363725, 0.69363725,
       0.75325213, 0.8738653 , 0.8738653 , 0.8738653 , 0.9358223 ,
       0.9358223 , 0.9358223 , 1.        , 1.        , 1.        ,
       1.        , 1.        , 1.        , 1.        , 1.        ,
       1.        ]), array([0.        , 0.00181848, 0.0046983 , 0.00930524, 0.01370977,
       0.02214621, 0.0288447 , 0.03281487, 0.03281487, 0.03845105,
       0.03845105, 0.04529451, 0.05256471, 0.05256471, 0.06954897,
       0.06954897, 0.06954897, 0.06954897, 0.08066012, 0.08066012,
       0.09315672, 0.09315672, 0.12066675, 0.12066675, 0.12066675,
       0.12066675, 0.12066675, 0.12066675, 0.12066675, 0.12066675,
       0.12066675, 0.12066675, 0.1402589 , 0.1402589 , 0.1402589 ,
       0.1402589 , 0.1402589 , 0.1402589 , 0.16366121, 0.16366121,
       0.16366121, 0.16366121, 0.16366121, 0.19014328, 0.19014328,
       0.21798622, 0.21798622, 0.21798622, 0.21798622, 0.27889187,
       0.27889187, 0.27889187, 0.27889187, 0.27889187, 0.27889187,
       0.27889187, 0.31400072, 0.31400072, 0.31400072, 0.35048326,
       0.38808522, 0.38808522, 0.38808522, 0.38808522, 0.38808522,
       0.38808522, 0.38808522, 0.38808522, 0.38808522, 0.38808522,
       0.38808522, 0.38808522, 0.38808522, 0.38808522, 0.38808522,
       0.38808522, 0.38808522, 0.38808522, 0.38808522, 0.38808522,
       0.38808522, 0.43846148, 0.48945782, 0.54162249, 0.59388668,
       0.59388668, 0.70099656, 0.7553861 , 0.7553861 , 0.7553861 ,
       0.7553861 , 0.7553861 , 0.7553861 , 0.7553861 , 0.81390409,
       0.81390409, 0.81390409, 0.87440707, 0.87440707, 0.87440707,
       1.        ]), array([0.        , 0.00325259, 0.00621367, 0.0094527 , 0.0094527 ,
       0.01412814, 0.01412814, 0.02841317, 0.04419283, 0.04419283,
       0.05484368, 0.05484368, 0.05484368, 0.06800267, 0.06800267,
       0.08401285, 0.08401285, 0.08401285, 0.10257338, 0.12303766,
       0.12303766, 0.14546816, 0.16824088, 0.16824088, 0.16824088,
       0.19487658, 0.19487658, 0.19487658, 0.19487658, 0.19487658,
       0.22736818, 0.22736818, 0.26104532, 0.26104532, 0.26104532,
       0.26104532, 0.26104532, 0.26104532, 0.26104532, 0.26104532,
       0.26104532, 0.26104532, 0.30558531, 0.35205228, 0.35205228,
       0.35205228, 0.35205228, 0.35205228, 0.35205228, 0.35205228,
       0.35205228, 0.35205228, 0.35205228, 0.35205228, 0.35205228,
       0.35205228, 0.35205228, 0.35205228, 0.35205228, 0.35205228,
       0.41628582, 0.41628582, 0.41628582, 0.41628582, 0.41628582,
       0.41628582, 0.48693203, 0.48693203, 0.48693203, 0.48693203,
       0.48693203, 0.48693203, 0.48693203, 0.48693203, 0.48693203,
       0.48693203, 0.48693203, 0.48693203, 0.48693203, 0.48693203,
       0.48693203, 0.48693203, 0.48693203, 0.48693203, 0.57727835,
       0.57727835, 0.57727835, 0.57727835, 0.57727835, 0.57727835,
       0.57727835, 0.57727835, 0.57727835, 0.57727835, 0.57727835,
       0.67953974, 0.78326533, 0.78326533, 0.78326533, 0.78326533,
       1.        ])]",0.0090471398991696,0.0150965733783927,0.0116695773007247,0.0053833730955056,"[{'lambda_reg': 0.0016559510559719787, 'gamma': 0.10942879289179096}, {'lambda_reg': 0.0024586623073752168, 'gamma': 0.10209187186369348}, {'lambda_reg': 0.11241496616357922, 'gamma': 0.5717905650495309}, {'lambda_reg': 0.0007306137981982431, 'gamma': 0.07250622091222303}, {'lambda_reg': 0.0018601420019543125, 'gamma': 0.1565030233344801}]",300,3,cauchy,144
"[np.float64(0.11122427626149653), np.float64(0.04633260809399103), np.float64(0.09114691386306634), np.float64(0.1209052718513613), np.float64(0.1250478303070001)]",0.098931380075383,0.0287863332756593,"[np.float64(0.8026952600779728), np.float64(0.8009770230432862), np.float64(0.7436807322089253), np.float64(0.735653774681706), np.float64(0.8707602448988564)]",0.7907534069821494,0.0487853061568906,"[np.float64(0.8819714415508016), np.float64(0.8992259073096144), np.float64(0.8794008056615108), np.float64(0.9332128513014009), np.float64(0.9260910255505964)]",0.9039804062747848,0.0221565876521337,"[array([0.        , 0.        , 0.        , 0.11217919, 0.22369511,
       0.25126159, 0.27840562, 0.30524008, 0.30524008, 0.35795969,
       0.41029529, 0.43623672, 0.46164569, 0.48701707, 0.51206168,
       0.58634213, 0.61057582, 0.63464349, 0.65851517, 0.65851517,
       0.65851517, 0.65851517, 0.65851517, 0.65851517, 0.65851517,
       0.65851517, 0.65851517, 0.67981519, 0.70078495, 0.72142934,
       0.74166265, 0.74166265, 0.74166265, 0.74166265, 0.74166265,
       0.74166265, 0.76038713, 0.76038713, 0.77830577, 0.77830577,
       0.77830577, 0.7955518 , 0.7955518 , 0.7955518 , 0.7955518 ,
       0.81155795, 0.81155795, 0.81155795, 0.81155795, 0.82635775,
       0.82635775, 0.82635775, 0.82635775, 0.82635775, 0.83970173,
       0.85284387, 0.85284387, 0.85284387, 0.86497613, 0.86497613,
       0.86497613, 0.87633114, 0.88754998, 0.88754998, 0.88754998,
       0.8979024 , 0.9078264 , 0.91736396, 0.91736396, 0.91736396,
       0.91736396, 0.91736396, 0.92566289, 0.93354914, 0.94109562,
       0.94831369, 0.94831369, 0.95516093, 0.95516093, 0.96136995,
       0.96725832, 0.96725832, 0.96725832, 0.96725832, 0.9721564 ,
       0.9721564 , 0.9721564 , 0.97983803, 0.98695546, 0.98695546,
       0.98988097, 0.9926537 , 0.99520006, 0.99725056, 0.99725056,
       0.9987491 , 1.        , 1.        , 1.        , 1.        ,
       1.        ]), array([0.        , 0.        , 0.        , 0.        , 0.05320257,
       0.23820253, 0.34250778, 0.34250778, 0.44497215, 0.44497215,
       0.49487471, 0.54432566, 0.61766548, 0.66616063, 0.68998038,
       0.68998038, 0.71337425, 0.73650757, 0.73650757, 0.75896996,
       0.75896996, 0.75896996, 0.75896996, 0.75896996, 0.75896996,
       0.75896996, 0.75896996, 0.75896996, 0.75896996, 0.75896996,
       0.75896996, 0.75896996, 0.75896996, 0.77770375, 0.77770375,
       0.77770375, 0.77770375, 0.79532142, 0.81247671, 0.81247671,
       0.81247671, 0.84526637, 0.86136336, 0.86136336, 0.87710222,
       0.87710222, 0.87710222, 0.87710222, 0.87710222, 0.87710222,
       0.87710222, 0.87710222, 0.89053184, 0.89053184, 0.89053184,
       0.9029918 , 0.9029918 , 0.9029918 , 0.91487327, 0.91487327,
       0.91487327, 0.91487327, 0.91487327, 0.91487327, 0.91487327,
       0.91487327, 0.91487327, 0.91487327, 0.92398796, 0.92398796,
       0.92398796, 0.92398796, 0.93181439, 0.93181439, 0.94658759,
       0.94658759, 0.94658759, 0.94658759, 0.94658759, 0.95241736,
       0.95798143, 0.96323561, 0.96839749, 0.96839749, 0.96839749,
       0.97273619, 0.97273619, 0.98394325, 0.98730038, 0.98730038,
       0.9900701 , 0.9900701 , 0.99253118, 0.99253118, 0.99430192,
       0.99876175, 1.        , 1.        , 1.        , 1.        ,
       1.        ]), array([0.        , 0.        , 0.        , 0.08514753, 0.16939738,
       0.22497044, 0.28004699, 0.41605059, 0.41605059, 0.44277058,
       0.49573915, 0.52185781, 0.52185781, 0.54727074, 0.54727074,
       0.57203996, 0.57203996, 0.57203996, 0.57203996, 0.59580612,
       0.59580612, 0.59580612, 0.59580612, 0.59580612, 0.59580612,
       0.59580612, 0.61753071, 0.61753071, 0.63860454, 0.63860454,
       0.65911914, 0.65911914, 0.65911914, 0.67866404, 0.71748451,
       0.73670091, 0.75545696, 0.75545696, 0.75545696, 0.77344416,
       0.77344416, 0.79071429, 0.79071429, 0.79071429, 0.79071429,
       0.79071429, 0.79071429, 0.79071429, 0.79071429, 0.80577681,
       0.80577681, 0.80577681, 0.80577681, 0.84722596, 0.84722596,
       0.84722596, 0.86007671, 0.88552682, 0.88552682, 0.88552682,
       0.88552682, 0.88552682, 0.88552682, 0.88552682, 0.88552682,
       0.9062543 , 0.92642392, 0.93612719, 0.94567077, 0.94567077,
       0.94567077, 0.94567077, 0.94567077, 0.94567077, 0.94567077,
       0.94567077, 0.94567077, 0.94567077, 0.94567077, 0.95183652,
       0.96386679, 0.96386679, 0.96929214, 0.96929214, 0.97395357,
       0.97395357, 0.97395357, 0.97395357, 0.98112022, 0.98112022,
       0.98431614, 0.99274667, 0.99274667, 0.99488092, 0.99677386,
       1.        , 1.        , 1.        , 1.        , 1.        ,
       1.        ]), array([0.        , 0.12753755, 0.22225144, 0.25344897, 0.28428506,
       0.34533109, 0.34533109, 0.37536576, 0.40512957, 0.46369235,
       0.49260857, 0.52142059, 0.54979565, 0.60594232, 0.63351302,
       0.63351302, 0.66049596, 0.66049596, 0.68685776, 0.68685776,
       0.68685776, 0.71232772, 0.76253527, 0.76253527, 0.78700886,
       0.78700886, 0.78700886, 0.78700886, 0.78700886, 0.78700886,
       0.78700886, 0.78700886, 0.78700886, 0.78700886, 0.82954729,
       0.82954729, 0.82954729, 0.82954729, 0.82954729, 0.8490843 ,
       0.8490843 , 0.8490843 , 0.8490843 , 0.8490843 , 0.8490843 ,
       0.86677689, 0.86677689, 0.86677689, 0.86677689, 0.86677689,
       0.86677689, 0.86677689, 0.86677689, 0.86677689, 0.86677689,
       0.86677689, 0.88112514, 0.88112514, 0.88112514, 0.88112514,
       0.88112514, 0.89391219, 0.90637495, 0.90637495, 0.91808507,
       0.92939873, 0.9403686 , 0.9403686 , 0.9403686 , 0.9403686 ,
       0.9403686 , 0.9403686 , 0.9403686 , 0.9403686 , 0.9403686 ,
       0.94845956, 0.9561624 , 0.9561624 , 0.9561624 , 0.9561624 ,
       0.9561624 , 0.9561624 , 0.9561624 , 0.96163991, 0.96163991,
       0.96163991, 0.97108346, 0.97108346, 0.97108346, 0.97481609,
       0.97481609, 0.97799777, 0.98080772, 0.98555408, 0.98760907,
       0.99129106, 0.99266371, 0.99732434, 0.99732434, 1.        ,
       1.        ]), array([0.        , 0.        , 0.03686391, 0.21972957, 0.25605129,
       0.32763295, 0.3988779 , 0.46922594, 0.50382452, 0.50382452,
       0.57149224, 0.60526815, 0.60526815, 0.63816335, 0.63816335,
       0.63816335, 0.63816335, 0.63816335, 0.63816335, 0.63816335,
       0.63816335, 0.66811318, 0.66811318, 0.69717457, 0.69717457,
       0.72534737, 0.72534737, 0.72534737, 0.72534737, 0.72534737,
       0.72534737, 0.72534737, 0.72534737, 0.72534737, 0.72534737,
       0.72534737, 0.74937951, 0.74937951, 0.74937951, 0.74937951,
       0.77223032, 0.77223032, 0.79422797, 0.79422797, 0.79422797,
       0.79422797, 0.79422797, 0.79422797, 0.79422797, 0.79422797,
       0.81329063, 0.81329063, 0.83142471, 0.84927313, 0.84927313,
       0.86620979, 0.88298068, 0.88298068, 0.88298068, 0.88298068,
       0.88298068, 0.88298068, 0.88298068, 0.88298068, 0.88298068,
       0.88298068, 0.88298068, 0.88298068, 0.88298068, 0.88298068,
       0.89456135, 0.90545747, 0.90545747, 0.90545747, 0.90545747,
       0.90545747, 0.90545747, 0.90545747, 0.90545747, 0.90545747,
       0.90545747, 0.92011983, 0.92011983, 0.92011983, 0.9263992 ,
       0.93212892, 0.93744907, 0.93744907, 0.94199638, 0.9507921 ,
       0.95883041, 0.96610463, 0.97566808, 0.9786676 , 0.98106407,
       0.98922327, 0.99446849, 0.99713739, 1.        , 1.        ,
       1.        ])]","[array([0.        , 0.        , 0.        , 0.00439209, 0.00969172,
       0.01144422, 0.01377476, 0.01652888, 0.01652888, 0.02333605,
       0.03066867, 0.03464472, 0.03934933, 0.04410537, 0.04930855,
       0.06608571, 0.07239846, 0.07893836, 0.08574643, 0.08574643,
       0.08574643, 0.08574643, 0.08574643, 0.08574643, 0.08574643,
       0.08574643, 0.08574643, 0.09607331, 0.10685207, 0.11807604,
       0.12986247, 0.12986247, 0.12986247, 0.12986247, 0.12986247,
       0.12986247, 0.14371345, 0.14371345, 0.15866705, 0.15866705,
       0.15866705, 0.17454097, 0.17454097, 0.17454097, 0.17454097,
       0.19211142, 0.19211142, 0.19211142, 0.19211142, 0.21133251,
       0.21133251, 0.21133251, 0.21133251, 0.21133251, 0.23254559,
       0.25403486, 0.25403486, 0.25403486, 0.27690593, 0.27690593,
       0.27690593, 0.30084052, 0.32496142, 0.32496142, 0.32496142,
       0.35026785, 0.37616047, 0.40258187, 0.40258187, 0.40258187,
       0.40258187, 0.40258187, 0.43069806, 0.45937893, 0.48852471,
       0.51811986, 0.51811986, 0.5482224 , 0.5482224 , 0.57919822,
       0.61061278, 0.61061278, 0.61061278, 0.61061278, 0.64338235,
       0.64338235, 0.64338235, 0.71181479, 0.78101924, 0.78101924,
       0.81648786, 0.85216554, 0.88815296, 0.92481886, 0.92481886,
       0.96224002, 1.        , 1.        , 1.        , 1.        ,
       1.        ]), array([0.        , 0.        , 0.        , 0.        , 0.0031395 ,
       0.01596506, 0.02543513, 0.02543513, 0.03770264, 0.03770264,
       0.04585694, 0.05469751, 0.06922968, 0.07952272, 0.08531937,
       0.08531937, 0.09176319, 0.09860297, 0.09860297, 0.10646229,
       0.10646229, 0.10646229, 0.10646229, 0.10646229, 0.10646229,
       0.10646229, 0.10646229, 0.10646229, 0.10646229, 0.10646229,
       0.10646229, 0.10646229, 0.10646229, 0.11998771, 0.11998771,
       0.11998771, 0.11998771, 0.1352092 , 0.15113335, 0.15113335,
       0.15113335, 0.18529286, 0.20282522, 0.20282522, 0.2209018 ,
       0.2209018 , 0.2209018 , 0.2209018 , 0.2209018 , 0.2209018 ,
       0.2209018 , 0.2209018 , 0.24248758, 0.24248758, 0.24248758,
       0.26554687, 0.26554687, 0.26554687, 0.28948524, 0.28948524,
       0.28948524, 0.28948524, 0.28948524, 0.28948524, 0.28948524,
       0.28948524, 0.28948524, 0.28948524, 0.3176281 , 0.3176281 ,
       0.3176281 , 0.3176281 , 0.34772863, 0.34772863, 0.40926643,
       0.40926643, 0.40926643, 0.40926643, 0.40926643, 0.44240114,
       0.47593961, 0.509949  , 0.54409865, 0.54409865, 0.54409865,
       0.57949923, 0.57949923, 0.68845002, 0.72534222, 0.72534222,
       0.76312706, 0.76312706, 0.80138092, 0.80138092, 0.84068383,
       0.95988789, 1.        , 1.        , 1.        , 1.        ,
       1.        ]), array([0.        , 0.        , 0.        , 0.00298881, 0.0071783 ,
       0.01076512, 0.01501605, 0.02790086, 0.02790086, 0.03112081,
       0.03819125, 0.0422155 , 0.0422155 , 0.0471837 , 0.0471837 ,
       0.05301289, 0.05301289, 0.05301289, 0.05301289, 0.0601837 ,
       0.0601837 , 0.0601837 , 0.0601837 , 0.0601837 , 0.0601837 ,
       0.0601837 , 0.0700852 , 0.0700852 , 0.08085711, 0.08085711,
       0.09237702, 0.09237702, 0.09237702, 0.10519393, 0.13118801,
       0.14444431, 0.15831635, 0.15831635, 0.15831635, 0.17321675,
       0.17321675, 0.18907625, 0.18907625, 0.18907625, 0.18907625,
       0.18907625, 0.18907625, 0.18907625, 0.18907625, 0.20788854,
       0.20788854, 0.20788854, 0.20788854, 0.26932563, 0.26932563,
       0.26932563, 0.29109623, 0.33497368, 0.33497368, 0.33497368,
       0.33497368, 0.33497368, 0.33497368, 0.33497368, 0.33497368,
       0.38516784, 0.43610816, 0.46208864, 0.48828271, 0.48828271,
       0.48828271, 0.48828271, 0.48828271, 0.48828271, 0.48828271,
       0.48828271, 0.48828271, 0.48828271, 0.48828271, 0.51899477,
       0.58082178, 0.58082178, 0.61252413, 0.61252413, 0.64524828,
       0.64524828, 0.64524828, 0.64524828, 0.71358058, 0.71358058,
       0.74826488, 0.85386568, 0.85386568, 0.88997002, 0.92639712,
       1.        , 1.        , 1.        , 1.        , 1.        ,
       1.        ]), array([0.00000000e+00, 5.76834129e-04, 2.02927704e-03, 2.91922716e-03,
       4.20161045e-03, 7.44622103e-03, 7.44622103e-03, 9.59874084e-03,
       1.20453474e-02, 1.79861082e-02, 2.13529740e-02, 2.48329608e-02,
       2.87873896e-02, 3.73514107e-02, 4.21791623e-02, 4.21791623e-02,
       4.76450538e-02, 4.76450538e-02, 5.37853465e-02, 5.37853465e-02,
       5.37853465e-02, 6.08939489e-02, 7.59063007e-02, 7.59063007e-02,
       8.40966911e-02, 8.40966911e-02, 8.40966911e-02, 8.40966911e-02,
       8.40966911e-02, 8.40966911e-02, 8.40966911e-02, 8.40966911e-02,
       8.40966911e-02, 8.40966911e-02, 1.07435709e-01, 1.07435709e-01,
       1.07435709e-01, 1.07435709e-01, 1.07435709e-01, 1.20985928e-01,
       1.20985928e-01, 1.20985928e-01, 1.20985928e-01, 1.20985928e-01,
       1.20985928e-01, 1.36538717e-01, 1.36538717e-01, 1.36538717e-01,
       1.36538717e-01, 1.36538717e-01, 1.36538717e-01, 1.36538717e-01,
       1.36538717e-01, 1.36538717e-01, 1.36538717e-01, 1.36538717e-01,
       1.55722577e-01, 1.55722577e-01, 1.55722577e-01, 1.55722577e-01,
       1.55722577e-01, 1.76601485e-01, 1.97832494e-01, 1.97832494e-01,
       2.19880676e-01, 2.42359299e-01, 2.65211196e-01, 2.65211196e-01,
       2.65211196e-01, 2.65211196e-01, 2.65211196e-01, 2.65211196e-01,
       2.65211196e-01, 2.65211196e-01, 2.65211196e-01, 2.91188830e-01,
       3.17587862e-01, 3.17587862e-01, 3.17587862e-01, 3.17587862e-01,
       3.17587862e-01, 3.17587862e-01, 3.17587862e-01, 3.46403020e-01,
       3.46403020e-01, 3.46403020e-01, 4.05674400e-01, 4.05674400e-01,
       4.05674400e-01, 4.36384039e-01, 4.36384039e-01, 4.67691872e-01,
       4.99403303e-01, 5.63774591e-01, 5.96305714e-01, 6.61832641e-01,
       6.95104600e-01, 8.29093570e-01, 8.29093570e-01, 1.00000000e+00,
       1.00000000e+00]), array([0.00000000e+00, 0.00000000e+00, 5.44949419e-04, 4.43020406e-03,
       5.40793625e-03, 8.21092250e-03, 1.12826802e-02, 1.50703674e-02,
       1.74235312e-02, 1.74235312e-02, 2.33506831e-02, 2.63605178e-02,
       2.63605178e-02, 3.00733462e-02, 3.00733462e-02, 3.00733462e-02,
       3.00733462e-02, 3.00733462e-02, 3.00733462e-02, 3.00733462e-02,
       3.00733462e-02, 3.61372054e-02, 3.61372054e-02, 4.29102362e-02,
       4.29102362e-02, 5.03925465e-02, 5.03925465e-02, 5.03925465e-02,
       5.03925465e-02, 5.03925465e-02, 5.03925465e-02, 5.03925465e-02,
       5.03925465e-02, 5.03925465e-02, 5.03925465e-02, 5.03925465e-02,
       6.11799894e-02, 6.11799894e-02, 6.11799894e-02, 6.11799894e-02,
       7.29103856e-02, 7.29103856e-02, 8.53217917e-02, 8.53217917e-02,
       8.53217917e-02, 8.53217917e-02, 8.53217917e-02, 8.53217917e-02,
       8.53217917e-02, 8.53217917e-02, 1.00075945e-01, 1.00075945e-01,
       1.15571302e-01, 1.31294672e-01, 1.31294672e-01, 1.47745826e-01,
       1.64329298e-01, 1.64329298e-01, 1.64329298e-01, 1.64329298e-01,
       1.64329298e-01, 1.64329298e-01, 1.64329298e-01, 1.64329298e-01,
       1.64329298e-01, 1.64329298e-01, 1.64329298e-01, 1.64329298e-01,
       1.64329298e-01, 1.64329298e-01, 1.85055681e-01, 2.06328478e-01,
       2.06328478e-01, 2.06328478e-01, 2.06328478e-01, 2.06328478e-01,
       2.06328478e-01, 2.06328478e-01, 2.06328478e-01, 2.06328478e-01,
       2.06328478e-01, 2.54565240e-01, 2.54565240e-01, 2.54565240e-01,
       2.79523189e-01, 3.04919878e-01, 3.30643492e-01, 3.30643492e-01,
       3.56983999e-01, 4.09903593e-01, 4.63427764e-01, 5.17561836e-01,
       5.99838850e-01, 6.27414826e-01, 6.55472156e-01, 7.68840290e-01,
       8.54564178e-01, 9.12374285e-01, 1.00000000e+00, 1.00000000e+00,
       1.00000000e+00])]",-0.0158234856323156,0.0101930982740986,0.0084099486260704,0.0019908782235102,"[{'lambda_reg': 0.003530327786632675, 'gamma': 0.0010913035904661212}, {'lambda_reg': 0.08384401872068657, 'gamma': 0.023511881879541858}, {'lambda_reg': 0.026397177720800715, 'gamma': 0.005599193921010566}, {'lambda_reg': 0.0091463252684895, 'gamma': 0.012709984347243315}, {'lambda_reg': 0.001534201854671171, 'gamma': 0.001193772570018031}]",300,1,exponential,129
"[np.float64(0.12076760618053181), np.float64(0.09919483010019466), np.float64(0.12468096570427922), np.float64(0.10660494140089533), np.float64(0.15132624841567247)]",0.1205149183603147,0.0179710405030856,"[np.float64(0.7319809611519725), np.float64(0.7964946963541231), np.float64(0.7486068871647473), np.float64(0.7843887541923558), np.float64(0.7469513030470853)]",0.7616845203820567,0.0244851963384411,"[np.float64(0.8986491996216658), np.float64(0.921306093771936), np.float64(0.9005088284870315), np.float64(0.9397727599566383), np.float64(0.9523254599745508)]",0.9225124683623646,0.0211745282695706,"[array([0.        , 0.31531099, 0.37758324, 0.48043352, 0.5008089 ,
       0.54104503, 0.54104503, 0.58053414, 0.59994772, 0.63859269,
       0.63859269, 0.65756536, 0.69471498, 0.69471498, 0.69471498,
       0.69471498, 0.71260209, 0.73024146, 0.76493032, 0.76493032,
       0.7990204 , 0.7990204 , 0.7990204 , 0.81543825, 0.81543825,
       0.81543825, 0.81543825, 0.83100106, 0.83100106, 0.83100106,
       0.8459086 , 0.8459086 , 0.8459086 , 0.8459086 , 0.85993052,
       0.85993052, 0.87344848, 0.87344848, 0.89970522, 0.9125893 ,
       0.9125893 , 0.9125893 , 0.9125893 , 0.9125893 , 0.9125893 ,
       0.9125893 , 0.9125893 , 0.93502592, 0.94613511, 0.94613511,
       0.95674859, 0.95674859, 0.9669256 , 0.9669256 , 0.9669256 ,
       0.9669256 , 0.9669256 , 0.9669256 , 0.9669256 , 0.97577146,
       0.97577146, 0.97577146, 0.97577146, 0.97577146, 0.98349211,
       0.98349211, 0.99069331, 0.99069331, 0.99069331, 0.99069331,
       0.99069331, 0.99069331, 0.99069331, 0.99069331, 0.99069331,
       0.99069331, 0.99069331, 0.99069331, 0.99069331, 0.99069331,
       0.99069331, 0.99474008, 0.99474008, 0.99474008, 0.99474008,
       0.99474008, 0.99474008, 0.99748174, 0.99748174, 0.99748174,
       0.99748174, 0.99748174, 0.99748174, 0.99901501, 0.99901501,
       0.99901501, 1.        , 1.        , 1.        , 1.        ,
       1.        ]), array([0.        , 0.41022158, 0.50000399, 0.50000399, 0.54406954,
       0.56581461, 0.56581461, 0.58703961, 0.60812998, 0.60812998,
       0.60812998, 0.60812998, 0.60812998, 0.60812998, 0.64760836,
       0.70598717, 0.72522497, 0.72522497, 0.76285183, 0.76285183,
       0.7812903 , 0.79950019, 0.79950019, 0.79950019, 0.81692592,
       0.81692592, 0.81692592, 0.81692592, 0.83347398, 0.83347398,
       0.83347398, 0.83347398, 0.84909708, 0.86440241, 0.86440241,
       0.86440241, 0.86440241, 0.86440241, 0.86440241, 0.86440241,
       0.87820043, 0.87820043, 0.89160891, 0.90480826, 0.90480826,
       0.90480826, 0.90480826, 0.90480826, 0.90480826, 0.90480826,
       0.90480826, 0.91613446, 0.91613446, 0.91613446, 0.91613446,
       0.91613446, 0.92639147, 0.94606001, 0.95573498, 0.95573498,
       0.95573498, 0.95573498, 0.95573498, 0.95573498, 0.95573498,
       0.95573498, 0.95573498, 0.95573498, 0.96324926, 0.96324926,
       0.97020291, 0.97020291, 0.97020291, 0.97020291, 0.97020291,
       0.98196971, 0.98196971, 0.98196971, 0.98701898, 0.98701898,
       0.98701898, 0.98701898, 0.99127053, 0.99127053, 0.99127053,
       0.99127053, 0.99127053, 0.99440826, 0.99440826, 0.99440826,
       0.99440826, 0.99440826, 0.99440826, 0.99602117, 0.9974582 ,
       1.        , 1.        , 1.        , 1.        , 1.        ,
       1.        ]), array([0.        , 0.32936409, 0.41597848, 0.45895654, 0.5016448 ,
       0.5016448 , 0.52235524, 0.54297059, 0.56332508, 0.58347813,
       0.58347813, 0.66221861, 0.66221861, 0.66221861, 0.66221861,
       0.68108817, 0.69963822, 0.69963822, 0.69963822, 0.71748586,
       0.71748586, 0.75245046, 0.76970989, 0.76970989, 0.76970989,
       0.78629907, 0.80268686, 0.80268686, 0.81871153, 0.81871153,
       0.83434704, 0.83434704, 0.83434704, 0.84913062, 0.86366958,
       0.86366958, 0.86366958, 0.86366958, 0.87747966, 0.87747966,
       0.87747966, 0.87747966, 0.90324705, 0.90324705, 0.91578788,
       0.91578788, 0.91578788, 0.91578788, 0.92741607, 0.92741607,
       0.92741607, 0.92741607, 0.92741607, 0.93793155, 0.93793155,
       0.94793747, 0.94793747, 0.95747916, 0.95747916, 0.95747916,
       0.95747916, 0.95747916, 0.95747916, 0.95747916, 0.96551956,
       0.96551956, 0.97311515, 0.97311515, 0.97311515, 0.97311515,
       0.97311515, 0.97961995, 0.97961995, 0.98575095, 0.99155328,
       0.99155328, 0.99155328, 0.99155328, 0.99155328, 0.99155328,
       0.99155328, 0.99155328, 0.99155328, 0.99155328, 0.99155328,
       0.99155328, 0.99155328, 0.99453191, 0.99453191, 0.99699544,
       0.99929461, 0.99929461, 0.99929461, 0.99929461, 0.99929461,
       0.99929461, 0.99929461, 1.        , 1.        , 1.        ,
       1.        ]), array([0.        , 0.36201486, 0.42909373, 0.47317345, 0.51693738,
       0.60363482, 0.64644427, 0.66761524, 0.68852837, 0.7093408 ,
       0.7093408 , 0.7093408 , 0.72936094, 0.74913539, 0.76876939,
       0.76876939, 0.76876939, 0.80672226, 0.80672226, 0.82518121,
       0.82518121, 0.82518121, 0.82518121, 0.82518121, 0.84263344,
       0.85975302, 0.85975302, 0.85975302, 0.85975302, 0.85975302,
       0.89166724, 0.89166724, 0.89166724, 0.89166724, 0.89166724,
       0.89166724, 0.89166724, 0.89166724, 0.89166724, 0.89166724,
       0.90538339, 0.91882095, 0.91882095, 0.91882095, 0.9316214 ,
       0.9316214 , 0.9316214 , 0.9316214 , 0.94341994, 0.9551251 ,
       0.9551251 , 0.9551251 , 0.9551251 , 0.9551251 , 0.9551251 ,
       0.9551251 , 0.9551251 , 0.9551251 , 0.9551251 , 0.9551251 ,
       0.96431692, 0.96431692, 0.96431692, 0.96431692, 0.96431692,
       0.9723164 , 0.9723164 , 0.9723164 , 0.9723164 , 0.9723164 ,
       0.9723164 , 0.9723164 , 0.9723164 , 0.97857306, 0.97857306,
       0.97857306, 0.97857306, 0.97857306, 0.97857306, 0.97857306,
       0.97857306, 0.97857306, 0.97857306, 0.97857306, 0.98237746,
       0.98237746, 0.98910501, 0.99517634, 0.99793823, 0.99793823,
       0.99793823, 0.99793823, 0.99793823, 0.99793823, 0.99793823,
       0.99919778, 0.99919778, 0.99988956, 0.99988956, 0.99988956,
       1.        ]), array([0.        , 0.54369482, 0.62021551, 0.63909357, 0.65788512,
       0.73198094, 0.75040206, 0.76856764, 0.76856764, 0.78628334,
       0.80395276, 0.85620235, 0.85620235, 0.87321471, 0.87321471,
       0.87321471, 0.90605383, 0.92233061, 0.92233061, 0.92233061,
       0.93803843, 0.93803843, 0.93803843, 0.93803843, 0.93803843,
       0.93803843, 0.93803843, 0.93803843, 0.93803843, 0.95203115,
       0.95203115, 0.95203115, 0.95203115, 0.95203115, 0.95203115,
       0.95203115, 0.96453248, 0.96453248, 0.96453248, 0.96453248,
       0.96453248, 0.96453248, 0.96453248, 0.96453248, 0.96453248,
       0.96453248, 0.96453248, 0.9750173 , 0.9750173 , 0.9750173 ,
       0.9750173 , 0.9750173 , 0.9750173 , 0.9750173 , 0.9750173 ,
       0.9750173 , 0.9750173 , 0.9750173 , 0.98336855, 0.98336855,
       0.98336855, 0.98336855, 0.98336855, 0.98336855, 0.98336855,
       0.98336855, 0.98336855, 0.98336855, 0.99599009, 0.99599009,
       0.99599009, 0.99599009, 0.99599009, 0.99599009, 0.99599009,
       0.99599009, 0.99599009, 0.99599009, 0.99599009, 0.99599009,
       0.99599009, 0.99599009, 0.99599009, 0.99599009, 0.99599009,
       0.99599009, 0.99599009, 0.99599009, 0.99833094, 0.99833094,
       0.99833094, 0.99833094, 0.9999833 , 0.9999833 , 0.9999833 ,
       0.9999833 , 0.9999833 , 0.9999833 , 0.9999833 , 0.9999833 ,
       1.        ])]","[array([0.        , 0.00353529, 0.00722336, 0.01690542, 0.01957649,
       0.02686066, 0.02686066, 0.03696387, 0.04326449, 0.05655326,
       0.05655326, 0.06451773, 0.0834495 , 0.0834495 , 0.0834495 ,
       0.0834495 , 0.09551055, 0.10850652, 0.13672449, 0.13672449,
       0.16720209, 0.16720209, 0.16720209, 0.18480771, 0.18480771,
       0.18480771, 0.18480771, 0.20564004, 0.20564004, 0.20564004,
       0.2289451 , 0.2289451 , 0.2289451 , 0.2289451 , 0.25559231,
       0.25559231, 0.28414126, 0.28414126, 0.34417962, 0.37512067,
       0.37512067, 0.37512067, 0.37512067, 0.37512067, 0.37512067,
       0.37512067, 0.37512067, 0.44957501, 0.48721399, 0.48721399,
       0.52672364, 0.52672364, 0.56788038, 0.56788038, 0.56788038,
       0.56788038, 0.56788038, 0.56788038, 0.56788038, 0.61406048,
       0.61406048, 0.61406048, 0.61406048, 0.61406048, 0.66448683,
       0.66448683, 0.71687345, 0.71687345, 0.71687345, 0.71687345,
       0.71687345, 0.71687345, 0.71687345, 0.71687345, 0.71687345,
       0.71687345, 0.71687345, 0.71687345, 0.71687345, 0.71687345,
       0.71687345, 0.78116391, 0.78116391, 0.78116391, 0.78116391,
       0.78116391, 0.78116391, 0.85037952, 0.85037952, 0.85037952,
       0.85037952, 0.85037952, 0.85037952, 0.92415523, 0.92415523,
       0.92415523, 1.        , 1.        , 1.        , 1.        ,
       1.        ]), array([0.        , 0.00126389, 0.00527941, 0.00527941, 0.00952497,
       0.01242751, 0.01242751, 0.01673962, 0.02141663, 0.02141663,
       0.02141663, 0.02141663, 0.02141663, 0.02141663, 0.03809489,
       0.06538561, 0.07508367, 0.07508367, 0.09678015, 0.09678015,
       0.10864466, 0.12112869, 0.12112869, 0.12112869, 0.13573806,
       0.13573806, 0.13573806, 0.13573806, 0.15272618, 0.15272618,
       0.15272618, 0.15272618, 0.17222126, 0.19257758, 0.19257758,
       0.19257758, 0.19257758, 0.19257758, 0.19257758, 0.19257758,
       0.21701921, 0.21701921, 0.24251662, 0.26858082, 0.26858082,
       0.26858082, 0.26858082, 0.26858082, 0.26858082, 0.26858082,
       0.26858082, 0.29972189, 0.29972189, 0.29972189, 0.29972189,
       0.29972189, 0.33376081, 0.40413015, 0.43974658, 0.43974658,
       0.43974658, 0.43974658, 0.43974658, 0.43974658, 0.43974658,
       0.43974658, 0.43974658, 0.43974658, 0.48121917, 0.48121917,
       0.52421124, 0.52421124, 0.52421124, 0.52421124, 0.52421124,
       0.61599685, 0.61599685, 0.61599685, 0.66415042, 0.66415042,
       0.66415042, 0.66415042, 0.71446606, 0.71446606, 0.71446606,
       0.71446606, 0.71446606, 0.76780053, 0.76780053, 0.76780053,
       0.76780053, 0.76780053, 0.76780053, 0.82526774, 0.88321166,
       1.        , 1.        , 1.        , 1.        , 1.        ,
       1.        ]), array([0.        , 0.00303991, 0.00763454, 0.01095602, 0.0151793 ,
       0.0151793 , 0.01926283, 0.02364223, 0.02883336, 0.03465132,
       0.03465132, 0.06374746, 0.06374746, 0.06374746, 0.06374746,
       0.07355933, 0.0843654 , 0.0843654 , 0.0843654 , 0.09735717,
       0.09735717, 0.12561444, 0.14043658, 0.14043658, 0.14043658,
       0.15734437, 0.17487884, 0.17487884, 0.19354322, 0.19354322,
       0.21341857, 0.21341857, 0.21341857, 0.23594492, 0.25923245,
       0.25923245, 0.25923245, 0.25923245, 0.28478804, 0.28478804,
       0.28478804, 0.28478804, 0.34166459, 0.34166459, 0.37116977,
       0.37116977, 0.37116977, 0.37116977, 0.40351484, 0.40351484,
       0.40351484, 0.40351484, 0.40351484, 0.43932238, 0.43932238,
       0.47671553, 0.47671553, 0.51555324, 0.51555324, 0.51555324,
       0.51555324, 0.51555324, 0.51555324, 0.51555324, 0.55906259,
       0.55906259, 0.60395605, 0.60395605, 0.60395605, 0.60395605,
       0.60395605, 0.65224375, 0.65224375, 0.70169462, 0.75216824,
       0.75216824, 0.75216824, 0.75216824, 0.75216824, 0.75216824,
       0.75216824, 0.75216824, 0.75216824, 0.75216824, 0.75216824,
       0.75216824, 0.75216824, 0.81142847, 0.81142847, 0.87229154,
       0.93366605, 0.93366605, 0.93366605, 0.93366605, 0.93366605,
       0.93366605, 0.93366605, 1.        , 1.        , 1.        ,
       1.        ]), array([0.        , 0.0027483 , 0.00547496, 0.00906292, 0.01352496,
       0.02474757, 0.03185155, 0.03605057, 0.04096326, 0.04615469,
       0.04615469, 0.04615469, 0.05353914, 0.06160364, 0.0700569 ,
       0.0700569 , 0.0700569 , 0.09060363, 0.09060363, 0.10230934,
       0.10230934, 0.10230934, 0.10230934, 0.10230934, 0.11680162,
       0.13221464, 0.13221464, 0.13221464, 0.13221464, 0.13221464,
       0.16947599, 0.16947599, 0.16947599, 0.16947599, 0.16947599,
       0.16947599, 0.16947599, 0.16947599, 0.16947599, 0.16947599,
       0.19430954, 0.21991419, 0.21991419, 0.21991419, 0.24728232,
       0.24728232, 0.24728232, 0.24728232, 0.27742367, 0.30782353,
       0.30782353, 0.30782353, 0.30782353, 0.30782353, 0.30782353,
       0.30782353, 0.30782353, 0.30782353, 0.30782353, 0.30782353,
       0.34518015, 0.34518015, 0.34518015, 0.34518015, 0.34518015,
       0.38583708, 0.38583708, 0.38583708, 0.38583708, 0.38583708,
       0.38583708, 0.38583708, 0.38583708, 0.43131805, 0.43131805,
       0.43131805, 0.43131805, 0.43131805, 0.43131805, 0.43131805,
       0.43131805, 0.43131805, 0.43131805, 0.43131805, 0.48358673,
       0.48358673, 0.59056337, 0.69935636, 0.75451067, 0.75451067,
       0.75451067, 0.75451067, 0.75451067, 0.75451067, 0.75451067,
       0.81382335, 0.81382335, 0.8747076 , 0.8747076 , 0.8747076 ,
       1.        ]), array([0.        , 0.00451153, 0.01205583, 0.01545453, 0.01937229,
       0.04146537, 0.0476056 , 0.05527905, 0.05527905, 0.06565172,
       0.07630202, 0.1128049 , 0.1128049 , 0.12739751, 0.12739751,
       0.12739751, 0.16369602, 0.18270191, 0.18270191, 0.18270191,
       0.20512149, 0.20512149, 0.20512149, 0.20512149, 0.20512149,
       0.20512149, 0.20512149, 0.20512149, 0.20512149, 0.23783139,
       0.23783139, 0.23783139, 0.23783139, 0.23783139, 0.23783139,
       0.23783139, 0.27948927, 0.27948927, 0.27948927, 0.27948927,
       0.27948927, 0.27948927, 0.27948927, 0.27948927, 0.27948927,
       0.27948927, 0.27948927, 0.33324594, 0.33324594, 0.33324594,
       0.33324594, 0.33324594, 0.33324594, 0.33324594, 0.33324594,
       0.33324594, 0.33324594, 0.33324594, 0.39980364, 0.39980364,
       0.39980364, 0.39980364, 0.39980364, 0.39980364, 0.39980364,
       0.39980364, 0.39980364, 0.39980364, 0.557404  , 0.557404  ,
       0.557404  , 0.557404  , 0.557404  , 0.557404  , 0.557404  ,
       0.557404  , 0.557404  , 0.557404  , 0.557404  , 0.557404  ,
       0.557404  , 0.557404  , 0.557404  , 0.557404  , 0.557404  ,
       0.557404  , 0.557404  , 0.557404  , 0.66002299, 0.66002299,
       0.66002299, 0.66002299, 0.7667728 , 0.7667728 , 0.7667728 ,
       0.7667728 , 0.7667728 , 0.7667728 , 0.7667728 , 0.7667728 ,
       1.        ])]",0.0077212844823964,0.0189878086641014,0.0156474843696903,0.008413195924291,"[{'lambda_reg': 0.10198694206042248, 'gamma': 0.25362193510698655}, {'lambda_reg': 0.09483943585177708, 'gamma': 0.8608174887157221}, {'lambda_reg': 5.4255283827046475e-05, 'gamma': 0.021892885668424428}, {'lambda_reg': 0.00229207617621056, 'gamma': 0.1692101774983565}, {'lambda_reg': 0.0022641727964303527, 'gamma': 0.16027799138058918}]",300,3,rbf,141
"[np.float64(0.21613980470708988), np.float64(0.15241907242193287), np.float64(0.233171872228442), np.float64(0.1910979555290167), np.float64(0.1791027360076954)]",0.1943862881788353,0.0282247561845425,"[np.float64(0.6651449420827275), np.float64(0.7410399213036998), np.float64(0.6252449321862795), np.float64(0.6927157934872921), np.float64(0.6815651039538331)]",0.6811421386027664,0.0376889393356476,"[np.float64(0.707034158916237), np.float64(0.7145004629162115), np.float64(0.754073326183422), np.float64(0.7174036489137054), np.float64(0.7385931429583399)]",0.7263209479775832,0.0173897877370785,"[array([0.        , 0.        , 0.        , 0.02899257, 0.02899257,
       0.05716208, 0.08516219, 0.08516219, 0.08516219, 0.08516219,
       0.1119297 , 0.1119297 , 0.13822979, 0.13822979, 0.13822979,
       0.13822979, 0.13822979, 0.13822979, 0.1625883 , 0.18677212,
       0.21077972, 0.23439973, 0.23439973, 0.23439973, 0.23439973,
       0.23439973, 0.23439973, 0.25617648, 0.25617648, 0.27740643,
       0.27740643, 0.27740643, 0.27740643, 0.31737485, 0.33717965,
       0.39523426, 0.4336214 , 0.47148658, 0.50842549, 0.50842549,
       0.54433838, 0.56192418, 0.57917347, 0.59635495, 0.62985484,
       0.62985484, 0.66210475, 0.69377623, 0.70942612, 0.73986936,
       0.75492545, 0.76952596, 0.76952596, 0.78365243, 0.78365243,
       0.79721002, 0.79721002, 0.81003593, 0.84780587, 0.85995927,
       0.85995927, 0.85995927, 0.89411391, 0.9051772 , 0.92677529,
       0.92677529, 0.93697991, 0.93697991, 0.9562501 , 0.96549978,
       0.98339999, 0.99205246, 0.99205246, 0.99205246, 1.        ,
       1.        , 1.        , 1.        , 1.        , 1.        ,
       1.        , 1.        , 1.        , 1.        , 1.        ,
       1.        , 1.        , 1.        , 1.        , 1.        ,
       1.        , 1.        , 1.        , 1.        , 1.        ,
       1.        , 1.        , 1.        , 1.        , 1.        ,
       1.        ]), array([0.        , 0.        , 0.        , 0.        , 0.        ,
       0.        , 0.02585201, 0.05140113, 0.10193082, 0.10193082,
       0.17659506, 0.17659506, 0.17659506, 0.17659506, 0.17659506,
       0.17659506, 0.17659506, 0.19959236, 0.19959236, 0.22207075,
       0.22207075, 0.2658323 , 0.2658323 , 0.2658323 , 0.28673707,
       0.30736719, 0.30736719, 0.32751446, 0.36749048, 0.36749048,
       0.40613509, 0.42521349, 0.44403569, 0.49950709, 0.49950709,
       0.5713656 , 0.5713656 , 0.58885672, 0.60586643, 0.60586643,
       0.62255203, 0.65539229, 0.68762556, 0.68762556, 0.70301624,
       0.70301624, 0.70301624, 0.74675164, 0.7755407 , 0.78968692,
       0.80346315, 0.80346315, 0.82993534, 0.82993534, 0.85538599,
       0.85538599, 0.87991477, 0.90379213, 0.90379213, 0.90379213,
       0.90379213, 0.92542677, 0.93603349, 0.96693405, 0.96693405,
       0.96693405, 0.96693405, 0.96693405, 0.97587109, 0.98441348,
       0.98441348, 0.9923907 , 0.9923907 , 1.        , 1.        ,
       1.        , 1.        , 1.        , 1.        , 1.        ,
       1.        , 1.        , 1.        , 1.        , 1.        ,
       1.        , 1.        , 1.        , 1.        , 1.        ,
       1.        , 1.        , 1.        , 1.        , 1.        ,
       1.        , 1.        , 1.        , 1.        , 1.        ,
       1.        ]), array([0.        , 0.02545191, 0.07569582, 0.07569582, 0.12474617,
       0.12474617, 0.1487057 , 0.19617828, 0.19617828, 0.19617828,
       0.19617828, 0.19617828, 0.21866137, 0.21866137, 0.24059509,
       0.24059509, 0.28351303, 0.28351303, 0.28351303, 0.28351303,
       0.30395069, 0.30395069, 0.38391245, 0.4431189 , 0.48194489,
       0.48194489, 0.50102761, 0.53837407, 0.53837407, 0.57475084,
       0.57475084, 0.60995086, 0.60995086, 0.64447123, 0.67819982,
       0.67819982, 0.67819982, 0.69425708, 0.71014224, 0.72585294,
       0.74121005, 0.74121005, 0.74121005, 0.75595295, 0.7847484 ,
       0.79893336, 0.79893336, 0.81268042, 0.8260542 , 0.83908989,
       0.85196008, 0.86458036, 0.86458036, 0.88872223, 0.90050815,
       0.92365516, 0.93496093, 0.94613945, 0.95704343, 0.95704343,
       0.95704343, 0.96704082, 0.96704082, 0.96704082, 0.96704082,
       0.96704082, 0.96704082, 0.96704082, 0.97533163, 0.98322695,
       0.99110198, 0.99110198, 0.99110198, 0.99110198, 0.99110198,
       0.99110198, 0.99110198, 0.99110198, 0.99110198, 0.99110198,
       0.99110198, 0.9960037 , 0.9960037 , 0.9960037 , 0.9960037 ,
       1.        , 1.        , 1.        , 1.        , 1.        ,
       1.        , 1.        , 1.        , 1.        , 1.        ,
       1.        , 1.        , 1.        , 1.        , 1.        ,
       1.        ]), array([0.        , 0.        , 0.        , 0.        , 0.02587807,
       0.02587807, 0.05134322, 0.05134322, 0.05134322, 0.05134322,
       0.07572644, 0.07572644, 0.07572644, 0.07572644, 0.07572644,
       0.09879848, 0.16710482, 0.21213433, 0.23439463, 0.23439463,
       0.25602702, 0.27748615, 0.31988557, 0.34085295, 0.34085295,
       0.36125605, 0.38130436, 0.42086948, 0.45991119, 0.47911919,
       0.47911919, 0.49791775, 0.49791775, 0.51597609, 0.51597609,
       0.53349321, 0.56827541, 0.56827541, 0.63563439, 0.66860981,
       0.70135639, 0.70135639, 0.71704698, 0.74794472, 0.74794472,
       0.74794472, 0.74794472, 0.77671698, 0.83305968, 0.83305968,
       0.83305968, 0.84631224, 0.87243429, 0.89795384, 0.9103567 ,
       0.9103567 , 0.9103567 , 0.9103567 , 0.9103567 , 0.9103567 ,
       0.92124929, 0.95297637, 0.95297637, 0.95297637, 0.95297637,
       0.95297637, 0.96213791, 0.97120009, 0.97120009, 0.97120009,
       0.97934642, 0.97934642, 0.98701143, 0.98701143, 0.98701143,
       0.99396016, 0.99396016, 0.99396016, 1.        , 1.        ,
       1.        , 1.        , 1.        , 1.        , 1.        ,
       1.        , 1.        , 1.        , 1.        , 1.        ,
       1.        , 1.        , 1.        , 1.        , 1.        ,
       1.        , 1.        , 1.        , 1.        , 1.        ,
       1.        ]), array([0.        , 0.        , 0.        , 0.        , 0.04619552,
       0.04619552, 0.09132515, 0.15857471, 0.18069009, 0.20265599,
       0.20265599, 0.22399814, 0.22399814, 0.26589389, 0.28664381,
       0.30707159, 0.32721719, 0.32721719, 0.3665922 , 0.42522817,
       0.42522817, 0.4824374 , 0.4824374 , 0.4824374 , 0.51897013,
       0.53717766, 0.55497584, 0.5901413 , 0.62499721, 0.64203655,
       0.64203655, 0.69210311, 0.69210311, 0.69210311, 0.70802255,
       0.70802255, 0.72356133, 0.7388138 , 0.76880072, 0.76880072,
       0.7833337 , 0.79767172, 0.79767172, 0.79767172, 0.79767172,
       0.79767172, 0.79767172, 0.81041079, 0.86071385, 0.88553675,
       0.90973618, 0.92163613, 0.92163613, 0.92163613, 0.93288071,
       0.94367058, 0.95426965, 0.96457605, 0.97473763, 0.98479078,
       0.98479078, 0.98479078, 0.98479078, 0.98479078, 0.98479078,
       0.99325172, 0.99325172, 0.99325172, 0.99325172, 0.99325172,
       0.99325172, 0.99325172, 1.        , 1.        , 1.        ,
       1.        , 1.        , 1.        , 1.        , 1.        ,
       1.        , 1.        , 1.        , 1.        , 1.        ,
       1.        , 1.        , 1.        , 1.        , 1.        ,
       1.        , 1.        , 1.        , 1.        , 1.        ,
       1.        , 1.        , 1.        , 1.        , 1.        ,
       1.        ])]","[array([0.00000000e+00, 0.00000000e+00, 0.00000000e+00, 8.30551172e-04,
       8.30551172e-04, 2.71855079e-03, 4.82419921e-03, 4.82419921e-03,
       4.82419921e-03, 4.82419921e-03, 8.51346419e-03, 8.51346419e-03,
       1.28032709e-02, 1.28032709e-02, 1.28032709e-02, 1.28032709e-02,
       1.28032709e-02, 1.28032709e-02, 1.95875841e-02, 2.65963285e-02,
       3.38314937e-02, 4.15646121e-02, 4.15646121e-02, 4.15646121e-02,
       4.15646121e-02, 4.15646121e-02, 4.15646121e-02, 5.16659289e-02,
       5.16659289e-02, 6.24697667e-02, 6.24697667e-02, 6.24697667e-02,
       6.24697667e-02, 8.72784523e-02, 9.99132948e-02, 1.39564866e-01,
       1.66405156e-01, 1.93916036e-01, 2.22616986e-01, 2.22616986e-01,
       2.52636151e-01, 2.68121933e-01, 2.84040056e-01, 3.00045293e-01,
       3.33164638e-01, 3.33164638e-01, 3.67889934e-01, 4.03358388e-01,
       4.21331400e-01, 4.58377875e-01, 4.77113786e-01, 4.96435008e-01,
       4.96435008e-01, 5.16365287e-01, 5.16365287e-01, 5.37026438e-01,
       5.37026438e-01, 5.58627647e-01, 6.24340626e-01, 6.46805864e-01,
       6.46805864e-01, 6.46805864e-01, 7.17163726e-01, 7.41029511e-01,
       7.89440099e-01, 7.89440099e-01, 8.14409092e-01, 8.14409092e-01,
       8.65810527e-01, 8.92006410e-01, 9.45167973e-01, 9.72131148e-01,
       9.72131148e-01, 9.72131148e-01, 1.00000000e+00, 1.00000000e+00,
       1.00000000e+00, 1.00000000e+00, 1.00000000e+00, 1.00000000e+00,
       1.00000000e+00, 1.00000000e+00, 1.00000000e+00, 1.00000000e+00,
       1.00000000e+00, 1.00000000e+00, 1.00000000e+00, 1.00000000e+00,
       1.00000000e+00, 1.00000000e+00, 1.00000000e+00, 1.00000000e+00,
       1.00000000e+00, 1.00000000e+00, 1.00000000e+00, 1.00000000e+00,
       1.00000000e+00, 1.00000000e+00, 1.00000000e+00, 1.00000000e+00,
       1.00000000e+00]), array([0.        , 0.        , 0.        , 0.        , 0.        ,
       0.        , 0.00243665, 0.00534254, 0.01203513, 0.01203513,
       0.02382508, 0.02382508, 0.02382508, 0.02382508, 0.02382508,
       0.02382508, 0.02382508, 0.03068428, 0.03068428, 0.03834737,
       0.03834737, 0.05552522, 0.05552522, 0.05552522, 0.06562618,
       0.07615264, 0.07615264, 0.08742712, 0.11046953, 0.11046953,
       0.13557459, 0.14850498, 0.16183228, 0.20335594, 0.20335594,
       0.26197935, 0.26197935, 0.27736877, 0.29350399, 0.29350399,
       0.31014133, 0.34423854, 0.37927611, 0.37927611, 0.39791953,
       0.39791953, 0.39791953, 0.4576247 , 0.49799807, 0.51856944,
       0.53971399, 0.53971399, 0.58367667, 0.58367667, 0.62922192,
       0.62922192, 0.67619535, 0.72417796, 0.72417796, 0.72417796,
       0.72417796, 0.775635  , 0.80168979, 0.88127881, 0.88127881,
       0.88127881, 0.88127881, 0.88127881, 0.90992029, 0.93917315,
       0.93917315, 0.96930158, 0.96930158, 1.        , 1.        ,
       1.        , 1.        , 1.        , 1.        , 1.        ,
       1.        , 1.        , 1.        , 1.        , 1.        ,
       1.        , 1.        , 1.        , 1.        , 1.        ,
       1.        , 1.        , 1.        , 1.        , 1.        ,
       1.        , 1.        , 1.        , 1.        , 1.        ,
       1.        ]), array([0.00000000e+00, 1.65442721e-05, 1.30033670e-03, 1.30033670e-03,
       4.84621033e-03, 4.84621033e-03, 7.69117600e-03, 1.42273078e-02,
       1.42273078e-02, 1.42273078e-02, 1.42273078e-02, 1.42273078e-02,
       1.98704693e-02, 1.98704693e-02, 2.65548280e-02, 2.65548280e-02,
       4.17230677e-02, 4.17230677e-02, 4.17230677e-02, 4.17230677e-02,
       5.12427987e-02, 5.12427987e-02, 9.27121234e-02, 1.25263719e-01,
       1.48187172e-01, 1.48187172e-01, 1.60274846e-01, 1.86002368e-01,
       1.86002368e-01, 2.13567657e-01, 2.13567657e-01, 2.43363176e-01,
       2.43363176e-01, 2.74446806e-01, 3.07031037e-01, 3.07031037e-01,
       3.07031037e-01, 3.24852657e-01, 3.43000467e-01, 3.61478913e-01,
       3.80627514e-01, 3.80627514e-01, 3.80627514e-01, 4.00940171e-01,
       4.42873865e-01, 4.64243947e-01, 4.64243947e-01, 4.86443953e-01,
       5.09351435e-01, 5.32899646e-01, 5.56761533e-01, 5.81097063e-01,
       5.81097063e-01, 6.31850399e-01, 6.57767241e-01, 7.10406060e-01,
       7.37232886e-01, 7.64300890e-01, 7.91889208e-01, 7.91889208e-01,
       7.91889208e-01, 8.21195734e-01, 8.21195734e-01, 8.21195734e-01,
       8.21195734e-01, 8.21195734e-01, 8.21195734e-01, 8.21195734e-01,
       8.53736631e-01, 8.87027068e-01, 9.20355979e-01, 9.20355979e-01,
       9.20355979e-01, 9.20355979e-01, 9.20355979e-01, 9.20355979e-01,
       9.20355979e-01, 9.20355979e-01, 9.20355979e-01, 9.20355979e-01,
       9.20355979e-01, 9.59319986e-01, 9.59319986e-01, 9.59319986e-01,
       9.59319986e-01, 1.00000000e+00, 1.00000000e+00, 1.00000000e+00,
       1.00000000e+00, 1.00000000e+00, 1.00000000e+00, 1.00000000e+00,
       1.00000000e+00, 1.00000000e+00, 1.00000000e+00, 1.00000000e+00,
       1.00000000e+00, 1.00000000e+00, 1.00000000e+00, 1.00000000e+00,
       1.00000000e+00]), array([0.        , 0.        , 0.        , 0.        , 0.00170621,
       0.00170621, 0.00408306, 0.00408306, 0.00408306, 0.00408306,
       0.0082171 , 0.0082171 , 0.0082171 , 0.0082171 , 0.0082171 ,
       0.01448064, 0.03474891, 0.04908621, 0.05666812, 0.05666812,
       0.06526985, 0.07415297, 0.09276185, 0.10244363, 0.10244363,
       0.11304188, 0.12421634, 0.14742848, 0.17149071, 0.18402993,
       0.18402993, 0.19723414, 0.19723414, 0.21164056, 0.21164056,
       0.22692599, 0.25790618, 0.25790618, 0.32344845, 0.35736307,
       0.39164937, 0.39164937, 0.40990131, 0.44719035, 0.44719035,
       0.44719035, 0.44719035, 0.48793142, 0.57136547, 0.57136547,
       0.57136547, 0.59357708, 0.63862242, 0.68464629, 0.70823791,
       0.70823791, 0.70823791, 0.70823791, 0.70823791, 0.70823791,
       0.7342824 , 0.81395985, 0.81395985, 0.81395985, 0.81395985,
       0.81395985, 0.84281577, 0.87183307, 0.87183307, 0.87183307,
       0.9023378 , 0.9023378 , 0.93362427, 0.93362427, 0.93362427,
       0.96607406, 0.96607406, 0.96607406, 1.        , 1.        ,
       1.        , 1.        , 1.        , 1.        , 1.        ,
       1.        , 1.        , 1.        , 1.        , 1.        ,
       1.        , 1.        , 1.        , 1.        , 1.        ,
       1.        , 1.        , 1.        , 1.        , 1.        ,
       1.        ]), array([0.        , 0.        , 0.        , 0.        , 0.00397034,
       0.00397034, 0.01037398, 0.02099507, 0.02522291, 0.029792  ,
       0.029792  , 0.03578503, 0.03578503, 0.04957129, 0.0569163 ,
       0.06499675, 0.0737214 , 0.0737214 , 0.09326221, 0.12354723,
       0.12354723, 0.15708932, 0.15708932, 0.15708932, 0.18311877,
       0.19626782, 0.21035136, 0.23950214, 0.2693596 , 0.28517548,
       0.28517548, 0.33502354, 0.33502354, 0.33502354, 0.35339604,
       0.35339604, 0.37263756, 0.39253268, 0.43350553, 0.43350553,
       0.45504316, 0.47702587, 0.47702587, 0.47702587, 0.47702587,
       0.47702587, 0.47702587, 0.50265884, 0.60668186, 0.65944361,
       0.71362867, 0.74117724, 0.74117724, 0.74117724, 0.77022196,
       0.80030472, 0.83082306, 0.86200954, 0.89352664, 0.92529124,
       0.92529124, 0.92529124, 0.92529124, 0.92529124, 0.92529124,
       0.96069072, 0.96069072, 0.96069072, 0.96069072, 0.96069072,
       0.96069072, 0.96069072, 1.        , 1.        , 1.        ,
       1.        , 1.        , 1.        , 1.        , 1.        ,
       1.        , 1.        , 1.        , 1.        , 1.        ,
       1.        , 1.        , 1.        , 1.        , 1.        ,
       1.        , 1.        , 1.        , 1.        , 1.        ,
       1.        , 1.        , 1.        , 1.        , 1.        ,
       1.        ])]",0.1538368720619883,0.051974614261606,0.1124319361573815,0.0132950009121201,"[{'lambda_reg': 0.8999321253056528}, {'lambda_reg': 0.6592105347695563}, {'lambda_reg': 0.31834152174723956}, {'lambda_reg': 0.749595954809362}, {'lambda_reg': 0.5470308468481812}]",300,3,linear,140
"[np.float64(0.14513046351138761), np.float64(0.08173017138901537), np.float64(0.13948887898435777), np.float64(0.07004769647100492), np.float64(0.223001753721794)]",0.1318797928155119,0.0545433458694986,"[np.float64(0.8102494404744449), np.float64(0.8478415371437695), np.float64(0.8493336794519045), np.float64(0.8785749845686767), np.float64(0.8240398509450031)]",0.8420078985167597,0.0234789291878269,"[np.float64(0.9060131002629451), np.float64(0.9082555991408042), np.float64(0.884920693943694), np.float64(0.9143704204552063), np.float64(0.9530546289081341)]",0.9133228885421568,0.0222058712965341,"[array([0.        , 0.19307869, 0.19307869, 0.19307869, 0.23026693,
       0.3041451 , 0.37740855, 0.44960797, 0.48527386, 0.48527386,
       0.48527386, 0.51975132, 0.51975132, 0.51975132, 0.51975132,
       0.51975132, 0.51975132, 0.51975132, 0.51975132, 0.51975132,
       0.51975132, 0.51975132, 0.51975132, 0.51975132, 0.51975132,
       0.51975132, 0.51975132, 0.51975132, 0.51975132, 0.57516623,
       0.6022633 , 0.6022633 , 0.6022633 , 0.6022633 , 0.6022633 ,
       0.6022633 , 0.6022633 , 0.6022633 , 0.6022633 , 0.62625938,
       0.62625938, 0.64945936, 0.64945936, 0.67154335, 0.67154335,
       0.69318606, 0.69318606, 0.69318606, 0.73373022, 0.75383336,
       0.75383336, 0.75383336, 0.75383336, 0.77222054, 0.77222054,
       0.78982787, 0.80686966, 0.80686966, 0.80686966, 0.80686966,
       0.82246124, 0.82246124, 0.83737121, 0.83737121, 0.83737121,
       0.83737121, 0.85056191, 0.85056191, 0.86322631, 0.87546445,
       0.899045  , 0.899045  , 0.899045  , 0.92023049, 0.94063455,
       0.94063455, 0.95000857, 0.95000857, 0.95000857, 0.95000857,
       0.95000857, 0.95000857, 0.95728322, 0.96407486, 0.97029072,
       0.97029072, 0.97029072, 0.97029072, 0.97029072, 0.97456484,
       0.98290348, 0.98290348, 0.98961614, 0.99264548, 0.99264548,
       0.99480835, 0.99643077, 0.99770919, 0.99869363, 0.99982033,
       1.        ]), array([0.        , 0.25579919, 0.25579919, 0.25579919, 0.25579919,
       0.29654678, 0.29654678, 0.33657166, 0.33657166, 0.33657166,
       0.33657166, 0.33657166, 0.33657166, 0.37413267, 0.41117992,
       0.44751028, 0.44751028, 0.44751028, 0.44751028, 0.44751028,
       0.44751028, 0.44751028, 0.44751028, 0.48080457, 0.48080457,
       0.48080457, 0.51253844, 0.51253844, 0.51253844, 0.51253844,
       0.51253844, 0.51253844, 0.51253844, 0.54122215, 0.56981566,
       0.56981566, 0.56981566, 0.59685301, 0.59685301, 0.62326376,
       0.62326376, 0.62326376, 0.64804135, 0.64804135, 0.67226365,
       0.69600936, 0.71943743, 0.71943743, 0.74203096, 0.74203096,
       0.74203096, 0.76335784, 0.76335784, 0.76335784, 0.76335784,
       0.76335784, 0.76335784, 0.76335784, 0.78162801, 0.79940513,
       0.81658098, 0.81658098, 0.83296263, 0.83296263, 0.8483418 ,
       0.87879469, 0.87879469, 0.87879469, 0.89271692, 0.89271692,
       0.90579964, 0.91820385, 0.93039373, 0.93039373, 0.93039373,
       0.93039373, 0.94091721, 0.94091721, 0.94091721, 0.95021223,
       0.95021223, 0.95021223, 0.95021223, 0.95755424, 0.95755424,
       0.9640316 , 0.9640316 , 0.9640316 , 0.9640316 , 0.9640316 ,
       0.96856152, 0.96856152, 0.98291177, 0.98603287, 0.99409544,
       0.99409544, 0.99409544, 0.99726409, 0.99726409, 0.99903376,
       1.        ]), array([0.        , 0.19253976, 0.19253976, 0.26765161, 0.26765161,
       0.26765161, 0.26765161, 0.26765161, 0.26765161, 0.26765161,
       0.30272103, 0.33729671, 0.33729671, 0.33729671, 0.33729671,
       0.33729671, 0.33729671, 0.33729671, 0.33729671, 0.33729671,
       0.36825687, 0.36825687, 0.39859965, 0.42848467, 0.42848467,
       0.42848467, 0.42848467, 0.42848467, 0.42848467, 0.42848467,
       0.45573308, 0.45573308, 0.45573308, 0.50788771, 0.50788771,
       0.50788771, 0.50788771, 0.55677574, 0.58083671, 0.58083671,
       0.65075755, 0.67374073, 0.67374073, 0.69586365, 0.71780841,
       0.71780841, 0.75950685, 0.75950685, 0.75950685, 0.77944399,
       0.77944399, 0.79848416, 0.81735578, 0.81735578, 0.81735578,
       0.81735578, 0.81735578, 0.81735578, 0.83377167, 0.83377167,
       0.83377167, 0.84898581, 0.86398093, 0.87862669, 0.87862669,
       0.89246933, 0.9059372 , 0.9059372 , 0.9059372 , 0.9059372 ,
       0.91785169, 0.92915823, 0.92915823, 0.92915823, 0.92915823,
       0.93883398, 0.94835029, 0.94835029, 0.96573202, 0.96573202,
       0.96573202, 0.96573202, 0.96573202, 0.96573202, 0.96573202,
       0.97161148, 0.97161148, 0.97161148, 0.98091066, 0.98091066,
       0.98091066, 0.98091066, 0.98417058, 0.98704297, 0.98704297,
       0.98704297, 0.98894877, 0.99187274, 0.99765251, 0.99981548,
       1.        ]), array([0.        , 0.19209616, 0.305828  , 0.305828  , 0.305828  ,
       0.34273122, 0.34273122, 0.34273122, 0.34273122, 0.37777078,
       0.37777078, 0.37777078, 0.44560157, 0.44560157, 0.44560157,
       0.47854125, 0.47854125, 0.47854125, 0.47854125, 0.47854125,
       0.47854125, 0.47854125, 0.50894411, 0.50894411, 0.53856664,
       0.53856664, 0.53856664, 0.53856664, 0.53856664, 0.53856664,
       0.56562781, 0.56562781, 0.56562781, 0.56562781, 0.56562781,
       0.56562781, 0.59043239, 0.61489545, 0.61489545, 0.61489545,
       0.61489545, 0.61489545, 0.61489545, 0.65928273, 0.65928273,
       0.68066636, 0.72253773, 0.74301899, 0.78325889, 0.78325889,
       0.78325889, 0.80241406, 0.82112529, 0.82112529, 0.8389805 ,
       0.8389805 , 0.89068979, 0.89068979, 0.89068979, 0.90664302,
       0.90664302, 0.90664302, 0.90664302, 0.90664302, 0.93476438,
       0.93476438, 0.94801717, 0.94801717, 0.94801717, 0.94801717,
       0.97156866, 0.97156866, 0.97156866, 0.97156866, 0.97156866,
       0.97156866, 0.97156866, 0.98079544, 0.98079544, 0.98079544,
       0.98079544, 0.98079544, 0.98787225, 0.98787225, 0.98787225,
       0.98787225, 0.98787225, 0.98787225, 0.98787225, 0.98787225,
       0.98787225, 0.99152441, 0.99152441, 0.99152441, 0.99152441,
       0.99152441, 0.99319773, 0.99566302, 0.9974374 , 0.99914604,
       1.        ]), array([0.        , 0.32575056, 0.35798008, 0.45313235, 0.45313235,
       0.45313235, 0.48387503, 0.51429171, 0.54460103, 0.57447454,
       0.57447454, 0.57447454, 0.63211618, 0.66076094, 0.66076094,
       0.66076094, 0.66076094, 0.66076094, 0.6876016 , 0.6876016 ,
       0.6876016 , 0.6876016 , 0.6876016 , 0.7128701 , 0.7128701 ,
       0.7128701 , 0.7128701 , 0.7128701 , 0.73665129, 0.76008163,
       0.76008163, 0.76008163, 0.78241143, 0.78241143, 0.80424482,
       0.80424482, 0.80424482, 0.80424482, 0.80424482, 0.82423363,
       0.86349842, 0.86349842, 0.86349842, 0.86349842, 0.86349842,
       0.86349842, 0.86349842, 0.89861336, 0.89861336, 0.89861336,
       0.89861336, 0.89861336, 0.91453517, 0.91453517, 0.91453517,
       0.91453517, 0.9289547 , 0.9289547 , 0.9289547 , 0.9289547 ,
       0.9289547 , 0.9289547 , 0.94142695, 0.94142695, 0.94142695,
       0.94142695, 0.94142695, 0.94142695, 0.94142695, 0.94142695,
       0.95141542, 0.97068451, 0.97068451, 0.97068451, 0.97068451,
       0.97068451, 0.97068451, 0.97068451, 0.97068451, 0.97068451,
       0.97068451, 0.97068451, 0.97068451, 0.97068451, 0.97593568,
       0.97593568, 0.97593568, 0.98048063, 0.98859484, 0.99230498,
       0.99230498, 0.99230498, 0.99230498, 0.99230498, 0.99436266,
       0.99436266, 0.99436266, 0.99535871, 0.99784577, 0.99973746,
       1.        ])]","[array([0.00000000e+00, 3.45608889e-04, 3.45608889e-04, 3.45608889e-04,
       1.49418938e-03, 4.16814823e-03, 7.30695370e-03, 1.12503555e-02,
       1.35501074e-02, 1.35501074e-02, 1.35501074e-02, 1.67485335e-02,
       1.67485335e-02, 1.67485335e-02, 1.67485335e-02, 1.67485335e-02,
       1.67485335e-02, 1.67485335e-02, 1.67485335e-02, 1.67485335e-02,
       1.67485335e-02, 1.67485335e-02, 1.67485335e-02, 1.67485335e-02,
       1.67485335e-02, 1.67485335e-02, 1.67485335e-02, 1.67485335e-02,
       1.67485335e-02, 3.33841231e-02, 4.21634840e-02, 4.21634840e-02,
       4.21634840e-02, 4.21634840e-02, 4.21634840e-02, 4.21634840e-02,
       4.21634840e-02, 4.21634840e-02, 4.21634840e-02, 5.32877585e-02,
       5.32877585e-02, 6.50140395e-02, 6.50140395e-02, 7.75842135e-02,
       7.75842135e-02, 9.04880703e-02, 9.04880703e-02, 9.04880703e-02,
       1.18368688e-01, 1.32436749e-01, 1.32436749e-01, 1.32436749e-01,
       1.32436749e-01, 1.47802390e-01, 1.47802390e-01, 1.63757745e-01,
       1.80140749e-01, 1.80140749e-01, 1.80140749e-01, 1.80140749e-01,
       1.97620379e-01, 1.97620379e-01, 2.15615427e-01, 2.15615427e-01,
       2.15615427e-01, 2.15615427e-01, 2.34910572e-01, 2.34910572e-01,
       2.54603687e-01, 2.74619138e-01, 3.15327369e-01, 3.15327369e-01,
       3.15327369e-01, 3.57846711e-01, 4.00956960e-01, 4.00956960e-01,
       4.23138210e-01, 4.23138210e-01, 4.23138210e-01, 4.23138210e-01,
       4.23138210e-01, 4.23138210e-01, 4.46906978e-01, 4.71040981e-01,
       4.95610389e-01, 4.95610389e-01, 4.95610389e-01, 4.95610389e-01,
       4.95610389e-01, 5.21648105e-01, 5.73882030e-01, 5.73882030e-01,
       6.27345499e-01, 6.54324499e-01, 6.54324499e-01, 6.81958711e-01,
       7.10001601e-01, 7.38304619e-01, 7.66829939e-01, 8.24517431e-01,
       1.00000000e+00]), array([0.00000000e+00, 2.13919664e-04, 2.13919664e-04, 2.13919664e-04,
       2.13919664e-04, 1.45726763e-03, 1.45726763e-03, 3.16349305e-03,
       3.16349305e-03, 3.16349305e-03, 3.16349305e-03, 3.16349305e-03,
       3.16349305e-03, 6.44777161e-03, 1.00611095e-02, 1.41335957e-02,
       1.41335957e-02, 1.41335957e-02, 1.41335957e-02, 1.41335957e-02,
       1.41335957e-02, 1.41335957e-02, 1.41335957e-02, 2.01506205e-02,
       2.01506205e-02, 2.01506205e-02, 2.71670641e-02, 2.71670641e-02,
       2.71670641e-02, 2.71670641e-02, 2.71670641e-02, 2.71670641e-02,
       2.71670641e-02, 3.61370697e-02, 4.51648473e-02, 4.51648473e-02,
       4.51648473e-02, 5.51893127e-02, 5.51893127e-02, 6.56151010e-02,
       6.56151010e-02, 6.56151010e-02, 7.70868903e-02, 7.70868903e-02,
       8.89143361e-02, 1.01047021e-01, 1.13383157e-01, 1.13383157e-01,
       1.26253794e-01, 1.26253794e-01, 1.26253794e-01, 1.39935690e-01,
       1.39935690e-01, 1.39935690e-01, 1.39935690e-01, 1.39935690e-01,
       1.39935690e-01, 1.39935690e-01, 1.55575348e-01, 1.71530788e-01,
       1.87871338e-01, 1.87871338e-01, 2.04720552e-01, 2.04720552e-01,
       2.22211834e-01, 2.57390031e-01, 2.57390031e-01, 2.57390031e-01,
       2.75814446e-01, 2.75814446e-01, 2.94776560e-01, 3.14173239e-01,
       3.33707192e-01, 3.33707192e-01, 3.33707192e-01, 3.33707192e-01,
       3.54308440e-01, 3.54308440e-01, 3.54308440e-01, 3.75696486e-01,
       3.75696486e-01, 3.75696486e-01, 3.75696486e-01, 3.98335402e-01,
       3.98335402e-01, 4.21528102e-01, 4.21528102e-01, 4.21528102e-01,
       4.21528102e-01, 4.21528102e-01, 4.45968098e-01, 4.45968098e-01,
       5.46142322e-01, 5.71484636e-01, 6.48344671e-01, 6.48344671e-01,
       6.48344671e-01, 7.00997842e-01, 7.00997842e-01, 7.81888346e-01,
       1.00000000e+00]), array([0.00000000e+00, 1.38051175e-04, 1.38051175e-04, 1.64380829e-03,
       1.64380829e-03, 1.64380829e-03, 1.64380829e-03, 1.64380829e-03,
       1.64380829e-03, 1.64380829e-03, 4.29095025e-03, 7.31423039e-03,
       7.31423039e-03, 7.31423039e-03, 7.31423039e-03, 7.31423039e-03,
       7.31423039e-03, 7.31423039e-03, 7.31423039e-03, 7.31423039e-03,
       1.30918771e-02, 1.30918771e-02, 1.93398503e-02, 2.59365485e-02,
       2.59365485e-02, 2.59365485e-02, 2.59365485e-02, 2.59365485e-02,
       2.59365485e-02, 2.59365485e-02, 3.45418681e-02, 3.45418681e-02,
       3.45418681e-02, 5.35368219e-02, 5.35368219e-02, 5.35368219e-02,
       5.35368219e-02, 7.50203318e-02, 8.60538887e-02, 8.60538887e-02,
       1.20877862e-01, 1.32732503e-01, 1.32732503e-01, 1.45242505e-01,
       1.57888227e-01, 1.57888227e-01, 1.84848883e-01, 1.84848883e-01,
       1.84848883e-01, 1.99024051e-01, 1.99024051e-01, 2.13882545e-01,
       2.28869438e-01, 2.28869438e-01, 2.28869438e-01, 2.28869438e-01,
       2.28869438e-01, 2.28869438e-01, 2.45727155e-01, 2.45727155e-01,
       2.45727155e-01, 2.63500376e-01, 2.81440453e-01, 2.99646685e-01,
       2.99646685e-01, 3.18464743e-01, 3.37568302e-01, 3.37568302e-01,
       3.37568302e-01, 3.37568302e-01, 3.57855261e-01, 3.78605361e-01,
       3.78605361e-01, 3.78605361e-01, 3.78605361e-01, 4.00597825e-01,
       4.22711754e-01, 4.22711754e-01, 4.68197288e-01, 4.68197288e-01,
       4.68197288e-01, 4.68197288e-01, 4.68197288e-01, 4.68197288e-01,
       4.68197288e-01, 4.93081824e-01, 4.93081824e-01, 4.93081824e-01,
       5.44724783e-01, 5.44724783e-01, 5.44724783e-01, 5.44724783e-01,
       5.71604927e-01, 5.98780308e-01, 5.98780308e-01, 5.98780308e-01,
       6.26692052e-01, 6.83191748e-01, 8.54970297e-01, 9.70776958e-01,
       1.00000000e+00]), array([0.00000000e+00, 2.99782415e-04, 1.64455449e-03, 1.64455449e-03,
       1.64455449e-03, 2.86188766e-03, 2.86188766e-03, 2.86188766e-03,
       2.86188766e-03, 5.50200977e-03, 5.50200977e-03, 5.50200977e-03,
       1.24987142e-02, 1.24987142e-02, 1.24987142e-02, 1.67419652e-02,
       1.67419652e-02, 1.67419652e-02, 1.67419652e-02, 1.67419652e-02,
       1.67419652e-02, 1.67419652e-02, 2.29219165e-02, 2.29219165e-02,
       2.96975969e-02, 2.96975969e-02, 2.96975969e-02, 2.96975969e-02,
       2.96975969e-02, 2.96975969e-02, 3.84287192e-02, 3.84287192e-02,
       3.84287192e-02, 3.84287192e-02, 3.84287192e-02, 3.84287192e-02,
       4.88826021e-02, 5.95972118e-02, 5.95972118e-02, 5.95972118e-02,
       5.95972118e-02, 5.95972118e-02, 5.95972118e-02, 8.44915569e-02,
       8.44915569e-02, 9.75571212e-02, 1.24372202e-01, 1.38126667e-01,
       1.66187273e-01, 1.66187273e-01, 1.66187273e-01, 1.80954127e-01,
       1.96059899e-01, 1.96059899e-01, 2.11819184e-01, 2.11819184e-01,
       2.60514254e-01, 2.60514254e-01, 2.60514254e-01, 2.77725581e-01,
       2.77725581e-01, 2.77725581e-01, 2.77725581e-01, 2.77725581e-01,
       3.15037927e-01, 3.15037927e-01, 3.34310875e-01, 3.34310875e-01,
       3.34310875e-01, 3.34310875e-01, 3.75112029e-01, 3.75112029e-01,
       3.75112029e-01, 3.75112029e-01, 3.75112029e-01, 3.75112029e-01,
       3.75112029e-01, 3.97458577e-01, 3.97458577e-01, 3.97458577e-01,
       3.97458577e-01, 3.97458577e-01, 4.21446496e-01, 4.21446496e-01,
       4.21446496e-01, 4.21446496e-01, 4.21446496e-01, 4.21446496e-01,
       4.21446496e-01, 4.21446496e-01, 4.21446496e-01, 4.48048912e-01,
       4.48048912e-01, 4.48048912e-01, 4.48048912e-01, 4.48048912e-01,
       4.76162051e-01, 5.33061187e-01, 5.90487789e-01, 6.77355194e-01,
       1.00000000e+00]), array([0.00000000e+00, 3.19337799e-04, 7.12590984e-04, 3.49875964e-03,
       3.49875964e-03, 3.49875964e-03, 5.44673440e-03, 7.73559291e-03,
       1.01367059e-02, 1.29935316e-02, 1.29935316e-02, 1.29935316e-02,
       2.09086943e-02, 2.50503729e-02, 2.50503729e-02, 2.50503729e-02,
       2.50503729e-02, 2.50503729e-02, 3.10785298e-02, 3.10785298e-02,
       3.10785298e-02, 3.10785298e-02, 3.10785298e-02, 3.87506171e-02,
       3.87506171e-02, 3.87506171e-02, 3.87506171e-02, 3.87506171e-02,
       4.79779240e-02, 5.75721035e-02, 5.75721035e-02, 5.75721035e-02,
       6.83170779e-02, 6.83170779e-02, 7.95811186e-02, 7.95811186e-02,
       7.95811186e-02, 7.95811186e-02, 7.95811186e-02, 9.27739590e-02,
       1.19905014e-01, 1.19905014e-01, 1.19905014e-01, 1.19905014e-01,
       1.19905014e-01, 1.19905014e-01, 1.19905014e-01, 1.51375397e-01,
       1.51375397e-01, 1.51375397e-01, 1.51375397e-01, 1.51375397e-01,
       1.68820927e-01, 1.68820927e-01, 1.68820927e-01, 1.68820927e-01,
       1.87837333e-01, 1.87837333e-01, 1.87837333e-01, 1.87837333e-01,
       1.87837333e-01, 1.87837333e-01, 2.08889926e-01, 2.08889926e-01,
       2.08889926e-01, 2.08889926e-01, 2.08889926e-01, 2.08889926e-01,
       2.08889926e-01, 2.08889926e-01, 2.32539703e-01, 2.80579421e-01,
       2.80579421e-01, 2.80579421e-01, 2.80579421e-01, 2.80579421e-01,
       2.80579421e-01, 2.80579421e-01, 2.80579421e-01, 2.80579421e-01,
       2.80579421e-01, 2.80579421e-01, 2.80579421e-01, 2.80579421e-01,
       3.09182793e-01, 3.09182793e-01, 3.09182793e-01, 3.38524629e-01,
       3.98228536e-01, 4.28443299e-01, 4.28443299e-01, 4.28443299e-01,
       4.28443299e-01, 4.28443299e-01, 4.60385965e-01, 4.60385965e-01,
       4.60385965e-01, 4.93438729e-01, 5.93121015e-01, 7.27520146e-01,
       1.00000000e+00])]",0.0144583690374929,0.038129336917721,0.0171758763357199,0.015765983526764,"[{'lambda_reg': 3.21890047265422e-05, 'gamma': 0.16132214543520487}, {'lambda_reg': 0.005021690825875572, 'gamma': 0.11003850416169464}, {'lambda_reg': 0.0305643642797378, 'gamma': 0.08874688464754016}, {'lambda_reg': 0.0001374120255960558, 'gamma': 0.051933556029633565}, {'lambda_reg': 0.0012327329911335926, 'gamma': 0.11339825320060622}]",300,2,cauchy,137
"[np.float64(0.12305727143785501), np.float64(0.09515325991737038), np.float64(0.10568298812249796), np.float64(0.10311941544465682), np.float64(0.15578934061892427)]",0.1165604551082609,0.0216257389332019,"[np.float64(0.7345777274199203), np.float64(0.8026522291899368), np.float64(0.7545094178887977), np.float64(0.7854263005411919), np.float64(0.7490844910611917)]",0.7652500332202077,0.024993927024237,"[np.float64(0.9028516058348095), np.float64(0.921451851713883), np.float64(0.925219769948749), np.float64(0.9079208422617827), np.float64(0.9719314189689873)]",0.9258750977456424,0.0244688199729969,"[array([0.        , 0.43267043, 0.47336736, 0.49359023, 0.55329515,
       0.5927383 , 0.61219842, 0.65071086, 0.65071086, 0.65071086,
       0.65071086, 0.65071086, 0.66902619, 0.66902619, 0.72245701,
       0.77534442, 0.77534442, 0.77534442, 0.77534442, 0.77534442,
       0.77534442, 0.77534442, 0.77534442, 0.79144033, 0.79144033,
       0.79144033, 0.79144033, 0.82182776, 0.82182776, 0.82182776,
       0.85085714, 0.85085714, 0.85085714, 0.87870371, 0.89240112,
       0.90589357, 0.90589357, 0.90589357, 0.90589357, 0.90589357,
       0.90589357, 0.90589357, 0.90589357, 0.90589357, 0.90589357,
       0.9289058 , 0.9289058 , 0.9289058 , 0.9289058 , 0.9289058 ,
       0.93923897, 0.94945235, 0.94945235, 0.9592125 , 0.9592125 ,
       0.9685669 , 0.9685669 , 0.9685669 , 0.9685669 , 0.9685669 ,
       0.97688913, 0.97688913, 0.98493673, 0.98493673, 0.98493673,
       0.98493673, 0.98493673, 0.98493673, 0.98493673, 0.98493673,
       0.98493673, 0.98493673, 0.98493673, 0.99055362, 0.99055362,
       0.99055362, 0.99055362, 0.99055362, 0.99519267, 0.99519267,
       0.99519267, 0.99519267, 0.99519267, 0.99519267, 0.99519267,
       0.99519267, 0.99519267, 0.99519267, 0.99519267, 1.        ,
       1.        , 1.        , 1.        , 1.        , 1.        ,
       1.        , 1.        , 1.        , 1.        , 1.        ,
       1.        ]), array([0.        , 0.3464544 , 0.4147593 , 0.50499297, 0.52720418,
       0.57141449, 0.57141449, 0.59295598, 0.59295598, 0.59295598,
       0.59295598, 0.61359519, 0.63403259, 0.65417141, 0.69429274,
       0.71403512, 0.75313458, 0.75313458, 0.77222987, 0.79096343,
       0.79096343, 0.79096343, 0.79096343, 0.80879687, 0.80879687,
       0.80879687, 0.80879687, 0.80879687, 0.80879687, 0.82542213,
       0.84177643, 0.84177643, 0.84177643, 0.84177643, 0.84177643,
       0.85689824, 0.85689824, 0.87156815, 0.87156815, 0.87156815,
       0.87156815, 0.87156815, 0.87156815, 0.87156815, 0.87156815,
       0.87156815, 0.88424364, 0.88424364, 0.88424364, 0.90786799,
       0.90786799, 0.93089721, 0.93089721, 0.93089721, 0.94158921,
       0.94158921, 0.94158921, 0.94158921, 0.95150322, 0.95150322,
       0.95150322, 0.95150322, 0.95150322, 0.95150322, 0.95999054,
       0.95999054, 0.95999054, 0.95999054, 0.95999054, 0.95999054,
       0.96699097, 0.96699097, 0.96699097, 0.96699097, 0.97306201,
       0.97306201, 0.97306201, 0.97306201, 0.97306201, 0.97306201,
       0.97306201, 0.98214737, 0.98214737, 0.98214737, 0.9898212 ,
       0.9898212 , 0.99318496, 0.99318496, 0.99318496, 0.99318496,
       0.99568908, 0.99568908, 0.99568908, 0.99568908, 0.9986725 ,
       1.        , 1.        , 1.        , 1.        , 1.        ,
       1.        ]), array([0.        , 0.48395675, 0.54927473, 0.54927473, 0.54927473,
       0.59146758, 0.59146758, 0.6120691 , 0.6120691 , 0.6120691 ,
       0.65196981, 0.65196981, 0.67145028, 0.71012367, 0.71012367,
       0.76677871, 0.76677871, 0.76677871, 0.78494552, 0.78494552,
       0.78494552, 0.80239844, 0.80239844, 0.81958256, 0.81958256,
       0.83615777, 0.83615777, 0.83615777, 0.83615777, 0.83615777,
       0.83615777, 0.85143041, 0.86661495, 0.86661495, 0.86661495,
       0.86661495, 0.86661495, 0.88064351, 0.88064351, 0.88064351,
       0.88064351, 0.88064351, 0.88064351, 0.88064351, 0.89301078,
       0.90524759, 0.90524759, 0.90524759, 0.90524759, 0.91655065,
       0.91655065, 0.92751578, 0.92751578, 0.93795462, 0.93795462,
       0.93795462, 0.94768647, 0.94768647, 0.94768647, 0.94768647,
       0.95670815, 0.96543559, 0.97393386, 0.97393386, 0.97393386,
       0.97393386, 0.97393386, 0.97393386, 0.97393386, 0.97393386,
       0.97393386, 0.98042009, 0.98042009, 0.98042009, 0.98042009,
       0.98042009, 0.98590013, 0.98590013, 0.98590013, 0.98590013,
       0.98590013, 0.99012465, 0.99012465, 0.99012465, 0.99012465,
       0.99012465, 0.99012465, 0.99304017, 0.99304017, 0.9956255 ,
       0.9956255 , 0.9956255 , 0.99741879, 0.99741879, 0.99879912,
       1.        , 1.        , 1.        , 1.        , 1.        ,
       1.        ]), array([0.        , 0.3723967 , 0.45862377, 0.48001785, 0.5436012 ,
       0.56450046, 0.60600883, 0.66758837, 0.66758837, 0.66758837,
       0.66758837, 0.68719559, 0.70663784, 0.70663784, 0.7255946 ,
       0.74444061, 0.76286092, 0.7811    , 0.7811    , 0.79898681,
       0.79898681, 0.79898681, 0.79898681, 0.79898681, 0.79898681,
       0.79898681, 0.79898681, 0.79898681, 0.79898681, 0.79898681,
       0.79898681, 0.79898681, 0.81389785, 0.81389785, 0.81389785,
       0.82830756, 0.82830756, 0.82830756, 0.82830756, 0.82830756,
       0.84155535, 0.84155535, 0.85446217, 0.86715827, 0.87952078,
       0.89158105, 0.89158105, 0.89158105, 0.89158105, 0.90295764,
       0.90295764, 0.90295764, 0.90295764, 0.90295764, 0.90295764,
       0.90295764, 0.90295764, 0.90295764, 0.91232174, 0.9303712 ,
       0.95702457, 0.95702457, 0.95702457, 0.95702457, 0.95702457,
       0.95702457, 0.95702457, 0.95702457, 0.95702457, 0.96388875,
       0.97055066, 0.98352801, 0.98352801, 0.98352801, 0.98352801,
       0.98352801, 0.98879131, 0.98879131, 0.99368917, 0.99368917,
       0.99368917, 0.99368917, 0.99368917, 0.99755591, 0.99755591,
       0.99755591, 0.99755591, 0.99755591, 0.99755591, 1.        ,
       1.        , 1.        , 1.        , 1.        , 1.        ,
       1.        , 1.        , 1.        , 1.        , 1.        ,
       1.        ]), array([0.        , 0.67966362, 0.71779907, 0.77459434, 0.79336845,
       0.79336845, 0.79336845, 0.79336845, 0.79336845, 0.81115249,
       0.84623586, 0.86355798, 0.88070639, 0.89768528, 0.89768528,
       0.91438813, 0.91438813, 0.91438813, 0.91438813, 0.93014183,
       0.93014183, 0.94561845, 0.94561845, 0.94561845, 0.94561845,
       0.94561845, 0.94561845, 0.94561845, 0.95967174, 0.95967174,
       0.95967174, 0.95967174, 0.95967174, 0.97280447, 0.97280447,
       0.97280447, 0.97280447, 0.97280447, 0.97280447, 0.97280447,
       0.97280447, 0.97280447, 0.97280447, 0.98393127, 0.98393127,
       0.98393127, 0.98393127, 0.98393127, 0.98393127, 0.98393127,
       0.98393127, 0.98393127, 0.98393127, 0.98393127, 0.98393127,
       0.98393127, 0.98393127, 0.98393127, 0.98393127, 0.98393127,
       0.98393127, 0.98393127, 0.98393127, 0.98393127, 0.98393127,
       0.98393127, 0.98393127, 0.98393127, 0.99023213, 0.99023213,
       0.99023213, 0.99023213, 0.99023213, 0.99023213, 0.99023213,
       0.99023213, 0.99023213, 0.99023213, 0.99023213, 0.99447762,
       0.99447762, 0.99447762, 0.99447762, 0.99447762, 0.99447762,
       0.99745687, 0.99745687, 0.99745687, 0.99745687, 0.99745687,
       0.99745687, 0.99745687, 0.99745687, 0.99745687, 0.99863432,
       0.99979273, 0.99979273, 0.99979273, 0.99979273, 0.99979273,
       1.        ])]","[array([0.        , 0.00318155, 0.00562316, 0.00737085, 0.01665683,
       0.02435831, 0.02930589, 0.04091189, 0.04091189, 0.04091189,
       0.04091189, 0.04091189, 0.05066207, 0.05066207, 0.08626915,
       0.1241559 , 0.1241559 , 0.1241559 , 0.1241559 , 0.1241559 ,
       0.1241559 , 0.1241559 , 0.1241559 , 0.143217  , 0.143217  ,
       0.143217  , 0.143217  , 0.18890895, 0.18890895, 0.18890895,
       0.24029819, 0.24029819, 0.24029819, 0.29664958, 0.32577286,
       0.35575598, 0.35575598, 0.35575598, 0.35575598, 0.35575598,
       0.35575598, 0.35575598, 0.35575598, 0.35575598, 0.35575598,
       0.43238831, 0.43238831, 0.43238831, 0.43238831, 0.43238831,
       0.47562522, 0.5193647 , 0.5193647 , 0.56500555, 0.56500555,
       0.61234857, 0.61234857, 0.61234857, 0.61234857, 0.61234857,
       0.66402179, 0.66402179, 0.71684709, 0.71684709, 0.71684709,
       0.71684709, 0.71684709, 0.71684709, 0.71684709, 0.71684709,
       0.71684709, 0.71684709, 0.71684709, 0.77986973, 0.77986973,
       0.77986973, 0.77986973, 0.77986973, 0.84699457, 0.84699457,
       0.84699457, 0.84699457, 0.84699457, 0.84699457, 0.84699457,
       0.84699457, 0.84699457, 0.84699457, 0.84699457, 1.        ,
       1.        , 1.        , 1.        , 1.        , 1.        ,
       1.        , 1.        , 1.        , 1.        , 1.        ,
       1.        ]), array([0.        , 0.00116116, 0.00393708, 0.00980419, 0.0121667 ,
       0.01743895, 0.01743895, 0.02152928, 0.02152928, 0.02152928,
       0.02152928, 0.02794734, 0.03488603, 0.04259504, 0.05841629,
       0.06714803, 0.08560558, 0.08560558, 0.09600673, 0.1073411 ,
       0.1073411 , 0.1073411 , 0.1073411 , 0.12099766, 0.12099766,
       0.12099766, 0.12099766, 0.12099766, 0.12099766, 0.13777115,
       0.15524367, 0.15524367, 0.15524367, 0.15524367, 0.15524367,
       0.17589586, 0.17589586, 0.19771389, 0.19771389, 0.19771389,
       0.19771389, 0.19771389, 0.19771389, 0.19771389, 0.19771389,
       0.19771389, 0.22467723, 0.22467723, 0.22467723, 0.28305838,
       0.28305838, 0.34297488, 0.34297488, 0.34297488, 0.37505535,
       0.37505535, 0.37505535, 0.37505535, 0.40914292, 0.40914292,
       0.40914292, 0.40914292, 0.40914292, 0.40914292, 0.44691116,
       0.44691116, 0.44691116, 0.44691116, 0.44691116, 0.44691116,
       0.48851535, 0.48851535, 0.48851535, 0.48851535, 0.53251726,
       0.53251726, 0.53251726, 0.53251726, 0.53251726, 0.53251726,
       0.53251726, 0.62840697, 0.62840697, 0.62840697, 0.72793822,
       0.72793822, 0.77892452, 0.77892452, 0.77892452, 0.77892452,
       0.83212858, 0.83212858, 0.83212858, 0.83212858, 0.94376042,
       1.        , 1.        , 1.        , 1.        , 1.        ,
       1.        ]), array([0.        , 0.00355876, 0.00613721, 0.00613721, 0.00613721,
       0.01204314, 0.01204314, 0.01652826, 0.01652826, 0.01652826,
       0.02953024, 0.02953024, 0.03748589, 0.05428742, 0.05428742,
       0.08368468, 0.08368468, 0.08368468, 0.09570718, 0.09570718,
       0.09570718, 0.10993976, 0.10993976, 0.1250045 , 0.1250045 ,
       0.14195429, 0.14195429, 0.14195429, 0.14195429, 0.14195429,
       0.14195429, 0.16293659, 0.18419166, 0.18419166, 0.18419166,
       0.18419166, 0.18419166, 0.20902541, 0.20902541, 0.20902541,
       0.20902541, 0.20902541, 0.20902541, 0.20902541, 0.23900219,
       0.26938285, 0.26938285, 0.26938285, 0.26938285, 0.30265423,
       0.30265423, 0.33697176, 0.33697176, 0.37291861, 0.37291861,
       0.37291861, 0.41105416, 0.41105416, 0.41105416, 0.41105416,
       0.45138824, 0.49263327, 0.53458775, 0.53458775, 0.53458775,
       0.53458775, 0.53458775, 0.53458775, 0.53458775, 0.53458775,
       0.53458775, 0.5827711 , 0.5827711 , 0.5827711 , 0.5827711 ,
       0.5827711 , 0.63406946, 0.63406946, 0.63406946, 0.63406946,
       0.63406946, 0.68925464, 0.68925464, 0.68925464, 0.68925464,
       0.68925464, 0.68925464, 0.74849226, 0.74849226, 0.80875209,
       0.80875209, 0.80875209, 0.8714639 , 0.8714639 , 0.9354542 ,
       1.        , 1.        , 1.        , 1.        , 1.        ,
       1.        ]), array([0.        , 0.00108519, 0.00576356, 0.0074487 , 0.01440208,
       0.01765539, 0.02508143, 0.03838505, 0.03838505, 0.03838505,
       0.03838505, 0.0457329 , 0.05360355, 0.05360355, 0.06301275,
       0.07277292, 0.08388216, 0.09556573, 0.09556573, 0.10836569,
       0.10836569, 0.10836569, 0.10836569, 0.10836569, 0.10836569,
       0.10836569, 0.10836569, 0.10836569, 0.10836569, 0.10836569,
       0.10836569, 0.10836569, 0.13059607, 0.13059607, 0.13059607,
       0.15441516, 0.15441516, 0.15441516, 0.15441516, 0.15441516,
       0.18191649, 0.18191649, 0.21049838, 0.23974807, 0.27005492,
       0.30131959, 0.30131959, 0.30131959, 0.30131959, 0.33475086,
       0.33475086, 0.33475086, 0.33475086, 0.33475086, 0.33475086,
       0.33475086, 0.33475086, 0.33475086, 0.3745599 , 0.4563289 ,
       0.58031605, 0.58031605, 0.58031605, 0.58031605, 0.58031605,
       0.58031605, 0.58031605, 0.58031605, 0.58031605, 0.62804749,
       0.67641994, 0.77426282, 0.77426282, 0.77426282, 0.77426282,
       0.77426282, 0.82706758, 0.82706758, 0.88103044, 0.88103044,
       0.88103044, 0.88103044, 0.88103044, 0.93826096, 0.93826096,
       0.93826096, 0.93826096, 0.93826096, 0.93826096, 1.        ,
       1.        , 1.        , 1.        , 1.        , 1.        ,
       1.        , 1.        , 1.        , 1.        , 1.        ,
       1.        ]), array([0.        , 0.00213296, 0.00649314, 0.01549449, 0.01944609,
       0.01944609, 0.01944609, 0.01944609, 0.01944609, 0.02937119,
       0.0521458 , 0.06485787, 0.07861798, 0.09340086, 0.09340086,
       0.10984921, 0.10984921, 0.10984921, 0.10984921, 0.13202422,
       0.13202422, 0.15587091, 0.15587091, 0.15587091, 0.15587091,
       0.15587091, 0.15587091, 0.15587091, 0.18830516, 0.18830516,
       0.18830516, 0.18830516, 0.18830516, 0.2262935 , 0.2262935 ,
       0.2262935 , 0.2262935 , 0.2262935 , 0.2262935 , 0.2262935 ,
       0.2262935 , 0.2262935 , 0.2262935 , 0.27638451, 0.27638451,
       0.27638451, 0.27638451, 0.27638451, 0.27638451, 0.27638451,
       0.27638451, 0.27638451, 0.27638451, 0.27638451, 0.27638451,
       0.27638451, 0.27638451, 0.27638451, 0.27638451, 0.27638451,
       0.27638451, 0.27638451, 0.27638451, 0.27638451, 0.27638451,
       0.27638451, 0.27638451, 0.27638451, 0.35559233, 0.35559233,
       0.35559233, 0.35559233, 0.35559233, 0.35559233, 0.35559233,
       0.35559233, 0.35559233, 0.35559233, 0.35559233, 0.44720109,
       0.44720109, 0.44720109, 0.44720109, 0.44720109, 0.44720109,
       0.5464496 , 0.5464496 , 0.5464496 , 0.5464496 , 0.5464496 ,
       0.5464496 , 0.5464496 , 0.5464496 , 0.5464496 , 0.6565691 ,
       0.76680344, 0.76680344, 0.76680344, 0.76680344, 0.76680344,
       1.        ])]",0.0012323394097827,0.025513486385204,0.0179538777014995,0.007882124421486,"[{'lambda_reg': 0.03196009971175795, 'gamma': 0.056524984727064125}, {'lambda_reg': 3.036007848494291e-05, 'gamma': 0.002100689735361451}, {'lambda_reg': 8.2863682562765e-05, 'gamma': 0.002014610974885073}, {'lambda_reg': 0.004633470722334732, 'gamma': 0.0032266018867973994}, {'lambda_reg': 4.4555109413362576e-05, 'gamma': 0.004875561027222734}]",300,3,exponential,143
"[np.float64(0.0985518312438716), np.float64(0.04406322589130071), np.float64(0.0814584479009652), np.float64(0.1236210941309209), np.float64(0.10772942314332913)]",0.0910848044620774,0.0271849427343468,"[np.float64(0.8088501862488419), np.float64(0.7905864500726947), np.float64(0.7484388799432462), np.float64(0.7206637371298514), np.float64(0.8510366623715836)]",0.7839151831532436,0.0456746465068836,"[np.float64(0.9133471850650804), np.float64(0.9277908832360129), np.float64(0.9175411945277737), np.float64(0.9368062707884498), np.float64(0.9449852408149588)]",0.9280941548864552,0.0117485302252859,"[array([0.        , 0.        , 0.11644037, 0.23220771, 0.31803008,
       0.37489728, 0.43088661, 0.45873053, 0.48613953, 0.48613953,
       0.51293693, 0.51293693, 0.51293693, 0.5646975 , 0.5646975 ,
       0.5646975 , 0.58986619, 0.61477829, 0.66396195, 0.68817694,
       0.68817694, 0.68817694, 0.68817694, 0.68817694, 0.68817694,
       0.71063785, 0.71063785, 0.71063785, 0.71063785, 0.71063785,
       0.71063785, 0.71063785, 0.73091023, 0.75083278, 0.79029224,
       0.79029224, 0.79029224, 0.79029224, 0.79029224, 0.79029224,
       0.79029224, 0.8078405 , 0.8078405 , 0.82499256, 0.82499256,
       0.82499256, 0.82499256, 0.82499256, 0.85626814, 0.85626814,
       0.85626814, 0.85626814, 0.85626814, 0.85626814, 0.85626814,
       0.88348398, 0.88348398, 0.88348398, 0.88348398, 0.88348398,
       0.88348398, 0.89528117, 0.89528117, 0.90641234, 0.90641234,
       0.91707549, 0.92739422, 0.92739422, 0.92739422, 0.92739422,
       0.92739422, 0.93620122, 0.93620122, 0.93620122, 0.95966779,
       0.96728368, 0.96728368, 0.96728368, 0.96728368, 0.97354941,
       0.97354941, 0.97354941, 0.9791222 , 0.9791222 , 0.98390828,
       0.98390828, 0.98390828, 0.98785858, 0.98785858, 0.99120174,
       0.99120174, 0.99401848, 0.99401848, 0.99401848, 0.99606779,
       0.99606779, 0.99731549, 0.99833553, 0.99905103, 0.9998903 ,
       1.        ]), array([0.        , 0.        , 0.02826601, 0.02826601, 0.13952604,
       0.30461399, 0.38637673, 0.41323604, 0.46647998, 0.49283659,
       0.54521671, 0.62268108, 0.62268108, 0.6478185 , 0.69753752,
       0.7223031 , 0.7223031 , 0.7223031 , 0.7223031 , 0.74590635,
       0.76903262, 0.76903262, 0.76903262, 0.76903262, 0.76903262,
       0.79078653, 0.79078653, 0.79078653, 0.81160223, 0.81160223,
       0.81160223, 0.81160223, 0.81160223, 0.81160223, 0.81160223,
       0.81160223, 0.81160223, 0.81160223, 0.82959369, 0.82959369,
       0.8642971 , 0.8642971 , 0.88126267, 0.88126267, 0.88126267,
       0.91318725, 0.91318725, 0.91318725, 0.91318725, 0.91318725,
       0.9276505 , 0.9276505 , 0.9276505 , 0.9276505 , 0.9276505 ,
       0.94080928, 0.94080928, 0.95334534, 0.95334534, 0.95334534,
       0.95334534, 0.95334534, 0.95334534, 0.95334534, 0.95334534,
       0.95334534, 0.95334534, 0.95334534, 0.96259027, 0.96259027,
       0.96259027, 0.96259027, 0.96259027, 0.96259027, 0.96259027,
       0.96984869, 0.97681431, 0.97681431, 0.97681431, 0.97681431,
       0.97681431, 0.97681431, 0.98212607, 0.98212607, 0.98212607,
       0.98212607, 0.98636543, 0.98636543, 0.98636543, 0.98636543,
       0.98636543, 0.99202723, 0.99435786, 0.99435786, 0.99435786,
       0.99435786, 0.99679874, 0.99679874, 0.99923266, 0.9997981 ,
       1.        ]), array([0.        , 0.        , 0.11769301, 0.26382608, 0.32195675,
       0.35047751, 0.40710321, 0.46306798, 0.46306798, 0.51794465,
       0.51794465, 0.51794465, 0.54443935, 0.54443935, 0.54443935,
       0.54443935, 0.54443935, 0.64460995, 0.64460995, 0.64460995,
       0.66865489, 0.66865489, 0.66865489, 0.69177401, 0.69177401,
       0.69177401, 0.69177401, 0.71378603, 0.71378603, 0.71378603,
       0.71378603, 0.71378603, 0.73441888, 0.77480681, 0.77480681,
       0.77480681, 0.79413536, 0.79413536, 0.79413536, 0.81256069,
       0.81256069, 0.81256069, 0.81256069, 0.81256069, 0.81256069,
       0.81256069, 0.82899855, 0.82899855, 0.82899855, 0.84436855,
       0.84436855, 0.85908648, 0.85908648, 0.85908648, 0.87287551,
       0.87287551, 0.88630664, 0.89942052, 0.91218373, 0.92448503,
       0.92448503, 0.92448503, 0.92448503, 0.92448503, 0.92448503,
       0.92448503, 0.92448503, 0.94445185, 0.94445185, 0.96329257,
       0.96329257, 0.96329257, 0.96329257, 0.97150691, 0.97150691,
       0.97150691, 0.97150691, 0.97849736, 0.97849736, 0.97849736,
       0.97849736, 0.98419393, 0.98419393, 0.98419393, 0.98419393,
       0.98419393, 0.98419393, 0.98419393, 0.99165149, 0.99509961,
       0.99509961, 0.99509961, 0.99509961, 0.99509961, 0.99509961,
       0.99509961, 0.99634183, 0.99746709, 0.99908114, 0.99956483,
       1.        ]), array([0.        , 0.        , 0.        , 0.03362164, 0.2327162 ,
       0.36409964, 0.39646045, 0.42844759, 0.42844759, 0.45990098,
       0.52196033, 0.5526978 , 0.5526978 , 0.5526978 , 0.5526978 ,
       0.5526978 , 0.5526978 , 0.5526978 , 0.58091091, 0.58091091,
       0.60869045, 0.6361118 , 0.66297678, 0.66297678, 0.66297678,
       0.66297678, 0.66297678, 0.66297678, 0.66297678, 0.68737209,
       0.73573535, 0.78353045, 0.80708746, 0.80708746, 0.82980171,
       0.85229478, 0.85229478, 0.85229478, 0.85229478, 0.85229478,
       0.87295179, 0.87295179, 0.89318518, 0.89318518, 0.89318518,
       0.89318518, 0.89318518, 0.89318518, 0.89318518, 0.89318518,
       0.91066615, 0.91066615, 0.91066615, 0.91066615, 0.91066615,
       0.91066615, 0.91066615, 0.91066615, 0.91066615, 0.91066615,
       0.9247275 , 0.9247275 , 0.9247275 , 0.9247275 , 0.9247275 ,
       0.93676077, 0.94849059, 0.94849059, 0.94849059, 0.95944362,
       0.95944362, 0.95944362, 0.95944362, 0.95944362, 0.95944362,
       0.95944362, 0.95944362, 0.96748018, 0.96748018, 0.96748018,
       0.96748018, 0.96748018, 0.96748018, 0.97352732, 0.97352732,
       0.97886253, 0.98389541, 0.98389541, 0.98389541, 0.98800585,
       0.98800585, 0.98800585, 0.98800585, 0.99046504, 0.99046504,
       0.99426268, 0.99426268, 0.99666585, 0.997565  , 0.99927375,
       1.        ]), array([0.        , 0.        , 0.        , 0.07797712, 0.11665472,
       0.26902877, 0.38230401, 0.49443183, 0.49443183, 0.53111738,
       0.53111738, 0.53111738, 0.53111738, 0.56617781, 0.635175  ,
       0.635175  , 0.635175  , 0.635175  , 0.635175  , 0.66774635,
       0.69992639, 0.69992639, 0.69992639, 0.69992639, 0.69992639,
       0.69992639, 0.69992639, 0.69992639, 0.69992639, 0.69992639,
       0.69992639, 0.72768368, 0.72768368, 0.75471081, 0.75471081,
       0.75471081, 0.78048496, 0.78048496, 0.78048496, 0.78048496,
       0.78048496, 0.78048496, 0.80396196, 0.80396196, 0.80396196,
       0.80396196, 0.82567154, 0.82567154, 0.82567154, 0.82567154,
       0.84583303, 0.84583303, 0.84583303, 0.8834173 , 0.8834173 ,
       0.90152991, 0.90152991, 0.91876566, 0.91876566, 0.91876566,
       0.91876566, 0.91876566, 0.91876566, 0.91876566, 0.91876566,
       0.91876566, 0.91876566, 0.91876566, 0.91876566, 0.91876566,
       0.93095961, 0.93095961, 0.93095961, 0.93095961, 0.93095961,
       0.93095961, 0.93095961, 0.93095961, 0.93095961, 0.93938595,
       0.93938595, 0.96255215, 0.96255215, 0.96956992, 0.96956992,
       0.96956992, 0.96956992, 0.96956992, 0.97456269, 0.97456269,
       0.97456269, 0.97456269, 0.97809122, 0.98409483, 0.98674565,
       0.99128351, 0.99310986, 0.9945479 , 0.9945479 , 0.99853204,
       1.        ])]","[array([0.        , 0.        , 0.00286024, 0.00658325, 0.01066146,
       0.01382602, 0.01811595, 0.02045414, 0.02334989, 0.02334989,
       0.02702966, 0.02702966, 0.02702966, 0.03674055, 0.03674055,
       0.03674055, 0.04250822, 0.04860482, 0.06161914, 0.06860938,
       0.06860938, 0.06860938, 0.06860938, 0.06860938, 0.06860938,
       0.07784822, 0.07784822, 0.07784822, 0.07784822, 0.07784822,
       0.07784822, 0.07784822, 0.08989261, 0.10238546, 0.12786553,
       0.12786553, 0.12786553, 0.12786553, 0.12786553, 0.12786553,
       0.12786553, 0.14340206, 0.14340206, 0.15944648, 0.15944648,
       0.15944648, 0.15944648, 0.15944648, 0.19541771, 0.19541771,
       0.19541771, 0.19541771, 0.19541771, 0.19541771, 0.19541771,
       0.23659325, 0.23659325, 0.23659325, 0.23659325, 0.23659325,
       0.23659325, 0.25950225, 0.25950225, 0.28326504, 0.28326504,
       0.30762779, 0.33243207, 0.33243207, 0.33243207, 0.33243207,
       0.33243207, 0.35917429, 0.35917429, 0.35917429, 0.4431883 ,
       0.47145743, 0.47145743, 0.47145743, 0.47145743, 0.50145738,
       0.50145738, 0.50145738, 0.53234562, 0.53234562, 0.56424237,
       0.56424237, 0.56424237, 0.59721054, 0.59721054, 0.63095701,
       0.63095701, 0.66537832, 0.66537832, 0.66537832, 0.70078342,
       0.70078342, 0.73721614, 0.77394068, 0.81105564, 0.8860441 ,
       1.        ]), array([0.00000000e+00, 0.00000000e+00, 7.78458756e-04, 7.78458756e-04,
       6.36330640e-03, 1.72090079e-02, 2.37019568e-02, 2.64072470e-02,
       3.24680034e-02, 3.58618585e-02, 4.31058296e-02, 5.54864844e-02,
       5.54864844e-02, 6.05503274e-02, 7.14393350e-02, 7.70125083e-02,
       7.70125083e-02, 7.70125083e-02, 7.70125083e-02, 8.41777868e-02,
       9.19964058e-02, 9.19964058e-02, 9.19964058e-02, 9.19964058e-02,
       9.19964058e-02, 1.01694818e-01, 1.01694818e-01, 1.01694818e-01,
       1.12678337e-01, 1.12678337e-01, 1.12678337e-01, 1.12678337e-01,
       1.12678337e-01, 1.12678337e-01, 1.12678337e-01, 1.12678337e-01,
       1.12678337e-01, 1.12678337e-01, 1.27530360e-01, 1.27530360e-01,
       1.58987037e-01, 1.58987037e-01, 1.75244274e-01, 1.75244274e-01,
       1.75244274e-01, 2.10507256e-01, 2.10507256e-01, 2.10507256e-01,
       2.10507256e-01, 2.10507256e-01, 2.30192054e-01, 2.30192054e-01,
       2.30192054e-01, 2.30192054e-01, 2.30192054e-01, 2.51663645e-01,
       2.51663645e-01, 2.73988226e-01, 2.73988226e-01, 2.73988226e-01,
       2.73988226e-01, 2.73988226e-01, 2.73988226e-01, 2.73988226e-01,
       2.73988226e-01, 2.73988226e-01, 2.73988226e-01, 2.73988226e-01,
       3.00820815e-01, 3.00820815e-01, 3.00820815e-01, 3.00820815e-01,
       3.00820815e-01, 3.00820815e-01, 3.00820815e-01, 3.30374439e-01,
       3.60329126e-01, 3.60329126e-01, 3.60329126e-01, 3.60329126e-01,
       3.60329126e-01, 3.60329126e-01, 3.92549195e-01, 3.92549195e-01,
       3.92549195e-01, 3.92549195e-01, 4.26238179e-01, 4.26238179e-01,
       4.26238179e-01, 4.26238179e-01, 4.26238179e-01, 4.97474629e-01,
       5.33778100e-01, 5.33778100e-01, 5.33778100e-01, 5.33778100e-01,
       6.09426405e-01, 6.09426405e-01, 7.24580094e-01, 7.63301440e-01,
       1.00000000e+00]), array([0.        , 0.        , 0.00272043, 0.0073531 , 0.00961041,
       0.01142152, 0.01556484, 0.02053645, 0.02053645, 0.02687167,
       0.02687167, 0.02687167, 0.03122184, 0.03122184, 0.03122184,
       0.03122184, 0.03122184, 0.05590136, 0.05590136, 0.05590136,
       0.06332157, 0.06332157, 0.06332157, 0.07190202, 0.07190202,
       0.07190202, 0.07190202, 0.08186989, 0.08186989, 0.08186989,
       0.08186989, 0.08186989, 0.09356613, 0.11805864, 0.11805864,
       0.11805864, 0.13138944, 0.13138944, 0.13138944, 0.14585215,
       0.14585215, 0.14585215, 0.14585215, 0.14585215, 0.14585215,
       0.14585215, 0.16280556, 0.16280556, 0.16280556, 0.1810972 ,
       0.1810972 , 0.20020602, 0.20020602, 0.20020602, 0.22047896,
       0.22047896, 0.2412004 , 0.26231941, 0.2838779 , 0.30601524,
       0.30601524, 0.30601524, 0.30601524, 0.30601524, 0.30601524,
       0.30601524, 0.30601524, 0.3560995 , 0.3560995 , 0.40759497,
       0.40759497, 0.40759497, 0.40759497, 0.4348541 , 0.4348541 ,
       0.4348541 , 0.4348541 , 0.46364701, 0.46364701, 0.46364701,
       0.46364701, 0.4940614 , 0.4940614 , 0.4940614 , 0.4940614 ,
       0.4940614 , 0.4940614 , 0.4940614 , 0.55982227, 0.59305442,
       0.59305442, 0.59305442, 0.59305442, 0.59305442, 0.59305442,
       0.59305442, 0.62905101, 0.66519418, 0.73827813, 0.77522532,
       1.        ]), array([0.00000000e+00, 0.00000000e+00, 0.00000000e+00, 6.94275323e-04,
       7.34250921e-03, 1.30429051e-02, 1.49249439e-02, 1.71590043e-02,
       1.71590043e-02, 1.98958773e-02, 2.61679362e-02, 2.95792364e-02,
       2.95792364e-02, 2.95792364e-02, 2.95792364e-02, 2.95792364e-02,
       2.95792364e-02, 2.95792364e-02, 3.53686054e-02, 3.53686054e-02,
       4.15664252e-02, 4.81016658e-02, 5.51610413e-02, 5.51610413e-02,
       5.51610413e-02, 5.51610413e-02, 5.51610413e-02, 5.51610413e-02,
       5.51610413e-02, 6.45469608e-02, 8.37213876e-02, 1.03431057e-01,
       1.13606689e-01, 1.13606689e-01, 1.24576248e-01, 1.35754164e-01,
       1.35754164e-01, 1.35754164e-01, 1.35754164e-01, 1.35754164e-01,
       1.48661740e-01, 1.48661740e-01, 1.61968383e-01, 1.61968383e-01,
       1.61968383e-01, 1.61968383e-01, 1.61968383e-01, 1.61968383e-01,
       1.61968383e-01, 1.61968383e-01, 1.77867934e-01, 1.77867934e-01,
       1.77867934e-01, 1.77867934e-01, 1.77867934e-01, 1.77867934e-01,
       1.77867934e-01, 1.77867934e-01, 1.77867934e-01, 1.77867934e-01,
       1.96988939e-01, 1.96988939e-01, 1.96988939e-01, 1.96988939e-01,
       1.96988939e-01, 2.18020484e-01, 2.39337894e-01, 2.39337894e-01,
       2.39337894e-01, 2.61387072e-01, 2.61387072e-01, 2.61387072e-01,
       2.61387072e-01, 2.61387072e-01, 2.61387072e-01, 2.61387072e-01,
       2.61387072e-01, 2.86183712e-01, 2.86183712e-01, 2.86183712e-01,
       2.86183712e-01, 2.86183712e-01, 2.86183712e-01, 3.12854476e-01,
       3.12854476e-01, 3.40195913e-01, 3.67822156e-01, 3.67822156e-01,
       3.67822156e-01, 3.96317386e-01, 3.96317386e-01, 3.96317386e-01,
       3.96317386e-01, 4.26368167e-01, 4.26368167e-01, 4.87525521e-01,
       4.87525521e-01, 5.49996537e-01, 5.81516948e-01, 6.77009594e-01,
       1.00000000e+00]), array([0.        , 0.        , 0.        , 0.00130004, 0.00217319,
       0.00734217, 0.01194023, 0.01736161, 0.01736161, 0.01966411,
       0.01966411, 0.01966411, 0.01966411, 0.02313269, 0.03087611,
       0.03087611, 0.03087611, 0.03087611, 0.03087611, 0.03613067,
       0.04166602, 0.04166602, 0.04166602, 0.04166602, 0.04166602,
       0.04166602, 0.04166602, 0.04166602, 0.04166602, 0.04166602,
       0.04166602, 0.05037482, 0.05037482, 0.05960754, 0.05960754,
       0.05960754, 0.06973931, 0.06973931, 0.06973931, 0.06973931,
       0.06973931, 0.06973931, 0.08151935, 0.08151935, 0.08151935,
       0.08151935, 0.09456757, 0.09456757, 0.09456757, 0.09456757,
       0.10872659, 0.10872659, 0.10872659, 0.13900975, 0.13900975,
       0.1546389 , 0.1546389 , 0.17089724, 0.17089724, 0.17089724,
       0.17089724, 0.17089724, 0.17089724, 0.17089724, 0.17089724,
       0.17089724, 0.17089724, 0.17089724, 0.17089724, 0.17089724,
       0.19077321, 0.19077321, 0.19077321, 0.19077321, 0.19077321,
       0.19077321, 0.19077321, 0.19077321, 0.19077321, 0.21335257,
       0.21335257, 0.28260664, 0.28260664, 0.3061967 , 0.3061967 ,
       0.3061967 , 0.3061967 , 0.3061967 , 0.33123974, 0.33123974,
       0.33123974, 0.33123974, 0.35733342, 0.41027668, 0.43700014,
       0.49099511, 0.51831017, 0.54590384, 0.54590384, 0.71479817,
       1.        ])]",0.0079149956012099,0.0126716158200181,0.0047657525876135,0.0010824503710875,"[{'lambda_reg': 2.2443575292200442e-05, 'gamma': 0.008052073102406507}, {'lambda_reg': 0.0021894799255058692, 'gamma': 0.019837850714736514}, {'lambda_reg': 0.00018521917309819876, 'gamma': 0.004223383949270513}, {'lambda_reg': 0.00017395905793794674, 'gamma': 0.02369293299901124}, {'lambda_reg': 8.430868027066977e-05, 'gamma': 0.008439931896624552}]",300,1,cauchy,130
"[np.float64(0.07312997388644715), np.float64(0.06501303327920754), np.float64(0.09697074959751051), np.float64(0.05549422792076808), np.float64(0.07997837781842349)]",0.0741172725004713,0.0140521435428328,"[np.float64(0.8054820384285055), np.float64(0.8478045093442123), np.float64(0.8181295897174191), np.float64(0.8367932021082521), np.float64(0.85220389025162)]",0.8320826459700019,0.0177567502595151,"[np.float64(0.9449207526682446), np.float64(0.964872540707574), np.float64(0.9601102197462028), np.float64(0.9738511316910798), np.float64(0.9569211417249248)]",0.9601351573076052,0.0095118807955557,"[array([0.        , 0.05589059, 0.22295005, 0.31461955, 0.38722796,
       0.38722796, 0.40507039, 0.40507039, 0.4399084 , 0.47439227,
       0.50839245, 0.50839245, 0.50839245, 0.524755  , 0.524755  ,
       0.524755  , 0.54059848, 0.58773961, 0.60329947, 0.60329947,
       0.61834725, 0.63336656, 0.63336656, 0.64795424, 0.66239617,
       0.69078614, 0.69078614, 0.70455408, 0.70455408, 0.70455408,
       0.73107096, 0.75719995, 0.75719995, 0.75719995, 0.75719995,
       0.75719995, 0.76940959, 0.78140677, 0.78140677, 0.78140677,
       0.78140677, 0.80371072, 0.80371072, 0.80371072, 0.81439532,
       0.82483811, 0.83505867, 0.84503154, 0.86473401, 0.86473401,
       0.88384636, 0.88384636, 0.88384636, 0.88384636, 0.88384636,
       0.88384636, 0.88384636, 0.88384636, 0.88384636, 0.89946292,
       0.89946292, 0.90683211, 0.91407654, 0.92119485, 0.92796496,
       0.92796496, 0.92796496, 0.92796496, 0.92796496, 0.93984521,
       0.95138893, 0.95138893, 0.95138893, 0.95138893, 0.95628217,
       0.95628217, 0.95628217, 0.95628217, 0.95628217, 0.9644263 ,
       0.9644263 , 0.96812033, 0.97499078, 0.97499078, 0.97499078,
       0.97499078, 0.97772443, 0.9827654 , 0.9827654 , 0.9827654 ,
       0.9827654 , 0.98625995, 0.98625995, 0.98914876, 0.99168516,
       0.99270794, 0.99534065, 0.99534065, 0.9963025 , 0.99874513,
       1.        ]), array([0.        , 0.06385613, 0.23745136, 0.3623927 , 0.51711411,
       0.56306502, 0.62370886, 0.65376007, 0.68340278, 0.71285724,
       0.72737245, 0.75595814, 0.77014286, 0.78414455, 0.78414455,
       0.78414455, 0.78414455, 0.78414455, 0.78414455, 0.79724592,
       0.79724592, 0.81000904, 0.8225585 , 0.8225585 , 0.8225585 ,
       0.8225585 , 0.83457858, 0.84636413, 0.84636413, 0.84636413,
       0.84636413, 0.85747562, 0.85747562, 0.8682614 , 0.8682614 ,
       0.8682614 , 0.8682614 , 0.8682614 , 0.8682614 , 0.87811583,
       0.87811583, 0.87811583, 0.88754898, 0.89674621, 0.89674621,
       0.9056762 , 0.9056762 , 0.91423106, 0.91423106, 0.91423106,
       0.91423106, 0.91423106, 0.91423106, 0.91423106, 0.92166115,
       0.92166115, 0.92166115, 0.92166115, 0.92846883, 0.93513678,
       0.93513678, 0.93513678, 0.93513678, 0.93513678, 0.94682514,
       0.94682514, 0.95237088, 0.95237088, 0.95752225, 0.95752225,
       0.95752225, 0.95752225, 0.95752225, 0.9618571 , 0.9618571 ,
       0.9618571 , 0.9618571 , 0.9618571 , 0.9691238 , 0.97255987,
       0.97255987, 0.97563729, 0.97563729, 0.97838219, 0.98098648,
       0.98098648, 0.98098648, 0.98322699, 0.98322699, 0.98508985,
       0.98851774, 0.99154649, 0.9928496 , 0.9928496 , 0.9928496 ,
       0.9928496 , 0.99496338, 0.99609674, 0.99747685, 0.99884795,
       1.        ]), array([0.        , 0.17712322, 0.28864824, 0.41472611, 0.43035981,
       0.4612623 , 0.55307129, 0.58330482, 0.61322677, 0.65765323,
       0.65765323, 0.65765323, 0.67191101, 0.7002144 , 0.71426838,
       0.71426838, 0.74157806, 0.75502735, 0.75502735, 0.75502735,
       0.76810098, 0.79396435, 0.79396435, 0.79396435, 0.79396435,
       0.79396435, 0.79396435, 0.79396435, 0.80564379, 0.80564379,
       0.8170135 , 0.8170135 , 0.8170135 , 0.8170135 , 0.8170135 ,
       0.8170135 , 0.82736985, 0.82736985, 0.82736985, 0.83737002,
       0.83737002, 0.83737002, 0.83737002, 0.83737002, 0.85554152,
       0.86447154, 0.86447154, 0.89035532, 0.89035532, 0.89035532,
       0.89035532, 0.90633885, 0.90633885, 0.90633885, 0.92145737,
       0.92145737, 0.92145737, 0.92145737, 0.92826264, 0.93503674,
       0.93503674, 0.93503674, 0.94121997, 0.94732971, 0.95326407,
       0.95326407, 0.95877596, 0.96955921, 0.96955921, 0.96955921,
       0.96955921, 0.97440794, 0.97909521, 0.97909521, 0.97909521,
       0.97909521, 0.97909521, 0.98285201, 0.98285201, 0.98285201,
       0.98285201, 0.98285201, 0.98582513, 0.98582513, 0.98582513,
       0.98582513, 0.98582513, 0.98582513, 0.98781261, 0.99154521,
       0.99318585, 0.99475038, 0.99475038, 0.99475038, 0.99475038,
       0.99475038, 0.99546023, 0.99646874, 0.99794727, 0.99957308,
       1.        ]), array([0.        , 0.07007934, 0.26126431, 0.39855367, 0.50068504,
       0.51746197, 0.58416437, 0.6170686 , 0.6170686 , 0.66543946,
       0.74518446, 0.77673456, 0.77673456, 0.77673456, 0.77673456,
       0.80696186, 0.80696186, 0.80696186, 0.82143104, 0.83572859,
       0.83572859, 0.83572859, 0.83572859, 0.83572859, 0.86272919,
       0.86272919, 0.86272919, 0.86272919, 0.86272919, 0.86272919,
       0.86272919, 0.87496867, 0.88706451, 0.88706451, 0.89885793,
       0.91043892, 0.91043892, 0.91043892, 0.91043892, 0.91043892,
       0.91043892, 0.91043892, 0.91043892, 0.91043892, 0.92039379,
       0.92039379, 0.93001231, 0.93001231, 0.93001231, 0.93001231,
       0.93893432, 0.93893432, 0.93893432, 0.93893432, 0.93893432,
       0.94700767, 0.94700767, 0.95476604, 0.95476604, 0.95476604,
       0.95476604, 0.95476604, 0.95476604, 0.95476604, 0.95476604,
       0.96109022, 0.96109022, 0.96109022, 0.96109022, 0.96109022,
       0.96109022, 0.96109022, 0.96109022, 0.96109022, 0.96109022,
       0.96561318, 0.96561318, 0.96561318, 0.96561318, 0.96939891,
       0.97309817, 0.97657612, 0.97976886, 0.97976886, 0.97976886,
       0.98248575, 0.98503597, 0.98503597, 0.98722506, 0.98722506,
       0.98915766, 0.98915766, 0.98915766, 0.99178326, 0.9940069 ,
       0.9940069 , 0.9955685 , 0.99681389, 0.99838599, 0.99867929,
       1.        ]), array([0.        , 0.        , 0.06627606, 0.2966686 , 0.34544673,
       0.42606871, 0.47385847, 0.55267882, 0.56829931, 0.59923836,
       0.59923836, 0.59923836, 0.61423588, 0.61423588, 0.64357789,
       0.67240789, 0.71520381, 0.72927643, 0.77113469, 0.77113469,
       0.78472371, 0.78472371, 0.78472371, 0.78472371, 0.78472371,
       0.81026553, 0.81026553, 0.81026553, 0.81026553, 0.8223185 ,
       0.83427001, 0.84601658, 0.84601658, 0.85742938, 0.85742938,
       0.85742938, 0.86823998, 0.87893155, 0.87893155, 0.87893155,
       0.87893155, 0.87893155, 0.87893155, 0.87893155, 0.87893155,
       0.88834473, 0.88834473, 0.88834473, 0.88834473, 0.89701658,
       0.89701658, 0.91366777, 0.91366777, 0.91366777, 0.91366777,
       0.91366777, 0.92110928, 0.92110928, 0.92110928, 0.93517235,
       0.93517235, 0.93517235, 0.93517235, 0.94157563, 0.94157563,
       0.94763868, 0.94763868, 0.94763868, 0.94763868, 0.95290805,
       0.9580252 , 0.9580252 , 0.96288625, 0.96288625, 0.96732211,
       0.96732211, 0.97146954, 0.97939103, 0.97939103, 0.97939103,
       0.97939103, 0.97939103, 0.97939103, 0.9823146 , 0.98785469,
       0.98785469, 0.99031526, 0.992559  , 0.992559  , 0.992559  ,
       0.992559  , 0.992559  , 0.992559  , 0.99382783, 0.99382783,
       0.99566255, 0.9964741 , 0.99708999, 0.9978815 , 0.99867031,
       1.        ])]","[array([0.00000000e+00, 4.06700109e-04, 2.11428513e-03, 3.97158431e-03,
       6.03637252e-03, 6.03637252e-03, 6.79911212e-03, 6.79911212e-03,
       8.99880356e-03, 1.14804448e-02, 1.43471696e-02, 1.43471696e-02,
       1.43471696e-02, 1.62881118e-02, 1.62881118e-02, 1.62881118e-02,
       1.86423004e-02, 2.60148089e-02, 2.85947975e-02, 2.85947975e-02,
       3.15824822e-02, 3.45928271e-02, 3.45928271e-02, 3.79468094e-02,
       4.14168312e-02, 4.87500854e-02, 4.87500854e-02, 5.27566995e-02,
       5.27566995e-02, 5.27566995e-02, 6.15811925e-02, 7.07145046e-02,
       7.07145046e-02, 7.07145046e-02, 7.07145046e-02, 7.07145046e-02,
       7.59617467e-02, 8.13781386e-02, 8.13781386e-02, 8.13781386e-02,
       8.13781386e-02, 9.35567294e-02, 9.35567294e-02, 9.35567294e-02,
       1.00018116e-01, 1.06672019e-01, 1.13502854e-01, 1.20530887e-01,
       1.34780621e-01, 1.34780621e-01, 1.49500176e-01, 1.49500176e-01,
       1.49500176e-01, 1.49500176e-01, 1.49500176e-01, 1.49500176e-01,
       1.49500176e-01, 1.49500176e-01, 1.49500176e-01, 1.67002877e-01,
       1.67002877e-01, 1.76103807e-01, 1.85304058e-01, 1.94604721e-01,
       2.04182601e-01, 2.04182601e-01, 2.04182601e-01, 2.04182601e-01,
       2.04182601e-01, 2.24659941e-01, 2.45405202e-01, 2.45405202e-01,
       2.45405202e-01, 2.45405202e-01, 2.56477336e-01, 2.56477336e-01,
       2.56477336e-01, 2.56477336e-01, 2.56477336e-01, 2.79929154e-01,
       2.79929154e-01, 2.91956033e-01, 3.16421880e-01, 3.16421880e-01,
       3.16421880e-01, 3.16421880e-01, 3.29213360e-01, 3.55135729e-01,
       3.55135729e-01, 3.55135729e-01, 3.55135729e-01, 3.82289277e-01,
       3.82289277e-01, 4.09925074e-01, 4.37841446e-01, 4.51995019e-01,
       4.94802561e-01, 4.94802561e-01, 5.23972491e-01, 6.41770623e-01,
       1.00000000e+00]), array([0.00000000e+00, 2.96577506e-04, 3.28678097e-03, 6.87907693e-03,
       1.29445798e-02, 1.52680796e-02, 1.90415251e-02, 2.12212538e-02,
       2.38431317e-02, 2.66687532e-02, 2.83110557e-02, 3.20770084e-02,
       3.40770171e-02, 3.62751297e-02, 3.62751297e-02, 3.62751297e-02,
       3.62751297e-02, 3.62751297e-02, 3.62751297e-02, 3.94477177e-02,
       3.94477177e-02, 4.29864077e-02, 4.67563636e-02, 4.67563636e-02,
       4.67563636e-02, 4.67563636e-02, 5.10992957e-02, 5.56960733e-02,
       5.56960733e-02, 5.56960733e-02, 5.56960733e-02, 6.10224397e-02,
       6.10224397e-02, 6.67013298e-02, 6.67013298e-02, 6.67013298e-02,
       6.67013298e-02, 6.67013298e-02, 6.67013298e-02, 7.33882790e-02,
       7.33882790e-02, 7.33882790e-02, 8.05312118e-02, 8.79294974e-02,
       8.79294974e-02, 9.56170325e-02, 9.56170325e-02, 1.03710591e-01,
       1.03710591e-01, 1.03710591e-01, 1.03710591e-01, 1.03710591e-01,
       1.03710591e-01, 1.03710591e-01, 1.13021563e-01, 1.13021563e-01,
       1.13021563e-01, 1.13021563e-01, 1.23006212e-01, 1.33142096e-01,
       1.33142096e-01, 1.33142096e-01, 1.33142096e-01, 1.33142096e-01,
       1.55197096e-01, 1.55197096e-01, 1.66547622e-01, 1.66547622e-01,
       1.78324994e-01, 1.78324994e-01, 1.78324994e-01, 1.78324994e-01,
       1.78324994e-01, 1.90986140e-01, 1.90986140e-01, 1.90986140e-01,
       1.90986140e-01, 1.90986140e-01, 2.17826977e-01, 2.31460932e-01,
       2.31460932e-01, 2.45483071e-01, 2.45483071e-01, 2.59865119e-01,
       2.74399363e-01, 2.74399363e-01, 2.74399363e-01, 2.89327346e-01,
       2.89327346e-01, 3.04664083e-01, 3.35659913e-01, 3.67087760e-01,
       3.83030353e-01, 3.83030353e-01, 3.83030353e-01, 3.83030353e-01,
       4.32801549e-01, 4.66280902e-01, 5.16846202e-01, 6.19480338e-01,
       1.00000000e+00]), array([0.00000000e+00, 8.22089610e-04, 2.60999659e-03, 6.11959594e-03,
       6.69227775e-03, 8.22555408e-03, 1.37805027e-02, 1.60249162e-02,
       1.86005624e-02, 2.29492614e-02, 2.29492614e-02, 2.29492614e-02,
       2.49846145e-02, 2.92808631e-02, 3.15328600e-02, 3.15328600e-02,
       3.68854751e-02, 3.97802915e-02, 3.97802915e-02, 3.97802915e-02,
       4.30744554e-02, 4.99645613e-02, 4.99645613e-02, 4.99645613e-02,
       4.99645613e-02, 4.99645613e-02, 4.99645613e-02, 4.99645613e-02,
       5.47408158e-02, 5.47408158e-02, 5.98463375e-02, 5.98463375e-02,
       5.98463375e-02, 5.98463375e-02, 5.98463375e-02, 5.98463375e-02,
       6.60291017e-02, 6.60291017e-02, 6.60291017e-02, 7.25905020e-02,
       7.25905020e-02, 7.25905020e-02, 7.25905020e-02, 7.25905020e-02,
       8.76574550e-02, 9.53564873e-02, 9.53564873e-02, 1.19416980e-01,
       1.19416980e-01, 1.19416980e-01, 1.19416980e-01, 1.36809860e-01,
       1.36809860e-01, 1.36809860e-01, 1.55122283e-01, 1.55122283e-01,
       1.55122283e-01, 1.55122283e-01, 1.65080016e-01, 1.75070900e-01,
       1.75070900e-01, 1.75070900e-01, 1.85689901e-01, 1.96387016e-01,
       2.07270584e-01, 2.07270584e-01, 2.18603247e-01, 2.41524284e-01,
       2.41524284e-01, 2.41524284e-01, 2.41524284e-01, 2.53561919e-01,
       2.65771208e-01, 2.65771208e-01, 2.65771208e-01, 2.65771208e-01,
       2.65771208e-01, 2.78969624e-01, 2.78969624e-01, 2.78969624e-01,
       2.78969624e-01, 2.78969624e-01, 2.93001125e-01, 2.93001125e-01,
       2.93001125e-01, 2.93001125e-01, 2.93001125e-01, 2.93001125e-01,
       3.08080423e-01, 3.38496649e-01, 3.53944648e-01, 3.69473554e-01,
       3.69473554e-01, 3.69473554e-01, 3.69473554e-01, 3.69473554e-01,
       3.85911032e-01, 4.19223095e-01, 4.86419682e-01, 6.22228018e-01,
       1.00000000e+00]), array([0.00000000e+00, 4.14063168e-04, 2.92628346e-03, 6.32491543e-03,
       9.62251648e-03, 1.03915698e-02, 1.38308977e-02, 1.59509871e-02,
       1.59509871e-02, 2.00139716e-02, 2.75677937e-02, 3.09009870e-02,
       3.09009870e-02, 3.09009870e-02, 3.09009870e-02, 3.54192268e-02,
       3.54192268e-02, 3.54192268e-02, 3.82557063e-02, 4.12459322e-02,
       4.12459322e-02, 4.12459322e-02, 4.12459322e-02, 4.12459322e-02,
       4.86548472e-02, 4.86548472e-02, 4.86548472e-02, 4.86548472e-02,
       4.86548472e-02, 4.86548472e-02, 4.86548472e-02, 5.34888203e-02,
       5.84514725e-02, 5.84514725e-02, 6.36850570e-02, 6.91089431e-02,
       6.91089431e-02, 6.91089431e-02, 6.91089431e-02, 6.91089431e-02,
       6.91089431e-02, 6.91089431e-02, 6.91089431e-02, 6.91089431e-02,
       7.59896038e-02, 7.59896038e-02, 8.31715981e-02, 8.31715981e-02,
       8.31715981e-02, 8.31715981e-02, 9.09775596e-02, 9.09775596e-02,
       9.09775596e-02, 9.09775596e-02, 9.09775596e-02, 9.95438011e-02,
       9.95438011e-02, 1.08392215e-01, 1.08392215e-01, 1.08392215e-01,
       1.08392215e-01, 1.08392215e-01, 1.08392215e-01, 1.08392215e-01,
       1.08392215e-01, 1.18525474e-01, 1.18525474e-01, 1.18525474e-01,
       1.18525474e-01, 1.18525474e-01, 1.18525474e-01, 1.18525474e-01,
       1.18525474e-01, 1.18525474e-01, 1.18525474e-01, 1.30272364e-01,
       1.30272364e-01, 1.30272364e-01, 1.30272364e-01, 1.42679712e-01,
       1.55164528e-01, 1.67847598e-01, 1.80786187e-01, 1.80786187e-01,
       1.80786187e-01, 1.94151068e-01, 2.07665254e-01, 2.07665254e-01,
       2.21502974e-01, 2.21502974e-01, 2.35570460e-01, 2.35570460e-01,
       2.35570460e-01, 2.64815962e-01, 2.94421550e-01, 2.94421550e-01,
       3.24620240e-01, 3.55102206e-01, 4.16889155e-01, 4.32425227e-01,
       1.00000000e+00]), array([0.        , 0.        , 0.00120975, 0.00697841, 0.00879154,
       0.01247154, 0.01524846, 0.02068528, 0.02191267, 0.02466184,
       0.02466184, 0.02466184, 0.0264967 , 0.0264967 , 0.0308032 ,
       0.03560898, 0.04325557, 0.04599233, 0.05455325, 0.05455325,
       0.05776159, 0.05776159, 0.05776159, 0.05776159, 0.05776159,
       0.06577379, 0.06577379, 0.06577379, 0.06577379, 0.07047998,
       0.0752851 , 0.08029007, 0.08029007, 0.0856205 , 0.0856205 ,
       0.0856205 , 0.09153818, 0.09757191, 0.09757191, 0.09757191,
       0.09757191, 0.09757191, 0.09757191, 0.09757191, 0.09757191,
       0.10485225, 0.10485225, 0.10485225, 0.10485225, 0.11285548,
       0.11285548, 0.12953724, 0.12953724, 0.12953724, 0.12953724,
       0.12953724, 0.13874022, 0.13874022, 0.13874022, 0.15794575,
       0.15794575, 0.15794575, 0.15794575, 0.16816114, 0.16816114,
       0.1787083 , 0.1787083 , 0.1787083 , 0.1787083 , 0.19002941,
       0.20149896, 0.20149896, 0.21321824, 0.21321824, 0.22535213,
       0.22535213, 0.23776728, 0.26296167, 0.26296167, 0.26296167,
       0.26296167, 0.26296167, 0.26296167, 0.27657025, 0.30408682,
       0.30408682, 0.31814689, 0.3324184 , 0.3324184 , 0.3324184 ,
       0.3324184 , 0.3324184 , 0.3324184 , 0.34764057, 0.34764057,
       0.37877038, 0.39443846, 0.41029733, 0.44244441, 0.50751303,
       1.        ])]",0.0238350419261304,0.0051177623780196,0.0031673853900714,0.0009125378512278,"[{'lambda_reg': 0.0018224605414809364, 'gamma': 0.009919453202533497}, {'lambda_reg': 0.012601081620549643, 'gamma': 0.13713820449209715}, {'lambda_reg': 0.012307455986339895, 'gamma': 0.1034578661366959}, {'lambda_reg': 0.01755403952256937, 'gamma': 0.1998686593803446}, {'lambda_reg': 0.0001849897395385358, 'gamma': 0.028594736809188698}]",600,1,cauchy,151
"[np.float64(0.11317221825665345), np.float64(0.0791987301644163), np.float64(0.14148082618603575), np.float64(0.0947198126109396), np.float64(0.1305357002609816)]",0.1118214574958053,0.0227527325142112,"[np.float64(0.8320590720241088), np.float64(0.864575731457792), np.float64(0.8238281006664194), np.float64(0.88957274108508), np.float64(0.8341417562260606)]",0.848835480291892,0.0246170768399518,"[np.float64(0.8960920041299818), np.float64(0.9136803175763022), np.float64(0.9282932195026539), np.float64(0.9348653427928217), np.float64(0.9170607071878965)]",0.9179983182379312,0.0133408571791829,"[array([0.        , 0.16188369, 0.1972708 , 0.21491788, 0.23231921,
       0.30097215, 0.30097215, 0.31775364, 0.35109215, 0.36760471,
       0.36760471, 0.36760471, 0.38358589, 0.39934926, 0.39934926,
       0.43017323, 0.43017323, 0.44528484, 0.46020302, 0.48954041,
       0.48954041, 0.50385583, 0.50385583, 0.50385583, 0.53138475,
       0.53138475, 0.54473277, 0.54473277, 0.5578542 , 0.57081853,
       0.57081853, 0.57081853, 0.57081853, 0.57081853, 0.59465162,
       0.59465162, 0.59465162, 0.60602379, 0.60602379, 0.61712981,
       0.64982852, 0.67131646, 0.69233934, 0.69233934, 0.70252636,
       0.72252038, 0.74212972, 0.75167836, 0.76112576, 0.76112576,
       0.76112576, 0.76999508, 0.77871903, 0.7957156 , 0.82078009,
       0.82901135, 0.82901135, 0.84476033, 0.86014967, 0.86014967,
       0.87476281, 0.87476281, 0.87476281, 0.8815087 , 0.88815207,
       0.88815207, 0.88815207, 0.9001964 , 0.9001964 , 0.90587071,
       0.91143408, 0.92210679, 0.93753853, 0.94251867, 0.94721197,
       0.95643399, 0.96077337, 0.9649697 , 0.96894148, 0.96894148,
       0.9764444 , 0.9764444 , 0.9764444 , 0.9764444 , 0.9764444 ,
       0.97931007, 0.98712616, 0.98712616, 0.98712616, 0.98921365,
       0.98921365, 0.98921365, 0.98921365, 0.99316789, 0.99667813,
       0.99667813, 0.99667813, 0.99730758, 0.99861233, 0.99947745,
       1.        ]), array([0.        , 0.14203914, 0.17717784, 0.21186476, 0.31467369,
       0.36583645, 0.3827277 , 0.3827277 , 0.3827277 , 0.39903379,
       0.39903379, 0.41486746, 0.41486746, 0.41486746, 0.46106184,
       0.46106184, 0.46106184, 0.46106184, 0.47572379, 0.47572379,
       0.47572379, 0.47572379, 0.50370259, 0.53128928, 0.54488278,
       0.54488278, 0.57146336, 0.58445382, 0.58445382, 0.62262048,
       0.62262048, 0.6473611 , 0.6473611 , 0.67127502, 0.67127502,
       0.67127502, 0.68266241, 0.68266241, 0.68266241, 0.69363732,
       0.69363732, 0.69363732, 0.71454328, 0.75533393, 0.76546189,
       0.78512811, 0.79486886, 0.82341651, 0.8513915 , 0.8606243 ,
       0.87861551, 0.87861551, 0.88730818, 0.88730818, 0.88730818,
       0.88730818, 0.88730818, 0.88730818, 0.89484125, 0.89484125,
       0.89484125, 0.90194627, 0.90194627, 0.90194627, 0.90839823,
       0.90839823, 0.92064807, 0.92656377, 0.93237731, 0.93237731,
       0.93784675, 0.93784675, 0.93784675, 0.9428277 , 0.9522304 ,
       0.9522304 , 0.9522304 , 0.9522304 , 0.96029798, 0.96029798,
       0.96397489, 0.96746347, 0.96746347, 0.96746347, 0.97047965,
       0.97322986, 0.97322986, 0.97322986, 0.97537637, 0.97734467,
       0.98104004, 0.98104004, 0.98261601, 0.98942068, 0.99166937,
       0.99271082, 0.99501004, 0.99758222, 0.9988566 , 0.99951058,
       1.        ]), array([0.        , 0.3228945 , 0.3228945 , 0.3228945 , 0.34020919,
       0.34020919, 0.37413032, 0.39086989, 0.40739106, 0.4401887 ,
       0.47255597, 0.47255597, 0.48852776, 0.50419869, 0.50419869,
       0.50419869, 0.50419869, 0.51923058, 0.53404459, 0.54868559,
       0.56308896, 0.56308896, 0.57717805, 0.57717805, 0.59090969,
       0.59090969, 0.61779799, 0.63104204, 0.64400587, 0.64400587,
       0.65664194, 0.65664194, 0.65664194, 0.66881165, 0.66881165,
       0.66881165, 0.68033672, 0.68033672, 0.69155596, 0.70264737,
       0.70264737, 0.71338729, 0.75555927, 0.7659697 , 0.78643231,
       0.78643231, 0.8061051 , 0.8061051 , 0.8061051 , 0.82467592,
       0.83375102, 0.83375102, 0.85118074, 0.85118074, 0.85959402,
       0.85959402, 0.86760398, 0.86760398, 0.87526602, 0.89022398,
       0.90460868, 0.91174545, 0.91866745, 0.92531186, 0.92531186,
       0.93817625, 0.93817625, 0.9441498 , 0.9441498 , 0.9441498 ,
       0.9441498 , 0.94943081, 0.95454096, 0.95454096, 0.96399971,
       0.96399971, 0.96399971, 0.96399971, 0.96399971, 0.96399971,
       0.96399971, 0.96745845, 0.97081249, 0.97081249, 0.97682833,
       0.97964956, 0.97964956, 0.98452778, 0.98675928, 0.98887549,
       0.9906762 , 0.9906762 , 0.9906762 , 0.99207947, 0.99327007,
       0.99327007, 0.99501875, 0.9962608 , 0.99847307, 0.99932725,
       1.        ]), array([0.        , 0.13077049, 0.19528404, 0.23788991, 0.25889424,
       0.3005315 , 0.3417678 , 0.36204714, 0.38231759, 0.38231759,
       0.38231759, 0.38231759, 0.42098083, 0.42098083, 0.4397917 ,
       0.45836826, 0.45836826, 0.47658229, 0.47658229, 0.49440845,
       0.51198882, 0.54657939, 0.54657939, 0.58033312, 0.58033312,
       0.58033312, 0.61274   , 0.61274   , 0.61274   , 0.62843617,
       0.62843617, 0.64367882, 0.64367882, 0.64367882, 0.6581228 ,
       0.6581228 , 0.6863038 , 0.6863038 , 0.6863038 , 0.6863038 ,
       0.6863038 , 0.6863038 , 0.69901388, 0.71159594, 0.73622381,
       0.73622381, 0.73622381, 0.7594173 , 0.7594173 , 0.79315942,
       0.80413711, 0.82567227, 0.8362301 , 0.8362301 , 0.84641034,
       0.84641034, 0.84641034, 0.84641034, 0.85564021, 0.85564021,
       0.86453423, 0.87314477, 0.89004851, 0.89004851, 0.89806865,
       0.90585936, 0.91341872, 0.91341872, 0.91341872, 0.92717082,
       0.93381075, 0.93381075, 0.93381075, 0.93989901, 0.93989901,
       0.93989901, 0.93989901, 0.93989901, 0.94970246, 0.95447837,
       0.95447837, 0.95866419, 0.96260939, 0.97027516, 0.97027516,
       0.97027516, 0.97348588, 0.97348588, 0.97348588, 0.97348588,
       0.97579831, 0.98613621, 0.98798939, 0.9913927 , 0.9913927 ,
       0.99385419, 0.99490618, 0.99721755, 0.99771233, 0.99894022,
       1.        ]), array([0.        , 0.13700178, 0.13700178, 0.19428866, 0.25101189,
       0.28855873, 0.30697633, 0.32537976, 0.32537976, 0.32537976,
       0.34301582, 0.36047077, 0.36047077, 0.36047077, 0.37738321,
       0.39409808, 0.41063348, 0.4433156 , 0.4433156 , 0.4433156 ,
       0.45903051, 0.45903051, 0.47448686, 0.47448686, 0.5042895 ,
       0.5042895 , 0.53362705, 0.53362705, 0.53362705, 0.54763006,
       0.58910168, 0.61642687, 0.61642687, 0.62968526, 0.65586223,
       0.65586223, 0.71885058, 0.71885058, 0.71885058, 0.71885058,
       0.75440529, 0.75440529, 0.77736579, 0.77736579, 0.77736579,
       0.7990235 , 0.80966581, 0.84108646, 0.85142624, 0.85142624,
       0.86134515, 0.86134515, 0.86134515, 0.86134515, 0.87053961,
       0.87053961, 0.87053961, 0.8791189 , 0.8791189 , 0.88717583,
       0.88717583, 0.88717583, 0.89477255, 0.89477255, 0.90182221,
       0.90182221, 0.90182221, 0.90182221, 0.90825223, 0.90825223,
       0.92016695, 0.92016695, 0.92016695, 0.92016695, 0.92016695,
       0.92016695, 0.93467262, 0.93467262, 0.93467262, 0.94309154,
       0.94309154, 0.94309154, 0.9467275 , 0.95688838, 0.96338989,
       0.9663279 , 0.96910988, 0.97707496, 0.98444226, 0.98444226,
       0.98444226, 0.9863439 , 0.989789  , 0.99122602, 0.99373855,
       0.99373855, 0.99552028, 0.99743408, 0.99743408, 0.99929282,
       1.        ])]","[array([0.00000000e+00, 1.96072431e-04, 7.45071568e-04, 1.05957718e-03,
       1.58567619e-03, 4.51001638e-03, 4.51001638e-03, 5.56977311e-03,
       7.88254722e-03, 9.17384200e-03, 9.17384200e-03, 9.17384200e-03,
       1.09226365e-02, 1.28589606e-02, 1.28589606e-02, 1.73366628e-02,
       1.73366628e-02, 1.98341289e-02, 2.24981330e-02, 2.82557322e-02,
       2.82557322e-02, 3.14386913e-02, 3.14386913e-02, 3.14386913e-02,
       3.87533261e-02, 3.87533261e-02, 4.27691828e-02, 4.27691828e-02,
       4.69801216e-02, 5.13263281e-02, 5.13263281e-02, 5.13263281e-02,
       5.13263281e-02, 5.13263281e-02, 6.18229429e-02, 6.18229429e-02,
       6.18229429e-02, 6.75399408e-02, 6.75399408e-02, 7.34860862e-02,
       9.18577591e-02, 1.04373465e-01, 1.17289582e-01, 1.17289582e-01,
       1.24026952e-01, 1.37828882e-01, 1.51962004e-01, 1.59249000e-01,
       1.66623162e-01, 1.66623162e-01, 1.66623162e-01, 1.74495029e-01,
       1.82492049e-01, 1.98874683e-01, 2.23819162e-01, 2.32240376e-01,
       2.32240376e-01, 2.49697135e-01, 2.67463545e-01, 2.67463545e-01,
       2.85898221e-01, 2.85898221e-01, 2.85898221e-01, 2.95598297e-01,
       3.05386628e-01, 3.05386628e-01, 3.05386628e-01, 3.26032973e-01,
       3.26032973e-01, 3.36655632e-01, 3.47373809e-01, 3.69201070e-01,
       4.02439027e-01, 4.13659346e-01, 4.25126626e-01, 4.48202878e-01,
       4.59974874e-01, 4.71870023e-01, 4.83958509e-01, 4.83958509e-01,
       5.08514852e-01, 5.08514852e-01, 5.08514852e-01, 5.08514852e-01,
       5.08514852e-01, 5.21555657e-01, 5.61350423e-01, 5.61350423e-01,
       5.61350423e-01, 5.75061218e-01, 5.75061218e-01, 5.75061218e-01,
       5.75061218e-01, 6.18180908e-01, 6.61682869e-01, 6.61682869e-01,
       6.61682869e-01, 6.76648988e-01, 7.22049793e-01, 7.67829115e-01,
       1.00000000e+00]), array([0.00000000e+00, 2.46347767e-04, 6.34936614e-04, 1.42165851e-03,
       4.88495738e-03, 6.82960114e-03, 7.62146030e-03, 7.62146030e-03,
       7.62146030e-03, 8.92898478e-03, 8.92898478e-03, 1.06528087e-02,
       1.06528087e-02, 1.06528087e-02, 1.69757283e-02, 1.69757283e-02,
       1.69757283e-02, 1.69757283e-02, 1.97321076e-02, 1.97321076e-02,
       1.97321076e-02, 1.97321076e-02, 2.64302129e-02, 3.34738453e-02,
       3.71717751e-02, 3.71717751e-02, 4.51020281e-02, 4.93313683e-02,
       4.93313683e-02, 6.27285414e-02, 6.27285414e-02, 7.22802136e-02,
       7.22802136e-02, 8.25604029e-02, 8.25604029e-02, 8.25604029e-02,
       8.82024132e-02, 8.82024132e-02, 8.82024132e-02, 9.42079144e-02,
       9.42079144e-02, 9.42079144e-02, 1.07138799e-01, 1.33900544e-01,
       1.40652398e-01, 1.54675778e-01, 1.61768852e-01, 1.83642565e-01,
       2.06020925e-01, 2.13561623e-01, 2.29061062e-01, 2.29061062e-01,
       2.37077734e-01, 2.37077734e-01, 2.37077734e-01, 2.37077734e-01,
       2.37077734e-01, 2.37077734e-01, 2.46116287e-01, 2.46116287e-01,
       2.46116287e-01, 2.55532043e-01, 2.55532043e-01, 2.55532043e-01,
       2.65523295e-01, 2.65523295e-01, 2.86082190e-01, 2.96546008e-01,
       3.07099859e-01, 3.07099859e-01, 3.17956932e-01, 3.17956932e-01,
       3.17956932e-01, 3.29244476e-01, 3.52312357e-01, 3.52312357e-01,
       3.52312357e-01, 3.52312357e-01, 3.76556780e-01, 3.76556780e-01,
       3.88993483e-01, 4.01596146e-01, 4.01596146e-01, 4.01596146e-01,
       4.14615106e-01, 4.27868441e-01, 4.27868441e-01, 4.27868441e-01,
       4.41653776e-01, 4.55596151e-01, 4.83693487e-01, 4.83693487e-01,
       4.97981599e-01, 5.70369624e-01, 5.99741818e-01, 6.14500958e-01,
       6.59505520e-01, 7.19946439e-01, 7.65854116e-01, 8.12308505e-01,
       1.00000000e+00]), array([0.00000000e+00, 2.89589877e-04, 2.89589877e-04, 2.89589877e-04,
       8.45909676e-04, 8.45909676e-04, 2.57183077e-03, 3.62615581e-03,
       4.86959003e-03, 7.56835074e-03, 1.06397641e-02, 1.06397641e-02,
       1.23589136e-02, 1.43385792e-02, 1.43385792e-02, 1.43385792e-02,
       1.43385792e-02, 1.68715860e-02, 1.95932625e-02, 2.24647506e-02,
       2.55420063e-02, 2.55420063e-02, 2.88913876e-02, 2.88913876e-02,
       3.25502979e-02, 3.25502979e-02, 4.03659895e-02, 4.44470999e-02,
       4.87708598e-02, 4.87708598e-02, 5.33784250e-02, 5.33784250e-02,
       5.33784250e-02, 5.83898192e-02, 5.83898192e-02, 5.83898192e-02,
       6.39594109e-02, 6.39594109e-02, 6.97938163e-02, 7.57389122e-02,
       7.57389122e-02, 8.19883744e-02, 1.07668266e-01, 1.14203030e-01,
       1.27582762e-01, 1.27582762e-01, 1.41646413e-01, 1.41646413e-01,
       1.41646413e-01, 1.56664260e-01, 1.64355289e-01, 1.64355289e-01,
       1.80361225e-01, 1.80361225e-01, 1.88625333e-01, 1.88625333e-01,
       1.97238679e-01, 1.97238679e-01, 2.06153292e-01, 2.24299531e-01,
       2.42942168e-01, 2.52311613e-01, 2.61867032e-01, 2.71662815e-01,
       2.71662815e-01, 2.91621898e-01, 2.91621898e-01, 3.01998578e-01,
       3.01998578e-01, 3.01998578e-01, 3.01998578e-01, 3.12974940e-01,
       3.24099241e-01, 3.24099241e-01, 3.47007290e-01, 3.47007290e-01,
       3.47007290e-01, 3.47007290e-01, 3.47007290e-01, 3.47007290e-01,
       3.47007290e-01, 3.59561564e-01, 3.72206494e-01, 3.72206494e-01,
       3.98095780e-01, 4.11202079e-01, 4.11202079e-01, 4.38076430e-01,
       4.51693385e-01, 4.65410159e-01, 4.79400133e-01, 4.79400133e-01,
       4.79400133e-01, 4.93734248e-01, 5.08252515e-01, 5.08252515e-01,
       5.37836759e-01, 5.67859698e-01, 6.43690168e-01, 7.05147402e-01,
       1.00000000e+00]), array([0.00000000e+00, 3.25564081e-05, 5.88094456e-04, 1.20786163e-03,
       1.70247627e-03, 2.92145855e-03, 4.38849358e-03, 5.33161149e-03,
       6.28022555e-03, 6.28022555e-03, 6.28022555e-03, 6.28022555e-03,
       9.33904161e-03, 9.33904161e-03, 1.11906092e-02, 1.31871263e-02,
       1.31871263e-02, 1.54079154e-02, 1.54079154e-02, 1.78686496e-02,
       2.04814436e-02, 2.60597627e-02, 2.60597627e-02, 3.21557698e-02,
       3.21557698e-02, 3.21557698e-02, 3.90849961e-02, 3.90849961e-02,
       3.90849961e-02, 4.28634200e-02, 4.28634200e-02, 4.69224089e-02,
       4.69224089e-02, 4.69224089e-02, 5.14754833e-02, 5.14754833e-02,
       6.10189808e-02, 6.10189808e-02, 6.10189808e-02, 6.10189808e-02,
       6.10189808e-02, 6.10189808e-02, 6.66447023e-02, 7.23496247e-02,
       8.40912136e-02, 8.40912136e-02, 8.40912136e-02, 9.67201590e-02,
       9.67201590e-02, 1.16311983e-01, 1.23009422e-01, 1.36664268e-01,
       1.43621450e-01, 1.43621450e-01, 1.50812224e-01, 1.50812224e-01,
       1.50812224e-01, 1.50812224e-01, 1.58590926e-01, 1.58590926e-01,
       1.66577402e-01, 1.74739243e-01, 1.91259249e-01, 1.91259249e-01,
       1.99786338e-01, 2.08455354e-01, 2.17267495e-01, 2.17267495e-01,
       2.17267495e-01, 2.35737215e-01, 2.45118149e-01, 2.45118149e-01,
       2.45118149e-01, 2.54840361e-01, 2.54840361e-01, 2.54840361e-01,
       2.54840361e-01, 2.54840361e-01, 2.75752854e-01, 2.86286932e-01,
       2.86286932e-01, 2.97186059e-01, 3.08234046e-01, 3.30468983e-01,
       3.30468983e-01, 3.30468983e-01, 3.41971347e-01, 3.41971347e-01,
       3.41971347e-01, 3.41971347e-01, 3.54029418e-01, 4.15077153e-01,
       4.27419335e-01, 4.52291180e-01, 4.52291180e-01, 4.77745663e-01,
       4.90583492e-01, 5.29619467e-01, 5.42802005e-01, 5.82508264e-01,
       1.00000000e+00]), array([0.00000000e+00, 4.12106999e-05, 4.12106999e-05, 1.11712056e-03,
       2.61069381e-03, 3.80547204e-03, 4.66651250e-03, 5.53806117e-03,
       5.53806117e-03, 5.53806117e-03, 6.97821599e-03, 8.55256529e-03,
       8.55256529e-03, 8.55256529e-03, 1.05289158e-02, 1.26516573e-02,
       1.49073777e-02, 1.97068376e-02, 1.97068376e-02, 1.97068376e-02,
       2.25705391e-02, 2.25705391e-02, 2.56258221e-02, 2.56258221e-02,
       3.25589380e-02, 3.25589380e-02, 3.98366718e-02, 3.98366718e-02,
       3.98366718e-02, 4.39688559e-02, 5.67636389e-02, 6.55325025e-02,
       6.55325025e-02, 7.02164401e-02, 7.98361220e-02, 7.98361220e-02,
       1.05703743e-01, 1.05703743e-01, 1.05703743e-01, 1.05703743e-01,
       1.22882866e-01, 1.22882866e-01, 1.34885892e-01, 1.34885892e-01,
       1.34885892e-01, 1.47854275e-01, 1.54476690e-01, 1.74719088e-01,
       1.81565672e-01, 1.81565672e-01, 1.88724116e-01, 1.88724116e-01,
       1.88724116e-01, 1.88724116e-01, 1.96419371e-01, 1.96419371e-01,
       1.96419371e-01, 2.04570453e-01, 2.04570453e-01, 2.13108599e-01,
       2.13108599e-01, 2.13108599e-01, 2.21987751e-01, 2.21987751e-01,
       2.31272263e-01, 2.31272263e-01, 2.31272263e-01, 2.31272263e-01,
       2.41015923e-01, 2.41015923e-01, 2.61203714e-01, 2.61203714e-01,
       2.61203714e-01, 2.61203714e-01, 2.61203714e-01, 2.61203714e-01,
       2.93979854e-01, 2.93979854e-01, 2.93979854e-01, 3.16757972e-01,
       3.16757972e-01, 3.16757972e-01, 3.28571989e-01, 3.64567549e-01,
       3.88766446e-01, 4.01097627e-01, 4.13544430e-01, 4.51167048e-01,
       4.89232608e-01, 4.89232608e-01, 4.89232608e-01, 5.02331731e-01,
       5.28795380e-01, 5.42238776e-01, 5.69393442e-01, 5.69393442e-01,
       5.97089623e-01, 6.39196146e-01, 6.39196146e-01, 7.39376289e-01,
       1.00000000e+00])]",0.0221389791981574,0.0116298981739322,0.0145476317860191,0.0050286582859902,"[{'lambda_reg': 0.000511896809296242, 'gamma': 0.03488185186375761}, {'lambda_reg': 0.0003161025802035105, 'gamma': 0.03348144111013634}, {'lambda_reg': 0.0015794312524634658, 'gamma': 0.12180799123251733}, {'lambda_reg': 3.085391366035643e-05, 'gamma': 0.03926252569430984}, {'lambda_reg': 0.0005677725180805056, 'gamma': 0.03792892199612952}]",600,2,cauchy,158
"[np.float64(0.13762459597332108), np.float64(0.07682765046637745), np.float64(0.15601552755668924), np.float64(0.10340626692681648), np.float64(0.13311374650104957)]",0.1213975574848507,0.0279612333871139,"[np.float64(0.8295981767939554), np.float64(0.8655923113935585), np.float64(0.8160928850624618), np.float64(0.8883076231168633), np.float64(0.8256353226396428)]",0.8450452638012964,0.0273766741802434,"[np.float64(0.8364365304348013), np.float64(0.9173930896635467), np.float64(0.8743303495527801), np.float64(0.8935582236380311), np.float64(0.882501257872139)]",0.8808438902322596,0.0265129588574304,"[array([0.        , 0.05492299, 0.07295691, 0.10865984, 0.12634567,
       0.16147263, 0.16147263, 0.16147263, 0.16147263, 0.16147263,
       0.17807084, 0.19445917, 0.21079898, 0.2269454 , 0.2269454 ,
       0.2269454 , 0.24244302, 0.25775089, 0.27289423, 0.27289423,
       0.31726744, 0.33181323, 0.33181323, 0.33181323, 0.33181323,
       0.33181323, 0.34542077, 0.37244461, 0.38575086, 0.42490166,
       0.42490166, 0.42490166, 0.42490166, 0.4373369 , 0.44957282,
       0.44957282, 0.44957282, 0.47299222, 0.48452707, 0.48452707,
       0.49558472, 0.55005933, 0.56076622, 0.56076622, 0.57107056,
       0.58124568, 0.60132639, 0.64052099, 0.67920511, 0.70750732,
       0.73532447, 0.73532447, 0.76202125, 0.7794891 , 0.78803909,
       0.80463493, 0.81272773, 0.82075802, 0.82856433, 0.8437948 ,
       0.85867645, 0.87320572, 0.88025046, 0.8871126 , 0.90036881,
       0.90682384, 0.91320459, 0.92546635, 0.93744177, 0.93744177,
       0.93744177, 0.94819396, 0.95350794, 0.95350794, 0.9631589 ,
       0.96776339, 0.97233358, 0.97233358, 0.97233358, 0.97233358,
       0.97233358, 0.97233358, 0.97233358, 0.97867478, 0.9817275 ,
       0.98455853, 0.98455853, 0.98455853, 0.98455853, 0.98889011,
       0.99269769, 0.99269769, 0.99269769, 0.99269769, 0.99387309,
       0.99591567, 0.99682753, 0.99682753, 0.9987143 , 0.99990942,
       1.        ]), array([0.        , 0.16094121, 0.21395382, 0.26635983, 0.31807168,
       0.3866098 , 0.3866098 , 0.3866098 , 0.40325096, 0.40325096,
       0.41948671, 0.41948671, 0.41948671, 0.41948671, 0.41948671,
       0.41948671, 0.44963999, 0.47964276, 0.47964276, 0.47964276,
       0.50842552, 0.52267812, 0.55067456, 0.55067456, 0.55067456,
       0.55067456, 0.55067456, 0.56390952, 0.57696062, 0.60244808,
       0.60244808, 0.62735441, 0.62735441, 0.62735441, 0.63932412,
       0.65111922, 0.67428494, 0.67428494, 0.67428494, 0.68532677,
       0.69622637, 0.71751015, 0.73840178, 0.74862616, 0.76881871,
       0.78867821, 0.818126  , 0.84701617, 0.84701617, 0.85616811,
       0.86525052, 0.87409477, 0.88281763, 0.89132571, 0.89132571,
       0.90755282, 0.90755282, 0.90755282, 0.90755282, 0.90755282,
       0.90755282, 0.92155032, 0.92155032, 0.92155032, 0.92804832,
       0.92804832, 0.92804832, 0.93404063, 0.93404063, 0.93404063,
       0.93946119, 0.93946119, 0.93946119, 0.94929096, 0.94929096,
       0.95379809, 0.95824298, 0.96239392, 0.96634833, 0.96634833,
       0.97001429, 0.97001429, 0.97323988, 0.97631066, 0.97631066,
       0.97631066, 0.97631066, 0.97631066, 0.97854827, 0.9806411 ,
       0.98245139, 0.98409025, 0.9884599 , 0.99250467, 0.99366907,
       0.99366907, 0.99449982, 0.99752394, 0.998949  , 0.99934172,
       1.        ]), array([0.        , 0.14236883, 0.19506642, 0.19506642, 0.19506642,
       0.19506642, 0.19506642, 0.21168168, 0.24457949, 0.24457949,
       0.26069018, 0.27666942, 0.27666942, 0.27666942, 0.27666942,
       0.29194938, 0.30703933, 0.30703933, 0.32176063, 0.33621333,
       0.36501429, 0.36501429, 0.37901574, 0.40662912, 0.40662912,
       0.43351524, 0.46007963, 0.486278  , 0.486278  , 0.486278  ,
       0.486278  , 0.486278  , 0.486278  , 0.486278  , 0.49818702,
       0.52145731, 0.55587289, 0.57850531, 0.64516422, 0.64516422,
       0.66674123, 0.69845333, 0.70892764, 0.70892764, 0.72903767,
       0.72903767, 0.74847523, 0.77708642, 0.77708642, 0.8139625 ,
       0.8139625 , 0.83169842, 0.84904757, 0.84904757, 0.8572752 ,
       0.8572752 , 0.86512139, 0.88071666, 0.89580897, 0.89580897,
       0.90298673, 0.91010508, 0.91704932, 0.93035609, 0.93035609,
       0.93035609, 0.93655661, 0.93655661, 0.9423083 , 0.9423083 ,
       0.9583841 , 0.9583841 , 0.9583841 , 0.9583841 , 0.9583841 ,
       0.9583841 , 0.9583841 , 0.9583841 , 0.96232528, 0.96232528,
       0.96961142, 0.97317094, 0.97317094, 0.97317094, 0.97603451,
       0.97882173, 0.97882173, 0.97882173, 0.9810315 , 0.98300323,
       0.9848488 , 0.98817656, 0.98817656, 0.98950547, 0.99309751,
       0.99399856, 0.99636808, 0.99812712, 0.99893139, 0.99966772,
       1.        ]), array([0.        , 0.12416698, 0.16487491, 0.16487491, 0.18483167,
       0.20466796, 0.22417989, 0.22417989, 0.2624278 , 0.28130472,
       0.30001206, 0.30001206, 0.33669974, 0.33669974, 0.35464156,
       0.37241314, 0.37241314, 0.37241314, 0.38946161, 0.38946161,
       0.38946161, 0.38946161, 0.40568708, 0.42170711, 0.46927685,
       0.46927685, 0.46927685, 0.46927685, 0.48419365, 0.49900578,
       0.52814947, 0.52814947, 0.54239889, 0.54239889, 0.55620466,
       0.5697409 , 0.58300332, 0.59619445, 0.59619445, 0.60900379,
       0.60900379, 0.63366336, 0.63366336, 0.6456194 , 0.6456194 ,
       0.6456194 , 0.65681628, 0.66789886, 0.66789886, 0.68906081,
       0.70998793, 0.75122916, 0.76119623, 0.77112707, 0.78079253,
       0.78079253, 0.79003248, 0.79910728, 0.80799823, 0.82517093,
       0.82517093, 0.83338026, 0.84142608, 0.84927123, 0.86453822,
       0.86453822, 0.87175478, 0.88557183, 0.89902745, 0.89902745,
       0.90543054, 0.91143788, 0.91143788, 0.91714474, 0.91714474,
       0.91714474, 0.92715198, 0.93195274, 0.94116833, 0.95009018,
       0.95853749, 0.96260288, 0.96260288, 0.96631947, 0.96631947,
       0.96958326, 0.97265221, 0.97546306, 0.97803269, 0.98045515,
       0.98475916, 0.98475916, 0.98661962, 0.98817159, 0.98952251,
       0.98952251, 0.99146811, 0.99546954, 0.99746004, 0.99899306,
       1.        ]), array([0.        , 0.15499967, 0.15499967, 0.15499967, 0.15499967,
       0.17358386, 0.17358386, 0.20981056, 0.24556852, 0.28119155,
       0.28119155, 0.28119155, 0.29843482, 0.29843482, 0.31522978,
       0.31522978, 0.31522978, 0.31522978, 0.31522978, 0.3310717 ,
       0.34666786, 0.36213287, 0.39260125, 0.40769973, 0.42258179,
       0.42258179, 0.43703682, 0.45134414, 0.45134414, 0.47909438,
       0.47909438, 0.47909438, 0.49242892, 0.51874619, 0.51874619,
       0.51874619, 0.5439496 , 0.56855215, 0.60490136, 0.60490136,
       0.66355058, 0.67512916, 0.68646107, 0.69766279, 0.73038089,
       0.73038089, 0.75158591, 0.7827926 , 0.7827926 , 0.7827926 ,
       0.79250961, 0.80219316, 0.80219316, 0.81148311, 0.81148311,
       0.82021261, 0.83738217, 0.83738217, 0.83738217, 0.83738217,
       0.84527138, 0.85288156, 0.86035906, 0.86035906, 0.86746845,
       0.86746845, 0.8809328 , 0.88745492, 0.88745492, 0.89354929,
       0.89354929, 0.89934139, 0.9104708 , 0.91584333, 0.92096006,
       0.92584377, 0.93058661, 0.93973517, 0.9441431 , 0.9441431 ,
       0.9441431 , 0.95173197, 0.96618361, 0.96618361, 0.9727167 ,
       0.97569258, 0.97569258, 0.97834874, 0.97834874, 0.98065969,
       0.98264803, 0.98458428, 0.98951113, 0.99103303, 0.99103303,
       0.99431982, 0.99600599, 0.99739825, 0.99837912, 0.99924668,
       1.        ])]","[array([0.00000000e+00, 1.58205737e-04, 4.38205488e-04, 1.30114090e-03,
       1.87012122e-03, 3.21121849e-03, 3.21121849e-03, 3.21121849e-03,
       3.21121849e-03, 3.21121849e-03, 4.68312709e-03, 6.32927535e-03,
       8.01570835e-03, 9.86268614e-03, 9.86268614e-03, 9.86268614e-03,
       1.22482981e-02, 1.47914371e-02, 1.74711645e-02, 1.74711645e-02,
       2.63877073e-02, 2.95635100e-02, 2.95635100e-02, 2.95635100e-02,
       2.95635100e-02, 2.95635100e-02, 3.35182472e-02, 4.15864866e-02,
       4.57913458e-02, 5.90434885e-02, 5.90434885e-02, 5.90434885e-02,
       5.90434885e-02, 6.39714529e-02, 6.90648963e-02, 6.90648963e-02,
       6.90648963e-02, 8.01255066e-02, 8.58009719e-02, 8.58009719e-02,
       9.18726020e-02, 1.22906226e-01, 1.29269059e-01, 1.29269059e-01,
       1.35966078e-01, 1.42770379e-01, 1.56602742e-01, 1.85070103e-01,
       2.13961260e-01, 2.36219795e-01, 2.58881024e-01, 2.58881024e-01,
       2.82472373e-01, 2.98473907e-01, 3.06627377e-01, 3.23352842e-01,
       3.31885859e-01, 3.40470775e-01, 3.49241641e-01, 3.67100630e-01,
       3.85249198e-01, 4.03690310e-01, 4.13093419e-01, 4.22648125e-01,
       4.42146126e-01, 4.52038807e-01, 4.61993153e-01, 4.82316736e-01,
       5.02878031e-01, 5.02878031e-01, 5.02878031e-01, 5.24454845e-01,
       5.35294818e-01, 5.35294818e-01, 5.57785853e-01, 5.69214838e-01,
       5.80672305e-01, 5.80672305e-01, 5.80672305e-01, 5.80672305e-01,
       5.80672305e-01, 5.80672305e-01, 5.80672305e-01, 6.05911072e-01,
       6.18628327e-01, 6.31529618e-01, 6.31529618e-01, 6.31529618e-01,
       6.31529618e-01, 6.58436764e-01, 6.85778922e-01, 6.85778922e-01,
       6.85778922e-01, 6.85778922e-01, 7.00054711e-01, 7.28862152e-01,
       7.43356728e-01, 7.43356728e-01, 8.02796708e-01, 8.62810894e-01,
       1.00000000e+00]), array([0.00000000e+00, 2.79639462e-04, 9.24471760e-04, 2.09670379e-03,
       3.87247108e-03, 6.59749902e-03, 6.59749902e-03, 6.59749902e-03,
       7.70771567e-03, 7.70771567e-03, 9.17039979e-03, 9.17039979e-03,
       9.17039979e-03, 9.17039979e-03, 9.17039979e-03, 9.17039979e-03,
       1.41113276e-02, 1.91831063e-02, 1.91831063e-02, 1.91831063e-02,
       2.53156088e-02, 2.85025178e-02, 3.53186736e-02, 3.53186736e-02,
       3.53186736e-02, 3.53186736e-02, 3.53186736e-02, 3.93903611e-02,
       4.36218989e-02, 5.26194517e-02, 5.26194517e-02, 6.21222603e-02,
       6.21222603e-02, 6.21222603e-02, 6.72939934e-02, 7.26175475e-02,
       8.36337024e-02, 8.36337024e-02, 8.36337024e-02, 8.96121704e-02,
       9.57143056e-02, 1.08366686e-01, 1.21360021e-01, 1.28049207e-01,
       1.41650348e-01, 1.55541049e-01, 1.76673977e-01, 1.98291728e-01,
       1.98291728e-01, 2.05913333e-01, 2.13595392e-01, 2.21484518e-01,
       2.29479186e-01, 2.37660586e-01, 2.37660586e-01, 2.54709422e-01,
       2.54709422e-01, 2.54709422e-01, 2.54709422e-01, 2.54709422e-01,
       2.54709422e-01, 2.73696751e-01, 2.73696751e-01, 2.73696751e-01,
       2.83625789e-01, 2.83625789e-01, 2.83625789e-01, 2.93994493e-01,
       2.93994493e-01, 2.93994493e-01, 3.04860296e-01, 3.04860296e-01,
       3.04860296e-01, 3.27471203e-01, 3.27471203e-01, 3.39131174e-01,
       3.50845266e-01, 3.62814916e-01, 3.74955447e-01, 3.74955447e-01,
       3.87346758e-01, 3.87346758e-01, 4.00120947e-01, 4.13029736e-01,
       4.13029736e-01, 4.13029736e-01, 4.13029736e-01, 4.13029736e-01,
       4.26662907e-01, 4.40421952e-01, 4.54426653e-01, 4.68580407e-01,
       5.11517169e-01, 5.54736392e-01, 5.69302654e-01, 5.69302654e-01,
       5.84159007e-01, 6.59422883e-01, 7.04919780e-01, 7.35735595e-01,
       1.00000000e+00]), array([0.00000000e+00, 2.10598818e-04, 8.95932157e-04, 8.95932157e-04,
       8.95932157e-04, 8.95932157e-04, 8.95932157e-04, 1.95886910e-03,
       4.37682844e-03, 4.37682844e-03, 5.88271356e-03, 7.50399657e-03,
       7.50399657e-03, 7.50399657e-03, 7.50399657e-03, 9.73914910e-03,
       1.21411043e-02, 1.21411043e-02, 1.48666841e-02, 1.78280522e-02,
       2.38424884e-02, 2.38424884e-02, 2.71999955e-02, 3.42569514e-02,
       3.42569514e-02, 4.19523452e-02, 4.99301775e-02, 5.82293219e-02,
       5.82293219e-02, 5.82293219e-02, 5.82293219e-02, 5.82293219e-02,
       5.82293219e-02, 5.82293219e-02, 6.34236932e-02, 7.42932921e-02,
       9.10277115e-02, 1.02457265e-01, 1.37833033e-01, 1.37833033e-01,
       1.50189101e-01, 1.69296797e-01, 1.75750651e-01, 1.75750651e-01,
       1.89394523e-01, 1.89394523e-01, 2.03628721e-01, 2.25458599e-01,
       2.25458599e-01, 2.55681882e-01, 2.55681882e-01, 2.71409900e-01,
       2.87477439e-01, 2.87477439e-01, 2.95903559e-01, 2.95903559e-01,
       3.04664544e-01, 3.22271744e-01, 3.40320484e-01, 3.40320484e-01,
       3.49668252e-01, 3.59068171e-01, 3.68620937e-01, 3.88237128e-01,
       3.88237128e-01, 3.88237128e-01, 3.98442778e-01, 3.98442778e-01,
       4.09042443e-01, 4.09042443e-01, 4.41876653e-01, 4.41876653e-01,
       4.41876653e-01, 4.41876653e-01, 4.41876653e-01, 4.41876653e-01,
       4.41876653e-01, 4.41876653e-01, 4.54065693e-01, 4.54065693e-01,
       4.78967176e-01, 4.91491255e-01, 4.91491255e-01, 4.91491255e-01,
       5.04626283e-01, 5.17828344e-01, 5.17828344e-01, 5.17828344e-01,
       5.31537321e-01, 5.45455266e-01, 5.59483960e-01, 5.87860349e-01,
       5.87860349e-01, 6.02342605e-01, 6.46135846e-01, 6.60993694e-01,
       7.05860138e-01, 7.51262500e-01, 7.81854168e-01, 8.28154324e-01,
       1.00000000e+00]), array([0.00000000e+00, 3.56837334e-05, 5.06391004e-04, 5.06391004e-04,
       1.00933146e-03, 1.59342736e-03, 2.39604090e-03, 2.39604090e-03,
       4.52399744e-03, 5.75439642e-03, 7.09904144e-03, 7.09904144e-03,
       1.02780856e-02, 1.02780856e-02, 1.21384374e-02, 1.41134739e-02,
       1.41134739e-02, 1.41134739e-02, 1.65756493e-02, 1.65756493e-02,
       1.65756493e-02, 1.65756493e-02, 1.95922641e-02, 2.27472733e-02,
       3.25426417e-02, 3.25426417e-02, 3.25426417e-02, 3.25426417e-02,
       3.64408690e-02, 4.04096072e-02, 4.86708384e-02, 4.86708384e-02,
       5.30186579e-02, 5.30186579e-02, 5.76653597e-02, 6.24936298e-02,
       6.75063716e-02, 7.25671342e-02, 7.25671342e-02, 7.78851056e-02,
       7.78851056e-02, 8.91671667e-02, 8.91671667e-02, 9.50599795e-02,
       9.50599795e-02, 9.50599795e-02, 1.01464215e-01, 1.07945456e-01,
       1.07945456e-01, 1.21583766e-01, 1.35380280e-01, 1.63386272e-01,
       1.70619007e-01, 1.77876139e-01, 1.85312057e-01, 1.85312057e-01,
       1.93034623e-01, 2.00868450e-01, 2.08826135e-01, 2.25151901e-01,
       2.25151901e-01, 2.33568770e-01, 2.42095795e-01, 2.50758003e-01,
       2.68367592e-01, 2.68367592e-01, 2.77453271e-01, 2.96039644e-01,
       3.14869510e-01, 3.14869510e-01, 3.24503199e-01, 3.34403488e-01,
       3.34403488e-01, 3.44506207e-01, 3.44506207e-01, 3.44506207e-01,
       3.65659152e-01, 3.76372288e-01, 3.98058542e-01, 4.19942688e-01,
       4.42146516e-01, 4.53355052e-01, 4.53355052e-01, 4.64798557e-01,
       4.64798557e-01, 4.76547108e-01, 4.88426917e-01, 5.00480598e-01,
       5.12696783e-01, 5.25012120e-01, 5.50007175e-01, 5.50007175e-01,
       5.62701109e-01, 5.75602871e-01, 5.88640069e-01, 5.88640069e-01,
       6.15223923e-01, 6.82264656e-01, 7.36712822e-01, 8.05416461e-01,
       1.00000000e+00]), array([0.00000000e+00, 1.10127672e-04, 1.10127672e-04, 1.10127672e-04,
       1.10127672e-04, 7.19722604e-04, 7.19722604e-04, 2.64843198e-03,
       4.93032146e-03, 7.31388061e-03, 7.31388061e-03, 7.31388061e-03,
       8.93381492e-03, 8.93381492e-03, 1.08915423e-02, 1.08915423e-02,
       1.08915423e-02, 1.08915423e-02, 1.08915423e-02, 1.35673608e-02,
       1.64283496e-02, 1.93881530e-02, 2.56556009e-02, 2.88915768e-02,
       3.22906249e-02, 3.22906249e-02, 3.60114205e-02, 3.98435207e-02,
       3.98435207e-02, 4.81590117e-02, 4.81590117e-02, 4.81590117e-02,
       5.27240687e-02, 6.21192676e-02, 6.21192676e-02, 6.21192676e-02,
       7.23537292e-02, 8.30409220e-02, 9.94895964e-02, 9.94895964e-02,
       1.28360371e-01, 1.34248496e-01, 1.40322484e-01, 1.46494566e-01,
       1.65679184e-01, 1.65679184e-01, 1.78926327e-01, 1.99249752e-01,
       1.99249752e-01, 1.99249752e-01, 2.06540523e-01, 2.13856505e-01,
       2.13856505e-01, 2.21469049e-01, 2.21469049e-01, 2.29503884e-01,
       2.45791634e-01, 2.45791634e-01, 2.45791634e-01, 2.45791634e-01,
       2.54459599e-01, 2.63337809e-01, 2.72315990e-01, 2.72315990e-01,
       2.81571530e-01, 2.81571530e-01, 3.00651056e-01, 3.10349090e-01,
       3.10349090e-01, 3.20369427e-01, 3.20369427e-01, 3.30617509e-01,
       3.51456347e-01, 3.62020571e-01, 3.72777529e-01, 3.83710057e-01,
       3.94748731e-01, 4.17080086e-01, 4.28371105e-01, 4.28371105e-01,
       4.28371105e-01, 4.51877647e-01, 4.99437825e-01, 4.99437825e-01,
       5.23739872e-01, 5.36109905e-01, 5.36109905e-01, 5.48720832e-01,
       5.48720832e-01, 5.61591872e-01, 5.74705983e-01, 5.87859349e-01,
       6.27983923e-01, 6.41449491e-01, 6.41449491e-01, 6.82809803e-01,
       7.10763872e-01, 7.38939392e-01, 7.67424889e-01, 8.10608031e-01,
       1.00000000e+00])]",0.019052885119401,0.0177079511826432,0.0251621549966806,0.0100677537982443,"[{'lambda_reg': 0.0006976021004626406, 'gamma': 0.5018489679130596, 'degree': 2, 'coef0': 0.4256485257835946}, {'lambda_reg': 0.00023825991929671844, 'gamma': 0.19097125470094112, 'degree': 4, 'coef0': 1.6237838701389302}, {'lambda_reg': 0.00043101522536552955, 'gamma': 0.01798673683048773, 'degree': 4, 'coef0': 0.9333586478262357}, {'lambda_reg': 0.08808452337538351, 'gamma': 0.09025859820923982, 'degree': 6, 'coef0': 0.5157804113980458}, {'lambda_reg': 0.12289595241315154, 'gamma': 0.040499465208738254, 'degree': 6, 'coef0': 1.3984589938405545}]",600,2,polynomial,160
"[np.float64(0.047786167228894345), np.float64(0.06303325020990451), np.float64(0.05592855531384933), np.float64(0.08770177609146164), np.float64(0.11545947354501224)]",0.0739818444778244,0.024660238073181,"[np.float64(0.8094674989276948), np.float64(0.8017670628136687), np.float64(0.8063690765132384), np.float64(0.8033708021029898), np.float64(0.7786459289360405)]",0.7999240738587264,0.0109603924792166,"[np.float64(0.9561730455156667), np.float64(0.9387383432698005), np.float64(0.9693530422817639), np.float64(0.9773853153736033), np.float64(0.9491294882091764)]",0.9581558469300022,0.0138390443453919,"[array([0.        , 0.558276  , 0.60825788, 0.63803334, 0.69669084,
       0.70641968, 0.76390733, 0.77340634, 0.79220262, 0.80151988,
       0.81070772, 0.81070772, 0.81070772, 0.81959551, 0.81959551,
       0.83700232, 0.84559104, 0.86254439, 0.87092466, 0.88745554,
       0.88745554, 0.89549252, 0.89549252, 0.89549252, 0.89549252,
       0.91082967, 0.91835065, 0.91835065, 0.91835065, 0.91835065,
       0.91835065, 0.91835065, 0.92529685, 0.92529685, 0.92529685,
       0.93197488, 0.93197488, 0.93197488, 0.94474843, 0.94474843,
       0.94474843, 0.95083829, 0.95083829, 0.95672583, 0.96251515,
       0.96251515, 0.96251515, 0.96251515, 0.96251515, 0.96251515,
       0.96251515, 0.96251515, 0.97730924, 0.97730924, 0.97730924,
       0.97730924, 0.97730924, 0.97730924, 0.97730924, 0.97730924,
       0.97730924, 0.97730924, 0.98124932, 0.98124932, 0.98124932,
       0.98124932, 0.98124932, 0.98124932, 0.98124932, 0.98124932,
       0.98124932, 0.98124932, 0.98414924, 0.98414924, 0.98414924,
       0.98414924, 0.98414924, 0.98414924, 0.98414924, 0.98414924,
       0.98414924, 0.99211444, 0.99211444, 0.99211444, 0.99211444,
       0.99211444, 0.99359834, 0.99359834, 0.9948941 , 0.9948941 ,
       0.9948941 , 0.9948941 , 0.99578835, 0.99803278, 0.9987347 ,
       0.99925222, 0.99925222, 1.        , 1.        , 1.        ,
       1.        ]), array([0.        , 0.52804462, 0.54878813, 0.60044929, 0.63111769,
       0.64117563, 0.6511565 , 0.6511565 , 0.66097861, 0.68998729,
       0.69956979, 0.69956979, 0.7089175 , 0.71814898, 0.73638343,
       0.74547052, 0.75444783, 0.76328664, 0.79813557, 0.82395544,
       0.84096645, 0.86621716, 0.86621716, 0.87445622, 0.87445622,
       0.87445622, 0.87445622, 0.87445622, 0.88209495, 0.88968575,
       0.90458861, 0.90458861, 0.91902632, 0.91902632, 0.91902632,
       0.92597871, 0.92597871, 0.92597871, 0.92597871, 0.93248539,
       0.93890525, 0.93890525, 0.93890525, 0.93890525, 0.93890525,
       0.93890525, 0.93890525, 0.93890525, 0.93890525, 0.93890525,
       0.93890525, 0.94940305, 0.94940305, 0.94940305, 0.94940305,
       0.95418751, 0.95418751, 0.95874645, 0.95874645, 0.95874645,
       0.95874645, 0.9671161 , 0.9671161 , 0.97107399, 0.97107399,
       0.9747916 , 0.9747916 , 0.97836441, 0.98176863, 0.98176863,
       0.98176863, 0.98176863, 0.98176863, 0.98466527, 0.98466527,
       0.98466527, 0.98466527, 0.98466527, 0.98705416, 0.99163237,
       0.99163237, 0.99163237, 0.99163237, 0.99345434, 0.99345434,
       0.99345434, 0.9949372 , 0.9949372 , 0.9949372 , 0.9949372 ,
       0.99601405, 0.99705029, 0.99799972, 0.99882051, 0.99950488,
       0.99950488, 0.99950488, 0.99950488, 0.99980002, 0.9999296 ,
       1.        ]), array([0.        , 0.62983721, 0.65053922, 0.70164222, 0.72192732,
       0.74205487, 0.74205487, 0.75182674, 0.76155826, 0.77121426,
       0.79965019, 0.82775261, 0.83709969, 0.85549012, 0.85549012,
       0.8734779 , 0.88234449, 0.88234449, 0.89973689, 0.90828406,
       0.90828406, 0.90828406, 0.90828406, 0.90828406, 0.90828406,
       0.92421729, 0.92421729, 0.93194365, 0.93194365, 0.93194365,
       0.93194365, 0.93194365, 0.93194365, 0.93194365, 0.93194365,
       0.93878819, 0.93878819, 0.94545359, 0.94545359, 0.94545359,
       0.94545359, 0.95168931, 0.9577972 , 0.9577972 , 0.9577972 ,
       0.96361808, 0.96361808, 0.96361808, 0.96361808, 0.96897671,
       0.96897671, 0.96897671, 0.96897671, 0.97399502, 0.97884429,
       0.97884429, 0.97884429, 0.97884429, 0.97884429, 0.98756993,
       0.98756993, 0.98756993, 0.98756993, 0.98756993, 0.98756993,
       0.98756993, 0.98756993, 0.98756993, 0.98756993, 0.98756993,
       0.98756993, 0.98756993, 0.98756993, 0.98756993, 0.98756993,
       0.98756993, 0.98756993, 0.98756993, 0.98992548, 0.98992548,
       0.98992548, 0.98992548, 0.9918888 , 0.9918888 , 0.9918888 ,
       0.9918888 , 0.9918888 , 0.9918888 , 0.9918888 , 0.9918888 ,
       0.99408304, 0.996145  , 0.996145  , 0.99694374, 0.99694374,
       0.99750457, 0.99837702, 0.99837702, 0.99974514, 0.99986267,
       1.        ]), array([0.        , 0.59113448, 0.66822418, 0.71176405, 0.72258236,
       0.72258236, 0.73312982, 0.74351889, 0.74351889, 0.75376489,
       0.82445508, 0.84441329, 0.8640866 , 0.87384485, 0.87384485,
       0.89298862, 0.90238469, 0.90238469, 0.90238469, 0.90238469,
       0.91140698, 0.91140698, 0.92018914, 0.92018914, 0.92872454,
       0.92872454, 0.92872454, 0.92872454, 0.93678622, 0.93678622,
       0.93678622, 0.94456299, 0.94456299, 0.95206808, 0.95946957,
       0.95946957, 0.95946957, 0.96656868, 0.96656868, 0.96656868,
       0.96656868, 0.97319815, 0.97319815, 0.97319815, 0.97319815,
       0.97319815, 0.97319815, 0.97319815, 0.97319815, 0.97319815,
       0.97319815, 0.97319815, 0.97319815, 0.97319815, 0.97319815,
       0.97822263, 0.97822263, 0.97822263, 0.97822263, 0.97822263,
       0.97822263, 0.97822263, 0.98247473, 0.98247473, 0.98247473,
       0.98247473, 0.98633558, 0.98633558, 0.98633558, 0.98633558,
       0.98633558, 0.98633558, 0.98633558, 0.98633558, 0.98633558,
       0.98633558, 0.98633558, 0.98633558, 0.98633558, 0.98633558,
       0.98633558, 0.9884953 , 0.9884953 , 0.9884953 , 0.99033887,
       0.99033887, 0.99033887, 0.99033887, 0.99174887, 0.99298041,
       0.99411094, 0.99411094, 0.99411094, 0.99494645, 0.99494645,
       0.99560958, 0.99711225, 0.9982835 , 0.99882974, 0.99967976,
       1.        ]), array([0.        , 0.50553259, 0.54705125, 0.5882474 , 0.63906557,
       0.66930376, 0.70916386, 0.70916386, 0.728634  , 0.73830095,
       0.76697145, 0.76697145, 0.77629615, 0.78549923, 0.78549923,
       0.79450502, 0.82120103, 0.82120103, 0.82120103, 0.83842757,
       0.83842757, 0.85512716, 0.8633959 , 0.8633959 , 0.8633959 ,
       0.87135088, 0.87135088, 0.87912357, 0.88681094, 0.89438584,
       0.89438584, 0.90169342, 0.90169342, 0.90877787, 0.92276885,
       0.92965226, 0.92965226, 0.92965226, 0.92965226, 0.92965226,
       0.92965226, 0.93594851, 0.93594851, 0.94204958, 0.94204958,
       0.94785485, 0.94785485, 0.95348341, 0.95348341, 0.95348341,
       0.9587602 , 0.96397544, 0.96397544, 0.96397544, 0.96893036,
       0.97375912, 0.97375912, 0.97836852, 0.97836852, 0.97836852,
       0.97836852, 0.97836852, 0.97836852, 0.98228469, 0.98228469,
       0.98228469, 0.98588586, 0.98588586, 0.98588586, 0.98588586,
       0.98588586, 0.9890273 , 0.9890273 , 0.9890273 , 0.9890273 ,
       0.9890273 , 0.9890273 , 0.99147342, 0.99147342, 0.99147342,
       0.99366972, 0.99571586, 0.99571586, 0.99571586, 0.99749726,
       0.99749726, 0.99749726, 0.99749726, 0.99749726, 0.99749726,
       0.99749726, 0.99749726, 0.99749726, 0.99749726, 0.9982305 ,
       0.9982305 , 0.99869133, 0.9994644 , 0.99977807, 0.99977807,
       1.        ])]","[array([0.        , 0.00191433, 0.00560701, 0.0087984 , 0.01926124,
       0.02122158, 0.03702692, 0.04003682, 0.04697795, 0.05081788,
       0.05524883, 0.05524883, 0.05524883, 0.06105011, 0.06105011,
       0.07433666, 0.08150368, 0.09686114, 0.10498012, 0.12226691,
       0.12226691, 0.13195361, 0.13195361, 0.13195361, 0.13195361,
       0.1546919 , 0.16673511, 0.16673511, 0.16673511, 0.16673511,
       0.16673511, 0.16673511, 0.18140324, 0.18140324, 0.18140324,
       0.197296  , 0.197296  , 0.197296  , 0.23174181, 0.23174181,
       0.23174181, 0.25032063, 0.25032063, 0.26982346, 0.28977481,
       0.28977481, 0.28977481, 0.28977481, 0.28977481, 0.28977481,
       0.28977481, 0.28977481, 0.36138325, 0.36138325, 0.36138325,
       0.36138325, 0.36138325, 0.36138325, 0.36138325, 0.36138325,
       0.36138325, 0.36138325, 0.38977974, 0.38977974, 0.38977974,
       0.38977974, 0.38977974, 0.38977974, 0.38977974, 0.38977974,
       0.38977974, 0.38977974, 0.42292641, 0.42292641, 0.42292641,
       0.42292641, 0.42292641, 0.42292641, 0.42292641, 0.42292641,
       0.42292641, 0.57211114, 0.57211114, 0.57211114, 0.57211114,
       0.57211114, 0.61172454, 0.61172454, 0.6521971 , 0.6521971 ,
       0.6521971 , 0.6521971 , 0.6945033 , 0.82342363, 0.86660817,
       0.91063483, 0.91063483, 1.        , 1.        , 1.        ,
       1.        ]), array([0.        , 0.00184032, 0.00332282, 0.00776508, 0.01165314,
       0.01356319, 0.01576029, 0.01576029, 0.01854869, 0.0286184 ,
       0.03229921, 0.03229921, 0.03685453, 0.04184271, 0.05267016,
       0.05819613, 0.06413098, 0.07058168, 0.0982702 , 0.12021658,
       0.13560073, 0.15966697, 0.15966697, 0.16835144, 0.16835144,
       0.16835144, 0.16835144, 0.16835144, 0.17927183, 0.19037071,
       0.21360664, 0.21360664, 0.23857507, 0.23857507, 0.23857507,
       0.25205171, 0.25205171, 0.25205171, 0.25205171, 0.26718841,
       0.28264844, 0.28264844, 0.28264844, 0.28264844, 0.28264844,
       0.28264844, 0.28264844, 0.28264844, 0.28264844, 0.28264844,
       0.28264844, 0.32229102, 0.32229102, 0.32229102, 0.32229102,
       0.34384209, 0.34384209, 0.36623313, 0.36623313, 0.36623313,
       0.36623313, 0.41380197, 0.41380197, 0.43843161, 0.43843161,
       0.46395616, 0.46395616, 0.49002004, 0.51671182, 0.51671182,
       0.51671182, 0.51671182, 0.51671182, 0.54529406, 0.54529406,
       0.54529406, 0.54529406, 0.54529406, 0.57576745, 0.63745748,
       0.63745748, 0.63745748, 0.63745748, 0.67004234, 0.67004234,
       0.67004234, 0.70389019, 0.70389019, 0.70389019, 0.70389019,
       0.73925023, 0.77476155, 0.81059616, 0.84690992, 0.88373175,
       0.88373175, 0.88373175, 0.88373175, 0.92200328, 0.96089142,
       1.        ]), array([0.        , 0.00224693, 0.0034434 , 0.00893428, 0.01172907,
       0.01512784, 0.01512784, 0.01794633, 0.02091944, 0.02418213,
       0.03600992, 0.04911626, 0.0535632 , 0.06362153, 0.06362153,
       0.0752235 , 0.08151249, 0.08151249, 0.09539692, 0.10291047,
       0.10291047, 0.10291047, 0.10291047, 0.10291047, 0.10291047,
       0.12238892, 0.12238892, 0.13304919, 0.13304919, 0.13304919,
       0.13304919, 0.13304919, 0.13304919, 0.13304919, 0.13304919,
       0.14709005, 0.14709005, 0.16181771, 0.16181771, 0.16181771,
       0.16181771, 0.17819259, 0.19505754, 0.19505754, 0.19505754,
       0.21302279, 0.21302279, 0.21302279, 0.21302279, 0.23276015,
       0.23276015, 0.23276015, 0.23276015, 0.25380221, 0.27549229,
       0.27549229, 0.27549229, 0.27549229, 0.27549229, 0.32260221,
       0.32260221, 0.32260221, 0.32260221, 0.32260221, 0.32260221,
       0.32260221, 0.32260221, 0.32260221, 0.32260221, 0.32260221,
       0.32260221, 0.32260221, 0.32260221, 0.32260221, 0.32260221,
       0.32260221, 0.32260221, 0.32260221, 0.35385241, 0.35385241,
       0.35385241, 0.35385241, 0.38660627, 0.38660627, 0.38660627,
       0.38660627, 0.38660627, 0.38660627, 0.38660627, 0.38660627,
       0.45875546, 0.53141175, 0.53141175, 0.56863022, 0.56863022,
       0.6067608 , 0.68397728, 0.68397728, 0.88013528, 0.9199653 ,
       1.        ]), array([0.        , 0.00126366, 0.00433185, 0.00759188, 0.0086033 ,
       0.0086033 , 0.01041275, 0.01268893, 0.01268893, 0.01538664,
       0.03731082, 0.04427902, 0.0520867 , 0.05622155, 0.05622155,
       0.0655895 , 0.0707915 , 0.0707915 , 0.0707915 , 0.0707915 ,
       0.07709486, 0.07709486, 0.08410572, 0.08410572, 0.09184367,
       0.09184367, 0.09184367, 0.09184367, 0.10097742, 0.10097742,
       0.10097742, 0.11095065, 0.11095065, 0.12172439, 0.13280338,
       0.13280338, 0.13280338, 0.14477331, 0.14477331, 0.14477331,
       0.14477331, 0.15812703, 0.15812703, 0.15812703, 0.15812703,
       0.15812703, 0.15812703, 0.15812703, 0.15812703, 0.15812703,
       0.15812703, 0.15812703, 0.15812703, 0.15812703, 0.15812703,
       0.17620981, 0.17620981, 0.17620981, 0.17620981, 0.17620981,
       0.17620981, 0.17620981, 0.1965684 , 0.1965684 , 0.1965684 ,
       0.1965684 , 0.21807979, 0.21807979, 0.21807979, 0.21807979,
       0.21807979, 0.21807979, 0.21807979, 0.21807979, 0.21807979,
       0.21807979, 0.21807979, 0.21807979, 0.21807979, 0.21807979,
       0.21807979, 0.24460353, 0.24460353, 0.24460353, 0.27205878,
       0.27205878, 0.27205878, 0.27205878, 0.30079153, 0.33005011,
       0.35960631, 0.35960631, 0.35960631, 0.39003177, 0.39003177,
       0.42096516, 0.51519945, 0.61041022, 0.67457532, 0.83650718,
       1.        ]), array([0.        , 0.00217298, 0.00465005, 0.00834284, 0.01551102,
       0.02076459, 0.02949391, 0.02949391, 0.0355923 , 0.03889828,
       0.05006157, 0.05006157, 0.05465777, 0.05971239, 0.05971239,
       0.06551075, 0.0841173 , 0.0841173 , 0.0841173 , 0.09867341,
       0.09867341, 0.11521596, 0.12379282, 0.12379282, 0.12379282,
       0.1335524 , 0.1335524 , 0.14399921, 0.15476764, 0.16596003,
       0.16596003, 0.17816016, 0.17816016, 0.19120143, 0.21795466,
       0.23175378, 0.23175378, 0.23175378, 0.23175378, 0.23175378,
       0.23175378, 0.2477663 , 0.2477663 , 0.26451464, 0.26451464,
       0.28237803, 0.28237803, 0.30090754, 0.30090754, 0.30090754,
       0.32076317, 0.34085078, 0.34085078, 0.34085078, 0.36191975,
       0.38346432, 0.38346432, 0.40583577, 0.40583577, 0.40583577,
       0.40583577, 0.40583577, 0.40583577, 0.43082051, 0.43082051,
       0.43082051, 0.45699274, 0.45699274, 0.45699274, 0.45699274,
       0.45699274, 0.484898  , 0.484898  , 0.484898  , 0.484898  ,
       0.484898  , 0.484898  , 0.51542439, 0.51542439, 0.51542439,
       0.54689255, 0.57892674, 0.57892674, 0.57892674, 0.61195898,
       0.61195898, 0.61195898, 0.61195898, 0.61195898, 0.61195898,
       0.61195898, 0.61195898, 0.61195898, 0.61195898, 0.64894242,
       0.64894242, 0.68695281, 0.76353367, 0.80209878, 0.80209878,
       1.        ])]",0.0023668243424921,0.0135030284374534,0.0134527434266451,0.0041580759137658,"[{'lambda_reg': 0.0013555135091815414, 'gamma': 0.004192010180409644}, {'lambda_reg': 2.574908509839585e-05, 'gamma': 0.003972080676218073}, {'lambda_reg': 3.367095301265579e-05, 'gamma': 0.0045999229412455895}, {'lambda_reg': 0.0004972618939900608, 'gamma': 0.01083418183386615}, {'lambda_reg': 0.0001672636830339679, 'gamma': 0.009687758754496784}]",600,3,exponential,164
"[np.float64(0.11765717931929402), np.float64(0.08968827164380119), np.float64(0.11150008747061098), np.float64(0.11045184400275354), np.float64(0.14920394532925033)]",0.115700265553142,0.0192256980204272,"[np.float64(0.7408464520366357), np.float64(0.8071388202951725), np.float64(0.757735962719862), np.float64(0.7943832147532456), np.float64(0.7475390679565705)]",0.7695287035522973,0.0263725310519573,"[np.float64(0.9142248949698182), np.float64(0.909517445527336), np.float64(0.9087246683024229), np.float64(0.9210625896210296), np.float64(0.9504320403459808)]",0.9207923277533177,0.0154561842073075,"[array([0.        , 0.31219475, 0.35327564, 0.49618548, 0.49618548,
       0.49618548, 0.55532778, 0.61392176, 0.65265198, 0.65265198,
       0.69045795, 0.69045795, 0.7274016 , 0.74573939, 0.7637279 ,
       0.78155538, 0.79922111, 0.79922111, 0.81645714, 0.83350845,
       0.83350845, 0.83350845, 0.83350845, 0.86597623, 0.86597623,
       0.86597623, 0.88153954, 0.88153954, 0.88153954, 0.88153954,
       0.88153954, 0.88153954, 0.89575398, 0.89575398, 0.89575398,
       0.89575398, 0.89575398, 0.90891927, 0.90891927, 0.9217271 ,
       0.9217271 , 0.9217271 , 0.93391132, 0.94596979, 0.94596979,
       0.94596979, 0.94596979, 0.94596979, 0.94596979, 0.95682714,
       0.95682714, 0.95682714, 0.95682714, 0.96669342, 0.96669342,
       0.97617935, 0.97617935, 0.97617935, 0.97617935, 0.97617935,
       0.97617935, 0.98440134, 0.98440134, 0.98440134, 0.98440134,
       0.98440134, 0.98440134, 0.99133412, 0.9981761 , 0.9981761 ,
       0.9981761 , 0.9981761 , 0.9981761 , 0.9981761 , 0.9981761 ,
       0.9981761 , 0.9981761 , 0.9981761 , 0.9981761 , 0.9981761 ,
       0.9981761 , 0.9981761 , 0.9981761 , 0.9981761 , 0.9981761 ,
       0.9981761 , 0.9981761 , 0.9981761 , 0.9981761 , 0.9981761 ,
       0.9981761 , 0.9981761 , 0.99993841, 0.99993841, 0.99993841,
       0.99993841, 0.99993841, 0.99993841, 0.99993841, 0.99993841,
       1.        ]), array([0.        , 0.29300581, 0.38189543, 0.40393382, 0.40393382,
       0.40393382, 0.4680684 , 0.53143371, 0.59405137, 0.61483004,
       0.61483004, 0.65524114, 0.67521328, 0.67521328, 0.69479193,
       0.7140046 , 0.7140046 , 0.7140046 , 0.73268905, 0.75110438,
       0.76939499, 0.76939499, 0.78717625, 0.78717625, 0.80444103,
       0.80444103, 0.80444103, 0.80444103, 0.80444103, 0.80444103,
       0.82045125, 0.83625906, 0.85168062, 0.85168062, 0.85168062,
       0.8665825 , 0.8665825 , 0.8665825 , 0.88079777, 0.88079777,
       0.89441688, 0.89441688, 0.89441688, 0.90734269, 0.92019652,
       0.92019652, 0.92019652, 0.92019652, 0.92019652, 0.92019652,
       0.93166542, 0.93166542, 0.93166542, 0.93166542, 0.94218061,
       0.94218061, 0.94218061, 0.94218061, 0.95169956, 0.9610644 ,
       0.9610644 , 0.9610644 , 0.9610644 , 0.96964437, 0.96964437,
       0.96964437, 0.96964437, 0.96964437, 0.97697037, 0.97697037,
       0.97697037, 0.97697037, 0.97697037, 0.98315796, 0.98315796,
       0.98315796, 0.98315796, 0.98315796, 0.98315796, 0.98805985,
       0.99266231, 0.99266231, 0.99694479, 0.99694479, 0.99694479,
       0.99694479, 0.99694479, 0.99694479, 0.99694479, 0.99694479,
       0.99694479, 0.99694479, 0.99694479, 0.99694479, 0.99694479,
       0.99931658, 0.99931658, 0.99931658, 0.99999323, 0.99999323,
       1.        ]), array([0.        , 0.33396269, 0.44402587, 0.50916458, 0.50916458,
       0.50916458, 0.53023166, 0.55119686, 0.57179047, 0.57179047,
       0.57179047, 0.61185408, 0.65134266, 0.67082715, 0.67082715,
       0.68996093, 0.70871644, 0.70871644, 0.70871644, 0.70871644,
       0.72663793, 0.76204059, 0.7796503 , 0.7796503 , 0.7966967 ,
       0.7966967 , 0.81329302, 0.81329302, 0.81329302, 0.82919871,
       0.82919871, 0.84468653, 0.84468653, 0.85983308, 0.85983308,
       0.85983308, 0.87428995, 0.87428995, 0.87428995, 0.87428995,
       0.88774872, 0.90097509, 0.90097509, 0.91390517, 0.91390517,
       0.91390517, 0.91390517, 0.91390517, 0.91390517, 0.91390517,
       0.91390517, 0.91390517, 0.93564998, 0.93564998, 0.93564998,
       0.93564998, 0.94562698, 0.94562698, 0.94562698, 0.94562698,
       0.94562698, 0.94562698, 0.94562698, 0.95402697, 0.95402697,
       0.9698394 , 0.9698394 , 0.9698394 , 0.9698394 , 0.9698394 ,
       0.9698394 , 0.9698394 , 0.9698394 , 0.97601727, 0.98787993,
       0.98787993, 0.98787993, 0.98787993, 0.98787993, 0.98787993,
       0.98787993, 0.99228558, 0.99228558, 0.99228558, 0.99228558,
       0.99228558, 0.99541415, 0.99541415, 0.99541415, 0.99795928,
       0.99795928, 0.99795928, 0.99795928, 0.99795928, 0.9995163 ,
       0.9995163 , 0.9995163 , 0.9995163 , 1.        , 1.        ,
       1.        ]), array([0.        , 0.27042465, 0.33736717, 0.40360417, 0.49112129,
       0.51274864, 0.55541832, 0.576466  , 0.59740768, 0.65968101,
       0.65968101, 0.67986443, 0.69987899, 0.7394724 , 0.7394724 ,
       0.77823191, 0.77823191, 0.77823191, 0.77823191, 0.77823191,
       0.77823191, 0.77823191, 0.77823191, 0.77823191, 0.77823191,
       0.79531439, 0.82889203, 0.84547219, 0.84547219, 0.84547219,
       0.86142347, 0.86142347, 0.86142347, 0.86142347, 0.86142347,
       0.86142347, 0.86142347, 0.86142347, 0.87561778, 0.88956275,
       0.88956275, 0.9163296 , 0.92949192, 0.92949192, 0.92949192,
       0.92949192, 0.92949192, 0.92949192, 0.92949192, 0.94110932,
       0.94110932, 0.95229361, 0.95229361, 0.95229361, 0.95229361,
       0.95229361, 0.95229361, 0.96221747, 0.96221747, 0.96221747,
       0.97132135, 0.97132135, 0.97132135, 0.97132135, 0.97132135,
       0.97132135, 0.97132135, 0.97132135, 0.97132135, 0.97132135,
       0.97132135, 0.97132135, 0.97132135, 0.97132135, 0.97132135,
       0.97132135, 0.97132135, 0.97132135, 0.97651466, 0.97651466,
       0.98577024, 0.98577024, 0.98577024, 0.98577024, 0.98953914,
       0.99313429, 0.99313429, 0.99617181, 0.99617181, 0.99617181,
       0.99617181, 0.99617181, 0.99801924, 0.99965671, 0.99965671,
       0.99965671, 0.99965671, 0.99965671, 0.99965671, 0.99999983,
       1.        ]), array([0.        , 0.55098868, 0.58978955, 0.66649349, 0.66649349,
       0.70414082, 0.72272378, 0.72272378, 0.75915947, 0.77710106,
       0.77710106, 0.79466942, 0.81201691, 0.81201691, 0.82896014,
       0.8627446 , 0.87933618, 0.87933618, 0.87933618, 0.87933618,
       0.89511935, 0.89511935, 0.89511935, 0.89511935, 0.91024952,
       0.9399585 , 0.9399585 , 0.9399585 , 0.9399585 , 0.9399585 ,
       0.9399585 , 0.95357   , 0.95357   , 0.95357   , 0.96672083,
       0.96672083, 0.96672083, 0.96672083, 0.96672083, 0.96672083,
       0.96672083, 0.96672083, 0.97828814, 0.97828814, 0.97828814,
       0.97828814, 0.97828814, 0.97828814, 0.97828814, 0.97828814,
       0.97828814, 0.97828814, 0.9878117 , 0.9878117 , 0.9878117 ,
       0.9878117 , 0.9878117 , 0.9878117 , 0.9878117 , 0.9878117 ,
       0.9878117 , 0.9878117 , 0.9878117 , 0.9878117 , 0.9878117 ,
       0.9878117 , 0.9878117 , 0.9878117 , 0.9878117 , 0.9878117 ,
       0.9878117 , 0.9878117 , 0.9878117 , 0.9878117 , 0.9878117 ,
       0.9878117 , 0.9878117 , 0.99244259, 0.99244259, 0.99244259,
       0.99244259, 0.99244259, 0.99244259, 0.99244259, 0.99570544,
       0.99570544, 0.99570544, 0.99842577, 0.99842577, 0.99842577,
       0.99842577, 0.99842577, 0.99842577, 0.9998783 , 0.9998783 ,
       0.9998783 , 0.9998783 , 0.9998783 , 0.9998783 , 0.9998783 ,
       1.        ])]","[array([0.        , 0.00425486, 0.00697586, 0.01994997, 0.01994997,
       0.01994997, 0.03382675, 0.04987005, 0.06187909, 0.06187909,
       0.07754004, 0.07754004, 0.0966082 , 0.10667192, 0.11811566,
       0.13019572, 0.14291487, 0.14291487, 0.15733186, 0.1724787 ,
       0.1724787 , 0.1724787 , 0.1724787 , 0.20923203, 0.20923203,
       0.20923203, 0.2302583 , 0.2302583 , 0.2302583 , 0.2302583 ,
       0.2302583 , 0.2302583 , 0.25661424, 0.25661424, 0.25661424,
       0.25661424, 0.25661424, 0.28711563, 0.28711563, 0.31902942,
       0.31902942, 0.31902942, 0.35340721, 0.38828187, 0.38828187,
       0.38828187, 0.38828187, 0.38828187, 0.38828187, 0.42790244,
       0.42790244, 0.42790244, 0.42790244, 0.47143891, 0.47143891,
       0.51647827, 0.51647827, 0.51647827, 0.51647827, 0.51647827,
       0.51647827, 0.56651171, 0.56651171, 0.56651171, 0.56651171,
       0.56651171, 0.56651171, 0.62163909, 0.67712529, 0.67712529,
       0.67712529, 0.67712529, 0.67712529, 0.67712529, 0.67712529,
       0.67712529, 0.67712529, 0.67712529, 0.67712529, 0.67712529,
       0.67712529, 0.67712529, 0.67712529, 0.67712529, 0.67712529,
       0.67712529, 0.67712529, 0.67712529, 0.67712529, 0.67712529,
       0.67712529, 0.67712529, 0.75268236, 0.75268236, 0.75268236,
       0.75268236, 0.75268236, 0.75268236, 0.75268236, 0.75268236,
       1.        ]), array([0.        , 0.00187426, 0.0060131 , 0.00756556, 0.00756556,
       0.00756556, 0.01779565, 0.03019024, 0.04468842, 0.04978532,
       0.04978532, 0.06320422, 0.07057041, 0.07057041, 0.07904374,
       0.08854681, 0.08854681, 0.08854681, 0.09953613, 0.11128264,
       0.12338008, 0.12338008, 0.13691068, 0.13691068, 0.15189445,
       0.15189445, 0.15189445, 0.15189445, 0.15189445, 0.15189445,
       0.17040814, 0.18949133, 0.20966132, 0.20966132, 0.20966132,
       0.2312935 , 0.2312935 , 0.2312935 , 0.25485754, 0.25485754,
       0.280099  , 0.280099  , 0.280099  , 0.30729118, 0.33468587,
       0.33468587, 0.33468587, 0.33468587, 0.33468587, 0.33468587,
       0.36597726, 0.36597726, 0.36597726, 0.36597726, 0.39995212,
       0.39995212, 0.39995212, 0.39995212, 0.43673002, 0.47394154,
       0.47394154, 0.47394154, 0.47394154, 0.51336142, 0.51336142,
       0.51336142, 0.51336142, 0.51336142, 0.55630955, 0.55630955,
       0.55630955, 0.55630955, 0.55630955, 0.60246077, 0.60246077,
       0.60246077, 0.60246077, 0.60246077, 0.60246077, 0.65222953,
       0.70284076, 0.70284076, 0.75435233, 0.75435233, 0.75435233,
       0.75435233, 0.75435233, 0.75435233, 0.75435233, 0.75435233,
       0.75435233, 0.75435233, 0.75435233, 0.75435233, 0.75435233,
       0.87480091, 0.87480091, 0.87480091, 0.93645806, 0.93645806,
       1.        ]), array([0.        , 0.00183367, 0.00616229, 0.01141721, 0.01141721,
       0.01141721, 0.01507768, 0.0190393 , 0.02409917, 0.02409917,
       0.02409917, 0.03754002, 0.05268043, 0.06101855, 0.06101855,
       0.07039324, 0.08088595, 0.08088595, 0.08088595, 0.08088595,
       0.09384376, 0.12106086, 0.13494021, 0.13494021, 0.1504845 ,
       0.1504845 , 0.16735908, 0.16735908, 0.16735908, 0.18627495,
       0.18627495, 0.20642589, 0.20642589, 0.22758552, 0.22758552,
       0.22758552, 0.25078364, 0.25078364, 0.25078364, 0.25078364,
       0.2769318 , 0.30376685, 0.30376685, 0.33147765, 0.33147765,
       0.33147765, 0.33147765, 0.33147765, 0.33147765, 0.33147765,
       0.33147765, 0.33147765, 0.39906288, 0.39906288, 0.39906288,
       0.39906288, 0.43550202, 0.43550202, 0.43550202, 0.43550202,
       0.43550202, 0.43550202, 0.43550202, 0.47660229, 0.47660229,
       0.56172171, 0.56172171, 0.56172171, 0.56172171, 0.56172171,
       0.56172171, 0.56172171, 0.56172171, 0.60938984, 0.70618348,
       0.70618348, 0.70618348, 0.70618348, 0.70618348, 0.70618348,
       0.70618348, 0.75908971, 0.75908971, 0.75908971, 0.75908971,
       0.75908971, 0.81577059, 0.81577059, 0.81577059, 0.87417589,
       0.87417589, 0.87417589, 0.87417589, 0.87417589, 0.93550177,
       0.93550177, 0.93550177, 0.93550177, 1.        , 1.        ,
       1.        ]), array([0.        , 0.00302256, 0.0056344 , 0.0102196 , 0.01856763,
       0.0213593 , 0.0285789 , 0.03299188, 0.03770137, 0.05337293,
       0.05337293, 0.06020324, 0.06750586, 0.0833298 , 0.0833298 ,
       0.10148615, 0.10148615, 0.10148615, 0.10148615, 0.10148615,
       0.10148615, 0.10148615, 0.10148615, 0.10148615, 0.10148615,
       0.11698977, 0.14963977, 0.16654841, 0.16654841, 0.16654841,
       0.185216  , 0.185216  , 0.185216  , 0.185216  , 0.185216  ,
       0.185216  , 0.185216  , 0.185216  , 0.20879786, 0.23307709,
       0.23307709, 0.28477684, 0.31124514, 0.31124514, 0.31124514,
       0.31124514, 0.31124514, 0.31124514, 0.31124514, 0.34203458,
       0.34203458, 0.37403545, 0.37403545, 0.37403545, 0.37403545,
       0.37403545, 0.37403545, 0.40956171, 0.40956171, 0.40956171,
       0.44738145, 0.44738145, 0.44738145, 0.44738145, 0.44738145,
       0.44738145, 0.44738145, 0.44738145, 0.44738145, 0.44738145,
       0.44738145, 0.44738145, 0.44738145, 0.44738145, 0.44738145,
       0.44738145, 0.44738145, 0.44738145, 0.49613906, 0.49613906,
       0.59681776, 0.59681776, 0.59681776, 0.59681776, 0.64955943,
       0.70278706, 0.70278706, 0.75757439, 0.75757439, 0.75757439,
       0.75757439, 0.75757439, 0.8156904 , 0.87439365, 0.87439365,
       0.87439365, 0.87439365, 0.87439365, 0.87439365, 0.93671722,
       1.        ]), array([0.        , 0.00273409, 0.00598551, 0.01742791, 0.01742791,
       0.02702605, 0.03314943, 0.03314943, 0.04941383, 0.05906596,
       0.05906596, 0.07077161, 0.08369242, 0.08369242, 0.09883749,
       0.12968873, 0.14676856, 0.14676856, 0.14676856, 0.14676856,
       0.16829611, 0.16829611, 0.16829611, 0.16829611, 0.19341649,
       0.24669067, 0.24669067, 0.24669067, 0.24669067, 0.24669067,
       0.24669067, 0.2801666 , 0.2801666 , 0.2801666 , 0.31617714,
       0.31617714, 0.31617714, 0.31617714, 0.31617714, 0.31617714,
       0.31617714, 0.31617714, 0.36090001, 0.36090001, 0.36090001,
       0.36090001, 0.36090001, 0.36090001, 0.36090001, 0.36090001,
       0.36090001, 0.36090001, 0.41686745, 0.41686745, 0.41686745,
       0.41686745, 0.41686745, 0.41686745, 0.41686745, 0.41686745,
       0.41686745, 0.41686745, 0.41686745, 0.41686745, 0.41686745,
       0.41686745, 0.41686745, 0.41686745, 0.41686745, 0.41686745,
       0.41686745, 0.41686745, 0.41686745, 0.41686745, 0.41686745,
       0.41686745, 0.41686745, 0.49975395, 0.49975395, 0.49975395,
       0.49975395, 0.49975395, 0.49975395, 0.49975395, 0.59016728,
       0.59016728, 0.59016728, 0.68356553, 0.68356553, 0.68356553,
       0.68356553, 0.68356553, 0.68356553, 0.78393909, 0.78393909,
       0.78393909, 0.78393909, 0.78393909, 0.78393909, 0.78393909,
       1.        ])]",0.0084595316616216,0.021416303423622,0.0191328368111307,0.0106162345050935,"[{'lambda_reg': 0.00010324775971078012, 'gamma': 0.0646391468025649, 'degree': 5, 'coef0': 0.9902669689812987}, {'lambda_reg': 6.119741194340046e-05, 'gamma': 0.012057972412229818, 'degree': 3, 'coef0': 3.5657682029515803}, {'lambda_reg': 0.0007300140775565093, 'gamma': 0.007274846147652883, 'degree': 6, 'coef0': 0.8906749516644008}, {'lambda_reg': 4.0280389604282315e-05, 'gamma': 0.2335984936246118, 'degree': 2, 'coef0': 2.2896234895216576}, {'lambda_reg': 2.6906829113607448e-05, 'gamma': 0.02819664804940087, 'degree': 6, 'coef0': 1.1884391881327843}]",300,3,polynomial,146
"[np.float64(0.10646319309372307), np.float64(0.06439350243292645), np.float64(0.10541330335015939), np.float64(0.05523917834476533), np.float64(0.08433653612503555)]",0.0831691426693219,0.0208393178895445,"[np.float64(0.8031567255253967), np.float64(0.832221306954619), np.float64(0.8013334209678915), np.float64(0.8295888179507285), np.float64(0.8495171131222139)]",0.8231634769041701,0.0184101324145889,"[np.float64(0.7900849776308759), np.float64(0.9623883780379441), np.float64(0.8679039402476423), np.float64(0.9762856141750711), np.float64(0.9350320011547483)]",0.9063389822492564,0.0690646095528376,"[array([0.        , 0.        , 0.0525205 , 0.0525205 , 0.0525205 ,
       0.0525205 , 0.0694046 , 0.0694046 , 0.08580113, 0.13456063,
       0.15067828, 0.15067828, 0.16645324, 0.16645324, 0.18187796,
       0.19699111, 0.19699111, 0.19699111, 0.21174275, 0.22619998,
       0.24046547, 0.25451236, 0.28233283, 0.28233283, 0.30940007,
       0.33626601, 0.33626601, 0.36251906, 0.36251906, 0.36251906,
       0.36251906, 0.36251906, 0.37475365, 0.38683864, 0.38683864,
       0.41012151, 0.42162519, 0.43285888, 0.45513172, 0.48782911,
       0.49857352, 0.50907888, 0.51952964, 0.56048659, 0.58071433,
       0.60052556, 0.61029387, 0.61029387, 0.63819841, 0.65646674,
       0.68344858, 0.69229246, 0.70084939, 0.70084939, 0.73380514,
       0.74183899, 0.75763526, 0.78092455, 0.78846647, 0.78846647,
       0.79558885, 0.80964698, 0.82324343, 0.82324343, 0.82971483,
       0.83603355, 0.84211795, 0.84211795, 0.85941467, 0.87049617,
       0.8814294 , 0.88661944, 0.89167571, 0.89665102, 0.90134596,
       0.90134596, 0.92742081, 0.93155062, 0.93558121, 0.94689076,
       0.95415355, 0.96453486, 0.96783537, 0.97409624, 0.979924  ,
       0.98266892, 0.9852922 , 0.9852922 , 0.98749996, 0.98959076,
       0.99338889, 0.99338889, 0.99650352, 0.99789146, 0.99899825,
       0.99899825, 0.99899825, 0.99899825, 1.        , 1.        ,
       1.        ]), array([0.        , 0.        , 0.25267284, 0.44057845, 0.50252783,
       0.54856774, 0.59406473, 0.59406473, 0.63856024, 0.65321984,
       0.6676892 , 0.68204906, 0.69625276, 0.69625276, 0.73786273,
       0.75152319, 0.75152319, 0.77832761, 0.79150986, 0.80460021,
       0.80460021, 0.80460021, 0.80460021, 0.80460021, 0.81696082,
       0.81696082, 0.81696082, 0.81696082, 0.81696082, 0.83992885,
       0.85128968, 0.85128968, 0.85128968, 0.8621812 , 0.8621812 ,
       0.8621812 , 0.8621812 , 0.87241258, 0.87241258, 0.88223607,
       0.88223607, 0.88223607, 0.89157423, 0.89157423, 0.89157423,
       0.89157423, 0.90918559, 0.90918559, 0.90918559, 0.91740136,
       0.91740136, 0.91740136, 0.91740136, 0.91740136, 0.91740136,
       0.9247584 , 0.93187328, 0.93187328, 0.93187328, 0.93847235,
       0.93847235, 0.9448085 , 0.9448085 , 0.9448085 , 0.95064877,
       0.95064877, 0.95064877, 0.95064877, 0.9558954 , 0.9558954 ,
       0.9558954 , 0.96066451, 0.96066451, 0.96066451, 0.96066451,
       0.96066451, 0.96842738, 0.97223982, 0.97223982, 0.97564974,
       0.97564974, 0.97564974, 0.9786458 , 0.9786458 , 0.98385422,
       0.98385422, 0.98385422, 0.98596507, 0.98796884, 0.98983842,
       0.98983842, 0.99131852, 0.99131852, 0.99131852, 0.99335807,
       0.99428448, 0.99643653, 0.99643653, 0.99770211, 0.99948331,
       1.        ]), array([0.        , 0.17539017, 0.22270599, 0.25397684, 0.26948011,
       0.28472599, 0.28472599, 0.29970057, 0.29970057, 0.32895925,
       0.34345127, 0.34345127, 0.34345127, 0.3714629 , 0.39906306,
       0.39906306, 0.41259872, 0.42588227, 0.45234109, 0.46534138,
       0.47818732, 0.49084099, 0.49084099, 0.50321931, 0.52769375,
       0.53982095, 0.53982095, 0.53982095, 0.53982095, 0.53982095,
       0.56247206, 0.57361076, 0.58450314, 0.59530946, 0.59530946,
       0.61625481, 0.62649726, 0.6467369 , 0.65669171, 0.67630431,
       0.67630431, 0.68585991, 0.69522717, 0.70434906, 0.70434906,
       0.71327034, 0.71327034, 0.72185405, 0.75539981, 0.77172999,
       0.78799622, 0.79595949, 0.79595949, 0.80355927, 0.81853519,
       0.83308382, 0.84719699, 0.86119951, 0.86119951, 0.8744933 ,
       0.88751336, 0.88751336, 0.88751336, 0.88751336, 0.88751336,
       0.88751336, 0.89850261, 0.89850261, 0.90367836, 0.90367836,
       0.91355941, 0.91832959, 0.91832959, 0.92274253, 0.92274253,
       0.9268846 , 0.93080226, 0.94566325, 0.95281639, 0.95281639,
       0.96602647, 0.96922118, 0.97518574, 0.97518574, 0.97777039,
       0.98027968, 0.98256417, 0.98256417, 0.98458765, 0.98833454,
       0.98833454, 0.99303612, 0.99303612, 0.99426565, 0.99529958,
       0.99619244, 0.99766454, 0.99888255, 0.99921171, 0.99969391,
       1.        ]), array([0.        , 0.03485341, 0.17284113, 0.39535278, 0.46314495,
       0.54690224, 0.56341128, 0.57979477, 0.66098193, 0.67700972,
       0.70885201, 0.77173653, 0.77173653, 0.7871386 , 0.83276873,
       0.84768898, 0.84768898, 0.86229058, 0.86229058, 0.87665984,
       0.87665984, 0.87665984, 0.89040592, 0.89040592, 0.89040592,
       0.89040592, 0.89040592, 0.9032692 , 0.9032692 , 0.9032692 ,
       0.9032692 , 0.91551625, 0.91551625, 0.91551625, 0.91551625,
       0.91551625, 0.91551625, 0.91551625, 0.92646445, 0.93717398,
       0.93717398, 0.93717398, 0.93717398, 0.93717398, 0.93717398,
       0.93717398, 0.93717398, 0.93717398, 0.93717398, 0.94612724,
       0.94612724, 0.94612724, 0.94612724, 0.95449534, 0.95449534,
       0.95449534, 0.96237681, 0.96237681, 0.96237681, 0.96237681,
       0.96237681, 0.96237681, 0.96237681, 0.96237681, 0.96884167,
       0.96884167, 0.97487428, 0.97487428, 0.97487428, 0.97487428,
       0.97487428, 0.97487428, 0.97487428, 0.97487428, 0.97944559,
       0.97944559, 0.97944559, 0.97944559, 0.97944559, 0.97944559,
       0.97944559, 0.97944559, 0.97944559, 0.97944559, 0.97944559,
       0.97944559, 0.98195897, 0.98664707, 0.98880616, 0.98880616,
       0.98880616, 0.9904602 , 0.99196871, 0.99333577, 0.99563016,
       0.99563016, 0.99794494, 0.99794494, 0.99879508, 0.99954529,
       1.        ]), array([0.        , 0.0167759 , 0.14985193, 0.28191918, 0.31453898,
       0.34685869, 0.3950121 , 0.42675879, 0.42675879, 0.45775045,
       0.45775045, 0.47298122, 0.5028357 , 0.56202628, 0.57674589,
       0.59126298, 0.59126298, 0.59126298, 0.59126298, 0.60506158,
       0.61868503, 0.61868503, 0.63196276, 0.64510212, 0.69716809,
       0.73544953, 0.73544953, 0.73544953, 0.73544953, 0.75965521,
       0.75965521, 0.77146604, 0.78301133, 0.78301133, 0.78301133,
       0.78301133, 0.80487132, 0.80487132, 0.81551956, 0.81551956,
       0.82573964, 0.84579957, 0.84579957, 0.84579957, 0.84579957,
       0.8551899 , 0.8551899 , 0.8551899 , 0.8551899 , 0.8551899 ,
       0.86375711, 0.86375711, 0.86375711, 0.87179023, 0.87960922,
       0.88729947, 0.88729947, 0.88729947, 0.89450635, 0.90152151,
       0.90845197, 0.90845197, 0.90845197, 0.90845197, 0.91470605,
       0.92064565, 0.93220275, 0.9379122 , 0.9379122 , 0.94317334,
       0.94317334, 0.94810562, 0.94810562, 0.95748334, 0.96192965,
       0.96192965, 0.96603564, 0.96994752, 0.96994752, 0.96994752,
       0.97334468, 0.97334468, 0.97334468, 0.97632816, 0.97632816,
       0.97632816, 0.97886009, 0.98107212, 0.9832571 , 0.9832571 ,
       0.98508246, 0.98677116, 0.98677116, 0.98677116, 0.98886786,
       0.99354217, 0.99424406, 0.99600245, 0.99916644, 0.99960494,
       1.        ])]","[array([0.00000000e+00, 0.00000000e+00, 7.17253518e-04, 7.17253518e-04,
       7.17253518e-04, 7.17253518e-04, 1.50580271e-03, 1.50580271e-03,
       2.72456835e-03, 6.76034337e-03, 8.22517592e-03, 8.22517592e-03,
       9.99237783e-03, 9.99237783e-03, 1.20686185e-02, 1.44197684e-02,
       1.44197684e-02, 1.44197684e-02, 1.70898992e-02, 2.00198064e-02,
       2.31188959e-02, 2.64108665e-02, 3.32359616e-02, 3.32359616e-02,
       4.07256621e-02, 4.83929890e-02, 4.83929890e-02, 5.66010971e-02,
       5.66010971e-02, 5.66010971e-02, 5.66010971e-02, 5.66010971e-02,
       6.14921518e-02, 6.65152071e-02, 6.65152071e-02, 7.73440604e-02,
       8.28800333e-02, 8.86542357e-02, 1.00374282e-01, 1.18582483e-01,
       1.24788404e-01, 1.31205242e-01, 1.37670263e-01, 1.64276890e-01,
       1.77801432e-01, 1.91693489e-01, 1.98760672e-01, 1.98760672e-01,
       2.21197850e-01, 2.36451289e-01, 2.59702603e-01, 2.67585461e-01,
       2.75721497e-01, 2.75721497e-01, 3.09387996e-01, 3.17985582e-01,
       3.35420242e-01, 3.61929686e-01, 3.70961322e-01, 3.70961322e-01,
       3.80363143e-01, 3.99331456e-01, 4.18707133e-01, 4.18707133e-01,
       4.28683344e-01, 4.38794273e-01, 4.49111959e-01, 4.49111959e-01,
       4.80908957e-01, 5.02503699e-01, 5.24229273e-01, 5.35336101e-01,
       5.46560953e-01, 5.57857244e-01, 5.69400915e-01, 5.69400915e-01,
       6.40511302e-01, 6.52553617e-01, 6.64683486e-01, 7.01763272e-01,
       7.26727461e-01, 7.64626276e-01, 7.77400332e-01, 8.03248567e-01,
       8.29478960e-01, 8.42743230e-01, 8.56114839e-01, 8.56114839e-01,
       8.69853083e-01, 8.83694518e-01, 9.11715758e-01, 9.11715758e-01,
       9.40340079e-01, 9.54801691e-01, 9.69511378e-01, 9.69511378e-01,
       9.69511378e-01, 9.69511378e-01, 1.00000000e+00, 1.00000000e+00,
       1.00000000e+00]), array([0.        , 0.        , 0.00457687, 0.00973472, 0.01219394,
       0.0144938 , 0.01737941, 0.01737941, 0.02134554, 0.0228534 ,
       0.02456652, 0.02639778, 0.02839752, 0.02839752, 0.03547688,
       0.03806272, 0.03806272, 0.04379168, 0.04689347, 0.05009442,
       0.05009442, 0.05009442, 0.05009442, 0.05009442, 0.05408269,
       0.05408269, 0.05408269, 0.05408269, 0.05408269, 0.06395076,
       0.06901769, 0.06901769, 0.06901769, 0.07459098, 0.07459098,
       0.07459098, 0.07459098, 0.0808765 , 0.0808765 , 0.08760209,
       0.08760209, 0.08760209, 0.0948513 , 0.0948513 , 0.0948513 ,
       0.0948513 , 0.11049873, 0.11049873, 0.11049873, 0.1189589 ,
       0.1189589 , 0.1189589 , 0.1189589 , 0.1189589 , 0.1189589 ,
       0.12834556, 0.13799351, 0.13799351, 0.13799351, 0.14819795,
       0.14819795, 0.15868606, 0.15868606, 0.15868606, 0.16970918,
       0.16970918, 0.16970918, 0.16970918, 0.18137278, 0.18137278,
       0.18137278, 0.19355159, 0.19355159, 0.19355159, 0.19355159,
       0.19355159, 0.21982464, 0.23303561, 0.23303561, 0.24668086,
       0.24668086, 0.24668086, 0.26077262, 0.26077262, 0.2898017 ,
       0.2898017 , 0.2898017 , 0.30484852, 0.32001087, 0.33531801,
       0.33531801, 0.35104536, 0.35104536, 0.35104536, 0.38349335,
       0.39981808, 0.44946894, 0.44946894, 0.50007622, 0.63674839,
       1.        ]), array([0.00000000e+00, 6.62352271e-04, 1.40589831e-03, 2.19835864e-03,
       2.73823989e-03, 3.55789376e-03, 3.55789376e-03, 4.67244971e-03,
       4.67244971e-03, 7.65206844e-03, 9.29113782e-03, 9.29113782e-03,
       9.29113782e-03, 1.36262502e-02, 1.84086263e-02, 1.84086263e-02,
       2.10872193e-02, 2.40398550e-02, 3.00628218e-02, 3.33233480e-02,
       3.67516412e-02, 4.03889287e-02, 4.03889287e-02, 4.43255150e-02,
       5.25054212e-02, 5.67149672e-02, 5.67149672e-02, 5.67149672e-02,
       5.67149672e-02, 5.67149672e-02, 6.68767664e-02, 7.21607738e-02,
       7.77125250e-02, 8.33578078e-02, 8.33578078e-02, 9.53737114e-02,
       1.01631908e-01, 1.14414878e-01, 1.20985731e-01, 1.34450274e-01,
       1.34450274e-01, 1.41455055e-01, 1.48664543e-01, 1.56140744e-01,
       1.56140744e-01, 1.63835005e-01, 1.63835005e-01, 1.71896187e-01,
       2.04998618e-01, 2.22031040e-01, 2.39132967e-01, 2.47868545e-01,
       2.47868545e-01, 2.56999219e-01, 2.75503668e-01, 2.94472561e-01,
       3.13914778e-01, 3.33477273e-01, 3.33477273e-01, 3.53810136e-01,
       3.74440526e-01, 3.74440526e-01, 3.74440526e-01, 3.74440526e-01,
       3.74440526e-01, 3.74440526e-01, 3.97278331e-01, 3.97278331e-01,
       4.09043839e-01, 4.09043839e-01, 4.33086214e-01, 4.45292560e-01,
       4.45292560e-01, 4.57887216e-01, 4.57887216e-01, 4.70776299e-01,
       4.83909300e-01, 5.37321385e-01, 5.64328892e-01, 5.64328892e-01,
       6.19535447e-01, 6.33454270e-01, 6.61753733e-01, 6.61753733e-01,
       6.76335664e-01, 6.90999512e-01, 7.05907716e-01, 7.05907716e-01,
       7.21099621e-01, 7.51809600e-01, 7.51809600e-01, 7.98873221e-01,
       7.98873221e-01, 8.14928129e-01, 8.31195637e-01, 8.47616487e-01,
       8.80799077e-01, 9.14257853e-01, 9.31291420e-01, 9.65549998e-01,
       1.00000000e+00]), array([0.00000000e+00, 2.08050923e-04, 2.33068837e-03, 7.33507461e-03,
       9.48389388e-03, 1.30594481e-02, 1.39939370e-02, 1.50420504e-02,
       2.09435125e-02, 2.23135273e-02, 2.52465730e-02, 3.18367160e-02,
       3.18367160e-02, 3.37729971e-02, 4.01031643e-02, 4.24754800e-02,
       4.24754800e-02, 4.51361690e-02, 4.51361690e-02, 4.80071171e-02,
       4.80071171e-02, 4.80071171e-02, 5.14420271e-02, 5.14420271e-02,
       5.14420271e-02, 5.14420271e-02, 5.14420271e-02, 5.56758511e-02,
       5.56758511e-02, 5.56758511e-02, 5.56758511e-02, 6.04673606e-02,
       6.04673606e-02, 6.04673606e-02, 6.04673606e-02, 6.04673606e-02,
       6.04673606e-02, 6.04673606e-02, 6.64342949e-02, 7.26172143e-02,
       7.26172143e-02, 7.26172143e-02, 7.26172143e-02, 7.26172143e-02,
       7.26172143e-02, 7.26172143e-02, 7.26172143e-02, 7.26172143e-02,
       7.26172143e-02, 8.03895348e-02, 8.03895348e-02, 8.03895348e-02,
       8.03895348e-02, 8.86914029e-02, 8.86914029e-02, 8.86914029e-02,
       9.74336600e-02, 9.74336600e-02, 9.74336600e-02, 9.74336600e-02,
       9.74336600e-02, 9.74336600e-02, 9.74336600e-02, 9.74336600e-02,
       1.07457927e-01, 1.07457927e-01, 1.17873362e-01, 1.17873362e-01,
       1.17873362e-01, 1.17873362e-01, 1.17873362e-01, 1.17873362e-01,
       1.17873362e-01, 1.17873362e-01, 1.29611244e-01, 1.29611244e-01,
       1.29611244e-01, 1.29611244e-01, 1.29611244e-01, 1.29611244e-01,
       1.29611244e-01, 1.29611244e-01, 1.29611244e-01, 1.29611244e-01,
       1.29611244e-01, 1.29611244e-01, 1.43211517e-01, 1.70718531e-01,
       1.84639416e-01, 1.84639416e-01, 1.84639416e-01, 1.99017373e-01,
       2.13527027e-01, 2.28164682e-01, 2.57837960e-01, 2.57837960e-01,
       3.03367596e-01, 3.03367596e-01, 3.34347886e-01, 3.81293424e-01,
       1.00000000e+00]), array([0.00000000e+00, 1.53227984e-04, 2.47508270e-03, 5.77434993e-03,
       6.98384247e-03, 8.48409217e-03, 1.10504808e-02, 1.31059287e-02,
       1.31059287e-02, 1.58929455e-02, 1.58929455e-02, 1.75432752e-02,
       2.14321076e-02, 2.97120479e-02, 3.18576442e-02, 3.41994649e-02,
       3.41994649e-02, 3.41994649e-02, 3.41994649e-02, 3.72374405e-02,
       4.04451144e-02, 4.04451144e-02, 4.39877637e-02, 4.76644826e-02,
       6.28475381e-02, 7.49789951e-02, 7.49789951e-02, 7.49789951e-02,
       7.49789951e-02, 8.43410226e-02, 8.43410226e-02, 8.93049691e-02,
       9.45262049e-02, 9.45262049e-02, 9.45262049e-02, 9.45262049e-02,
       1.06160998e-01, 1.06160998e-01, 1.12251391e-01, 1.12251391e-01,
       1.18756636e-01, 1.32135526e-01, 1.32135526e-01, 1.32135526e-01,
       1.32135526e-01, 1.39444725e-01, 1.39444725e-01, 1.39444725e-01,
       1.39444725e-01, 1.39444725e-01, 1.47551448e-01, 1.47551448e-01,
       1.47551448e-01, 1.56175665e-01, 1.65007352e-01, 1.73963771e-01,
       1.73963771e-01, 1.73963771e-01, 1.83388538e-01, 1.92999071e-01,
       2.02691662e-01, 2.02691662e-01, 2.02691662e-01, 2.02691662e-01,
       2.13039608e-01, 2.23692262e-01, 2.45309645e-01, 2.56185291e-01,
       2.56185291e-01, 2.67495309e-01, 2.67495309e-01, 2.79123957e-01,
       2.79123957e-01, 3.02852971e-01, 3.14952494e-01, 3.14952494e-01,
       3.27381750e-01, 3.39999074e-01, 3.39999074e-01, 3.39999074e-01,
       3.53115126e-01, 3.53115126e-01, 3.53115126e-01, 3.66632002e-01,
       3.66632002e-01, 3.66632002e-01, 3.80586382e-01, 3.94850711e-01,
       4.09141263e-01, 4.09141263e-01, 4.23780248e-01, 4.38551646e-01,
       4.38551646e-01, 4.38551646e-01, 4.69335319e-01, 5.46844323e-01,
       5.62571844e-01, 6.10090917e-01, 7.38286079e-01, 7.70676408e-01,
       1.00000000e+00])]",0.0175992105953659,0.0101866838040139,0.0136401653853129,0.0149894303723311,"[{'lambda_reg': 2.3406386104758885e-05, 'gamma': 0.012770098904159043, 'coef0': -4.044874775580181}, {'lambda_reg': 5.442651286242824e-05, 'gamma': 0.07186440103244052, 'coef0': 1.4320671190585985}, {'lambda_reg': 0.03958749922905562, 'gamma': 0.019169444230452633, 'coef0': -1.2653155460688712}, {'lambda_reg': 6.105382697905564e-05, 'gamma': 0.15560813297595186, 'coef0': 1.3853313738681026}, {'lambda_reg': 4.706345702889e-05, 'gamma': 0.0592216991394819, 'coef0': -2.7662463276007387}]",600,1,sigmoid,152
"[np.float64(0.14233334452945878), np.float64(0.07717892347817126), np.float64(0.13268004913637207), np.float64(0.07058010720057314), np.float64(0.21660775322944903)]",0.1278760355148048,0.0528364090938384,"[np.float64(0.8143770798434143), np.float64(0.8585018195178529), np.float64(0.8539381860659622), np.float64(0.8785763697094362), np.float64(0.8187221624169383)]",0.8448231235107209,0.0245670285700296,"[np.float64(0.9068860784783994), np.float64(0.9100672356332444), np.float64(0.8843251039676913), np.float64(0.9121291629506603), np.float64(0.942349050696592)]",0.9111513263453176,0.0185109047224438,"[array([0.        , 0.19184354, 0.19184354, 0.19184354, 0.30291781,
       0.30291781, 0.30291781, 0.41093492, 0.48215038, 0.48215038,
       0.48215038, 0.5165626 , 0.5165626 , 0.5165626 , 0.5165626 ,
       0.5165626 , 0.5165626 , 0.5165626 , 0.5165626 , 0.5165626 ,
       0.5165626 , 0.5165626 , 0.5165626 , 0.5165626 , 0.5165626 ,
       0.54546964, 0.54546964, 0.54546964, 0.57321295, 0.57321295,
       0.57321295, 0.57321295, 0.57321295, 0.57321295, 0.59898378,
       0.59898378, 0.59898378, 0.59898378, 0.59898378, 0.622573  ,
       0.66915873, 0.69213343, 0.69213343, 0.69213343, 0.69213343,
       0.71355997, 0.71355997, 0.71355997, 0.71355997, 0.73321104,
       0.75275671, 0.75275671, 0.75275671, 0.77114158, 0.77114158,
       0.77114158, 0.788289  , 0.80516616, 0.82154925, 0.82154925,
       0.83696855, 0.83696855, 0.83696855, 0.83696855, 0.83696855,
       0.83696855, 0.8501768 , 0.87609968, 0.88878823, 0.88878823,
       0.88878823, 0.89994962, 0.92205988, 0.93250522, 0.93250522,
       0.93250522, 0.93250522, 0.95063851, 0.95063851, 0.95063851,
       0.95063851, 0.95063851, 0.95063851, 0.96435551, 0.96435551,
       0.97031008, 0.97031008, 0.97553957, 0.97553957, 0.97553957,
       0.98339668, 0.98339668, 0.98970744, 0.9952768 , 0.9952768 ,
       0.9952768 , 0.9952768 , 0.99671917, 0.99872843, 0.99976543,
       1.        ]), array([0.        , 0.2578735 , 0.2578735 , 0.2578735 , 0.2578735 ,
       0.29898956, 0.33946095, 0.33946095, 0.37936515, 0.37936515,
       0.37936515, 0.37936515, 0.37936515, 0.37936515, 0.37936515,
       0.37936515, 0.37936515, 0.37936515, 0.37936515, 0.41445107,
       0.41445107, 0.41445107, 0.44827591, 0.44827591, 0.44827591,
       0.48091604, 0.48091604, 0.48091604, 0.48091604, 0.511627  ,
       0.511627  , 0.57147504, 0.57147504, 0.57147504, 0.57147504,
       0.57147504, 0.57147504, 0.59887505, 0.59887505, 0.62541194,
       0.62541194, 0.65085475, 0.65085475, 0.65085475, 0.67529486,
       0.67529486, 0.69865887, 0.7447583 , 0.7447583 , 0.7447583 ,
       0.7447583 , 0.7447583 , 0.7447583 , 0.7447583 , 0.7447583 ,
       0.76437589, 0.78352904, 0.78352904, 0.81974985, 0.81974985,
       0.83717916, 0.83717916, 0.83717916, 0.83717916, 0.85278069,
       0.85278069, 0.85278069, 0.88167492, 0.89569558, 0.90912   ,
       0.90912   , 0.92180197, 0.92180197, 0.93350165, 0.94488817,
       0.94488817, 0.94488817, 0.94488817, 0.94488817, 0.94488817,
       0.94488817, 0.96200039, 0.96200039, 0.96200039, 0.96200039,
       0.96883997, 0.96883997, 0.96883997, 0.96883997, 0.97370499,
       0.97370499, 0.97770323, 0.98139215, 0.98795582, 0.99092614,
       0.99324594, 0.99324594, 0.99641851, 0.99874005, 0.99874005,
       1.        ]), array([0.        , 0.18983338, 0.22730468, 0.26457916, 0.26457916,
       0.26457916, 0.26457916, 0.26457916, 0.29978715, 0.29978715,
       0.33419522, 0.33419522, 0.33419522, 0.33419522, 0.33419522,
       0.33419522, 0.33419522, 0.33419522, 0.33419522, 0.39610066,
       0.39610066, 0.39610066, 0.42607788, 0.42607788, 0.42607788,
       0.42607788, 0.45451603, 0.45451603, 0.45451603, 0.48162298,
       0.48162298, 0.48162298, 0.48162298, 0.48162298, 0.50680376,
       0.50680376, 0.53138153, 0.55544417, 0.55544417, 0.57871902,
       0.67121566, 0.67121566, 0.69334673, 0.71535575, 0.73673058,
       0.73673058, 0.73673058, 0.73673058, 0.73673058, 0.77578909,
       0.81417454, 0.81417454, 0.81417454, 0.81417454, 0.81417454,
       0.81417454, 0.81417454, 0.81417454, 0.83050675, 0.83050675,
       0.83050675, 0.84561086, 0.84561086, 0.84561086, 0.85940035,
       0.89989246, 0.89989246, 0.89989246, 0.91240863, 0.91240863,
       0.92390893, 0.92390893, 0.93473494, 0.93473494, 0.93473494,
       0.93473494, 0.94411436, 0.95290727, 0.95290727, 0.96102111,
       0.96102111, 0.96102111, 0.96793727, 0.96793727, 0.96793727,
       0.96793727, 0.97357445, 0.97357445, 0.97357445, 0.97357445,
       0.98518244, 0.98518244, 0.98518244, 0.98796549, 0.98796549,
       0.98796549, 0.99125846, 0.99247295, 0.99719373, 1.        ,
       1.        ]), array([0.        , 0.15260491, 0.30293607, 0.30293607, 0.30293607,
       0.30293607, 0.33912102, 0.37480769, 0.41031395, 0.41031395,
       0.41031395, 0.41031395, 0.41031395, 0.4438486 , 0.4767711 ,
       0.4767711 , 0.4767711 , 0.4767711 , 0.4767711 , 0.4767711 ,
       0.4767711 , 0.4767711 , 0.4767711 , 0.5063763 , 0.53568677,
       0.53568677, 0.53568677, 0.53568677, 0.53568677, 0.53568677,
       0.53568677, 0.53568677, 0.53568677, 0.56148225, 0.56148225,
       0.56148225, 0.58628197, 0.61057677, 0.61057677, 0.61057677,
       0.61057677, 0.61057677, 0.63280887, 0.65490586, 0.65490586,
       0.67613556, 0.71751283, 0.7584772 , 0.77861414, 0.77861414,
       0.79775414, 0.79775414, 0.79775414, 0.81580842, 0.8335664 ,
       0.86821982, 0.88534321, 0.88534321, 0.90158219, 0.90158219,
       0.90158219, 0.90158219, 0.91630154, 0.91630154, 0.93024644,
       0.94380069, 0.94380069, 0.94380069, 0.9561811 , 0.9561811 ,
       0.9561811 , 0.9561811 , 0.9561811 , 0.9561811 , 0.97650213,
       0.97650213, 0.97650213, 0.97650213, 0.97650213, 0.97650213,
       0.98417164, 0.98417164, 0.98417164, 0.98417164, 0.98417164,
       0.98417164, 0.98417164, 0.98417164, 0.98417164, 0.98840386,
       0.98840386, 0.98840386, 0.98840386, 0.98840386, 0.98840386,
       0.99040212, 0.99214994, 0.99488357, 0.998349  , 0.99942252,
       1.        ]), array([0.        , 0.32451281, 0.35640261, 0.38795082, 0.45069491,
       0.45069491, 0.45069491, 0.48114538, 0.51126627, 0.54102197,
       0.5705564 , 0.5705564 , 0.5705564 , 0.59883224, 0.62704901,
       0.62704901, 0.62704901, 0.62704901, 0.62704901, 0.65346008,
       0.65346008, 0.65346008, 0.65346008, 0.67872577, 0.67872577,
       0.67872577, 0.70278171, 0.70278171, 0.70278171, 0.7259072 ,
       0.74877962, 0.74877962, 0.74877962, 0.74877962, 0.79217445,
       0.79217445, 0.79217445, 0.79217445, 0.79217445, 0.83222927,
       0.85189531, 0.85189531, 0.85189531, 0.85189531, 0.85189531,
       0.88776209, 0.88776209, 0.88776209, 0.88776209, 0.88776209,
       0.88776209, 0.88776209, 0.88776209, 0.88776209, 0.88776209,
       0.88776209, 0.88776209, 0.90203602, 0.91583561, 0.91583561,
       0.91583561, 0.91583561, 0.91583561, 0.91583561, 0.91583561,
       0.92734049, 0.92734049, 0.92734049, 0.92734049, 0.93742813,
       0.93742813, 0.94709402, 0.9565101 , 0.9565101 , 0.9565101 ,
       0.9565101 , 0.9565101 , 0.9565101 , 0.9565101 , 0.9565101 ,
       0.9565101 , 0.9565101 , 0.9565101 , 0.96224553, 0.96769175,
       0.96769175, 0.97724333, 0.97724333, 0.98140983, 0.98140983,
       0.98140983, 0.98140983, 0.9870924 , 0.9870924 , 0.98921342,
       0.99108002, 0.99387262, 0.99839498, 0.99924798, 0.99924798,
       1.        ])]","[array([0.00000000e+00, 3.72817208e-04, 3.72817208e-04, 3.72817208e-04,
       3.67902766e-03, 3.67902766e-03, 3.67902766e-03, 9.32255784e-03,
       1.36934469e-02, 1.36934469e-02, 1.36934469e-02, 1.67929098e-02,
       1.67929098e-02, 1.67929098e-02, 1.67929098e-02, 1.67929098e-02,
       1.67929098e-02, 1.67929098e-02, 1.67929098e-02, 1.67929098e-02,
       1.67929098e-02, 1.67929098e-02, 1.67929098e-02, 1.67929098e-02,
       1.67929098e-02, 2.41013019e-02, 2.41013019e-02, 2.41013019e-02,
       3.22994232e-02, 3.22994232e-02, 3.22994232e-02, 3.22994232e-02,
       3.22994232e-02, 3.22994232e-02, 4.20055845e-02, 4.20055845e-02,
       4.20055845e-02, 4.20055845e-02, 4.20055845e-02, 5.33796687e-02,
       7.65810019e-02, 8.84249186e-02, 8.84249186e-02, 8.84249186e-02,
       8.84249186e-02, 1.01452464e-01, 1.01452464e-01, 1.01452464e-01,
       1.01452464e-01, 1.15837431e-01, 1.30302982e-01, 1.30302982e-01,
       1.30302982e-01, 1.45656017e-01, 1.45656017e-01, 1.45656017e-01,
       1.61955125e-01, 1.78460856e-01, 1.95344334e-01, 1.95344334e-01,
       2.12964663e-01, 2.12964663e-01, 2.12964663e-01, 2.12964663e-01,
       2.12964663e-01, 2.12964663e-01, 2.32275433e-01, 2.71274358e-01,
       2.90982459e-01, 2.90982459e-01, 2.90982459e-01, 3.11858135e-01,
       3.53771971e-01, 3.75195098e-01, 3.75195098e-01, 3.75195098e-01,
       3.75195098e-01, 4.20149491e-01, 4.20149491e-01, 4.20149491e-01,
       4.20149491e-01, 4.20149491e-01, 4.20149491e-01, 4.68480317e-01,
       4.68480317e-01, 4.93336823e-01, 4.93336823e-01, 5.18747684e-01,
       5.18747684e-01, 5.18747684e-01, 5.71558636e-01, 5.71558636e-01,
       6.25551838e-01, 6.80111871e-01, 6.80111871e-01, 6.80111871e-01,
       6.80111871e-01, 7.08418140e-01, 7.65700013e-01, 8.23725222e-01,
       1.00000000e+00]), array([0.00000000e+00, 1.64996958e-04, 1.64996958e-04, 1.64996958e-04,
       1.64996958e-04, 1.37052044e-03, 2.98370961e-03, 2.98370961e-03,
       4.95557669e-03, 4.95557669e-03, 4.95557669e-03, 4.95557669e-03,
       4.95557669e-03, 4.95557669e-03, 4.95557669e-03, 4.95557669e-03,
       4.95557669e-03, 4.95557669e-03, 4.95557669e-03, 9.97440258e-03,
       9.97440258e-03, 9.97440258e-03, 1.57906973e-02, 1.57906973e-02,
       1.57906973e-02, 2.23561689e-02, 2.23561689e-02, 2.23561689e-02,
       2.23561689e-02, 3.01415943e-02, 3.01415943e-02, 4.67077339e-02,
       4.67077339e-02, 4.67077339e-02, 4.67077339e-02, 4.67077339e-02,
       4.67077339e-02, 5.65869180e-02, 5.65869180e-02, 6.70119227e-02,
       6.70119227e-02, 7.81287890e-02, 7.81287890e-02, 7.81287890e-02,
       8.98797385e-02, 8.98797385e-02, 1.02311182e-01, 1.27571577e-01,
       1.27571577e-01, 1.27571577e-01, 1.27571577e-01, 1.27571577e-01,
       1.27571577e-01, 1.27571577e-01, 1.27571577e-01, 1.42372157e-01,
       1.57466439e-01, 1.57466439e-01, 1.88973806e-01, 1.88973806e-01,
       2.05158199e-01, 2.05158199e-01, 2.05158199e-01, 2.05158199e-01,
       2.22498426e-01, 2.22498426e-01, 2.22498426e-01, 2.58638934e-01,
       2.76978862e-01, 2.95695839e-01, 2.95695839e-01, 3.14882325e-01,
       3.14882325e-01, 3.34689982e-01, 3.54695672e-01, 3.54695672e-01,
       3.54695672e-01, 3.54695672e-01, 3.54695672e-01, 3.54695672e-01,
       3.54695672e-01, 3.98286805e-01, 3.98286805e-01, 3.98286805e-01,
       3.98286805e-01, 4.21167858e-01, 4.21167858e-01, 4.21167858e-01,
       4.21167858e-01, 4.45297575e-01, 4.45297575e-01, 4.69975418e-01,
       4.94848866e-01, 5.45110620e-01, 5.70438495e-01, 5.96177735e-01,
       5.96177735e-01, 6.48583935e-01, 7.01528303e-01, 7.01528303e-01,
       1.00000000e+00]), array([0.00000000e+00, 4.18730572e-04, 8.88141660e-04, 1.51079258e-03,
       1.51079258e-03, 1.51079258e-03, 1.51079258e-03, 1.51079258e-03,
       3.74228417e-03, 3.74228417e-03, 6.59655180e-03, 6.59655180e-03,
       6.59655180e-03, 6.59655180e-03, 6.59655180e-03, 6.59655180e-03,
       6.59655180e-03, 6.59655180e-03, 6.59655180e-03, 1.76853374e-02,
       1.76853374e-02, 1.76853374e-02, 2.39892028e-02, 2.39892028e-02,
       2.39892028e-02, 2.39892028e-02, 3.14912935e-02, 3.14912935e-02,
       3.14912935e-02, 4.00297760e-02, 4.00297760e-02, 4.00297760e-02,
       4.00297760e-02, 4.00297760e-02, 5.00678601e-02, 5.00678601e-02,
       6.05754082e-02, 7.14840119e-02, 7.14840119e-02, 8.30059418e-02,
       1.29562922e-01, 1.29562922e-01, 1.41975330e-01, 1.54482758e-01,
       1.67483927e-01, 1.67483927e-01, 1.67483927e-01, 1.67483927e-01,
       1.67483927e-01, 1.96359979e-01, 2.25760035e-01, 2.25760035e-01,
       2.25760035e-01, 2.25760035e-01, 2.25760035e-01, 2.25760035e-01,
       2.25760035e-01, 2.25760035e-01, 2.42687090e-01, 2.42687090e-01,
       2.42687090e-01, 2.60570272e-01, 2.60570272e-01, 2.60570272e-01,
       2.79476940e-01, 3.36879216e-01, 3.36879216e-01, 3.36879216e-01,
       3.56777210e-01, 3.56777210e-01, 3.77466108e-01, 3.77466108e-01,
       3.98679959e-01, 3.98679959e-01, 3.98679959e-01, 3.98679959e-01,
       4.21020041e-01, 4.43816750e-01, 4.43816750e-01, 4.67142135e-01,
       4.67142135e-01, 4.67142135e-01, 4.91399970e-01, 4.91399970e-01,
       4.91399970e-01, 4.91399970e-01, 5.16653542e-01, 5.16653542e-01,
       5.16653542e-01, 5.16653542e-01, 5.96543272e-01, 5.96543272e-01,
       5.96543272e-01, 6.24018899e-01, 6.24018899e-01, 6.24018899e-01,
       6.80739875e-01, 7.09436691e-01, 8.53973079e-01, 1.00000000e+00,
       1.00000000e+00]), array([0.00000000e+00, 1.24050300e-04, 2.00868400e-03, 2.00868400e-03,
       2.00868400e-03, 2.00868400e-03, 3.56220119e-03, 5.50153552e-03,
       7.58056383e-03, 7.58056383e-03, 7.58056383e-03, 7.58056383e-03,
       7.58056383e-03, 1.11862316e-02, 1.52658854e-02, 1.52658854e-02,
       1.52658854e-02, 1.52658854e-02, 1.52658854e-02, 1.52658854e-02,
       1.52658854e-02, 1.52658854e-02, 1.52658854e-02, 2.19141517e-02,
       2.87906236e-02, 2.87906236e-02, 2.87906236e-02, 2.87906236e-02,
       2.87906236e-02, 2.87906236e-02, 2.87906236e-02, 2.87906236e-02,
       2.87906236e-02, 3.83887834e-02, 3.83887834e-02, 3.83887834e-02,
       4.87579642e-02, 5.95181139e-02, 5.95181139e-02, 5.95181139e-02,
       5.95181139e-02, 5.95181139e-02, 7.18754213e-02, 8.43373523e-02,
       8.43373523e-02, 9.74708271e-02, 1.24575683e-01, 1.52000246e-01,
       1.65979855e-01, 1.65979855e-01, 1.80731400e-01, 1.80731400e-01,
       1.80731400e-01, 1.96323627e-01, 2.12145288e-01, 2.44456463e-01,
       2.60769488e-01, 2.60769488e-01, 2.77767317e-01, 2.77767317e-01,
       2.77767317e-01, 2.77767317e-01, 2.95941804e-01, 2.95941804e-01,
       3.14715954e-01, 3.33792590e-01, 3.33792590e-01, 3.33792590e-01,
       3.53778134e-01, 3.53778134e-01, 3.53778134e-01, 3.53778134e-01,
       3.53778134e-01, 3.53778134e-01, 3.97186990e-01, 3.97186990e-01,
       3.97186990e-01, 3.97186990e-01, 3.97186990e-01, 3.97186990e-01,
       4.20820224e-01, 4.20820224e-01, 4.20820224e-01, 4.20820224e-01,
       4.20820224e-01, 4.20820224e-01, 4.20820224e-01, 4.20820224e-01,
       4.20820224e-01, 4.47114974e-01, 4.47114974e-01, 4.47114974e-01,
       4.47114974e-01, 4.47114974e-01, 4.47114974e-01, 4.75139494e-01,
       5.03357933e-01, 5.60384843e-01, 6.75988698e-01, 7.34301043e-01,
       1.00000000e+00]), array([0.00000000e+00, 3.75844839e-04, 1.00495349e-03, 1.99392460e-03,
       4.34303621e-03, 4.34303621e-03, 4.34303621e-03, 6.48848190e-03,
       8.98113352e-03, 1.18585102e-02, 1.49689889e-02, 1.49689889e-02,
       1.49689889e-02, 1.94054040e-02, 2.39040473e-02, 2.39040473e-02,
       2.39040473e-02, 2.39040473e-02, 2.39040473e-02, 3.03049875e-02,
       3.03049875e-02, 3.03049875e-02, 3.03049875e-02, 3.79125902e-02,
       3.79125902e-02, 3.79125902e-02, 4.67946544e-02, 4.67946544e-02,
       4.67946544e-02, 5.66569537e-02, 6.67858674e-02, 6.67858674e-02,
       6.67858674e-02, 6.67858674e-02, 8.95194149e-02, 8.95194149e-02,
       8.95194149e-02, 8.95194149e-02, 8.95194149e-02, 1.15771671e-01,
       1.29278503e-01, 1.29278503e-01, 1.29278503e-01, 1.29278503e-01,
       1.29278503e-01, 1.59942847e-01, 1.59942847e-01, 1.59942847e-01,
       1.59942847e-01, 1.59942847e-01, 1.59942847e-01, 1.59942847e-01,
       1.59942847e-01, 1.59942847e-01, 1.59942847e-01, 1.59942847e-01,
       1.59942847e-01, 1.79130266e-01, 1.98817394e-01, 1.98817394e-01,
       1.98817394e-01, 1.98817394e-01, 1.98817394e-01, 1.98817394e-01,
       1.98817394e-01, 2.20922003e-01, 2.20922003e-01, 2.20922003e-01,
       2.20922003e-01, 2.44519662e-01, 2.44519662e-01, 2.68561644e-01,
       2.92866802e-01, 2.92866802e-01, 2.92866802e-01, 2.92866802e-01,
       2.92866802e-01, 2.92866802e-01, 2.92866802e-01, 2.92866802e-01,
       2.92866802e-01, 2.92866802e-01, 2.92866802e-01, 3.21049520e-01,
       3.49536916e-01, 3.49536916e-01, 4.07924315e-01, 4.07924315e-01,
       4.37759897e-01, 4.37759897e-01, 4.37759897e-01, 4.37759897e-01,
       5.00223294e-01, 5.00223294e-01, 5.32213799e-01, 5.64472326e-01,
       6.29980305e-01, 7.62115953e-01, 7.95442312e-01, 7.95442312e-01,
       1.00000000e+00])]",0.0123887599570917,0.0372580168301913,0.0162854132892921,0.0151145102004294,"[{'lambda_reg': 6.033169750504301e-05, 'gamma': 0.3965834562403847}, {'lambda_reg': 0.0012017914783514717, 'gamma': 0.12281963136870713}, {'lambda_reg': 0.12173987633808292, 'gamma': 0.31287657328250684}, {'lambda_reg': 0.0013726400572586647, 'gamma': 0.12089488642033006}, {'lambda_reg': 0.0290172092371416, 'gamma': 0.47353678223289425}]",300,2,rbf,134
"[np.float64(0.1308512037371157), np.float64(0.09405107386524295), np.float64(0.10843024003106949), np.float64(0.10916925378742362), np.float64(0.17710294599022108)]",0.1239209434822145,0.0290727957071894,"[np.float64(0.7273265444181286), np.float64(0.8121572111231529), np.float64(0.7509872200572071), np.float64(0.7874471997707965), np.float64(0.7420361097173171)]",0.7639908570173205,0.031194791247212,"[np.float64(0.9037027689291999), np.float64(0.8776001755763589), np.float64(0.9068793830471853), np.float64(0.9146569104196518), np.float64(0.973770585173111)]",0.9153219646291012,0.0317675929287021,"[array([0.        , 0.30291901, 0.38846213, 0.49406218, 0.53596957,
       0.5774845 , 0.5774845 , 0.5774845 , 0.59748836, 0.59748836,
       0.63667096, 0.63667096, 0.65579729, 0.65579729, 0.67456803,
       0.67456803, 0.69286154, 0.7290846 , 0.74702945, 0.74702945,
       0.74702945, 0.74702945, 0.76398749, 0.78068681, 0.79727581,
       0.79727581, 0.81332806, 0.81332806, 0.81332806, 0.81332806,
       0.81332806, 0.82847338, 0.82847338, 0.82847338, 0.85725898,
       0.85725898, 0.87117141, 0.87117141, 0.88462478, 0.91147709,
       0.91147709, 0.91147709, 0.92411174, 0.92411174, 0.92411174,
       0.92411174, 0.92411174, 0.92411174, 0.92411174, 0.9353151 ,
       0.94624311, 0.95704399, 0.95704399, 0.95704399, 0.95704399,
       0.95704399, 0.95704399, 0.95704399, 0.95704399, 0.95704399,
       0.95704399, 0.95704399, 0.95704399, 0.95704399, 0.95704399,
       0.96482284, 0.97220053, 0.97220053, 0.97220053, 0.97220053,
       0.97220053, 0.97865222, 0.97865222, 0.98453903, 0.98453903,
       0.99000305, 0.99000305, 0.99000305, 0.99494503, 0.99494503,
       0.99494503, 0.99494503, 0.99494503, 0.99494503, 0.99494503,
       0.99494503, 0.99494503, 0.99494503, 0.99494503, 0.99494503,
       0.99494503, 0.9971066 , 0.9971066 , 0.9971066 , 1.        ,
       1.        , 1.        , 1.        , 1.        , 1.        ,
       1.        ]), array([0.        , 0.35725214, 0.35725214, 0.35725214, 0.35725214,
       0.42141553, 0.48496315, 0.48496315, 0.50568075, 0.52619172,
       0.52619172, 0.56621523, 0.58611166, 0.58611166, 0.6250203 ,
       0.64421105, 0.64421105, 0.64421105, 0.64421105, 0.66244218,
       0.69831325, 0.73378707, 0.73378707, 0.75107231, 0.75107231,
       0.76808092, 0.76808092, 0.78454549, 0.78454549, 0.8165317 ,
       0.8165317 , 0.83208167, 0.83208167, 0.83208167, 0.83208167,
       0.83208167, 0.83208167, 0.83208167, 0.84612999, 0.85980764,
       0.85980764, 0.85980764, 0.87287417, 0.87287417, 0.87287417,
       0.87287417, 0.88501831, 0.88501831, 0.88501831, 0.88501831,
       0.88501831, 0.88501831, 0.90663219, 0.90663219, 0.90663219,
       0.92711169, 0.92711169, 0.92711169, 0.92711169, 0.93632615,
       0.95454126, 0.95454126, 0.96307516, 0.96307516, 0.97114898,
       0.97909269, 0.97909269, 0.97909269, 0.97909269, 0.97909269,
       0.98585704, 0.98585704, 0.98585704, 0.98585704, 0.98585704,
       0.98585704, 0.98585704, 0.98585704, 0.98585704, 0.98585704,
       0.98585704, 0.98585704, 0.99010184, 0.99400797, 0.99400797,
       0.99400797, 0.99400797, 0.99709992, 1.        , 1.        ,
       1.        , 1.        , 1.        , 1.        , 1.        ,
       1.        , 1.        , 1.        , 1.        , 1.        ,
       1.        ]), array([0.        , 0.46293024, 0.52511435, 0.54565008, 0.54565008,
       0.58594249, 0.58594249, 0.58594249, 0.60532577, 0.60532577,
       0.64333832, 0.64333832, 0.64333832, 0.68010465, 0.71654985,
       0.73462778, 0.75239311, 0.75239311, 0.75239311, 0.76949609,
       0.78646054, 0.78646054, 0.81967374, 0.81967374, 0.81967374,
       0.81967374, 0.81967374, 0.81967374, 0.83493766, 0.83493766,
       0.83493766, 0.83493766, 0.84935391, 0.84935391, 0.84935391,
       0.84935391, 0.84935391, 0.84935391, 0.8887997 , 0.8887997 ,
       0.8887997 , 0.8887997 , 0.8887997 , 0.8887997 , 0.90070688,
       0.90070688, 0.92372086, 0.92372086, 0.92372086, 0.92372086,
       0.934459  , 0.94482427, 0.94482427, 0.94482427, 0.95454356,
       0.95454356, 0.95454356, 0.95454356, 0.97246901, 0.97246901,
       0.97246901, 0.97246901, 0.98048993, 0.98048993, 0.98048993,
       0.98048993, 0.98048993, 0.98048993, 0.98048993, 0.98048993,
       0.98700829, 0.98700829, 0.98700829, 0.98700829, 0.98700829,
       0.98700829, 0.99208019, 0.99208019, 0.99208019, 0.99208019,
       0.99208019, 0.99208019, 0.99208019, 0.99208019, 0.99208019,
       0.99529265, 0.99529265, 0.9980874 , 0.9980874 , 0.9980874 ,
       0.9980874 , 1.        , 1.        , 1.        , 1.        ,
       1.        , 1.        , 1.        , 1.        , 1.        ,
       1.        ]), array([0.        , 0.43340313, 0.49745541, 0.53980455, 0.56067178,
       0.56067178, 0.58120497, 0.58120497, 0.64154658, 0.68118856,
       0.7008988 , 0.7008988 , 0.72020502, 0.72020502, 0.72020502,
       0.72020502, 0.72020502, 0.72020502, 0.73815056, 0.73815056,
       0.73815056, 0.73815056, 0.75528146, 0.78894104, 0.78894104,
       0.78894104, 0.78894104, 0.80489179, 0.82051319, 0.83604999,
       0.83604999, 0.83604999, 0.83604999, 0.83604999, 0.83604999,
       0.850254  , 0.850254  , 0.850254  , 0.86382581, 0.87714301,
       0.90328615, 0.90328615, 0.90328615, 0.90328615, 0.90328615,
       0.90328615, 0.90328615, 0.92656338, 0.92656338, 0.92656338,
       0.92656338, 0.93733847, 0.93733847, 0.93733847, 0.93733847,
       0.94728803, 0.94728803, 0.94728803, 0.94728803, 0.94728803,
       0.95611792, 0.95611792, 0.96449047, 0.96449047, 0.96449047,
       0.96449047, 0.97198444, 0.97198444, 0.97198444, 0.97198444,
       0.97198444, 0.97828791, 0.97828791, 0.97828791, 0.97828791,
       0.97828791, 0.97828791, 0.98349003, 0.98349003, 0.98819208,
       0.99710375, 0.99710375, 0.99710375, 0.99710375, 0.99710375,
       0.99710375, 0.99710375, 0.99710375, 0.99710375, 0.99710375,
       0.99710375, 0.99710375, 0.99894422, 0.99894422, 0.99894422,
       0.99894422, 1.        , 1.        , 1.        , 1.        ,
       1.        ]), array([0.        , 0.66710725, 0.70588858, 0.72507079, 0.76288572,
       0.78171897, 0.81876475, 0.83703693, 0.85514497, 0.85514497,
       0.87294867, 0.87294867, 0.87294867, 0.89019707, 0.89019707,
       0.89019707, 0.90672556, 0.90672556, 0.90672556, 0.90672556,
       0.90672556, 0.92227321, 0.93766138, 0.93766138, 0.93766138,
       0.95249088, 0.95249088, 0.95249088, 0.95249088, 0.95249088,
       0.95249088, 0.96621535, 0.97976265, 0.97976265, 0.97976265,
       0.97976265, 0.97976265, 0.97976265, 0.97976265, 0.97976265,
       0.97976265, 0.97976265, 0.97976265, 0.97976265, 0.97976265,
       0.97976265, 0.97976265, 0.97976265, 0.97976265, 0.97976265,
       0.97976265, 0.97976265, 0.97976265, 0.97976265, 0.97976265,
       0.97976265, 0.97976265, 0.98839612, 0.98839612, 0.98839612,
       0.98839612, 0.98839612, 0.98839612, 0.98839612, 0.98839612,
       0.98839612, 0.98839612, 0.98839612, 0.98839612, 0.98839612,
       0.98839612, 0.98839612, 0.99404826, 0.99404826, 0.99404826,
       0.99404826, 0.99404826, 0.99404826, 0.99404826, 0.99404826,
       0.99404826, 0.99404826, 0.99404826, 0.99404826, 0.99404826,
       0.99404826, 0.99404826, 0.99671211, 0.99671211, 0.99671211,
       0.99883136, 0.99883136, 0.99883136, 0.99883136, 0.99883136,
       0.99883136, 0.99963486, 0.99963486, 0.99963486, 0.99986428,
       1.        ])]","[array([0.        , 0.00172023, 0.00555738, 0.01477685, 0.01957178,
       0.02567301, 0.02567301, 0.02567301, 0.03123196, 0.03123196,
       0.04509623, 0.04509623, 0.05357601, 0.05357601, 0.06323937,
       0.06323937, 0.07449116, 0.09820613, 0.11061844, 0.11061844,
       0.11061844, 0.11061844, 0.12631527, 0.14287324, 0.15979843,
       0.15979843, 0.17851016, 0.17851016, 0.17851016, 0.17851016,
       0.17851016, 0.20024055, 0.20024055, 0.20024055, 0.24871084,
       0.24871084, 0.27454487, 0.27454487, 0.30190686, 0.35681201,
       0.35681201, 0.35681201, 0.3868991 , 0.3868991 , 0.3868991 ,
       0.3868991 , 0.3868991 , 0.3868991 , 0.3868991 , 0.42175015,
       0.4575177 , 0.4937084 , 0.4937084 , 0.4937084 , 0.4937084 ,
       0.4937084 , 0.4937084 , 0.4937084 , 0.4937084 , 0.4937084 ,
       0.4937084 , 0.4937084 , 0.4937084 , 0.4937084 , 0.4937084 ,
       0.53995782, 0.58754247, 0.58754247, 0.58754247, 0.58754247,
       0.58754247, 0.63820929, 0.63820929, 0.69075625, 0.69075625,
       0.74471047, 0.74471047, 0.74471047, 0.80040228, 0.80040228,
       0.80040228, 0.80040228, 0.80040228, 0.80040228, 0.80040228,
       0.80040228, 0.80040228, 0.80040228, 0.80040228, 0.80040228,
       0.80040228, 0.86534858, 0.86534858, 0.86534858, 1.        ,
       1.        , 1.        , 1.        , 1.        , 1.        ,
       1.        ]), array([0.        , 0.003653  , 0.003653  , 0.003653  , 0.003653  ,
       0.0125298 , 0.02319446, 0.02319446, 0.0280993 , 0.03360409,
       0.03360409, 0.04751258, 0.05480167, 0.05480167, 0.07194718,
       0.08128521, 0.08128521, 0.08128521, 0.08128521, 0.09340949,
       0.11937453, 0.146493  , 0.146493  , 0.16136364, 0.16136364,
       0.17703748, 0.17703748, 0.19429095, 0.19429095, 0.23153561,
       0.23153561, 0.2514446 , 0.2514446 , 0.2514446 , 0.2514446 ,
       0.2514446 , 0.2514446 , 0.2514446 , 0.27571361, 0.30105883,
       0.30105883, 0.30105883, 0.32817846, 0.32817846, 0.32817846,
       0.32817846, 0.35797622, 0.35797622, 0.35797622, 0.35797622,
       0.35797622, 0.35797622, 0.42533681, 0.42533681, 0.42533681,
       0.49599106, 0.49599106, 0.49599106, 0.49599106, 0.53429513,
       0.611524  , 0.611524  , 0.65180406, 0.65180406, 0.69341992,
       0.73541359, 0.73541359, 0.73541359, 0.73541359, 0.73541359,
       0.78083149, 0.78083149, 0.78083149, 0.78083149, 0.78083149,
       0.78083149, 0.78083149, 0.78083149, 0.78083149, 0.78083149,
       0.78083149, 0.78083149, 0.83356487, 0.88728158, 0.88728158,
       0.88728158, 0.88728158, 0.94336224, 1.        , 1.        ,
       1.        , 1.        , 1.        , 1.        , 1.        ,
       1.        , 1.        , 1.        , 1.        , 1.        ,
       1.        ]), array([0.        , 0.00216225, 0.00602682, 0.00804318, 0.00804318,
       0.01502578, 0.01502578, 0.01502578, 0.02140591, 0.02140591,
       0.0370213 , 0.0370213 , 0.0370213 , 0.05735548, 0.07890566,
       0.09022854, 0.10273511, 0.10273511, 0.10273511, 0.11774967,
       0.13328876, 0.13328876, 0.16707697, 0.16707697, 0.16707697,
       0.16707697, 0.16707697, 0.16707697, 0.18905517, 0.18905517,
       0.18905517, 0.18905517, 0.21424312, 0.21424312, 0.21424312,
       0.21424312, 0.21424312, 0.21424312, 0.30420687, 0.30420687,
       0.30420687, 0.30420687, 0.30420687, 0.30420687, 0.33889546,
       0.33889546, 0.41130329, 0.41130329, 0.41130329, 0.41130329,
       0.45041845, 0.49094553, 0.49094553, 0.49094553, 0.53391862,
       0.53391862, 0.53391862, 0.53391862, 0.62559428, 0.62559428,
       0.62559428, 0.62559428, 0.67499829, 0.67499829, 0.67499829,
       0.67499829, 0.67499829, 0.67499829, 0.67499829, 0.67499829,
       0.73009177, 0.73009177, 0.73009177, 0.73009177, 0.73009177,
       0.73009177, 0.79066233, 0.79066233, 0.79066233, 0.79066233,
       0.79066233, 0.79066233, 0.79066233, 0.79066233, 0.79066233,
       0.85827368, 0.85827368, 0.9274667 , 0.9274667 , 0.9274667 ,
       0.9274667 , 1.        , 1.        , 1.        , 1.        ,
       1.        , 1.        , 1.        , 1.        , 1.        ,
       1.        ]), array([0.        , 0.00156864, 0.00498066, 0.00842361, 0.011164  ,
       0.011164  , 0.01501186, 0.01501186, 0.03072598, 0.04314403,
       0.04972024, 0.04972024, 0.05763592, 0.05763592, 0.05763592,
       0.05763592, 0.05763592, 0.05763592, 0.07006269, 0.07006269,
       0.07006269, 0.07006269, 0.08519028, 0.11744199, 0.11744199,
       0.11744199, 0.11744199, 0.13648217, 0.15661425, 0.17702677,
       0.17702677, 0.17702677, 0.17702677, 0.17702677, 0.17702677,
       0.20185799, 0.20185799, 0.20185799, 0.22878513, 0.25655638,
       0.31372762, 0.31372762, 0.31372762, 0.31372762, 0.31372762,
       0.31372762, 0.31372762, 0.38040027, 0.38040027, 0.38040027,
       0.38040027, 0.41659946, 0.41659946, 0.41659946, 0.41659946,
       0.4555356 , 0.4555356 , 0.4555356 , 0.4555356 , 0.4555356 ,
       0.49818378, 0.49818378, 0.54234821, 0.54234821, 0.54234821,
       0.54234821, 0.5894254 , 0.5894254 , 0.5894254 , 0.5894254 ,
       0.5894254 , 0.64044951, 0.64044951, 0.64044951, 0.64044951,
       0.64044951, 0.64044951, 0.69512497, 0.69512497, 0.75145831,
       0.86575762, 0.86575762, 0.86575762, 0.86575762, 0.86575762,
       0.86575762, 0.86575762, 0.86575762, 0.86575762, 0.86575762,
       0.86575762, 0.86575762, 0.93157806, 0.93157806, 0.93157806,
       0.93157806, 1.        , 1.        , 1.        , 1.        ,
       1.        ]), array([0.        , 0.00270217, 0.00544553, 0.00798766, 0.01615723,
       0.02065871, 0.03314702, 0.0407989 , 0.04937235, 0.04937235,
       0.05965469, 0.05965469, 0.05965469, 0.073055  , 0.073055  ,
       0.073055  , 0.0904975 , 0.0904975 , 0.0904975 , 0.0904975 ,
       0.0904975 , 0.11344736, 0.13729266, 0.13729266, 0.13729266,
       0.16427482, 0.16427482, 0.16427482, 0.16427482, 0.16427482,
       0.16427482, 0.19746164, 0.23164328, 0.23164328, 0.23164328,
       0.23164328, 0.23164328, 0.23164328, 0.23164328, 0.23164328,
       0.23164328, 0.23164328, 0.23164328, 0.23164328, 0.23164328,
       0.23164328, 0.23164328, 0.23164328, 0.23164328, 0.23164328,
       0.23164328, 0.23164328, 0.23164328, 0.23164328, 0.23164328,
       0.23164328, 0.23164328, 0.29341558, 0.29341558, 0.29341558,
       0.29341558, 0.29341558, 0.29341558, 0.29341558, 0.29341558,
       0.29341558, 0.29341558, 0.29341558, 0.29341558, 0.29341558,
       0.29341558, 0.29341558, 0.3719278 , 0.3719278 , 0.3719278 ,
       0.3719278 , 0.3719278 , 0.3719278 , 0.3719278 , 0.3719278 ,
       0.3719278 , 0.3719278 , 0.3719278 , 0.3719278 , 0.3719278 ,
       0.3719278 , 0.3719278 , 0.46721898, 0.46721898, 0.46721898,
       0.56556803, 0.56556803, 0.56556803, 0.56556803, 0.56556803,
       0.56556803, 0.6713049 , 0.6713049 , 0.6713049 , 0.78026518,
       1.        ])]",-0.0025641420662698,0.0300901887125711,0.0245401749605347,0.0031078316469402,"[{'lambda_reg': 5.705821230991872e-05, 'gamma': 0.0028831072010968998}, {'lambda_reg': 0.002066630922385942, 'gamma': 0.0013524160239414419}, {'lambda_reg': 0.12403664878066879, 'gamma': 0.16909612155611783}, {'lambda_reg': 0.0025800769980696245, 'gamma': 0.0037949332065860867}, {'lambda_reg': 7.222802132581773e-05, 'gamma': 0.014863304840899075}]",300,3,laplacian,142
"[np.float64(0.2903644210843681), np.float64(0.18927646581313232), np.float64(0.31897627835105574), np.float64(0.21331855366827696), np.float64(0.28634094905680085)]",0.2596553335947267,0.049546799731145,"[np.float64(0.4420664281410332), np.float64(0.455648199431918), np.float64(0.4932255131481659), np.float64(0.6983752788416298), np.float64(0.5056225623935421)]",0.5189875963912578,0.0926833264550337,"[np.float64(0.5907155133104253), np.float64(0.5789567429163562), np.float64(0.5883584046331128), np.float64(0.5472056791755245), np.float64(0.5644158559125371)]",0.5739304391895912,0.0162475150221841,"[array([0.        , 0.        , 0.        , 0.        , 0.        ,
       0.        , 0.        , 0.        , 0.        , 0.        ,
       0.        , 0.        , 0.        , 0.        , 0.        ,
       0.        , 0.        , 0.        , 0.        , 0.        ,
       0.        , 0.        , 0.        , 0.        , 0.        ,
       0.        , 0.        , 0.        , 0.        , 0.        ,
       0.        , 0.        , 0.        , 0.        , 0.        ,
       0.        , 0.        , 0.        , 0.        , 0.        ,
       0.        , 0.        , 0.        , 0.05070767, 0.05070767,
       0.05070767, 0.05070767, 0.07443271, 0.09755229, 0.12038108,
       0.12038108, 0.12038108, 0.14174771, 0.18371551, 0.2041091 ,
       0.2041091 , 0.2041091 , 0.22349903, 0.28017863, 0.3351934 ,
       0.40695145, 0.51187492, 0.56281453, 0.62878183, 0.66113333,
       0.72442248, 0.73963341, 0.75444838, 0.79783067, 0.81157297,
       0.85211245, 0.89175067, 0.92931989, 0.96566171, 0.98939902,
       0.98939902, 0.98939902, 1.        , 1.        , 1.        ,
       1.        , 1.        , 1.        , 1.        , 1.        ,
       1.        , 1.        , 1.        , 1.        , 1.        ,
       1.        , 1.        , 1.        , 1.        , 1.        ,
       1.        , 1.        , 1.        , 1.        , 1.        ,
       1.        ]), array([0.        , 0.        , 0.        , 0.        , 0.        ,
       0.        , 0.        , 0.        , 0.        , 0.        ,
       0.        , 0.        , 0.        , 0.        , 0.        ,
       0.        , 0.        , 0.        , 0.        , 0.        ,
       0.        , 0.        , 0.        , 0.        , 0.        ,
       0.        , 0.        , 0.        , 0.        , 0.        ,
       0.        , 0.        , 0.        , 0.        , 0.        ,
       0.        , 0.        , 0.        , 0.        , 0.        ,
       0.        , 0.02144517, 0.06392586, 0.08475956, 0.08475956,
       0.14541745, 0.16502178, 0.20384768, 0.24200683, 0.26067584,
       0.31582741, 0.38768371, 0.4582367 , 0.54403361, 0.5945798 ,
       0.66038627, 0.69265194, 0.69265194, 0.7078826 , 0.76817031,
       0.85655688, 0.92813261, 0.92813261, 0.94189452, 0.94189452,
       0.94189452, 0.95443112, 0.95443112, 0.97814531, 0.98953843,
       0.98953843, 0.98953843, 1.        , 1.        , 1.        ,
       1.        , 1.        , 1.        , 1.        , 1.        ,
       1.        , 1.        , 1.        , 1.        , 1.        ,
       1.        , 1.        , 1.        , 1.        , 1.        ,
       1.        , 1.        , 1.        , 1.        , 1.        ,
       1.        , 1.        , 1.        , 1.        , 1.        ,
       1.        ]), array([0.        , 0.        , 0.        , 0.        , 0.        ,
       0.        , 0.        , 0.        , 0.        , 0.        ,
       0.        , 0.        , 0.        , 0.        , 0.        ,
       0.        , 0.        , 0.        , 0.        , 0.        ,
       0.        , 0.        , 0.        , 0.        , 0.        ,
       0.        , 0.        , 0.        , 0.        , 0.        ,
       0.        , 0.        , 0.        , 0.        , 0.        ,
       0.024593  , 0.024593  , 0.024593  , 0.024593  , 0.024593  ,
       0.04732867, 0.04732867, 0.0911305 , 0.0911305 , 0.0911305 ,
       0.11183834, 0.15275076, 0.19293576, 0.19293576, 0.19293576,
       0.2499454 , 0.26845596, 0.34148126, 0.44906937, 0.48420891,
       0.53572287, 0.58591455, 0.65129726, 0.68336397, 0.69887072,
       0.75986126, 0.8045698 , 0.83358106, 0.91805772, 0.93168171,
       0.94513065, 0.94513065, 0.94513065, 0.98152491, 0.98152491,
       0.98152491, 0.98152491, 0.98152491, 0.98152491, 0.98152491,
       0.99112798, 0.99112798, 1.        , 1.        , 1.        ,
       1.        , 1.        , 1.        , 1.        , 1.        ,
       1.        , 1.        , 1.        , 1.        , 1.        ,
       1.        , 1.        , 1.        , 1.        , 1.        ,
       1.        , 1.        , 1.        , 1.        , 1.        ,
       1.        ]), array([0.        , 0.        , 0.        , 0.        , 0.        ,
       0.        , 0.        , 0.        , 0.        , 0.        ,
       0.        , 0.        , 0.        , 0.        , 0.        ,
       0.        , 0.        , 0.        , 0.        , 0.        ,
       0.        , 0.        , 0.        , 0.        , 0.        ,
       0.        , 0.        , 0.        , 0.        , 0.        ,
       0.        , 0.        , 0.        , 0.        , 0.        ,
       0.        , 0.        , 0.        , 0.        , 0.        ,
       0.        , 0.        , 0.        , 0.        , 0.        ,
       0.        , 0.        , 0.        , 0.02013512, 0.03988177,
       0.05911188, 0.05911188, 0.18871972, 0.24314725, 0.34978268,
       0.43665704, 0.50418969, 0.6373537 , 0.66997055, 0.78128847,
       0.85879708, 0.85879708, 0.91794121, 0.94640806, 0.96017691,
       0.97380333, 0.98716456, 1.        , 1.        , 1.        ,
       1.        , 1.        , 1.        , 1.        , 1.        ,
       1.        , 1.        , 1.        , 1.        , 1.        ,
       1.        , 1.        , 1.        , 1.        , 1.        ,
       1.        , 1.        , 1.        , 1.        , 1.        ,
       1.        , 1.        , 1.        , 1.        , 1.        ,
       1.        , 1.        , 1.        , 1.        , 1.        ,
       1.        ]), array([0.        , 0.        , 0.        , 0.        , 0.        ,
       0.        , 0.        , 0.        , 0.        , 0.        ,
       0.        , 0.        , 0.        , 0.        , 0.        ,
       0.        , 0.        , 0.        , 0.        , 0.        ,
       0.        , 0.        , 0.        , 0.        , 0.        ,
       0.        , 0.        , 0.        , 0.        , 0.        ,
       0.        , 0.        , 0.        , 0.        , 0.        ,
       0.        , 0.        , 0.        , 0.        , 0.        ,
       0.        , 0.        , 0.        , 0.02132102, 0.02132102,
       0.02132102, 0.04134699, 0.08095152, 0.13945022, 0.17757614,
       0.19618929, 0.30634895, 0.32433391, 0.43014297, 0.56807508,
       0.6352448 , 0.66851533, 0.68481297, 0.71609354, 0.76221595,
       0.79201395, 0.85076206, 0.90743448, 0.94923865, 0.96289354,
       0.96289354, 0.98844122, 0.98844122, 0.98844122, 1.        ,
       1.        , 1.        , 1.        , 1.        , 1.        ,
       1.        , 1.        , 1.        , 1.        , 1.        ,
       1.        , 1.        , 1.        , 1.        , 1.        ,
       1.        , 1.        , 1.        , 1.        , 1.        ,
       1.        , 1.        , 1.        , 1.        , 1.        ,
       1.        , 1.        , 1.        , 1.        , 1.        ,
       1.        ])]","[array([0.        , 0.        , 0.        , 0.        , 0.        ,
       0.        , 0.        , 0.        , 0.        , 0.        ,
       0.        , 0.        , 0.        , 0.        , 0.        ,
       0.        , 0.        , 0.        , 0.        , 0.        ,
       0.        , 0.        , 0.        , 0.        , 0.        ,
       0.        , 0.        , 0.        , 0.        , 0.        ,
       0.        , 0.        , 0.        , 0.        , 0.        ,
       0.        , 0.        , 0.        , 0.        , 0.        ,
       0.        , 0.        , 0.        , 0.02285631, 0.02285631,
       0.02285631, 0.02285631, 0.03526665, 0.0480421 , 0.0609929 ,
       0.0609929 , 0.0609929 , 0.07482541, 0.10295201, 0.11737128,
       0.11737128, 0.11737128, 0.13239577, 0.17836785, 0.22534386,
       0.28894034, 0.3859714 , 0.43540479, 0.50249319, 0.53641859,
       0.60512195, 0.62266646, 0.64044973, 0.69444032, 0.71287043,
       0.76857529, 0.82482362, 0.8823196 , 0.94055572, 0.97967562,
       0.97967562, 0.97967562, 1.        , 1.        , 1.        ,
       1.        , 1.        , 1.        , 1.        , 1.        ,
       1.        , 1.        , 1.        , 1.        , 1.        ,
       1.        , 1.        , 1.        , 1.        , 1.        ,
       1.        , 1.        , 1.        , 1.        , 1.        ,
       1.        ]), array([0.        , 0.        , 0.        , 0.        , 0.        ,
       0.        , 0.        , 0.        , 0.        , 0.        ,
       0.        , 0.        , 0.        , 0.        , 0.        ,
       0.        , 0.        , 0.        , 0.        , 0.        ,
       0.        , 0.        , 0.        , 0.        , 0.        ,
       0.        , 0.        , 0.        , 0.        , 0.        ,
       0.        , 0.        , 0.        , 0.        , 0.        ,
       0.        , 0.        , 0.        , 0.        , 0.        ,
       0.        , 0.01260167, 0.03815349, 0.05127533, 0.05127533,
       0.09220884, 0.10637649, 0.13503739, 0.16426548, 0.17922878,
       0.22484642, 0.28709836, 0.35045899, 0.4316966 , 0.48123196,
       0.54863039, 0.58287196, 0.58287196, 0.60076022, 0.67285335,
       0.78273271, 0.87606805, 0.87606805, 0.89520574, 0.89520574,
       0.89520574, 0.91538579, 0.91538579, 0.95690197, 0.97805476,
       0.97805476, 0.97805476, 1.        , 1.        , 1.        ,
       1.        , 1.        , 1.        , 1.        , 1.        ,
       1.        , 1.        , 1.        , 1.        , 1.        ,
       1.        , 1.        , 1.        , 1.        , 1.        ,
       1.        , 1.        , 1.        , 1.        , 1.        ,
       1.        , 1.        , 1.        , 1.        , 1.        ,
       1.        ]), array([0.        , 0.        , 0.        , 0.        , 0.        ,
       0.        , 0.        , 0.        , 0.        , 0.        ,
       0.        , 0.        , 0.        , 0.        , 0.        ,
       0.        , 0.        , 0.        , 0.        , 0.        ,
       0.        , 0.        , 0.        , 0.        , 0.        ,
       0.        , 0.        , 0.        , 0.        , 0.        ,
       0.        , 0.        , 0.        , 0.        , 0.        ,
       0.01035657, 0.01035657, 0.01035657, 0.01035657, 0.01035657,
       0.02219174, 0.02219174, 0.04719118, 0.04719118, 0.04719118,
       0.0606407 , 0.08794037, 0.11581914, 0.11581914, 0.11581914,
       0.16023882, 0.17543757, 0.23704218, 0.33100134, 0.36289676,
       0.41169151, 0.46153891, 0.52922773, 0.56356941, 0.58115948,
       0.65234487, 0.70655736, 0.74333147, 0.85568949, 0.87477841,
       0.89400669, 0.89400669, 0.89400669, 0.95483812, 0.95483812,
       0.95483812, 0.95483812, 0.95483812, 0.95483812, 0.95483812,
       0.97712807, 0.97712807, 1.        , 1.        , 1.        ,
       1.        , 1.        , 1.        , 1.        , 1.        ,
       1.        , 1.        , 1.        , 1.        , 1.        ,
       1.        , 1.        , 1.        , 1.        , 1.        ,
       1.        , 1.        , 1.        , 1.        , 1.        ,
       1.        ]), array([0.        , 0.        , 0.        , 0.        , 0.        ,
       0.        , 0.        , 0.        , 0.        , 0.        ,
       0.        , 0.        , 0.        , 0.        , 0.        ,
       0.        , 0.        , 0.        , 0.        , 0.        ,
       0.        , 0.        , 0.        , 0.        , 0.        ,
       0.        , 0.        , 0.        , 0.        , 0.        ,
       0.        , 0.        , 0.        , 0.        , 0.        ,
       0.        , 0.        , 0.        , 0.        , 0.        ,
       0.        , 0.        , 0.        , 0.        , 0.        ,
       0.        , 0.        , 0.        , 0.01398237, 0.02826539,
       0.04294817, 0.04294817, 0.14959944, 0.1961729 , 0.29103763,
       0.3716305 , 0.43762697, 0.57109135, 0.60497917, 0.72578533,
       0.81362652, 0.81362652, 0.886115  , 0.92321459, 0.94212392,
       0.96114348, 0.98036828, 1.        , 1.        , 1.        ,
       1.        , 1.        , 1.        , 1.        , 1.        ,
       1.        , 1.        , 1.        , 1.        , 1.        ,
       1.        , 1.        , 1.        , 1.        , 1.        ,
       1.        , 1.        , 1.        , 1.        , 1.        ,
       1.        , 1.        , 1.        , 1.        , 1.        ,
       1.        , 1.        , 1.        , 1.        , 1.        ,
       1.        ]), array([0.        , 0.        , 0.        , 0.        , 0.        ,
       0.        , 0.        , 0.        , 0.        , 0.        ,
       0.        , 0.        , 0.        , 0.        , 0.        ,
       0.        , 0.        , 0.        , 0.        , 0.        ,
       0.        , 0.        , 0.        , 0.        , 0.        ,
       0.        , 0.        , 0.        , 0.        , 0.        ,
       0.        , 0.        , 0.        , 0.        , 0.        ,
       0.        , 0.        , 0.        , 0.        , 0.        ,
       0.        , 0.        , 0.        , 0.01286087, 0.01286087,
       0.01286087, 0.02678069, 0.05498616, 0.09803691, 0.12745141,
       0.14252647, 0.23421908, 0.24980779, 0.34505781, 0.47463079,
       0.54088613, 0.57427081, 0.59123922, 0.62625107, 0.67942172,
       0.71564584, 0.78878739, 0.8636262 , 0.9203278 , 0.93945715,
       0.93945715, 0.97915669, 0.97915669, 0.97915669, 1.        ,
       1.        , 1.        , 1.        , 1.        , 1.        ,
       1.        , 1.        , 1.        , 1.        , 1.        ,
       1.        , 1.        , 1.        , 1.        , 1.        ,
       1.        , 1.        , 1.        , 1.        , 1.        ,
       1.        , 1.        , 1.        , 1.        , 1.        ,
       1.        , 1.        , 1.        , 1.        , 1.        ,
       1.        ])]",0.0209179947488927,0.0726100530794056,0.1582280810705908,0.0111387245309088,"[{'lambda_reg': 0.17437062570341302}, {'lambda_reg': 0.9846494953734275}, {'lambda_reg': 0.9281219319539055}, {'lambda_reg': 0.2791023050214461}, {'lambda_reg': 0.956885993607803}]",300,2,linear,133
"[np.float64(0.13236893665097868), np.float64(0.08865164183927454), np.float64(0.13698824935355647), np.float64(0.07510160101087324), np.float64(0.23876177411813046)]",0.1343744405945627,0.0574654910024916,"[np.float64(0.8088956102792846), np.float64(0.828041094997764), np.float64(0.8392977111257816), np.float64(0.8610969040860527), np.float64(0.8186256154817251)]",0.8311913871941214,0.0180276291072634,"[np.float64(0.8894382957824422), np.float64(0.8575395692921519), np.float64(0.8946483548383866), np.float64(0.9203309921563683), np.float64(0.9465213212845502)]",0.90169570667078,0.0300209371884589,"[array([0.        , 0.21315909, 0.21315909, 0.24792996, 0.28240928,
       0.28240928, 0.31589852, 0.34928342, 0.38223115, 0.38223115,
       0.38223115, 0.44604579, 0.44604579, 0.44604579, 0.47673837,
       0.53756356, 0.53756356, 0.53756356, 0.53756356, 0.53756356,
       0.53756356, 0.53756356, 0.53756356, 0.53756356, 0.53756356,
       0.53756356, 0.53756356, 0.56363086, 0.58940922, 0.58940922,
       0.58940922, 0.61410488, 0.61410488, 0.61410488, 0.61410488,
       0.61410488, 0.61410488, 0.61410488, 0.61410488, 0.63590873,
       0.65750656, 0.65750656, 0.67825928, 0.69870139, 0.69870139,
       0.7186044 , 0.7186044 , 0.7186044 , 0.7186044 , 0.7186044 ,
       0.7186044 , 0.73626851, 0.73626851, 0.75331426, 0.76990222,
       0.76990222, 0.81751572, 0.81751572, 0.81751572, 0.81751572,
       0.83194905, 0.84609503, 0.84609503, 0.84609503, 0.84609503,
       0.85875698, 0.87111003, 0.87111003, 0.88262965, 0.89374644,
       0.89374644, 0.90433316, 0.90433316, 0.90433316, 0.90433316,
       0.91353207, 0.92238626, 0.93066586, 0.93066586, 0.93066586,
       0.93066586, 0.93066586, 0.93732269, 0.94343314, 0.94942447,
       0.95493552, 0.96004394, 0.96497099, 0.96957544, 0.98168147,
       0.98168147, 0.98168147, 0.98471512, 0.99010179, 0.99452775,
       0.99452775, 0.99616878, 0.99864496, 0.99953425, 1.        ,
       1.        ]), array([0.        , 0.15691523, 0.19569849, 0.19569849, 0.19569849,
       0.19569849, 0.19569849, 0.23245913, 0.26884882, 0.26884882,
       0.26884882, 0.26884882, 0.26884882, 0.30314693, 0.33710196,
       0.33710196, 0.37028278, 0.40296028, 0.40296028, 0.40296028,
       0.40296028, 0.40296028, 0.43392624, 0.43392624, 0.46401143,
       0.46401143, 0.46401143, 0.46401143, 0.46401143, 0.46401143,
       0.46401143, 0.46401143, 0.46401143, 0.46401143, 0.48999912,
       0.48999912, 0.48999912, 0.48999912, 0.48999912, 0.48999912,
       0.56115359, 0.56115359, 0.58390965, 0.60648223, 0.60648223,
       0.60648223, 0.6706712 , 0.6706712 , 0.69110277, 0.69110277,
       0.73076416, 0.73076416, 0.73076416, 0.74928282, 0.74928282,
       0.74928282, 0.74928282, 0.74928282, 0.76613259, 0.76613259,
       0.78216277, 0.78216277, 0.78216277, 0.79672373, 0.81104073,
       0.82499402, 0.83851941, 0.83851941, 0.83851941, 0.83851941,
       0.85038586, 0.87342536, 0.87342536, 0.87342536, 0.8839469 ,
       0.8839469 , 0.8839469 , 0.8930005 , 0.8930005 , 0.9015305 ,
       0.91782928, 0.92540384, 0.92540384, 0.92540384, 0.92540384,
       0.93764316, 0.94896161, 0.95965363, 0.95965363, 0.96870294,
       0.97288474, 0.98058031, 0.98393852, 0.98393852, 0.99426744,
       0.99848777, 0.99848777, 1.        , 1.        , 1.        ,
       1.        ]), array([0.        , 0.2178013 , 0.25371107, 0.25371107, 0.25371107,
       0.28831781, 0.28831781, 0.28831781, 0.28831781, 0.3551809 ,
       0.3551809 , 0.3551809 , 0.3551809 , 0.38688742, 0.38688742,
       0.41782596, 0.44863027, 0.44863027, 0.44863027, 0.44863027,
       0.44863027, 0.47763711, 0.47763711, 0.50575508, 0.50575508,
       0.53306113, 0.55997889, 0.55997889, 0.55997889, 0.55997889,
       0.58576358, 0.58576358, 0.58576358, 0.58576358, 0.6098531 ,
       0.65764095, 0.65764095, 0.6805666 , 0.6805666 , 0.6805666 ,
       0.70256113, 0.70256113, 0.70256113, 0.7443826 , 0.7443826 ,
       0.76442217, 0.76442217, 0.76442217, 0.76442217, 0.7831168 ,
       0.7831168 , 0.7831168 , 0.81833294, 0.83575013, 0.83575013,
       0.83575013, 0.83575013, 0.83575013, 0.85136301, 0.85136301,
       0.85136301, 0.85136301, 0.85136301, 0.85136301, 0.85136301,
       0.86434152, 0.87681266, 0.87681266, 0.88847644, 0.88847644,
       0.89964175, 0.89964175, 0.89964175, 0.90975302, 0.91956865,
       0.91956865, 0.92864149, 0.9371706 , 0.9371706 , 0.94489595,
       0.94489595, 0.95186257, 0.95186257, 0.95186257, 0.95186257,
       0.95186257, 0.95711493, 0.96722403, 0.96722403, 0.97136875,
       0.97525644, 0.97888936, 0.97888936, 0.97888936, 0.98108131,
       0.98715313, 0.99370201, 1.        , 1.        , 1.        ,
       1.        ]), array([0.        , 0.14896566, 0.18561054, 0.2950674 , 0.2950674 ,
       0.33057566, 0.40096361, 0.43596809, 0.47053334, 0.47053334,
       0.47053334, 0.47053334, 0.47053334, 0.50305547, 0.50305547,
       0.53509701, 0.53509701, 0.53509701, 0.53509701, 0.53509701,
       0.53509701, 0.53509701, 0.53509701, 0.53509701, 0.53509701,
       0.53509701, 0.562762  , 0.562762  , 0.58991193, 0.58991193,
       0.58991193, 0.58991193, 0.58991193, 0.58991193, 0.58991193,
       0.58991193, 0.58991193, 0.61368184, 0.6369328 , 0.6369328 ,
       0.68211393, 0.72637994, 0.74804234, 0.79102073, 0.79102073,
       0.79102073, 0.81118497, 0.81118497, 0.83060373, 0.83060373,
       0.8494516 , 0.8494516 , 0.8494516 , 0.8494516 , 0.8494516 ,
       0.8494516 , 0.8494516 , 0.8494516 , 0.8494516 , 0.8494516 ,
       0.86466756, 0.86466756, 0.89332414, 0.89332414, 0.9071068 ,
       0.9071068 , 0.91997283, 0.93234828, 0.94464112, 0.94464112,
       0.95611521, 0.95611521, 0.96675556, 0.96675556, 0.96675556,
       0.96675556, 0.96675556, 0.96675556, 0.96675556, 0.96675556,
       0.96675556, 0.97405772, 0.97405772, 0.97405772, 0.97405772,
       0.97405772, 0.97951194, 0.97951194, 0.97951194, 0.97951194,
       0.97951194, 0.97951194, 0.97951194, 0.98212489, 0.98465302,
       0.98668533, 0.98853249, 0.99643613, 0.99643613, 0.9989902 ,
       1.        ]), array([0.        , 0.4793022 , 0.4793022 , 0.50842859, 0.5373476 ,
       0.56599421, 0.59443335, 0.59443335, 0.59443335, 0.59443335,
       0.59443335, 0.62129575, 0.64778153, 0.64778153, 0.64778153,
       0.64778153, 0.64778153, 0.67286355, 0.67286355, 0.67286355,
       0.67286355, 0.67286355, 0.6963043 , 0.6963043 , 0.6963043 ,
       0.74167836, 0.74167836, 0.74167836, 0.76342345, 0.76342345,
       0.78456411, 0.78456411, 0.78456411, 0.78456411, 0.80443628,
       0.80443628, 0.80443628, 0.82348805, 0.82348805, 0.82348805,
       0.82348805, 0.82348805, 0.84106981, 0.85842808, 0.85842808,
       0.85842808, 0.85842808, 0.87451592, 0.8903764 , 0.8903764 ,
       0.8903764 , 0.8903764 , 0.8903764 , 0.8903764 , 0.8903764 ,
       0.90415257, 0.90415257, 0.90415257, 0.90415257, 0.90415257,
       0.90415257, 0.90415257, 0.91568727, 0.92686417, 0.92686417,
       0.92686417, 0.92686417, 0.93701391, 0.94667704, 0.95618512,
       0.95618512, 0.95618512, 0.95618512, 0.96447875, 0.96447875,
       0.96447875, 0.96447875, 0.96447875, 0.96447875, 0.97077914,
       0.97684731, 0.97684731, 0.97684731, 0.97684731, 0.97684731,
       0.97684731, 0.97684731, 0.97684731, 0.97684731, 0.98035046,
       0.98035046, 0.98035046, 0.98286443, 0.98730111, 0.98910539,
       0.99254388, 0.99533969, 0.99738961, 0.99814927, 0.99963259,
       1.        ])]","[array([0.00000000e+00, 5.18897548e-04, 5.18897548e-04, 1.26968487e-03,
       2.27678242e-03, 2.27678242e-03, 4.15428889e-03, 6.12351787e-03,
       8.47708302e-03, 8.47708302e-03, 8.47708302e-03, 1.50134983e-02,
       1.50134983e-02, 1.50134983e-02, 1.93496189e-02, 2.85141512e-02,
       2.85141512e-02, 2.85141512e-02, 2.85141512e-02, 2.85141512e-02,
       2.85141512e-02, 2.85141512e-02, 2.85141512e-02, 2.85141512e-02,
       2.85141512e-02, 2.85141512e-02, 2.85141512e-02, 3.69164736e-02,
       4.55728158e-02, 4.55728158e-02, 4.55728158e-02, 5.51809771e-02,
       5.51809771e-02, 5.51809771e-02, 5.51809771e-02, 5.51809771e-02,
       5.51809771e-02, 5.51809771e-02, 5.51809771e-02, 6.73314146e-02,
       7.96629714e-02, 7.96629714e-02, 9.27374786e-02, 1.06085055e-01,
       1.06085055e-01, 1.19906565e-01, 1.19906565e-01, 1.19906565e-01,
       1.19906565e-01, 1.19906565e-01, 1.19906565e-01, 1.35696353e-01,
       1.35696353e-01, 1.52029758e-01, 1.68765619e-01, 1.68765619e-01,
       2.20863654e-01, 2.20863654e-01, 2.20863654e-01, 2.20863654e-01,
       2.39493706e-01, 2.58376375e-01, 2.58376375e-01, 2.58376375e-01,
       2.58376375e-01, 2.78563691e-01, 2.99022569e-01, 2.99022569e-01,
       3.20214140e-01, 3.41759850e-01, 3.41759850e-01, 3.63771552e-01,
       3.63771552e-01, 3.63771552e-01, 3.63771552e-01, 3.87003323e-01,
       4.10538140e-01, 4.34578093e-01, 4.34578093e-01, 4.34578093e-01,
       4.34578093e-01, 4.34578093e-01, 4.60044667e-01, 4.85991579e-01,
       5.12043213e-01, 5.38517076e-01, 5.65344897e-01, 5.92332165e-01,
       6.19603042e-01, 7.02916622e-01, 7.02916622e-01, 7.02916622e-01,
       7.31568426e-01, 7.89470397e-01, 8.48216957e-01, 8.48216957e-01,
       8.78093057e-01, 9.38553711e-01, 9.69090685e-01, 1.00000000e+00,
       1.00000000e+00]), array([0.00000000e+00, 8.86161667e-06, 3.40158838e-04, 3.40158838e-04,
       3.40158838e-04, 3.40158838e-04, 3.40158838e-04, 2.16536708e-03,
       4.26455976e-03, 4.26455976e-03, 4.26455976e-03, 4.26455976e-03,
       4.26455976e-03, 7.90859672e-03, 1.18060354e-02, 1.18060354e-02,
       1.62753124e-02, 2.11163385e-02, 2.11163385e-02, 2.11163385e-02,
       2.11163385e-02, 2.11163385e-02, 2.72215113e-02, 2.72215113e-02,
       3.39772206e-02, 3.39772206e-02, 3.39772206e-02, 3.39772206e-02,
       3.39772206e-02, 3.39772206e-02, 3.39772206e-02, 3.39772206e-02,
       3.39772206e-02, 3.39772206e-02, 4.37593592e-02, 4.37593592e-02,
       4.37593592e-02, 4.37593592e-02, 4.37593592e-02, 4.37593592e-02,
       7.81346175e-02, 7.81346175e-02, 9.03036390e-02, 1.02608187e-01,
       1.02608187e-01, 1.02608187e-01, 1.42128182e-01, 1.42128182e-01,
       1.56014080e-01, 1.56014080e-01, 1.84673492e-01, 1.84673492e-01,
       1.84673492e-01, 1.99972277e-01, 1.99972277e-01, 1.99972277e-01,
       1.99972277e-01, 1.99972277e-01, 2.16503698e-01, 2.16503698e-01,
       2.33640478e-01, 2.33640478e-01, 2.33640478e-01, 2.51862421e-01,
       2.70264558e-01, 2.88935335e-01, 3.07922156e-01, 3.07922156e-01,
       3.07922156e-01, 3.07922156e-01, 3.28134273e-01, 3.69070655e-01,
       3.69070655e-01, 3.69070655e-01, 3.90276129e-01, 3.90276129e-01,
       3.90276129e-01, 4.12565828e-01, 4.12565828e-01, 4.35242251e-01,
       4.81157353e-01, 5.04539470e-01, 5.04539470e-01, 5.04539470e-01,
       5.04539470e-01, 5.53452889e-01, 6.03046471e-01, 6.53102735e-01,
       6.53102735e-01, 7.04372304e-01, 7.30260325e-01, 7.82529770e-01,
       8.09026097e-01, 8.09026097e-01, 9.17303961e-01, 9.72140228e-01,
       9.72140228e-01, 1.00000000e+00, 1.00000000e+00, 1.00000000e+00,
       1.00000000e+00]), array([0.00000000e+00, 3.00100751e-04, 6.80566956e-04, 6.80566956e-04,
       6.80566956e-04, 2.16384096e-03, 2.16384096e-03, 2.16384096e-03,
       2.16384096e-03, 7.11961521e-03, 7.11961521e-03, 7.11961521e-03,
       7.11961521e-03, 1.10574630e-02, 1.10574630e-02, 1.56452810e-02,
       2.03466995e-02, 2.03466995e-02, 2.03466995e-02, 2.03466995e-02,
       2.03466995e-02, 2.65693862e-02, 2.65693862e-02, 3.35443609e-02,
       3.35443609e-02, 4.12065023e-02, 4.91972643e-02, 4.91972643e-02,
       4.91972643e-02, 4.91972643e-02, 5.81469825e-02, 5.81469825e-02,
       5.81469825e-02, 5.81469825e-02, 6.85314003e-02, 8.96313005e-02,
       8.96313005e-02, 1.01000744e-01, 1.01000744e-01, 1.01000744e-01,
       1.13158227e-01, 1.13158227e-01, 1.13158227e-01, 1.39307715e-01,
       1.39307715e-01, 1.53119763e-01, 1.53119763e-01, 1.53119763e-01,
       1.53119763e-01, 1.68070081e-01, 1.68070081e-01, 1.68070081e-01,
       1.99809922e-01, 2.15841391e-01, 2.15841391e-01, 2.15841391e-01,
       2.15841391e-01, 2.15841391e-01, 2.33399916e-01, 2.33399916e-01,
       2.33399916e-01, 2.33399916e-01, 2.33399916e-01, 2.33399916e-01,
       2.33399916e-01, 2.53188023e-01, 2.73405522e-01, 2.73405522e-01,
       2.94306329e-01, 2.94306329e-01, 3.15629018e-01, 3.15629018e-01,
       3.15629018e-01, 3.37843777e-01, 3.60308742e-01, 3.60308742e-01,
       3.83402362e-01, 4.06956165e-01, 4.06956165e-01, 4.31190229e-01,
       4.31190229e-01, 4.56066428e-01, 4.56066428e-01, 4.56066428e-01,
       4.56066428e-01, 4.56066428e-01, 4.82393470e-01, 5.35382389e-01,
       5.35382389e-01, 5.62646879e-01, 5.90128894e-01, 6.17826538e-01,
       6.17826538e-01, 6.17826538e-01, 6.46743732e-01, 7.33921887e-01,
       8.51468606e-01, 1.00000000e+00, 1.00000000e+00, 1.00000000e+00,
       1.00000000e+00]), array([0.00000000e+00, 2.57107725e-04, 8.02740114e-04, 2.82519691e-03,
       2.82519691e-03, 4.28800832e-03, 7.72084143e-03, 9.59016863e-03,
       1.18139252e-02, 1.18139252e-02, 1.18139252e-02, 1.18139252e-02,
       1.18139252e-02, 1.56863304e-02, 1.56863304e-02, 1.99465464e-02,
       1.99465464e-02, 1.99465464e-02, 1.99465464e-02, 1.99465464e-02,
       1.99465464e-02, 1.99465464e-02, 1.99465464e-02, 1.99465464e-02,
       1.99465464e-02, 1.99465464e-02, 2.77383320e-02, 2.77383320e-02,
       3.59457321e-02, 3.59457321e-02, 3.59457321e-02, 3.59457321e-02,
       3.59457321e-02, 3.59457321e-02, 3.59457321e-02, 3.59457321e-02,
       3.59457321e-02, 4.68805808e-02, 5.82341817e-02, 5.82341817e-02,
       8.20071633e-02, 1.06518584e-01, 1.19154048e-01, 1.44704486e-01,
       1.44704486e-01, 1.44704486e-01, 1.58548860e-01, 1.58548860e-01,
       1.72994775e-01, 1.72994775e-01, 1.87901365e-01, 1.87901365e-01,
       1.87901365e-01, 1.87901365e-01, 1.87901365e-01, 1.87901365e-01,
       1.87901365e-01, 1.87901365e-01, 1.87901365e-01, 1.87901365e-01,
       2.05738649e-01, 2.05738649e-01, 2.42845799e-01, 2.42845799e-01,
       2.61839655e-01, 2.61839655e-01, 2.81573169e-01, 3.01702554e-01,
       3.21898590e-01, 3.21898590e-01, 3.42755304e-01, 3.42755304e-01,
       3.64284795e-01, 3.64284795e-01, 3.64284795e-01, 3.64284795e-01,
       3.64284795e-01, 3.64284795e-01, 3.64284795e-01, 3.64284795e-01,
       3.64284795e-01, 3.88507968e-01, 3.88507968e-01, 3.88507968e-01,
       3.88507968e-01, 3.88507968e-01, 4.14222294e-01, 4.14222294e-01,
       4.14222294e-01, 4.14222294e-01, 4.14222294e-01, 4.14222294e-01,
       4.14222294e-01, 4.42229338e-01, 4.70304819e-01, 4.98780390e-01,
       5.27405368e-01, 7.01720724e-01, 7.01720724e-01, 8.50237301e-01,
       1.00000000e+00]), array([0.00000000e+00, 7.68877110e-04, 7.68877110e-04, 1.85483690e-03,
       3.20011297e-03, 4.88602979e-03, 6.83138065e-03, 6.83138065e-03,
       6.83138065e-03, 6.83138065e-03, 6.83138065e-03, 1.07484302e-02,
       1.51364268e-02, 1.51364268e-02, 1.51364268e-02, 1.51364268e-02,
       1.51364268e-02, 2.12798073e-02, 2.12798073e-02, 2.12798073e-02,
       2.12798073e-02, 2.12798073e-02, 2.94755818e-02, 2.94755818e-02,
       2.94755818e-02, 4.77521456e-02, 4.77521456e-02, 4.77521456e-02,
       5.80683221e-02, 5.80683221e-02, 6.91403205e-02, 6.91403205e-02,
       6.91403205e-02, 6.91403205e-02, 8.17985441e-02, 8.17985441e-02,
       8.17985441e-02, 9.54826726e-02, 9.54826726e-02, 9.54826726e-02,
       9.54826726e-02, 9.54826726e-02, 1.11005025e-01, 1.26806858e-01,
       1.26806858e-01, 1.26806858e-01, 1.26806858e-01, 1.44197342e-01,
       1.61872126e-01, 1.61872126e-01, 1.61872126e-01, 1.61872126e-01,
       1.61872126e-01, 1.61872126e-01, 1.61872126e-01, 1.82153328e-01,
       1.82153328e-01, 1.82153328e-01, 1.82153328e-01, 1.82153328e-01,
       1.82153328e-01, 1.82153328e-01, 2.05237445e-01, 2.28768985e-01,
       2.28768985e-01, 2.28768985e-01, 2.28768985e-01, 2.53584974e-01,
       2.79009477e-01, 3.04627856e-01, 3.04627856e-01, 3.04627856e-01,
       3.04627856e-01, 3.31764892e-01, 3.31764892e-01, 3.31764892e-01,
       3.31764892e-01, 3.31764892e-01, 3.31764892e-01, 3.61394438e-01,
       3.91314380e-01, 3.91314380e-01, 3.91314380e-01, 3.91314380e-01,
       3.91314380e-01, 3.91314380e-01, 3.91314380e-01, 3.91314380e-01,
       3.91314380e-01, 4.24441844e-01, 4.24441844e-01, 4.24441844e-01,
       4.58806260e-01, 5.28274451e-01, 5.63526331e-01, 6.34242752e-01,
       7.05762832e-01, 7.78215647e-01, 8.14773804e-01, 9.25443234e-01,
       1.00000000e+00])]",-0.0166982002191614,0.0406432520729215,0.0212777188094573,0.0097898825507908,"[{'lambda_reg': 0.0035309009628047027, 'gamma': 0.015787032344023098}, {'lambda_reg': 0.0017737293352566947, 'gamma': 0.0030792737130729162}, {'lambda_reg': 0.004101437747433454, 'gamma': 0.011047736622330393}, {'lambda_reg': 1.7627468803688133e-05, 'gamma': 0.0022071437223117824}, {'lambda_reg': 0.005160781322411775, 'gamma': 0.041434023653753926}]",300,2,exponential,136
"[np.float64(0.049105538015644865), np.float64(0.06840989284943755), np.float64(0.06953102524674609), np.float64(0.09577409111781983), np.float64(0.1276933736230929)]",0.0821027841705482,0.0272020923064907,"[np.float64(0.8005635790982183), np.float64(0.800842178983117), np.float64(0.7977073221188721), np.float64(0.7898705546174751), np.float64(0.7656564976270346)]",0.7909280264889433,0.0132428211554716,"[np.float64(0.9514989740078683), np.float64(0.9445318081581491), np.float64(0.9135637369566695), np.float64(0.968728668623289), np.float64(0.9642113918405621)]",0.9485069159173076,0.0195004076660737,"[array([0.        , 0.48477739, 0.58674357, 0.62707617, 0.65699813,
       0.67681377, 0.7353691 , 0.76444256, 0.77400924, 0.78345136,
       0.79282117, 0.80202281, 0.80202281, 0.80202281, 0.80202281,
       0.83739702, 0.83739702, 0.83739702, 0.8458985 , 0.86271168,
       0.87108276, 0.87930126, 0.87930126, 0.89531827, 0.90323892,
       0.90323892, 0.90323892, 0.90323892, 0.90323892, 0.92542196,
       0.93274194, 0.93274194, 0.93982727, 0.94677972, 0.94677972,
       0.94677972, 0.94677972, 0.94677972, 0.94677972, 0.94677972,
       0.94677972, 0.94677972, 0.95280333, 0.95280333, 0.95280333,
       0.95280333, 0.95280333, 0.95829863, 0.95829863, 0.95829863,
       0.95829863, 0.95829863, 0.95829863, 0.95829863, 0.95829863,
       0.95829863, 0.95829863, 0.95829863, 0.96273282, 0.96273282,
       0.96273282, 0.96273282, 0.96273282, 0.96273282, 0.96650802,
       0.9701487 , 0.97733654, 0.97733654, 0.98403007, 0.98724742,
       0.98724742, 0.98724742, 0.98724742, 0.99006995, 0.99006995,
       0.99006995, 0.99006995, 0.99249613, 0.99485433, 0.99485433,
       0.99485433, 0.99485433, 0.99485433, 0.99485433, 0.99485433,
       0.99485433, 0.99631497, 0.99631497, 0.99631497, 0.99753028,
       0.99753028, 0.99753028, 0.99753028, 0.9983337 , 0.99896879,
       0.99896879, 0.99942861, 0.99975352, 0.99975352, 0.99987415,
       1.        ]), array([0.        , 0.51019999, 0.56158101, 0.59215969, 0.64259037,
       0.64259037, 0.64259037, 0.67194197, 0.69120627, 0.69120627,
       0.70060564, 0.72856317, 0.73782355, 0.77435476, 0.78333789,
       0.79222754, 0.81871221, 0.82740637, 0.8360401 , 0.8360401 ,
       0.85279153, 0.85279153, 0.8609595 , 0.8609595 , 0.86897189,
       0.8768976 , 0.88467363, 0.88467363, 0.89227539, 0.90718313,
       0.91454071, 0.92903522, 0.94332728, 0.95033799, 0.95033799,
       0.95033799, 0.95033799, 0.95033799, 0.95033799, 0.95033799,
       0.95033799, 0.95033799, 0.95033799, 0.95033799, 0.95033799,
       0.95033799, 0.95033799, 0.95033799, 0.95580582, 0.95580582,
       0.95580582, 0.95580582, 0.96595612, 0.96595612, 0.97083961,
       0.97083961, 0.97549717, 0.97549717, 0.97997677, 0.97997677,
       0.98421536, 0.98421536, 0.98421536, 0.98421536, 0.98421536,
       0.98421536, 0.98783295, 0.98783295, 0.98783295, 0.9911676 ,
       0.9911676 , 0.9911676 , 0.9911676 , 0.9911676 , 0.9911676 ,
       0.9911676 , 0.9911676 , 0.99361907, 0.99361907, 0.99361907,
       0.99361907, 0.99361907, 0.99361907, 0.9954883 , 0.9954883 ,
       0.9954883 , 0.9954883 , 0.9954883 , 0.9954883 , 0.99791591,
       0.99791591, 0.99791591, 0.99791591, 0.99791591, 0.99791591,
       0.99847417, 0.99945509, 0.99979288, 0.99979288, 0.99990596,
       1.        ]), array([0.        , 0.29243593, 0.41600244, 0.45682215, 0.50731387,
       0.55720932, 0.61650408, 0.62624942, 0.65529635, 0.66489963,
       0.68387471, 0.69326518, 0.71178186, 0.71178186, 0.73893464,
       0.74789649, 0.74789649, 0.74789649, 0.76512113, 0.77364853,
       0.81574368, 0.83230452, 0.84872434, 0.8649476 , 0.8649476 ,
       0.87285067, 0.87285067, 0.88053048, 0.89567877, 0.90318811,
       0.90318811, 0.91045928, 0.91757851, 0.91757851, 0.91757851,
       0.91757851, 0.91757851, 0.91757851, 0.91757851, 0.92397721,
       0.92397721, 0.93643283, 0.93643283, 0.93643283, 0.93643283,
       0.93643283, 0.93643283, 0.93643283, 0.93643283, 0.93643283,
       0.94169197, 0.94690154, 0.94690154, 0.94690154, 0.94690154,
       0.94690154, 0.95156404, 0.95156404, 0.95156404, 0.95586134,
       0.96434381, 0.96847641, 0.97250707, 0.97250707, 0.97250707,
       0.97250707, 0.97250707, 0.97597353, 0.97597353, 0.97597353,
       0.97597353, 0.97903116, 0.97903116, 0.98185931, 0.99019174,
       0.99019174, 0.99277979, 0.99519612, 0.99519612, 0.99519612,
       0.99519612, 0.99519612, 0.99707878, 0.99707878, 0.99707878,
       0.99707878, 0.99707878, 0.9985387 , 0.9985387 , 0.9985387 ,
       0.9985387 , 0.9985387 , 0.9985387 , 0.9985387 , 0.9985387 ,
       0.99910879, 0.99955156, 0.99955156, 0.99981699, 1.        ,
       1.        ]), array([0.01109577, 0.53174762, 0.60835088, 0.64084187, 0.68358903,
       0.69414105, 0.7256929 , 0.7256929 , 0.73594695, 0.76646133,
       0.77645609, 0.77645609, 0.78630027, 0.80575727, 0.82495123,
       0.84395603, 0.85330509, 0.86252126, 0.86252126, 0.87160449,
       0.88943473, 0.88943473, 0.88943473, 0.88943473, 0.89795515,
       0.89795515, 0.89795515, 0.89795515, 0.90595036, 0.90595036,
       0.92157256, 0.93696627, 0.93696627, 0.94442831, 0.94442831,
       0.94442831, 0.95153597, 0.95153597, 0.95153597, 0.95153597,
       0.95153597, 0.95810638, 0.95810638, 0.96452752, 0.97082817,
       0.97697825, 0.97697825, 0.97697825, 0.97697825, 0.97697825,
       0.97697825, 0.97697825, 0.98240789, 0.98240789, 0.98240789,
       0.98240789, 0.98240789, 0.98240789, 0.98240789, 0.98240789,
       0.98240789, 0.98240789, 0.98240789, 0.98240789, 0.98240789,
       0.98240789, 0.98240789, 0.98240789, 0.98240789, 0.98585369,
       0.98928893, 0.98928893, 0.98928893, 0.98928893, 0.98928893,
       0.98928893, 0.99202513, 0.99202513, 0.99202513, 0.99202513,
       0.99427952, 0.99427952, 0.99427952, 0.99427952, 0.99427952,
       0.99427952, 0.99427952, 0.99427952, 0.99427952, 0.9956021 ,
       0.99672349, 0.99773832, 0.99868522, 0.99868522, 0.99868522,
       0.99868522, 0.99868522, 0.99910301, 0.99966348, 0.99978955,
       1.        ]), array([0.        , 0.53412583, 0.6079308 , 0.67059068, 0.69123055,
       0.73216721, 0.73216721, 0.74219148, 0.762023  , 0.78154595,
       0.79122876, 0.79122876, 0.8006747 , 0.82876113, 0.82876113,
       0.84703774, 0.87425822, 0.88320456, 0.89206682, 0.89206682,
       0.89206682, 0.89206682, 0.89206682, 0.89206682, 0.89206682,
       0.89206682, 0.89206682, 0.89206682, 0.89206682, 0.89206682,
       0.89956245, 0.9143607 , 0.9143607 , 0.92154483, 0.92154483,
       0.92855819, 0.92855819, 0.92855819, 0.92855819, 0.92855819,
       0.93498141, 0.94138015, 0.94138015, 0.94754223, 0.94754223,
       0.94754223, 0.94754223, 0.95322364, 0.95322364, 0.95322364,
       0.95322364, 0.95853151, 0.95853151, 0.96359316, 0.96857156,
       0.96857156, 0.96857156, 0.97321575, 0.97321575, 0.97321575,
       0.97321575, 0.97321575, 0.97732578, 0.97732578, 0.98124287,
       0.98124287, 0.98490191, 0.98490191, 0.98841703, 0.98841703,
       0.9917081 , 0.9917081 , 0.9917081 , 0.9917081 , 0.9917081 ,
       0.9917081 , 0.99435786, 0.99435786, 0.99435786, 0.99435786,
       0.99435786, 0.99435786, 0.99435786, 0.99618712, 0.99618712,
       0.99618712, 0.9977578 , 0.9977578 , 0.9977578 , 0.9977578 ,
       0.9977578 , 0.9988062 , 0.99973866, 0.99973866, 0.99973866,
       0.99973866, 0.99973866, 0.99973866, 0.99973866, 0.99989823,
       1.        ])]","[array([0.        , 0.00471044, 0.01060802, 0.01485333, 0.01939828,
       0.02297822, 0.03742335, 0.04549458, 0.04870228, 0.05242764,
       0.05645352, 0.06117827, 0.06117827, 0.06117827, 0.06117827,
       0.08602997, 0.08602997, 0.08602997, 0.09366451, 0.10972229,
       0.11789878, 0.12670933, 0.12670933, 0.14607589, 0.15612428,
       0.15612428, 0.15612428, 0.15612428, 0.15612428, 0.19283121,
       0.2053759 , 0.2053759 , 0.2188958 , 0.23296789, 0.23296789,
       0.23296789, 0.23296789, 0.23296789, 0.23296789, 0.23296789,
       0.23296789, 0.23296789, 0.25090014, 0.25090014, 0.25090014,
       0.25090014, 0.25090014, 0.27102797, 0.27102797, 0.27102797,
       0.27102797, 0.27102797, 0.27102797, 0.27102797, 0.27102797,
       0.27102797, 0.27102797, 0.27102797, 0.29556566, 0.29556566,
       0.29556566, 0.29556566, 0.29556566, 0.29556566, 0.32284198,
       0.35067741, 0.40673684, 0.40673684, 0.46485058, 0.49444531,
       0.49444531, 0.49444531, 0.49444531, 0.52568082, 0.52568082,
       0.52568082, 0.52568082, 0.55856354, 0.59172876, 0.59172876,
       0.59172876, 0.59172876, 0.59172876, 0.59172876, 0.59172876,
       0.59172876, 0.62862411, 0.62862411, 0.62862411, 0.66653906,
       0.66653906, 0.66653906, 0.66653906, 0.70616575, 0.74649196,
       0.74649196, 0.78754665, 0.82916194, 0.82916194, 0.87162622,
       1.        ]), array([0.        , 0.00331494, 0.00635768, 0.00917704, 0.01599826,
       0.01599826, 0.01599826, 0.02369645, 0.03003503, 0.03003503,
       0.03412984, 0.0473708 , 0.05201823, 0.07263689, 0.07838666,
       0.08450809, 0.10360512, 0.11050379, 0.11764276, 0.11764276,
       0.13397243, 0.13397243, 0.14296323, 0.14296323, 0.15257264,
       0.16252665, 0.17307581, 0.17307581, 0.18431783, 0.20797794,
       0.22019085, 0.24549393, 0.27160197, 0.285194  , 0.285194  ,
       0.285194  , 0.285194  , 0.285194  , 0.285194  , 0.285194  ,
       0.285194  , 0.285194  , 0.285194  , 0.285194  , 0.285194  ,
       0.285194  , 0.285194  , 0.285194  , 0.30492046, 0.30492046,
       0.30492046, 0.30492046, 0.34749598, 0.34749598, 0.36954577,
       0.36954577, 0.39249388, 0.39249388, 0.41614952, 0.41614952,
       0.44076342, 0.44076342, 0.44076342, 0.44076342, 0.44076342,
       0.44076342, 0.46784637, 0.46784637, 0.46784637, 0.4960543 ,
       0.4960543 , 0.4960543 , 0.4960543 , 0.4960543 , 0.4960543 ,
       0.4960543 , 0.4960543 , 0.52777376, 0.52777376, 0.52777376,
       0.52777376, 0.52777376, 0.52777376, 0.56180813, 0.56180813,
       0.56180813, 0.56180813, 0.56180813, 0.56180813, 0.63508881,
       0.63508881, 0.63508881, 0.63508881, 0.63508881, 0.63508881,
       0.67433558, 0.75336823, 0.79349156, 0.79349156, 0.83450836,
       1.        ]), array([0.        , 0.00149722, 0.0090551 , 0.01302235, 0.02007182,
       0.02946023, 0.04300054, 0.04579515, 0.05492062, 0.05827246,
       0.06588412, 0.07007074, 0.07948052, 0.07948052, 0.09603604,
       0.10190394, 0.10190394, 0.10190394, 0.11638191, 0.12395401,
       0.16393987, 0.18102169, 0.19865663, 0.21706258, 0.21706258,
       0.22708366, 0.22708366, 0.23798053, 0.26060318, 0.27216874,
       0.27216874, 0.2846685 , 0.29776428, 0.29776428, 0.29776428,
       0.29776428, 0.29776428, 0.29776428, 0.29776428, 0.3136864 ,
       0.3136864 , 0.34687136, 0.34687136, 0.34687136, 0.34687136,
       0.34687136, 0.34687136, 0.34687136, 0.34687136, 0.34687136,
       0.36726354, 0.38785016, 0.38785016, 0.38785016, 0.38785016,
       0.38785016, 0.41058272, 0.41058272, 0.41058272, 0.43474782,
       0.48351786, 0.50832901, 0.53354003, 0.53354003, 0.53354003,
       0.53354003, 0.53354003, 0.56096417, 0.56096417, 0.56096417,
       0.56096417, 0.58999199, 0.58999199, 0.61991999, 0.7103003 ,
       0.7103003 , 0.74117009, 0.77271349, 0.77271349, 0.77271349,
       0.77271349, 0.77271349, 0.80635025, 0.80635025, 0.80635025,
       0.80635025, 0.80635025, 0.8416453 , 0.8416453 , 0.8416453 ,
       0.8416453 , 0.8416453 , 0.8416453 , 0.8416453 , 0.8416453 ,
       0.88043075, 0.91971564, 0.91971564, 0.95969617, 1.        ,
       1.        ]), array([0.        , 0.00256282, 0.00578206, 0.00818432, 0.01311939,
       0.01475972, 0.01999505, 0.01999505, 0.02253423, 0.03089926,
       0.03422063, 0.03422063, 0.03799625, 0.04624544, 0.05528815,
       0.06490146, 0.07017071, 0.07584084, 0.07584084, 0.08191199,
       0.09506855, 0.09506855, 0.09506855, 0.09506855, 0.1028375 ,
       0.1028375 , 0.1028375 , 0.1028375 , 0.11219085, 0.11219085,
       0.13200829, 0.15251504, 0.15251504, 0.16347676, 0.16347676,
       0.16347676, 0.17550752, 0.17550752, 0.17550752, 0.17550752,
       0.17550752, 0.18915899, 0.18915899, 0.20326077, 0.21772599,
       0.23264546, 0.23264546, 0.23264546, 0.23264546, 0.23264546,
       0.23264546, 0.23264546, 0.24973823, 0.24973823, 0.24973823,
       0.24973823, 0.24973823, 0.24973823, 0.24973823, 0.24973823,
       0.24973823, 0.24973823, 0.24973823, 0.24973823, 0.24973823,
       0.24973823, 0.24973823, 0.24973823, 0.24973823, 0.27281557,
       0.29592476, 0.29592476, 0.29592476, 0.29592476, 0.29592476,
       0.29592476, 0.32114273, 0.32114273, 0.32114273, 0.32114273,
       0.34781412, 0.34781412, 0.34781412, 0.34781412, 0.34781412,
       0.34781412, 0.34781412, 0.34781412, 0.34781412, 0.3772965 ,
       0.40738579, 0.43779651, 0.46841217, 0.46841217, 0.46841217,
       0.46841217, 0.46841217, 0.50062398, 0.56587748, 0.5989693 ,
       1.        ]), array([0.        , 0.00208101, 0.00580541, 0.0111209 , 0.0137637 ,
       0.02026019, 0.02026019, 0.02262516, 0.02812113, 0.03470622,
       0.03827643, 0.03827643, 0.04268267, 0.05678876, 0.05678876,
       0.06777295, 0.0849355 , 0.09110517, 0.09757159, 0.09757159,
       0.09757159, 0.09757159, 0.09757159, 0.09757159, 0.09757159,
       0.09757159, 0.09757159, 0.09757159, 0.09757159, 0.09757159,
       0.1088617 , 0.13212314, 0.13212314, 0.14451274, 0.14451274,
       0.15750508, 0.15750508, 0.15750508, 0.15750508, 0.15750508,
       0.17258038, 0.18774206, 0.18774206, 0.2037391 , 0.2037391 ,
       0.2037391 , 0.2037391 , 0.2214327 , 0.2214327 , 0.2214327 ,
       0.2214327 , 0.24044476, 0.24044476, 0.26032586, 0.28050083,
       0.28050083, 0.28050083, 0.3018554 , 0.3018554 , 0.3018554 ,
       0.3018554 , 0.3018554 , 0.32509538, 0.32509538, 0.34901634,
       0.34901634, 0.37384815, 0.37384815, 0.39918794, 0.39918794,
       0.4253185 , 0.4253185 , 0.4253185 , 0.4253185 , 0.4253185 ,
       0.4253185 , 0.45371265, 0.45371265, 0.45371265, 0.45371265,
       0.45371265, 0.45371265, 0.45371265, 0.48500289, 0.48500289,
       0.48500289, 0.51720579, 0.51720579, 0.51720579, 0.51720579,
       0.51720579, 0.55125213, 0.58570767, 0.58570767, 0.58570767,
       0.58570767, 0.58570767, 0.58570767, 0.58570767, 0.62289126,
       1.        ])]",0.0036804868908264,0.0063679591337496,0.0175180190109076,0.0062536394354758,"[{'lambda_reg': 1.334859056593747e-05, 'gamma': 0.04374199596679483, 'coef0': -0.3667582696875238}, {'lambda_reg': 0.0001891874557219845, 'gamma': 0.20468630137358762, 'coef0': -0.17060267180702748}, {'lambda_reg': 0.006278634292448024, 'gamma': 0.024945457665843638, 'coef0': -2.028800780693061}, {'lambda_reg': 4.974807026512818e-05, 'gamma': 0.5368614640772595, 'coef0': 4.556896308620846}, {'lambda_reg': 0.00026890859529129927, 'gamma': 0.6089658295972743, 'coef0': -3.8703330652977117}]",600,3,sigmoid,166
"[np.float64(0.12325512812405756), np.float64(0.0934445626642591), np.float64(0.09665856824344982), np.float64(0.10662056060714634), np.float64(0.17640401320123325)]",0.1192765665680292,0.030392153170388,"[np.float64(0.7395477992209054), np.float64(0.8025531915120294), np.float64(0.7516825798283034), np.float64(0.7659613668821004), np.float64(0.6836984332873536)]",0.7486886741461384,0.0387710784423818,"[np.float64(0.8394613191746256), np.float64(0.9195836851860283), np.float64(0.9257116904317055), np.float64(0.9410813038860221), np.float64(0.7267084392915768)]",0.8705092875939918,0.0800982791039423,"[array([0.        , 0.08437908, 0.14682811, 0.16734554, 0.22851859,
       0.28892924, 0.34866856, 0.36835632, 0.44643341, 0.48495969,
       0.52328234, 0.61766448, 0.61766448, 0.63615314, 0.65448171,
       0.65448171, 0.65448171, 0.67209338, 0.70697884, 0.74152812,
       0.75845025, 0.75845025, 0.77499912, 0.77499912, 0.79122131,
       0.80713789, 0.80713789, 0.80713789, 0.82252345, 0.85278342,
       0.85278342, 0.86746528, 0.86746528, 0.86746528, 0.88144124,
       0.89528001, 0.89528001, 0.89528001, 0.89528001, 0.89528001,
       0.90800213, 0.92048261, 0.94539706, 0.95744564, 0.95744564,
       0.96909803, 0.96909803, 0.96909803, 0.98027383, 0.98027383,
       0.98027383, 0.98027383, 0.98027383, 0.98027383, 0.99007692,
       0.99007692, 0.99007692, 0.99007692, 0.99007692, 0.99007692,
       0.99007692, 0.99007692, 0.99007692, 0.99007692, 0.99007692,
       0.99007692, 0.99007692, 0.99007692, 0.99007692, 0.99007692,
       0.99007692, 0.99007692, 0.99007692, 0.99007692, 0.99007692,
       0.99542547, 0.99542547, 0.99542547, 0.99542547, 0.99542547,
       0.99542547, 0.99542547, 0.99542547, 0.99542547, 0.99901579,
       0.99901579, 0.99901579, 0.99901579, 0.99901579, 0.99901579,
       0.99901579, 0.99901579, 0.99901579, 0.99901579, 0.99901579,
       0.99901579, 0.99901579, 0.99901579, 0.99960357, 1.        ,
       1.        ]), array([0.        , 0.31759257, 0.3623864 , 0.40670926, 0.45067535,
       0.47245246, 0.53677604, 0.57915672, 0.57915672, 0.62084593,
       0.64151371, 0.68216433, 0.68216433, 0.70215403, 0.70215403,
       0.70215403, 0.72132206, 0.72132206, 0.75895299, 0.77749341,
       0.77749341, 0.77749341, 0.79538363, 0.81297276, 0.81297276,
       0.81297276, 0.81297276, 0.81297276, 0.81297276, 0.82928984,
       0.845258  , 0.845258  , 0.86084868, 0.86084868, 0.87600589,
       0.87600589, 0.87600589, 0.87600589, 0.87600589, 0.87600589,
       0.90357658, 0.91710393, 0.91710393, 0.91710393, 0.91710393,
       0.91710393, 0.91710393, 0.91710393, 0.91710393, 0.91710393,
       0.92852793, 0.92852793, 0.93960227, 0.93960227, 0.93960227,
       0.93960227, 0.93960227, 0.93960227, 0.94935307, 0.94935307,
       0.9676563 , 0.9676563 , 0.9676563 , 0.9676563 , 0.9676563 ,
       0.97572052, 0.97572052, 0.97572052, 0.97572052, 0.97572052,
       0.98255393, 0.98255393, 0.98901422, 0.98901422, 0.98901422,
       0.98901422, 0.98901422, 0.98901422, 0.99409986, 0.99409986,
       0.99409986, 0.99409986, 0.99409986, 0.99409986, 0.99409986,
       0.99409986, 0.99409986, 0.99409986, 0.99409986, 0.99409986,
       0.99409986, 0.99615259, 0.99615259, 0.99775059, 0.99775059,
       0.99891483, 0.99988898, 0.99988898, 0.99988898, 0.99988898,
       1.        ]), array([0.02200057, 0.46110718, 0.52604728, 0.54758472, 0.54758472,
       0.56866734, 0.58948887, 0.58948887, 0.58948887, 0.60962039,
       0.64950215, 0.64950215, 0.66901682, 0.66901682, 0.66901682,
       0.68783614, 0.72494226, 0.72494226, 0.72494226, 0.72494226,
       0.72494226, 0.7423613 , 0.77709109, 0.7941741 , 0.81107096,
       0.81107096, 0.81107096, 0.8433334 , 0.8433334 , 0.8433334 ,
       0.8742693 , 0.8742693 , 0.88933413, 0.90427531, 0.90427531,
       0.90427531, 0.90427531, 0.90427531, 0.90427531, 0.90427531,
       0.90427531, 0.90427531, 0.91714148, 0.91714148, 0.92948449,
       0.94165293, 0.95366688, 0.95366688, 0.95366688, 0.95366688,
       0.96488077, 0.96488077, 0.96488077, 0.97540865, 0.97540865,
       0.97540865, 0.97540865, 0.97540865, 0.97540865, 0.97540865,
       0.97540865, 0.97540865, 0.97540865, 0.97540865, 0.97540865,
       0.97540865, 0.97540865, 0.98275596, 0.98275596, 0.98275596,
       0.98275596, 0.98275596, 0.98275596, 0.98879836, 0.98879836,
       0.98879836, 0.98879836, 0.98879836, 0.98879836, 0.98879836,
       0.99334999, 0.99334999, 0.99334999, 0.99334999, 0.99702184,
       0.99702184, 0.99702184, 0.99702184, 0.99702184, 0.99702184,
       0.99702184, 0.99702184, 0.99702184, 0.99876659, 0.99876659,
       0.99876659, 0.99967968, 0.99967968, 0.99967968, 0.99998922,
       1.        ]), array([0.        , 0.31723187, 0.42943836, 0.45161339, 0.5175298 ,
       0.56095355, 0.6471227 , 0.66848086, 0.68946325, 0.71017125,
       0.71017125, 0.71017125, 0.75046524, 0.77038792, 0.77038792,
       0.77038792, 0.78961963, 0.78961963, 0.80841911, 0.80841911,
       0.84512696, 0.84512696, 0.86304017, 0.86304017, 0.86304017,
       0.86304017, 0.86304017, 0.86304017, 0.86304017, 0.87919314,
       0.87919314, 0.89489771, 0.89489771, 0.89489771, 0.91007806,
       0.91007806, 0.91007806, 0.91007806, 0.91007806, 0.91007806,
       0.91007806, 0.92354067, 0.92354067, 0.92354067, 0.92354067,
       0.92354067, 0.9360228 , 0.9360228 , 0.9360228 , 0.9360228 ,
       0.9360228 , 0.9360228 , 0.94701437, 0.94701437, 0.95751664,
       0.96779427, 0.96779427, 0.96779427, 0.96779427, 0.96779427,
       0.96779427, 0.96779427, 0.96779427, 0.96779427, 0.96779427,
       0.96779427, 0.96779427, 0.96779427, 0.96779427, 0.96779427,
       0.97476894, 0.97476894, 0.97476894, 0.97476894, 0.97476894,
       0.97476894, 0.97476894, 0.97476894, 0.97476894, 0.97476894,
       0.97476894, 0.97916933, 0.98344035, 0.98344035, 0.98344035,
       0.98344035, 0.98678207, 0.98678207, 0.98970221, 0.9923286 ,
       0.994777  , 0.99908675, 0.99908675, 0.99908675, 0.99908675,
       0.99908675, 0.99908675, 0.9997858 , 0.9997858 , 0.9997858 ,
       1.        ]), array([0.        , 0.        , 0.        , 0.        , 0.03900662,
       0.11621475, 0.11621475, 0.19177391, 0.26650785, 0.37746809,
       0.43220356, 0.45026111, 0.48597812, 0.57425121, 0.62655864,
       0.62655864, 0.64361178, 0.64361178, 0.67697628, 0.69353658,
       0.70970199, 0.74176142, 0.7577046 , 0.7577046 , 0.78878258,
       0.81909079, 0.81909079, 0.8338758 , 0.84853138, 0.86291133,
       0.86291133, 0.87701518, 0.89086351, 0.90445178, 0.93129596,
       0.93129596, 0.95722565, 0.95722565, 0.98245334, 0.98245334,
       0.98245334, 0.98245334, 0.98245334, 0.98245334, 0.98245334,
       0.98245334, 0.98245334, 0.98245334, 0.98245334, 0.98245334,
       0.98245334, 0.98245334, 0.98245334, 0.98245334, 0.98245334,
       0.98245334, 0.99134314, 0.99134314, 1.        , 1.        ,
       1.        , 1.        , 1.        , 1.        , 1.        ,
       1.        , 1.        , 1.        , 1.        , 1.        ,
       1.        , 1.        , 1.        , 1.        , 1.        ,
       1.        , 1.        , 1.        , 1.        , 1.        ,
       1.        , 1.        , 1.        , 1.        , 1.        ,
       1.        , 1.        , 1.        , 1.        , 1.        ,
       1.        , 1.        , 1.        , 1.        , 1.        ,
       1.        , 1.        , 1.        , 1.        , 1.        ,
       1.        ])]","[array([0.00000000e+00, 4.75123447e-04, 3.95296252e-03, 6.22924186e-03,
       1.44754323e-02, 2.55706775e-02, 3.91747204e-02, 4.45515108e-02,
       6.85772590e-02, 8.25045058e-02, 9.71926772e-02, 1.39236473e-01,
       1.39236473e-01, 1.49094322e-01, 1.59550446e-01, 1.59550446e-01,
       1.59550446e-01, 1.72685629e-01, 2.00218647e-01, 2.29007962e-01,
       2.44719939e-01, 2.44719939e-01, 2.61826823e-01, 2.61826823e-01,
       2.80154510e-01, 2.99624249e-01, 2.99624249e-01, 2.99624249e-01,
       3.21078448e-01, 3.65896973e-01, 3.65896973e-01, 3.89980882e-01,
       3.89980882e-01, 3.89980882e-01, 4.16702760e-01, 4.43937320e-01,
       4.43937320e-01, 4.43937320e-01, 4.43937320e-01, 4.43937320e-01,
       4.75344818e-01, 5.07655319e-01, 5.72450120e-01, 6.06374639e-01,
       6.06374639e-01, 6.41779740e-01, 6.41779740e-01, 6.41779740e-01,
       6.78965829e-01, 6.78965829e-01, 6.78965829e-01, 6.78965829e-01,
       6.78965829e-01, 6.78965829e-01, 7.21281778e-01, 7.21281778e-01,
       7.21281778e-01, 7.21281778e-01, 7.21281778e-01, 7.21281778e-01,
       7.21281778e-01, 7.21281778e-01, 7.21281778e-01, 7.21281778e-01,
       7.21281778e-01, 7.21281778e-01, 7.21281778e-01, 7.21281778e-01,
       7.21281778e-01, 7.21281778e-01, 7.21281778e-01, 7.21281778e-01,
       7.21281778e-01, 7.21281778e-01, 7.21281778e-01, 7.80244415e-01,
       7.80244415e-01, 7.80244415e-01, 7.80244415e-01, 7.80244415e-01,
       7.80244415e-01, 7.80244415e-01, 7.80244415e-01, 7.80244415e-01,
       8.45777548e-01, 8.45777548e-01, 8.45777548e-01, 8.45777548e-01,
       8.45777548e-01, 8.45777548e-01, 8.45777548e-01, 8.45777548e-01,
       8.45777548e-01, 8.45777548e-01, 8.45777548e-01, 8.45777548e-01,
       8.45777548e-01, 8.45777548e-01, 9.22531223e-01, 1.00000000e+00,
       1.00000000e+00]), array([0.        , 0.00216195, 0.00405258, 0.00723534, 0.01139692,
       0.01404272, 0.02474491, 0.03325621, 0.03325621, 0.04366456,
       0.0493539 , 0.06261171, 0.06261171, 0.07016139, 0.07016139,
       0.07016139, 0.0799654 , 0.0799654 , 0.10150796, 0.11303383,
       0.11303383, 0.11303383, 0.1263436 , 0.14047942, 0.14047942,
       0.14047942, 0.14047942, 0.14047942, 0.14047942, 0.1581052 ,
       0.17668828, 0.17668828, 0.19630698, 0.19630698, 0.21711497,
       0.21711497, 0.21711497, 0.21711497, 0.21711497, 0.21711497,
       0.26625852, 0.29153814, 0.29153814, 0.29153814, 0.29153814,
       0.29153814, 0.29153814, 0.29153814, 0.29153814, 0.29153814,
       0.32258843, 0.32258843, 0.35459807, 0.35459807, 0.35459807,
       0.35459807, 0.35459807, 0.35459807, 0.39023892, 0.39023892,
       0.46480843, 0.46480843, 0.46480843, 0.46480843, 0.46480843,
       0.50507655, 0.50507655, 0.50507655, 0.50507655, 0.50507655,
       0.54872149, 0.54872149, 0.59339009, 0.59339009, 0.59339009,
       0.59339009, 0.59339009, 0.59339009, 0.64183014, 0.64183014,
       0.64183014, 0.64183014, 0.64183014, 0.64183014, 0.64183014,
       0.64183014, 0.64183014, 0.64183014, 0.64183014, 0.64183014,
       0.64183014, 0.69859122, 0.69859122, 0.75659988, 0.75659988,
       0.81579858, 0.87551882, 0.87551882, 0.87551882, 0.87551882,
       1.        ]), array([0.        , 0.0028273 , 0.0061445 , 0.00759163, 0.00759163,
       0.0104599 , 0.01414401, 0.01414401, 0.01414401, 0.01998417,
       0.03285589, 0.03285589, 0.04062348, 0.04062348, 0.04062348,
       0.05056383, 0.07210848, 0.07210848, 0.07210848, 0.07210848,
       0.07210848, 0.08642421, 0.11539409, 0.13075984, 0.14670721,
       0.14670721, 0.14670721, 0.18338673, 0.18338673, 0.18338673,
       0.22421124, 0.22421124, 0.2458831 , 0.26794133, 0.26794133,
       0.26794133, 0.26794133, 0.26794133, 0.26794133, 0.26794133,
       0.26794133, 0.26794133, 0.29648328, 0.29648328, 0.32665992,
       0.35738207, 0.38858692, 0.38858692, 0.38858692, 0.38858692,
       0.42229166, 0.42229166, 0.42229166, 0.45813998, 0.45813998,
       0.45813998, 0.45813998, 0.45813998, 0.45813998, 0.45813998,
       0.45813998, 0.45813998, 0.45813998, 0.45813998, 0.45813998,
       0.45813998, 0.45813998, 0.50392653, 0.50392653, 0.50392653,
       0.50392653, 0.50392653, 0.50392653, 0.55379045, 0.55379045,
       0.55379045, 0.55379045, 0.55379045, 0.55379045, 0.55379045,
       0.60831257, 0.60831257, 0.60831257, 0.60831257, 0.66558367,
       0.66558367, 0.66558367, 0.66558367, 0.66558367, 0.66558367,
       0.66558367, 0.66558367, 0.66558367, 0.72887632, 0.72887632,
       0.72887632, 0.79476764, 0.79476764, 0.79476764, 0.86254484,
       1.        ]), array([0.        , 0.00294301, 0.00698896, 0.00852933, 0.01482194,
       0.0204464 , 0.0335581 , 0.03734164, 0.04215707, 0.04772602,
       0.04772602, 0.04772602, 0.06194497, 0.06967042, 0.06967042,
       0.06967042, 0.07929335, 0.07929335, 0.09010316, 0.09010316,
       0.11416989, 0.11416989, 0.12741346, 0.12741346, 0.12741346,
       0.12741346, 0.12741346, 0.12741346, 0.12741346, 0.14549079,
       0.14549079, 0.16479941, 0.16479941, 0.16479941, 0.18554759,
       0.18554759, 0.18554759, 0.18554759, 0.18554759, 0.18554759,
       0.18554759, 0.21101281, 0.21101281, 0.21101281, 0.21101281,
       0.21101281, 0.23917044, 0.23917044, 0.23917044, 0.23917044,
       0.23917044, 0.23917044, 0.27142125, 0.27142125, 0.30501571,
       0.33922706, 0.33922706, 0.33922706, 0.33922706, 0.33922706,
       0.33922706, 0.33922706, 0.33922706, 0.33922706, 0.33922706,
       0.33922706, 0.33922706, 0.33922706, 0.33922706, 0.33922706,
       0.38250852, 0.38250852, 0.38250852, 0.38250852, 0.38250852,
       0.38250852, 0.38250852, 0.38250852, 0.38250852, 0.38250852,
       0.38250852, 0.4328591 , 0.48356495, 0.48356495, 0.48356495,
       0.48356495, 0.53682271, 0.53682271, 0.59123815, 0.64646024,
       0.70217109, 0.81520489, 0.81520489, 0.81520489, 0.81520489,
       0.81520489, 0.81520489, 0.87571957, 0.87571957, 0.87571957,
       1.        ]), array([0.        , 0.        , 0.        , 0.        , 0.00654474,
       0.02343583, 0.02343583, 0.0481132 , 0.07668712, 0.12493417,
       0.1525738 , 0.16267292, 0.18475079, 0.24475916, 0.28386375,
       0.28386375, 0.29870555, 0.29870555, 0.33189169, 0.34906063,
       0.36809414, 0.4074427 , 0.4275256 , 0.4275256 , 0.47150847,
       0.51912608, 0.51912608, 0.54467771, 0.57084047, 0.59830473,
       0.59830473, 0.62707272, 0.65704726, 0.68824976, 0.75222412,
       0.75222412, 0.82051659, 0.82051659, 0.89212382, 0.89212382,
       0.89212382, 0.89212382, 0.89212382, 0.89212382, 0.89212382,
       0.89212382, 0.89212382, 0.89212382, 0.89212382, 0.89212382,
       0.89212382, 0.89212382, 0.89212382, 0.89212382, 0.89212382,
       0.89212382, 0.94551197, 0.94551197, 1.        , 1.        ,
       1.        , 1.        , 1.        , 1.        , 1.        ,
       1.        , 1.        , 1.        , 1.        , 1.        ,
       1.        , 1.        , 1.        , 1.        , 1.        ,
       1.        , 1.        , 1.        , 1.        , 1.        ,
       1.        , 1.        , 1.        , 1.        , 1.        ,
       1.        , 1.        , 1.        , 1.        , 1.        ,
       1.        , 1.        , 1.        , 1.        , 1.        ,
       1.        , 1.        , 1.        , 1.        , 1.        ,
       1.        ])]",0.0141060585872424,0.0182950542936737,0.0286533883301872,0.0192638701738198,"[{'lambda_reg': 0.003113085481924281, 'gamma': 0.29654679464492123, 'coef0': -4.381805685761433}, {'lambda_reg': 2.0900846909954658e-05, 'gamma': 0.13295527761926945, 'coef0': -3.7143756211811296}, {'lambda_reg': 1.761365302401383e-05, 'gamma': 0.19198689702779134, 'coef0': 0.009365990872365337}, {'lambda_reg': 2.268353104196744e-05, 'gamma': 0.2424097856804679, 'coef0': -1.9839821604983676}, {'lambda_reg': 6.503972244239861e-05, 'gamma': 0.005483268591591125, 'coef0': 3.6404471971069796}]",300,3,sigmoid,145
"[np.float64(0.10512645313518951), np.float64(0.05583117175886903), np.float64(0.07944533161197521), np.float64(0.12445703614649065), np.float64(0.10494861365105834)]",0.0939617212607165,0.0238327155228071,"[np.float64(0.800874083070173), np.float64(0.8010647982165542), np.float64(0.7486878842250534), np.float64(0.7238917442908602), np.float64(0.857926444057837)]",0.7864889907720956,0.0466262451806876,"[np.float64(0.8926375440761533), np.float64(0.9277174663156722), np.float64(0.9220782416665416), np.float64(0.9245337803671101), np.float64(0.9423589237538679)]",0.921865191235869,0.0162213705528182,"[array([0.        , 0.        , 0.02914107, 0.17377097, 0.23094708,
       0.3159479 , 0.34386087, 0.37141036, 0.37141036, 0.4256875 ,
       0.45239835, 0.45239835, 0.47867283, 0.47867283, 0.50417186,
       0.50417186, 0.50417186, 0.52902699, 0.55345796, 0.57754855,
       0.57754855, 0.64809101, 0.67132624, 0.67132624, 0.67132624,
       0.67132624, 0.67132624, 0.67132624, 0.67132624, 0.69251641,
       0.69251641, 0.69251641, 0.69251641, 0.69251641, 0.71226891,
       0.73163424, 0.75081514, 0.76968295, 0.76968295, 0.76968295,
       0.76968295, 0.76968295, 0.78698896, 0.78698896, 0.80386596,
       0.80386596, 0.80386596, 0.81975419, 0.83534747, 0.83534747,
       0.83534747, 0.83534747, 0.83534747, 0.84944428, 0.84944428,
       0.86302469, 0.86302469, 0.86302469, 0.86302469, 0.88758636,
       0.88758636, 0.89932801, 0.91066018, 0.91066018, 0.91066018,
       0.91066018, 0.91066018, 0.91066018, 0.92027525, 0.92027525,
       0.94710203, 0.94710203, 0.94710203, 0.94710203, 0.94710203,
       0.96197473, 0.96197473, 0.96902956, 0.96902956, 0.97533812,
       0.97533812, 0.97533812, 0.98069268, 0.98069268, 0.98069268,
       0.98069268, 0.98918113, 0.98918113, 0.98918113, 0.98918113,
       0.99243389, 0.99243389, 0.99243389, 0.99459964, 0.99649399,
       0.99798536, 0.99798536, 0.99798536, 0.99970351, 0.99970351,
       1.        ]), array([0.        , 0.        , 0.02923069, 0.11602104, 0.23070041,
       0.31572319, 0.4282011 , 0.45591478, 0.45591478, 0.51034458,
       0.5639177 , 0.5639177 , 0.64273354, 0.64273354, 0.64273354,
       0.66814049, 0.69328866, 0.69328866, 0.69328866, 0.69328866,
       0.69328866, 0.74058045, 0.74058045, 0.76356499, 0.76356499,
       0.76356499, 0.76356499, 0.76356499, 0.76356499, 0.76356499,
       0.76356499, 0.78421343, 0.78421343, 0.78421343, 0.78421343,
       0.78421343, 0.78421343, 0.80302664, 0.80302664, 0.80302664,
       0.80302664, 0.82079147, 0.82079147, 0.8549036 , 0.87176788,
       0.87176788, 0.88792989, 0.88792989, 0.9035046 , 0.9035046 ,
       0.91856997, 0.91856997, 0.91856997, 0.91856997, 0.91856997,
       0.91856997, 0.93179054, 0.93179054, 0.93179054, 0.93179054,
       0.94374984, 0.94374984, 0.94374984, 0.94374984, 0.94374984,
       0.94374984, 0.94374984, 0.94374984, 0.94374984, 0.95313222,
       0.95313222, 0.95313222, 0.95313222, 0.96119399, 0.96119399,
       0.96874755, 0.96874755, 0.97567404, 0.97567404, 0.98193108,
       0.98193108, 0.98193108, 0.98193108, 0.98193108, 0.98193108,
       0.98650429, 0.98650429, 0.98650429, 0.98650429, 0.98650429,
       0.98650429, 0.98924994, 0.99163913, 0.99163913, 0.99359379,
       0.99359379, 0.99616233, 0.99823195, 0.99967765, 0.99967765,
       1.        ]), array([0.        , 0.        , 0.20824111, 0.32641235, 0.32641235,
       0.41326835, 0.49901209, 0.49901209, 0.5268825 , 0.5268825 ,
       0.5268825 , 0.55387196, 0.55387196, 0.55387196, 0.55387196,
       0.57966767, 0.60520609, 0.63062849, 0.65562025, 0.65562025,
       0.65562025, 0.65562025, 0.65562025, 0.65562025, 0.65562025,
       0.65562025, 0.65562025, 0.67792288, 0.69985525, 0.69985525,
       0.69985525, 0.69985525, 0.72067152, 0.74110699, 0.76135564,
       0.76135564, 0.78102704, 0.78102704, 0.79995046, 0.81854452,
       0.81854452, 0.81854452, 0.81854452, 0.81854452, 0.81854452,
       0.83538874, 0.83538874, 0.83538874, 0.83538874, 0.83538874,
       0.85053628, 0.85053628, 0.86516921, 0.86516921, 0.86516921,
       0.8788123 , 0.8788123 , 0.90517353, 0.90517353, 0.90517353,
       0.92967011, 0.92967011, 0.92967011, 0.92967011, 0.92967011,
       0.92967011, 0.92967011, 0.92967011, 0.92967011, 0.94883066,
       0.95820228, 0.96701816, 0.96701816, 0.96701816, 0.97511723,
       0.97511723, 0.97511723, 0.97511723, 0.97511723, 0.97511723,
       0.9813429 , 0.9813429 , 0.9813429 , 0.98664211, 0.98664211,
       0.98664211, 0.98664211, 0.98664211, 0.98664211, 0.99002239,
       0.99622249, 0.99622249, 0.99622249, 0.99622249, 0.99622249,
       0.99622249, 0.99622249, 0.99723825, 0.99882783, 0.99979114,
       1.        ]), array([0.        , 0.        , 0.        , 0.16779338, 0.23405017,
       0.3651912 , 0.3651912 , 0.39751469, 0.42927602, 0.46073953,
       0.49185774, 0.49185774, 0.52234473, 0.52234473, 0.55215512,
       0.55215512, 0.55215512, 0.55215512, 0.55215512, 0.55215512,
       0.55215512, 0.57963297, 0.57963297, 0.57963297, 0.57963297,
       0.60573877, 0.63143101, 0.63143101, 0.63143101, 0.65587214,
       0.65587214, 0.65587214, 0.6793889 , 0.72570636, 0.77154802,
       0.77154802, 0.79390766, 0.79390766, 0.81555049, 0.81555049,
       0.81555049, 0.81555049, 0.83571365, 0.83571365, 0.83571365,
       0.83571365, 0.83571365, 0.8540029 , 0.87202316, 0.8897013 ,
       0.8897013 , 0.8897013 , 0.8897013 , 0.8897013 , 0.8897013 ,
       0.8897013 , 0.8897013 , 0.8897013 , 0.8897013 , 0.90382918,
       0.90382918, 0.90382918, 0.90382918, 0.91666936, 0.92913316,
       0.92913316, 0.92913316, 0.94054676, 0.94054676, 0.94054676,
       0.94054676, 0.94054676, 0.94054676, 0.94054676, 0.94974856,
       0.94974856, 0.94974856, 0.95768835, 0.95768835, 0.95768835,
       0.95768835, 0.96435863, 0.97067403, 0.97067403, 0.97626488,
       0.97626488, 0.97626488, 0.97626488, 0.97626488, 0.97626488,
       0.98368899, 0.98707347, 0.98707347, 0.98707347, 0.99351975,
       0.99351975, 0.99500375, 0.99835082, 0.99915365, 0.99969761,
       1.        ]), array([0.        , 0.        , 0.        , 0.07783586, 0.19327748,
       0.23132348, 0.38230587, 0.45674588, 0.49361399, 0.52995854,
       0.52995854, 0.52995854, 0.52995854, 0.56484468, 0.63389747,
       0.63389747, 0.63389747, 0.63389747, 0.63389747, 0.66631397,
       0.66631397, 0.69795116, 0.69795116, 0.69795116, 0.69795116,
       0.69795116, 0.69795116, 0.69795116, 0.69795116, 0.69795116,
       0.69795116, 0.72575011, 0.72575011, 0.75273176, 0.75273176,
       0.75273176, 0.75273176, 0.77820549, 0.77820549, 0.77820549,
       0.77820549, 0.77820549, 0.77820549, 0.77820549, 0.80095751,
       0.80095751, 0.82281416, 0.82281416, 0.82281416, 0.82281416,
       0.8427944 , 0.8427944 , 0.86207476, 0.86207476, 0.86207476,
       0.86207476, 0.86207476, 0.87959585, 0.89661981, 0.89661981,
       0.89661981, 0.89661981, 0.91201291, 0.91201291, 0.91201291,
       0.91201291, 0.91201291, 0.91201291, 0.92493669, 0.92493669,
       0.92493669, 0.92493669, 0.92493669, 0.92493669, 0.92493669,
       0.92493669, 0.92493669, 0.92493669, 0.92493669, 0.94211325,
       0.95868411, 0.95868411, 0.96609742, 0.96609742, 0.96609742,
       0.96609742, 0.96609742, 0.97165324, 0.97165324, 0.97165324,
       0.97565778, 0.97565778, 0.98243119, 0.98550046, 0.99065898,
       0.99269821, 0.99436007, 0.99436007, 0.99620839, 0.99812413,
       1.        ])]","[array([0.00000000e+00, 0.00000000e+00, 6.18247988e-04, 5.09308522e-03,
       7.75251799e-03, 1.27236875e-02, 1.49219037e-02, 1.75877339e-02,
       1.75877339e-02, 2.39767098e-02, 2.77214595e-02, 2.77214595e-02,
       3.20276013e-02, 3.20276013e-02, 3.73313668e-02, 3.73313668e-02,
       3.73313668e-02, 4.34635116e-02, 5.01413369e-02, 5.72570715e-02,
       5.72570715e-02, 8.08290398e-02, 8.90452012e-02, 8.90452012e-02,
       8.90452012e-02, 8.90452012e-02, 8.90452012e-02, 8.90452012e-02,
       8.90452012e-02, 9.98923576e-02, 9.98923576e-02, 9.98923576e-02,
       9.98923576e-02, 9.98923576e-02, 1.12589075e-01, 1.25783890e-01,
       1.39215967e-01, 1.53050850e-01, 1.53050850e-01, 1.53050850e-01,
       1.53050850e-01, 1.53050850e-01, 1.68895001e-01, 1.68895001e-01,
       1.85291076e-01, 1.85291076e-01, 1.85291076e-01, 2.02959201e-01,
       2.21006783e-01, 2.21006783e-01, 2.21006783e-01, 2.21006783e-01,
       2.21006783e-01, 2.40979595e-01, 2.40979595e-01, 2.61616749e-01,
       2.61616749e-01, 2.61616749e-01, 2.61616749e-01, 3.06234897e-01,
       3.06234897e-01, 3.29237634e-01, 3.52767178e-01, 3.52767178e-01,
       3.52767178e-01, 3.52767178e-01, 3.52767178e-01, 3.52767178e-01,
       3.78505772e-01, 3.78505772e-01, 4.58318298e-01, 4.58318298e-01,
       4.58318298e-01, 4.58318298e-01, 4.58318298e-01, 5.15401371e-01,
       5.15401371e-01, 5.44433740e-01, 5.44433740e-01, 5.74426183e-01,
       5.74426183e-01, 5.74426183e-01, 6.05645961e-01, 6.05645961e-01,
       6.05645961e-01, 6.05645961e-01, 6.70942431e-01, 6.70942431e-01,
       6.70942431e-01, 6.70942431e-01, 7.04866187e-01, 7.04866187e-01,
       7.04866187e-01, 7.40188388e-01, 7.75859753e-01, 8.12049549e-01,
       8.12049549e-01, 8.12049549e-01, 8.86056054e-01, 8.86056054e-01,
       1.00000000e+00]), array([0.00000000e+00, 0.00000000e+00, 6.30928591e-04, 3.67460125e-03,
       9.06159713e-03, 1.43612573e-02, 2.25580222e-02, 2.51251475e-02,
       2.51251475e-02, 3.15325958e-02, 3.90334460e-02, 3.90334460e-02,
       5.22551529e-02, 5.22551529e-02, 5.22551529e-02, 5.77664011e-02,
       6.36079373e-02, 6.36079373e-02, 6.36079373e-02, 6.36079373e-02,
       6.36079373e-02, 7.91257849e-02, 7.91257849e-02, 8.77288201e-02,
       8.77288201e-02, 8.77288201e-02, 8.77288201e-02, 8.77288201e-02,
       8.77288201e-02, 8.77288201e-02, 8.77288201e-02, 9.93134533e-02,
       9.93134533e-02, 9.93134533e-02, 9.93134533e-02, 9.93134533e-02,
       9.93134533e-02, 1.13240446e-01, 1.13240446e-01, 1.13240446e-01,
       1.13240446e-01, 1.28505506e-01, 1.28505506e-01, 1.60844834e-01,
       1.77259287e-01, 1.77259287e-01, 1.94570053e-01, 1.94570053e-01,
       2.12630416e-01, 2.12630416e-01, 2.31340852e-01, 2.31340852e-01,
       2.31340852e-01, 2.31340852e-01, 2.31340852e-01, 2.31340852e-01,
       2.52405840e-01, 2.52405840e-01, 2.52405840e-01, 2.52405840e-01,
       2.75080624e-01, 2.75080624e-01, 2.75080624e-01, 2.75080624e-01,
       2.75080624e-01, 2.75080624e-01, 2.75080624e-01, 2.75080624e-01,
       2.75080624e-01, 3.01044385e-01, 3.01044385e-01, 3.01044385e-01,
       3.01044385e-01, 3.28693680e-01, 3.28693680e-01, 3.56991606e-01,
       3.56991606e-01, 3.86089866e-01, 3.86089866e-01, 4.16042564e-01,
       4.16042564e-01, 4.16042564e-01, 4.16042564e-01, 4.16042564e-01,
       4.16042564e-01, 4.48144387e-01, 4.48144387e-01, 4.48144387e-01,
       4.48144387e-01, 4.48144387e-01, 4.48144387e-01, 4.82578744e-01,
       5.17468076e-01, 5.17468076e-01, 5.52911993e-01, 5.52911993e-01,
       6.25511115e-01, 6.98747012e-01, 7.72779232e-01, 7.72779232e-01,
       1.00000000e+00]), array([0.        , 0.        , 0.00446359, 0.00802344, 0.00802344,
       0.01286503, 0.01906943, 0.01906943, 0.02200854, 0.02200854,
       0.02200854, 0.02602702, 0.02602702, 0.02602702, 0.02602702,
       0.03150819, 0.03730459, 0.04324316, 0.04970936, 0.04970936,
       0.04970936, 0.04970936, 0.04970936, 0.04970936, 0.04970936,
       0.04970936, 0.04970936, 0.05947048, 0.06968525, 0.06968525,
       0.06968525, 0.06968525, 0.08126755, 0.09331643, 0.10559421,
       0.10559421, 0.11857928, 0.11857928, 0.13248083, 0.14678592,
       0.14678592, 0.14678592, 0.14678592, 0.14678592, 0.14678592,
       0.16323505, 0.16323505, 0.16323505, 0.16323505, 0.16323505,
       0.18176305, 0.18176305, 0.20092157, 0.20092157, 0.20092157,
       0.22129293, 0.22129293, 0.26316895, 0.26316895, 0.26316895,
       0.30732966, 0.30732966, 0.30732966, 0.30732966, 0.30732966,
       0.30732966, 0.30732966, 0.30732966, 0.30732966, 0.35802842,
       0.38363346, 0.40991944, 0.40991944, 0.40991944, 0.43708368,
       0.43708368, 0.43708368, 0.43708368, 0.43708368, 0.43708368,
       0.46654335, 0.46654335, 0.46654335, 0.49713818, 0.49713818,
       0.49713818, 0.49713818, 0.49713818, 0.49713818, 0.53008421,
       0.59666298, 0.59666298, 0.59666298, 0.59666298, 0.59666298,
       0.59666298, 0.59666298, 0.63250618, 0.70473406, 0.77772928,
       1.        ]), array([0.        , 0.        , 0.        , 0.00401814, 0.00643353,
       0.01255327, 0.01255327, 0.01451684, 0.01700833, 0.0197795 ,
       0.02287494, 0.02287494, 0.02656314, 0.02656314, 0.03088672,
       0.03088672, 0.03088672, 0.03088672, 0.03088672, 0.03088672,
       0.03088672, 0.03740077, 0.03740077, 0.03740077, 0.03740077,
       0.04520328, 0.05339417, 0.05339417, 0.05339417, 0.06275995,
       0.06275995, 0.06275995, 0.07299379, 0.09413392, 0.11572086,
       0.11572086, 0.12704134, 0.12704134, 0.13903497, 0.13903497,
       0.13903497, 0.13903497, 0.15241813, 0.15241813, 0.15241813,
       0.15241813, 0.15241813, 0.16756106, 0.18295658, 0.19867339,
       0.19867339, 0.19867339, 0.19867339, 0.19867339, 0.19867339,
       0.19867339, 0.19867339, 0.19867339, 0.19867339, 0.21772419,
       0.21772419, 0.21772419, 0.21772419, 0.23798426, 0.25859778,
       0.25859778, 0.25859778, 0.28019752, 0.28019752, 0.28019752,
       0.28019752, 0.28019752, 0.28019752, 0.28019752, 0.30387434,
       0.30387434, 0.30387434, 0.32873628, 0.32873628, 0.32873628,
       0.32873628, 0.35479041, 0.3811778 , 0.3811778 , 0.4082456 ,
       0.4082456 , 0.4082456 , 0.4082456 , 0.4082456 , 0.4082456 ,
       0.46590991, 0.49504968, 0.49504968, 0.49504968, 0.58595034,
       0.58595034, 0.61687483, 0.71068591, 0.74225008, 0.77405734,
       1.        ]), array([0.        , 0.        , 0.        , 0.00144143, 0.00454391,
       0.00588948, 0.01213285, 0.01600785, 0.01819753, 0.02076241,
       0.02076241, 0.02076241, 0.02076241, 0.02437243, 0.03210808,
       0.03210808, 0.03210808, 0.03210808, 0.03210808, 0.03748792,
       0.03748792, 0.04342624, 0.04342624, 0.04342624, 0.04342624,
       0.04342624, 0.04342624, 0.04342624, 0.04342624, 0.04342624,
       0.04342624, 0.05211516, 0.05211516, 0.06138979, 0.06138979,
       0.06138979, 0.06138979, 0.07174504, 0.07174504, 0.07174504,
       0.07174504, 0.07174504, 0.07174504, 0.07174504, 0.08405075,
       0.08405075, 0.09699811, 0.09699811, 0.09699811, 0.09699811,
       0.11129017, 0.11129017, 0.12608378, 0.12608378, 0.12608378,
       0.12608378, 0.12608378, 0.14213814, 0.15854876, 0.15854876,
       0.15854876, 0.15854876, 0.1761281 , 0.1761281 , 0.1761281 ,
       0.1761281 , 0.1761281 , 0.1761281 , 0.19547704, 0.19547704,
       0.19547704, 0.19547704, 0.19547704, 0.19547704, 0.19547704,
       0.19547704, 0.19547704, 0.19547704, 0.19547704, 0.24038882,
       0.28573467, 0.28573467, 0.30903258, 0.30903258, 0.30903258,
       0.30903258, 0.30903258, 0.33366163, 0.33366163, 0.33366163,
       0.35940237, 0.35940237, 0.41176938, 0.43818037, 0.49170466,
       0.51885381, 0.54627339, 0.54627339, 0.60216987, 0.68662856,
       1.        ])]",0.0125361140773604,0.0150957412436226,0.0085710159980542,0.0037336545361201,"[{'lambda_reg': 8.667144534198971e-05, 'gamma': 0.0031884472729430085, 'degree': 5, 'coef0': 1.9858744670560413}, {'lambda_reg': 0.00016820508733814666, 'gamma': 0.020611686937280545, 'degree': 2, 'coef0': 1.4589604825939084}, {'lambda_reg': 0.0003737990472242104, 'gamma': 0.3001444223773696, 'degree': 2, 'coef0': 0.2684711013234137}, {'lambda_reg': 0.2839205405421152, 'gamma': 0.09674871960793693, 'degree': 5, 'coef0': 1.6314375317907892}, {'lambda_reg': 0.0004764815008110896, 'gamma': 0.8472302495626531, 'degree': 2, 'coef0': 2.0362666572920896}]",300,1,polynomial,132
"[np.float64(0.13966229180372047), np.float64(0.06305419472919631), np.float64(0.10850614587468775), np.float64(0.11791474459403542), np.float64(0.13394773478469618)]",0.1126170223572672,0.0271583686584292,"[np.float64(0.8055543497504143), np.float64(0.7935537893354006), np.float64(0.7414259695169519), np.float64(0.7212932531549406), np.float64(0.8828361005885413)]",0.7889326924692497,0.0564755992617299,"[np.float64(0.8037965716150923), np.float64(0.8471403036716748), np.float64(0.8323263957494803), np.float64(0.8411243943482257), np.float64(0.797835515660202)]",0.824444636208935,0.0199490233067585,"[array([0.        , 0.        , 0.        , 0.02828665, 0.02828665,
       0.02828665, 0.02828665, 0.0824651 , 0.13596183, 0.18918391,
       0.21537638, 0.21537638, 0.24102425, 0.2919061 , 0.2919061 ,
       0.31666426, 0.34122943, 0.3653185 , 0.38929711, 0.41296997,
       0.41296997, 0.4360163 , 0.4360163 , 0.45851513, 0.45851513,
       0.4803503 , 0.4803503 , 0.4803503 , 0.50130214, 0.52210537,
       0.54269339, 0.58325311, 0.58325311, 0.62241287, 0.62241287,
       0.62241287, 0.62241287, 0.62241287, 0.64067543, 0.64067543,
       0.65808645, 0.6753219 , 0.69217656, 0.70877496, 0.70877496,
       0.72475566, 0.72475566, 0.72475566, 0.77060759, 0.78544691,
       0.78544691, 0.79966849, 0.79966849, 0.81357727, 0.81357727,
       0.85309232, 0.86606341, 0.86606341, 0.8907098 , 0.90265733,
       0.90265733, 0.91419777, 0.91419777, 0.92493487, 0.92493487,
       0.92493487, 0.92493487, 0.93469038, 0.94401525, 0.94401525,
       0.94401525, 0.95259189, 0.95259189, 0.96054334, 0.96054334,
       0.96790568, 0.96790568, 0.96790568, 0.97440176, 0.97440176,
       0.97440176, 0.9801905 , 0.9855662 , 0.9855662 , 0.9855662 ,
       0.99014363, 0.99014363, 0.99014363, 0.99750339, 0.99750339,
       0.99750339, 0.99750339, 0.99750339, 0.99750339, 0.99945809,
       0.99945809, 0.99945809, 0.99945809, 0.99945809, 1.        ,
       1.        ]), array([0.        , 0.02835896, 0.05665038, 0.08464361, 0.11232887,
       0.13978049, 0.19393155, 0.22060389, 0.27380206, 0.27380206,
       0.29972365, 0.3253138 , 0.35052057, 0.35052057, 0.35052057,
       0.35052057, 0.3989497 , 0.3989497 , 0.3989497 , 0.46904953,
       0.49216575, 0.49216575, 0.49216575, 0.51427315, 0.53627334,
       0.53627334, 0.57916289, 0.62105004, 0.64190016, 0.66222196,
       0.66222196, 0.6820138 , 0.6820138 , 0.6820138 , 0.6820138 ,
       0.70062457, 0.70062457, 0.71890145, 0.73691307, 0.73691307,
       0.73691307, 0.73691307, 0.75372945, 0.75372945, 0.76992873,
       0.76992873, 0.78546529, 0.81597722, 0.84613822, 0.86087674,
       0.87521631, 0.87521631, 0.87521631, 0.87521631, 0.87521631,
       0.87521631, 0.87521631, 0.87521631, 0.88732625, 0.88732625,
       0.88732625, 0.90989485, 0.90989485, 0.92059772, 0.92059772,
       0.92059772, 0.92059772, 0.93009533, 0.93009533, 0.93009533,
       0.93009533, 0.93009533, 0.93009533, 0.93009533, 0.9377985 ,
       0.9377985 , 0.95172701, 0.95172701, 0.97108981, 0.97108981,
       0.97108981, 0.97670635, 0.98202235, 0.99199989, 0.99199989,
       0.99199989, 0.99199989, 0.99199989, 0.99199989, 0.99199989,
       0.99199989, 0.99199989, 0.99199989, 0.99842774, 0.99842774,
       0.99842774, 0.99966315, 0.99966315, 0.99966315, 1.        ,
       1.        ]), array([0.        , 0.05846515, 0.05846515, 0.05846515, 0.08669292,
       0.08669292, 0.11435815, 0.11435815, 0.11435815, 0.16796055,
       0.24760147, 0.30031703, 0.30031703, 0.37717824, 0.40262888,
       0.40262888, 0.40262888, 0.42727742, 0.45145926, 0.45145926,
       0.47510558, 0.49842482, 0.52146222, 0.52146222, 0.52146222,
       0.52146222, 0.54344418, 0.54344418, 0.56466234, 0.56466234,
       0.56466234, 0.6052937 , 0.6052937 , 0.62517108, 0.62517108,
       0.62517108, 0.62517108, 0.62517108, 0.64337274, 0.66131401,
       0.66131401, 0.6787312 , 0.74739446, 0.74739446, 0.74739446,
       0.74739446, 0.74739446, 0.74739446, 0.76267752, 0.77782783,
       0.80737402, 0.8218744 , 0.8218744 , 0.8218744 , 0.8356407 ,
       0.86220421, 0.87517523, 0.87517523, 0.9003347 , 0.9123789 ,
       0.9123789 , 0.9123789 , 0.9123789 , 0.9123789 , 0.9123789 ,
       0.93317442, 0.93317442, 0.93317442, 0.93317442, 0.93317442,
       0.9419986 , 0.95070616, 0.95920007, 0.95920007, 0.95920007,
       0.95920007, 0.95920007, 0.95920007, 0.95920007, 0.96552569,
       0.97753571, 0.97753571, 0.98303575, 0.98303575, 0.98801963,
       0.98801963, 0.98801963, 0.98801963, 0.98801963, 0.9913244 ,
       0.99443973, 0.99443973, 0.99443973, 0.99443973, 0.99637403,
       0.99800734, 0.99939981, 0.99939981, 1.        , 1.        ,
       1.        ]), array([0.        , 0.09232557, 0.12276466, 0.15318372, 0.21308857,
       0.27244002, 0.27244002, 0.27244002, 0.27244002, 0.27244002,
       0.32869292, 0.35658946, 0.38399908, 0.38399908, 0.38399908,
       0.41047798, 0.41047798, 0.41047798, 0.41047798, 0.43585494,
       0.46074368, 0.46074368, 0.46074368, 0.46074368, 0.46074368,
       0.48426791, 0.50731655, 0.53001952, 0.53001952, 0.53001952,
       0.53001952, 0.55161183, 0.55161183, 0.55161183, 0.57215416,
       0.57215416, 0.57215416, 0.57215416, 0.6108512 , 0.6108512 ,
       0.6108512 , 0.6479026 , 0.66603038, 0.68394342, 0.73647315,
       0.73647315, 0.75351644, 0.77017841, 0.77017841, 0.77017841,
       0.80158334, 0.80158334, 0.80158334, 0.80158334, 0.80158334,
       0.81565423, 0.81565423, 0.81565423, 0.82881255, 0.82881255,
       0.82881255, 0.82881255, 0.84085345, 0.86388114, 0.86388114,
       0.86388114, 0.86388114, 0.87419868, 0.8842945 , 0.89419666,
       0.90357523, 0.91260944, 0.92151182, 0.93012386, 0.94670802,
       0.94670802, 0.94670802, 0.94670802, 0.95357277, 0.96024615,
       0.96649196, 0.97244231, 0.97806358, 0.97806358, 0.98313621,
       0.98313621, 0.98313621, 0.98724652, 0.99108996, 0.99108996,
       0.99108996, 0.99714365, 0.99714365, 0.99961863, 0.99961863,
       0.99961863, 0.99961863, 0.99961863, 0.99961863, 1.        ,
       1.        ]), array([0.        , 0.        , 0.03455122, 0.03455122, 0.06834448,
       0.06834448, 0.06834448, 0.06834448, 0.06834448, 0.06834448,
       0.10009598, 0.10009598, 0.1622763 , 0.1622763 , 0.1924963 ,
       0.1924963 , 0.1924963 , 0.22167288, 0.22167288, 0.25039759,
       0.30670508, 0.30670508, 0.33411075, 0.38870452, 0.38870452,
       0.41528136, 0.44127888, 0.44127888, 0.44127888, 0.44127888,
       0.4659933 , 0.4659933 , 0.49014354, 0.51373756, 0.51373756,
       0.53669786, 0.53669786, 0.53669786, 0.53669786, 0.53669786,
       0.53669786, 0.55742846, 0.59861058, 0.59861058, 0.59861058,
       0.59861058, 0.61755438, 0.61755438, 0.65433794, 0.65433794,
       0.65433794, 0.67182626, 0.67182626, 0.68848413, 0.70495576,
       0.7208625 , 0.73638108, 0.73638108, 0.73638108, 0.73638108,
       0.73638108, 0.77803092, 0.79167795, 0.80499053, 0.80499053,
       0.81750339, 0.81750339, 0.81750339, 0.83995821, 0.85115292,
       0.86183393, 0.86183393, 0.88188821, 0.8914614 , 0.9008841 ,
       0.9008841 , 0.9008841 , 0.93365745, 0.93365745, 0.94133362,
       0.94860316, 0.95530834, 0.96195848, 0.97436016, 0.97436016,
       0.97436016, 0.97927389, 0.99371403, 0.99816635, 0.99816635,
       0.99816635, 0.99816635, 0.99816635, 0.99816635, 0.99816635,
       1.        , 1.        , 1.        , 1.        , 1.        ,
       1.        ])]","[array([0.00000000e+00, 0.00000000e+00, 0.00000000e+00, 9.84116990e-04,
       9.84116990e-04, 9.84116990e-04, 9.84116990e-04, 6.18448447e-03,
       1.23049021e-02, 1.87960097e-02, 2.26064704e-02, 2.26064704e-02,
       2.71519359e-02, 3.68014543e-02, 3.68014543e-02, 4.25476850e-02,
       4.85543802e-02, 5.52036295e-02, 6.20019487e-02, 6.92129246e-02,
       6.92129246e-02, 7.72694717e-02, 7.72694717e-02, 8.60649421e-02,
       8.60649421e-02, 9.57561039e-02, 9.57561039e-02, 9.57561039e-02,
       1.06639419e-01, 1.17723299e-01, 1.29097634e-01, 1.52678095e-01,
       1.52678095e-01, 1.78147974e-01, 1.78147974e-01, 1.78147974e-01,
       1.78147974e-01, 1.78147974e-01, 1.92660789e-01, 1.92660789e-01,
       2.08322857e-01, 2.24221892e-01, 2.40634833e-01, 2.57393631e-01,
       2.57393631e-01, 2.74986098e-01, 2.74986098e-01, 2.74986098e-01,
       3.30584413e-01, 3.49717304e-01, 3.49717304e-01, 3.69683898e-01,
       3.69683898e-01, 3.90072663e-01, 3.90072663e-01, 4.54223360e-01,
       4.75877644e-01, 4.75877644e-01, 5.20935044e-01, 5.43970749e-01,
       5.43970749e-01, 5.67555860e-01, 5.67555860e-01, 5.92225187e-01,
       5.92225187e-01, 5.92225187e-01, 5.92225187e-01, 6.18219289e-01,
       6.44794575e-01, 6.44794575e-01, 6.44794575e-01, 6.72379695e-01,
       6.72379695e-01, 7.00808595e-01, 7.00808595e-01, 7.30032557e-01,
       7.30032557e-01, 7.30032557e-01, 7.60425642e-01, 7.60425642e-01,
       7.60425642e-01, 7.91773361e-01, 8.23678531e-01, 8.23678531e-01,
       8.23678531e-01, 8.56661074e-01, 8.56661074e-01, 8.56661074e-01,
       9.25048829e-01, 9.25048829e-01, 9.25048829e-01, 9.25048829e-01,
       9.25048829e-01, 9.25048829e-01, 9.61571046e-01, 9.61571046e-01,
       9.61571046e-01, 9.61571046e-01, 9.61571046e-01, 1.00000000e+00,
       1.00000000e+00]), array([0.00000000e+00, 3.47025509e-04, 7.88317672e-04, 1.64581061e-03,
       2.93315705e-03, 4.54661331e-03, 8.82337250e-03, 1.15245199e-02,
       1.71312834e-02, 1.71312834e-02, 2.08802893e-02, 2.50919106e-02,
       2.98386429e-02, 2.98386429e-02, 2.98386429e-02, 2.98386429e-02,
       4.21018544e-02, 4.21018544e-02, 4.21018544e-02, 6.40472972e-02,
       7.17119302e-02, 7.17119302e-02, 7.17119302e-02, 8.07846345e-02,
       9.00069829e-02, 9.00069829e-02, 1.10002115e-01, 1.31396371e-01,
       1.42223939e-01, 1.53788910e-01, 1.53788910e-01, 1.66093585e-01,
       1.66093585e-01, 1.66093585e-01, 1.66093585e-01, 1.80046745e-01,
       1.80046745e-01, 1.94465944e-01, 2.09255383e-01, 2.09255383e-01,
       2.09255383e-01, 2.09255383e-01, 2.25713075e-01, 2.25713075e-01,
       2.43032101e-01, 2.43032101e-01, 2.61276131e-01, 2.98547465e-01,
       3.36308615e-01, 3.55666515e-01, 3.75581257e-01, 3.75581257e-01,
       3.75581257e-01, 3.75581257e-01, 3.75581257e-01, 3.75581257e-01,
       3.75581257e-01, 3.75581257e-01, 3.98608019e-01, 3.98608019e-01,
       3.98608019e-01, 4.46966353e-01, 4.46966353e-01, 4.71957051e-01,
       4.71957051e-01, 4.71957051e-01, 4.71957051e-01, 4.98630003e-01,
       4.98630003e-01, 4.98630003e-01, 4.98630003e-01, 4.98630003e-01,
       4.98630003e-01, 4.98630003e-01, 5.27807572e-01, 5.27807572e-01,
       5.88225385e-01, 5.88225385e-01, 6.80987592e-01, 6.80987592e-01,
       6.80987592e-01, 7.13077598e-01, 7.45587077e-01, 8.11519506e-01,
       8.11519506e-01, 8.11519506e-01, 8.11519506e-01, 8.11519506e-01,
       8.11519506e-01, 8.11519506e-01, 8.11519506e-01, 8.11519506e-01,
       8.11519506e-01, 9.22335804e-01, 9.22335804e-01, 9.22335804e-01,
       9.60540815e-01, 9.60540815e-01, 9.60540815e-01, 1.00000000e+00,
       1.00000000e+00]), array([0.00000000e+00, 3.15332044e-04, 3.15332044e-04, 3.15332044e-04,
       1.79310019e-03, 1.79310019e-03, 4.00993676e-03, 4.00993676e-03,
       4.00993676e-03, 1.07139210e-02, 2.17718862e-02, 2.96409894e-02,
       2.96409894e-02, 4.43509295e-02, 4.94772779e-02, 4.94772779e-02,
       4.94772779e-02, 5.56574113e-02, 6.24507041e-02, 6.24507041e-02,
       6.99475431e-02, 7.78741106e-02, 8.61709586e-02, 8.61709586e-02,
       8.61709586e-02, 8.61709586e-02, 9.58544327e-02, 9.58544327e-02,
       1.06541375e-01, 1.06541375e-01, 1.06541375e-01, 1.30286619e-01,
       1.30286619e-01, 1.42735066e-01, 1.42735066e-01, 1.42735066e-01,
       1.42735066e-01, 1.42735066e-01, 1.57385074e-01, 1.72377177e-01,
       1.72377177e-01, 1.88057813e-01, 2.52101361e-01, 2.52101361e-01,
       2.52101361e-01, 2.52101361e-01, 2.52101361e-01, 2.52101361e-01,
       2.70585809e-01, 2.89244650e-01, 3.27553502e-01, 3.47066219e-01,
       3.47066219e-01, 3.47066219e-01, 3.67543369e-01, 4.09770845e-01,
       4.31292825e-01, 4.31292825e-01, 4.75364932e-01, 4.98104554e-01,
       4.98104554e-01, 4.98104554e-01, 4.98104554e-01, 4.98104554e-01,
       4.98104554e-01, 5.47909974e-01, 5.47909974e-01, 5.47909974e-01,
       5.47909974e-01, 5.47909974e-01, 5.74880042e-01, 6.02003330e-01,
       6.29407303e-01, 6.29407303e-01, 6.29407303e-01, 6.29407303e-01,
       6.29407303e-01, 6.29407303e-01, 6.29407303e-01, 6.59659971e-01,
       7.21007718e-01, 7.21007718e-01, 7.52345018e-01, 7.52345018e-01,
       7.84360440e-01, 7.84360440e-01, 7.84360440e-01, 7.84360440e-01,
       7.84360440e-01, 8.18581875e-01, 8.53052188e-01, 8.53052188e-01,
       8.53052188e-01, 8.53052188e-01, 8.89074129e-01, 9.25491516e-01,
       9.62225316e-01, 9.62225316e-01, 1.00000000e+00, 1.00000000e+00,
       1.00000000e+00]), array([0.00000000e+00, 9.66668824e-04, 1.67826039e-03, 2.41305393e-03,
       4.96381573e-03, 8.15568619e-03, 8.15568619e-03, 8.15568619e-03,
       8.15568619e-03, 8.15568619e-03, 1.49371656e-02, 1.85942418e-02,
       2.28154097e-02, 2.28154097e-02, 2.28154097e-02, 2.81148051e-02,
       2.81148051e-02, 2.81148051e-02, 2.81148051e-02, 3.46907708e-02,
       4.18323327e-02, 4.18323327e-02, 4.18323327e-02, 4.18323327e-02,
       4.18323327e-02, 5.05546419e-02, 5.98279227e-02, 6.95016573e-02,
       6.95016573e-02, 6.95016573e-02, 6.95016573e-02, 8.04620565e-02,
       8.04620565e-02, 8.04620565e-02, 9.26388494e-02, 9.26388494e-02,
       9.26388494e-02, 9.26388494e-02, 1.19758431e-01, 1.19758431e-01,
       1.19758431e-01, 1.48784463e-01, 1.63758457e-01, 1.78981225e-01,
       2.26050585e-01, 2.26050585e-01, 2.42280937e-01, 2.58953054e-01,
       2.58953054e-01, 2.58953054e-01, 2.94520404e-01, 2.94520404e-01,
       2.94520404e-01, 2.94520404e-01, 2.94520404e-01, 3.14194222e-01,
       3.14194222e-01, 3.14194222e-01, 3.34925234e-01, 3.34925234e-01,
       3.34925234e-01, 3.34925234e-01, 3.56950762e-01, 4.02222981e-01,
       4.02222981e-01, 4.02222981e-01, 4.02222981e-01, 4.26244978e-01,
       4.50523846e-01, 4.75027057e-01, 5.00136840e-01, 5.25645548e-01,
       5.51306988e-01, 5.77304774e-01, 6.30041693e-01, 6.30041693e-01,
       6.30041693e-01, 6.30041693e-01, 6.58063689e-01, 6.86307373e-01,
       7.15046392e-01, 7.44127696e-01, 7.73590242e-01, 7.73590242e-01,
       8.03688369e-01, 8.03688369e-01, 8.03688369e-01, 8.34901323e-01,
       8.66423443e-01, 8.66423443e-01, 8.66423443e-01, 9.31359691e-01,
       9.31359691e-01, 9.64467140e-01, 9.64467140e-01, 9.64467140e-01,
       9.64467140e-01, 9.64467140e-01, 9.64467140e-01, 1.00000000e+00,
       1.00000000e+00]), array([0.00000000e+00, 0.00000000e+00, 4.48842297e-04, 4.48842297e-04,
       1.58500333e-03, 1.58500333e-03, 1.58500333e-03, 1.58500333e-03,
       1.58500333e-03, 1.58500333e-03, 4.57264629e-03, 4.57264629e-03,
       1.17473580e-02, 1.17473580e-02, 1.61237730e-02, 1.61237730e-02,
       1.61237730e-02, 2.14463747e-02, 2.14463747e-02, 2.71787271e-02,
       3.96789486e-02, 3.96789486e-02, 4.66074267e-02, 6.06616562e-02,
       6.06616562e-02, 6.83417137e-02, 7.65471118e-02, 7.65471118e-02,
       7.65471118e-02, 7.65471118e-02, 8.59160181e-02, 8.59160181e-02,
       9.57965324e-02, 1.06181431e-01, 1.06181431e-01, 1.17141000e-01,
       1.17141000e-01, 1.17141000e-01, 1.17141000e-01, 1.17141000e-01,
       1.17141000e-01, 1.30122459e-01, 1.56338466e-01, 1.56338466e-01,
       1.56338466e-01, 1.56338466e-01, 1.70940213e-01, 1.70940213e-01,
       2.01144864e-01, 2.01144864e-01, 2.01144864e-01, 2.17066445e-01,
       2.17066445e-01, 2.33741090e-01, 2.50584615e-01, 2.67940393e-01,
       2.85648146e-01, 2.85648146e-01, 2.85648146e-01, 2.85648146e-01,
       2.85648146e-01, 3.43220124e-01, 3.62625016e-01, 3.82333197e-01,
       3.82333197e-01, 4.02766557e-01, 4.02766557e-01, 4.02766557e-01,
       4.45964598e-01, 4.67593269e-01, 4.89687760e-01, 4.89687760e-01,
       5.35062624e-01, 5.58161699e-01, 5.81397243e-01, 5.81397243e-01,
       5.81397243e-01, 6.78798580e-01, 6.78798580e-01, 7.03617889e-01,
       7.28805928e-01, 7.54505736e-01, 7.80255453e-01, 8.32569743e-01,
       8.32569743e-01, 8.32569743e-01, 8.59894039e-01, 9.42139948e-01,
       9.69882660e-01, 9.69882660e-01, 9.69882660e-01, 9.69882660e-01,
       9.69882660e-01, 9.69882660e-01, 9.69882660e-01, 1.00000000e+00,
       1.00000000e+00, 1.00000000e+00, 1.00000000e+00, 1.00000000e+00,
       1.00000000e+00])]",-0.0197357587157719,0.0249460904369775,0.0308383315265225,0.0059753633763349,"[{'lambda_reg': 3.9618659872575444e-05}, {'lambda_reg': 2.977751789752974e-05}, {'lambda_reg': 0.0017501652380419205}, {'lambda_reg': 1.55382268386149e-05}, {'lambda_reg': 0.1147705148369097}]",300,1,linear,126
