test_ibs,mean_ibs,std_ibs,test_cindex,mean_cindex,std_cindex,test_auc,mean_auc,std_auc,test_tpr,test_fpr,mean_bias,std_bias,mean_mse,std_mse,best_params,sample_size,method,kernel,task
"[np.float64(0.07137682356890908), np.float64(0.06646301789297428), np.float64(0.10287856608138224), np.float64(0.055853058238733065), np.float64(0.08226891285592602)]",0.0757680757275849,0.015998216706873,"[np.float64(0.8118477686174553), np.float64(0.8394361148140729), np.float64(0.822684988772481), np.float64(0.8335240420920087), np.float64(0.8529430349680062)]",0.8320871898528048,0.0140646583677647,"[np.float64(0.956325556854732), np.float64(0.9574659542925603), np.float64(0.9419037783744582), np.float64(0.9712830726380477), np.float64(0.9501368559492673)]",0.9554230436218132,0.0096668800290245,"[array([0.        , 0.03760571, 0.280897  , 0.39207639, 0.39207639,
       0.39207639, 0.42790764, 0.46340784, 0.4985206 , 0.4985206 ,
       0.51563526, 0.51563526, 0.51563526, 0.58207511, 0.61483769,
       0.63104119, 0.63104119, 0.64689099, 0.64689099, 0.66231171,
       0.67752679, 0.67752679, 0.70743672, 0.70743672, 0.72192461,
       0.72192461, 0.72192461, 0.73595534, 0.77722527, 0.77722527,
       0.77722527, 0.77722527, 0.77722527, 0.79006076, 0.79006076,
       0.80256337, 0.80256337, 0.80256337, 0.80256337, 0.81418122,
       0.82572556, 0.82572556, 0.82572556, 0.83670814, 0.84735402,
       0.84735402, 0.8577129 , 0.86779013, 0.8777926 , 0.88762796,
       0.90683559, 0.90683559, 0.90683559, 0.90683559, 0.90683559,
       0.90683559, 0.90683559, 0.90683559, 0.90683559, 0.90683559,
       0.91446359, 0.91446359, 0.92183144, 0.92183144, 0.92874286,
       0.93550755, 0.94212016, 0.94841519, 0.94841519, 0.94841519,
       0.94841519, 0.94841519, 0.95375806, 0.95889779, 0.96899597,
       0.96899597, 0.96899597, 0.96899597, 0.96899597, 0.97305469,
       0.97305469, 0.97305469, 0.97305469, 0.97634998, 0.97944013,
       0.97944013, 0.98221772, 0.98483262, 0.98729104, 0.98729104,
       0.98729104, 0.99101756, 0.99260252, 0.99260252, 0.99260252,
       0.99456172, 0.99532301, 0.99728943, 0.99857384, 0.99889287,
       1.        ]), array([0.        , 0.17358829, 0.34533619, 0.46892225, 0.51477198,
       0.62094473, 0.63585761, 0.65067726, 0.68014233, 0.68014233,
       0.69449855, 0.7086575 , 0.72262298, 0.72262298, 0.75004369,
       0.76359381, 0.76359381, 0.76359381, 0.77668693, 0.7896733 ,
       0.7896733 , 0.7896733 , 0.80212527, 0.81437118, 0.82647935,
       0.82647935, 0.83829771, 0.83829771, 0.83829771, 0.83829771,
       0.83829771, 0.83829771, 0.83829771, 0.83829771, 0.83829771,
       0.83829771, 0.84858114, 0.84858114, 0.84858114, 0.84858114,
       0.84858114, 0.84858114, 0.84858114, 0.84858114, 0.84858114,
       0.84858114, 0.85720978, 0.8657416 , 0.8657416 , 0.8657416 ,
       0.87367439, 0.87367439, 0.8812934 , 0.8812934 , 0.89596052,
       0.90314449, 0.91721136, 0.91721136, 0.91721136, 0.91721136,
       0.91721136, 0.92346494, 0.92346494, 0.92346494, 0.92346494,
       0.92346494, 0.92346494, 0.92346494, 0.92346494, 0.92346494,
       0.93299837, 0.93761674, 0.95128276, 0.95568138, 0.95995276,
       0.95995276, 0.95995276, 0.95995276, 0.96351418, 0.96351418,
       0.96351418, 0.96351418, 0.96351418, 0.9663632 , 0.9663632 ,
       0.9663632 , 0.9663632 , 0.97285425, 0.97476197, 0.97852041,
       0.98197896, 0.98197896, 0.98461762, 0.98575528, 0.98673266,
       0.99015099, 0.9916325 , 0.99373635, 0.99650281, 1.        ,
       1.        ]), array([0.        , 0.05054334, 0.23492599, 0.30116492, 0.38330174,
       0.43196595, 0.44808424, 0.49566143, 0.52718978, 0.52718978,
       0.52718978, 0.54232536, 0.54232536, 0.54232536, 0.58662846,
       0.58662846, 0.58662846, 0.61502874, 0.61502874, 0.62889085,
       0.65625811, 0.669817  , 0.69650834, 0.69650834, 0.70945845,
       0.72226233, 0.7349621 , 0.74753643, 0.74753643, 0.75972747,
       0.75972747, 0.7715967 , 0.7715967 , 0.7715967 , 0.78285781,
       0.78285781, 0.78285781, 0.78285781, 0.78285781, 0.78285781,
       0.78285781, 0.79292558, 0.79292558, 0.80273119, 0.8123697 ,
       0.84084106, 0.84084106, 0.84995556, 0.85896183, 0.85896183,
       0.86758742, 0.88444113, 0.88444113, 0.88444113, 0.88444113,
       0.88444113, 0.89199434, 0.90691392, 0.90691392, 0.90691392,
       0.90691392, 0.90691392, 0.90691392, 0.9259838 , 0.9259838 ,
       0.93203115, 0.93203115, 0.94347859, 0.94347859, 0.95951125,
       0.95951125, 0.96445653, 0.96445653, 0.96445653, 0.96888373,
       0.96888373, 0.96888373, 0.96888373, 0.96888373, 0.96888373,
       0.96888373, 0.96888373, 0.97508347, 0.97508347, 0.97508347,
       0.97771351, 0.97771351, 0.9800098 , 0.98209123, 0.98411735,
       0.98411735, 0.98736371, 0.98736371, 0.98868065, 0.98977478,
       0.9934369 , 0.99505273, 0.99799704, 0.99886879, 0.99953324,
       1.        ]), array([0.        , 0.06986221, 0.22522494, 0.36214045, 0.46363889,
       0.53090562, 0.58080902, 0.58080902, 0.64569001, 0.64569001,
       0.67746322, 0.70878831, 0.70878831, 0.72417561, 0.75458182,
       0.75458182, 0.75458182, 0.78396965, 0.81303752, 0.82729179,
       0.84141732, 0.84141732, 0.85525396, 0.85525396, 0.85525396,
       0.85525396, 0.85525396, 0.86816604, 0.86816604, 0.86816604,
       0.86816604, 0.88036582, 0.88036582, 0.88036582, 0.88036582,
       0.89184965, 0.89184965, 0.89184965, 0.89184965, 0.89184965,
       0.89184965, 0.90232667, 0.91264039, 0.91264039, 0.91264039,
       0.91264039, 0.91264039, 0.91264039, 0.92191994, 0.92191994,
       0.92191994, 0.92191994, 0.93043957, 0.93043957, 0.93043957,
       0.94639067, 0.94639067, 0.94639067, 0.94639067, 0.94639067,
       0.94639067, 0.9532685 , 0.9532685 , 0.9532685 , 0.9532685 ,
       0.9532685 , 0.95932247, 0.95932247, 0.95932247, 0.95932247,
       0.95932247, 0.95932247, 0.95932247, 0.96419663, 0.96419663,
       0.96419663, 0.96419663, 0.96419663, 0.96419663, 0.96419663,
       0.96419663, 0.96759316, 0.97735121, 0.98045117, 0.98045117,
       0.98320006, 0.98320006, 0.98320006, 0.9854507 , 0.9854507 ,
       0.98917979, 0.99082908, 0.99226709, 0.9948702 , 0.9948702 ,
       0.99587748, 0.99666931, 0.99721617, 0.99898592, 0.99953635,
       1.        ]), array([0.        , 0.        , 0.13229368, 0.26366699, 0.328821  ,
       0.37709752, 0.424746  , 0.44043821, 0.44043821, 0.5482357 ,
       0.57874127, 0.59389423, 0.59389423, 0.59389423, 0.60842891,
       0.63732563, 0.63732563, 0.67951051, 0.69333451, 0.73435913,
       0.76146809, 0.77485085, 0.77485085, 0.77485085, 0.77485085,
       0.77485085, 0.77485085, 0.77485085, 0.79928986, 0.79928986,
       0.79928986, 0.81105414, 0.83417198, 0.84555109, 0.84555109,
       0.84555109, 0.84555109, 0.84555109, 0.84555109, 0.85591088,
       0.86607165, 0.86607165, 0.86607165, 0.86607165, 0.87561235,
       0.87561235, 0.87561235, 0.87561235, 0.88445894, 0.89316048,
       0.90166606, 0.90166606, 0.90166606, 0.90960458, 0.90960458,
       0.90960458, 0.90960458, 0.90960458, 0.91680464, 0.91680464,
       0.91680464, 0.91680464, 0.93628956, 0.93628956, 0.93628956,
       0.9422491 , 0.9422491 , 0.9422491 , 0.95312871, 0.95312871,
       0.95312871, 0.95312871, 0.95798892, 0.96730711, 0.96730711,
       0.97158348, 0.97158348, 0.97158348, 0.97158348, 0.97515684,
       0.97865444, 0.98522681, 0.98522681, 0.98522681, 0.9880662 ,
       0.9880662 , 0.9880662 , 0.9880662 , 0.9880662 , 0.9880662 ,
       0.98982532, 0.98982532, 0.98982532, 0.99247801, 0.99474311,
       0.99474311, 0.99544124, 0.99601853, 0.99712727, 0.99870969,
       1.        ])]","[array([0.00000000e+00, 2.88069837e-04, 3.05679090e-03, 5.20205404e-03,
       5.20205404e-03, 5.20205404e-03, 6.87810970e-03, 8.81311820e-03,
       1.10511837e-02, 1.10511837e-02, 1.25157301e-02, 1.25157301e-02,
       1.25157301e-02, 1.99530217e-02, 2.40294063e-02, 2.62066700e-02,
       2.62066700e-02, 2.86605979e-02, 2.86605979e-02, 3.14501474e-02,
       3.44005522e-02, 3.44005522e-02, 4.07082878e-02, 4.07082878e-02,
       4.42275052e-02, 4.42275052e-02, 4.42275052e-02, 4.81043176e-02,
       6.03779190e-02, 6.03779190e-02, 6.03779190e-02, 6.03779190e-02,
       6.03779190e-02, 6.51896497e-02, 6.51896497e-02, 7.02617557e-02,
       7.02617557e-02, 7.02617557e-02, 7.02617557e-02, 7.60259302e-02,
       8.18476055e-02, 8.18476055e-02, 8.18476055e-02, 8.81086871e-02,
       9.46331375e-02, 9.46331375e-02, 1.01382076e-01, 1.08351327e-01,
       1.15379058e-01, 1.22537501e-01, 1.37216613e-01, 1.37216613e-01,
       1.37216613e-01, 1.37216613e-01, 1.37216613e-01, 1.37216613e-01,
       1.37216613e-01, 1.37216613e-01, 1.37216613e-01, 1.37216613e-01,
       1.46101663e-01, 1.46101663e-01, 1.55190205e-01, 1.55190205e-01,
       1.64635764e-01, 1.74196090e-01, 1.83875381e-01, 1.93803086e-01,
       1.93803086e-01, 1.93803086e-01, 1.93803086e-01, 1.93803086e-01,
       2.04475573e-01, 2.15306953e-01, 2.37111512e-01, 2.37111512e-01,
       2.37111512e-01, 2.37111512e-01, 2.37111512e-01, 2.48788467e-01,
       2.48788467e-01, 2.48788467e-01, 2.48788467e-01, 2.61062576e-01,
       2.73497141e-01, 2.73497141e-01, 2.86176201e-01, 2.98982511e-01,
       3.11911226e-01, 3.11911226e-01, 3.11911226e-01, 3.38699721e-01,
       3.52311657e-01, 3.52311657e-01, 3.52311657e-01, 3.80482555e-01,
       3.94738773e-01, 4.37755721e-01, 4.81306141e-01, 4.95908291e-01,
       1.00000000e+00]), array([0.00000000e+00, 8.25699157e-04, 3.69215888e-03, 7.24224545e-03,
       9.12246236e-03, 1.44077908e-02, 1.54452097e-02, 1.65860187e-02,
       1.90608425e-02, 1.90608425e-02, 2.07155299e-02, 2.25889791e-02,
       2.46769559e-02, 2.46769559e-02, 2.94187210e-02, 3.19672803e-02,
       3.19672803e-02, 3.19672803e-02, 3.50225931e-02, 3.81962843e-02,
       3.81962843e-02, 3.81962843e-02, 4.19625612e-02, 4.59573213e-02,
       5.01048299e-02, 5.01048299e-02, 5.45737020e-02, 5.45737020e-02,
       5.45737020e-02, 5.45737020e-02, 5.45737020e-02, 5.45737020e-02,
       5.45737020e-02, 5.45737020e-02, 5.45737020e-02, 5.45737020e-02,
       6.07446135e-02, 6.07446135e-02, 6.07446135e-02, 6.07446135e-02,
       6.07446135e-02, 6.07446135e-02, 6.07446135e-02, 6.07446135e-02,
       6.07446135e-02, 6.07446135e-02, 6.87504923e-02, 7.68637246e-02,
       7.68637246e-02, 7.68637246e-02, 8.56412191e-02, 8.56412191e-02,
       9.47666421e-02, 9.47666421e-02, 1.13650566e-01, 1.23258395e-01,
       1.42807919e-01, 1.42807919e-01, 1.42807919e-01, 1.42807919e-01,
       1.42807919e-01, 1.53447435e-01, 1.53447435e-01, 1.53447435e-01,
       1.53447435e-01, 1.53447435e-01, 1.53447435e-01, 1.53447435e-01,
       1.53447435e-01, 1.53447435e-01, 1.78023981e-01, 1.90476757e-01,
       2.28044745e-01, 2.40741182e-01, 2.53578719e-01, 2.53578719e-01,
       2.53578719e-01, 2.53578719e-01, 2.67203515e-01, 2.67203515e-01,
       2.67203515e-01, 2.67203515e-01, 2.67203515e-01, 2.81618277e-01,
       2.81618277e-01, 2.81618277e-01, 2.81618277e-01, 3.27142421e-01,
       3.42600963e-01, 3.73581268e-01, 4.04894102e-01, 4.04894102e-01,
       4.37116101e-01, 4.53428539e-01, 4.69918718e-01, 5.36424098e-01,
       5.69929232e-01, 6.37892214e-01, 7.57842350e-01, 1.00000000e+00,
       1.00000000e+00]), array([0.00000000e+00, 4.39774882e-04, 2.95891648e-03, 4.65312428e-03,
       7.40725188e-03, 9.65383527e-03, 1.05018337e-02, 1.37935954e-02,
       1.61705742e-02, 1.61705742e-02, 1.61705742e-02, 1.79634748e-02,
       1.79634748e-02, 1.79634748e-02, 2.44033094e-02, 2.44033094e-02,
       2.44033094e-02, 2.97879641e-02, 2.97879641e-02, 3.28053149e-02,
       3.91832365e-02, 4.24921315e-02, 4.95199540e-02, 4.95199540e-02,
       5.34141984e-02, 5.74490468e-02, 6.15840074e-02, 6.58395638e-02,
       6.58395638e-02, 7.04636702e-02, 7.04636702e-02, 7.53972005e-02,
       7.53972005e-02, 7.53972005e-02, 8.09154354e-02, 8.09154354e-02,
       8.09154354e-02, 8.09154354e-02, 8.09154354e-02, 8.09154354e-02,
       8.09154354e-02, 8.75810904e-02, 8.75810904e-02, 9.44988074e-02,
       1.01577202e-01, 1.23239450e-01, 1.23239450e-01, 1.30821683e-01,
       1.38507980e-01, 1.38507980e-01, 1.46560301e-01, 1.63047127e-01,
       1.63047127e-01, 1.63047127e-01, 1.63047127e-01, 1.63047127e-01,
       1.72130554e-01, 1.90477069e-01, 1.90477069e-01, 1.90477069e-01,
       1.90477069e-01, 1.90477069e-01, 1.90477069e-01, 2.21178946e-01,
       2.21178946e-01, 2.31710276e-01, 2.31710276e-01, 2.53395295e-01,
       2.53395295e-01, 2.87017499e-01, 2.87017499e-01, 2.98608489e-01,
       2.98608489e-01, 2.98608489e-01, 3.10697619e-01, 3.10697619e-01,
       3.10697619e-01, 3.10697619e-01, 3.10697619e-01, 3.10697619e-01,
       3.10697619e-01, 3.10697619e-01, 3.37428361e-01, 3.37428361e-01,
       3.37428361e-01, 3.51245473e-01, 3.51245473e-01, 3.65383494e-01,
       3.79728110e-01, 3.94125906e-01, 3.94125906e-01, 4.23696361e-01,
       4.23696361e-01, 4.38776039e-01, 4.54069952e-01, 5.15932506e-01,
       5.47070732e-01, 6.25969410e-01, 6.57823076e-01, 7.06221999e-01,
       1.00000000e+00]), array([0.00000000e+00, 3.17240584e-04, 2.68255466e-03, 5.85582235e-03,
       9.30969793e-03, 1.19728264e-02, 1.44642512e-02, 1.44642512e-02,
       1.92836896e-02, 1.92836896e-02, 2.22965238e-02, 2.57143908e-02,
       2.57143908e-02, 2.76721015e-02, 3.19204789e-02, 3.19204789e-02,
       3.19204789e-02, 3.70893032e-02, 4.25473247e-02, 4.55291037e-02,
       4.86272436e-02, 4.86272436e-02, 5.19864955e-02, 5.19864955e-02,
       5.19864955e-02, 5.19864955e-02, 5.19864955e-02, 5.61813960e-02,
       5.61813960e-02, 5.61813960e-02, 5.61813960e-02, 6.10200919e-02,
       6.10200919e-02, 6.10200919e-02, 6.10200919e-02, 6.65058999e-02,
       6.65058999e-02, 6.65058999e-02, 6.65058999e-02, 6.65058999e-02,
       6.65058999e-02, 7.29016890e-02, 7.94450806e-02, 7.94450806e-02,
       7.94450806e-02, 7.94450806e-02, 7.94450806e-02, 7.94450806e-02,
       8.69231931e-02, 8.69231931e-02, 8.69231931e-02, 8.69231931e-02,
       9.50881440e-02, 9.50881440e-02, 9.50881440e-02, 1.12401559e-01,
       1.12401559e-01, 1.12401559e-01, 1.12401559e-01, 1.12401559e-01,
       1.12401559e-01, 1.22050429e-01, 1.22050429e-01, 1.22050429e-01,
       1.22050429e-01, 1.22050429e-01, 1.32443935e-01, 1.32443935e-01,
       1.32443935e-01, 1.32443935e-01, 1.32443935e-01, 1.32443935e-01,
       1.32443935e-01, 1.43903795e-01, 1.43903795e-01, 1.43903795e-01,
       1.43903795e-01, 1.43903795e-01, 1.43903795e-01, 1.43903795e-01,
       1.43903795e-01, 1.56699184e-01, 1.95475403e-01, 2.08538839e-01,
       2.08538839e-01, 2.21919596e-01, 2.21919596e-01, 2.21919596e-01,
       2.35750679e-01, 2.35750679e-01, 2.64110786e-01, 2.78485401e-01,
       2.93050965e-01, 3.22428778e-01, 3.22428778e-01, 3.37383660e-01,
       3.52533269e-01, 3.67904289e-01, 4.29765911e-01, 4.60999009e-01,
       1.00000000e+00]), array([0.        , 0.        , 0.00238472, 0.00567093, 0.00783576,
       0.01003631, 0.01285202, 0.0139773 , 0.0139773 , 0.02386027,
       0.02697167, 0.02862515, 0.02862515, 0.02862515, 0.03088423,
       0.0355715 , 0.0355715 , 0.04373884, 0.04669404, 0.05599786,
       0.06243624, 0.06582364, 0.06582364, 0.06582364, 0.06582364,
       0.06582364, 0.06582364, 0.06582364, 0.07487726, 0.07487726,
       0.07487726, 0.07984996, 0.09019768, 0.09554766, 0.09554766,
       0.09554766, 0.09554766, 0.09554766, 0.09554766, 0.10189607,
       0.10843942, 0.10843942, 0.10843942, 0.10843942, 0.11559014,
       0.11559014, 0.11559014, 0.11559014, 0.12342073, 0.1313934 ,
       0.13955802, 0.13955802, 0.13955802, 0.14827808, 0.14827808,
       0.14827808, 0.14827808, 0.14827808, 0.15772146, 0.15772146,
       0.15772146, 0.15772146, 0.18812351, 0.18812351, 0.18812351,
       0.19878198, 0.19878198, 0.19878198, 0.2211171 , 0.2211171 ,
       0.2211171 , 0.2211171 , 0.23285236, 0.2567169 , 0.2567169 ,
       0.26902405, 0.26902405, 0.26902405, 0.26902405, 0.28201979,
       0.29508975, 0.32164382, 0.32164382, 0.32164382, 0.3353585 ,
       0.3353585 , 0.3353585 , 0.3353585 , 0.3353585 , 0.3353585 ,
       0.35013131, 0.35013131, 0.35013131, 0.38052473, 0.41129779,
       0.41129779, 0.42710984, 0.44304026, 0.49144185, 0.58886709,
       1.        ])]",0.0278512271248677,0.0075349446179285,0.0055752154912867,0.0041876099976839,"[{'lambda_reg': 9.802791242012727e-05, 'gamma': 0.02097130386363546}, {'lambda_reg': 0.21780779759232308, 'gamma': 1.361745991350004}, {'lambda_reg': 0.0001880081465079157, 'gamma': 0.01058425119904384}, {'lambda_reg': 0.0010621261471789121, 'gamma': 0.04388870418657723}, {'lambda_reg': 0.000181566901585883, 'gamma': 0.02383007854856702}]",600,1,rbf,106
"[np.float64(0.09955682849789348), np.float64(0.06249304373609175), np.float64(0.0805487214892199), np.float64(0.11371814608872934), np.float64(0.11712008922893023)]",0.0946873658081729,0.0206178805016633,"[np.float64(0.806348171004666), np.float64(0.792774693740417), np.float64(0.7487438957856134), np.float64(0.7289994730656979), np.float64(0.8516610352267427)]",0.7857054537646275,0.0433773205031306,"[np.float64(0.9084882121602236), np.float64(0.9279580042548732), np.float64(0.9196027105629967), np.float64(0.9028673562167258), np.float64(0.9507804366021984)]",0.9219393439594036,0.0168414157085887,"[array([0.        , 0.        , 0.11638077, 0.20313875, 0.31772054,
       0.37441234, 0.40236595, 0.4578858 , 0.4578858 , 0.48506616,
       0.48506616, 0.51162689, 0.51162689, 0.51162689, 0.53727986,
       0.56269935, 0.56269935, 0.58743247, 0.61198814, 0.66033595,
       0.68409176, 0.68409176, 0.68409176, 0.68409176, 0.68409176,
       0.68409176, 0.7062267 , 0.7062267 , 0.7062267 , 0.7062267 ,
       0.7062267 , 0.7062267 , 0.7062267 , 0.72620869, 0.76542684,
       0.78477225, 0.78477225, 0.78477225, 0.78477225, 0.78477225,
       0.78477225, 0.78477225, 0.80223298, 0.80223298, 0.81912897,
       0.81912897, 0.81912897, 0.81912897, 0.85046209, 0.85046209,
       0.85046209, 0.85046209, 0.85046209, 0.85046209, 0.86429012,
       0.8778377 , 0.8778377 , 0.8778377 , 0.8778377 , 0.8778377 ,
       0.88986284, 0.88986284, 0.90138014, 0.91248674, 0.92321073,
       0.92321073, 0.92321073, 0.92321073, 0.92321073, 0.92321073,
       0.93220914, 0.93220914, 0.93220914, 0.9567067 , 0.9567067 ,
       0.9567067 , 0.9567067 , 0.9567067 , 0.97009998, 0.97009998,
       0.97622892, 0.97622892, 0.9815905 , 0.9815905 , 0.9815905 ,
       0.9815905 , 0.98600824, 0.98600824, 0.98600824, 0.99275831,
       0.99275831, 0.99275831, 0.99518103, 0.99518103, 0.99518103,
       0.99669647, 0.99795405, 0.99891354, 0.99891354, 0.99989604,
       1.        ]), array([0.        , 0.        , 0.02931541, 0.08731864, 0.17385725,
       0.31636239, 0.42906095, 0.42906095, 0.48408907, 0.51148563,
       0.53839188, 0.59194363, 0.64479155, 0.64479155, 0.64479155,
       0.67041351, 0.6957675 , 0.6957675 , 0.6957675 , 0.6957675 ,
       0.71971431, 0.71971431, 0.71971431, 0.742972  , 0.742972  ,
       0.76542693, 0.76542693, 0.76542693, 0.76542693, 0.76542693,
       0.78644941, 0.78644941, 0.78644941, 0.78644941, 0.78644941,
       0.78644941, 0.78644941, 0.78644941, 0.78644941, 0.78644941,
       0.80465195, 0.82245247, 0.82245247, 0.82245247, 0.87325233,
       0.87325233, 0.88944518, 0.88944518, 0.9050853 , 0.9050853 ,
       0.92029455, 0.92029455, 0.92029455, 0.92029455, 0.93403428,
       0.93403428, 0.94743389, 0.94743389, 0.94743389, 0.94743389,
       0.94743389, 0.94743389, 0.94743389, 0.94743389, 0.94743389,
       0.94743389, 0.94743389, 0.94743389, 0.94743389, 0.95689639,
       0.95689639, 0.95689639, 0.95689639, 0.95689639, 0.95689639,
       0.96454998, 0.96454998, 0.97153242, 0.97823346, 0.97823346,
       0.97823346, 0.97823346, 0.97823346, 0.97823346, 0.97823346,
       0.98290493, 0.98290493, 0.98290493, 0.98290493, 0.98632782,
       0.98632782, 0.98906642, 0.98906642, 0.99136387, 0.99322038,
       0.99322038, 0.99720815, 0.99811013, 0.99956964, 0.9999428 ,
       1.        ]), array([0.        , 0.        , 0.14794729, 0.32417611, 0.32417611,
       0.35298622, 0.43852196, 0.49507068, 0.49507068, 0.52265468,
       0.52265468, 0.52265468, 0.54934425, 0.54934425, 0.54934425,
       0.54934425, 0.57485854, 0.62525989, 0.64999929, 0.64999929,
       0.64999929, 0.64999929, 0.64999929, 0.64999929, 0.67318715,
       0.67318715, 0.67318715, 0.69531355, 0.69531355, 0.69531355,
       0.69531355, 0.69531355, 0.73675687, 0.75710254, 0.77725519,
       0.77725519, 0.79679935, 0.79679935, 0.79679935, 0.81530785,
       0.81530785, 0.81530785, 0.81530785, 0.81530785, 0.81530785,
       0.83208956, 0.83208956, 0.83208956, 0.83208956, 0.83208956,
       0.84734477, 0.84734477, 0.86202886, 0.86202886, 0.86202886,
       0.87575527, 0.88925872, 0.90249317, 0.90249317, 0.91507069,
       0.92738018, 0.92738018, 0.92738018, 0.92738018, 0.92738018,
       0.92738018, 0.92738018, 0.92738018, 0.9469608 , 0.95643632,
       0.96550544, 0.96550544, 0.96550544, 0.9736751 , 0.9736751 ,
       0.9736751 , 0.9736751 , 0.9736751 , 0.9736751 , 0.98026225,
       0.98026225, 0.98026225, 0.98575413, 0.98575413, 0.98575413,
       0.98575413, 0.98575413, 0.98575413, 0.98575413, 0.99269405,
       0.99592733, 0.99592733, 0.99592733, 0.99592733, 0.99592733,
       0.99592733, 0.99592733, 0.99799163, 0.99936143, 0.99975471,
       1.        ]), array([0.        , 0.        , 0.1944474 , 0.29070235, 0.35410671,
       0.38541416, 0.41642548, 0.41642548, 0.44688884, 0.47692632,
       0.50653551, 0.50653551, 0.50653551, 0.50653551, 0.50653551,
       0.50653551, 0.50653551, 0.53398775, 0.56118938, 0.56118938,
       0.56118938, 0.56118938, 0.56118938, 0.56118938, 0.56118938,
       0.58603772, 0.6103701 , 0.6103701 , 0.6103701 , 0.6103701 ,
       0.6103701 , 0.63334786, 0.65579558, 0.65579558, 0.65579558,
       0.65579558, 0.67713951, 0.67713951, 0.71845804, 0.71845804,
       0.71845804, 0.71845804, 0.71845804, 0.77513918, 0.81233308,
       0.81233308, 0.81233308, 0.81233308, 0.81233308, 0.81233308,
       0.82895782, 0.82895782, 0.82895782, 0.82895782, 0.82895782,
       0.82895782, 0.82895782, 0.84325379, 0.84325379, 0.85689319,
       0.88347918, 0.88347918, 0.88347918, 0.89585921, 0.89585921,
       0.89585921, 0.89585921, 0.89585921, 0.90651338, 0.90651338,
       0.91641308, 0.91641308, 0.91641308, 0.91641308, 0.92518497,
       0.9336375 , 0.94158572, 0.94158572, 0.94158572, 0.94158572,
       0.94823708, 0.96080695, 0.96080695, 0.96080695, 0.96080695,
       0.97088066, 0.97577018, 0.97577018, 0.9798632 , 0.98353604,
       0.98697366, 0.99308102, 0.99308102, 0.99553749, 0.99553749,
       0.99553749, 0.99553749, 0.99786733, 0.99940986, 0.99980298,
       1.        ]), array([0.        , 0.        , 0.        , 0.15363759, 0.22966424,
       0.30489271, 0.45373663, 0.52728215, 0.52728215, 0.52728215,
       0.52728215, 0.56257668, 0.56257668, 0.59718038, 0.59718038,
       0.63067925, 0.63067925, 0.69630594, 0.69630594, 0.69630594,
       0.69630594, 0.69630594, 0.69630594, 0.69630594, 0.69630594,
       0.69630594, 0.69630594, 0.69630594, 0.72462318, 0.72462318,
       0.75215419, 0.75215419, 0.75215419, 0.75215419, 0.75215419,
       0.778086  , 0.778086  , 0.778086  , 0.80266087, 0.80266087,
       0.80266087, 0.80266087, 0.8256311 , 0.8256311 , 0.8256311 ,
       0.8256311 , 0.8256311 , 0.8256311 , 0.84625087, 0.84625087,
       0.88616984, 0.9248563 , 0.9248563 , 0.9248563 , 0.9248563 ,
       0.9248563 , 0.9248563 , 0.9248563 , 0.9248563 , 0.9248563 ,
       0.9248563 , 0.9248563 , 0.9248563 , 0.9248563 , 0.9248563 ,
       0.9248563 , 0.9248563 , 0.9248563 , 0.9248563 , 0.93733484,
       0.93733484, 0.93733484, 0.93733484, 0.93733484, 0.93733484,
       0.94726521, 0.94726521, 0.94726521, 0.94726521, 0.94726521,
       0.95513736, 0.96269206, 0.96269206, 0.96943336, 0.96943336,
       0.96943336, 0.96943336, 0.97490861, 0.97490861, 0.97490861,
       0.97917002, 0.97917002, 0.98266211, 0.98266211, 0.98266211,
       0.99182403, 0.99571477, 0.99571477, 0.9973988 , 0.99896213,
       1.        ])]","[array([0.        , 0.        , 0.0028198 , 0.00561223, 0.01074244,
       0.01407695, 0.01624801, 0.02108762, 0.02108762, 0.02425175,
       0.02425175, 0.02821167, 0.02821167, 0.02821167, 0.03333739,
       0.03876298, 0.03876298, 0.04507006, 0.05160503, 0.06565556,
       0.07321777, 0.07321777, 0.07321777, 0.07321777, 0.07321777,
       0.07321777, 0.08286164, 0.08286164, 0.08286164, 0.08286164,
       0.08286164, 0.08286164, 0.08286164, 0.0952705 , 0.12104608,
       0.13427249, 0.13427249, 0.13427249, 0.13427249, 0.13427249,
       0.13427249, 0.13427249, 0.14991936, 0.14991936, 0.16629151,
       0.16629151, 0.16629151, 0.16629151, 0.20219368, 0.20219368,
       0.20219368, 0.20219368, 0.20219368, 0.20219368, 0.22250594,
       0.2431784 , 0.2431784 , 0.2431784 , 0.2431784 , 0.2431784 ,
       0.26580609, 0.26580609, 0.28908599, 0.31289334, 0.33719207,
       0.33719207, 0.33719207, 0.33719207, 0.33719207, 0.33719207,
       0.36370693, 0.36370693, 0.36370693, 0.44645923, 0.44645923,
       0.44645923, 0.44645923, 0.44645923, 0.50540118, 0.50540118,
       0.53560125, 0.53560125, 0.56678682, 0.56678682, 0.56678682,
       0.56678682, 0.59918455, 0.59918455, 0.59918455, 0.66665825,
       0.66665825, 0.66665825, 0.70161815, 0.70161815, 0.70161815,
       0.73774324, 0.77419951, 0.81103859, 0.81103859, 0.88591947,
       1.        ]), array([0.00000000e+00, 0.00000000e+00, 6.64328088e-04, 2.78697850e-03,
       6.56079144e-03, 1.50339540e-02, 2.34641722e-02, 2.34641722e-02,
       2.93507324e-02, 3.24426531e-02, 3.61548907e-02, 4.39092561e-02,
       5.25540489e-02, 5.25540489e-02, 5.25540489e-02, 5.78910825e-02,
       6.35671364e-02, 6.35671364e-02, 6.35671364e-02, 6.35671364e-02,
       7.10234577e-02, 7.10234577e-02, 7.10234577e-02, 7.93516087e-02,
       7.93516087e-02, 8.86953512e-02, 8.86953512e-02, 8.86953512e-02,
       8.86953512e-02, 8.86953512e-02, 9.98513398e-02, 9.98513398e-02,
       9.98513398e-02, 9.98513398e-02, 9.98513398e-02, 9.98513398e-02,
       9.98513398e-02, 9.98513398e-02, 9.98513398e-02, 9.98513398e-02,
       1.14574925e-01, 1.29807107e-01, 1.29807107e-01, 1.29807107e-01,
       1.78795182e-01, 1.78795182e-01, 1.96061295e-01, 1.96061295e-01,
       2.14026674e-01, 2.14026674e-01, 2.32537171e-01, 2.32537171e-01,
       2.32537171e-01, 2.32537171e-01, 2.52906796e-01, 2.52906796e-01,
       2.73706719e-01, 2.73706719e-01, 2.73706719e-01, 2.73706719e-01,
       2.73706719e-01, 2.73706719e-01, 2.73706719e-01, 2.73706719e-01,
       2.73706719e-01, 2.73706719e-01, 2.73706719e-01, 2.73706719e-01,
       2.73706719e-01, 2.99487616e-01, 2.99487616e-01, 2.99487616e-01,
       2.99487616e-01, 2.99487616e-01, 2.99487616e-01, 3.27557015e-01,
       3.27557015e-01, 3.56475519e-01, 3.85750020e-01, 3.85750020e-01,
       3.85750020e-01, 3.85750020e-01, 3.85750020e-01, 3.85750020e-01,
       3.85750020e-01, 4.17592199e-01, 4.17592199e-01, 4.17592199e-01,
       4.17592199e-01, 4.51013992e-01, 4.51013992e-01, 4.85301509e-01,
       4.85301509e-01, 5.20147145e-01, 5.55550616e-01, 5.55550616e-01,
       6.63762182e-01, 7.00373267e-01, 7.74031220e-01, 8.11311325e-01,
       1.00000000e+00]), array([0.        , 0.        , 0.00335286, 0.00899527, 0.00899527,
       0.01063054, 0.01664367, 0.02124052, 0.02124052, 0.0243935 ,
       0.0243935 , 0.0243935 , 0.02865361, 0.02865361, 0.02865361,
       0.02865361, 0.0343685 , 0.0465747 , 0.05324877, 0.05324877,
       0.05324877, 0.05324877, 0.05324877, 0.05324877, 0.06184337,
       0.06184337, 0.06184337, 0.07175187, 0.07175187, 0.07175187,
       0.07175187, 0.07175187, 0.09504649, 0.10715922, 0.11951086,
       0.11951086, 0.1326157 , 0.1326157 , 0.1326157 , 0.14700252,
       0.14700252, 0.14700252, 0.14700252, 0.14700252, 0.14700252,
       0.16352678, 0.16352678, 0.16352678, 0.16352678, 0.16352678,
       0.18194058, 0.18194058, 0.20106132, 0.20106132, 0.20106132,
       0.22136749, 0.24194965, 0.26286479, 0.26286479, 0.28459308,
       0.30665316, 0.30665316, 0.30665316, 0.30665316, 0.30665316,
       0.30665316, 0.30665316, 0.30665316, 0.35700988, 0.38257788,
       0.40864896, 0.40864896, 0.40864896, 0.43583338, 0.43583338,
       0.43583338, 0.43583338, 0.43583338, 0.43583338, 0.46497668,
       0.46497668, 0.46497668, 0.49547573, 0.49547573, 0.49547573,
       0.49547573, 0.49547573, 0.49547573, 0.49547573, 0.56147938,
       0.59477415, 0.59477415, 0.59477415, 0.59477415, 0.59477415,
       0.59477415, 0.59477415, 0.66681294, 0.73971139, 0.77652158,
       1.        ]), array([0.        , 0.        , 0.00281585, 0.00522058, 0.00761153,
       0.00921318, 0.01111953, 0.01111953, 0.01358973, 0.01649815,
       0.01984725, 0.01984725, 0.01984725, 0.01984725, 0.01984725,
       0.01984725, 0.01984725, 0.02541583, 0.03124226, 0.03124226,
       0.03124226, 0.03124226, 0.03124226, 0.03124226, 0.03124226,
       0.03949018, 0.048269  , 0.048269  , 0.048269  , 0.048269  ,
       0.048269  , 0.0584417 , 0.06915981, 0.06915981, 0.06915981,
       0.06915981, 0.08101368, 0.08101368, 0.10613042, 0.10613042,
       0.10613042, 0.10613042, 0.10613042, 0.14925569, 0.1786166 ,
       0.1786166 , 0.1786166 , 0.1786166 , 0.1786166 , 0.1786166 ,
       0.1953264 , 0.1953264 , 0.1953264 , 0.1953264 , 0.1953264 ,
       0.1953264 , 0.1953264 , 0.21443246, 0.21443246, 0.23421411,
       0.27449031, 0.27449031, 0.27449031, 0.29556781, 0.29556781,
       0.29556781, 0.29556781, 0.29556781, 0.3184212 , 0.3184212 ,
       0.34205092, 0.34205092, 0.34205092, 0.34205092, 0.36684112,
       0.39195995, 0.41759769, 0.41759769, 0.41759769, 0.41759769,
       0.44456987, 0.49926832, 0.49926832, 0.49926832, 0.49926832,
       0.55653527, 0.58532034, 0.58532034, 0.61492499, 0.644962  ,
       0.67524104, 0.73658926, 0.73658926, 0.76787789, 0.76787789,
       0.76787789, 0.76787789, 0.83311309, 0.89915841, 0.93257018,
       1.        ]), array([0.        , 0.        , 0.        , 0.00270146, 0.00463479,
       0.00715517, 0.01338227, 0.01714042, 0.01714042, 0.01714042,
       0.01714042, 0.0201067 , 0.0201067 , 0.02358107, 0.02358107,
       0.02786802, 0.02786802, 0.0374503 , 0.0374503 , 0.0374503 ,
       0.0374503 , 0.0374503 , 0.0374503 , 0.0374503 , 0.0374503 ,
       0.0374503 , 0.0374503 , 0.0374503 , 0.04554823, 0.04554823,
       0.05422441, 0.05422441, 0.05422441, 0.05422441, 0.05422441,
       0.06407677, 0.06407677, 0.06407677, 0.07492712, 0.07492712,
       0.07492712, 0.07492712, 0.08695765, 0.08695765, 0.08695765,
       0.08695765, 0.08695765, 0.08695765, 0.1007169 , 0.1007169 ,
       0.12920664, 0.15860287, 0.15860287, 0.15860287, 0.15860287,
       0.15860287, 0.15860287, 0.15860287, 0.15860287, 0.15860287,
       0.15860287, 0.15860287, 0.15860287, 0.15860287, 0.15860287,
       0.15860287, 0.15860287, 0.15860287, 0.15860287, 0.17834981,
       0.17834981, 0.17834981, 0.17834981, 0.17834981, 0.17834981,
       0.19997088, 0.19997088, 0.19997088, 0.19997088, 0.19997088,
       0.22310572, 0.24647404, 0.24647404, 0.27044059, 0.27044059,
       0.27044059, 0.27044059, 0.2953383 , 0.2953383 , 0.2953383 ,
       0.32112876, 0.32112876, 0.34748504, 0.34748504, 0.34748504,
       0.45644519, 0.5114329 , 0.5114329 , 0.56804361, 0.65366772,
       1.        ])]",0.0067164210977846,0.0143631439425135,0.0091125550864681,0.0059920264305712,"[{'lambda_reg': 0.0004100565771921853, 'gamma': 0.10030757235203853, 'coef0': -2.591274651344566}, {'lambda_reg': 0.00025047583555946364, 'gamma': 0.0537486014212536, 'coef0': 2.745672232591043}, {'lambda_reg': 7.77129848978735e-05, 'gamma': 0.03840585612457619, 'coef0': -2.001920925250614}, {'lambda_reg': 1.6275390094721427e-05, 'gamma': 0.0237298456959472, 'coef0': -2.126072578882172}, {'lambda_reg': 0.0006220871842067948, 'gamma': 0.05830402448161343, 'coef0': 1.4183939192577508}]",300,1,sigmoid,89
"[np.float64(0.13755040115178152), np.float64(0.09267212697459024), np.float64(0.1638043686888975), np.float64(0.07877659478257487), np.float64(0.24658149165507426)]",0.1438769966505836,0.0597416776848424,"[np.float64(0.8074202107386839), np.float64(0.8058181130655879), np.float64(0.8369773509087316), np.float64(0.8738296242335962), np.float64(0.7953515778461815)]",0.8238793753585562,0.0285570756650534,"[np.float64(0.8804946409822522), np.float64(0.891533375554066), np.float64(0.8769060791414142), np.float64(0.8755419106274269), np.float64(0.9403622731105252)]",0.892967655883137,0.0243537013534199,"[array([0.        , 0.21865592, 0.21865592, 0.25425852, 0.25425852,
       0.32406383, 0.32406383, 0.32406383, 0.32406383, 0.32406383,
       0.32406383, 0.3895383 , 0.42190775, 0.45378248, 0.48539931,
       0.48539931, 0.48539931, 0.51576314, 0.51576314, 0.51576314,
       0.51576314, 0.51576314, 0.54427895, 0.54427895, 0.54427895,
       0.54427895, 0.54427895, 0.54427895, 0.57071601, 0.57071601,
       0.57071601, 0.57071601, 0.57071601, 0.57071601, 0.57071601,
       0.59450025, 0.61801548, 0.61801548, 0.61801548, 0.64040014,
       0.64040014, 0.64040014, 0.66186051, 0.66186051, 0.66186051,
       0.66186051, 0.68168505, 0.68168505, 0.68168505, 0.70057708,
       0.71909925, 0.71909925, 0.73680615, 0.75416383, 0.77114423,
       0.77114423, 0.77114423, 0.77114423, 0.78672185, 0.80171122,
       0.80171122, 0.81624208, 0.83023105, 0.84388881, 0.84388881,
       0.84388881, 0.84388881, 0.84388881, 0.85560563, 0.85560563,
       0.85560563, 0.86644235, 0.86644235, 0.87646255, 0.88605468,
       0.89537352, 0.91328575, 0.91328575, 0.91328575, 0.91328575,
       0.92090065, 0.9351129 , 0.9351129 , 0.94759197, 0.9534602 ,
       0.95905699, 0.95905699, 0.96405901, 0.97304946, 0.97304946,
       0.97705954, 0.98426975, 0.98751401, 0.99010014, 0.99231753,
       0.99646833, 0.9981336 , 0.9981336 , 1.        , 1.        ,
       1.        ]), array([0.        , 0.20333388, 0.20333388, 0.24311161, 0.24311161,
       0.28201052, 0.28201052, 0.28201052, 0.28201052, 0.28201052,
       0.31896083, 0.35517174, 0.35517174, 0.35517174, 0.35517174,
       0.35517174, 0.35517174, 0.35517174, 0.35517174, 0.35517174,
       0.35517174, 0.41983193, 0.41983193, 0.41983193, 0.45104635,
       0.48189044, 0.48189044, 0.48189044, 0.51149068, 0.51149068,
       0.51149068, 0.51149068, 0.51149068, 0.53907744, 0.53907744,
       0.56566515, 0.59172992, 0.59172992, 0.61696711, 0.64190877,
       0.66631331, 0.73876748, 0.73876748, 0.73876748, 0.73876748,
       0.73876748, 0.73876748, 0.73876748, 0.73876748, 0.73876748,
       0.73876748, 0.75877163, 0.77862825, 0.79790363, 0.81673984,
       0.81673984, 0.81673984, 0.81673984, 0.81673984, 0.81673984,
       0.81673984, 0.81673984, 0.81673984, 0.81673984, 0.83151979,
       0.83151979, 0.83151979, 0.83151979, 0.83151979, 0.84427262,
       0.84427262, 0.85631591, 0.85631591, 0.87855473, 0.90019509,
       0.90019509, 0.9102204 , 0.9102204 , 0.91949101, 0.93676843,
       0.93676843, 0.93676843, 0.94416969, 0.94416969, 0.95074778,
       0.95074778, 0.95074778, 0.95074778, 0.9707799 , 0.9707799 ,
       0.9707799 , 0.97852819, 0.98184644, 0.98820955, 0.99101481,
       0.99344425, 0.99344425, 0.99478655, 0.99883509, 0.99936265,
       1.        ]), array([0.        , 0.18260008, 0.21862819, 0.21862819, 0.25376346,
       0.25376346, 0.25376346, 0.25376346, 0.25376346, 0.25376346,
       0.25376346, 0.25376346, 0.28608491, 0.3182596 , 0.35005625,
       0.35005625, 0.35005625, 0.35005625, 0.35005625, 0.37992947,
       0.37992947, 0.37992947, 0.37992947, 0.37992947, 0.37992947,
       0.37992947, 0.40720401, 0.46105155, 0.48743311, 0.48743311,
       0.48743311, 0.53812049, 0.53812049, 0.53812049, 0.5623341 ,
       0.61036788, 0.65732286, 0.68061791, 0.70363548, 0.72597008,
       0.72597008, 0.72597008, 0.74750453, 0.76868559, 0.81004072,
       0.81004072, 0.81004072, 0.81004072, 0.81004072, 0.81004072,
       0.81004072, 0.81004072, 0.81004072, 0.81004072, 0.81004072,
       0.81004072, 0.81004072, 0.82583059, 0.82583059, 0.82583059,
       0.82583059, 0.82583059, 0.84007284, 0.85388992, 0.85388992,
       0.85388992, 0.85388992, 0.85388992, 0.86560021, 0.86560021,
       0.87681426, 0.89856842, 0.90882794, 0.90882794, 0.90882794,
       0.90882794, 0.91782499, 0.92631274, 0.93469305, 0.93469305,
       0.94208271, 0.95639903, 0.95639903, 0.95639903, 0.95639903,
       0.95639903, 0.96159683, 0.96656805, 0.96656805, 0.97470868,
       0.97470868, 0.97470868, 0.98103552, 0.98384519, 0.98840209,
       0.99043995, 0.99549876, 0.99802059, 1.        , 1.        ,
       1.        ]), array([0.        , 0.11074757, 0.22017103, 0.25638315, 0.25638315,
       0.25638315, 0.29144994, 0.32607825, 0.32607825, 0.32607825,
       0.32607825, 0.32607825, 0.35869681, 0.35869681, 0.4223916 ,
       0.48525446, 0.48525446, 0.48525446, 0.48525446, 0.48525446,
       0.48525446, 0.48525446, 0.48525446, 0.48525446, 0.48525446,
       0.48525446, 0.51292125, 0.54025979, 0.54025979, 0.54025979,
       0.54025979, 0.54025979, 0.54025979, 0.56506782, 0.56506782,
       0.58910325, 0.58910325, 0.58910325, 0.58910325, 0.58910325,
       0.58910325, 0.58910325, 0.58910325, 0.58910325, 0.58910325,
       0.63022727, 0.65050204, 0.65050204, 0.66973859, 0.66973859,
       0.66973859, 0.68809767, 0.70585387, 0.74077686, 0.75782046,
       0.77455057, 0.77455057, 0.79049206, 0.80607685, 0.80607685,
       0.80607685, 0.82052681, 0.82052681, 0.83441848, 0.86147431,
       0.87463861, 0.87463861, 0.88698273, 0.91095196, 0.91095196,
       0.92205071, 0.92205071, 0.92205071, 0.92205071, 0.92205071,
       0.92205071, 0.92205071, 0.93072418, 0.93072418, 0.9386147 ,
       0.9386147 , 0.9386147 , 0.94535116, 0.95171151, 0.95171151,
       0.95759048, 0.95759048, 0.95759048, 0.96687033, 0.97119314,
       0.97917793, 0.97917793, 0.98227848, 0.99014639, 0.99014639,
       0.99233321, 0.99699647, 0.99836105, 0.99942029, 1.        ,
       1.        ]), array([0.        , 0.55423556, 0.58295503, 0.58295503, 0.58295503,
       0.58295503, 0.61062264, 0.61062264, 0.61062264, 0.61062264,
       0.61062264, 0.61062264, 0.61062264, 0.61062264, 0.61062264,
       0.63548856, 0.63548856, 0.63548856, 0.63548856, 0.63548856,
       0.65894804, 0.68218339, 0.70515691, 0.72780089, 0.72780089,
       0.72780089, 0.72780089, 0.72780089, 0.72780089, 0.72780089,
       0.74853228, 0.74853228, 0.74853228, 0.74853228, 0.74853228,
       0.74853228, 0.78609318, 0.78609318, 0.82286555, 0.85865867,
       0.85865867, 0.85865867, 0.87568327, 0.87568327, 0.87568327,
       0.87568327, 0.89171832, 0.89171832, 0.89171832, 0.89171832,
       0.89171832, 0.89171832, 0.89171832, 0.89171832, 0.89171832,
       0.89171832, 0.89171832, 0.89171832, 0.90424167, 0.90424167,
       0.90424167, 0.90424167, 0.90424167, 0.92620294, 0.92620294,
       0.92620294, 0.92620294, 0.92620294, 0.93558372, 0.93558372,
       0.93558372, 0.93558372, 0.93558372, 0.93558372, 0.94331817,
       0.95083164, 0.95807812, 0.95807812, 0.95807812, 0.95807812,
       0.95807812, 0.96382634, 0.96382634, 0.96382634, 0.96865867,
       0.96865867, 0.96865867, 0.97263435, 0.97982181, 0.97982181,
       0.98600563, 0.98600563, 0.98600563, 0.98600563, 0.98600563,
       0.99225041, 0.99742812, 0.99840459, 1.        , 1.        ,
       1.        ])]","[array([0.00000000e+00, 4.91939746e-04, 4.91939746e-04, 1.27842764e-03,
       1.27842764e-03, 4.02537139e-03, 4.02537139e-03, 4.02537139e-03,
       4.02537139e-03, 4.02537139e-03, 4.02537139e-03, 1.04042839e-02,
       1.39021731e-02, 1.78149448e-02, 2.19439964e-02, 2.19439964e-02,
       2.19439964e-02, 2.71238556e-02, 2.71238556e-02, 2.71238556e-02,
       2.71238556e-02, 2.71238556e-02, 3.38535124e-02, 3.38535124e-02,
       3.38535124e-02, 3.38535124e-02, 3.38535124e-02, 3.38535124e-02,
       4.23264581e-02, 4.23264581e-02, 4.23264581e-02, 4.23264581e-02,
       4.23264581e-02, 4.23264581e-02, 4.23264581e-02, 5.30241385e-02,
       6.39474149e-02, 6.39474149e-02, 6.39474149e-02, 7.58188190e-02,
       7.58188190e-02, 7.58188190e-02, 8.84653603e-02, 8.84653603e-02,
       8.84653603e-02, 8.84653603e-02, 1.02483748e-01, 1.02483748e-01,
       1.02483748e-01, 1.17284165e-01, 1.32394755e-01, 1.32394755e-01,
       1.48189057e-01, 1.64276220e-01, 1.80679777e-01, 1.80679777e-01,
       1.80679777e-01, 1.80679777e-01, 1.98259746e-01, 2.16333039e-01,
       2.16333039e-01, 2.34790850e-01, 2.53703113e-01, 2.72893124e-01,
       2.72893124e-01, 2.72893124e-01, 2.72893124e-01, 2.72893124e-01,
       2.93710872e-01, 2.93710872e-01, 2.93710872e-01, 3.15266685e-01,
       3.15266685e-01, 3.37507255e-01, 3.60106825e-01, 3.82935577e-01,
       4.29201459e-01, 4.29201459e-01, 4.29201459e-01, 4.29201459e-01,
       4.53459182e-01, 5.02827976e-01, 5.02827976e-01, 5.53650256e-01,
       5.79372783e-01, 6.05322945e-01, 6.05322945e-01, 6.31771899e-01,
       6.85519837e-01, 6.85519837e-01, 7.12800660e-01, 7.68041545e-01,
       7.95964606e-01, 8.24439591e-01, 8.53223813e-01, 9.11030403e-01,
       9.40277645e-01, 9.40277645e-01, 1.00000000e+00, 1.00000000e+00,
       1.00000000e+00]), array([0.00000000e+00, 2.69763981e-06, 2.69763981e-06, 6.20604505e-04,
       6.20604505e-04, 1.84878634e-03, 1.84878634e-03, 1.84878634e-03,
       1.84878634e-03, 1.84878634e-03, 4.43010826e-03, 7.52488829e-03,
       7.52488829e-03, 7.52488829e-03, 7.52488829e-03, 7.52488829e-03,
       7.52488829e-03, 7.52488829e-03, 7.52488829e-03, 7.52488829e-03,
       7.52488829e-03, 1.91042604e-02, 1.91042604e-02, 1.91042604e-02,
       2.56686911e-02, 3.24902932e-02, 3.24902932e-02, 3.24902932e-02,
       4.01756383e-02, 4.01756383e-02, 4.01756383e-02, 4.01756383e-02,
       4.01756383e-02, 4.92591915e-02, 4.92591915e-02, 5.90364983e-02,
       6.91769411e-02, 6.91769411e-02, 7.98920784e-02, 9.08124316e-02,
       1.02105772e-01, 1.36513177e-01, 1.36513177e-01, 1.36513177e-01,
       1.36513177e-01, 1.36513177e-01, 1.36513177e-01, 1.36513177e-01,
       1.36513177e-01, 1.36513177e-01, 1.36513177e-01, 1.50862233e-01,
       1.65313737e-01, 1.80168861e-01, 1.95328954e-01, 1.95328954e-01,
       1.95328954e-01, 1.95328954e-01, 1.95328954e-01, 1.95328954e-01,
       1.95328954e-01, 1.95328954e-01, 1.95328954e-01, 1.95328954e-01,
       2.13305793e-01, 2.13305793e-01, 2.13305793e-01, 2.13305793e-01,
       2.13305793e-01, 2.32690302e-01, 2.32690302e-01, 2.52567534e-01,
       2.52567534e-01, 2.93605105e-01, 3.35058258e-01, 3.35058258e-01,
       3.56336803e-01, 3.56336803e-01, 3.78139435e-01, 4.22622295e-01,
       4.22622295e-01, 4.22622295e-01, 4.45723038e-01, 4.45723038e-01,
       4.69395401e-01, 4.69395401e-01, 4.69395401e-01, 4.69395401e-01,
       5.68445968e-01, 5.68445968e-01, 5.68445968e-01, 6.19546042e-01,
       6.45482095e-01, 6.97544063e-01, 7.23836348e-01, 7.50389613e-01,
       7.50389613e-01, 7.77697809e-01, 8.87847678e-01, 9.15721647e-01,
       1.00000000e+00]), array([0.00000000e+00, 2.63282332e-04, 7.27585532e-04, 7.27585532e-04,
       1.93904882e-03, 1.93904882e-03, 1.93904882e-03, 1.93904882e-03,
       1.93904882e-03, 1.93904882e-03, 1.93904882e-03, 1.93904882e-03,
       5.50521830e-03, 9.19420302e-03, 1.31995421e-02, 1.31995421e-02,
       1.31995421e-02, 1.31995421e-02, 1.31995421e-02, 1.88144819e-02,
       1.88144819e-02, 1.88144819e-02, 1.88144819e-02, 1.88144819e-02,
       1.88144819e-02, 1.88144819e-02, 2.66040974e-02, 4.27703834e-02,
       5.13072761e-02, 5.13072761e-02, 5.13072761e-02, 7.01181073e-02,
       7.01181073e-02, 7.01181073e-02, 8.04692143e-02, 1.01500677e-01,
       1.23434919e-01, 1.34554705e-01, 1.45906703e-01, 1.57830239e-01,
       1.57830239e-01, 1.57830239e-01, 1.70423365e-01, 1.83312224e-01,
       2.09932620e-01, 2.09932620e-01, 2.09932620e-01, 2.09932620e-01,
       2.09932620e-01, 2.09932620e-01, 2.09932620e-01, 2.09932620e-01,
       2.09932620e-01, 2.09932620e-01, 2.09932620e-01, 2.09932620e-01,
       2.09932620e-01, 2.27333021e-01, 2.27333021e-01, 2.27333021e-01,
       2.27333021e-01, 2.27333021e-01, 2.46028530e-01, 2.65079839e-01,
       2.65079839e-01, 2.65079839e-01, 2.65079839e-01, 2.65079839e-01,
       2.85894179e-01, 2.85894179e-01, 3.07123795e-01, 3.50147005e-01,
       3.72175409e-01, 3.72175409e-01, 3.72175409e-01, 3.72175409e-01,
       3.95260294e-01, 4.18771374e-01, 4.42372370e-01, 4.42372370e-01,
       4.66802374e-01, 5.16049845e-01, 5.16049845e-01, 5.16049845e-01,
       5.16049845e-01, 5.16049845e-01, 5.42314073e-01, 5.68767921e-01,
       5.68767921e-01, 6.23183430e-01, 6.23183430e-01, 6.23183430e-01,
       6.79116788e-01, 7.07379499e-01, 7.64794002e-01, 7.93702591e-01,
       8.81311024e-01, 9.40428552e-01, 1.00000000e+00, 1.00000000e+00,
       1.00000000e+00]), array([0.00000000e+00, 8.92985165e-05, 1.26649380e-03, 1.87445217e-03,
       1.87445217e-03, 1.87445217e-03, 3.42343035e-03, 5.33266442e-03,
       5.33266442e-03, 5.33266442e-03, 5.33266442e-03, 5.33266442e-03,
       8.89312150e-03, 8.89312150e-03, 1.72812342e-02, 2.63528677e-02,
       2.63528677e-02, 2.63528677e-02, 2.63528677e-02, 2.63528677e-02,
       2.63528677e-02, 2.63528677e-02, 2.63528677e-02, 2.63528677e-02,
       2.63528677e-02, 2.63528677e-02, 3.39817409e-02, 4.18803099e-02,
       4.18803099e-02, 4.18803099e-02, 4.18803099e-02, 4.18803099e-02,
       4.18803099e-02, 5.18579632e-02, 5.18579632e-02, 6.24703930e-02,
       6.24703930e-02, 6.24703930e-02, 6.24703930e-02, 6.24703930e-02,
       6.24703930e-02, 6.24703930e-02, 6.24703930e-02, 6.24703930e-02,
       6.24703930e-02, 8.94028353e-02, 1.03105052e-01, 1.03105052e-01,
       1.17660283e-01, 1.17660283e-01, 1.17660283e-01, 1.32936450e-01,
       1.48707947e-01, 1.80735208e-01, 1.97092177e-01, 2.13706723e-01,
       2.13706723e-01, 2.30969194e-01, 2.48524741e-01, 2.48524741e-01,
       2.48524741e-01, 2.67012671e-01, 2.67012671e-01, 2.85959299e-01,
       3.24450285e-01, 3.43994525e-01, 3.43994525e-01, 3.64212633e-01,
       4.05239587e-01, 4.05239587e-01, 4.26480903e-01, 4.26480903e-01,
       4.26480903e-01, 4.26480903e-01, 4.26480903e-01, 4.26480903e-01,
       4.26480903e-01, 4.49714843e-01, 4.49714843e-01, 4.73592061e-01,
       4.73592061e-01, 4.73592061e-01, 4.98417466e-01, 5.23551894e-01,
       5.23551894e-01, 5.49081815e-01, 5.49081815e-01, 5.49081815e-01,
       6.02177694e-01, 6.28986172e-01, 6.83146075e-01, 6.83146075e-01,
       7.10958777e-01, 7.95574851e-01, 7.95574851e-01, 8.24138276e-01,
       9.11387310e-01, 9.40626300e-01, 9.70116153e-01, 1.00000000e+00,
       1.00000000e+00]), array([0.00000000e+00, 9.23017867e-04, 1.57077057e-03, 1.57077057e-03,
       1.57077057e-03, 1.57077057e-03, 3.61650797e-03, 3.61650797e-03,
       3.61650797e-03, 3.61650797e-03, 3.61650797e-03, 3.61650797e-03,
       3.61650797e-03, 3.61650797e-03, 3.61650797e-03, 9.38586873e-03,
       9.38586873e-03, 9.38586873e-03, 9.38586873e-03, 9.38586873e-03,
       1.70244635e-02, 2.49609453e-02, 3.32454278e-02, 4.19678773e-02,
       4.19678773e-02, 4.19678773e-02, 4.19678773e-02, 4.19678773e-02,
       4.19678773e-02, 4.19678773e-02, 5.32322689e-02, 5.32322689e-02,
       5.32322689e-02, 5.32322689e-02, 5.32322689e-02, 5.32322689e-02,
       8.09469097e-02, 8.09469097e-02, 1.09709560e-01, 1.39773682e-01,
       1.39773682e-01, 1.39773682e-01, 1.55964635e-01, 1.55964635e-01,
       1.55964635e-01, 1.55964635e-01, 1.73470758e-01, 1.73470758e-01,
       1.73470758e-01, 1.73470758e-01, 1.73470758e-01, 1.73470758e-01,
       1.73470758e-01, 1.73470758e-01, 1.73470758e-01, 1.73470758e-01,
       1.73470758e-01, 1.73470758e-01, 1.95644146e-01, 1.95644146e-01,
       1.95644146e-01, 1.95644146e-01, 1.95644146e-01, 2.44091648e-01,
       2.44091648e-01, 2.44091648e-01, 2.44091648e-01, 2.44091648e-01,
       2.70441705e-01, 2.70441705e-01, 2.70441705e-01, 2.70441705e-01,
       2.70441705e-01, 2.70441705e-01, 2.98979832e-01, 3.27811668e-01,
       3.56998337e-01, 3.56998337e-01, 3.56998337e-01, 3.56998337e-01,
       3.56998337e-01, 3.88176293e-01, 3.88176293e-01, 3.88176293e-01,
       4.20571509e-01, 4.20571509e-01, 4.20571509e-01, 4.54105285e-01,
       5.22188090e-01, 5.22188090e-01, 5.91604790e-01, 5.91604790e-01,
       5.91604790e-01, 5.91604790e-01, 5.91604790e-01, 7.38575857e-01,
       8.86965120e-01, 9.24485025e-01, 1.00000000e+00, 1.00000000e+00,
       1.00000000e+00])]",-0.0146838190079431,0.0459548485452392,0.0321096814919789,0.0116574429450617,"[{'lambda_reg': 0.10784933836263241, 'gamma': 0.263169078408311}, {'lambda_reg': 0.0048839841290103285, 'gamma': 0.030656084355377297}, {'lambda_reg': 0.04085100504605766, 'gamma': 0.05574245836838315}, {'lambda_reg': 0.0008349231919829257, 'gamma': 0.0013754869062064564}, {'lambda_reg': 0.12073809525661827, 'gamma': 1.0470751511366576}]",300,2,laplacian,93
"[np.float64(0.21611768062157205), np.float64(0.15239401819348902), np.float64(0.2330090522230036), np.float64(0.1911121679869242), np.float64(0.1791156184472123)]",0.1943497074944402,0.028182365354189,"[np.float64(0.6651449420827275), np.float64(0.7410399213036998), np.float64(0.6252449321862795), np.float64(0.6927157934872921), np.float64(0.6815651039538331)]",0.6811421386027664,0.0376889393356476,"[np.float64(0.7069662605925044), np.float64(0.7142770758619303), np.float64(0.7531983447643731), np.float64(0.7172076351423524), np.float64(0.7381499195463069)]",0.7259598471814935,0.0171136104176099,"[array([0.        , 0.        , 0.        , 0.02898953, 0.02898953,
       0.05715547, 0.08515181, 0.08515181, 0.08515181, 0.08515181,
       0.11191537, 0.11191537, 0.13821161, 0.13821161, 0.13821161,
       0.13821161, 0.13821161, 0.13821161, 0.16256666, 0.18674704,
       0.21075117, 0.23436802, 0.23436802, 0.23436802, 0.23436802,
       0.23436802, 0.23436802, 0.25614228, 0.25614228, 0.27736995,
       0.27736995, 0.27736995, 0.27736995, 0.31733518, 0.33713856,
       0.39518896, 0.43357369, 0.47143658, 0.50837376, 0.50837376,
       0.54428555, 0.56187096, 0.57912019, 0.59630132, 0.62980126,
       0.62980126, 0.66205171, 0.69372415, 0.70937461, 0.73981923,
       0.75487613, 0.7694777 , 0.7694777 , 0.78360529, 0.78360529,
       0.79716437, 0.79716437, 0.80999201, 0.84776737, 0.85992269,
       0.85992269, 0.85992269, 0.89408396, 0.90514962, 0.92675252,
       0.92675252, 0.9369597 , 0.9369597 , 0.95623535, 0.96548785,
       0.98339389, 0.99204943, 0.99204943, 0.99204943, 1.        ,
       1.        , 1.        , 1.        , 1.        , 1.        ,
       1.        , 1.        , 1.        , 1.        , 1.        ,
       1.        , 1.        , 1.        , 1.        , 1.        ,
       1.        , 1.        , 1.        , 1.        , 1.        ,
       1.        , 1.        , 1.        , 1.        , 1.        ,
       1.        ]), array([0.        , 0.        , 0.        , 0.        , 0.        ,
       0.        , 0.02584398, 0.05138479, 0.07667429, 0.10189761,
       0.17653609, 0.17653609, 0.17653609, 0.17653609, 0.17653609,
       0.17653609, 0.17653609, 0.19952535, 0.19952535, 0.22199622,
       0.22199622, 0.26574374, 0.26574374, 0.26574374, 0.28664275,
       0.30726728, 0.30726728, 0.32740971, 0.3673764 , 0.3673764 ,
       0.40601338, 0.4250883 , 0.44390727, 0.49937056, 0.49937056,
       0.57122177, 0.57122177, 0.58871167, 0.60572075, 0.60572075,
       0.62240623, 0.65524693, 0.68748141, 0.68748141, 0.70287375,
       0.70287375, 0.70287375, 0.74661719, 0.77541218, 0.78956162,
       0.8033415 , 0.8033415 , 0.82982262, 0.82982262, 0.85528342,
       0.85528342, 0.87982332, 0.90371256, 0.90371256, 0.90371256,
       0.90371256, 0.9253614 , 0.93597541, 0.96689861, 0.96689861,
       0.96689861, 0.96689861, 0.96689861, 0.97584411, 0.98439525,
       0.98439525, 0.99238145, 0.99238145, 1.        , 1.        ,
       1.        , 1.        , 1.        , 1.        , 1.        ,
       1.        , 1.        , 1.        , 1.        , 1.        ,
       1.        , 1.        , 1.        , 1.        , 1.        ,
       1.        , 1.        , 1.        , 1.        , 1.        ,
       1.        , 1.        , 1.        , 1.        , 1.        ,
       1.        ]), array([0.        , 0.02545212, 0.07567545, 0.07567545, 0.12468881,
       0.12468881, 0.14862545, 0.19604999, 0.19604999, 0.19604999,
       0.19604999, 0.19604999, 0.21851173, 0.21851173, 0.24041965,
       0.24041965, 0.2832937 , 0.2832937 , 0.2832937 , 0.2832937 ,
       0.30371046, 0.30371046, 0.38359929, 0.42317025, 0.48155688,
       0.48155688, 0.50062775, 0.53795119, 0.53795119, 0.57430471,
       0.57430471, 0.6094905 , 0.6094905 , 0.64399912, 0.67771618,
       0.67771618, 0.67771618, 0.69377462, 0.70965864, 0.72537227,
       0.74073689, 0.74073689, 0.74073689, 0.75548434, 0.78429688,
       0.79848922, 0.81224659, 0.81224659, 0.82563566, 0.83868862,
       0.85157475, 0.8642115 , 0.8642115 , 0.88839094, 0.90019556,
       0.92338778, 0.93471874, 0.94592112, 0.95684843, 0.95684843,
       0.95684843, 0.96687515, 0.96687515, 0.96687515, 0.96687515,
       0.96687515, 0.96687515, 0.96687515, 0.97519825, 0.99103593,
       0.99103593, 0.99103593, 0.99103593, 0.99103593, 0.99103593,
       0.99103593, 0.99103593, 0.99103593, 0.99103593, 0.99103593,
       0.99103593, 0.99597113, 0.99597113, 0.99597113, 0.99597113,
       1.        , 1.        , 1.        , 1.        , 1.        ,
       1.        , 1.        , 1.        , 1.        , 1.        ,
       1.        , 1.        , 1.        , 1.        , 1.        ,
       1.        ]), array([0.        , 0.        , 0.        , 0.        , 0.02587286,
       0.02587286, 0.05133203, 0.05133203, 0.05133203, 0.05133203,
       0.07570875, 0.07570875, 0.07570875, 0.07570875, 0.07570875,
       0.09877451, 0.16706246, 0.21207959, 0.23433421, 0.23433421,
       0.25596141, 0.27741559, 0.31980483, 0.34076728, 0.34076728,
       0.36116634, 0.38121091, 0.42076916, 0.45980394, 0.47900881,
       0.47900881, 0.49780535, 0.49780535, 0.51586261, 0.51586261,
       0.53337884, 0.56815928, 0.56815928, 0.63551727, 0.66849337,
       0.70124056, 0.70124056, 0.71693337, 0.7478338 , 0.7478338 ,
       0.7478338 , 0.7478338 , 0.77661079, 0.83296543, 0.83296543,
       0.83296543, 0.84622135, 0.87235167, 0.89787994, 0.91028705,
       0.91028705, 0.91028705, 0.91028705, 0.91028705, 0.91028705,
       0.92118507, 0.95293089, 0.95293089, 0.95293089, 0.95293089,
       0.95293089, 0.96209933, 0.97116887, 0.97116887, 0.97116887,
       0.97932258, 0.97932258, 0.98699533, 0.98699533, 0.98699533,
       0.99395217, 0.99395217, 0.99395217, 1.        , 1.        ,
       1.        , 1.        , 1.        , 1.        , 1.        ,
       1.        , 1.        , 1.        , 1.        , 1.        ,
       1.        , 1.        , 1.        , 1.        , 1.        ,
       1.        , 1.        , 1.        , 1.        , 1.        ,
       1.        ]), array([0.        , 0.        , 0.        , 0.        , 0.04618576,
       0.04618576, 0.06877681, 0.15853208, 0.1806398 , 0.20259789,
       0.20259789, 0.22393189, 0.22393189, 0.26581254, 0.28655505,
       0.30697563, 0.3271149 , 0.3271149 , 0.36647798, 0.42509511,
       0.42509511, 0.48228751, 0.48228751, 0.48228751, 0.51881035,
       0.53701395, 0.55480948, 0.58996905, 0.62481897, 0.64185636,
       0.64185636, 0.69192039, 0.69192039, 0.69192039, 0.70784067,
       0.70784067, 0.72338089, 0.73863478, 0.76862528, 0.76862528,
       0.78316145, 0.79750359, 0.79750359, 0.79750359, 0.79750359,
       0.79750359, 0.79750359, 0.81024933, 0.86058069, 0.88541862,
       0.90963403, 0.921542  , 0.921542  , 0.921542  , 0.9327961 ,
       0.94359659, 0.95420627, 0.96452385, 0.97469817, 0.98476286,
       0.98476286, 0.98476286, 0.98476286, 0.98476286, 0.98476286,
       0.99323668, 0.99323668, 0.99323668, 0.99323668, 0.99323668,
       0.99323668, 0.99323668, 1.        , 1.        , 1.        ,
       1.        , 1.        , 1.        , 1.        , 1.        ,
       1.        , 1.        , 1.        , 1.        , 1.        ,
       1.        , 1.        , 1.        , 1.        , 1.        ,
       1.        , 1.        , 1.        , 1.        , 1.        ,
       1.        , 1.        , 1.        , 1.        , 1.        ,
       1.        ])]","[array([0.00000000e+00, 0.00000000e+00, 0.00000000e+00, 8.32505030e-04,
       8.32505030e-04, 2.72328837e-03, 4.83198560e-03, 4.83198560e-03,
       4.83198560e-03, 4.83198560e-03, 8.52473481e-03, 8.52473481e-03,
       1.28179622e-02, 1.28179622e-02, 1.28179622e-02, 1.28179622e-02,
       1.28179622e-02, 1.28179622e-02, 1.96055034e-02, 2.66174995e-02,
       3.38559469e-02, 4.15920402e-02, 4.15920402e-02, 4.15920402e-02,
       4.15920402e-02, 4.15920402e-02, 4.15920402e-02, 5.16957488e-02,
       5.16957488e-02, 6.25017871e-02, 6.25017871e-02, 6.25017871e-02,
       6.25017871e-02, 8.73135216e-02, 9.99497012e-02, 1.39605412e-01,
       1.66447989e-01, 1.93961106e-01, 2.22663708e-01, 2.22663708e-01,
       2.52683877e-01, 2.68170017e-01, 2.84088124e-01, 3.00093735e-01,
       3.33212991e-01, 3.33212991e-01, 3.67937759e-01, 4.03405241e-01,
       4.21377676e-01, 4.58422843e-01, 4.77157963e-01, 4.96478155e-01,
       4.96478155e-01, 5.16407388e-01, 5.16407388e-01, 5.37067118e-01,
       5.37067118e-01, 5.58666710e-01, 6.24374660e-01, 6.46838137e-01,
       6.46838137e-01, 6.46838137e-01, 7.17189976e-01, 7.41053616e-01,
       7.89459869e-01, 7.89459869e-01, 8.14426596e-01, 8.14426596e-01,
       8.65823229e-01, 8.92016668e-01, 9.45173164e-01, 9.72133654e-01,
       9.72133654e-01, 9.72133654e-01, 1.00000000e+00, 1.00000000e+00,
       1.00000000e+00, 1.00000000e+00, 1.00000000e+00, 1.00000000e+00,
       1.00000000e+00, 1.00000000e+00, 1.00000000e+00, 1.00000000e+00,
       1.00000000e+00, 1.00000000e+00, 1.00000000e+00, 1.00000000e+00,
       1.00000000e+00, 1.00000000e+00, 1.00000000e+00, 1.00000000e+00,
       1.00000000e+00, 1.00000000e+00, 1.00000000e+00, 1.00000000e+00,
       1.00000000e+00, 1.00000000e+00, 1.00000000e+00, 1.00000000e+00,
       1.00000000e+00]), array([0.        , 0.        , 0.        , 0.        , 0.        ,
       0.        , 0.00244685, 0.00536343, 0.0086694 , 0.01207792,
       0.02390173, 0.02390173, 0.02390173, 0.02390173, 0.02390173,
       0.02390173, 0.02390173, 0.03077182, 0.03077182, 0.03844514,
       0.03844514, 0.05564216, 0.05564216, 0.05564216, 0.06575102,
       0.07628514, 0.07628514, 0.08756628, 0.11062152, 0.11062152,
       0.13573711, 0.14867229, 0.16200406, 0.20353894, 0.20353894,
       0.2621724 , 0.2621724 , 0.27756351, 0.29369961, 0.29369961,
       0.31033713, 0.34443378, 0.37946974, 0.37946974, 0.39811091,
       0.39811091, 0.39811091, 0.45780516, 0.49817046, 0.51873745,
       0.53987706, 0.53987706, 0.58382759, 0.58382759, 0.62935905,
       0.62935905, 0.67631741, 0.72428393, 0.72428393, 0.72428393,
       0.72428393, 0.77572186, 0.80176684, 0.88132547, 0.88132547,
       0.88132547, 0.88132547, 0.88132547, 0.90995573, 0.93919703,
       0.93919703, 0.96931369, 0.96931369, 1.        , 1.        ,
       1.        , 1.        , 1.        , 1.        , 1.        ,
       1.        , 1.        , 1.        , 1.        , 1.        ,
       1.        , 1.        , 1.        , 1.        , 1.        ,
       1.        , 1.        , 1.        , 1.        , 1.        ,
       1.        , 1.        , 1.        , 1.        , 1.        ,
       1.        ]), array([0.00000000e+00, 1.80224071e-05, 1.34441296e-03, 1.34441296e-03,
       4.96372630e-03, 4.96372630e-03, 7.85362150e-03, 1.44837891e-02,
       1.44837891e-02, 1.44837891e-02, 1.44837891e-02, 1.44837891e-02,
       2.01686446e-02, 2.01686446e-02, 2.69030158e-02, 2.69030158e-02,
       4.21564638e-02, 4.21564638e-02, 4.21564638e-02, 4.21564638e-02,
       5.17166146e-02, 5.17166146e-02, 9.33269726e-02, 1.14839857e-01,
       1.48946982e-01, 1.48946982e-01, 1.61057628e-01, 1.86829609e-01,
       1.86829609e-01, 2.14439630e-01, 2.14439630e-01, 2.44262517e-01,
       2.44262517e-01, 2.75368654e-01, 3.07974817e-01, 3.07974817e-01,
       3.07974817e-01, 3.25794077e-01, 3.43943880e-01, 3.62416575e-01,
       3.81550652e-01, 3.81550652e-01, 3.81550652e-01, 4.01854281e-01,
       4.43754623e-01, 4.65110197e-01, 4.87290057e-01, 4.87290057e-01,
       5.10167844e-01, 5.33682566e-01, 5.57513448e-01, 5.81816902e-01,
       5.81816902e-01, 6.32497068e-01, 6.58377426e-01, 7.10928419e-01,
       7.37706373e-01, 7.64727996e-01, 7.92270873e-01, 7.92270873e-01,
       7.92270873e-01, 8.21520403e-01, 8.21520403e-01, 8.21520403e-01,
       8.21520403e-01, 8.21520403e-01, 8.21520403e-01, 8.21520403e-01,
       8.53998330e-01, 9.20486337e-01, 9.20486337e-01, 9.20486337e-01,
       9.20486337e-01, 9.20486337e-01, 9.20486337e-01, 9.20486337e-01,
       9.20486337e-01, 9.20486337e-01, 9.20486337e-01, 9.20486337e-01,
       9.20486337e-01, 9.59384406e-01, 9.59384406e-01, 9.59384406e-01,
       9.59384406e-01, 1.00000000e+00, 1.00000000e+00, 1.00000000e+00,
       1.00000000e+00, 1.00000000e+00, 1.00000000e+00, 1.00000000e+00,
       1.00000000e+00, 1.00000000e+00, 1.00000000e+00, 1.00000000e+00,
       1.00000000e+00, 1.00000000e+00, 1.00000000e+00, 1.00000000e+00,
       1.00000000e+00]), array([0.        , 0.        , 0.        , 0.        , 0.00171371,
       0.00171371, 0.00409935, 0.00409935, 0.00409935, 0.00409935,
       0.00824313, 0.00824313, 0.00824313, 0.00824313, 0.00824313,
       0.01451622, 0.03481243, 0.0491686 , 0.05675916, 0.05675916,
       0.0653688 , 0.07425945, 0.09288394, 0.10257327, 0.10257327,
       0.11317767, 0.12435787, 0.14758052, 0.1716534 , 0.18419745,
       0.18419745, 0.1974047 , 0.1974047 , 0.21181273, 0.21181273,
       0.22709952, 0.25808242, 0.25808242, 0.32362622, 0.35753979,
       0.39182515, 0.39182515, 0.41007357, 0.4473585 , 0.4473585 ,
       0.4473585 , 0.4473585 , 0.48809238, 0.57150812, 0.57150812,
       0.57150812, 0.59371461, 0.63874729, 0.68475781, 0.70834298,
       0.70834298, 0.70834298, 0.70834298, 0.70834298, 0.70834298,
       0.73437923, 0.81402818, 0.81402818, 0.81402818, 0.81402818,
       0.81402818, 0.84287368, 0.8718798 , 0.8718798 , 0.8718798 ,
       0.90237346, 0.90237346, 0.93364829, 0.93364829, 0.93364829,
       0.96608592, 0.96608592, 0.96608592, 1.        , 1.        ,
       1.        , 1.        , 1.        , 1.        , 1.        ,
       1.        , 1.        , 1.        , 1.        , 1.        ,
       1.        , 1.        , 1.        , 1.        , 1.        ,
       1.        , 1.        , 1.        , 1.        , 1.        ,
       1.        ]), array([0.        , 0.        , 0.        , 0.        , 0.00400426,
       0.00400426, 0.00715157, 0.02113035, 0.02538062, 0.02997231,
       0.02997231, 0.03598819, 0.03598819, 0.04981665, 0.0571823 ,
       0.06528258, 0.07402482, 0.07402482, 0.09359836, 0.12393418,
       0.12393418, 0.15752123, 0.15752123, 0.15752123, 0.18357614,
       0.19673555, 0.21082617, 0.23999205, 0.26986456, 0.28568523,
       0.28568523, 0.33553911, 0.33553911, 0.33553911, 0.35390903,
       0.35390903, 0.37314624, 0.39303682, 0.43399846, 0.43399846,
       0.4555269 , 0.47749811, 0.47749811, 0.47749811, 0.47749811,
       0.47749811, 0.47749811, 0.50311228, 0.6070559 , 0.65977564,
       0.71391593, 0.74144188, 0.74144188, 0.74144188, 0.77045995,
       0.80051316, 0.83100179, 0.862157  , 0.89363912, 0.92537139,
       0.92537139, 0.92537139, 0.92537139, 0.92537139, 0.92537139,
       0.96073402, 0.96073402, 0.96073402, 0.96073402, 0.96073402,
       0.96073402, 0.96073402, 1.        , 1.        , 1.        ,
       1.        , 1.        , 1.        , 1.        , 1.        ,
       1.        , 1.        , 1.        , 1.        , 1.        ,
       1.        , 1.        , 1.        , 1.        , 1.        ,
       1.        , 1.        , 1.        , 1.        , 1.        ,
       1.        , 1.        , 1.        , 1.        , 1.        ,
       1.        ])]",0.1538421289078345,0.0519695037784479,0.112393548970303,0.0132901511458572,"[{'lambda_reg': 0.9502251369720295}, {'lambda_reg': 0.8153133339344696}, {'lambda_reg': 0.9289829979223729}, {'lambda_reg': 0.8866508375123247}, {'lambda_reg': 0.829466508541317}]",300,3,linear,98
"[np.float64(0.11125577603948056), np.float64(0.08635987707004782), np.float64(0.13818626930363498), np.float64(0.09372353803492593), np.float64(0.1285252665036591)]",0.1116101453903496,0.0197486406372863,"[np.float64(0.8378165082215311), np.float64(0.8674714710345677), np.float64(0.8279065002989286), np.float64(0.8903404295054329), np.float64(0.8342591936267633)]",0.8515588205374446,0.0236845355947366,"[np.float64(0.90539939250791), np.float64(0.8840101085012848), np.float64(0.9209773704084312), np.float64(0.9240009294741698), np.float64(0.9276476663894819)]",0.9124070934562556,0.0160974430956878,"[array([0.        , 0.23607191, 0.25403701, 0.28940106, 0.30693161,
       0.32420454, 0.32420454, 0.35812501, 0.35812501, 0.37482713,
       0.39132706, 0.42381424, 0.42381424, 0.43973171, 0.43973171,
       0.43973171, 0.43973171, 0.43973171, 0.45470718, 0.48446205,
       0.49912766, 0.49912766, 0.52768775, 0.52768775, 0.52768775,
       0.55527643, 0.58225745, 0.59562211, 0.59562211, 0.59562211,
       0.59562211, 0.59562211, 0.59562211, 0.59562211, 0.59562211,
       0.59562211, 0.60727176, 0.63039508, 0.64176151, 0.64176151,
       0.65268561, 0.65268561, 0.65268561, 0.69464624, 0.69464624,
       0.72483886, 0.72483886, 0.73462442, 0.7537457 , 0.7724693 ,
       0.7724693 , 0.7724693 , 0.78128872, 0.7986073 , 0.81548344,
       0.8404158 , 0.8404158 , 0.84825466, 0.85590359, 0.86347861,
       0.87082655, 0.87799434, 0.88500585, 0.89179084, 0.89179084,
       0.89179084, 0.89807953, 0.90414877, 0.91009708, 0.91009708,
       0.91556409, 0.9315596 , 0.94199934, 0.94199934, 0.95152365,
       0.95152365, 0.95600397, 0.96443569, 0.96443569, 0.96834166,
       0.97215229, 0.97573402, 0.979049  , 0.979049  , 0.979049  ,
       0.98179012, 0.98445267, 0.98445267, 0.98445267, 0.98862951,
       0.98862951, 0.98862951, 0.9902507 , 0.99296135, 0.99529788,
       0.99633931, 0.99800198, 0.99800198, 0.99850504, 0.99979473,
       1.        ]), array([0.        , 0.2229393 , 0.2229393 , 0.27320084, 0.32295547,
       0.38847261, 0.38847261, 0.38847261, 0.38847261, 0.38847261,
       0.38847261, 0.40378021, 0.40378021, 0.40378021, 0.40378021,
       0.41842519, 0.41842519, 0.43282801, 0.46118981, 0.46118981,
       0.47498354, 0.47498354, 0.47498354, 0.48837031, 0.48837031,
       0.50131207, 0.51414292, 0.51414292, 0.51414292, 0.52643281,
       0.52643281, 0.53840895, 0.55023671, 0.56184625, 0.58477202,
       0.6071109 , 0.61821489, 0.61821489, 0.62893057, 0.6500785 ,
       0.6500785 , 0.6500785 , 0.67022362, 0.68007024, 0.68007024,
       0.68955848, 0.68955848, 0.70803036, 0.74398937, 0.75284378,
       0.77886031, 0.8044307 , 0.8293083 , 0.83740712, 0.83740712,
       0.83740712, 0.84507781, 0.84507781, 0.84507781, 0.85217517,
       0.85915954, 0.86585965, 0.86585965, 0.87862196, 0.88495323,
       0.8910322 , 0.89696997, 0.9027129 , 0.9027129 , 0.90817861,
       0.91337105, 0.9184203 , 0.92322933, 0.92799516, 0.93252937,
       0.93683393, 0.93683393, 0.94486057, 0.94486057, 0.94849483,
       0.95199615, 0.95864535, 0.95864535, 0.95864535, 0.96155341,
       0.96155341, 0.96409899, 0.97345363, 0.97774881, 0.97774881,
       0.98324867, 0.99133374, 0.99133374, 0.99388924, 0.99493276,
       0.99493276, 0.99732237, 0.99787496, 0.99911612, 0.99936156,
       1.        ]), array([0.        , 0.30740171, 0.3252931 , 0.3252931 , 0.34268119,
       0.34268119, 0.37689873, 0.39390752, 0.39390752, 0.42690899,
       0.42690899, 0.42690899, 0.4589849 , 0.47487349, 0.47487349,
       0.4904106 , 0.4904106 , 0.4904106 , 0.4904106 , 0.50517563,
       0.53427829, 0.56305621, 0.56305621, 0.56305621, 0.57687201,
       0.57687201, 0.57687201, 0.59009615, 0.60322762, 0.61625211,
       0.61625211, 0.62881207, 0.6412274 , 0.6412274 , 0.6532196 ,
       0.6532196 , 0.6532196 , 0.6532196 , 0.66455754, 0.66455754,
       0.67558112, 0.67558112, 0.67558112, 0.67558112, 0.68582939,
       0.69592777, 0.76455943, 0.76455943, 0.7834524 , 0.81137159,
       0.82042904, 0.83840778, 0.85592551, 0.86444011, 0.86444011,
       0.87259595, 0.8886503 , 0.8965674 , 0.8965674 , 0.90405569,
       0.90405569, 0.91121628, 0.91121628, 0.91795185, 0.93783981,
       0.93783981, 0.94405043, 0.95005667, 0.95595997, 0.95595997,
       0.95595997, 0.96124942, 0.96124942, 0.96124942, 0.96124942,
       0.96124942, 0.96124942, 0.96124942, 0.96533502, 0.96533502,
       0.97646087, 0.97646087, 0.97986477, 0.97986477, 0.97986477,
       0.97986477, 0.97986477, 0.9847761 , 0.98696273, 0.98910157,
       0.99284323, 0.99284323, 0.99284323, 0.99284323, 0.99284323,
       0.99480367, 0.99553189, 0.99620129, 0.99851566, 0.99916189,
       1.        ]), array([0.        , 0.19239179, 0.21358525, 0.25519042, 0.27578841,
       0.33705779, 0.33705779, 0.35697897, 0.37675223, 0.39625752,
       0.39625752, 0.39625752, 0.41510268, 0.43379417, 0.43379417,
       0.43379417, 0.43379417, 0.43379417, 0.46917782, 0.486631  ,
       0.5038089 , 0.5038089 , 0.52055439, 0.52055439, 0.5370356 ,
       0.56942661, 0.58530918, 0.58530918, 0.60078643, 0.60078643,
       0.61597741, 0.61597741, 0.61597741, 0.61597741, 0.61597741,
       0.64415249, 0.64415249, 0.65769496, 0.65769496, 0.65769496,
       0.65769496, 0.65769496, 0.67012796, 0.68251829, 0.71877918,
       0.74269253, 0.74269253, 0.765663  , 0.765663  , 0.765663  ,
       0.78728927, 0.78728927, 0.79769993, 0.79769993, 0.80766707,
       0.80766707, 0.8267917 , 0.8267917 , 0.84503697, 0.84503697,
       0.84503697, 0.86193253, 0.87828058, 0.87828058, 0.87828058,
       0.88597897, 0.88597897, 0.90015577, 0.90015577, 0.90688847,
       0.90688847, 0.91328113, 0.91328113, 0.91914657, 0.92482468,
       0.93573801, 0.94097835, 0.94097835, 0.94097835, 0.94558894,
       0.94558894, 0.94558894, 0.94954493, 0.94954493, 0.94954493,
       0.95611426, 0.96552144, 0.96552144, 0.96810979, 0.97292818,
       0.97292818, 0.97292818, 0.97662935, 0.9847986 , 0.98764826,
       0.98877831, 0.99085733, 0.99232251, 0.99553851, 0.99754349,
       1.        ]), array([0.        , 0.15498269, 0.17401874, 0.24964263, 0.26840807,
       0.28697524, 0.32372649, 0.34186898, 0.35974152, 0.37743515,
       0.37743515, 0.41221131, 0.41221131, 0.42912282, 0.42912282,
       0.42912282, 0.44560849, 0.44560849, 0.47755038, 0.47755038,
       0.49318131, 0.52399869, 0.52399869, 0.53898598, 0.55376927,
       0.59776033, 0.59776033, 0.59776033, 0.59776033, 0.59776033,
       0.63892999, 0.65241543, 0.67907407, 0.67907407, 0.70492116,
       0.71763824, 0.7300632 , 0.74241798, 0.74241798, 0.75433507,
       0.76597789, 0.77759367, 0.78887302, 0.78887302, 0.78887302,
       0.8103636 , 0.83157788, 0.84199274, 0.86222208, 0.86222208,
       0.87209274, 0.87209274, 0.87209274, 0.87209274, 0.87209274,
       0.88091634, 0.88961707, 0.88961707, 0.88961707, 0.89763781,
       0.89763781, 0.89763781, 0.89763781, 0.90487696, 0.91203619,
       0.91203619, 0.91203619, 0.9184547 , 0.9184547 , 0.9184547 ,
       0.92441477, 0.92441477, 0.92441477, 0.92441477, 0.92962157,
       0.93456986, 0.93456986, 0.93456986, 0.93897992, 0.94314115,
       0.94703116, 0.94703116, 0.9507148 , 0.9507148 , 0.96378612,
       0.96681954, 0.96681954, 0.97733825, 0.97971667, 0.98433501,
       0.98630295, 0.98814643, 0.98977145, 0.99257392, 0.99498621,
       0.99604697, 0.99604697, 0.99746092, 0.99850778, 0.99903497,
       1.        ])]","[array([0.00000000e+00, 1.38255565e-04, 3.13447109e-04, 1.14335608e-03,
       1.68661587e-03, 2.44807493e-03, 2.44807493e-03, 4.50070014e-03,
       4.50070014e-03, 5.74563590e-03, 7.16183518e-03, 1.04284644e-02,
       1.04284644e-02, 1.23380034e-02, 1.23380034e-02, 1.23380034e-02,
       1.23380034e-02, 1.23380034e-02, 1.50454159e-02, 2.06263236e-02,
       2.35962004e-02, 2.35962004e-02, 3.01890858e-02, 3.01890858e-02,
       3.01890858e-02, 3.76047667e-02, 4.55351387e-02, 4.96069196e-02,
       4.96069196e-02, 4.96069196e-02, 4.96069196e-02, 4.96069196e-02,
       4.96069196e-02, 4.96069196e-02, 4.96069196e-02, 4.96069196e-02,
       5.51313131e-02, 6.63291712e-02, 7.20934562e-02, 7.20934562e-02,
       7.82324060e-02, 7.82324060e-02, 7.82324060e-02, 1.04258384e-01,
       1.04258384e-01, 1.24860214e-01, 1.24860214e-01, 1.31963505e-01,
       1.46551101e-01, 1.61475541e-01, 1.61475541e-01, 1.61475541e-01,
       1.69397160e-01, 1.85511648e-01, 2.02000889e-01, 2.27058184e-01,
       2.27058184e-01, 2.35810342e-01, 2.44723364e-01, 2.53698994e-01,
       2.62866956e-01, 2.72187509e-01, 2.81640432e-01, 2.91285222e-01,
       2.91285222e-01, 2.91285222e-01, 3.01350377e-01, 3.11601404e-01,
       3.21954860e-01, 3.21954860e-01, 3.32715984e-01, 3.65342820e-01,
       3.87283719e-01, 3.87283719e-01, 4.09999991e-01, 4.09999991e-01,
       4.21596841e-01, 4.45238539e-01, 4.45238539e-01, 4.57321867e-01,
       4.69485943e-01, 4.81843908e-01, 4.94427802e-01, 4.94427802e-01,
       4.94427802e-01, 5.07497764e-01, 5.20634271e-01, 5.20634271e-01,
       5.20634271e-01, 5.47879869e-01, 5.47879869e-01, 5.47879869e-01,
       5.61898413e-01, 5.90385883e-01, 6.19190236e-01, 6.33699836e-01,
       6.63074947e-01, 6.63074947e-01, 6.78040555e-01, 7.53906674e-01,
       1.00000000e+00]), array([0.00000000e+00, 2.74057223e-04, 2.74057223e-04, 1.45554792e-03,
       3.11499058e-03, 6.10297004e-03, 6.10297004e-03, 6.10297004e-03,
       6.10297004e-03, 6.10297004e-03, 6.10297004e-03, 7.86043288e-03,
       7.86043288e-03, 7.86043288e-03, 7.86043288e-03, 1.02426594e-02,
       1.02426594e-02, 1.28532214e-02, 1.84928215e-02, 1.84928215e-02,
       2.16776738e-02, 2.16776738e-02, 2.16776738e-02, 2.52462389e-02,
       2.52462389e-02, 2.92343917e-02, 3.33271267e-02, 3.33271267e-02,
       3.33271267e-02, 3.79299125e-02, 3.79299125e-02, 4.28285298e-02,
       4.78670543e-02, 5.31113298e-02, 6.38764282e-02, 7.51949037e-02,
       8.09158496e-02, 8.09158496e-02, 8.70029239e-02, 9.94443113e-02,
       9.94443113e-02, 9.94443113e-02, 1.12831229e-01, 1.19737721e-01,
       1.19737721e-01, 1.26982113e-01, 1.26982113e-01, 1.41946689e-01,
       1.72804334e-01, 1.80646360e-01, 2.04687896e-01, 2.29150089e-01,
       2.54265498e-01, 2.62819946e-01, 2.62819946e-01, 2.62819946e-01,
       2.71778066e-01, 2.71778066e-01, 2.71778066e-01, 2.81276769e-01,
       2.90882008e-01, 3.00755271e-01, 3.00755271e-01, 3.21103266e-01,
       3.31324297e-01, 3.41783218e-01, 3.52375268e-01, 3.63151032e-01,
       3.63151032e-01, 3.74188185e-01, 3.85482988e-01, 3.96912811e-01,
       4.08569120e-01, 4.20266173e-01, 4.32181611e-01, 4.44313577e-01,
       4.44313577e-01, 4.69126729e-01, 4.69126729e-01, 4.81890701e-01,
       4.94780028e-01, 5.20891928e-01, 5.20891928e-01, 5.20891928e-01,
       5.34340628e-01, 5.34340628e-01, 5.48131096e-01, 6.04073377e-01,
       6.32404822e-01, 6.32404822e-01, 6.75791047e-01, 7.49121010e-01,
       7.49121010e-01, 7.79092772e-01, 7.94299494e-01, 7.94299494e-01,
       8.40618302e-01, 8.56287912e-01, 9.03689562e-01, 9.19648785e-01,
       1.00000000e+00]), array([0.00000000e+00, 2.84171514e-04, 4.63876946e-04, 4.63876946e-04,
       1.07292919e-03, 1.07292919e-03, 2.76758577e-03, 3.70020728e-03,
       3.70020728e-03, 6.43224444e-03, 6.43224444e-03, 6.43224444e-03,
       9.95385568e-03, 1.18420711e-02, 1.18420711e-02, 1.40301297e-02,
       1.40301297e-02, 1.40301297e-02, 1.40301297e-02, 1.68768193e-02,
       2.29347940e-02, 2.92697950e-02, 2.92697950e-02, 2.92697950e-02,
       3.29262354e-02, 3.29262354e-02, 3.29262354e-02, 3.70874015e-02,
       4.13276211e-02, 4.56590969e-02, 4.56590969e-02, 5.03868501e-02,
       5.52379789e-02, 5.52379789e-02, 6.04500696e-02, 6.04500696e-02,
       6.04500696e-02, 6.04500696e-02, 6.62202795e-02, 6.62202795e-02,
       7.22586673e-02, 7.22586673e-02, 7.22586673e-02, 7.22586673e-02,
       7.89584338e-02, 8.57860711e-02, 1.35334278e-01, 1.35334278e-01,
       1.50101774e-01, 1.72611519e-01, 1.80327131e-01, 1.95874519e-01,
       2.11815173e-01, 2.19993871e-01, 2.19993871e-01, 2.28478621e-01,
       2.45667635e-01, 2.54356041e-01, 2.54356041e-01, 2.63410246e-01,
       2.63410246e-01, 2.72744005e-01, 2.72744005e-01, 2.82440329e-01,
       3.11801228e-01, 3.11801228e-01, 3.21945372e-01, 3.32263858e-01,
       3.42670170e-01, 3.42670170e-01, 3.42670170e-01, 3.53600127e-01,
       3.53600127e-01, 3.53600127e-01, 3.53600127e-01, 3.53600127e-01,
       3.53600127e-01, 3.53600127e-01, 3.65557046e-01, 3.65557046e-01,
       4.02392571e-01, 4.02392571e-01, 4.14931021e-01, 4.14931021e-01,
       4.14931021e-01, 4.14931021e-01, 4.14931021e-01, 4.41625743e-01,
       4.55202602e-01, 4.68820233e-01, 4.96512748e-01, 4.96512748e-01,
       4.96512748e-01, 4.96512748e-01, 4.96512748e-01, 5.25724754e-01,
       5.40545733e-01, 5.55416886e-01, 6.30653560e-01, 6.76428870e-01,
       1.00000000e+00]), array([0.00000000e+00, 2.17626592e-04, 3.58644540e-04, 1.13867881e-03,
       1.65902694e-03, 3.55426074e-03, 3.55426074e-03, 4.50576209e-03,
       5.55148971e-03, 6.76792212e-03, 6.76792212e-03, 6.76792212e-03,
       8.40488653e-03, 1.01397351e-02, 1.01397351e-02, 1.01397351e-02,
       1.01397351e-02, 1.01397351e-02, 1.48830765e-02, 1.74067720e-02,
       2.01058290e-02, 2.01058290e-02, 2.30803503e-02, 2.30803503e-02,
       2.62232191e-02, 3.28729732e-02, 3.63971990e-02, 3.63971990e-02,
       4.01796212e-02, 4.01796212e-02, 4.41444175e-02, 4.41444175e-02,
       4.41444175e-02, 4.41444175e-02, 4.41444175e-02, 5.34798516e-02,
       5.34798516e-02, 5.84947928e-02, 5.84947928e-02, 5.84947928e-02,
       5.84947928e-02, 5.84947928e-02, 6.42165075e-02, 6.99654018e-02,
       8.77918537e-02, 9.98421442e-02, 9.98421442e-02, 1.12493085e-01,
       1.12493085e-01, 1.12493085e-01, 1.26000325e-01, 1.26000325e-01,
       1.33010332e-01, 1.33010332e-01, 1.40302882e-01, 1.40302882e-01,
       1.55403746e-01, 1.55403746e-01, 1.71064785e-01, 1.71064785e-01,
       1.71064785e-01, 1.87585639e-01, 2.04455280e-01, 2.04455280e-01,
       2.04455280e-01, 2.13193090e-01, 2.13193090e-01, 2.31445885e-01,
       2.31445885e-01, 2.40798872e-01, 2.40798872e-01, 2.50368480e-01,
       2.50368480e-01, 2.60273936e-01, 2.70298737e-01, 2.90630466e-01,
       3.00934135e-01, 3.00934135e-01, 3.00934135e-01, 3.11638974e-01,
       3.11638974e-01, 3.11638974e-01, 3.22760817e-01, 3.22760817e-01,
       3.22760817e-01, 3.45859814e-01, 3.80792949e-01, 3.80792949e-01,
       3.92786019e-01, 4.17000423e-01, 4.17000423e-01, 4.17000423e-01,
       4.41926529e-01, 5.04932138e-01, 5.30400686e-01, 5.43322743e-01,
       5.69282211e-01, 5.95632719e-01, 6.75435639e-01, 7.69651955e-01,
       1.00000000e+00]), array([0.00000000e+00, 1.45667133e-04, 4.17551668e-04, 1.89698273e-03,
       2.37269045e-03, 2.99773369e-03, 4.53638582e-03, 5.48131139e-03,
       6.62956061e-03, 7.91257664e-03, 7.91257664e-03, 1.09388923e-02,
       1.09388923e-02, 1.28110090e-02, 1.28110090e-02, 1.28110090e-02,
       1.50038775e-02, 1.50038775e-02, 2.01650097e-02, 2.01650097e-02,
       2.30016800e-02, 2.90098065e-02, 2.90098065e-02, 3.23312752e-02,
       3.58064070e-02, 4.65020448e-02, 4.65020448e-02, 4.65020448e-02,
       4.65020448e-02, 4.65020448e-02, 5.93228030e-02, 6.37754910e-02,
       7.29160445e-02, 7.29160445e-02, 8.26678811e-02, 8.76993036e-02,
       9.29507616e-02, 9.82550795e-02, 9.82550795e-02, 1.03889073e-01,
       1.09729649e-01, 1.15590595e-01, 1.21704942e-01, 1.21704942e-01,
       1.21704942e-01, 1.34738160e-01, 1.47979491e-01, 1.54744992e-01,
       1.68728192e-01, 1.68728192e-01, 1.75903589e-01, 1.75903589e-01,
       1.75903589e-01, 1.75903589e-01, 1.75903589e-01, 1.83867645e-01,
       1.91924250e-01, 1.91924250e-01, 1.91924250e-01, 2.00493032e-01,
       2.00493032e-01, 2.00493032e-01, 2.00493032e-01, 2.09650521e-01,
       2.18868207e-01, 2.18868207e-01, 2.18868207e-01, 2.28643821e-01,
       2.28643821e-01, 2.28643821e-01, 2.38764726e-01, 2.38764726e-01,
       2.38764726e-01, 2.38764726e-01, 2.49453017e-01, 2.60336021e-01,
       2.60336021e-01, 2.60336021e-01, 2.71624420e-01, 2.83100245e-01,
       2.94780357e-01, 2.94780357e-01, 3.06615916e-01, 3.06615916e-01,
       3.55210910e-01, 3.67536218e-01, 3.67536218e-01, 4.18053880e-01,
       4.30872548e-01, 4.56614205e-01, 4.69742051e-01, 4.82963642e-01,
       4.96349778e-01, 5.23459171e-01, 5.50862457e-01, 5.64673609e-01,
       5.64673609e-01, 5.92828859e-01, 6.21260600e-01, 6.50083773e-01,
       1.00000000e+00])]",0.0181308530299051,0.0143057530186953,0.0135009432141516,0.0035237249287277,"[{'lambda_reg': 0.0005706287578505167, 'gamma': 0.1343022225653287}, {'lambda_reg': 0.1020963718380237, 'gamma': 0.11734550934937239}, {'lambda_reg': 2.9103341214844213e-05, 'gamma': 0.10224450373992862}, {'lambda_reg': 0.12477508829903429, 'gamma': 0.5316351699166678}, {'lambda_reg': 0.0007812850775309836, 'gamma': 0.126505207255818}]",600,2,rbf,113
"[np.float64(0.17302663888015646), np.float64(0.11479054906512723), np.float64(0.12750363835507608), np.float64(0.06682859934131828), np.float64(0.23063021942323966)]",0.1425559290129835,0.0555295615469446,"[np.float64(0.7849544563667328), np.float64(0.7880331488451856), np.float64(0.853459870255356), np.float64(0.8767480674789234), np.float64(0.8072604661644047)]",0.8220912018221205,0.036688978940404,"[np.float64(0.7821993584639289), np.float64(0.8301311567291444), np.float64(0.9037159393539392), np.float64(0.9079025967070152), np.float64(0.9157046296304815)]",0.8679307361769018,0.0528002890661906,"[array([0.        , 0.07123749, 0.07123749, 0.07123749, 0.07123749,
       0.07123749, 0.07123749, 0.07123749, 0.07123749, 0.07123749,
       0.16820781, 0.16820781, 0.16820781, 0.16820781, 0.16820781,
       0.19852055, 0.19852055, 0.19852055, 0.19852055, 0.19852055,
       0.19852055, 0.19852055, 0.19852055, 0.19852055, 0.25296531,
       0.27971104, 0.27971104, 0.27971104, 0.27971104, 0.30531012,
       0.3305748 , 0.3305748 , 0.3305748 , 0.3305748 , 0.3305748 ,
       0.37708492, 0.37708492, 0.3998207 , 0.42225867, 0.42225867,
       0.42225867, 0.46453697, 0.46453697, 0.46453697, 0.46453697,
       0.54366876, 0.60218134, 0.60218134, 0.60218134, 0.63904284,
       0.67518182, 0.71049586, 0.71049586, 0.7275582 , 0.74399644,
       0.7601687 , 0.776017  , 0.776017  , 0.80610754, 0.83549793,
       0.83549793, 0.83549793, 0.83549793, 0.86218403, 0.86218403,
       0.87485414, 0.88699037, 0.89882121, 0.91049033, 0.92164061,
       0.92164061, 0.93216184, 0.95252641, 0.96217263, 0.96217263,
       0.96217263, 0.96217263, 0.96217263, 0.96217263, 0.96217263,
       0.96217263, 0.9692101 , 0.97586629, 0.97586629, 0.97586629,
       0.9814403 , 0.9814403 , 0.9863766 , 0.99523446, 0.99523446,
       0.99523446, 0.99523446, 0.99826404, 0.99826404, 0.99826404,
       0.99826404, 0.99826404, 0.99964534, 0.99964534, 0.99964534,
       1.        ]), array([0.        , 0.03840869, 0.11463564, 0.11463564, 0.11463564,
       0.11463564, 0.11463564, 0.18714304, 0.22312283, 0.22312283,
       0.22312283, 0.22312283, 0.22312283, 0.22312283, 0.22312283,
       0.22312283, 0.22312283, 0.22312283, 0.22312283, 0.22312283,
       0.22312283, 0.22312283, 0.22312283, 0.25298759, 0.25298759,
       0.25298759, 0.25298759, 0.25298759, 0.25298759, 0.25298759,
       0.28040811, 0.30713901, 0.33346747, 0.35951177, 0.38511115,
       0.38511115, 0.41001238, 0.41001238, 0.4340117 , 0.45775699,
       0.50471208, 0.5277727 , 0.57301159, 0.57301159, 0.59471974,
       0.61636043, 0.61636043, 0.65788854, 0.71846152, 0.71846152,
       0.7381953 , 0.77638918, 0.77638918, 0.77638918, 0.77638918,
       0.79408414, 0.79408414, 0.79408414, 0.79408414, 0.81008756,
       0.84142323, 0.85665375, 0.87135906, 0.87135906, 0.87135906,
       0.87135906, 0.88479088, 0.89774684, 0.91041193, 0.92261503,
       0.92261503, 0.92261503, 0.92261503, 0.92261503, 0.92261503,
       0.93232857, 0.94168222, 0.94168222, 0.94168222, 0.95008921,
       0.95803687, 0.95803687, 0.95803687, 0.95803687, 0.97113428,
       0.97113428, 0.98215575, 0.98215575, 0.98215575, 0.99126296,
       0.99126296, 0.99126296, 0.99126296, 0.99397424, 0.99644372,
       0.99644372, 0.99831349, 0.99831349, 0.99918364, 0.99918364,
       1.        ]), array([0.        , 0.19941698, 0.19941698, 0.23831474, 0.27697753,
       0.27697753, 0.27697753, 0.27697753, 0.27697753, 0.27697753,
       0.34927092, 0.34927092, 0.34927092, 0.34927092, 0.34927092,
       0.34927092, 0.38295888, 0.38295888, 0.4159563 , 0.4159563 ,
       0.4159563 , 0.4159563 , 0.4159563 , 0.4159563 , 0.4159563 ,
       0.4159563 , 0.4159563 , 0.44538501, 0.44538501, 0.44538501,
       0.44538501, 0.47327269, 0.50049173, 0.50049173, 0.52685011,
       0.57921248, 0.57921248, 0.65484338, 0.65484338, 0.65484338,
       0.67892837, 0.67892837, 0.67892837, 0.70168817, 0.74652946,
       0.74652946, 0.74652946, 0.81092266, 0.81092266, 0.81092266,
       0.81092266, 0.83074074, 0.83074074, 0.83074074, 0.83074074,
       0.83074074, 0.83074074, 0.86520738, 0.86520738, 0.86520738,
       0.86520738, 0.86520738, 0.88050176, 0.88050176, 0.88050176,
       0.89451381, 0.92166539, 0.92166539, 0.93450125, 0.94704495,
       0.94704495, 0.94704495, 0.94704495, 0.94704495, 0.9575158 ,
       0.9575158 , 0.9575158 , 0.9575158 , 0.9664621 , 0.9664621 ,
       0.9664621 , 0.9664621 , 0.9664621 , 0.9664621 , 0.97316123,
       0.97316123, 0.97316123, 0.97316123, 0.97827077, 0.98294822,
       0.9872579 , 0.99114886, 0.99444295, 0.99444295, 0.99444295,
       0.99444295, 0.9963293 , 0.9963293 , 0.99798859, 0.99848248,
       1.        ]), array([0.        , 0.19662662, 0.19662662, 0.23516566, 0.31129769,
       0.31129769, 0.31129769, 0.34800831, 0.38466483, 0.38466483,
       0.38466483, 0.38466483, 0.38466483, 0.38466483, 0.38466483,
       0.38466483, 0.38466483, 0.41769858, 0.41769858, 0.44991914,
       0.44991914, 0.44991914, 0.44991914, 0.44991914, 0.44991914,
       0.50948797, 0.50948797, 0.53832887, 0.53832887, 0.53832887,
       0.53832887, 0.53832887, 0.53832887, 0.53832887, 0.53832887,
       0.53832887, 0.53832887, 0.58808752, 0.58808752, 0.58808752,
       0.58808752, 0.58808752, 0.63413057, 0.63413057, 0.65636793,
       0.70015873, 0.72166604, 0.74274533, 0.78426512, 0.78426512,
       0.78426512, 0.80376026, 0.8230123 , 0.84188203, 0.86009761,
       0.86009761, 0.87766673, 0.87766673, 0.87766673, 0.8941704 ,
       0.8941704 , 0.8941704 , 0.8941704 , 0.90888596, 0.90888596,
       0.90888596, 0.92266479, 0.92266479, 0.92266479, 0.92266479,
       0.92266479, 0.94592317, 0.95711629, 0.95711629, 0.95711629,
       0.96710551, 0.96710551, 0.96710551, 0.97604899, 0.97604899,
       0.97604899, 0.9837334 , 0.9837334 , 0.9837334 , 0.9837334 ,
       0.9837334 , 0.9837334 , 0.9837334 , 0.98882759, 0.98882759,
       0.98882759, 0.98882759, 0.98882759, 0.98882759, 0.99135111,
       0.99333945, 0.99518496, 0.99518496, 0.99819653, 0.99930765,
       1.        ]), array([0.        , 0.29913247, 0.29913247, 0.396865  , 0.396865  ,
       0.396865  , 0.396865  , 0.396865  , 0.396865  , 0.396865  ,
       0.396865  , 0.396865  , 0.396865  , 0.396865  , 0.396865  ,
       0.396865  , 0.396865  , 0.42470497, 0.42470497, 0.50609338,
       0.50609338, 0.55882486, 0.55882486, 0.55882486, 0.55882486,
       0.58391215, 0.63375425, 0.63375425, 0.63375425, 0.63375425,
       0.65707612, 0.65707612, 0.68003505, 0.68003505, 0.68003505,
       0.7019736 , 0.7019736 , 0.74430205, 0.74430205, 0.76470614,
       0.76470614, 0.76470614, 0.78418774, 0.78418774, 0.80292961,
       0.82131779, 0.82131779, 0.82131779, 0.82131779, 0.83840643,
       0.87208423, 0.87208423, 0.87208423, 0.87208423, 0.88763209,
       0.88763209, 0.88763209, 0.90197324, 0.90197324, 0.91568478,
       0.91568478, 0.91568478, 0.91568478, 0.92804438, 0.92804438,
       0.92804438, 0.93964298, 0.93964298, 0.93964298, 0.93964298,
       0.93964298, 0.93964298, 0.93964298, 0.93964298, 0.94854771,
       0.94854771, 0.96478966, 0.97265602, 0.97265602, 0.97265602,
       0.97265602, 0.97265602, 0.97265602, 0.97265602, 0.97800558,
       0.98312019, 0.98781249, 0.98781249, 0.98781249, 0.99157128,
       0.99157128, 0.9948991 , 0.9948991 , 0.99728148, 0.99728148,
       0.99728148, 0.99875259, 0.99875259, 0.99875259, 0.99920874,
       1.        ])]","[array([0.00000000e+00, 7.18527989e-05, 7.18527989e-05, 7.18527989e-05,
       7.18527989e-05, 7.18527989e-05, 7.18527989e-05, 7.18527989e-05,
       7.18527989e-05, 7.18527989e-05, 8.85467540e-03, 8.85467540e-03,
       8.85467540e-03, 8.85467540e-03, 8.85467540e-03, 1.35466997e-02,
       1.35466997e-02, 1.35466997e-02, 1.35466997e-02, 1.35466997e-02,
       1.35466997e-02, 1.35466997e-02, 1.35466997e-02, 1.35466997e-02,
       2.83544320e-02, 3.61765699e-02, 3.61765699e-02, 3.61765699e-02,
       3.61765699e-02, 4.50049084e-02, 5.41266799e-02, 5.41266799e-02,
       5.41266799e-02, 5.41266799e-02, 5.41266799e-02, 7.58971796e-02,
       7.58971796e-02, 8.72381051e-02, 9.88403648e-02, 9.88403648e-02,
       9.88403648e-02, 1.24324352e-01, 1.24324352e-01, 1.24324352e-01,
       1.24324352e-01, 1.80052683e-01, 2.22582763e-01, 2.22582763e-01,
       2.22582763e-01, 2.52820081e-01, 2.83691410e-01, 3.15286646e-01,
       3.15286646e-01, 3.31606103e-01, 3.48473214e-01, 3.65573737e-01,
       3.82958532e-01, 3.82958532e-01, 4.19137467e-01, 4.55930790e-01,
       4.55930790e-01, 4.55930790e-01, 4.55930790e-01, 4.95097178e-01,
       4.95097178e-01, 5.15270883e-01, 5.35913073e-01, 5.56823256e-01,
       5.77875346e-01, 5.99382723e-01, 5.99382723e-01, 6.21442106e-01,
       6.66155730e-01, 6.88982947e-01, 6.88982947e-01, 6.88982947e-01,
       6.88982947e-01, 6.88982947e-01, 6.88982947e-01, 6.88982947e-01,
       6.88982947e-01, 7.14099377e-01, 7.39550395e-01, 7.39550395e-01,
       7.39550395e-01, 7.65951035e-01, 7.65951035e-01, 7.92911280e-01,
       8.47722218e-01, 8.47722218e-01, 8.47722218e-01, 8.47722218e-01,
       8.76355636e-01, 8.76355636e-01, 8.76355636e-01, 8.76355636e-01,
       8.76355636e-01, 9.06435453e-01, 9.06435453e-01, 9.06435453e-01,
       1.00000000e+00]), array([0.00000000e+00, 2.17357893e-04, 1.09878277e-03, 1.09878277e-03,
       1.09878277e-03, 1.09878277e-03, 1.09878277e-03, 4.79429586e-03,
       6.84928293e-03, 6.84928293e-03, 6.84928293e-03, 6.84928293e-03,
       6.84928293e-03, 6.84928293e-03, 6.84928293e-03, 6.84928293e-03,
       6.84928293e-03, 6.84928293e-03, 6.84928293e-03, 6.84928293e-03,
       6.84928293e-03, 6.84928293e-03, 6.84928293e-03, 1.35306986e-02,
       1.35306986e-02, 1.35306986e-02, 1.35306986e-02, 1.35306986e-02,
       1.35306986e-02, 1.35306986e-02, 2.20613546e-02, 3.11137500e-02,
       4.04706190e-02, 5.00424675e-02, 5.99509381e-02, 5.99509381e-02,
       7.03876048e-02, 7.03876048e-02, 8.15066216e-02, 9.28178326e-02,
       1.15845393e-01, 1.27674602e-01, 1.52000580e-01, 1.52000580e-01,
       1.64853021e-01, 1.77756504e-01, 1.77756504e-01, 2.04889937e-01,
       2.46890766e-01, 2.46890766e-01, 2.61236955e-01, 2.90892957e-01,
       2.90892957e-01, 2.90892957e-01, 2.90892957e-01, 3.06781650e-01,
       3.06781650e-01, 3.06781650e-01, 3.06781650e-01, 3.23950105e-01,
       3.58794807e-01, 3.76548017e-01, 3.94698581e-01, 3.94698581e-01,
       3.94698581e-01, 3.94698581e-01, 4.13812629e-01, 4.33286696e-01,
       4.52980819e-01, 4.73024478e-01, 4.73024478e-01, 4.73024478e-01,
       4.73024478e-01, 4.73024478e-01, 4.73024478e-01, 4.94951654e-01,
       5.17151109e-01, 5.17151109e-01, 5.17151109e-01, 5.40066778e-01,
       5.63329960e-01, 5.63329960e-01, 5.63329960e-01, 5.63329960e-01,
       6.11973131e-01, 6.11973131e-01, 6.62186896e-01, 6.62186896e-01,
       6.62186896e-01, 7.13848925e-01, 7.13848925e-01, 7.13848925e-01,
       7.13848925e-01, 7.41073783e-01, 7.68481579e-01, 7.68481579e-01,
       7.96343096e-01, 7.96343096e-01, 8.24960893e-01, 8.24960893e-01,
       1.00000000e+00]), array([0.00000000e+00, 5.84669221e-05, 5.84669221e-05, 7.77225437e-04,
       1.66454306e-03, 1.66454306e-03, 1.66454306e-03, 1.66454306e-03,
       1.66454306e-03, 1.66454306e-03, 7.04912266e-03, 7.04912266e-03,
       7.04912266e-03, 7.04912266e-03, 7.04912266e-03, 7.04912266e-03,
       1.15052358e-02, 1.15052358e-02, 1.64567136e-02, 1.64567136e-02,
       1.64567136e-02, 1.64567136e-02, 1.64567136e-02, 1.64567136e-02,
       1.64567136e-02, 1.64567136e-02, 1.64567136e-02, 2.39682784e-02,
       2.39682784e-02, 2.39682784e-02, 2.39682784e-02, 3.25853364e-02,
       4.16820547e-02, 4.16820547e-02, 5.13961774e-02, 7.10786637e-02,
       7.10786637e-02, 1.02691835e-01, 1.02691835e-01, 1.02691835e-01,
       1.14036825e-01, 1.14036825e-01, 1.14036825e-01, 1.26332461e-01,
       1.51410336e-01, 1.51410336e-01, 1.51410336e-01, 1.91085100e-01,
       1.91085100e-01, 1.91085100e-01, 1.91085100e-01, 2.05491038e-01,
       2.05491038e-01, 2.05491038e-01, 2.05491038e-01, 2.05491038e-01,
       2.05491038e-01, 2.38011373e-01, 2.38011373e-01, 2.38011373e-01,
       2.38011373e-01, 2.38011373e-01, 2.55662471e-01, 2.55662471e-01,
       2.55662471e-01, 2.74233484e-01, 3.12001418e-01, 3.12001418e-01,
       3.31416184e-01, 3.51040541e-01, 3.51040541e-01, 3.51040541e-01,
       3.51040541e-01, 3.51040541e-01, 3.72151899e-01, 3.72151899e-01,
       3.72151899e-01, 3.72151899e-01, 3.94356919e-01, 3.94356919e-01,
       3.94356919e-01, 3.94356919e-01, 3.94356919e-01, 3.94356919e-01,
       4.18173994e-01, 4.18173994e-01, 4.18173994e-01, 4.18173994e-01,
       4.43131393e-01, 4.68398756e-01, 4.93929947e-01, 5.19761514e-01,
       5.46021261e-01, 5.46021261e-01, 5.46021261e-01, 5.46021261e-01,
       5.73290880e-01, 5.73290880e-01, 6.29346201e-01, 6.57614724e-01,
       1.00000000e+00]), array([0.00000000e+00, 4.24292825e-04, 4.24292825e-04, 1.08455849e-03,
       3.09742365e-03, 3.09742365e-03, 3.09742365e-03, 5.09574717e-03,
       7.13365828e-03, 7.13365828e-03, 7.13365828e-03, 7.13365828e-03,
       7.13365828e-03, 7.13365828e-03, 7.13365828e-03, 7.13365828e-03,
       7.13365828e-03, 1.18227452e-02, 1.18227452e-02, 1.71069370e-02,
       1.71069370e-02, 1.71069370e-02, 1.71069370e-02, 1.71069370e-02,
       1.71069370e-02, 3.12408972e-02, 3.12408972e-02, 3.89983537e-02,
       3.89983537e-02, 3.89983537e-02, 3.89983537e-02, 3.89983537e-02,
       3.89983537e-02, 3.89983537e-02, 3.89983537e-02, 3.89983537e-02,
       3.89983537e-02, 6.03114885e-02, 6.03114885e-02, 6.03114885e-02,
       6.03114885e-02, 6.03114885e-02, 8.43437406e-02, 8.43437406e-02,
       9.69337211e-02, 1.22614187e-01, 1.35738428e-01, 1.49175901e-01,
       1.76518310e-01, 1.76518310e-01, 1.76518310e-01, 1.91115078e-01,
       2.05889740e-01, 2.20944184e-01, 2.36477346e-01, 2.36477346e-01,
       2.52483588e-01, 2.52483588e-01, 2.52483588e-01, 2.69269535e-01,
       2.69269535e-01, 2.69269535e-01, 2.69269535e-01, 2.87364041e-01,
       2.87364041e-01, 2.87364041e-01, 3.06144053e-01, 3.06144053e-01,
       3.06144053e-01, 3.06144053e-01, 3.06144053e-01, 3.46850327e-01,
       3.67522584e-01, 3.67522584e-01, 3.67522584e-01, 3.89075865e-01,
       3.89075865e-01, 3.89075865e-01, 4.11394431e-01, 4.11394431e-01,
       4.11394431e-01, 4.34634394e-01, 4.34634394e-01, 4.34634394e-01,
       4.34634394e-01, 4.34634394e-01, 4.34634394e-01, 4.34634394e-01,
       4.59769901e-01, 4.59769901e-01, 4.59769901e-01, 4.59769901e-01,
       4.59769901e-01, 4.59769901e-01, 4.86786647e-01, 5.14195046e-01,
       5.41707968e-01, 5.41707968e-01, 6.26094520e-01, 6.83008358e-01,
       1.00000000e+00]), array([0.00000000e+00, 5.05913517e-04, 5.05913517e-04, 2.65764434e-03,
       2.65764434e-03, 2.65764434e-03, 2.65764434e-03, 2.65764434e-03,
       2.65764434e-03, 2.65764434e-03, 2.65764434e-03, 2.65764434e-03,
       2.65764434e-03, 2.65764434e-03, 2.65764434e-03, 2.65764434e-03,
       2.65764434e-03, 8.12392050e-03, 8.12392050e-03, 2.66593954e-02,
       2.66593954e-02, 4.05475469e-02, 4.05475469e-02, 4.05475469e-02,
       4.05475469e-02, 4.87731757e-02, 6.55577152e-02, 6.55577152e-02,
       6.55577152e-02, 6.55577152e-02, 7.55530431e-02, 7.55530431e-02,
       8.59121836e-02, 8.59121836e-02, 8.59121836e-02, 9.72941823e-02,
       9.72941823e-02, 1.21610590e-01, 1.21610590e-01, 1.34530767e-01,
       1.34530767e-01, 1.34530767e-01, 1.48375675e-01, 1.48375675e-01,
       1.62962107e-01, 1.77903087e-01, 1.77903087e-01, 1.77903087e-01,
       1.77903087e-01, 1.94146756e-01, 2.27134786e-01, 2.27134786e-01,
       2.27134786e-01, 2.27134786e-01, 2.44922982e-01, 2.44922982e-01,
       2.44922982e-01, 2.63920798e-01, 2.63920798e-01, 2.83549757e-01,
       2.83549757e-01, 2.83549757e-01, 2.83549757e-01, 3.04533934e-01,
       3.04533934e-01, 3.04533934e-01, 3.26280960e-01, 3.26280960e-01,
       3.26280960e-01, 3.26280960e-01, 3.26280960e-01, 3.26280960e-01,
       3.26280960e-01, 3.26280960e-01, 3.50728386e-01, 3.50728386e-01,
       4.01194540e-01, 4.26682853e-01, 4.26682853e-01, 4.26682853e-01,
       4.26682853e-01, 4.26682853e-01, 4.26682853e-01, 4.26682853e-01,
       4.54694063e-01, 4.82940802e-01, 5.11610873e-01, 5.11610873e-01,
       5.11610873e-01, 5.41216713e-01, 5.41216713e-01, 5.71254571e-01,
       5.71254571e-01, 6.02240157e-01, 6.02240157e-01, 6.02240157e-01,
       6.34139223e-01, 6.34139223e-01, 6.34139223e-01, 6.67055718e-01,
       1.00000000e+00])]",0.0061617980667951,0.0367349133615769,0.0241694796014346,0.0141200127776028,"[{'lambda_reg': 0.0011463908774639836, 'gamma': 0.3552808182871812, 'degree': 2, 'coef0': 0.5283690109640643}, {'lambda_reg': 0.016296791785342764, 'gamma': 1.3202544453603406, 'degree': 2, 'coef0': 0.8535810207220818}, {'lambda_reg': 0.0014972283736851904, 'gamma': 0.08351430604124067, 'degree': 4, 'coef0': 0.30038190609595006}, {'lambda_reg': 0.001962998036298774, 'gamma': 0.09888939033138239, 'degree': 5, 'coef0': 0.4510100758202895}, {'lambda_reg': 0.000465230719094867, 'gamma': 0.06584953714525549, 'degree': 4, 'coef0': 1.6610665428512532}]",300,2,polynomial,97
"[np.float64(0.14351791006928852), np.float64(0.08835307426891338), np.float64(0.1371928820482291), np.float64(0.0823352728023232), np.float64(0.2261596799272406)]",0.1355117638231989,0.0516442647889897,"[np.float64(0.810482741100738), np.float64(0.8355459335075882), np.float64(0.8343574388012317), np.float64(0.8532566237481092), np.float64(0.8124209384064055)]",0.8292127351128146,0.0159841363293574,"[np.float64(0.8681325540011275), np.float64(0.9085712491246015), np.float64(0.924561697554069), np.float64(0.896768407461667), np.float64(0.9424471728039495)]",0.9080962161890828,0.0252061083837426,"[array([0.        , 0.11231203, 0.11231203, 0.11231203, 0.14846962,
       0.18425808, 0.18425808, 0.21940952, 0.21940952, 0.2881158 ,
       0.2881158 , 0.2881158 , 0.35442423, 0.38709719, 0.41960354,
       0.45167189, 0.45167189, 0.45167189, 0.45167189, 0.45167189,
       0.45167189, 0.45167189, 0.45167189, 0.45167189, 0.48026808,
       0.50867095, 0.50867095, 0.50867095, 0.50867095, 0.50867095,
       0.50867095, 0.56082616, 0.56082616, 0.56082616, 0.56082616,
       0.56082616, 0.56082616, 0.56082616, 0.58428311, 0.58428311,
       0.58428311, 0.58428311, 0.58428311, 0.60569081, 0.6267184 ,
       0.64735904, 0.667725  , 0.68778904, 0.68778904, 0.68778904,
       0.70654816, 0.70654816, 0.72477268, 0.72477268, 0.72477268,
       0.7759138 , 0.7759138 , 0.79230713, 0.79230713, 0.79230713,
       0.79230713, 0.80728235, 0.80728235, 0.80728235, 0.82077434,
       0.86093321, 0.87400816, 0.87400816, 0.89815275, 0.89815275,
       0.89815275, 0.89815275, 0.89815275, 0.90839465, 0.91815987,
       0.91815987, 0.91815987, 0.91815987, 0.91815987, 0.91815987,
       0.92593492, 0.92593492, 0.93283836, 0.93938016, 0.95180119,
       0.95180119, 0.95725748, 0.96237312, 0.96723614, 0.97147498,
       0.97946951, 0.9867307 , 0.9867307 , 0.99212837, 0.99212837,
       0.99419187, 0.99599768, 0.99859604, 0.9994896 , 1.        ,
       1.        ]), array([0.        , 0.20536575, 0.20536575, 0.28562322, 0.28562322,
       0.32477315, 0.36347265, 0.36347265, 0.36347265, 0.36347265,
       0.40057513, 0.40057513, 0.40057513, 0.40057513, 0.40057513,
       0.43568146, 0.47044233, 0.47044233, 0.50419831, 0.50419831,
       0.50419831, 0.50419831, 0.50419831, 0.50419831, 0.53580527,
       0.53580527, 0.53580527, 0.53580527, 0.53580527, 0.53580527,
       0.53580527, 0.53580527, 0.53580527, 0.53580527, 0.53580527,
       0.53580527, 0.56216027, 0.56216027, 0.58793198, 0.61306114,
       0.66299592, 0.68739157, 0.71150717, 0.71150717, 0.73463347,
       0.75728627, 0.77963463, 0.77963463, 0.77963463, 0.80076475,
       0.80076475, 0.80076475, 0.80076475, 0.80076475, 0.80076475,
       0.81959292, 0.81959292, 0.81959292, 0.83702497, 0.83702497,
       0.83702497, 0.85317723, 0.85317723, 0.85317723, 0.85317723,
       0.85317723, 0.86725893, 0.86725893, 0.86725893, 0.86725893,
       0.87980642, 0.87980642, 0.89169241, 0.89169241, 0.89169241,
       0.90235955, 0.90235955, 0.91181378, 0.91181378, 0.92064208,
       0.92064208, 0.92064208, 0.92832125, 0.94262111, 0.95602208,
       0.96258588, 0.96258588, 0.96258588, 0.96258588, 0.97181984,
       0.97181984, 0.97181984, 0.97542357, 0.97866072, 0.9842063 ,
       0.99087229, 0.99270253, 0.9966024 , 0.9966024 , 0.99915466,
       1.        ]), array([0.        , 0.25841091, 0.25841091, 0.25841091, 0.29400751,
       0.29400751, 0.39915263, 0.39915263, 0.39915263, 0.39915263,
       0.39915263, 0.43204086, 0.43204086, 0.46448753, 0.46448753,
       0.46448753, 0.49567722, 0.55733321, 0.58797198, 0.58797198,
       0.58797198, 0.58797198, 0.58797198, 0.58797198, 0.61611005,
       0.61611005, 0.64352724, 0.64352724, 0.67041806, 0.69683427,
       0.69683427, 0.69683427, 0.69683427, 0.69683427, 0.72151042,
       0.72151042, 0.72151042, 0.72151042, 0.72151042, 0.74434441,
       0.76679623, 0.76679623, 0.78856499, 0.78856499, 0.78856499,
       0.809013  , 0.809013  , 0.809013  , 0.809013  , 0.82789631,
       0.82789631, 0.82789631, 0.82789631, 0.82789631, 0.84502484,
       0.84502484, 0.84502484, 0.84502484, 0.84502484, 0.84502484,
       0.85988865, 0.85988865, 0.8739576 , 0.8739576 , 0.8739576 ,
       0.8739576 , 0.8739576 , 0.8739576 , 0.89768502, 0.89768502,
       0.90891476, 0.90891476, 0.90891476, 0.90891476, 0.90891476,
       0.91826907, 0.92749459, 0.94500453, 0.95322596, 0.95322596,
       0.96095115, 0.96095115, 0.96779846, 0.96779846, 0.96779846,
       0.96779846, 0.96779846, 0.97290057, 0.97743656, 0.97743656,
       0.97743656, 0.98102114, 0.98407522, 0.98407522, 0.98661701,
       0.98872273, 0.99020355, 0.99253275, 0.99670991, 1.        ,
       1.        ]), array([0.        , 0.14532704, 0.21681414, 0.2524286 , 0.28760588,
       0.35717978, 0.35717978, 0.39124425, 0.39124425, 0.39124425,
       0.39124425, 0.42388621, 0.42388621, 0.45562511, 0.48723893,
       0.48723893, 0.5178724 , 0.5178724 , 0.5178724 , 0.5178724 ,
       0.5178724 , 0.5178724 , 0.5178724 , 0.5178724 , 0.5178724 ,
       0.5178724 , 0.5178724 , 0.5178724 , 0.5178724 , 0.54385127,
       0.54385127, 0.56906206, 0.56906206, 0.56906206, 0.56906206,
       0.56906206, 0.59236394, 0.59236394, 0.59236394, 0.61472203,
       0.61472203, 0.61472203, 0.65732946, 0.67816298, 0.74009262,
       0.74009262, 0.74009262, 0.75963223, 0.75963223, 0.77829929,
       0.77829929, 0.77829929, 0.77829929, 0.81280858, 0.81280858,
       0.81280858, 0.81280858, 0.81280858, 0.81280858, 0.81280858,
       0.87184046, 0.88608671, 0.88608671, 0.89966908, 0.89966908,
       0.91262731, 0.91262731, 0.92466722, 0.92466722, 0.92466722,
       0.93591781, 0.93591781, 0.93591781, 0.93591781, 0.93591781,
       0.93591781, 0.9449383 , 0.9449383 , 0.9449383 , 0.9449383 ,
       0.95230462, 0.95230462, 0.95230462, 0.95230462, 0.95230462,
       0.95230462, 0.95767435, 0.95767435, 0.95767435, 0.96185927,
       0.97347655, 0.9770849 , 0.98004382, 0.98529657, 0.98760667,
       0.98959394, 0.99294066, 0.99782713, 0.99884996, 1.        ,
       1.        ]), array([0.        , 0.31591641, 0.31591641, 0.40856748, 0.43921473,
       0.43921473, 0.46916903, 0.4987268 , 0.4987268 , 0.55659131,
       0.64235973, 0.64235973, 0.64235973, 0.64235973, 0.64235973,
       0.64235973, 0.64235973, 0.64235973, 0.64235973, 0.64235973,
       0.64235973, 0.64235973, 0.64235973, 0.69127641, 0.69127641,
       0.71530954, 0.71530954, 0.71530954, 0.71530954, 0.71530954,
       0.71530954, 0.73733385, 0.73733385, 0.73733385, 0.75821027,
       0.75821027, 0.77872032, 0.79891007, 0.83836674, 0.83836674,
       0.85745405, 0.8763449 , 0.8763449 , 0.8763449 , 0.8763449 ,
       0.8763449 , 0.89343585, 0.91051587, 0.91051587, 0.91051587,
       0.91051587, 0.91051587, 0.91051587, 0.91051587, 0.91051587,
       0.91051587, 0.91051587, 0.91051587, 0.91051587, 0.91051587,
       0.91051587, 0.92305821, 0.92305821, 0.92305821, 0.92305821,
       0.93413602, 0.93413602, 0.93413602, 0.93413602, 0.93413602,
       0.93413602, 0.93413602, 0.94300603, 0.94300603, 0.94300603,
       0.9593236 , 0.9671013 , 0.9671013 , 0.9671013 , 0.9671013 ,
       0.9671013 , 0.9671013 , 0.9671013 , 0.9671013 , 0.9671013 ,
       0.97188814, 0.97188814, 0.97604567, 0.97987142, 0.97987142,
       0.98318295, 0.98318295, 0.98318295, 0.98558474, 0.98989971,
       0.98989971, 0.99408167, 0.99637185, 0.99881714, 0.99955761,
       1.        ])]","[array([0.00000000e+00, 3.33653045e-05, 3.33653045e-05, 3.33653045e-05,
       1.07069599e-03, 2.40401641e-03, 2.40401641e-03, 4.24815486e-03,
       4.24815486e-03, 9.21670938e-03, 9.21670938e-03, 9.21670938e-03,
       1.61080395e-02, 1.99396122e-02, 2.39047908e-02, 2.82211912e-02,
       2.82211912e-02, 2.82211912e-02, 2.82211912e-02, 2.82211912e-02,
       2.82211912e-02, 2.82211912e-02, 2.82211912e-02, 2.82211912e-02,
       3.53218384e-02, 4.25775017e-02, 4.25775017e-02, 4.25775017e-02,
       4.25775017e-02, 4.25775017e-02, 4.25775017e-02, 6.08179894e-02,
       6.08179894e-02, 6.08179894e-02, 6.08179894e-02, 6.08179894e-02,
       6.08179894e-02, 6.08179894e-02, 7.20396800e-02, 7.20396800e-02,
       7.20396800e-02, 7.20396800e-02, 7.20396800e-02, 8.49046154e-02,
       9.80743577e-02, 1.11554383e-01, 1.25254664e-01, 1.39197057e-01,
       1.39197057e-01, 1.39197057e-01, 1.54185827e-01, 1.54185827e-01,
       1.69603290e-01, 1.69603290e-01, 1.69603290e-01, 2.18688245e-01,
       2.18688245e-01, 2.35574099e-01, 2.35574099e-01, 2.35574099e-01,
       2.35574099e-01, 2.53597096e-01, 2.53597096e-01, 2.53597096e-01,
       2.72809467e-01, 3.30700848e-01, 3.50247635e-01, 3.50247635e-01,
       3.90949219e-01, 3.90949219e-01, 3.90949219e-01, 3.90949219e-01,
       3.90949219e-01, 4.12767767e-01, 4.34968547e-01, 4.34968547e-01,
       4.34968547e-01, 4.34968547e-01, 4.34968547e-01, 4.34968547e-01,
       4.58765201e-01, 4.58765201e-01, 4.83260785e-01, 5.08046357e-01,
       5.58148803e-01, 5.58148803e-01, 5.83804820e-01, 6.09734004e-01,
       6.35865753e-01, 6.62498016e-01, 7.16149978e-01, 7.70389985e-01,
       7.70389985e-01, 8.26124306e-01, 8.26124306e-01, 8.54500929e-01,
       8.83084186e-01, 9.41063208e-01, 9.70377983e-01, 1.00000000e+00,
       1.00000000e+00]), array([0.00000000e+00, 5.14853508e-05, 5.14853508e-05, 1.36112251e-03,
       1.36112251e-03, 2.68392904e-03, 4.31414093e-03, 4.31414093e-03,
       4.31414093e-03, 4.31414093e-03, 7.03424841e-03, 7.03424841e-03,
       7.03424841e-03, 7.03424841e-03, 7.03424841e-03, 1.11166416e-02,
       1.54347942e-02, 1.54347942e-02, 2.04387464e-02, 2.04387464e-02,
       2.04387464e-02, 2.04387464e-02, 2.04387464e-02, 2.04387464e-02,
       2.69093061e-02, 2.69093061e-02, 2.69093061e-02, 2.69093061e-02,
       2.69093061e-02, 2.69093061e-02, 2.69093061e-02, 2.69093061e-02,
       2.69093061e-02, 2.69093061e-02, 2.69093061e-02, 2.69093061e-02,
       3.69641042e-02, 3.69641042e-02, 4.74169743e-02, 5.83083562e-02,
       8.03119151e-02, 9.17038860e-02, 1.03286978e-01, 1.03286978e-01,
       1.15545223e-01, 1.28126614e-01, 1.40915769e-01, 1.40915769e-01,
       1.40915769e-01, 1.54536321e-01, 1.54536321e-01, 1.54536321e-01,
       1.54536321e-01, 1.54536321e-01, 1.54536321e-01, 1.69727855e-01,
       1.69727855e-01, 1.69727855e-01, 1.85872184e-01, 1.85872184e-01,
       1.85872184e-01, 2.02889907e-01, 2.02889907e-01, 2.02889907e-01,
       2.02889907e-01, 2.02889907e-01, 2.21320701e-01, 2.21320701e-01,
       2.21320701e-01, 2.21320701e-01, 2.40798533e-01, 2.40798533e-01,
       2.60727802e-01, 2.60727802e-01, 2.60727802e-01, 2.81488888e-01,
       2.81488888e-01, 3.03077729e-01, 3.03077729e-01, 3.25093745e-01,
       3.25093745e-01, 3.25093745e-01, 3.47893990e-01, 3.94216845e-01,
       4.41153153e-01, 4.64714588e-01, 4.64714588e-01, 4.64714588e-01,
       4.64714588e-01, 5.14494707e-01, 5.14494707e-01, 5.14494707e-01,
       5.40076262e-01, 5.65907993e-01, 6.18205265e-01, 6.97778854e-01,
       7.24570741e-01, 8.06032091e-01, 8.06032091e-01, 9.16454071e-01,
       1.00000000e+00]), array([0.00000000e+00, 1.52019562e-04, 1.52019562e-04, 1.52019562e-04,
       1.25816739e-03, 1.25816739e-03, 5.92853714e-03, 5.92853714e-03,
       5.92853714e-03, 5.92853714e-03, 5.92853714e-03, 9.26098109e-03,
       9.26098109e-03, 1.29563805e-02, 1.29563805e-02, 1.29563805e-02,
       1.76850392e-02, 2.77369734e-02, 3.29184802e-02, 3.29184802e-02,
       3.29184802e-02, 3.29184802e-02, 3.29184802e-02, 3.29184802e-02,
       4.01555800e-02, 4.01555800e-02, 4.79852510e-02, 4.79852510e-02,
       5.62476033e-02, 6.49000883e-02, 6.49000883e-02, 6.49000883e-02,
       6.49000883e-02, 6.49000883e-02, 7.49829039e-02, 7.49829039e-02,
       7.49829039e-02, 7.49829039e-02, 7.49829039e-02, 8.65799934e-02,
       9.84912303e-02, 9.84912303e-02, 1.10963948e-01, 1.10963948e-01,
       1.10963948e-01, 1.24522327e-01, 1.24522327e-01, 1.24522327e-01,
       1.24522327e-01, 1.39366896e-01, 1.39366896e-01, 1.39366896e-01,
       1.39366896e-01, 1.39366896e-01, 1.55653912e-01, 1.55653912e-01,
       1.55653912e-01, 1.55653912e-01, 1.55653912e-01, 1.55653912e-01,
       1.73802533e-01, 1.73802533e-01, 1.92604538e-01, 1.92604538e-01,
       1.92604538e-01, 1.92604538e-01, 1.92604538e-01, 1.92604538e-01,
       2.33833995e-01, 2.33833995e-01, 2.54969851e-01, 2.54969851e-01,
       2.54969851e-01, 2.54969851e-01, 2.54969851e-01, 2.77647314e-01,
       3.00430652e-01, 3.46770916e-01, 3.70379614e-01, 3.70379614e-01,
       3.94396230e-01, 3.94396230e-01, 4.19134472e-01, 4.19134472e-01,
       4.19134472e-01, 4.19134472e-01, 4.19134472e-01, 4.45307270e-01,
       4.71945431e-01, 4.71945431e-01, 4.71945431e-01, 4.99365657e-01,
       5.27221953e-01, 5.27221953e-01, 5.55499358e-01, 5.84135213e-01,
       6.13284733e-01, 6.72103656e-01, 8.20503858e-01, 1.00000000e+00,
       1.00000000e+00]), array([0.00000000e+00, 2.20326406e-04, 1.32423697e-03, 1.98524195e-03,
       3.01554081e-03, 5.73558280e-03, 5.73558280e-03, 7.70589748e-03,
       7.70589748e-03, 7.70589748e-03, 7.70589748e-03, 1.08778393e-02,
       1.08778393e-02, 1.48126206e-02, 1.88530659e-02, 1.88530659e-02,
       2.37216293e-02, 2.37216293e-02, 2.37216293e-02, 2.37216293e-02,
       2.37216293e-02, 2.37216293e-02, 2.37216293e-02, 2.37216293e-02,
       2.37216293e-02, 2.37216293e-02, 2.37216293e-02, 2.37216293e-02,
       2.37216293e-02, 3.25220549e-02, 3.25220549e-02, 4.19712885e-02,
       4.19712885e-02, 4.19712885e-02, 4.19712885e-02, 4.19712885e-02,
       5.30330305e-02, 5.30330305e-02, 5.30330305e-02, 6.48920112e-02,
       6.48920112e-02, 6.48920112e-02, 9.03912881e-02, 1.03538111e-01,
       1.43460856e-01, 1.43460856e-01, 1.43460856e-01, 1.57700676e-01,
       1.57700676e-01, 1.72677558e-01, 1.72677558e-01, 1.72677558e-01,
       1.72677558e-01, 2.05017530e-01, 2.05017530e-01, 2.05017530e-01,
       2.05017530e-01, 2.05017530e-01, 2.05017530e-01, 2.05017530e-01,
       2.78133490e-01, 2.96844745e-01, 2.96844745e-01, 3.16116793e-01,
       3.16116793e-01, 3.35916067e-01, 3.35916067e-01, 3.56491061e-01,
       3.56491061e-01, 3.56491061e-01, 3.77732822e-01, 3.77732822e-01,
       3.77732822e-01, 3.77732822e-01, 3.77732822e-01, 3.77732822e-01,
       4.00858400e-01, 4.00858400e-01, 4.00858400e-01, 4.00858400e-01,
       4.25381304e-01, 4.25381304e-01, 4.25381304e-01, 4.25381304e-01,
       4.25381304e-01, 4.25381304e-01, 4.51590767e-01, 4.51590767e-01,
       4.51590767e-01, 4.78801068e-01, 5.61223890e-01, 5.88921239e-01,
       6.17167178e-01, 6.74220867e-01, 7.03014871e-01, 7.32081581e-01,
       7.90745343e-01, 9.09599257e-01, 9.39480652e-01, 1.00000000e+00,
       1.00000000e+00]), array([0.00000000e+00, 4.26136068e-04, 4.26136068e-04, 2.91961039e-03,
       4.01412518e-03, 4.01412518e-03, 5.88047932e-03, 8.18849806e-03,
       8.18849806e-03, 1.41979928e-02, 2.43576475e-02, 2.43576475e-02,
       2.43576475e-02, 2.43576475e-02, 2.43576475e-02, 2.43576475e-02,
       2.43576475e-02, 2.43576475e-02, 2.43576475e-02, 2.43576475e-02,
       2.43576475e-02, 2.43576475e-02, 2.43576475e-02, 4.03336085e-02,
       4.03336085e-02, 4.87952042e-02, 4.87952042e-02, 4.87952042e-02,
       4.87952042e-02, 4.87952042e-02, 4.87952042e-02, 5.94943035e-02,
       5.94943035e-02, 5.94943035e-02, 7.14719772e-02, 7.14719772e-02,
       8.38577171e-02, 9.66002361e-02, 1.23113144e-01, 1.23113144e-01,
       1.37083598e-01, 1.51272873e-01, 1.51272873e-01, 1.51272873e-01,
       1.51272873e-01, 1.51272873e-01, 1.67466953e-01, 1.83673207e-01,
       1.83673207e-01, 1.83673207e-01, 1.83673207e-01, 1.83673207e-01,
       1.83673207e-01, 1.83673207e-01, 1.83673207e-01, 1.83673207e-01,
       1.83673207e-01, 1.83673207e-01, 1.83673207e-01, 1.83673207e-01,
       1.83673207e-01, 2.04933728e-01, 2.04933728e-01, 2.04933728e-01,
       2.04933728e-01, 2.27825492e-01, 2.27825492e-01, 2.27825492e-01,
       2.27825492e-01, 2.27825492e-01, 2.27825492e-01, 2.27825492e-01,
       2.53176395e-01, 2.53176395e-01, 2.53176395e-01, 3.05462588e-01,
       3.32030153e-01, 3.32030153e-01, 3.32030153e-01, 3.32030153e-01,
       3.32030153e-01, 3.32030153e-01, 3.32030153e-01, 3.32030153e-01,
       3.32030153e-01, 3.61929061e-01, 3.61929061e-01, 3.92528924e-01,
       4.23498333e-01, 4.23498333e-01, 4.55040503e-01, 4.55040503e-01,
       4.55040503e-01, 4.87595983e-01, 5.53251164e-01, 5.53251164e-01,
       6.54285193e-01, 7.22195669e-01, 8.25164077e-01, 8.94800683e-01,
       1.00000000e+00])]",-0.0033726875302578,0.0385529866975798,0.020741477656715,0.0099958924194633,"[{'lambda_reg': 0.0003819465601427725, 'gamma': 0.0014498281260228976}, {'lambda_reg': 0.00025459583153527833, 'gamma': 0.0034092458856759497}, {'lambda_reg': 0.0008776957834367173, 'gamma': 0.008021593096378008}, {'lambda_reg': 0.00020395385389223097, 'gamma': 0.0010398302061239986}, {'lambda_reg': 0.0002908876719312046, 'gamma': 0.00424583940605756}]",300,2,exponential,94
"[np.float64(0.0713038801027813), np.float64(0.06473854233262416), np.float64(0.10294704422699576), np.float64(0.05575005983091502), np.float64(0.08321225285933387)]",0.07559035587053,0.0163478120251565,"[np.float64(0.8163897694784135), np.float64(0.844165056727757), np.float64(0.8231446799165665), np.float64(0.8382481144908636), np.float64(0.8567006144420571)]",0.8357296470111315,0.0144892549861928,"[np.float64(0.9625038765913022), np.float64(0.9623404314853734), np.float64(0.9412855812041792), np.float64(0.9703271235642656), np.float64(0.9294111684912263)]",0.9531736362672693,0.0153055961890651,"[array([0.        , 0.        , 0.35744386, 0.35744386, 0.41252302,
       0.43082986, 0.43082986, 0.50207709, 0.50207709, 0.51949447,
       0.57127646, 0.57127646, 0.5881831 , 0.62147725, 0.62147725,
       0.62147725, 0.63759812, 0.65355314, 0.66936248, 0.70057327,
       0.71588298, 0.73102495, 0.73102495, 0.74577408, 0.76030245,
       0.78902441, 0.78902441, 0.78902441, 0.78902441, 0.78902441,
       0.78902441, 0.78902441, 0.78902441, 0.81483957, 0.81483957,
       0.81483957, 0.81483957, 0.81483957, 0.82683274, 0.83848676,
       0.83848676, 0.83848676, 0.83848676, 0.84941499, 0.86021265,
       0.87088277, 0.87088277, 0.89130143, 0.90124899, 0.90124899,
       0.92061528, 0.92061528, 0.92061528, 0.92061528, 0.92061528,
       0.92061528, 0.92061528, 0.92061528, 0.92061528, 0.92061528,
       0.92061528, 0.92807657, 0.92807657, 0.935292  , 0.935292  ,
       0.935292  , 0.94842606, 0.94842606, 0.95457542, 0.96058024,
       0.96058024, 0.96058024, 0.96058024, 0.96058024, 0.96058024,
       0.96058024, 0.96516998, 0.96965643, 0.97820341, 0.97820341,
       0.97820341, 0.97820341, 0.97820341, 0.97820341, 0.98138197,
       0.98138197, 0.98422446, 0.98422446, 0.98664337, 0.98664337,
       0.98856983, 0.99230039, 0.99393859, 0.9953211 , 0.9953211 ,
       0.99631404, 0.99631404, 0.99693039, 0.99792028, 0.99912393,
       1.        ]), array([0.        , 0.17434902, 0.34683504, 0.47094872, 0.62455913,
       0.63975249, 0.65482277, 0.68472679, 0.68472679, 0.68472679,
       0.699198  , 0.699198  , 0.72742783, 0.74129243, 0.7688866 ,
       0.7688866 , 0.7688866 , 0.79557744, 0.79557744, 0.79557744,
       0.79557744, 0.79557744, 0.79557744, 0.80791564, 0.83226942,
       0.84435869, 0.84435869, 0.84435869, 0.84435869, 0.84435869,
       0.84435869, 0.84435869, 0.85525968, 0.85525968, 0.85525968,
       0.85525968, 0.85525968, 0.85525968, 0.85525968, 0.85525968,
       0.85525968, 0.85525968, 0.85525968, 0.85525968, 0.85525968,
       0.86413728, 0.86413728, 0.86413728, 0.87252977, 0.88066798,
       0.88066798, 0.88855052, 0.89621541, 0.90371108, 0.91110973,
       0.91829656, 0.91829656, 0.91829656, 0.91829656, 0.92488319,
       0.92488319, 0.92488319, 0.93105608, 0.93105608, 0.93105608,
       0.93105608, 0.93105608, 0.93640173, 0.93640173, 0.93640173,
       0.94599945, 0.94599945, 0.95050782, 0.95926093, 0.9634162 ,
       0.9634162 , 0.9634162 , 0.96710694, 0.96710694, 0.96710694,
       0.97043644, 0.97043644, 0.97338473, 0.97338473, 0.97338473,
       0.97338473, 0.97338473, 0.9755345 , 0.97936942, 0.98488297,
       0.98488297, 0.98488297, 0.98624936, 0.98624936, 0.98826401,
       0.9907533 , 0.99281175, 0.9933828 , 0.99647386, 0.99914537,
       1.        ]), array([0.        , 0.05024946, 0.2168689 , 0.33213125, 0.3810242 ,
       0.4456809 , 0.4456809 , 0.46141312, 0.52406972, 0.52406972,
       0.52406972, 0.53913261, 0.55413734, 0.55413734, 0.58343564,
       0.59791824, 0.59791824, 0.62612055, 0.62612055, 0.65371976,
       0.66733027, 0.68079841, 0.69402142, 0.69402142, 0.70689693,
       0.71963105, 0.732265  , 0.74477081, 0.74477081, 0.75691453,
       0.75691453, 0.76872713, 0.76872713, 0.76872713, 0.7799371 ,
       0.7799371 , 0.7799371 , 0.7799371 , 0.7799371 , 0.7799371 ,
       0.7799371 , 0.79001248, 0.7998321 , 0.7998321 , 0.82832085,
       0.83777984, 0.84691143, 0.85594541, 0.85594541, 0.8646075 ,
       0.87309804, 0.8813835 , 0.8813835 , 0.8813835 , 0.8813835 ,
       0.88899504, 0.90403824, 0.90403824, 0.90403824, 0.91099124,
       0.91099124, 0.91099124, 0.92389438, 0.93018026, 0.93627927,
       0.93627927, 0.93627927, 0.94196805, 0.95286891, 0.95825858,
       0.95825858, 0.9632873 , 0.9632873 , 0.9632873 , 0.9632873 ,
       0.9632873 , 0.9632873 , 0.9632873 , 0.9632873 , 0.96692552,
       0.96692552, 0.97015149, 0.97328203, 0.97328203, 0.97599778,
       0.97599778, 0.98076557, 0.98076557, 0.98497199, 0.98497199,
       0.98497199, 0.98665492, 0.98803464, 0.98803464, 0.98918401,
       0.99393588, 0.99542975, 0.99784714, 0.99877633, 0.99948556,
       1.        ]), array([0.        , 0.06975458, 0.26020775, 0.39709088, 0.4988027 ,
       0.51549979, 0.58200357, 0.59844467, 0.64707387, 0.69536365,
       0.72716177, 0.74296078, 0.7585763 , 0.77403484, 0.78919196,
       0.78919196, 0.80408771, 0.80408771, 0.80408771, 0.80408771,
       0.81824772, 0.81824772, 0.83199135, 0.83199135, 0.83199135,
       0.83199135, 0.83199135, 0.84494785, 0.85775629, 0.85775629,
       0.8701816 , 0.8701816 , 0.8701816 , 0.8701816 , 0.8701816 ,
       0.88164887, 0.88164887, 0.89284842, 0.90377824, 0.90377824,
       0.90377824, 0.90377824, 0.90377824, 0.90377824, 0.90377824,
       0.90377824, 0.91343933, 0.9228116 , 0.9228116 , 0.9228116 ,
       0.9228116 , 0.9228116 , 0.9228116 , 0.931207  , 0.931207  ,
       0.9392667 , 0.9392667 , 0.9392667 , 0.94676995, 0.94676995,
       0.94676995, 0.94676995, 0.94676995, 0.94676995, 0.94676995,
       0.94676995, 0.95276361, 0.95276361, 0.95276361, 0.95276361,
       0.95276361, 0.95276361, 0.95276361, 0.95276361, 0.95276361,
       0.95276361, 0.95713837, 0.95713837, 0.96113369, 0.96869265,
       0.96869265, 0.97209609, 0.9752638 , 0.9752638 , 0.9752638 ,
       0.97801853, 0.9830712 , 0.9830712 , 0.9830712 , 0.9830712 ,
       0.9830712 , 0.9830712 , 0.98603669, 0.98861027, 0.98861027,
       0.99230189, 0.99311006, 0.9948009 , 0.99576308, 0.99732708,
       1.        ]), array([0.        , 0.        , 0.01615173, 0.20879339, 0.32010387,
       0.35157963, 0.38266752, 0.39804748, 0.42855437, 0.45873513,
       0.56312665, 0.57789643, 0.57789643, 0.59231945, 0.59231945,
       0.60638997, 0.60638997, 0.6201037 , 0.66074699, 0.67419203,
       0.68740352, 0.70047385, 0.72626943, 0.72626943, 0.73884605,
       0.73884605, 0.73884605, 0.75100219, 0.76297056, 0.78642699,
       0.78642699, 0.79781672, 0.79781672, 0.79781672, 0.79781672,
       0.79781672, 0.79781672, 0.81881637, 0.81881637, 0.81881637,
       0.81881637, 0.81881637, 0.82853807, 0.83797411, 0.83797411,
       0.84707083, 0.84707083, 0.84707083, 0.84707083, 0.84707083,
       0.8553847 , 0.8553847 , 0.8553847 , 0.8553847 , 0.8630685 ,
       0.87057707, 0.87057707, 0.87057707, 0.87750656, 0.88428438,
       0.89103806, 0.89103806, 0.89737091, 0.90361544, 0.90962254,
       0.92121072, 0.92121072, 0.92121072, 0.92121072, 0.9263997 ,
       0.9263997 , 0.9263997 , 0.94055562, 0.94055562, 0.94055562,
       0.94055562, 0.948707  , 0.95658134, 0.96034762, 0.96034762,
       0.96034762, 0.96034762, 0.96034762, 0.96034762, 0.96034762,
       0.96034762, 0.9650205 , 0.97184424, 0.97184424, 0.97560593,
       0.97734145, 0.97898372, 0.98032425, 0.98403263, 0.98609204,
       0.99049562, 0.9928113 , 0.9969938 , 0.99824249, 1.        ,
       1.        ])]","[array([0.        , 0.        , 0.00384144, 0.00384144, 0.00550271,
       0.0060975 , 0.0060975 , 0.01001305, 0.01001305, 0.01129798,
       0.01551757, 0.01551757, 0.01719878, 0.02096401, 0.02096401,
       0.02096401, 0.02325492, 0.02567451, 0.02820713, 0.03358886,
       0.03650916, 0.03955959, 0.03955959, 0.04291485, 0.04644139,
       0.05375423, 0.05375423, 0.05375423, 0.05375423, 0.05375423,
       0.05375423, 0.05375423, 0.05375423, 0.06332249, 0.06332249,
       0.06332249, 0.06332249, 0.06332249, 0.06881612, 0.0745729 ,
       0.0745729 , 0.0745729 , 0.0745729 , 0.08089282, 0.08731406,
       0.09383426, 0.09383426, 0.10758971, 0.11467055, 0.11467055,
       0.12924256, 0.12924256, 0.12924256, 0.12924256, 0.12924256,
       0.12924256, 0.12924256, 0.12924256, 0.12924256, 0.12924256,
       0.12924256, 0.13825251, 0.13825251, 0.14745324, 0.14745324,
       0.14745324, 0.16686089, 0.16686089, 0.17688879, 0.18702884,
       0.18702884, 0.18702884, 0.18702884, 0.18702884, 0.18702884,
       0.18702884, 0.19826687, 0.20958504, 0.23255185, 0.23255185,
       0.23255185, 0.23255185, 0.23255185, 0.23255185, 0.24488483,
       0.24488483, 0.25747856, 0.25747856, 0.27040096, 0.27040096,
       0.28370545, 0.31040937, 0.32393753, 0.33766407, 0.33766407,
       0.3516929 , 0.3516929 , 0.36601391, 0.39484435, 0.45310743,
       1.        ]), array([0.00000000e+00, 9.17560576e-04, 3.87988314e-03, 7.49482941e-03,
       1.36946309e-02, 1.44986537e-02, 1.54377626e-02, 1.75755941e-02,
       1.75755941e-02, 1.75755941e-02, 1.91722199e-02, 1.91722199e-02,
       2.31475858e-02, 2.54100024e-02, 3.00830457e-02, 3.00830457e-02,
       3.00830457e-02, 3.57475499e-02, 3.57475499e-02, 3.57475499e-02,
       3.57475499e-02, 3.57475499e-02, 3.57475499e-02, 3.96852869e-02,
       4.79148621e-02, 5.21258191e-02, 5.21258191e-02, 5.21258191e-02,
       5.21258191e-02, 5.21258191e-02, 5.21258191e-02, 5.21258191e-02,
       5.76409870e-02, 5.76409870e-02, 5.76409870e-02, 5.76409870e-02,
       5.76409870e-02, 5.76409870e-02, 5.76409870e-02, 5.76409870e-02,
       5.76409870e-02, 5.76409870e-02, 5.76409870e-02, 5.76409870e-02,
       5.76409870e-02, 6.53769529e-02, 6.53769529e-02, 6.53769529e-02,
       7.36453630e-02, 8.21928532e-02, 8.21928532e-02, 9.10209580e-02,
       1.00087954e-01, 1.09340672e-01, 1.18699882e-01, 1.28291572e-01,
       1.28291572e-01, 1.28291572e-01, 1.28291572e-01, 1.38542026e-01,
       1.38542026e-01, 1.38542026e-01, 1.49246585e-01, 1.49246585e-01,
       1.49246585e-01, 1.49246585e-01, 1.49246585e-01, 1.60859089e-01,
       1.60859089e-01, 1.60859089e-01, 1.85284368e-01, 1.85284368e-01,
       1.97815841e-01, 2.23168132e-01, 2.36087156e-01, 2.36087156e-01,
       2.36087156e-01, 2.49516029e-01, 2.49516029e-01, 2.49516029e-01,
       2.63341391e-01, 2.63341391e-01, 2.77585144e-01, 2.77585144e-01,
       2.77585144e-01, 2.77585144e-01, 2.77585144e-01, 2.92705333e-01,
       3.23455651e-01, 3.69843262e-01, 3.69843262e-01, 3.69843262e-01,
       3.85823251e-01, 3.85823251e-01, 4.18571436e-01, 4.68278357e-01,
       5.18458152e-01, 5.35311088e-01, 6.71755999e-01, 8.61100466e-01,
       1.00000000e+00]), array([0.00000000e+00, 4.56554718e-04, 2.83260153e-03, 5.82874103e-03,
       7.60388276e-03, 1.04896927e-02, 1.04896927e-02, 1.16310308e-02,
       1.64610260e-02, 1.64610260e-02, 1.64610260e-02, 1.82529639e-02,
       2.01014485e-02, 2.01014485e-02, 2.44896864e-02, 2.68456960e-02,
       2.68456960e-02, 3.22992718e-02, 3.22992718e-02, 3.83390856e-02,
       4.15427964e-02, 4.48849036e-02, 4.84652870e-02, 4.84652870e-02,
       5.23834447e-02, 5.64390469e-02, 6.05920186e-02, 6.48695467e-02,
       6.48695467e-02, 6.94990320e-02, 6.94990320e-02, 7.44503866e-02,
       7.44503866e-02, 7.44503866e-02, 7.99875230e-02, 7.99875230e-02,
       7.99875230e-02, 7.99875230e-02, 7.99875230e-02, 7.99875230e-02,
       7.99875230e-02, 8.66275209e-02, 9.35161234e-02, 9.35161234e-02,
       1.15124925e-01, 1.22364070e-01, 1.29921476e-01, 1.37573754e-01,
       1.37573754e-01, 1.45587515e-01, 1.53768044e-01, 1.62147905e-01,
       1.62147905e-01, 1.62147905e-01, 1.62147905e-01, 1.71182850e-01,
       1.89427594e-01, 1.89427594e-01, 1.89427594e-01, 1.99102667e-01,
       1.99102667e-01, 1.99102667e-01, 2.19427623e-01, 2.29751159e-01,
       2.40256336e-01, 2.40256336e-01, 2.40256336e-01, 2.51160279e-01,
       2.73431532e-01, 2.84626217e-01, 2.84626217e-01, 2.96171763e-01,
       2.96171763e-01, 2.96171763e-01, 2.96171763e-01, 2.96171763e-01,
       2.96171763e-01, 2.96171763e-01, 2.96171763e-01, 3.09068922e-01,
       3.09068922e-01, 3.22366815e-01, 3.35757457e-01, 3.35757457e-01,
       3.49551301e-01, 3.49551301e-01, 3.77784132e-01, 3.77784132e-01,
       4.06562634e-01, 4.06562634e-01, 4.06562634e-01, 4.21360413e-01,
       4.36452935e-01, 4.36452935e-01, 4.51769349e-01, 5.29318621e-01,
       5.60733822e-01, 6.24118643e-01, 6.56082741e-01, 7.04694295e-01,
       1.00000000e+00]), array([0.00000000e+00, 4.69789449e-04, 2.99961139e-03, 6.30870305e-03,
       9.64819584e-03, 1.04347679e-02, 1.38378063e-02, 1.48553544e-02,
       1.85343058e-02, 2.25195182e-02, 2.55328013e-02, 2.71297215e-02,
       2.88922073e-02, 3.07963399e-02, 3.29724459e-02, 3.29724459e-02,
       3.53843950e-02, 3.53843950e-02, 3.53843950e-02, 3.53843950e-02,
       3.84602108e-02, 3.84602108e-02, 4.19117321e-02, 4.19117321e-02,
       4.19117321e-02, 4.19117321e-02, 4.19117321e-02, 4.60735010e-02,
       5.03688674e-02, 5.03688674e-02, 5.50099398e-02, 5.50099398e-02,
       5.50099398e-02, 5.50099398e-02, 5.50099398e-02, 6.05154590e-02,
       6.05154590e-02, 6.62625522e-02, 7.22530346e-02, 7.22530346e-02,
       7.22530346e-02, 7.22530346e-02, 7.22530346e-02, 7.22530346e-02,
       7.22530346e-02, 7.22530346e-02, 7.93883085e-02, 8.67841919e-02,
       8.67841919e-02, 8.67841919e-02, 8.67841919e-02, 8.67841919e-02,
       8.67841919e-02, 9.50615168e-02, 9.50615168e-02, 1.03641759e-01,
       1.03641759e-01, 1.03641759e-01, 1.12724092e-01, 1.12724092e-01,
       1.12724092e-01, 1.12724092e-01, 1.12724092e-01, 1.12724092e-01,
       1.12724092e-01, 1.12724092e-01, 1.23168549e-01, 1.23168549e-01,
       1.23168549e-01, 1.23168549e-01, 1.23168549e-01, 1.23168549e-01,
       1.23168549e-01, 1.23168549e-01, 1.23168549e-01, 1.23168549e-01,
       1.35073778e-01, 1.35073778e-01, 1.47321377e-01, 1.72206088e-01,
       1.72206088e-01, 1.84987758e-01, 1.97982121e-01, 1.97982121e-01,
       1.97982121e-01, 2.11349134e-01, 2.38495319e-01, 2.38495319e-01,
       2.38495319e-01, 2.38495319e-01, 2.38495319e-01, 2.38495319e-01,
       2.67524800e-01, 2.96907910e-01, 2.96907910e-01, 3.56987502e-01,
       3.72110920e-01, 4.18143194e-01, 4.48980308e-01, 5.42684973e-01,
       1.00000000e+00]), array([0.00000000e+00, 0.00000000e+00, 3.34666928e-04, 5.55693064e-03,
       9.69160192e-03, 1.12077063e-02, 1.31206332e-02, 1.42448640e-02,
       1.67521871e-02, 1.95931683e-02, 3.08063293e-02, 3.25548055e-02,
       3.25548055e-02, 3.46580458e-02, 3.46580458e-02, 3.71219070e-02,
       3.71219070e-02, 3.99507803e-02, 4.89467955e-02, 5.20505585e-02,
       5.53932573e-02, 5.88803776e-02, 6.62076366e-02, 6.62076366e-02,
       7.01998469e-02, 7.01998469e-02, 7.01998469e-02, 7.46222265e-02,
       7.92367118e-02, 8.89570554e-02, 8.89570554e-02, 9.41635261e-02,
       9.41635261e-02, 9.41635261e-02, 9.41635261e-02, 9.41635261e-02,
       9.41635261e-02, 1.06397299e-01, 1.06397299e-01, 1.06397299e-01,
       1.06397299e-01, 1.06397299e-01, 1.13310253e-01, 1.20515458e-01,
       1.20515458e-01, 1.28067801e-01, 1.28067801e-01, 1.28067801e-01,
       1.28067801e-01, 1.28067801e-01, 1.36421043e-01, 1.36421043e-01,
       1.36421043e-01, 1.36421043e-01, 1.45418892e-01, 1.54596007e-01,
       1.54596007e-01, 1.54596007e-01, 1.64365543e-01, 1.74290265e-01,
       1.84239674e-01, 1.84239674e-01, 1.94619609e-01, 2.05089907e-01,
       2.15803112e-01, 2.37665364e-01, 2.37665364e-01, 2.37665364e-01,
       2.37665364e-01, 2.49215555e-01, 2.49215555e-01, 2.49215555e-01,
       2.85309668e-01, 2.85309668e-01, 2.85309668e-01, 2.85309668e-01,
       3.10687965e-01, 3.36349687e-01, 3.49355372e-01, 3.49355372e-01,
       3.49355372e-01, 3.49355372e-01, 3.49355372e-01, 3.49355372e-01,
       3.49355372e-01, 3.49355372e-01, 3.78292380e-01, 4.21887732e-01,
       4.21887732e-01, 4.51756927e-01, 4.66840210e-01, 4.82018884e-01,
       4.97506252e-01, 5.44288810e-01, 5.75899539e-01, 6.55688481e-01,
       7.03895838e-01, 8.17628587e-01, 8.66927538e-01, 1.00000000e+00,
       1.00000000e+00])]",0.0261248567516101,0.008056481178643,0.0053984796419745,0.0031751693984479,"[{'lambda_reg': 4.001259136504304e-05, 'gamma': 0.02300968582989796}, {'lambda_reg': 0.1372506348524122, 'gamma': 0.6156539911315028}, {'lambda_reg': 0.00025595577168830824, 'gamma': 0.005059401617006597}, {'lambda_reg': 0.08666378332115159, 'gamma': 0.36093008046042163}, {'lambda_reg': 0.4846005091275096, 'gamma': 0.19081545406039957}]",600,1,cauchy,109
"[np.float64(0.11280582525550827), np.float64(0.07839797245547679), np.float64(0.13659516437718014), np.float64(0.09390803194961937), np.float64(0.11877840151887614)]",0.1080970791113321,0.0201582231258457,"[np.float64(0.836216895294704), np.float64(0.8655031484584971), np.float64(0.8289112919261904), np.float64(0.8916581145303609), np.float64(0.8305509024500864)]",0.8505680705319678,0.0244422076611339,"[np.float64(0.9060221354632488), np.float64(0.9178043093676427), np.float64(0.9181687683243047), np.float64(0.9229211926049928), np.float64(0.9391430108190351)]",0.9208118833158448,0.0107261141208853,"[array([0.        , 0.23615276, 0.27205162, 0.28976324, 0.30737707,
       0.32467833, 0.32467833, 0.35866447, 0.39227223, 0.39227223,
       0.39227223, 0.42492335, 0.42492335, 0.44083412, 0.47222383,
       0.47222383, 0.47222383, 0.47222383, 0.48714055, 0.48714055,
       0.51647593, 0.51647593, 0.53067963, 0.53067963, 0.54453484,
       0.57191385, 0.59896919, 0.59896919, 0.59896919, 0.59896919,
       0.59896919, 0.59896919, 0.59896919, 0.61116537, 0.61116537,
       0.61116537, 0.61116537, 0.6226918 , 0.63401812, 0.63401812,
       0.63401812, 0.65572766, 0.65572766, 0.67663187, 0.69724282,
       0.69724282, 0.71715658, 0.72683896, 0.72683896, 0.74566043,
       0.77323249, 0.78219977, 0.79109915, 0.79109915, 0.79109915,
       0.80767816, 0.84814297, 0.84814297, 0.85586965, 0.87095634,
       0.87095634, 0.87095634, 0.88488809, 0.89162526, 0.8982092 ,
       0.8982092 , 0.8982092 , 0.90426668, 0.91014286, 0.91014286,
       0.91014286, 0.91014286, 0.91533713, 0.94015675, 0.94502676,
       0.94502676, 0.95388072, 0.95807051, 0.96627367, 0.97017336,
       0.97017336, 0.97380335, 0.97380335, 0.977038  , 0.98006229,
       0.98006229, 0.98006229, 0.98503505, 0.98961153, 0.98961153,
       0.98961153, 0.99134376, 0.99134376, 0.99134376, 0.99366269,
       0.9977816 , 0.9977816 , 0.9977816 , 0.99865615, 0.99970584,
       1.        ]), array([0.        , 0.23087076, 0.3711705 , 0.38857355, 0.38857355,
       0.38857355, 0.38857355, 0.38857355, 0.40500365, 0.40500365,
       0.42114287, 0.46873302, 0.46873302, 0.46873302, 0.46873302,
       0.46873302, 0.46873302, 0.48365701, 0.51305655, 0.51305655,
       0.51305655, 0.52715776, 0.52715776, 0.54088064, 0.54088064,
       0.55438412, 0.58096968, 0.59402233, 0.59402233, 0.63212045,
       0.63212045, 0.64454554, 0.64454554, 0.64454554, 0.65631607,
       0.66799087, 0.67938667, 0.69076322, 0.69076322, 0.69076322,
       0.70144358, 0.70144358, 0.71176306, 0.71176306, 0.72173419,
       0.77117451, 0.77117451, 0.79018519, 0.80890367, 0.81813151,
       0.82714617, 0.85356846, 0.87965181, 0.88808226, 0.88808226,
       0.88808226, 0.88808226, 0.88808226, 0.88808226, 0.88808226,
       0.89529787, 0.89529787, 0.89529787, 0.89529787, 0.90178632,
       0.90178632, 0.91414939, 0.91414939, 0.91414939, 0.91967708,
       0.93039355, 0.93567952, 0.93567952, 0.93567952, 0.93567952,
       0.94467493, 0.94467493, 0.95301921, 0.95698267, 0.95698267,
       0.96055879, 0.96395965, 0.96717939, 0.97027477, 0.97027477,
       0.97302563, 0.97302563, 0.97302563, 0.97302563, 0.97713766,
       0.98095817, 0.98095817, 0.98529839, 0.98795054, 0.99141074,
       0.99236393, 0.99545332, 0.99793977, 0.99877121, 0.9996791 ,
       1.        ]), array([0.        , 0.30811912, 0.32604931, 0.32604931, 0.32604931,
       0.34330362, 0.36051404, 0.37752293, 0.39425094, 0.41087792,
       0.42737905, 0.44361414, 0.49184093, 0.49184093, 0.49184093,
       0.49184093, 0.49184093, 0.49184093, 0.49184093, 0.50656243,
       0.53593844, 0.55033661, 0.56458963, 0.57864822, 0.57864822,
       0.57864822, 0.59219007, 0.59219007, 0.60528504, 0.61826413,
       0.61826413, 0.6309478 , 0.6309478 , 0.64316245, 0.64316245,
       0.64316245, 0.64316245, 0.65475933, 0.65475933, 0.66590024,
       0.66590024, 0.67675085, 0.67675085, 0.67675085, 0.68700234,
       0.69703794, 0.72659111, 0.7459658 , 0.75546282, 0.78363016,
       0.80211112, 0.82005424, 0.83760324, 0.84622975, 0.85462128,
       0.85462128, 0.86278383, 0.87060835, 0.87838954, 0.88588385,
       0.89319   , 0.89319   , 0.90022576, 0.90700772, 0.90700772,
       0.91344832, 0.9323324 , 0.9323324 , 0.93830895, 0.94398946,
       0.94958534, 0.94958534, 0.94958534, 0.9545714 , 0.9545714 ,
       0.9545714 , 0.9545714 , 0.9545714 , 0.95869639, 0.95869639,
       0.96248125, 0.96951057, 0.97283386, 0.97606988, 0.97905874,
       0.97905874, 0.984328  , 0.984328  , 0.984328  , 0.98837582,
       0.98837582, 0.99008234, 0.99008234, 0.99008234, 0.99248029,
       0.99248029, 0.99568704, 0.99755316, 0.99843955, 0.99951109,
       1.        ]), array([0.        , 0.1716765 , 0.21391621, 0.23491413, 0.29691835,
       0.31733737, 0.33771972, 0.35771855, 0.3776187 , 0.3776187 ,
       0.3776187 , 0.39681237, 0.39681237, 0.41565477, 0.41565477,
       0.4341048 , 0.45218395, 0.45218395, 0.45218395, 0.46966372,
       0.46966372, 0.48679322, 0.50362695, 0.53680854, 0.53680854,
       0.55297627, 0.56903878, 0.60064954, 0.61622455, 0.61622455,
       0.61622455, 0.61622455, 0.61622455, 0.61622455, 0.61622455,
       0.63026464, 0.64421646, 0.65786798, 0.65786798, 0.65786798,
       0.65786798, 0.65786798, 0.65786798, 0.65786798, 0.67005166,
       0.70580194, 0.72911756, 0.74059045, 0.77435081, 0.77435081,
       0.77435081, 0.78503636, 0.79541216, 0.80563795, 0.80563795,
       0.81537999, 0.82502281, 0.82502281, 0.82502281, 0.83391256,
       0.84258611, 0.85962868, 0.86798598, 0.86798598, 0.86798598,
       0.87566448, 0.88311756, 0.88311756, 0.89708461, 0.90382997,
       0.90382997, 0.91009957, 0.91630237, 0.92222037, 0.92783287,
       0.93321161, 0.93850457, 0.94352065, 0.94352065, 0.94805881,
       0.94805881, 0.94805881, 0.94805881, 0.95172438, 0.95172438,
       0.9616945 , 0.9649113 , 0.96778315, 0.97038966, 0.97295331,
       0.97522656, 0.98139204, 0.986685  , 0.98835184, 0.99101105,
       0.99212727, 0.99212727, 0.99500415, 0.99642731, 0.99806309,
       1.        ]), array([0.        , 0.15901781, 0.17864157, 0.2562944 , 0.33306457,
       0.33306457, 0.35185773, 0.37050907, 0.37050907, 0.37050907,
       0.37050907, 0.4061171 , 0.42370296, 0.4411112 , 0.45828288,
       0.45828288, 0.45828288, 0.49142023, 0.49142023, 0.50752991,
       0.52362186, 0.53945559, 0.57064514, 0.57064514, 0.57064514,
       0.57064514, 0.57064514, 0.58531624, 0.5997263 , 0.5997263 ,
       0.61383337, 0.62774832, 0.64127278, 0.66803396, 0.68120755,
       0.72025741, 0.7587545 , 0.78401813, 0.80887098, 0.80887098,
       0.82087296, 0.83276682, 0.83276682, 0.84416745, 0.85533721,
       0.86640799, 0.86640799, 0.87712874, 0.87712874, 0.87712874,
       0.87712874, 0.88704558, 0.88704558, 0.89646064, 0.91492244,
       0.91492244, 0.92381053, 0.92381053, 0.93225093, 0.93225093,
       0.93225093, 0.93225093, 0.93225093, 0.93225093, 0.93950414,
       0.93950414, 0.93950414, 0.93950414, 0.93950414, 0.93950414,
       0.93950414, 0.93950414, 0.93950414, 0.95049002, 0.95049002,
       0.95565841, 0.95565841, 0.95565841, 0.95565841, 0.95997807,
       0.95997807, 0.95997807, 0.96373711, 0.96373711, 0.9670144 ,
       0.97309089, 0.97309089, 0.9810026 , 0.9810026 , 0.98337655,
       0.98337655, 0.98337655, 0.98683343, 0.98833302, 0.99357871,
       0.99357871, 0.99624565, 0.99684372, 0.99940863, 0.99961379,
       1.        ])]","[array([0.00000000e+00, 1.37730062e-04, 5.24873937e-04, 9.19746730e-04,
       1.39739541e-03, 2.13962872e-03, 2.13962872e-03, 4.14584231e-03,
       6.47234355e-03, 6.47234355e-03, 6.47234355e-03, 9.60861097e-03,
       9.60861097e-03, 1.15278592e-02, 1.57318778e-02, 1.57318778e-02,
       1.57318778e-02, 1.57318778e-02, 1.84925519e-02, 1.84925519e-02,
       2.44355080e-02, 2.44355080e-02, 2.77997321e-02, 2.77997321e-02,
       3.14589568e-02, 3.90579184e-02, 4.69308580e-02, 4.69308580e-02,
       4.69308580e-02, 4.69308580e-02, 4.69308580e-02, 4.69308580e-02,
       4.69308580e-02, 5.19944052e-02, 5.19944052e-02, 5.19944052e-02,
       5.19944052e-02, 5.76248624e-02, 6.34247170e-02, 6.34247170e-02,
       6.34247170e-02, 7.58227329e-02, 7.58227329e-02, 8.89024345e-02,
       1.02230375e-01, 1.02230375e-01, 1.16148473e-01, 1.23339870e-01,
       1.23339870e-01, 1.38182555e-01, 1.61005383e-01, 1.68802093e-01,
       1.76656283e-01, 1.76656283e-01, 1.76656283e-01, 1.93397153e-01,
       2.36081155e-01, 2.36081155e-01, 2.44928005e-01, 2.62932074e-01,
       2.62932074e-01, 2.62932074e-01, 2.81913773e-01, 2.91598216e-01,
       3.01412360e-01, 3.01412360e-01, 3.01412360e-01, 3.11672141e-01,
       3.22085389e-01, 3.22085389e-01, 3.22085389e-01, 3.22085389e-01,
       3.33075849e-01, 3.89003080e-01, 4.00268016e-01, 4.00268016e-01,
       4.23547927e-01, 4.35388653e-01, 4.59219440e-01, 4.71305729e-01,
       4.71305729e-01, 4.83620317e-01, 4.83620317e-01, 4.96269540e-01,
       5.09096834e-01, 5.09096834e-01, 5.09096834e-01, 5.35662066e-01,
       5.62562742e-01, 5.62562742e-01, 5.62562742e-01, 5.76483728e-01,
       5.76483728e-01, 5.76483728e-01, 6.05295361e-01, 6.63357893e-01,
       6.63357893e-01, 6.63357893e-01, 6.93392146e-01, 7.54052695e-01,
       1.00000000e+00]), array([0.00000000e+00, 3.01466313e-04, 2.05148317e-03, 2.38874804e-03,
       2.38874804e-03, 2.38874804e-03, 2.38874804e-03, 2.38874804e-03,
       3.58378284e-03, 3.58378284e-03, 5.03525999e-03, 1.01192542e-02,
       1.01192542e-02, 1.01192542e-02, 1.01192542e-02, 1.01192542e-02,
       1.01192542e-02, 1.26421106e-02, 1.80831802e-02, 1.80831802e-02,
       1.80831802e-02, 2.13314155e-02, 2.13314155e-02, 2.49131958e-02,
       2.49131958e-02, 2.86884117e-02, 3.66103473e-02, 4.07830220e-02,
       4.07830220e-02, 5.42354089e-02, 5.42354089e-02, 5.89613547e-02,
       5.89613547e-02, 5.89613547e-02, 6.42643724e-02, 6.96517895e-02,
       7.52851856e-02, 8.09355444e-02, 8.09355444e-02, 8.09355444e-02,
       8.71996876e-02, 8.71996876e-02, 9.37819838e-02, 9.37819838e-02,
       1.00671398e-01, 1.35484633e-01, 1.35484633e-01, 1.50084760e-01,
       1.64942495e-01, 1.72487210e-01, 1.80219872e-01, 2.03965947e-01,
       2.28010846e-01, 2.36258554e-01, 2.36258554e-01, 2.36258554e-01,
       2.36258554e-01, 2.36258554e-01, 2.36258554e-01, 2.36258554e-01,
       2.45577303e-01, 2.45577303e-01, 2.45577303e-01, 2.45577303e-01,
       2.55537128e-01, 2.55537128e-01, 2.75997945e-01, 2.75997945e-01,
       2.75997945e-01, 2.86804798e-01, 3.08717303e-01, 3.19737256e-01,
       3.19737256e-01, 3.19737256e-01, 3.19737256e-01, 3.43167085e-01,
       3.43167085e-01, 3.67170967e-01, 3.79356883e-01, 3.79356883e-01,
       3.91884282e-01, 4.04566203e-01, 4.17407797e-01, 4.30359034e-01,
       4.30359034e-01, 4.43614003e-01, 4.43614003e-01, 4.43614003e-01,
       4.43614003e-01, 4.71349134e-01, 4.99341279e-01, 4.99341279e-01,
       5.42555423e-01, 5.71577611e-01, 6.15567609e-01, 6.30407447e-01,
       6.90404551e-01, 7.50933218e-01, 7.81560595e-01, 8.43480956e-01,
       1.00000000e+00]), array([0.00000000e+00, 4.67174169e-04, 6.59616928e-04, 6.59616928e-04,
       6.59616928e-04, 1.42540444e-03, 2.22841320e-03, 3.20238184e-03,
       4.41462026e-03, 5.71256331e-03, 7.11726063e-03, 8.74763473e-03,
       1.40446393e-02, 1.40446393e-02, 1.40446393e-02, 1.40446393e-02,
       1.40446393e-02, 1.40446393e-02, 1.40446393e-02, 1.69589753e-02,
       2.28444660e-02, 2.60330760e-02, 2.93448168e-02, 3.28214893e-02,
       3.28214893e-02, 3.28214893e-02, 3.67365021e-02, 3.67365021e-02,
       4.10306009e-02, 4.54229946e-02, 4.54229946e-02, 5.00659938e-02,
       5.00659938e-02, 5.51068572e-02, 5.51068572e-02, 5.51068572e-02,
       5.51068572e-02, 6.06717698e-02, 6.06717698e-02, 6.66234697e-02,
       6.66234697e-02, 7.28214277e-02, 7.28214277e-02, 7.28214277e-02,
       7.95276172e-02, 8.64169386e-02, 1.07554542e-01, 1.21924027e-01,
       1.29270221e-01, 1.51583400e-01, 1.66711032e-01, 1.82294897e-01,
       1.98213089e-01, 2.06297726e-01, 2.14581688e-01, 2.14581688e-01,
       2.23059897e-01, 2.31824850e-01, 2.40626565e-01, 2.49671625e-01,
       2.58876304e-01, 2.58876304e-01, 2.68310359e-01, 2.77959698e-01,
       2.77959698e-01, 2.87898613e-01, 3.18086669e-01, 3.18086669e-01,
       3.28419229e-01, 3.39002924e-01, 3.49658401e-01, 3.49658401e-01,
       3.49658401e-01, 3.60831189e-01, 3.60831189e-01, 3.60831189e-01,
       3.60831189e-01, 3.60831189e-01, 3.72734406e-01, 3.72734406e-01,
       3.84926145e-01, 4.09768048e-01, 4.22351341e-01, 4.35008656e-01,
       4.47875641e-01, 4.47875641e-01, 4.74210581e-01, 4.74210581e-01,
       4.74210581e-01, 5.01581655e-01, 5.01581655e-01, 5.15536434e-01,
       5.15536434e-01, 5.15536434e-01, 5.44307066e-01, 5.44307066e-01,
       6.03196400e-01, 6.47820574e-01, 6.77873442e-01, 7.38574048e-01,
       1.00000000e+00]), array([0.00000000e+00, 1.29652926e-04, 5.92557862e-04, 9.01277107e-04,
       2.45442223e-03, 3.12994296e-03, 3.82869980e-03, 4.77046628e-03,
       5.77475657e-03, 5.77475657e-03, 5.77475657e-03, 7.22669117e-03,
       7.22669117e-03, 8.90120294e-03, 8.90120294e-03, 1.08243255e-02,
       1.29824514e-02, 1.29824514e-02, 1.29824514e-02, 1.55203589e-02,
       1.55203589e-02, 1.82802089e-02, 2.12274676e-02, 2.74298367e-02,
       2.74298367e-02, 3.07990892e-02, 3.42350115e-02, 4.14327078e-02,
       4.51775215e-02, 4.51775215e-02, 4.51775215e-02, 4.51775215e-02,
       4.51775215e-02, 4.51775215e-02, 4.51775215e-02, 4.98949014e-02,
       5.46682141e-02, 5.96318019e-02, 5.96318019e-02, 5.96318019e-02,
       5.96318019e-02, 5.96318019e-02, 5.96318019e-02, 5.96318019e-02,
       6.55254539e-02, 8.37137929e-02, 9.61675059e-02, 1.02511531e-01,
       1.21960739e-01, 1.21960739e-01, 1.21960739e-01, 1.28803643e-01,
       1.35842816e-01, 1.42977038e-01, 1.42977038e-01, 1.50417777e-01,
       1.57921382e-01, 1.57921382e-01, 1.57921382e-01, 1.65902160e-01,
       1.74019920e-01, 1.90448404e-01, 1.98766555e-01, 1.98766555e-01,
       1.98766555e-01, 2.07514808e-01, 2.16405891e-01, 2.16405891e-01,
       2.34783104e-01, 2.44122619e-01, 2.44122619e-01, 2.53763588e-01,
       2.63446884e-01, 2.73310639e-01, 2.83367964e-01, 2.93573408e-01,
       3.03833201e-01, 3.14268431e-01, 3.14268431e-01, 3.25006489e-01,
       3.25006489e-01, 3.25006489e-01, 3.25006489e-01, 3.36297440e-01,
       3.36297440e-01, 3.70820773e-01, 3.82396079e-01, 3.94189950e-01,
       4.06151951e-01, 4.18141112e-01, 4.30314270e-01, 4.67248322e-01,
       5.04735227e-01, 5.17292624e-01, 5.42834787e-01, 5.55741080e-01,
       5.55741080e-01, 6.08372426e-01, 6.48311341e-01, 7.28956190e-01,
       1.00000000e+00]), array([0.00000000e+00, 2.96772927e-05, 2.16275517e-04, 1.57038756e-03,
       3.56138407e-03, 3.56138407e-03, 4.34731359e-03, 5.23557326e-03,
       5.23557326e-03, 5.23557326e-03, 5.23557326e-03, 8.23489077e-03,
       9.89196109e-03, 1.16771937e-02, 1.36331195e-02, 1.36331195e-02,
       1.36331195e-02, 1.84151823e-02, 1.84151823e-02, 2.11374077e-02,
       2.38724238e-02, 2.67937669e-02, 3.29812859e-02, 3.29812859e-02,
       3.29812859e-02, 3.29812859e-02, 3.29812859e-02, 3.67415312e-02,
       4.06901361e-02, 4.06901361e-02, 4.48573685e-02, 4.91632202e-02,
       5.37508398e-02, 6.31336965e-02, 6.79744878e-02, 8.28366606e-02,
       9.80976825e-02, 1.08561116e-01, 1.19320951e-01, 1.19320951e-01,
       1.25007132e-01, 1.30771329e-01, 1.30771329e-01, 1.36891417e-01,
       1.43178100e-01, 1.49536199e-01, 1.49536199e-01, 1.56146865e-01,
       1.56146865e-01, 1.56146865e-01, 1.56146865e-01, 1.63337601e-01,
       1.63337601e-01, 1.70890401e-01, 1.86261767e-01, 1.86261767e-01,
       1.94194812e-01, 1.94194812e-01, 2.02450891e-01, 2.02450891e-01,
       2.02450891e-01, 2.02450891e-01, 2.02450891e-01, 2.02450891e-01,
       2.11563594e-01, 2.11563594e-01, 2.11563594e-01, 2.11563594e-01,
       2.11563594e-01, 2.11563594e-01, 2.11563594e-01, 2.11563594e-01,
       2.11563594e-01, 2.32329302e-01, 2.32329302e-01, 2.42946331e-01,
       2.42946331e-01, 2.42946331e-01, 2.42946331e-01, 2.54175774e-01,
       2.54175774e-01, 2.54175774e-01, 2.65809742e-01, 2.65809742e-01,
       2.77791318e-01, 3.02099444e-01, 3.02099444e-01, 3.39429693e-01,
       3.39429693e-01, 3.52063080e-01, 3.52063080e-01, 3.52063080e-01,
       3.78261418e-01, 3.91525714e-01, 4.45125994e-01, 4.45125994e-01,
       4.86240666e-01, 5.00155465e-01, 5.70036436e-01, 5.84234740e-01,
       1.00000000e+00])]",0.0241442023561382,0.0136081870528354,0.0133915340483599,0.0040480787035311,"[{'lambda_reg': 0.00014108211689516345, 'gamma': 0.04178589995434104}, {'lambda_reg': 0.001294688727834124, 'gamma': 0.04267193573087753}, {'lambda_reg': 2.083444621993918e-05, 'gamma': 0.04343505591006119}, {'lambda_reg': 0.045363399231515854, 'gamma': 0.15823285392523986}, {'lambda_reg': 0.00016150250655120593, 'gamma': 0.1573131264427406}]",600,2,cauchy,116
"[np.float64(0.12339793099484982), np.float64(0.0916503460076318), np.float64(0.11443941650052043), np.float64(0.09622954705796863), np.float64(0.21520900327770823)]",0.1281852487677358,0.0450354663718337,"[np.float64(0.7250586832420782), np.float64(0.8028950223690378), np.float64(0.7520249406863012), np.float64(0.7916667766299077), np.float64(0.0)]",0.614329084585465,0.3084241193180131,"[np.float64(0.8881966463610964), np.float64(0.9187274214221817), np.float64(0.9012421138304993), np.float64(0.9367948153033836), np.float64(0.5)]",0.8289921993834323,0.1653087402457691,"[array([0.        , 0.21342845, 0.2976742 , 0.38116344, 0.42255887,
       0.42255887, 0.46286168, 0.58316305, 0.60298972, 0.60298972,
       0.60298972, 0.60298972, 0.62194788, 0.65935632, 0.67788795,
       0.6961643 , 0.6961643 , 0.6961643 , 0.76688581, 0.76688581,
       0.76688581, 0.76688581, 0.78369166, 0.80024437, 0.80024437,
       0.81628921, 0.8322537 , 0.8322537 , 0.8322537 , 0.8322537 ,
       0.8322537 , 0.84702143, 0.84702143, 0.86135102, 0.86135102,
       0.87541039, 0.88916393, 0.88916393, 0.88916393, 0.9153056 ,
       0.9153056 , 0.9153056 , 0.9153056 , 0.92750678, 0.92750678,
       0.92750678, 0.92750678, 0.92750678, 0.92750678, 0.94938935,
       0.94938935, 0.96007669, 0.96007669, 0.96007669, 0.96007669,
       0.96007669, 0.96007669, 0.96007669, 0.96925229, 0.98705316,
       0.98705316, 0.98705316, 0.98705316, 0.98705316, 0.98705316,
       0.98705316, 0.98705316, 0.98705316, 0.98705316, 0.98705316,
       0.98705316, 0.98705316, 0.98705316, 0.98705316, 0.98705316,
       0.98705316, 0.98705316, 0.98705316, 0.98705316, 0.98705316,
       0.98705316, 0.98705316, 0.98705316, 0.98705316, 0.99057371,
       0.99057371, 0.99371189, 0.99371189, 0.99371189, 0.99621912,
       0.99621912, 0.99621912, 1.        , 1.        , 1.        ,
       1.        , 1.        , 1.        , 1.        , 1.        ,
       1.        ]), array([0.        , 0.31984598, 0.3650917 , 0.38746678, 0.45379871,
       0.47557103, 0.4971522 , 0.53996069, 0.60329419, 0.6451795 ,
       0.6451795 , 0.6451795 , 0.6451795 , 0.66523975, 0.70480328,
       0.70480328, 0.74352038, 0.74352038, 0.74352038, 0.76219723,
       0.76219723, 0.79874618, 0.79874618, 0.79874618, 0.79874618,
       0.79874618, 0.81574368, 0.81574368, 0.81574368, 0.81574368,
       0.83185016, 0.83185016, 0.83185016, 0.84725614, 0.86246275,
       0.87756111, 0.87756111, 0.87756111, 0.87756111, 0.87756111,
       0.89135471, 0.90499786, 0.90499786, 0.90499786, 0.90499786,
       0.90499786, 0.91747817, 0.91747817, 0.92947413, 0.92947413,
       0.94094762, 0.94094762, 0.9521525 , 0.9521525 , 0.9521525 ,
       0.9521525 , 0.9521525 , 0.9521525 , 0.9521525 , 0.9521525 ,
       0.96132887, 0.96132887, 0.96132887, 0.96132887, 0.96132887,
       0.96940407, 0.96940407, 0.96940407, 0.96940407, 0.96940407,
       0.98322784, 0.98322784, 0.98322784, 0.98322784, 0.98322784,
       0.9890138 , 0.9890138 , 0.9890138 , 0.9890138 , 0.9890138 ,
       0.9890138 , 0.99353025, 0.99353025, 0.99353025, 0.99353025,
       0.99353025, 0.99353025, 0.99353025, 0.99353025, 0.99353025,
       0.99353025, 0.99581099, 0.99581099, 0.99748342, 0.99748342,
       0.99748342, 0.99856937, 0.99938483, 0.9999659 , 0.9999659 ,
       1.        ]), array([0.        , 0.27157007, 0.40569801, 0.47218164, 0.47218164,
       0.51538903, 0.53670515, 0.53670515, 0.53670515, 0.55737333,
       0.55737333, 0.57758265, 0.57758265, 0.59746965, 0.61713416,
       0.65577918, 0.65577918, 0.65577918, 0.67456001, 0.69303798,
       0.71119376, 0.71119376, 0.71119376, 0.72885238, 0.78108599,
       0.78108599, 0.79803736, 0.81466025, 0.81466025, 0.81466025,
       0.81466025, 0.8303674 , 0.8303674 , 0.8455771 , 0.8455771 ,
       0.8455771 , 0.86031492, 0.86031492, 0.86031492, 0.90214122,
       0.90214122, 0.90214122, 0.90214122, 0.91525917, 0.91525917,
       0.91525917, 0.91525917, 0.91525917, 0.91525917, 0.91525917,
       0.91525917, 0.92651125, 0.9374792 , 0.9374792 , 0.9374792 ,
       0.9374792 , 0.9374792 , 0.94735259, 0.94735259, 0.94735259,
       0.94735259, 0.95619876, 0.95619876, 0.9646799 , 0.9646799 ,
       0.9646799 , 0.97259254, 0.97259254, 0.97259254, 0.97259254,
       0.97259254, 0.97936225, 0.97936225, 0.97936225, 0.97936225,
       0.98507443, 0.98507443, 0.98507443, 0.99028894, 0.99028894,
       0.99028894, 0.99028894, 0.99028894, 0.99028894, 0.99403241,
       0.99754648, 0.99754648, 0.99754648, 0.99754648, 0.99754648,
       0.99754648, 0.99754648, 0.99754648, 0.99754648, 0.99909481,
       0.99909481, 0.99909481, 0.99909481, 0.99969327, 1.        ,
       1.        ]), array([0.        , 0.38647769, 0.49848211, 0.52076779, 0.54282516,
       0.58625407, 0.67226914, 0.67226914, 0.67226914, 0.6931772 ,
       0.6931772 , 0.71361113, 0.73375951, 0.73375951, 0.75348747,
       0.75348747, 0.75348747, 0.77255046, 0.79130888, 0.82842035,
       0.82842035, 0.82842035, 0.82842035, 0.82842035, 0.82842035,
       0.82842035, 0.82842035, 0.82842035, 0.82842035, 0.82842035,
       0.82842035, 0.82842035, 0.84402694, 0.84402694, 0.85913385,
       0.85913385, 0.85913385, 0.85913385, 0.87341837, 0.87341837,
       0.88721355, 0.88721355, 0.88721355, 0.90024342, 0.90024342,
       0.9129332 , 0.9129332 , 0.92505214, 0.93710928, 0.93710928,
       0.93710928, 0.94844785, 0.94844785, 0.94844785, 0.94844785,
       0.95882514, 0.95882514, 0.95882514, 0.95882514, 0.95882514,
       0.95882514, 0.95882514, 0.95882514, 0.95882514, 0.95882514,
       0.95882514, 0.95882514, 0.95882514, 0.95882514, 0.95882514,
       0.96569446, 0.96569446, 0.96569446, 0.96569446, 0.96569446,
       0.9715722 , 0.9715722 , 0.9715722 , 0.9715722 , 0.97642702,
       0.97642702, 0.98532114, 0.98962532, 0.98962532, 0.99328585,
       0.99328585, 0.99649866, 0.99649866, 0.99649866, 0.99649866,
       0.99649866, 0.9986576 , 0.9986576 , 0.9986576 , 0.9986576 ,
       0.9986576 , 0.99968968, 0.99968968, 0.99968968, 1.        ,
       1.        ]), array([0., 0., 0., 0., 0., 0., 0., 0., 0., 0., 0., 0., 0., 0., 0., 0., 0.,
       0., 0., 0., 0., 0., 0., 0., 0., 0., 0., 0., 0., 0., 0., 0., 0., 0.,
       0., 0., 0., 1., 1., 1., 1., 1., 1., 1., 1., 1., 1., 1., 1., 1., 1.,
       1., 1., 1., 1., 1., 1., 1., 1., 1., 1., 1., 1., 1., 1., 1., 1., 1.,
       1., 1., 1., 1., 1., 1., 1., 1., 1., 1., 1., 1., 1., 1., 1., 1., 1.,
       1., 1., 1., 1., 1., 1., 1., 1., 1., 1., 1., 1., 1., 1., 1., 1.])]","[array([0.        , 0.00143524, 0.0059867 , 0.01321127, 0.01805743,
       0.01805743, 0.02676432, 0.05502999, 0.06053091, 0.06053091,
       0.06053091, 0.06053091, 0.06910062, 0.08803469, 0.09811157,
       0.10909045, 0.10909045, 0.10909045, 0.16142944, 0.16142944,
       0.16142944, 0.16142944, 0.17760432, 0.19467366, 0.19467366,
       0.21353752, 0.23268533, 0.23268533, 0.23268533, 0.23268533,
       0.23268533, 0.25606183, 0.25606183, 0.28098648, 0.28098648,
       0.30686594, 0.33382607, 0.33382607, 0.33382607, 0.39257092,
       0.39257092, 0.39257092, 0.39257092, 0.42501627, 0.42501627,
       0.42501627, 0.42501627, 0.42501627, 0.42501627, 0.49881054,
       0.49881054, 0.53660499, 0.53660499, 0.53660499, 0.53660499,
       0.53660499, 0.53660499, 0.53660499, 0.57974116, 0.66795801,
       0.66795801, 0.66795801, 0.66795801, 0.66795801, 0.66795801,
       0.66795801, 0.66795801, 0.66795801, 0.66795801, 0.66795801,
       0.66795801, 0.66795801, 0.66795801, 0.66795801, 0.66795801,
       0.66795801, 0.66795801, 0.66795801, 0.66795801, 0.66795801,
       0.66795801, 0.66795801, 0.66795801, 0.66795801, 0.73107608,
       0.73107608, 0.79554529, 0.79554529, 0.79554529, 0.86224391,
       0.86224391, 0.86224391, 1.        , 1.        , 1.        ,
       1.        , 1.        , 1.        , 1.        , 1.        ,
       1.        ]), array([0.        , 0.00187721, 0.00334012, 0.0047345 , 0.01104002,
       0.01404701, 0.0175654 , 0.02554889, 0.03987641, 0.05032976,
       0.05032976, 0.05032976, 0.05032976, 0.05791723, 0.07458226,
       0.07458226, 0.09351188, 0.09351188, 0.09351188, 0.10480049,
       0.10480049, 0.12953074, 0.12953074, 0.12953074, 0.12953074,
       0.12953074, 0.14531231, 0.14531231, 0.14531231, 0.14531231,
       0.16347769, 0.16347769, 0.16347769, 0.18351721, 0.20409013,
       0.22495262, 0.22495262, 0.22495262, 0.22495262, 0.22495262,
       0.2493059 , 0.27406169, 0.27406169, 0.27406169, 0.27406169,
       0.27406169, 0.30192855, 0.30192855, 0.33109124, 0.33109124,
       0.36165173, 0.36165173, 0.39293088, 0.39293088, 0.39293088,
       0.39293088, 0.39293088, 0.39293088, 0.39293088, 0.39293088,
       0.42963711, 0.42963711, 0.42963711, 0.42963711, 0.42963711,
       0.46928939, 0.46928939, 0.46928939, 0.46928939, 0.46928939,
       0.55481867, 0.55481867, 0.55481867, 0.55481867, 0.55481867,
       0.6005956 , 0.6005956 , 0.6005956 , 0.6005956 , 0.6005956 ,
       0.6005956 , 0.64976899, 0.64976899, 0.64976899, 0.64976899,
       0.64976899, 0.64976899, 0.64976899, 0.64976899, 0.64976899,
       0.64976899, 0.70492377, 0.70492377, 0.76170607, 0.76170607,
       0.76170607, 0.8200574 , 0.87913244, 0.93883453, 0.93883453,
       1.        ]), array([0.        , 0.00147102, 0.00680317, 0.01107905, 0.01107905,
       0.01702264, 0.02079214, 0.02079214, 0.02079214, 0.02635897,
       0.02635897, 0.03319862, 0.03319862, 0.04093238, 0.04928328,
       0.06788248, 0.06788248, 0.06788248, 0.07868464, 0.09032691,
       0.1028629 , 0.1028629 , 0.1028629 , 0.116778  , 0.16058216,
       0.16058216, 0.17645908, 0.19324717, 0.19324717, 0.19324717,
       0.19324717, 0.21257545, 0.21257545, 0.23328363, 0.23328363,
       0.23328363, 0.25530075, 0.25530075, 0.25530075, 0.32797384,
       0.32797384, 0.32797384, 0.32797384, 0.35448435, 0.35448435,
       0.35448435, 0.35448435, 0.35448435, 0.35448435, 0.35448435,
       0.35448435, 0.3861706 , 0.41864499, 0.41864499, 0.41864499,
       0.41864499, 0.41864499, 0.4541556 , 0.4541556 , 0.4541556 ,
       0.4541556 , 0.49251563, 0.49251563, 0.53188819, 0.53188819,
       0.53188819, 0.57283775, 0.57283775, 0.57283775, 0.57283775,
       0.57283775, 0.61695769, 0.61695769, 0.61695769, 0.61695769,
       0.66401114, 0.66401114, 0.66401114, 0.71244507, 0.71244507,
       0.71244507, 0.71244507, 0.71244507, 0.71244507, 0.76495951,
       0.81811032, 0.81811032, 0.81811032, 0.81811032, 0.81811032,
       0.81811032, 0.81811032, 0.81811032, 0.81811032, 0.8767139 ,
       0.8767139 , 0.8767139 , 0.8767139 , 0.93795234, 1.        ,
       1.        ]), array([0.        , 0.00148518, 0.00647303, 0.00778541, 0.00972166,
       0.01546822, 0.02926422, 0.02926422, 0.02926422, 0.03434103,
       0.03434103, 0.04071342, 0.04786608, 0.04786608, 0.05616759,
       0.05616759, 0.05616759, 0.06628616, 0.07723697, 0.10024631,
       0.10024631, 0.10024631, 0.10024631, 0.10024631, 0.10024631,
       0.10024631, 0.10024631, 0.10024631, 0.10024631, 0.10024631,
       0.10024631, 0.10024631, 0.11980972, 0.11980972, 0.14073852,
       0.14073852, 0.14073852, 0.14073852, 0.16391453, 0.16391453,
       0.1884277 , 0.1884277 , 0.1884277 , 0.21503215, 0.21503215,
       0.2425659 , 0.2425659 , 0.2716595 , 0.30092198, 0.30092198,
       0.30092198, 0.33214799, 0.33214799, 0.33214799, 0.33214799,
       0.36600075, 0.36600075, 0.36600075, 0.36600075, 0.36600075,
       0.36600075, 0.36600075, 0.36600075, 0.36600075, 0.36600075,
       0.36600075, 0.36600075, 0.36600075, 0.36600075, 0.36600075,
       0.40943927, 0.40943927, 0.40943927, 0.40943927, 0.40943927,
       0.45558732, 0.45558732, 0.45558732, 0.45558732, 0.50453058,
       0.50453058, 0.60464552, 0.65509344, 0.65509344, 0.70730013,
       0.70730013, 0.76073029, 0.76073029, 0.76073029, 0.76073029,
       0.76073029, 0.81704017, 0.81704017, 0.81704017, 0.81704017,
       0.81704017, 0.8764293 , 0.8764293 , 0.8764293 , 0.93779066,
       1.        ]), array([0., 0., 0., 0., 0., 0., 0., 0., 0., 0., 0., 0., 0., 0., 0., 0., 0.,
       0., 0., 0., 0., 0., 0., 0., 0., 0., 0., 0., 0., 0., 0., 0., 0., 0.,
       0., 0., 0., 1., 1., 1., 1., 1., 1., 1., 1., 1., 1., 1., 1., 1., 1.,
       1., 1., 1., 1., 1., 1., 1., 1., 1., 1., 1., 1., 1., 1., 1., 1., 1.,
       1., 1., 1., 1., 1., 1., 1., 1., 1., 1., 1., 1., 1., 1., 1., 1., 1.,
       1., 1., 1., 1., 1., 1., 1., 1., 1., 1., 1., 1., 1., 1., 1., 1.])]",0.0603146693253329,0.0826542973017962,0.0366877005710714,0.0415532482179425,"[{'lambda_reg': 7.23219843055383e-05, 'gamma': 0.24479988107381676, 'degree': 2, 'coef0': 1.3282706606257415}, {'lambda_reg': 0.009034116664447802, 'gamma': 0.012710709797901964, 'degree': 6, 'coef0': 1.1706571421269136}, {'lambda_reg': 0.02689321980908489, 'gamma': 1.656782026551219, 'degree': 2, 'coef0': 0.16631311328891396}, {'lambda_reg': 0.006592740486594212, 'gamma': 0.03896349001076525, 'degree': 6, 'coef0': 1.0045721367340998}, {'lambda_reg': 0.011089577637904326, 'gamma': 0.06369848830677832, 'degree': 5, 'coef0': 2.0903392957005855}]",300,3,polynomial,104
"[np.float64(0.11885036135490894), np.float64(0.08765170442332429), np.float64(0.1591141316594955), np.float64(0.10428377211977133), np.float64(0.12562893293028954)]",0.1191057804975579,0.023884454163036,"[np.float64(0.8276072074500392), np.float64(0.8628210435852133), np.float64(0.8187019510296433), np.float64(0.8816434306254167), np.float64(0.841982881657021)]",0.8465513028694666,0.0230282327369275,"[np.float64(0.8834071056916557), np.float64(0.9016283763779247), np.float64(0.8983498161444583), np.float64(0.9079189828334027), np.float64(0.8776040555466252)]",0.8937816673188133,0.0114162092510426,"[array([0.        , 0.25800421, 0.25800421, 0.25800421, 0.30792843,
       0.30792843, 0.32420864, 0.34028928, 0.35623497, 0.40344613,
       0.40344613, 0.41887786, 0.41887786, 0.4339344 , 0.44890787,
       0.44890787, 0.46347306, 0.46347306, 0.46347306, 0.46347306,
       0.46347306, 0.49071255, 0.51785499, 0.51785499, 0.51785499,
       0.51785499, 0.53062425, 0.54334131, 0.54334131, 0.54334131,
       0.55541967, 0.56733394, 0.59106985, 0.59106985, 0.60250887,
       0.61374736, 0.61374736, 0.61374736, 0.61374736, 0.62426655,
       0.63467306, 0.63467306, 0.63467306, 0.63467306, 0.66400775,
       0.67360259, 0.68300819, 0.69227819, 0.70136615, 0.73678718,
       0.73678718, 0.7453184 , 0.77027413, 0.7865635 , 0.80260231,
       0.83398464, 0.83398464, 0.84139997, 0.84879369, 0.84879369,
       0.84879369, 0.84879369, 0.85537559, 0.86184901, 0.87432946,
       0.87432946, 0.88035958, 0.88610016, 0.90850835, 0.9138609 ,
       0.92963071, 0.92963071, 0.93450754, 0.93450754, 0.93914748,
       0.94347516, 0.94776661, 0.94776661, 0.95159362, 0.95902506,
       0.96257094, 0.96922459, 0.96922459, 0.96922459, 0.97206798,
       0.97206798, 0.97461008, 0.97461008, 0.97670679, 0.97864584,
       0.98047547, 0.98047547, 0.98482644, 0.98882878, 0.98882878,
       0.99163263, 0.99404075, 0.99767886, 0.99909841, 1.        ,
       1.        ]), array([0.        , 0.29572885, 0.34733546, 0.36439929, 0.38123136,
       0.39787711, 0.39787711, 0.41416764, 0.41416764, 0.43006404,
       0.43006404, 0.43006404, 0.43006404, 0.43006404, 0.43006404,
       0.43006404, 0.43006404, 0.43006404, 0.43006404, 0.48706677,
       0.48706677, 0.51464199, 0.51464199, 0.52817411, 0.54143691,
       0.54143691, 0.55448251, 0.59297472, 0.60557625, 0.6180484 ,
       0.6180484 , 0.63018465, 0.63018465, 0.64191705, 0.64191705,
       0.64191705, 0.65310059, 0.67523218, 0.6861241 , 0.6861241 ,
       0.69664725, 0.69664725, 0.69664725, 0.70674872, 0.70674872,
       0.70674872, 0.71628889, 0.71628889, 0.72551078, 0.73440549,
       0.74321055, 0.76042586, 0.78559749, 0.78559749, 0.8016571 ,
       0.80964093, 0.83286235, 0.84801804, 0.85538789, 0.87704463,
       0.89108553, 0.89800015, 0.89800015, 0.90459655, 0.90459655,
       0.90459655, 0.90459655, 0.91037435, 0.91037435, 0.91037435,
       0.91576913, 0.92090705, 0.92090705, 0.92090705, 0.92559076,
       0.92559076, 0.92981926, 0.93390015, 0.94985384, 0.94985384,
       0.94985384, 0.95661497, 0.95983286, 0.96887105, 0.97180274,
       0.97180274, 0.97436283, 0.97436283, 0.97655746, 0.98044204,
       0.98044204, 0.98367944, 0.98826399, 0.98956311, 0.99072135,
       0.99267724, 0.99594835, 0.99652782, 0.99818963, 0.99934391,
       1.        ]), array([0.        , 0.27165075, 0.30510889, 0.30510889, 0.32159407,
       0.33784519, 0.35384126, 0.36973821, 0.36973821, 0.38533991,
       0.40079367, 0.41598398, 0.43100797, 0.43100797, 0.43100797,
       0.43100797, 0.43100797, 0.50200196, 0.51602447, 0.52986792,
       0.54357562, 0.54357562, 0.54357562, 0.54357562, 0.55663923,
       0.55663923, 0.56930663, 0.58173848, 0.59411874, 0.59411874,
       0.61804838, 0.61804838, 0.65314996, 0.65314996, 0.66445993,
       0.66445993, 0.66445993, 0.6860089 , 0.69669297, 0.69669297,
       0.69669297, 0.71681234, 0.71681234, 0.71681234, 0.72637063,
       0.7451908 , 0.76369131, 0.77286031, 0.77286031, 0.77286031,
       0.77286031, 0.77286031, 0.78110038, 0.81345484, 0.81345484,
       0.81345484, 0.8362113 , 0.85093792, 0.85811891, 0.85811891,
       0.85811891, 0.86490415, 0.87139294, 0.87139294, 0.87139294,
       0.87139294, 0.87139294, 0.88283689, 0.89381377, 0.89918633,
       0.90440738, 0.90937331, 0.92395648, 0.92856833, 0.9330509 ,
       0.9330509 , 0.93730078, 0.93730078, 0.93730078, 0.94462024,
       0.95498034, 0.96503603, 0.96826503, 0.96826503, 0.97393528,
       0.97393528, 0.97393528, 0.97847389, 0.98267355, 0.98267355,
       0.98446597, 0.98611143, 0.98611143, 0.98980259, 0.99083783,
       0.99183159, 0.99579934, 0.9964338 , 0.99807262, 1.        ,
       1.        ]), array([0.        , 0.19166032, 0.29654397, 0.31726591, 0.31726591,
       0.33762171, 0.35779372, 0.35779372, 0.37758701, 0.39702447,
       0.41631072, 0.43542423, 0.43542423, 0.43542423, 0.43542423,
       0.43542423, 0.43542423, 0.43542423, 0.43542423, 0.43542423,
       0.46974605, 0.48675028, 0.48675028, 0.48675028, 0.50300465,
       0.5352123 , 0.55116216, 0.55116216, 0.5666348 , 0.5666348 ,
       0.58170068, 0.58170068, 0.59623397, 0.59623397, 0.61043048,
       0.61043048, 0.61043048, 0.62385554, 0.62385554, 0.63693258,
       0.64981915, 0.64981915, 0.66235608, 0.67458289, 0.67458289,
       0.68644768, 0.69809606, 0.69809606, 0.69809606, 0.69809606,
       0.69809606, 0.69809606, 0.70840463, 0.70840463, 0.71826167,
       0.71826167, 0.72773852, 0.74632296, 0.76442814, 0.7732147 ,
       0.79061991, 0.79893901, 0.79893901, 0.82298163, 0.83074396,
       0.83074396, 0.85284927, 0.85284927, 0.85284927, 0.87285908,
       0.8794252 , 0.89196043, 0.89196043, 0.89778027, 0.89778027,
       0.89778027, 0.91847885, 0.91847885, 0.93299339, 0.93755975,
       0.93755975, 0.94572552, 0.94572552, 0.94572552, 0.95259207,
       0.95933451, 0.96248016, 0.96525448, 0.97068249, 0.97306305,
       0.9799009 , 0.98199   , 0.98567129, 0.98890749, 0.99023232,
       0.99023232, 0.99121477, 0.99194366, 0.99439373, 0.99859751,
       1.        ]), array([0.        , 0.14627852, 0.14627852, 0.19992312, 0.23533212,
       0.27031179, 0.28770058, 0.28770058, 0.30465642, 0.30465642,
       0.32118739, 0.32118739, 0.32118739, 0.32118739, 0.33706737,
       0.36829799, 0.39926421, 0.39926421, 0.39926421, 0.39926421,
       0.41404153, 0.41404153, 0.41404153, 0.41404153, 0.44207448,
       0.44207448, 0.45565041, 0.48252312, 0.48252312, 0.49557884,
       0.49557884, 0.5465431 , 0.57168947, 0.60871084, 0.62087252,
       0.63293993, 0.64479269, 0.66792615, 0.69084789, 0.70216445,
       0.70216445, 0.70216445, 0.70216445, 0.71267874, 0.71267874,
       0.73301721, 0.75296017, 0.75296017, 0.75296017, 0.7623664 ,
       0.77167796, 0.79901949, 0.79901949, 0.81654457, 0.81654457,
       0.81654457, 0.81654457, 0.81654457, 0.81654457, 0.82419327,
       0.82419327, 0.82419327, 0.83125097, 0.83125097, 0.83125097,
       0.83769311, 0.83769311, 0.85001396, 0.86187416, 0.87346404,
       0.88472529, 0.89006481, 0.89006481, 0.89006481, 0.89489087,
       0.90427953, 0.90879657, 0.91734415, 0.92562455, 0.92960242,
       0.92960242, 0.93325324, 0.94014083, 0.9433415 , 0.9523333 ,
       0.95521037, 0.96055194, 0.96055194, 0.96971669, 0.9718121 ,
       0.97757668, 0.97923288, 0.98228577, 0.98767205, 0.99011187,
       0.99119786, 0.99617659, 0.99951095, 1.        , 1.        ,
       1.        ])]","[array([0.00000000e+00, 4.47934014e-04, 4.47934014e-04, 4.47934014e-04,
       2.10759537e-03, 2.10759537e-03, 2.99906049e-03, 4.07740533e-03,
       5.28213616e-03, 9.48244662e-03, 9.48244662e-03, 1.11684739e-02,
       1.11684739e-02, 1.32058457e-02, 1.53210115e-02, 1.53210115e-02,
       1.78185105e-02, 1.78185105e-02, 1.78185105e-02, 1.78185105e-02,
       1.78185105e-02, 2.45842350e-02, 3.14408404e-02, 3.14408404e-02,
       3.14408404e-02, 3.14408404e-02, 3.56201413e-02, 3.98483198e-02,
       3.98483198e-02, 3.98483198e-02, 4.46746152e-02, 4.96545739e-02,
       5.97012346e-02, 5.97012346e-02, 6.51262423e-02, 7.07390373e-02,
       7.07390373e-02, 7.07390373e-02, 7.07390373e-02, 7.70254143e-02,
       8.34173224e-02, 8.34173224e-02, 8.34173224e-02, 8.34173224e-02,
       1.04358095e-01, 1.11510084e-01, 1.18839295e-01, 1.26295484e-01,
       1.33922146e-01, 1.65300448e-01, 1.65300448e-01, 1.73448470e-01,
       1.98489931e-01, 2.15509911e-01, 2.32764539e-01, 2.67924889e-01,
       2.67924889e-01, 2.77117895e-01, 2.86331130e-01, 2.86331130e-01,
       2.86331130e-01, 2.86331130e-01, 2.96304592e-01, 3.06379646e-01,
       3.26966504e-01, 3.26966504e-01, 3.37456688e-01, 3.48218012e-01,
       3.91782215e-01, 4.02906912e-01, 4.36550542e-01, 4.36550542e-01,
       4.48120724e-01, 4.48120724e-01, 4.59912742e-01, 4.71997183e-01,
       4.84115543e-01, 4.84115543e-01, 4.96668834e-01, 5.21983851e-01,
       5.34800399e-01, 5.60843774e-01, 5.60843774e-01, 5.60843774e-01,
       5.74318175e-01, 5.74318175e-01, 5.88074722e-01, 5.88074722e-01,
       6.02248361e-01, 6.16569626e-01, 6.30993373e-01, 6.30993373e-01,
       6.75330197e-01, 7.19993503e-01, 7.19993503e-01, 7.65779134e-01,
       8.11935347e-01, 9.05351032e-01, 9.52432992e-01, 1.00000000e+00,
       1.00000000e+00]), array([0.00000000e+00, 4.52759466e-04, 1.06505542e-03, 1.39597900e-03,
       1.93934842e-03, 2.65348891e-03, 2.65348891e-03, 3.69323446e-03,
       3.69323446e-03, 5.09423512e-03, 5.09423512e-03, 5.09423512e-03,
       5.09423512e-03, 5.09423512e-03, 5.09423512e-03, 5.09423512e-03,
       5.09423512e-03, 5.09423512e-03, 5.09423512e-03, 1.67321165e-02,
       1.67321165e-02, 2.33999653e-02, 2.33999653e-02, 2.69680722e-02,
       3.07830439e-02, 3.07830439e-02, 3.47970972e-02, 4.74300959e-02,
       5.18511866e-02, 5.63908675e-02, 5.63908675e-02, 6.12384329e-02,
       6.12384329e-02, 6.64561729e-02, 6.64561729e-02, 6.64561729e-02,
       7.21769978e-02, 8.38344930e-02, 8.98226181e-02, 8.98226181e-02,
       9.61487561e-02, 9.61487561e-02, 9.61487561e-02, 1.02861411e-01,
       1.02861411e-01, 1.02861411e-01, 1.10088558e-01, 1.10088558e-01,
       1.17607437e-01, 1.25426208e-01, 1.33327158e-01, 1.49490935e-01,
       1.74333612e-01, 1.74333612e-01, 1.91556716e-01, 2.00210405e-01,
       2.26840658e-01, 2.44892285e-01, 2.54108755e-01, 2.82173194e-01,
       3.01246646e-01, 3.10880376e-01, 3.10880376e-01, 3.20805790e-01,
       3.20805790e-01, 3.20805790e-01, 3.20805790e-01, 3.31481532e-01,
       3.31481532e-01, 3.31481532e-01, 3.42508356e-01, 3.53770614e-01,
       3.53770614e-01, 3.53770614e-01, 3.65449207e-01, 3.65449207e-01,
       3.77545046e-01, 3.89776179e-01, 4.39039748e-01, 4.39039748e-01,
       4.39039748e-01, 4.64785871e-01, 4.77808031e-01, 5.17438682e-01,
       5.30723182e-01, 5.30723182e-01, 5.44348290e-01, 5.44348290e-01,
       5.58308376e-01, 5.86691144e-01, 5.86691144e-01, 6.15667122e-01,
       6.59379994e-01, 6.74160905e-01, 6.89070952e-01, 7.19221573e-01,
       7.80110036e-01, 7.95550583e-01, 8.57914138e-01, 9.20742906e-01,
       1.00000000e+00]), array([0.00000000e+00, 3.41439387e-04, 8.63141788e-04, 8.63141788e-04,
       1.35849076e-03, 2.07888499e-03, 3.04451923e-03, 4.10544957e-03,
       4.10544957e-03, 5.45025703e-03, 6.93732113e-03, 8.67768706e-03,
       1.05779656e-02, 1.05779656e-02, 1.05779656e-02, 1.05779656e-02,
       1.05779656e-02, 2.40464705e-02, 2.69096802e-02, 2.99450485e-02,
       3.31109364e-02, 3.31109364e-02, 3.31109364e-02, 3.31109364e-02,
       3.68961148e-02, 3.68961148e-02, 4.10622538e-02, 4.54548729e-02,
       4.98970985e-02, 4.98970985e-02, 5.95804331e-02, 5.95804331e-02,
       7.48677821e-02, 7.48677821e-02, 8.03390910e-02, 8.03390910e-02,
       8.03390910e-02, 9.23114305e-02, 9.83845339e-02, 9.83845339e-02,
       9.83845339e-02, 1.11731432e-01, 1.11731432e-01, 1.11731432e-01,
       1.18886971e-01, 1.33483056e-01, 1.48386487e-01, 1.55916322e-01,
       1.55916322e-01, 1.55916322e-01, 1.55916322e-01, 1.55916322e-01,
       1.64339334e-01, 1.98613850e-01, 1.98613850e-01, 1.98613850e-01,
       2.25771008e-01, 2.44303023e-01, 2.53744335e-01, 2.53744335e-01,
       2.53744335e-01, 2.63566159e-01, 2.73673016e-01, 2.73673016e-01,
       2.73673016e-01, 2.73673016e-01, 2.73673016e-01, 2.95361313e-01,
       3.17498693e-01, 3.28678807e-01, 3.40004591e-01, 3.51575679e-01,
       3.86591432e-01, 3.98502965e-01, 4.10538798e-01, 4.10538798e-01,
       4.22798371e-01, 4.22798371e-01, 4.22798371e-01, 4.48452350e-01,
       4.87528580e-01, 5.26897505e-01, 5.40138643e-01, 5.40138643e-01,
       5.67378340e-01, 5.67378340e-01, 5.67378340e-01, 5.95706111e-01,
       6.24359774e-01, 6.24359774e-01, 6.38982181e-01, 6.53745890e-01,
       6.53745890e-01, 6.99234296e-01, 7.14584735e-01, 7.29975048e-01,
       8.07889146e-01, 8.23624925e-01, 8.87432469e-01, 1.00000000e+00,
       1.00000000e+00]), array([0.00000000e+00, 5.74209064e-05, 1.11350538e-03, 1.48839611e-03,
       1.48839611e-03, 2.09849870e-03, 2.82667191e-03, 2.82667191e-03,
       3.79812838e-03, 4.99817262e-03, 6.29535349e-03, 7.70349997e-03,
       7.70349997e-03, 7.70349997e-03, 7.70349997e-03, 7.70349997e-03,
       7.70349997e-03, 7.70349997e-03, 7.70349997e-03, 7.70349997e-03,
       1.30284960e-02, 1.57916463e-02, 1.57916463e-02, 1.57916463e-02,
       1.90365070e-02, 2.57196491e-02, 2.91601247e-02, 2.91601247e-02,
       3.29071719e-02, 3.29071719e-02, 3.69155169e-02, 3.69155169e-02,
       4.12659963e-02, 4.12659963e-02, 4.58328263e-02, 4.58328263e-02,
       4.58328263e-02, 5.08952359e-02, 5.08952359e-02, 5.61812125e-02,
       6.15895462e-02, 6.15895462e-02, 6.72224874e-02, 7.30546556e-02,
       7.30546556e-02, 7.91193806e-02, 8.53231285e-02, 8.53231285e-02,
       8.53231285e-02, 8.53231285e-02, 8.53231285e-02, 8.53231285e-02,
       9.23875712e-02, 9.23875712e-02, 9.97420761e-02, 9.97420761e-02,
       1.07340815e-01, 1.22775502e-01, 1.38518068e-01, 1.46560245e-01,
       1.62752472e-01, 1.71094951e-01, 1.71094951e-01, 1.96709970e-01,
       2.05410119e-01, 2.05410119e-01, 2.32269667e-01, 2.32269667e-01,
       2.32269667e-01, 2.60475362e-01, 2.69943952e-01, 2.89264658e-01,
       2.89264658e-01, 2.99212655e-01, 2.99212655e-01, 2.99212655e-01,
       3.40662553e-01, 3.40662553e-01, 3.72398415e-01, 3.83151650e-01,
       3.83151650e-01, 4.05279290e-01, 4.05279290e-01, 4.05279290e-01,
       4.28241549e-01, 4.51283541e-01, 4.62949440e-01, 4.74853882e-01,
       4.98740262e-01, 5.10897660e-01, 5.47565024e-01, 5.59909647e-01,
       5.84918121e-01, 6.10212519e-01, 6.23048111e-01, 6.23048111e-01,
       6.36103650e-01, 6.49322081e-01, 7.16181487e-01, 8.91407631e-01,
       1.00000000e+00]), array([0.00000000e+00, 2.51502051e-04, 2.51502051e-04, 1.35512007e-03,
       2.38623018e-03, 3.77551107e-03, 4.55444801e-03, 4.55444801e-03,
       5.69456796e-03, 5.69456796e-03, 7.18912714e-03, 7.18912714e-03,
       7.18912714e-03, 7.18912714e-03, 9.22676929e-03, 1.37436436e-02,
       1.84810920e-02, 1.84810920e-02, 1.84810920e-02, 1.84810920e-02,
       2.14386131e-02, 2.14386131e-02, 2.14386131e-02, 2.14386131e-02,
       2.86231015e-02, 2.86231015e-02, 3.25828675e-02, 4.07352773e-02,
       4.07352773e-02, 4.51290222e-02, 4.51290222e-02, 6.37539798e-02,
       7.33465637e-02, 8.83178868e-02, 9.34574732e-02, 9.86757032e-02,
       1.04073002e-01, 1.15344822e-01, 1.26793281e-01, 1.32637895e-01,
       1.32637895e-01, 1.32637895e-01, 1.32637895e-01, 1.39151790e-01,
       1.39151790e-01, 1.52755300e-01, 1.66688765e-01, 1.66688765e-01,
       1.66688765e-01, 1.74127049e-01, 1.81644308e-01, 2.04690921e-01,
       2.04690921e-01, 2.20641467e-01, 2.20641467e-01, 2.20641467e-01,
       2.20641467e-01, 2.20641467e-01, 2.20641467e-01, 2.29545945e-01,
       2.29545945e-01, 2.29545945e-01, 2.38943461e-01, 2.38943461e-01,
       2.38943461e-01, 2.48854494e-01, 2.48854494e-01, 2.69146599e-01,
       2.89823004e-01, 3.10724916e-01, 3.31900977e-01, 3.42731864e-01,
       3.42731864e-01, 3.42731864e-01, 3.53991095e-01, 3.76729344e-01,
       3.88246369e-01, 4.11686278e-01, 4.35349085e-01, 4.47315900e-01,
       4.47315900e-01, 4.59555562e-01, 4.84380299e-01, 4.96995492e-01,
       5.35350129e-01, 5.48235273e-01, 5.74349762e-01, 5.74349762e-01,
       6.27845419e-01, 6.41382657e-01, 6.82429558e-01, 6.96333206e-01,
       7.24356993e-01, 7.81004796e-01, 8.09540022e-01, 8.23919358e-01,
       9.11477775e-01, 9.85122677e-01, 1.00000000e+00, 1.00000000e+00,
       1.00000000e+00])]",0.0031354560066978,0.0125933897952284,0.0194181354781284,0.0030755553351804,"[{'lambda_reg': 0.29422626869258306, 'gamma': 0.25696074039432115}, {'lambda_reg': 2.900687199077078e-05, 'gamma': 0.0011842880582041129}, {'lambda_reg': 0.25676286897679645, 'gamma': 0.49013202744790263}, {'lambda_reg': 0.001634204539009027, 'gamma': 0.004529224508287628}, {'lambda_reg': 0.5880158252327976, 'gamma': 0.4049611416689344}]",600,2,laplacian,114
"[np.float64(0.10013410716697735), np.float64(0.04700435874934625), np.float64(0.08113618706750483), np.float64(0.12456904937212784), np.float64(0.11425508040429273)]",0.0934197565520498,0.0274034556210119,"[np.float64(0.8067411517287354), np.float64(0.8099141903479832), np.float64(0.7494435480963477), np.float64(0.7242409908447106), np.float64(0.8614904455201728)]",0.7903660653075899,0.048489438017252,"[np.float64(0.9088297962931772), np.float64(0.9172563059981002), np.float64(0.9176897277305816), np.float64(0.9374722559913362), np.float64(0.9331815630947564)]",0.92288592982159,0.0107240761463067,"[array([0.        , 0.        , 0.05809013, 0.23148282, 0.28869705,
       0.37366397, 0.37366397, 0.4568496 , 0.4568496 , 0.48399267,
       0.48399267, 0.51049956, 0.51049956, 0.51049956, 0.56167994,
       0.56167994, 0.58657176, 0.61118289, 0.65981175, 0.65981175,
       0.68376449, 0.68376449, 0.68376449, 0.68376449, 0.68376449,
       0.68376449, 0.70596203, 0.70596203, 0.70596203, 0.70596203,
       0.70596203, 0.70596203, 0.70596203, 0.72609015, 0.76552223,
       0.78501814, 0.78501814, 0.78501814, 0.78501814, 0.78501814,
       0.78501814, 0.80254022, 0.80254022, 0.81956635, 0.81956635,
       0.81956635, 0.81956635, 0.83527446, 0.85094796, 0.85094796,
       0.85094796, 0.85094796, 0.85094796, 0.85094796, 0.87841182,
       0.87841182, 0.87841182, 0.87841182, 0.87841182, 0.87841182,
       0.89042294, 0.89042294, 0.90178629, 0.90178629, 0.91273373,
       0.92334301, 0.92334301, 0.92334301, 0.92334301, 0.92334301,
       0.93242167, 0.93242167, 0.93242167, 0.94870846, 0.96457502,
       0.96457502, 0.96457502, 0.96457502, 0.97117754, 0.97117754,
       0.97712726, 0.97712726, 0.97712726, 0.98222909, 0.98222909,
       0.98222909, 0.98652722, 0.98652722, 0.98652722, 0.9899862 ,
       0.99312264, 0.99312264, 0.99312264, 0.9954416 , 0.9954416 ,
       0.9954416 , 0.99804298, 0.99804298, 0.99889737, 0.99986279,
       1.        ]), array([0.        , 0.        , 0.02857551, 0.08525743, 0.22567545,
       0.28153526, 0.30918775, 0.36365156, 0.44466429, 0.44466429,
       0.47095234, 0.52295779, 0.52295779, 0.57409888, 0.57409888,
       0.6489982 , 0.6489982 , 0.69750267, 0.69750267, 0.72119218,
       0.72119218, 0.72119218, 0.72119218, 0.72119218, 0.74343102,
       0.74343102, 0.7651739 , 0.7651739 , 0.7651739 , 0.7651739 ,
       0.7651739 , 0.7651739 , 0.7651739 , 0.78481674, 0.78481674,
       0.78481674, 0.78481674, 0.78481674, 0.78481674, 0.80259221,
       0.80259221, 0.81997847, 0.81997847, 0.83660375, 0.86941055,
       0.86941055, 0.88538653, 0.88538653, 0.900759  , 0.91583843,
       0.91583843, 0.91583843, 0.91583843, 0.91583843, 0.92933388,
       0.92933388, 0.92933388, 0.92933388, 0.92933388, 0.92933388,
       0.94105973, 0.94105973, 0.94105973, 0.94105973, 0.94105973,
       0.94105973, 0.9510969 , 0.9510969 , 0.9510969 , 0.9510969 ,
       0.9510969 , 0.9510969 , 0.95948613, 0.95948613, 0.96724471,
       0.96724471, 0.97450463, 0.97450463, 0.97450463, 0.97450463,
       0.97450463, 0.98004372, 0.98004372, 0.98004372, 0.98004372,
       0.98004372, 0.98004372, 0.98004372, 0.98364207, 0.98364207,
       0.98682619, 0.98953312, 0.98953312, 0.98953312, 0.99523446,
       0.99677032, 0.99922089, 0.99922089, 0.99980727, 0.99980727,
       1.        ]), array([0.        , 0.        , 0.11789834, 0.26430051, 0.3225315 ,
       0.35110068, 0.40786933, 0.46394422, 0.46394422, 0.5187826 ,
       0.5187826 , 0.5187826 , 0.54536029, 0.54536029, 0.54536029,
       0.54536029, 0.54536029, 0.64552841, 0.64552841, 0.64552841,
       0.64552841, 0.66947981, 0.66947981, 0.66947981, 0.69249626,
       0.69249626, 0.69249626, 0.71451916, 0.71451916, 0.71451916,
       0.71451916, 0.71451916, 0.73514693, 0.75540743, 0.77551932,
       0.77551932, 0.79491271, 0.79491271, 0.79491271, 0.81338227,
       0.81338227, 0.81338227, 0.81338227, 0.81338227, 0.81338227,
       0.81338227, 0.82987694, 0.82987694, 0.82987694, 0.84520578,
       0.84520578, 0.85992689, 0.85992689, 0.85992689, 0.85992689,
       0.87370862, 0.88696679, 0.90011267, 0.91275958, 0.92507132,
       0.92507132, 0.92507132, 0.92507132, 0.92507132, 0.92507132,
       0.92507132, 0.92507132, 0.93504475, 0.94493112, 0.95445676,
       0.96370076, 0.96370076, 0.96370076, 0.97192638, 0.97192638,
       0.97192638, 0.97192638, 0.97192638, 0.97882507, 0.97882507,
       0.97882507, 0.97882507, 0.98447002, 0.98447002, 0.98447002,
       0.98447002, 0.98447002, 0.98447002, 0.98823742, 0.99519952,
       0.99519952, 0.99519952, 0.99519952, 0.99519952, 0.99519952,
       0.99519952, 0.99641318, 0.99750878, 0.9990926 , 0.99956567,
       1.        ]), array([0.        , 0.        , 0.03398544, 0.03398544, 0.2337014 ,
       0.33286354, 0.39808665, 0.39808665, 0.4301642 , 0.4301642 ,
       0.52395224, 0.55486285, 0.55486285, 0.55486285, 0.55486285,
       0.55486285, 0.55486285, 0.55486285, 0.55486285, 0.61115731,
       0.61115731, 0.63846319, 0.63846319, 0.6653699 , 0.6653699 ,
       0.6653699 , 0.6653699 , 0.6653699 , 0.6653699 , 0.71457268,
       0.71457268, 0.76264541, 0.80988108, 0.80988108, 0.80988108,
       0.85503176, 0.85503176, 0.85503176, 0.85503176, 0.85503176,
       0.85503176, 0.8756034 , 0.89579084, 0.89579084, 0.89579084,
       0.89579084, 0.89579084, 0.89579084, 0.89579084, 0.89579084,
       0.91315919, 0.91315919, 0.91315919, 0.91315919, 0.91315919,
       0.91315919, 0.91315919, 0.91315919, 0.91315919, 0.91315919,
       0.92721982, 0.92721982, 0.92721982, 0.92721982, 0.92721982,
       0.92721982, 0.93905872, 0.95060871, 0.95060871, 0.96134742,
       0.96134742, 0.96134742, 0.96134742, 0.96134742, 0.96134742,
       0.96134742, 0.96134742, 0.96134742, 0.96926043, 0.96926043,
       0.96926043, 0.96926043, 0.96926043, 0.96926043, 0.97507528,
       0.9802626 , 0.98515111, 0.98515111, 0.98515111, 0.98907097,
       0.98907097, 0.98907097, 0.98907097, 0.98907097, 0.99139871,
       0.99323769, 0.99489725, 0.99610835, 0.99787313, 0.99939106,
       1.        ]), array([0.        , 0.        , 0.        , 0.07528087, 0.1125442 ,
       0.14927329, 0.29554241, 0.43982314, 0.4755806 , 0.54624525,
       0.54624525, 0.54624525, 0.54624525, 0.57994999, 0.57994999,
       0.6131703 , 0.6131703 , 0.6131703 , 0.6131703 , 0.64457881,
       0.64457881, 0.67526508, 0.67526508, 0.67526508, 0.67526508,
       0.67526508, 0.67526508, 0.67526508, 0.67526508, 0.67526508,
       0.67526508, 0.70213311, 0.72869079, 0.72869079, 0.72869079,
       0.72869079, 0.75380963, 0.75380963, 0.75380963, 0.75380963,
       0.75380963, 0.77680914, 0.77680914, 0.77680914, 0.7986699 ,
       0.7986699 , 0.7986699 , 0.7986699 , 0.7986699 , 0.8185549 ,
       0.83803807, 0.85724384, 0.87592256, 0.87592256, 0.89382905,
       0.89382905, 0.89382905, 0.89382905, 0.89382905, 0.89382905,
       0.89382905, 0.89382905, 0.89382905, 0.89382905, 0.89382905,
       0.89382905, 0.90734741, 0.90734741, 0.90734741, 0.90734741,
       0.90734741, 0.90734741, 0.90734741, 0.90734741, 0.91765834,
       0.91765834, 0.92707217, 0.94511844, 0.94511844, 0.94511844,
       0.95316843, 0.95316843, 0.95316843, 0.95316843, 0.95945241,
       0.95945241, 0.95945241, 0.95945241, 0.96439997, 0.96439997,
       0.97248428, 0.98336053, 0.98336053, 0.98639737, 0.98639737,
       0.98858538, 0.99019565, 0.99307194, 0.99697614, 0.99911818,
       1.        ])]","[array([0.        , 0.        , 0.00145806, 0.00696228, 0.00954808,
       0.01452689, 0.01452689, 0.02179918, 0.02179918, 0.02497709,
       0.02497709, 0.02897411, 0.02897411, 0.02897411, 0.03932872,
       0.03932872, 0.0454052 , 0.05184307, 0.06548286, 0.06548286,
       0.07276845, 0.07276845, 0.07276845, 0.07276845, 0.07276845,
       0.07276845, 0.08231391, 0.08231391, 0.08231391, 0.08231391,
       0.08231391, 0.08231391, 0.08231391, 0.09452382, 0.1200048 ,
       0.13302871, 0.13302871, 0.13302871, 0.13302871, 0.13302871,
       0.13302871, 0.148594  , 0.148594  , 0.16479785, 0.16479785,
       0.16479785, 0.16479785, 0.18269869, 0.20064409, 0.20064409,
       0.20064409, 0.20064409, 0.20064409, 0.20064409, 0.24153459,
       0.24153459, 0.24153459, 0.24153459, 0.24153459, 0.24153459,
       0.26419544, 0.26419544, 0.28769032, 0.28769032, 0.31172071,
       0.33618648, 0.33618648, 0.33618648, 0.33618648, 0.33618648,
       0.36262298, 0.36262298, 0.36262298, 0.41790436, 0.4737268 ,
       0.4737268 , 0.4737268 , 0.4737268 , 0.50335144, 0.50335144,
       0.53381656, 0.53381656, 0.53381656, 0.56537337, 0.56537337,
       0.56537337, 0.59796498, 0.59796498, 0.59796498, 0.63163704,
       0.66572436, 0.66572436, 0.66572436, 0.70086423, 0.70086423,
       0.70086423, 0.77376608, 0.77376608, 0.81079163, 0.88579984,
       1.        ]), array([0.00000000e+00, 0.00000000e+00, 7.28351155e-04, 2.81286620e-03,
       9.74633173e-03, 1.29311170e-02, 1.48948015e-02, 1.99479505e-02,
       2.84417516e-02, 2.84417516e-02, 3.22315418e-02, 4.05748560e-02,
       4.05748560e-02, 5.00749935e-02, 5.00749935e-02, 6.67507368e-02,
       6.67507368e-02, 7.97796306e-02, 7.97796306e-02, 8.70472048e-02,
       8.70472048e-02, 8.70472048e-02, 8.70472048e-02, 8.70472048e-02,
       9.62562976e-02, 9.62562976e-02, 1.06129167e-01, 1.06129167e-01,
       1.06129167e-01, 1.06129167e-01, 1.06129167e-01, 1.06129167e-01,
       1.06129167e-01, 1.18812638e-01, 1.18812638e-01, 1.18812638e-01,
       1.18812638e-01, 1.18812638e-01, 1.18812638e-01, 1.33995322e-01,
       1.33995322e-01, 1.49698923e-01, 1.49698923e-01, 1.66420976e-01,
       2.00458997e-01, 2.00458997e-01, 2.18050057e-01, 2.18050057e-01,
       2.36448826e-01, 2.55239775e-01, 2.55239775e-01, 2.55239775e-01,
       2.55239775e-01, 2.55239775e-01, 2.76150682e-01, 2.76150682e-01,
       2.76150682e-01, 2.76150682e-01, 2.76150682e-01, 2.76150682e-01,
       2.99429930e-01, 2.99429930e-01, 2.99429930e-01, 2.99429930e-01,
       2.99429930e-01, 2.99429930e-01, 3.24969260e-01, 3.24969260e-01,
       3.24969260e-01, 3.24969260e-01, 3.24969260e-01, 3.24969260e-01,
       3.52714119e-01, 3.52714119e-01, 3.81303005e-01, 3.81303005e-01,
       4.10559297e-01, 4.10559297e-01, 4.10559297e-01, 4.10559297e-01,
       4.10559297e-01, 4.42118668e-01, 4.42118668e-01, 4.42118668e-01,
       4.42118668e-01, 4.42118668e-01, 4.42118668e-01, 4.42118668e-01,
       4.76275442e-01, 4.76275442e-01, 5.10986616e-01, 5.46336439e-01,
       5.46336439e-01, 5.46336439e-01, 6.55623995e-01, 6.92541122e-01,
       7.67206714e-01, 7.67206714e-01, 8.05394606e-01, 8.05394606e-01,
       1.00000000e+00]), array([0.        , 0.        , 0.00272501, 0.00734284, 0.00960169,
       0.01141297, 0.01549695, 0.0204468 , 0.0204468 , 0.02693994,
       0.02693994, 0.02693994, 0.03123677, 0.03123677, 0.03123677,
       0.03123677, 0.03123677, 0.05609066, 0.05609066, 0.05609066,
       0.05609066, 0.06366534, 0.06366534, 0.06366534, 0.07240691,
       0.07240691, 0.07240691, 0.08238852, 0.08238852, 0.08238852,
       0.08238852, 0.08238852, 0.09411138, 0.10629263, 0.11865934,
       0.11865934, 0.13192282, 0.13192282, 0.13192282, 0.14633931,
       0.14633931, 0.14633931, 0.14633931, 0.14633931, 0.14633931,
       0.14633931, 0.16322065, 0.16322065, 0.16322065, 0.18155704,
       0.18155704, 0.20065194, 0.20065194, 0.20065194, 0.20065194,
       0.22091926, 0.24184004, 0.26290095, 0.28458463, 0.30668663,
       0.30668663, 0.30668663, 0.30668663, 0.30668663, 0.30668663,
       0.30668663, 0.30668663, 0.33170705, 0.35683613, 0.38241542,
       0.40834624, 0.40834624, 0.40834624, 0.43554808, 0.43554808,
       0.43554808, 0.43554808, 0.43554808, 0.46440605, 0.46440605,
       0.46440605, 0.46440605, 0.49482879, 0.49482879, 0.49482879,
       0.49482879, 0.49482879, 0.49482879, 0.52759489, 0.59384186,
       0.59384186, 0.59384186, 0.59384186, 0.59384186, 0.59384186,
       0.59384186, 0.62979524, 0.66589598, 0.73885551, 0.77573323,
       1.        ]), array([0.00000000e+00, 0.00000000e+00, 5.01804030e-04, 5.01804030e-04,
       7.42966998e-03, 1.15430855e-02, 1.51113826e-02, 1.51113826e-02,
       1.73939584e-02, 1.73939584e-02, 2.65234116e-02, 2.98951687e-02,
       2.98951687e-02, 2.98951687e-02, 2.98951687e-02, 2.98951687e-02,
       2.98951687e-02, 2.98951687e-02, 2.98951687e-02, 4.17972195e-02,
       4.17972195e-02, 4.85335451e-02, 4.85335451e-02, 5.56424370e-02,
       5.56424370e-02, 5.56424370e-02, 5.56424370e-02, 5.56424370e-02,
       5.56424370e-02, 7.41636668e-02, 7.41636668e-02, 9.37396458e-02,
       1.14096925e-01, 1.14096925e-01, 1.14096925e-01, 1.36400276e-01,
       1.36400276e-01, 1.36400276e-01, 1.36400276e-01, 1.36400276e-01,
       1.36400276e-01, 1.49422145e-01, 1.62802616e-01, 1.62802616e-01,
       1.62802616e-01, 1.62802616e-01, 1.62802616e-01, 1.62802616e-01,
       1.62802616e-01, 1.62802616e-01, 1.78814354e-01, 1.78814354e-01,
       1.78814354e-01, 1.78814354e-01, 1.78814354e-01, 1.78814354e-01,
       1.78814354e-01, 1.78814354e-01, 1.78814354e-01, 1.78814354e-01,
       1.97913427e-01, 1.97913427e-01, 1.97913427e-01, 1.97913427e-01,
       1.97913427e-01, 1.97913427e-01, 2.19086195e-01, 2.40528630e-01,
       2.40528630e-01, 2.62728280e-01, 2.62728280e-01, 2.62728280e-01,
       2.62728280e-01, 2.62728280e-01, 2.62728280e-01, 2.62728280e-01,
       2.62728280e-01, 2.62728280e-01, 2.87565376e-01, 2.87565376e-01,
       2.87565376e-01, 2.87565376e-01, 2.87565376e-01, 2.87565376e-01,
       3.14360829e-01, 3.41741994e-01, 3.69402075e-01, 3.69402075e-01,
       3.69402075e-01, 3.97966256e-01, 3.97966256e-01, 3.97966256e-01,
       3.97966256e-01, 3.97966256e-01, 4.28016479e-01, 4.58522899e-01,
       4.89196792e-01, 5.20289252e-01, 5.83087807e-01, 6.78339628e-01,
       1.00000000e+00]), array([0.        , 0.        , 0.        , 0.0015336 , 0.00258629,
       0.00404396, 0.01036534, 0.01819407, 0.02038833, 0.02542141,
       0.02542141, 0.02542141, 0.02542141, 0.0291718 , 0.0291718 ,
       0.03328942, 0.03328942, 0.03328942, 0.03328942, 0.03878055,
       0.03878055, 0.04481918, 0.04481918, 0.04481918, 0.04481918,
       0.04481918, 0.04481918, 0.04481918, 0.04481918, 0.04481918,
       0.04481918, 0.05375236, 0.06292082, 0.06292082, 0.06292082,
       0.06292082, 0.07318003, 0.07318003, 0.07318003, 0.07318003,
       0.07318003, 0.08504587, 0.08504587, 0.08504587, 0.09777499,
       0.09777499, 0.09777499, 0.09777499, 0.09777499, 0.11200189,
       0.12653341, 0.14127522, 0.15641659, 0.15641659, 0.17214336,
       0.17214336, 0.17214336, 0.17214336, 0.17214336, 0.17214336,
       0.17214336, 0.17214336, 0.17214336, 0.17214336, 0.17214336,
       0.17214336, 0.19119671, 0.19119671, 0.19119671, 0.19119671,
       0.19119671, 0.19119671, 0.19119671, 0.19119671, 0.21268156,
       0.21268156, 0.23484648, 0.27976868, 0.27976868, 0.27976868,
       0.3029675 , 0.3029675 , 0.3029675 , 0.3029675 , 0.32750512,
       0.32750512, 0.32750512, 0.32750512, 0.35305584, 0.35305584,
       0.40553004, 0.4851891 , 0.4851891 , 0.51218831, 0.51218831,
       0.53983101, 0.56791168, 0.62433399, 0.73857984, 0.85416155,
       1.        ])]",0.0068111114607629,0.0178521588768309,0.0061956241763277,0.0011114825076491,"[{'lambda_reg': 0.0002763806745071441, 'gamma': 0.005144202644677727}, {'lambda_reg': 0.00023361274106034643, 'gamma': 0.003383542072787869}, {'lambda_reg': 0.00035020049259938636, 'gamma': 0.005203074176768037}, {'lambda_reg': 0.00015029735571310814, 'gamma': 0.02556393370130886}, {'lambda_reg': 0.007826610823011013, 'gamma': 0.017309478496344326}]",300,1,cauchy,88
"[np.float64(0.10022489705411458), np.float64(0.04396106929834721), np.float64(0.08166524101826403), np.float64(0.12130974314654877), np.float64(0.10715747222187576)]",0.09086368454783,0.0267003707133775,"[np.float64(0.8060318007685804), np.float64(0.7681639799677734), np.float64(0.747772882652961), np.float64(0.7286528102136527), np.float64(0.8590273608932587)]",0.7819297668992453,0.0463024206305449,"[np.float64(0.9091260427617306), np.float64(0.9340120714920802), np.float64(0.9181055367678178), np.float64(0.9297934084471333), np.float64(0.9433347572773374)]",0.92687436334922,0.0120192135630923,"[array([0.        , 0.        , 0.05813885, 0.23164793, 0.31747891,
       0.37408557, 0.40194258, 0.4574532 , 0.4574532 , 0.48458264,
       0.48458264, 0.51108223, 0.51108223, 0.51108223, 0.56227762,
       0.56227762, 0.56227762, 0.58712722, 0.61169159, 0.66021599,
       0.68414923, 0.68414923, 0.68414923, 0.68414923, 0.68414923,
       0.68414923, 0.706307  , 0.706307  , 0.706307  , 0.706307  ,
       0.706307  , 0.706307  , 0.706307  , 0.72641733, 0.76580323,
       0.78528624, 0.78528624, 0.78528624, 0.78528624, 0.78528624,
       0.78528624, 0.80278959, 0.80278959, 0.81975726, 0.81975726,
       0.81975726, 0.81975726, 0.81975726, 0.8511321 , 0.8511321 ,
       0.8511321 , 0.8511321 , 0.8511321 , 0.8511321 , 0.8785989 ,
       0.8785989 , 0.8785989 , 0.8785989 , 0.8785989 , 0.8785989 ,
       0.89062724, 0.89062724, 0.90200077, 0.91299234, 0.91299234,
       0.92364383, 0.92364383, 0.92364383, 0.92364383, 0.92364383,
       0.93272422, 0.93272422, 0.93272422, 0.95709522, 0.96491195,
       0.96491195, 0.96491195, 0.96491195, 0.97153301, 0.97153301,
       0.9775358 , 0.9775358 , 0.9775358 , 0.98261099, 0.98261099,
       0.98261099, 0.98694534, 0.98694534, 0.98694534, 0.98694534,
       0.99330742, 0.99330742, 0.99330742, 0.9956467 , 0.9956467 ,
       0.9956467 , 0.99818232, 0.99818232, 0.99902885, 0.99988446,
       1.        ]), array([0.        , 0.05696416, 0.05696416, 0.08471479, 0.11233397,
       0.13952753, 0.27462215, 0.40840894, 0.46132772, 0.56595481,
       0.61755095, 0.69432037, 0.71974252, 0.71974252, 0.74436001,
       0.74436001, 0.74436001, 0.76833544, 0.79206275, 0.79206275,
       0.79206275, 0.79206275, 0.79206275, 0.81419145, 0.81419145,
       0.81419145, 0.81419145, 0.81419145, 0.81419145, 0.81419145,
       0.81419145, 0.81419145, 0.81419145, 0.81419145, 0.81419145,
       0.85175353, 0.85175353, 0.8882349 , 0.8882349 , 0.8882349 ,
       0.90554994, 0.92262232, 0.92262232, 0.92262232, 0.92262232,
       0.92262232, 0.92262232, 0.92262232, 0.92262232, 0.9373279 ,
       0.9373279 , 0.9373279 , 0.9373279 , 0.9373279 , 0.9373279 ,
       0.9373279 , 0.9373279 , 0.94972096, 0.94972096, 0.94972096,
       0.94972096, 0.9609264 , 0.9609264 , 0.9609264 , 0.9609264 ,
       0.9609264 , 0.9609264 , 0.97040897, 0.97040897, 0.97040897,
       0.97040897, 0.97040897, 0.97040897, 0.97040897, 0.97040897,
       0.97040897, 0.98437449, 0.98437449, 0.98437449, 0.98437449,
       0.98437449, 0.98437449, 0.98437449, 0.98437449, 0.98437449,
       0.98437449, 0.98437449, 0.98437449, 0.98786315, 0.99110759,
       0.99110759, 0.99110759, 0.99582408, 0.99582408, 0.99768256,
       0.99768256, 0.99768256, 0.99768256, 0.99904935, 0.99945292,
       1.        ]), array([0.        , 0.        , 0.08843622, 0.32256253, 0.32256253,
       0.37979755, 0.4081878 , 0.49247858, 0.49247858, 0.49247858,
       0.51979165, 0.51979165, 0.51979165, 0.54618334, 0.54618334,
       0.54618334, 0.5715922 , 0.59650975, 0.64615815, 0.67075964,
       0.67075964, 0.67075964, 0.67075964, 0.67075964, 0.67075964,
       0.67075964, 0.67075964, 0.71475689, 0.71475689, 0.71475689,
       0.71475689, 0.71475689, 0.73535315, 0.75561919, 0.77565112,
       0.77565112, 0.77565112, 0.79485665, 0.79485665, 0.79485665,
       0.81309948, 0.81309948, 0.81309948, 0.81309948, 0.81309948,
       0.81309948, 0.82956839, 0.82956839, 0.82956839, 0.82956839,
       0.84483923, 0.84483923, 0.85939307, 0.85939307, 0.87347652,
       0.88711053, 0.88711053, 0.91309977, 0.91309977, 0.91309977,
       0.92529238, 0.92529238, 0.92529238, 0.92529238, 0.92529238,
       0.92529238, 0.92529238, 0.93521744, 0.94504927, 0.95450045,
       0.96372586, 0.96372586, 0.96372586, 0.97190318, 0.97190318,
       0.97190318, 0.97190318, 0.97884574, 0.97884574, 0.97884574,
       0.97884574, 0.97884574, 0.98448812, 0.98448812, 0.98448812,
       0.98448812, 0.98448812, 0.98448812, 0.98827702, 0.9952772 ,
       0.9952772 , 0.9952772 , 0.9952772 , 0.9952772 , 0.9952772 ,
       0.9952772 , 0.99650359, 0.9976078 , 0.99918527, 0.99965519,
       1.        ]), array([0.        , 0.        , 0.03401418, 0.06764187, 0.26813548,
       0.36719414, 0.36719414, 0.36719414, 0.36719414, 0.36719414,
       0.39842369, 0.4293761 , 0.4293761 , 0.45973804, 0.48981268,
       0.48981268, 0.51915082, 0.54806736, 0.57645119, 0.57645119,
       0.57645119, 0.57645119, 0.60364522, 0.63056028, 0.63056028,
       0.63056028, 0.63056028, 0.65607773, 0.65607773, 0.7055736 ,
       0.7055736 , 0.7055736 , 0.7294217 , 0.77589401, 0.79891857,
       0.8442548 , 0.8442548 , 0.8442548 , 0.8442548 , 0.8442548 ,
       0.86521826, 0.88596552, 0.88596552, 0.88596552, 0.88596552,
       0.88596552, 0.88596552, 0.88596552, 0.90415065, 0.90415065,
       0.90415065, 0.90415065, 0.90415065, 0.90415065, 0.90415065,
       0.90415065, 0.90415065, 0.90415065, 0.90415065, 0.90415065,
       0.90415065, 0.90415065, 0.93089105, 0.93089105, 0.93089105,
       0.95538865, 0.95538865, 0.95538865, 0.95538865, 0.95538865,
       0.95538865, 0.95538865, 0.95538865, 0.95538865, 0.95538865,
       0.95538865, 0.96370467, 0.96370467, 0.96370467, 0.96370467,
       0.96370467, 0.97040462, 0.97040462, 0.97040462, 0.97604627,
       0.98133417, 0.98133417, 0.98133417, 0.98556097, 0.98556097,
       0.98556097, 0.98556097, 0.98556097, 0.99084161, 0.99314684,
       0.99314684, 0.99454166, 0.99697829, 0.99772967, 0.99941254,
       1.        ]), array([0.        , 0.        , 0.        , 0.077211  , 0.19189274,
       0.26735315, 0.37972519, 0.4537641 , 0.49043102, 0.52659435,
       0.52659435, 0.52659435, 0.56139116, 0.59591874, 0.63021513,
       0.63021513, 0.63021513, 0.63021513, 0.63021513, 0.66258115,
       0.66258115, 0.69420004, 0.69420004, 0.69420004, 0.69420004,
       0.69420004, 0.69420004, 0.69420004, 0.69420004, 0.69420004,
       0.72216908, 0.72216908, 0.74918186, 0.74918186, 0.74918186,
       0.74918186, 0.7746957 , 0.7746957 , 0.7746957 , 0.7746957 ,
       0.7746957 , 0.7746957 , 0.79786703, 0.79786703, 0.79786703,
       0.8199826 , 0.8199826 , 0.8199826 , 0.8199826 , 0.8199826 ,
       0.84003108, 0.85949645, 0.85949645, 0.85949645, 0.85949645,
       0.87752198, 0.89502184, 0.89502184, 0.89502184, 0.89502184,
       0.91096898, 0.91096898, 0.91096898, 0.91096898, 0.91096898,
       0.91096898, 0.91096898, 0.91096898, 0.92400482, 0.92400482,
       0.92400482, 0.92400482, 0.92400482, 0.92400482, 0.92400482,
       0.92400482, 0.92400482, 0.92400482, 0.94149352, 0.95820455,
       0.95820455, 0.95820455, 0.96565235, 0.96565235, 0.96565235,
       0.96565235, 0.97125188, 0.97125188, 0.97125188, 0.97125188,
       0.97531942, 0.97531942, 0.98213612, 0.98524122, 0.9905026 ,
       0.99259169, 0.99426272, 0.99426272, 0.99613906, 0.99808933,
       1.        ])]","[array([0.        , 0.        , 0.00144304, 0.00693881, 0.01087404,
       0.01428688, 0.0165671 , 0.02138903, 0.02138903, 0.02460462,
       0.02460462, 0.02862995, 0.02862995, 0.02862995, 0.03899959,
       0.03899959, 0.03899959, 0.04514617, 0.05165944, 0.06546294,
       0.07278762, 0.07278762, 0.07278762, 0.07278762, 0.07278762,
       0.07278762, 0.08239484, 0.08239484, 0.08239484, 0.08239484,
       0.08239484, 0.08239484, 0.08239484, 0.09463429, 0.12018637,
       0.13323231, 0.13323231, 0.13323231, 0.13323231, 0.13323231,
       0.13323231, 0.14882333, 0.14882333, 0.16510302, 0.16510302,
       0.16510302, 0.16510302, 0.16510302, 0.20095421, 0.20095421,
       0.20095421, 0.20095421, 0.20095421, 0.20095421, 0.24182964,
       0.24182964, 0.24182964, 0.24182964, 0.24182964, 0.24182964,
       0.26445939, 0.26445939, 0.28793099, 0.31189363, 0.31189363,
       0.33629349, 0.33629349, 0.33629349, 0.33629349, 0.33629349,
       0.36271318, 0.36271318, 0.36271318, 0.44566215, 0.47370641,
       0.47370641, 0.47370641, 0.47370641, 0.50328784, 0.50328784,
       0.53366412, 0.53366412, 0.53366412, 0.56523294, 0.56523294,
       0.56523294, 0.59775419, 0.59775419, 0.59775419, 0.59775419,
       0.66576212, 0.66576212, 0.66576212, 0.70084826, 0.70084826,
       0.70084826, 0.77377553, 0.77377553, 0.81078077, 0.88586789,
       1.        ]), array([0.00000000e+00, 3.45549128e-04, 3.45549128e-04, 1.53940093e-03,
       2.91674675e-03, 4.88825577e-03, 1.59646843e-02, 2.88667959e-02,
       3.48595515e-02, 4.85348271e-02, 5.63739364e-02, 6.90047914e-02,
       7.34491177e-02, 7.34491177e-02, 7.90167121e-02, 7.90167121e-02,
       7.90167121e-02, 8.54806169e-02, 9.22908769e-02, 9.22908769e-02,
       9.22908769e-02, 9.22908769e-02, 9.22908769e-02, 1.01332731e-01,
       1.01332731e-01, 1.01332731e-01, 1.01332731e-01, 1.01332731e-01,
       1.01332731e-01, 1.01332731e-01, 1.01332731e-01, 1.01332731e-01,
       1.01332731e-01, 1.01332731e-01, 1.01332731e-01, 1.28762887e-01,
       1.28762887e-01, 1.57701680e-01, 1.57701680e-01, 1.57701680e-01,
       1.73463245e-01, 1.89563544e-01, 1.89563544e-01, 1.89563544e-01,
       1.89563544e-01, 1.89563544e-01, 1.89563544e-01, 1.89563544e-01,
       1.89563544e-01, 2.08967818e-01, 2.08967818e-01, 2.08967818e-01,
       2.08967818e-01, 2.08967818e-01, 2.08967818e-01, 2.08967818e-01,
       2.08967818e-01, 2.31600290e-01, 2.31600290e-01, 2.31600290e-01,
       2.31600290e-01, 2.55890634e-01, 2.55890634e-01, 2.55890634e-01,
       2.55890634e-01, 2.55890634e-01, 2.55890634e-01, 2.82586039e-01,
       2.82586039e-01, 2.82586039e-01, 2.82586039e-01, 2.82586039e-01,
       2.82586039e-01, 2.82586039e-01, 2.82586039e-01, 2.82586039e-01,
       3.42956151e-01, 3.42956151e-01, 3.42956151e-01, 3.42956151e-01,
       3.42956151e-01, 3.42956151e-01, 3.42956151e-01, 3.42956151e-01,
       3.42956151e-01, 3.42956151e-01, 3.42956151e-01, 3.42956151e-01,
       3.78018833e-01, 4.13422455e-01, 4.13422455e-01, 4.13422455e-01,
       4.86703876e-01, 4.86703876e-01, 5.24042229e-01, 5.24042229e-01,
       5.24042229e-01, 5.24042229e-01, 6.01999717e-01, 6.41369079e-01,
       1.00000000e+00]), array([0.        , 0.        , 0.00201376, 0.00951068, 0.00951068,
       0.01300362, 0.01503382, 0.02222301, 0.02222301, 0.02222301,
       0.02559802, 0.02559802, 0.02559802, 0.03012334, 0.03012334,
       0.03012334, 0.03587569, 0.04224143, 0.05520599, 0.06196631,
       0.06196631, 0.06196631, 0.06196631, 0.06196631, 0.06196631,
       0.06196631, 0.06196631, 0.08198613, 0.08198613, 0.08198613,
       0.08198613, 0.08198613, 0.09374684, 0.10591982, 0.11838507,
       0.11838507, 0.11838507, 0.13188206, 0.13188206, 0.13188206,
       0.14658095, 0.14658095, 0.14658095, 0.14658095, 0.14658095,
       0.14658095, 0.1634945 , 0.1634945 , 0.1634945 , 0.1634945 ,
       0.1819038 , 0.1819038 , 0.20120826, 0.20120826, 0.22109999,
       0.24155281, 0.24155281, 0.28405498, 0.28405498, 0.28405498,
       0.30630735, 0.30630735, 0.30630735, 0.30630735, 0.30630735,
       0.30630735, 0.30630735, 0.33139067, 0.35659039, 0.38226533,
       0.40822214, 0.40822214, 0.40822214, 0.43548745, 0.43548745,
       0.43548745, 0.43548745, 0.46429431, 0.46429431, 0.46429431,
       0.46429431, 0.46429431, 0.49472441, 0.49472441, 0.49472441,
       0.49472441, 0.49472441, 0.49472441, 0.5274685 , 0.59367783,
       0.59367783, 0.59367783, 0.59367783, 0.59367783, 0.59367783,
       0.59367783, 0.62962113, 0.66571696, 0.73869635, 0.77558407,
       1.        ]), array([0.00000000e+00, 0.00000000e+00, 5.37167904e-04, 1.43368870e-03,
       7.99598028e-03, 1.23818576e-02, 1.23818576e-02, 1.23818576e-02,
       1.23818576e-02, 1.23818576e-02, 1.55081387e-02, 1.88920955e-02,
       1.88920955e-02, 2.28250726e-02, 2.70251650e-02, 2.70251650e-02,
       3.19100537e-02, 3.71869449e-02, 4.29591430e-02, 4.29591430e-02,
       4.29591430e-02, 4.29591430e-02, 4.98375937e-02, 5.69754381e-02,
       5.69754381e-02, 5.69754381e-02, 5.69754381e-02, 6.54127518e-02,
       6.54127518e-02, 8.37183609e-02, 8.37183609e-02, 8.37183609e-02,
       9.37078198e-02, 1.14824702e-01, 1.25579876e-01, 1.47753069e-01,
       1.47753069e-01, 1.47753069e-01, 1.47753069e-01, 1.47753069e-01,
       1.60424625e-01, 1.73297207e-01, 1.73297207e-01, 1.73297207e-01,
       1.73297207e-01, 1.73297207e-01, 1.73297207e-01, 1.73297207e-01,
       1.88552030e-01, 1.88552030e-01, 1.88552030e-01, 1.88552030e-01,
       1.88552030e-01, 1.88552030e-01, 1.88552030e-01, 1.88552030e-01,
       1.88552030e-01, 1.88552030e-01, 1.88552030e-01, 1.88552030e-01,
       1.88552030e-01, 1.88552030e-01, 2.28015385e-01, 2.28015385e-01,
       2.28015385e-01, 2.69564075e-01, 2.69564075e-01, 2.69564075e-01,
       2.69564075e-01, 2.69564075e-01, 2.69564075e-01, 2.69564075e-01,
       2.69564075e-01, 2.69564075e-01, 2.69564075e-01, 2.69564075e-01,
       2.93995068e-01, 2.93995068e-01, 2.93995068e-01, 2.93995068e-01,
       2.93995068e-01, 3.19928666e-01, 3.19928666e-01, 3.19928666e-01,
       3.46846253e-01, 3.74092758e-01, 3.74092758e-01, 3.74092758e-01,
       4.02325859e-01, 4.02325859e-01, 4.02325859e-01, 4.02325859e-01,
       4.02325859e-01, 4.61742231e-01, 4.91761987e-01, 4.91761987e-01,
       5.22628219e-01, 5.84688924e-01, 6.16153430e-01, 7.11078089e-01,
       1.00000000e+00]), array([0.        , 0.        , 0.        , 0.00133995, 0.00417727,
       0.00679366, 0.0113151 , 0.01496798, 0.01705146, 0.01950214,
       0.01950214, 0.01950214, 0.02294922, 0.0265926 , 0.03040456,
       0.03040456, 0.03040456, 0.03040456, 0.03040456, 0.03562405,
       0.03562405, 0.04138831, 0.04138831, 0.04138831, 0.04138831,
       0.04138831, 0.04138831, 0.04138831, 0.04138831, 0.04138831,
       0.04981385, 0.04981385, 0.05893666, 0.05893666, 0.05893666,
       0.05893666, 0.06915241, 0.06915241, 0.06915241, 0.06915241,
       0.06915241, 0.06915241, 0.0810762 , 0.0810762 , 0.0810762 ,
       0.0937698 , 0.0937698 , 0.0937698 , 0.0937698 , 0.0937698 ,
       0.10797062, 0.12259661, 0.12259661, 0.12259661, 0.12259661,
       0.13827246, 0.1543316 , 0.1543316 , 0.1543316 , 0.1543316 ,
       0.17152291, 0.17152291, 0.17152291, 0.17152291, 0.17152291,
       0.17152291, 0.17152291, 0.17152291, 0.190837  , 0.190837  ,
       0.190837  , 0.190837  , 0.190837  , 0.190837  , 0.190837  ,
       0.190837  , 0.190837  , 0.190837  , 0.23572344, 0.28117693,
       0.28117693, 0.28117693, 0.30456552, 0.30456552, 0.30456552,
       0.30456552, 0.32930179, 0.32930179, 0.32930179, 0.32930179,
       0.35515511, 0.35515511, 0.40782304, 0.43437812, 0.48818011,
       0.51547601, 0.54307674, 0.54307674, 0.59934693, 0.68438238,
       1.        ])]",0.0069092183007854,0.0149090180070883,0.0049996544142639,0.0013707473774103,"[{'lambda_reg': 0.0003893875328428584, 'gamma': 0.004382422055129264, 'degree': 4, 'coef0': 1.0989283909633518}, {'lambda_reg': 0.21533840997175238, 'gamma': 0.4424545859275989, 'degree': 3, 'coef0': 0.8339508585649674}, {'lambda_reg': 0.00016504237263626972, 'gamma': 0.04395543098921956, 'degree': 2, 'coef0': 4.241930420006516}, {'lambda_reg': 0.0390258463113958, 'gamma': 0.2781890892515395, 'degree': 3, 'coef0': 0.8514418064820578}, {'lambda_reg': 7.833224106312506e-05, 'gamma': 0.15279708563226405, 'degree': 2, 'coef0': 2.364412092939615}]",300,1,polynomial,90
"[np.float64(0.14417540488622688), np.float64(0.08322900500073749), np.float64(0.1280666437055166), np.float64(0.07498248099915793), np.float64(0.2244706342193569)]",0.1309848337621991,0.0535518152495144,"[np.float64(0.8071289916745459), np.float64(0.8484497235609717), np.float64(0.8513675649504586), np.float64(0.8702211023983002), np.float64(0.8252802747677656)]",0.8404895314704083,0.0219540870239244,"[np.float64(0.8717334074175317), np.float64(0.8948645350208155), np.float64(0.9051845263948365), np.float64(0.9027714550391455), np.float64(0.9538415991441402)]",0.9056791046032938,0.0268238333825385,"[array([0.        , 0.15086264, 0.15086264, 0.1875374 , 0.22375307,
       0.25982926, 0.25982926, 0.29500972, 0.29500972, 0.29500972,
       0.29500972, 0.29500972, 0.29500972, 0.32788102, 0.32788102,
       0.36013231, 0.36013231, 0.36013231, 0.39114481, 0.39114481,
       0.39114481, 0.39114481, 0.42083689, 0.42083689, 0.44988352,
       0.47818286, 0.47818286, 0.47818286, 0.5055402 , 0.5055402 ,
       0.5055402 , 0.5055402 , 0.5312611 , 0.5312611 , 0.5312611 ,
       0.5312611 , 0.5312611 , 0.55525633, 0.55525633, 0.55525633,
       0.57807109, 0.57807109, 0.57807109, 0.59970211, 0.62115415,
       0.64210058, 0.66283122, 0.68296505, 0.68296505, 0.68296505,
       0.70196743, 0.73928264, 0.77593244, 0.79380058, 0.79380058,
       0.79380058, 0.79380058, 0.79380058, 0.79380058, 0.80935694,
       0.82463237, 0.82463237, 0.82463237, 0.82463237, 0.83832994,
       0.86546412, 0.86546412, 0.89051295, 0.90264828, 0.91464953,
       0.91464953, 0.91464953, 0.92537135, 0.92537135, 0.92537135,
       0.92537135, 0.92537135, 0.92537135, 0.92537135, 0.94157482,
       0.94946639, 0.94946639, 0.95654307, 0.95654307, 0.97495053,
       0.97495053, 0.98024625, 0.98024625, 0.98024625, 0.98024625,
       0.98418445, 0.98791308, 0.98791308, 0.99070388, 0.99303237,
       0.99523051, 0.99523051, 0.9966739 , 0.99850341, 0.99955814,
       1.        ]), array([0.        , 0.20904179, 0.25036816, 0.25036816, 0.25036816,
       0.25036816, 0.29012394, 0.29012394, 0.32871874, 0.32871874,
       0.32871874, 0.32871874, 0.36568018, 0.40227067, 0.40227067,
       0.40227067, 0.43760792, 0.43760792, 0.43760792, 0.43760792,
       0.43760792, 0.43760792, 0.43760792, 0.4701125 , 0.4701125 ,
       0.4701125 , 0.4701125 , 0.50097688, 0.50097688, 0.50097688,
       0.50097688, 0.50097688, 0.50097688, 0.50097688, 0.55665894,
       0.55665894, 0.55665894, 0.55665894, 0.55665894, 0.58252578,
       0.60774108, 0.60774108, 0.60774108, 0.6319738 , 0.65575309,
       0.65575309, 0.70130305, 0.70130305, 0.72312162, 0.72312162,
       0.72312162, 0.74380705, 0.74380705, 0.74380705, 0.74380705,
       0.74380705, 0.74380705, 0.76181938, 0.76181938, 0.7792902 ,
       0.79614942, 0.79614942, 0.8122215 , 0.82785611, 0.85851533,
       0.85851533, 0.85851533, 0.87233284, 0.88609285, 0.88609285,
       0.89906736, 0.91157565, 0.91157565, 0.91157565, 0.91157565,
       0.92219587, 0.92219587, 0.92219587, 0.93174489, 0.94058695,
       0.94058695, 0.94058695, 0.94058695, 0.94058695, 0.94768912,
       0.94768912, 0.94768912, 0.95324327, 0.95324327, 0.95822568,
       0.97566337, 0.97977961, 0.98687227, 0.98687227, 0.98687227,
       0.99156797, 0.99156797, 0.99313757, 0.9962647 , 0.99977421,
       1.        ]), array([0.        , 0.19568078, 0.27262977, 0.27262977, 0.27262977,
       0.27262977, 0.27262977, 0.30923315, 0.30923315, 0.345205  ,
       0.345205  , 0.345205  , 0.345205  , 0.345205  , 0.345205  ,
       0.345205  , 0.345205  , 0.37789869, 0.41033839, 0.47392094,
       0.47392094, 0.47392094, 0.47392094, 0.47392094, 0.50386604,
       0.50386604, 0.50386604, 0.50386604, 0.50386604, 0.50386604,
       0.50386604, 0.50386604, 0.50386604, 0.50386604, 0.55600181,
       0.55600181, 0.58136891, 0.58136891, 0.6056612 , 0.67837762,
       0.67837762, 0.70157891, 0.70157891, 0.72405608, 0.74617528,
       0.74617528, 0.74617528, 0.74617528, 0.74617528, 0.80665095,
       0.82660462, 0.82660462, 0.82660462, 0.84522935, 0.84522935,
       0.84522935, 0.84522935, 0.84522935, 0.8618635 , 0.8618635 ,
       0.8618635 , 0.8618635 , 0.8618635 , 0.8618635 , 0.8618635 ,
       0.87578395, 0.87578395, 0.9022079 , 0.91480666, 0.91480666,
       0.92669621, 0.92669621, 0.93792186, 0.95927972, 0.95927972,
       0.95927972, 0.95927972, 0.95927972, 0.95927972, 0.9676071 ,
       0.9676071 , 0.97534191, 0.97534191, 0.97534191, 0.97534191,
       0.9814001 , 0.9814001 , 0.9814001 , 0.98613426, 0.98613426,
       0.98613426, 0.98613426, 0.98613426, 0.99211641, 0.99211641,
       0.99211641, 0.99403118, 0.99403118, 0.99577727, 0.99756076,
       1.        ]), array([0.        , 0.14802202, 0.25734612, 0.29359201, 0.29359201,
       0.32880759, 0.36378456, 0.39833403, 0.39833403, 0.39833403,
       0.39833403, 0.39833403, 0.39833403, 0.43081289, 0.43081289,
       0.46241991, 0.49367771, 0.49367771, 0.49367771, 0.49367771,
       0.49367771, 0.49367771, 0.52283573, 0.52283573, 0.55125484,
       0.55125484, 0.55125484, 0.55125484, 0.55125484, 0.55125484,
       0.55125484, 0.55125484, 0.55125484, 0.55125484, 0.55125484,
       0.55125484, 0.575023  , 0.59850092, 0.59850092, 0.59850092,
       0.59850092, 0.62056026, 0.62056026, 0.62056026, 0.62056026,
       0.68227229, 0.70251998, 0.72244664, 0.76136655, 0.79939065,
       0.79939065, 0.79939065, 0.79939065, 0.81715605, 0.81715605,
       0.85094929, 0.86735171, 0.86735171, 0.88300447, 0.88300447,
       0.88300447, 0.88300447, 0.9116677 , 0.9116677 , 0.92530458,
       0.93864106, 0.93864106, 0.93864106, 0.93864106, 0.9502615 ,
       0.9502615 , 0.9502615 , 0.96072714, 0.96072714, 0.96072714,
       0.96072714, 0.96072714, 0.96072714, 0.96072714, 0.96853731,
       0.96853731, 0.96853731, 0.96853731, 0.96853731, 0.96853731,
       0.96853731, 0.96853731, 0.96853731, 0.97317412, 0.97317412,
       0.97317412, 0.97317412, 0.97635092, 0.97896931, 0.98155398,
       0.98798728, 0.99465023, 0.99745992, 0.99745992, 0.99954602,
       1.        ]), array([0.        , 0.35847871, 0.35847871, 0.45386095, 0.45386095,
       0.45386095, 0.51548298, 0.51548298, 0.54579057, 0.57555769,
       0.57555769, 0.57555769, 0.6334184 , 0.66207283, 0.66207283,
       0.66207283, 0.66207283, 0.66207283, 0.66207283, 0.68861848,
       0.68861848, 0.68861848, 0.71430686, 0.71430686, 0.71430686,
       0.71430686, 0.73850159, 0.73850159, 0.73850159, 0.76188738,
       0.76188738, 0.76188738, 0.78420143, 0.78420143, 0.80575349,
       0.80575349, 0.80575349, 0.80575349, 0.80575349, 0.80575349,
       0.84523008, 0.84523008, 0.86438922, 0.86438922, 0.86438922,
       0.86438922, 0.89970279, 0.89970279, 0.89970279, 0.89970279,
       0.89970279, 0.89970279, 0.91544227, 0.91544227, 0.91544227,
       0.93024207, 0.93024207, 0.93024207, 0.93024207, 0.93024207,
       0.93024207, 0.93024207, 0.93024207, 0.94238405, 0.94238405,
       0.94238405, 0.94238405, 0.94238405, 0.94238405, 0.95273248,
       0.9626299 , 0.97218012, 0.97218012, 0.97218012, 0.97218012,
       0.97218012, 0.97218012, 0.97218012, 0.97218012, 0.97218012,
       0.97218012, 0.97218012, 0.97218012, 0.97218012, 0.97218012,
       0.97218012, 0.97700408, 0.9813539 , 0.98552711, 0.99310346,
       0.99310346, 0.99310346, 0.99310346, 0.99310346, 0.99310346,
       0.99503093, 0.99503093, 0.99604421, 0.99764366, 0.9996235 ,
       1.        ])]","[array([0.00000000e+00, 2.69601599e-05, 2.69601599e-05, 8.57559621e-04,
       2.05151295e-03, 3.35587243e-03, 3.35587243e-03, 5.36917746e-03,
       5.36917746e-03, 5.36917746e-03, 5.36917746e-03, 5.36917746e-03,
       5.36917746e-03, 9.21014695e-03, 9.21014695e-03, 1.35418494e-02,
       1.35418494e-02, 1.35418494e-02, 1.88540292e-02, 1.88540292e-02,
       1.88540292e-02, 1.88540292e-02, 2.52112990e-02, 2.52112990e-02,
       3.20794316e-02, 3.95390260e-02, 3.95390260e-02, 3.95390260e-02,
       4.77442073e-02, 4.77442073e-02, 4.77442073e-02, 4.77442073e-02,
       5.72445993e-02, 5.72445993e-02, 5.72445993e-02, 5.72445993e-02,
       5.72445993e-02, 6.81108286e-02, 6.81108286e-02, 6.81108286e-02,
       7.99113863e-02, 7.99113863e-02, 7.99113863e-02, 9.26488474e-02,
       1.05527971e-01, 1.18807278e-01, 1.32257376e-01, 1.46179844e-01,
       1.46179844e-01, 1.46179844e-01, 1.60997835e-01, 1.91179576e-01,
       2.21887984e-01, 2.37603700e-01, 2.37603700e-01, 2.37603700e-01,
       2.37603700e-01, 2.37603700e-01, 2.37603700e-01, 2.55149156e-01,
       2.72916961e-01, 2.72916961e-01, 2.72916961e-01, 2.72916961e-01,
       2.91933622e-01, 3.30173483e-01, 3.30173483e-01, 3.70063857e-01,
       3.90317001e-01, 4.10676267e-01, 4.10676267e-01, 4.10676267e-01,
       4.32048186e-01, 4.32048186e-01, 4.32048186e-01, 4.32048186e-01,
       4.32048186e-01, 4.32048186e-01, 4.32048186e-01, 4.78939515e-01,
       5.02551529e-01, 5.02551529e-01, 5.26808506e-01, 5.26808506e-01,
       6.01813472e-01, 6.01813472e-01, 6.27480053e-01, 6.27480053e-01,
       6.27480053e-01, 6.27480053e-01, 6.54221085e-01, 6.81127998e-01,
       6.81127998e-01, 7.08777180e-01, 7.36792272e-01, 7.64910535e-01,
       7.64910535e-01, 7.93626169e-01, 8.51894254e-01, 9.10775559e-01,
       1.00000000e+00]), array([0.00000000e+00, 2.00897089e-04, 5.59815594e-04, 5.59815594e-04,
       5.59815594e-04, 5.59815594e-04, 1.95739019e-03, 1.95739019e-03,
       4.12272940e-03, 4.12272940e-03, 4.12272940e-03, 4.12272940e-03,
       7.36823516e-03, 1.08590503e-02, 1.08590503e-02, 1.08590503e-02,
       1.51786435e-02, 1.51786435e-02, 1.51786435e-02, 1.51786435e-02,
       1.51786435e-02, 1.51786435e-02, 1.51786435e-02, 2.13715182e-02,
       2.13715182e-02, 2.13715182e-02, 2.13715182e-02, 2.86490731e-02,
       2.86490731e-02, 2.86490731e-02, 2.86490731e-02, 2.86490731e-02,
       2.86490731e-02, 2.86490731e-02, 4.72029419e-02, 4.72029419e-02,
       4.72029419e-02, 4.72029419e-02, 4.72029419e-02, 5.77854266e-02,
       6.87987840e-02, 6.87987840e-02, 6.87987840e-02, 8.04619347e-02,
       9.24249385e-02, 9.24249385e-02, 1.17679283e-01, 1.17679283e-01,
       1.30938935e-01, 1.30938935e-01, 1.30938935e-01, 1.44947944e-01,
       1.44947944e-01, 1.44947944e-01, 1.44947944e-01, 1.44947944e-01,
       1.44947944e-01, 1.60724708e-01, 1.60724708e-01, 1.76859580e-01,
       1.93398909e-01, 1.93398909e-01, 2.10458785e-01, 2.27807962e-01,
       2.62909719e-01, 2.62909719e-01, 2.62909719e-01, 2.81460562e-01,
       3.00049434e-01, 3.00049434e-01, 3.19157765e-01, 3.38574418e-01,
       3.38574418e-01, 3.38574418e-01, 3.38574418e-01, 3.59239667e-01,
       3.59239667e-01, 3.59239667e-01, 3.80613316e-01, 4.02454484e-01,
       4.02454484e-01, 4.02454484e-01, 4.02454484e-01, 4.02454484e-01,
       4.25446262e-01, 4.25446262e-01, 4.25446262e-01, 4.49461763e-01,
       4.49461763e-01, 4.73855361e-01, 5.73077710e-01, 5.98044120e-01,
       6.48730706e-01, 6.48730706e-01, 6.48730706e-01, 7.01002435e-01,
       7.01002435e-01, 7.27652969e-01, 8.08650531e-01, 9.72460794e-01,
       1.00000000e+00]), array([0.00000000e+00, 1.34068042e-04, 1.16769050e-03, 1.16769050e-03,
       1.16769050e-03, 1.16769050e-03, 1.16769050e-03, 3.07015970e-03,
       3.07015970e-03, 5.44031368e-03, 5.44031368e-03, 5.44031368e-03,
       5.44031368e-03, 5.44031368e-03, 5.44031368e-03, 5.44031368e-03,
       5.44031368e-03, 1.02381151e-02, 1.52240084e-02, 2.61561890e-02,
       2.61561890e-02, 2.61561890e-02, 2.61561890e-02, 2.61561890e-02,
       3.29894683e-02, 3.29894683e-02, 3.29894683e-02, 3.29894683e-02,
       3.29894683e-02, 3.29894683e-02, 3.29894683e-02, 3.29894683e-02,
       3.29894683e-02, 3.29894683e-02, 5.23985984e-02, 5.23985984e-02,
       6.26221328e-02, 6.26221328e-02, 7.36416150e-02, 1.06818900e-01,
       1.06818900e-01, 1.18646332e-01, 1.18646332e-01, 1.31010012e-01,
       1.43638782e-01, 1.43638782e-01, 1.43638782e-01, 1.43638782e-01,
       1.43638782e-01, 1.85880997e-01, 2.00113460e-01, 2.00113460e-01,
       2.00113460e-01, 2.15330079e-01, 2.15330079e-01, 2.15330079e-01,
       2.15330079e-01, 2.15330079e-01, 2.32020825e-01, 2.32020825e-01,
       2.32020825e-01, 2.32020825e-01, 2.32020825e-01, 2.32020825e-01,
       2.32020825e-01, 2.50721209e-01, 2.50721209e-01, 2.89171309e-01,
       3.08850474e-01, 3.08850474e-01, 3.29054851e-01, 3.29054851e-01,
       3.49750882e-01, 3.91952690e-01, 3.91952690e-01, 3.91952690e-01,
       3.91952690e-01, 3.91952690e-01, 3.91952690e-01, 4.14795043e-01,
       4.14795043e-01, 4.38076224e-01, 4.38076224e-01, 4.38076224e-01,
       4.38076224e-01, 4.62599030e-01, 4.62599030e-01, 4.62599030e-01,
       4.88102357e-01, 4.88102357e-01, 4.88102357e-01, 4.88102357e-01,
       4.88102357e-01, 5.41690695e-01, 5.41690695e-01, 5.41690695e-01,
       5.69281930e-01, 5.69281930e-01, 6.26007297e-01, 7.11714188e-01,
       1.00000000e+00]), array([0.00000000e+00, 1.40105130e-04, 1.62912311e-03, 2.28530323e-03,
       2.28530323e-03, 3.78400112e-03, 5.47782441e-03, 7.52121724e-03,
       7.52121724e-03, 7.52121724e-03, 7.52121724e-03, 7.52121724e-03,
       7.52121724e-03, 1.12578088e-02, 1.12578088e-02, 1.57073248e-02,
       2.04424149e-02, 2.04424149e-02, 2.04424149e-02, 2.04424149e-02,
       2.04424149e-02, 2.04424149e-02, 2.68945482e-02, 2.68945482e-02,
       3.39509122e-02, 3.39509122e-02, 3.39509122e-02, 3.39509122e-02,
       3.39509122e-02, 3.39509122e-02, 3.39509122e-02, 3.39509122e-02,
       3.39509122e-02, 3.39509122e-02, 3.39509122e-02, 3.39509122e-02,
       4.48104860e-02, 5.59074071e-02, 5.59074071e-02, 5.59074071e-02,
       5.59074071e-02, 6.81643326e-02, 6.81643326e-02, 6.81643326e-02,
       6.81643326e-02, 1.08587073e-01, 1.22325439e-01, 1.36326316e-01,
       1.65091350e-01, 1.94588911e-01, 1.94588911e-01, 1.94588911e-01,
       1.94588911e-01, 2.10357110e-01, 2.10357110e-01, 2.43314367e-01,
       2.60197112e-01, 2.60197112e-01, 2.77692881e-01, 2.77692881e-01,
       2.77692881e-01, 2.77692881e-01, 3.14845085e-01, 3.14845085e-01,
       3.33989300e-01, 3.53379151e-01, 3.53379151e-01, 3.53379151e-01,
       3.53379151e-01, 3.74172257e-01, 3.74172257e-01, 3.74172257e-01,
       3.95909676e-01, 3.95909676e-01, 3.95909676e-01, 3.95909676e-01,
       3.95909676e-01, 3.95909676e-01, 3.95909676e-01, 4.19818548e-01,
       4.19818548e-01, 4.19818548e-01, 4.19818548e-01, 4.19818548e-01,
       4.19818548e-01, 4.19818548e-01, 4.19818548e-01, 4.19818548e-01,
       4.46322370e-01, 4.46322370e-01, 4.46322370e-01, 4.46322370e-01,
       4.74020078e-01, 5.02174416e-01, 5.30356327e-01, 6.15982042e-01,
       7.31715441e-01, 7.90008815e-01, 7.90008815e-01, 9.09484827e-01,
       1.00000000e+00]), array([0.00000000e+00, 6.96942320e-04, 6.96942320e-04, 3.37368892e-03,
       3.37368892e-03, 3.37368892e-03, 7.20840803e-03, 7.20840803e-03,
       9.65072600e-03, 1.26566210e-02, 1.26566210e-02, 1.26566210e-02,
       2.04135442e-02, 2.45797252e-02, 2.45797252e-02, 2.45797252e-02,
       2.45797252e-02, 2.45797252e-02, 2.45797252e-02, 3.09448767e-02,
       3.09448767e-02, 3.09448767e-02, 3.82039744e-02, 3.82039744e-02,
       3.82039744e-02, 3.82039744e-02, 4.70205954e-02, 4.70205954e-02,
       4.70205954e-02, 5.66807633e-02, 5.66807633e-02, 5.66807633e-02,
       6.74585043e-02, 6.74585043e-02, 7.90308240e-02, 7.90308240e-02,
       7.90308240e-02, 7.90308240e-02, 7.90308240e-02, 7.90308240e-02,
       1.05958160e-01, 1.05958160e-01, 1.20025747e-01, 1.20025747e-01,
       1.20025747e-01, 1.20025747e-01, 1.51294149e-01, 1.51294149e-01,
       1.51294149e-01, 1.51294149e-01, 1.51294149e-01, 1.51294149e-01,
       1.68927654e-01, 1.68927654e-01, 1.68927654e-01, 1.87541040e-01,
       1.87541040e-01, 1.87541040e-01, 1.87541040e-01, 1.87541040e-01,
       1.87541040e-01, 1.87541040e-01, 1.87541040e-01, 2.08925906e-01,
       2.08925906e-01, 2.08925906e-01, 2.08925906e-01, 2.08925906e-01,
       2.08925906e-01, 2.32181044e-01, 2.55906487e-01, 2.79993970e-01,
       2.79993970e-01, 2.79993970e-01, 2.79993970e-01, 2.79993970e-01,
       2.79993970e-01, 2.79993970e-01, 2.79993970e-01, 2.79993970e-01,
       2.79993970e-01, 2.79993970e-01, 2.79993970e-01, 2.79993970e-01,
       2.79993970e-01, 2.79993970e-01, 3.09009856e-01, 3.38520165e-01,
       3.68214643e-01, 4.28406590e-01, 4.28406590e-01, 4.28406590e-01,
       4.28406590e-01, 4.28406590e-01, 4.28406590e-01, 4.60442856e-01,
       4.60442856e-01, 4.93432409e-01, 5.59856892e-01, 6.93977057e-01,
       1.00000000e+00])]",0.0088232131736757,0.0349539302423408,0.0137542231707043,0.0109928011341514,"[{'lambda_reg': 0.009836997996436387, 'gamma': 0.07758713483940266}, {'lambda_reg': 0.03209512912241462, 'gamma': 0.17900517178009148}, {'lambda_reg': 0.005257533255267838, 'gamma': 0.06761356866206904}, {'lambda_reg': 0.022270523110177298, 'gamma': 0.1251502540514248}, {'lambda_reg': 0.0005779199136106651, 'gamma': 0.09131844212864175}]",300,2,cauchy,95
"[np.float64(0.11585468028868984), np.float64(0.07786325091210607), np.float64(0.16227147742596268), np.float64(0.1589636209085134), np.float64(0.14166910421146373)]",0.1313244267493471,0.0313881115347889,"[np.float64(0.8334933756217983), np.float64(0.8643447727587696), np.float64(0.8149361622577626), np.float64(0.8684368671754329), np.float64(0.8102477540048388)]",0.8382917863637204,0.0242588609428319,"[np.float64(0.8952236181705032), np.float64(0.9297047381643415), np.float64(0.8644872075400976), np.float64(0.7251751745433909), np.float64(0.7968574518369628)]",0.8422896380510592,0.0730972218038454,"[array([0.        , 0.23277664, 0.26815062, 0.26815062, 0.28543762,
       0.30258708, 0.33639626, 0.33639626, 0.36957565, 0.38606472,
       0.38606472, 0.40211029, 0.41803164, 0.4336495 , 0.4336495 ,
       0.4336495 , 0.4336495 , 0.44860635, 0.46336003, 0.49254277,
       0.49254277, 0.50682973, 0.50682973, 0.52066986, 0.53438729,
       0.53438729, 0.54779952, 0.54779952, 0.56088372, 0.56088372,
       0.56088372, 0.56088372, 0.57320605, 0.57320605, 0.57320605,
       0.57320605, 0.57320605, 0.59599259, 0.6072804 , 0.61826796,
       0.61826796, 0.62894441, 0.63936196, 0.66002635, 0.67007139,
       0.67994335, 0.67994335, 0.69905529, 0.72739193, 0.73667479,
       0.76375631, 0.76375631, 0.76375631, 0.7807937 , 0.80575826,
       0.83021238, 0.8461004 , 0.8461004 , 0.85373803, 0.85373803,
       0.85373803, 0.87481463, 0.87481463, 0.87481463, 0.87481463,
       0.88126241, 0.89986415, 0.89986415, 0.91148851, 0.92276202,
       0.93915053, 0.94973114, 0.94973114, 0.94973114, 0.95451218,
       0.96363156, 0.96363156, 0.96782569, 0.96782569, 0.97168103,
       0.97168103, 0.97522175, 0.97522175, 0.98135979, 0.98135979,
       0.98405373, 0.98405373, 0.98405373, 0.98633473, 0.98633473,
       0.98999363, 0.99165311, 0.99314418, 0.99587894, 0.99587894,
       0.99587894, 0.99587894, 0.99784922, 0.99928533, 0.99980091,
       1.        ]), array([0.        , 0.3234434 , 0.34109371, 0.41136342, 0.41136342,
       0.41136342, 0.41136342, 0.41136342, 0.41136342, 0.41136342,
       0.41136342, 0.42742586, 0.42742586, 0.42742586, 0.42742586,
       0.44278502, 0.48855863, 0.50362694, 0.50362694, 0.50362694,
       0.51803911, 0.53241126, 0.54648125, 0.56050808, 0.56050808,
       0.56050808, 0.56050808, 0.56050808, 0.58653899, 0.61220512,
       0.62488106, 0.63731071, 0.6495935 , 0.66180171, 0.67385396,
       0.67385396, 0.6853923 , 0.70815863, 0.71937903, 0.73044884,
       0.75220893, 0.77361643, 0.7842059 , 0.80505756, 0.81520528,
       0.82526916, 0.84486879, 0.87381594, 0.87381594, 0.88307314,
       0.88307314, 0.89206149, 0.90075437, 0.90075437, 0.90075437,
       0.90075437, 0.91664557, 0.91664557, 0.91664557, 0.91664557,
       0.91664557, 0.91664557, 0.93053213, 0.93053213, 0.93053213,
       0.93053213, 0.93053213, 0.93053213, 0.93646623, 0.94775967,
       0.94775967, 0.94775967, 0.9579086 , 0.9579086 , 0.96744073,
       0.96744073, 0.96744073, 0.96744073, 0.9715797 , 0.9715797 ,
       0.9715797 , 0.97862613, 0.97862613, 0.97862613, 0.98167738,
       0.98167738, 0.98424982, 0.98424982, 0.98424982, 0.98624823,
       0.98624823, 0.98624823, 0.98782356, 0.98923981, 0.99160848,
       0.99160848, 0.99469444, 0.99652501, 0.99789542, 0.99956292,
       1.        ]), array([0.        , 0.17748812, 0.19504293, 0.19504293, 0.19504293,
       0.19504293, 0.19504293, 0.19504293, 0.21152708, 0.21152708,
       0.21152708, 0.22740461, 0.22740461, 0.25849077, 0.27377822,
       0.27377822, 0.27377822, 0.28853127, 0.28853127, 0.30301231,
       0.30301231, 0.31718276, 0.35914166, 0.35914166, 0.35914166,
       0.38592752, 0.38592752, 0.38592752, 0.42449855, 0.42449855,
       0.43700062, 0.44928723, 0.44928723, 0.49709044, 0.53253106,
       0.55585577, 0.5787204 , 0.59006333, 0.62331629, 0.62331629,
       0.65564208, 0.66628418, 0.68720138, 0.70776307, 0.71783933,
       0.7374905 , 0.7471137 , 0.77554838, 0.80366214, 0.83104921,
       0.83104921, 0.83979435, 0.83979435, 0.85676302, 0.86499366,
       0.86499366, 0.86499366, 0.87265875, 0.88022143, 0.88022143,
       0.88745241, 0.90136514, 0.90827731, 0.91493835, 0.92787487,
       0.92787487, 0.94020181, 0.94020181, 0.94596048, 0.94596048,
       0.95144382, 0.95144382, 0.95144382, 0.95144382, 0.95144382,
       0.95590695, 0.96032635, 0.96032635, 0.96437987, 0.96437987,
       0.96802117, 0.96802117, 0.97130554, 0.97130554, 0.97428466,
       0.97697445, 0.97947745, 0.98188992, 0.98188992, 0.98397837,
       0.98579368, 0.98748291, 0.98907427, 0.99164871, 0.99386716,
       0.99491649, 0.99491649, 0.99744004, 0.99839694, 0.99988475,
       1.        ]), array([0.        , 0.01880455, 0.01880455, 0.01880455, 0.01880455,
       0.01880455, 0.01880455, 0.0363226 , 0.0363226 , 0.0363226 ,
       0.07044456, 0.07044456, 0.07044456, 0.07044456, 0.08667948,
       0.08667948, 0.08667948, 0.08667948, 0.11764653, 0.11764653,
       0.11764653, 0.11764653, 0.13233941, 0.13233941, 0.13233941,
       0.1464662 , 0.1464662 , 0.1464662 , 0.16016576, 0.17368129,
       0.20033852, 0.20033852, 0.22604634, 0.23883194, 0.2513523 ,
       0.2635941 , 0.2635941 , 0.28751744, 0.29918824, 0.3222372 ,
       0.33355126, 0.34474786, 0.35573533, 0.39909798, 0.39909798,
       0.39909798, 0.41956764, 0.41956764, 0.44913729, 0.47829704,
       0.50675852, 0.52539208, 0.56188041, 0.57972296, 0.60621451,
       0.65757301, 0.68276036, 0.68276036, 0.69861314, 0.7219771 ,
       0.74486008, 0.75224345, 0.79590393, 0.81703774, 0.85129663,
       0.86471668, 0.86471668, 0.87097   , 0.88941509, 0.89536888,
       0.90687073, 0.91245117, 0.91245117, 0.91770024, 0.92761786,
       0.92761786, 0.92761786, 0.93631903, 0.94484128, 0.95694627,
       0.95694627, 0.96056986, 0.97113187, 0.97113187, 0.98664546,
       0.98962327, 0.98962327, 0.98962327, 0.99205368, 0.9963218 ,
       0.9963218 , 0.9963218 , 0.99799734, 0.99932237, 0.99932237,
       0.99932237, 0.99932237, 1.        , 1.        , 1.        ,
       1.        ]), array([0.        , 0.09228266, 0.11056584, 0.12859522, 0.12859522,
       0.12859522, 0.12859522, 0.12859522, 0.12859522, 0.12859522,
       0.12859522, 0.14518169, 0.16164347, 0.16164347, 0.16164347,
       0.16164347, 0.17721975, 0.19273824, 0.22335028, 0.22335028,
       0.23827377, 0.23827377, 0.23827377, 0.23827377, 0.25248365,
       0.2665006 , 0.2665006 , 0.28017689, 0.28017689, 0.29349979,
       0.29349979, 0.30637451, 0.33182776, 0.36929798, 0.3817085 ,
       0.3817085 , 0.39366923, 0.39366923, 0.42847715, 0.43997127,
       0.43997127, 0.46196623, 0.47281285, 0.51538759, 0.51538759,
       0.51538759, 0.51538759, 0.54513323, 0.60348168, 0.64167058,
       0.65103667, 0.65103667, 0.67796973, 0.69548864, 0.72140317,
       0.74658926, 0.76309646, 0.77118459, 0.78682715, 0.80995525,
       0.81754228, 0.83220544, 0.84643426, 0.85345599, 0.86710215,
       0.88033677, 0.88669172, 0.88669172, 0.89264733, 0.89264733,
       0.89831773, 0.9202514 , 0.92549308, 0.92549308, 0.93038307,
       0.93517533, 0.93975177, 0.94847959, 0.95267032, 0.95668411,
       0.96045961, 0.96758703, 0.97098429, 0.97098429, 0.97098429,
       0.97098429, 0.97360046, 0.97861359, 0.98335158, 0.98335158,
       0.99106463, 0.99288349, 0.99288349, 0.99288349, 0.9952636 ,
       0.99730945, 0.99815103, 0.99886965, 0.99886965, 0.9999671 ,
       1.        ])]","[array([0.00000000e+00, 2.95470464e-04, 7.21024237e-04, 7.21024237e-04,
       1.28106064e-03, 1.96049931e-03, 3.74456273e-03, 3.74456273e-03,
       6.07539146e-03, 7.32815944e-03, 7.32815944e-03, 8.96596758e-03,
       1.07116180e-02, 1.27207483e-02, 1.27207483e-02, 1.27207483e-02,
       1.27207483e-02, 1.53037507e-02, 1.80631343e-02, 2.38637286e-02,
       2.38637286e-02, 2.70283078e-02, 2.70283078e-02, 3.05808094e-02,
       3.42398358e-02, 3.42398358e-02, 3.81638301e-02, 3.81638301e-02,
       4.23726035e-02, 4.23726035e-02, 4.23726035e-02, 4.23726035e-02,
       4.72428096e-02, 4.72428096e-02, 4.72428096e-02, 4.72428096e-02,
       4.72428096e-02, 5.85963896e-02, 6.43647423e-02, 7.03937529e-02,
       7.03937529e-02, 7.66928643e-02, 8.32167489e-02, 9.64127129e-02,
       1.03259994e-01, 1.10257537e-01, 1.10257537e-01, 1.24801294e-01,
       1.46904529e-01, 1.54413512e-01, 1.77606393e-01, 1.77606393e-01,
       1.77606393e-01, 1.93951216e-01, 2.18981977e-01, 2.44455896e-01,
       2.61798566e-01, 2.61798566e-01, 2.70735885e-01, 2.70735885e-01,
       2.70735885e-01, 2.99142057e-01, 2.99142057e-01, 2.99142057e-01,
       2.99142057e-01, 3.09112376e-01, 3.39667144e-01, 3.39667144e-01,
       3.60711386e-01, 3.82060225e-01, 4.14536460e-01, 4.36486857e-01,
       4.36486857e-01, 4.36486857e-01, 4.47904175e-01, 4.71123171e-01,
       4.71123171e-01, 4.83050031e-01, 4.83050031e-01, 4.95271018e-01,
       4.95271018e-01, 5.07765155e-01, 5.07765155e-01, 5.33572454e-01,
       5.33572454e-01, 5.46801731e-01, 5.46801731e-01, 5.46801731e-01,
       5.60389512e-01, 5.60389512e-01, 5.88349127e-01, 6.02476492e-01,
       6.16750071e-01, 6.45511992e-01, 6.45511992e-01, 6.45511992e-01,
       6.45511992e-01, 6.90505689e-01, 7.35963132e-01, 7.66651680e-01,
       1.00000000e+00]), array([0.00000000e+00, 4.99404832e-04, 8.01909814e-04, 2.29771057e-03,
       2.29771057e-03, 2.29771057e-03, 2.29771057e-03, 2.29771057e-03,
       2.29771057e-03, 2.29771057e-03, 2.29771057e-03, 3.96889119e-03,
       3.96889119e-03, 3.96889119e-03, 3.96889119e-03, 6.24626745e-03,
       1.33403324e-02, 1.58684119e-02, 1.58684119e-02, 1.58684119e-02,
       1.89620567e-02, 2.20901913e-02, 2.54787825e-02, 2.89045660e-02,
       2.89045660e-02, 2.89045660e-02, 2.89045660e-02, 2.89045660e-02,
       3.74996649e-02, 4.64091925e-02, 5.09993893e-02, 5.58018767e-02,
       6.07309507e-02, 6.57243152e-02, 7.08521004e-02, 7.08521004e-02,
       7.64228570e-02, 8.78318888e-02, 9.36766927e-02, 9.96513057e-02,
       1.11927667e-01, 1.24507937e-01, 1.30896580e-01, 1.43955972e-01,
       1.50725385e-01, 1.57567057e-01, 1.71705639e-01, 1.93303373e-01,
       1.93303373e-01, 2.00840366e-01, 2.00840366e-01, 2.08609106e-01,
       2.16632531e-01, 2.16632531e-01, 2.16632531e-01, 2.16632531e-01,
       2.33967617e-01, 2.33967617e-01, 2.33967617e-01, 2.33967617e-01,
       2.33967617e-01, 2.33967617e-01, 2.53030611e-01, 2.53030611e-01,
       2.53030611e-01, 2.53030611e-01, 2.53030611e-01, 2.53030611e-01,
       2.63431977e-01, 2.84730126e-01, 2.84730126e-01, 2.84730126e-01,
       3.07014794e-01, 3.07014794e-01, 3.29831123e-01, 3.29831123e-01,
       3.29831123e-01, 3.29831123e-01, 3.41779816e-01, 3.41779816e-01,
       3.41779816e-01, 3.66738697e-01, 3.66738697e-01, 3.66738697e-01,
       3.79624959e-01, 3.79624959e-01, 3.92923925e-01, 3.92923925e-01,
       3.92923925e-01, 4.06717686e-01, 4.06717686e-01, 4.06717686e-01,
       4.20876126e-01, 4.35171682e-01, 4.64162588e-01, 4.64162588e-01,
       5.23567837e-01, 5.68538863e-01, 6.13906534e-01, 7.05567025e-01,
       1.00000000e+00]), array([0.00000000e+00, 1.16936192e-04, 3.00094212e-04, 3.00094212e-04,
       3.00094212e-04, 3.00094212e-04, 3.00094212e-04, 3.00094212e-04,
       1.42952928e-03, 1.42952928e-03, 1.42952928e-03, 3.09510863e-03,
       3.09510863e-03, 7.01745670e-03, 9.20457040e-03, 9.20457040e-03,
       9.20457040e-03, 1.18639942e-02, 1.18639942e-02, 1.47638272e-02,
       1.47638272e-02, 1.79381674e-02, 2.79494564e-02, 2.79494564e-02,
       2.79494564e-02, 3.56725224e-02, 3.56725224e-02, 3.56725224e-02,
       4.86780982e-02, 4.86780982e-02, 5.33269961e-02, 5.81663242e-02,
       5.81663242e-02, 7.87108147e-02, 9.44831295e-02, 1.05265247e-01,
       1.16453998e-01, 1.22127367e-01, 1.39833191e-01, 1.39833191e-01,
       1.58358472e-01, 1.64651264e-01, 1.77561198e-01, 1.90785342e-01,
       1.97578230e-01, 2.11607120e-01, 2.18800435e-01, 2.40764777e-01,
       2.63012758e-01, 2.85903004e-01, 2.85903004e-01, 2.93872370e-01,
       2.93872370e-01, 3.10272121e-01, 3.18696221e-01, 3.18696221e-01,
       3.18696221e-01, 3.27620166e-01, 3.36634621e-01, 3.36634621e-01,
       3.45942243e-01, 3.65042910e-01, 3.74632302e-01, 3.84443649e-01,
       4.04407111e-01, 4.04407111e-01, 4.24909339e-01, 4.24909339e-01,
       4.35518226e-01, 4.35518226e-01, 4.46370456e-01, 4.46370456e-01,
       4.46370456e-01, 4.46370456e-01, 4.46370456e-01, 4.58124376e-01,
       4.69916946e-01, 4.69916946e-01, 4.82032882e-01, 4.82032882e-01,
       4.94513159e-01, 4.94513159e-01, 5.07308892e-01, 5.07308892e-01,
       5.20374419e-01, 5.33695658e-01, 5.47181988e-01, 5.60748328e-01,
       5.60748328e-01, 5.74601053e-01, 5.88695174e-01, 6.02900742e-01,
       6.17192799e-01, 6.46314539e-01, 6.75750903e-01, 6.90522029e-01,
       6.90522029e-01, 7.51085827e-01, 7.81637190e-01, 8.74513497e-01,
       1.00000000e+00]), array([0.00000000e+00, 1.09386572e-05, 1.09386572e-05, 1.09386572e-05,
       1.09386572e-05, 1.09386572e-05, 1.09386572e-05, 1.04436918e-03,
       1.04436918e-03, 1.04436918e-03, 3.83777986e-03, 3.83777986e-03,
       3.83777986e-03, 3.83777986e-03, 5.89102302e-03, 5.89102302e-03,
       5.89102302e-03, 5.89102302e-03, 1.11919171e-02, 1.11919171e-02,
       1.11919171e-02, 1.11919171e-02, 1.44707603e-02, 1.44707603e-02,
       1.44707603e-02, 1.81995216e-02, 1.81995216e-02, 1.81995216e-02,
       2.22678448e-02, 2.64824329e-02, 3.52087211e-02, 3.52087211e-02,
       4.46895890e-02, 4.94843145e-02, 5.44898450e-02, 5.97167766e-02,
       5.97167766e-02, 7.06159250e-02, 7.62966795e-02, 8.78907760e-02,
       9.38550631e-02, 9.99127097e-02, 1.06136570e-01, 1.31498722e-01,
       1.31498722e-01, 1.31498722e-01, 1.45142811e-01, 1.45142811e-01,
       1.66510912e-01, 1.88204794e-01, 2.10453651e-01, 2.25557050e-01,
       2.56382829e-01, 2.72114920e-01, 2.95929458e-01, 3.44849732e-01,
       3.69700829e-01, 3.69700829e-01, 3.87014363e-01, 4.13314670e-01,
       4.39997253e-01, 4.49085603e-01, 5.04124182e-01, 5.32196980e-01,
       5.79751256e-01, 5.98998296e-01, 5.98998296e-01, 6.08984801e-01,
       6.39194563e-01, 6.49419129e-01, 6.70190734e-01, 6.80712034e-01,
       6.80712034e-01, 6.91496697e-01, 7.13527424e-01, 7.13527424e-01,
       7.13527424e-01, 7.36524975e-01, 7.59664726e-01, 7.94913523e-01,
       7.94913523e-01, 8.06990109e-01, 8.43465244e-01, 8.43465244e-01,
       9.05918067e-01, 9.18507905e-01, 9.18507905e-01, 9.18507905e-01,
       9.31532808e-01, 9.58053689e-01, 9.58053689e-01, 9.58053689e-01,
       9.71678554e-01, 9.85582004e-01, 9.85582004e-01, 9.85582004e-01,
       9.85582004e-01, 1.00000000e+00, 1.00000000e+00, 1.00000000e+00,
       1.00000000e+00]), array([0.00000000e+00, 3.37028391e-04, 5.45977498e-04, 9.62164558e-04,
       9.62164558e-04, 9.62164558e-04, 9.62164558e-04, 9.62164558e-04,
       9.62164558e-04, 9.62164558e-04, 9.62164558e-04, 2.55653916e-03,
       4.25272674e-03, 4.25272674e-03, 4.25272674e-03, 4.25272674e-03,
       6.67195016e-03, 9.13836547e-03, 1.44181707e-02, 1.44181707e-02,
       1.73704285e-02, 1.73704285e-02, 1.73704285e-02, 1.73704285e-02,
       2.09053645e-02, 2.45978343e-02, 2.45978343e-02, 2.85684651e-02,
       2.85684651e-02, 3.28276552e-02, 3.28276552e-02, 3.74527939e-02,
       4.69449252e-02, 6.17625704e-02, 6.67667503e-02, 6.67667503e-02,
       7.21381923e-02, 7.21381923e-02, 8.91297008e-02, 9.48821449e-02,
       9.48821449e-02, 1.07198078e-01, 1.13479237e-01, 1.39266647e-01,
       1.39266647e-01, 1.39266647e-01, 1.39266647e-01, 1.60391679e-01,
       2.03574890e-01, 2.32943491e-01, 2.40433548e-01, 2.40433548e-01,
       2.63855135e-01, 2.79825923e-01, 3.04079178e-01, 3.28927225e-01,
       3.45724101e-01, 3.54257654e-01, 3.71760537e-01, 3.98289004e-01,
       4.07231720e-01, 4.25534319e-01, 4.44191564e-01, 4.53595868e-01,
       4.72728877e-01, 4.92197929e-01, 5.02146676e-01, 5.02146676e-01,
       5.12421501e-01, 5.12421501e-01, 5.22929202e-01, 5.65570742e-01,
       5.76428517e-01, 5.76428517e-01, 5.87573452e-01, 5.98798189e-01,
       6.10199149e-01, 6.33348147e-01, 6.45064055e-01, 6.56924437e-01,
       6.68979396e-01, 6.93435174e-01, 7.05798973e-01, 7.05798973e-01,
       7.05798973e-01, 7.05798973e-01, 7.18800566e-01, 7.44982729e-01,
       7.71389558e-01, 7.71389558e-01, 8.25642702e-01, 8.39295324e-01,
       8.39295324e-01, 8.39295324e-01, 8.67627434e-01, 8.96232482e-01,
       9.10683082e-01, 9.25234081e-01, 9.25234081e-01, 9.84889090e-01,
       1.00000000e+00])]",0.0049005869047723,0.0265439700738433,0.038105320060411,0.0212120736452861,"[{'lambda_reg': 0.00016730808565953274, 'gamma': 0.16973245991097266, 'coef0': -2.0655610323780085}, {'lambda_reg': 1.3451956428598318e-05, 'gamma': 0.5996964376521726, 'coef0': -3.023666823497846}, {'lambda_reg': 0.00010047686399553064, 'gamma': 0.017965364883708992, 'coef0': 1.2108389719448}, {'lambda_reg': 1.7037895650993058e-05, 'gamma': 0.002798416962482532, 'coef0': 1.0635062315509005}, {'lambda_reg': 1.3272029954960271e-05, 'gamma': 0.0024062814731117504, 'coef0': -0.7622571978588759}]",600,2,sigmoid,117
"[np.float64(0.11989635913227804), np.float64(0.04777081437613073), np.float64(0.0925920214457306), np.float64(0.11079038265167748), np.float64(0.15060908341792772)]",0.1043317322047489,0.0339485588696126,"[np.float64(0.801371258344144), np.float64(0.784503252725761), np.float64(0.7398007493900786), np.float64(0.7272142479401875), np.float64(0.8715960057905264)]",0.7848971028381395,0.0512820544326864,"[np.float64(0.8623999624512474), np.float64(0.8977796690219892), np.float64(0.8896957159746196), np.float64(0.8583997283776794), np.float64(0.8859746949747768)]",0.8788499541600625,0.0155919244966061,"[array([0.        , 0.02910532, 0.17392836, 0.20267214, 0.23098198,
       0.25900636, 0.25900636, 0.25900636, 0.28625953, 0.28625953,
       0.31297343, 0.33918857, 0.33918857, 0.39058476, 0.41596203,
       0.41596203, 0.4905318 , 0.51516597, 0.51516597, 0.51516597,
       0.51516597, 0.51516597, 0.53830552, 0.5838276 , 0.5838276 ,
       0.60586856, 0.62774685, 0.62774685, 0.64910019, 0.64910019,
       0.69045483, 0.71078684, 0.71078684, 0.71078684, 0.71078684,
       0.71078684, 0.72968435, 0.72968435, 0.72968435, 0.72968435,
       0.74751971, 0.74751971, 0.74751971, 0.74751971, 0.78069028,
       0.78069028, 0.78069028, 0.79653275, 0.81199538, 0.81199538,
       0.81199538, 0.81199538, 0.81199538, 0.81199538, 0.81199538,
       0.81199538, 0.81199538, 0.83744203, 0.83744203, 0.83744203,
       0.83744203, 0.86072436, 0.87215049, 0.88302864, 0.89371423,
       0.89371423, 0.90385961, 0.90385961, 0.90385961, 0.90385961,
       0.90385961, 0.90385961, 0.92896388, 0.93699868, 0.93699868,
       0.93699868, 0.95150459, 0.95150459, 0.95150459, 0.95150459,
       0.96348547, 0.96909602, 0.96909602, 0.97422593, 0.97893577,
       0.98351204, 0.98351204, 0.98746325, 0.99486977, 0.99486977,
       0.99486977, 0.99758609, 0.99758609, 0.99758609, 0.99758609,
       0.99911891, 0.99911891, 0.99911891, 1.        , 1.        ,
       1.        ]), array([0.        , 0.        , 0.0264539 , 0.07914504, 0.18359009,
       0.18359009, 0.26008042, 0.33590656, 0.41074244, 0.53440429,
       0.60769603, 0.65585582, 0.67978119, 0.67978119, 0.72658656,
       0.72658656, 0.72658656, 0.72658656, 0.72658656, 0.72658656,
       0.72658656, 0.72658656, 0.72658656, 0.74758183, 0.74758183,
       0.74758183, 0.76766232, 0.76766232, 0.76766232, 0.76766232,
       0.76766232, 0.76766232, 0.78602252, 0.80434289, 0.82230624,
       0.83992029, 0.83992029, 0.8569744 , 0.8569744 , 0.8569744 ,
       0.8569744 , 0.8569744 , 0.8569744 , 0.8569744 , 0.8569744 ,
       0.8569744 , 0.8569744 , 0.8569744 , 0.87124639, 0.87124639,
       0.87124639, 0.88464206, 0.88464206, 0.88464206, 0.89713443,
       0.89713443, 0.89713443, 0.89713443, 0.89713443, 0.90835736,
       0.90835736, 0.90835736, 0.90835736, 0.90835736, 0.90835736,
       0.90835736, 0.90835736, 0.90835736, 0.90835736, 0.90835736,
       0.90835736, 0.91642952, 0.91642952, 0.92375022, 0.92375022,
       0.93065572, 0.93065572, 0.93689134, 0.94912949, 0.96074453,
       0.96074453, 0.96609544, 0.96609544, 0.97071811, 0.97071811,
       0.97487525, 0.97888588, 0.98240453, 0.98569877, 0.98569877,
       0.98569877, 0.99599152, 0.99816547, 0.99816547, 1.        ,
       1.        , 1.        , 1.        , 1.        , 1.        ,
       1.        ]), array([0.        , 0.02856932, 0.08514108, 0.19738597, 0.22499065,
       0.33492677, 0.38909531, 0.41586524, 0.44254273, 0.49492217,
       0.52088289, 0.52088289, 0.54634097, 0.54634097, 0.54634097,
       0.54634097, 0.54634097, 0.54634097, 0.54634097, 0.56966147,
       0.56966147, 0.59262497, 0.59262497, 0.59262497, 0.59262497,
       0.59262497, 0.6139088 , 0.63514185, 0.65605814, 0.6765579 ,
       0.69674219, 0.69674219, 0.69674219, 0.7160779 , 0.77336083,
       0.77336083, 0.77336083, 0.77336083, 0.77336083, 0.7911354 ,
       0.7911354 , 0.80819957, 0.80819957, 0.80819957, 0.80819957,
       0.80819957, 0.80819957, 0.80819957, 0.80819957, 0.80819957,
       0.80819957, 0.82236568, 0.85007049, 0.85007049, 0.86350096,
       0.86350096, 0.86350096, 0.87607829, 0.87607829, 0.88791937,
       0.89967743, 0.89967743, 0.89967743, 0.91038686, 0.91038686,
       0.92049336, 0.9303527 , 0.9303527 , 0.93977997, 0.94874872,
       0.95760668, 0.95760668, 0.95760668, 0.95760668, 0.95760668,
       0.95760668, 0.95760668, 0.96446319, 0.97092118, 0.97092118,
       0.97092118, 0.97092118, 0.97092118, 0.97607937, 0.97607937,
       0.97607937, 0.98012009, 0.98012009, 0.98012009, 0.98012009,
       0.98631941, 0.98631941, 0.98869579, 0.99077507, 0.99443772,
       0.99612483, 0.99893764, 1.        , 1.        , 1.        ,
       1.        ]), array([0.        , 0.15846585, 0.18995224, 0.18995224, 0.18995224,
       0.18995224, 0.21996768, 0.2497612 , 0.30874439, 0.36703402,
       0.39578568, 0.39578568, 0.39578568, 0.45138335, 0.45138335,
       0.45138335, 0.45138335, 0.45138335, 0.45138335, 0.45138335,
       0.47712624, 0.47712624, 0.50197852, 0.50197852, 0.50197852,
       0.52598336, 0.52598336, 0.54928552, 0.54928552, 0.54928552,
       0.54928552, 0.57140978, 0.59315539, 0.59315539, 0.61423247,
       0.61423247, 0.61423247, 0.61423247, 0.63420323, 0.63420323,
       0.65360594, 0.74861971, 0.74861971, 0.74861971, 0.74861971,
       0.74861971, 0.74861971, 0.76569396, 0.76569396, 0.76569396,
       0.78179722, 0.78179722, 0.78179722, 0.78179722, 0.78179722,
       0.78179722, 0.78179722, 0.79563223, 0.79563223, 0.8089003 ,
       0.82173674, 0.84675523, 0.85890225, 0.85890225, 0.85890225,
       0.85890225, 0.86973957, 0.89100842, 0.89100842, 0.89100842,
       0.90085366, 0.90085366, 0.91007388, 0.91007388, 0.91007388,
       0.91007388, 0.92538253, 0.93272099, 0.93991601, 0.95352302,
       0.95352302, 0.95352302, 0.95352302, 0.95893786, 0.9691799 ,
       0.97417128, 0.98328667, 0.9877172 , 0.9877172 , 0.9877172 ,
       0.99096408, 0.99096408, 0.99096408, 0.99806448, 1.        ,
       1.        , 1.        , 1.        , 1.        , 1.        ,
       1.        ]), array([0.        , 0.03498344, 0.10416329, 0.13854959, 0.13854959,
       0.17223318, 0.20552886, 0.30458251, 0.40264687, 0.40264687,
       0.40264687, 0.4343074 , 0.4343074 , 0.4343074 , 0.4343074 ,
       0.4343074 , 0.4343074 , 0.46359008, 0.49275376, 0.52147266,
       0.54979783, 0.57797937, 0.60551178, 0.60551178, 0.60551178,
       0.60551178, 0.60551178, 0.60551178, 0.60551178, 0.60551178,
       0.63029953, 0.65469897, 0.67901087, 0.67901087, 0.67901087,
       0.67901087, 0.70191534, 0.70191534, 0.70191534, 0.70191534,
       0.70191534, 0.70191534, 0.70191534, 0.70191534, 0.72194289,
       0.72194289, 0.72194289, 0.74094711, 0.79658673, 0.79658673,
       0.79658673, 0.79658673, 0.79658673, 0.81339326, 0.81339326,
       0.81339326, 0.81339326, 0.81339326, 0.82838542, 0.82838542,
       0.82838542, 0.82838542, 0.84189913, 0.84189913, 0.84189913,
       0.84189913, 0.84189913, 0.84189913, 0.84189913, 0.84189913,
       0.85254153, 0.86286535, 0.86286535, 0.87238472, 0.88186588,
       0.89100136, 0.89969814, 0.91627467, 0.92412937, 0.92412937,
       0.92412937, 0.92412937, 0.93048038, 0.93657511, 0.94233809,
       0.94768334, 0.95798607, 0.96257577, 0.97138081, 0.97538519,
       0.97900509, 0.98243651, 0.98847296, 0.9912226 , 0.9912226 ,
       0.99889065, 0.99889065, 1.        , 1.        , 1.        ,
       1.        ])]","[array([0.00000000e+00, 3.55243751e-04, 3.05404505e-03, 3.88339276e-03,
       5.28178416e-03, 7.05451899e-03, 7.05451899e-03, 7.05451899e-03,
       9.83856514e-03, 9.83856514e-03, 1.33297990e-02, 1.74750722e-02,
       1.74750722e-02, 2.71216884e-02, 3.23657026e-02, 3.23657026e-02,
       5.01461299e-02, 5.63646150e-02, 5.63646150e-02, 5.63646150e-02,
       5.63646150e-02, 5.63646150e-02, 6.45430646e-02, 8.18926808e-02,
       8.18926808e-02, 9.15117755e-02, 1.01344175e-01, 1.01344175e-01,
       1.11864970e-01, 1.11864970e-01, 1.34679575e-01, 1.46539694e-01,
       1.46539694e-01, 1.46539694e-01, 1.46539694e-01, 1.46539694e-01,
       1.60280935e-01, 1.60280935e-01, 1.60280935e-01, 1.60280935e-01,
       1.75415044e-01, 1.75415044e-01, 1.75415044e-01, 1.75415044e-01,
       2.08961811e-01, 2.08961811e-01, 2.08961811e-01, 2.26709290e-01,
       2.44954864e-01, 2.44954864e-01, 2.44954864e-01, 2.44954864e-01,
       2.44954864e-01, 2.44954864e-01, 2.44954864e-01, 2.44954864e-01,
       2.44954864e-01, 2.88630404e-01, 2.88630404e-01, 2.88630404e-01,
       2.88630404e-01, 3.35144120e-01, 3.58682970e-01, 3.82940404e-01,
       4.07450360e-01, 4.07450360e-01, 4.32668705e-01, 4.32668705e-01,
       4.32668705e-01, 4.32668705e-01, 4.32668705e-01, 4.32668705e-01,
       5.15315726e-01, 5.43301792e-01, 5.43301792e-01, 5.43301792e-01,
       6.01324467e-01, 6.01324467e-01, 6.01324467e-01, 6.01324467e-01,
       6.62658340e-01, 6.93823441e-01, 6.93823441e-01, 7.25618835e-01,
       7.57965079e-01, 7.90486487e-01, 7.90486487e-01, 8.23827572e-01,
       8.91160034e-01, 8.91160034e-01, 8.91160034e-01, 9.26120478e-01,
       9.26120478e-01, 9.26120478e-01, 9.26120478e-01, 9.62632915e-01,
       9.62632915e-01, 9.62632915e-01, 1.00000000e+00, 1.00000000e+00,
       1.00000000e+00]), array([0.00000000e+00, 0.00000000e+00, 8.63200192e-04, 2.93942415e-03,
       8.60524488e-03, 8.60524488e-03, 1.58312453e-02, 2.41297005e-02,
       3.40271464e-02, 5.22419142e-02, 6.46326903e-02, 7.40256971e-02,
       7.89717177e-02, 7.89717177e-02, 9.05517196e-02, 9.05517196e-02,
       9.05517196e-02, 9.05517196e-02, 9.05517196e-02, 9.05517196e-02,
       9.05517196e-02, 9.05517196e-02, 9.05517196e-02, 1.00228983e-01,
       1.00228983e-01, 1.00228983e-01, 1.11383334e-01, 1.11383334e-01,
       1.11383334e-01, 1.11383334e-01, 1.11383334e-01, 1.11383334e-01,
       1.25315446e-01, 1.39311877e-01, 1.53884796e-01, 1.69021715e-01,
       1.69021715e-01, 1.85062777e-01, 1.85062777e-01, 1.85062777e-01,
       1.85062777e-01, 1.85062777e-01, 1.85062777e-01, 1.85062777e-01,
       1.85062777e-01, 1.85062777e-01, 1.85062777e-01, 1.85062777e-01,
       2.05596140e-01, 2.05596140e-01, 2.05596140e-01, 2.27544483e-01,
       2.27544483e-01, 2.27544483e-01, 2.50951401e-01, 2.50951401e-01,
       2.50951401e-01, 2.50951401e-01, 2.50951401e-01, 2.76408076e-01,
       2.76408076e-01, 2.76408076e-01, 2.76408076e-01, 2.76408076e-01,
       2.76408076e-01, 2.76408076e-01, 2.76408076e-01, 2.76408076e-01,
       2.76408076e-01, 2.76408076e-01, 2.76408076e-01, 3.06952327e-01,
       3.06952327e-01, 3.38709939e-01, 3.38709939e-01, 3.71137995e-01,
       3.71137995e-01, 4.04647690e-01, 4.72043475e-01, 5.40445393e-01,
       5.40445393e-01, 5.75383636e-01, 5.75383636e-01, 6.11497788e-01,
       6.11497788e-01, 6.48363611e-01, 6.85466013e-01, 7.23362813e-01,
       7.61621974e-01, 7.61621974e-01, 7.61621974e-01, 9.19315750e-01,
       9.59383851e-01, 9.59383851e-01, 1.00000000e+00, 1.00000000e+00,
       1.00000000e+00, 1.00000000e+00, 1.00000000e+00, 1.00000000e+00,
       1.00000000e+00]), array([0.00000000e+00, 2.12156594e-04, 1.42013422e-03, 5.07837034e-03,
       6.62406447e-03, 1.34740094e-02, 1.80042523e-02, 2.07039336e-02,
       2.35313922e-02, 3.05349336e-02, 3.43532908e-02, 3.43532908e-02,
       3.88664867e-02, 3.88664867e-02, 3.88664867e-02, 3.88664867e-02,
       3.88664867e-02, 3.88664867e-02, 3.88664867e-02, 4.63347458e-02,
       4.63347458e-02, 5.42965135e-02, 5.42965135e-02, 5.42965135e-02,
       5.42965135e-02, 5.42965135e-02, 6.45803008e-02, 7.49342953e-02,
       8.57261760e-02, 9.70938899e-02, 1.08897703e-01, 1.08897703e-01,
       1.08897703e-01, 1.21874626e-01, 1.61806523e-01, 1.61806523e-01,
       1.61806523e-01, 1.61806523e-01, 1.61806523e-01, 1.76941597e-01,
       1.76941597e-01, 1.93058753e-01, 1.93058753e-01, 1.93058753e-01,
       1.93058753e-01, 1.93058753e-01, 1.93058753e-01, 1.93058753e-01,
       1.93058753e-01, 1.93058753e-01, 1.93058753e-01, 2.13182253e-01,
       2.54296582e-01, 2.54296582e-01, 2.75437047e-01, 2.75437047e-01,
       2.75437047e-01, 2.97756908e-01, 2.97756908e-01, 3.21094588e-01,
       3.44547019e-01, 3.44547019e-01, 3.44547019e-01, 3.69449112e-01,
       3.69449112e-01, 3.95184709e-01, 4.21261995e-01, 4.21261995e-01,
       4.47936573e-01, 4.75245019e-01, 5.02706633e-01, 5.02706633e-01,
       5.02706633e-01, 5.02706633e-01, 5.02706633e-01, 5.02706633e-01,
       5.02706633e-01, 5.32935093e-01, 5.63714480e-01, 5.63714480e-01,
       5.63714480e-01, 5.63714480e-01, 5.63714480e-01, 5.96290740e-01,
       5.96290740e-01, 5.96290740e-01, 6.30411818e-01, 6.30411818e-01,
       6.30411818e-01, 6.30411818e-01, 7.01255860e-01, 7.01255860e-01,
       7.37677758e-01, 7.74510373e-01, 8.48861169e-01, 8.86235931e-01,
       9.61761562e-01, 1.00000000e+00, 1.00000000e+00, 1.00000000e+00,
       1.00000000e+00]), array([0.00000000e+00, 8.20781808e-04, 1.21203258e-03, 1.21203258e-03,
       1.21203258e-03, 1.21203258e-03, 3.21871998e-03, 5.46911685e-03,
       1.06330975e-02, 1.65587551e-02, 1.99533507e-02, 1.99533507e-02,
       1.99533507e-02, 2.88353906e-02, 2.88353906e-02, 2.88353906e-02,
       2.88353906e-02, 2.88353906e-02, 2.88353906e-02, 2.88353906e-02,
       3.55343053e-02, 3.55343053e-02, 4.32113116e-02, 4.32113116e-02,
       4.32113116e-02, 5.18190044e-02, 5.18190044e-02, 6.11983930e-02,
       6.11983930e-02, 6.11983930e-02, 6.11983930e-02, 7.18713776e-02,
       8.29602206e-02, 8.29602206e-02, 9.47832533e-02, 9.47832533e-02,
       9.47832533e-02, 9.47832533e-02, 1.07821272e-01, 1.07821272e-01,
       1.21483145e-01, 1.91988707e-01, 1.91988707e-01, 1.91988707e-01,
       1.91988707e-01, 1.91988707e-01, 1.91988707e-01, 2.08207747e-01,
       2.08207747e-01, 2.08207747e-01, 2.25493166e-01, 2.25493166e-01,
       2.25493166e-01, 2.25493166e-01, 2.25493166e-01, 2.25493166e-01,
       2.25493166e-01, 2.45269638e-01, 2.45269638e-01, 2.65668737e-01,
       2.86541858e-01, 3.29006777e-01, 3.50637034e-01, 3.50637034e-01,
       3.50637034e-01, 3.50637034e-01, 3.73705654e-01, 4.20288529e-01,
       4.20288529e-01, 4.20288529e-01, 4.44446668e-01, 4.44446668e-01,
       4.69291221e-01, 4.69291221e-01, 4.69291221e-01, 4.69291221e-01,
       5.22419744e-01, 5.49330902e-01, 5.76399580e-01, 6.31396892e-01,
       6.31396892e-01, 6.31396892e-01, 6.31396892e-01, 6.60420617e-01,
       7.19113430e-01, 7.48602216e-01, 8.08532342e-01, 8.38637059e-01,
       8.38637059e-01, 8.38637059e-01, 8.70041701e-01, 8.70041701e-01,
       8.70041701e-01, 9.67155192e-01, 1.00000000e+00, 1.00000000e+00,
       1.00000000e+00, 1.00000000e+00, 1.00000000e+00, 1.00000000e+00,
       1.00000000e+00]), array([0.00000000e+00, 2.28818612e-04, 1.39275639e-03, 2.15746116e-03,
       2.15746116e-03, 3.55279643e-03, 5.29624852e-03, 1.12744964e-02,
       1.81405663e-02, 1.81405663e-02, 1.81405663e-02, 2.13514345e-02,
       2.13514345e-02, 2.13514345e-02, 2.13514345e-02, 2.13514345e-02,
       2.13514345e-02, 2.66962271e-02, 3.21478202e-02, 3.79985694e-02,
       4.42026530e-02, 5.05356386e-02, 5.74511681e-02, 5.74511681e-02,
       5.74511681e-02, 5.74511681e-02, 5.74511681e-02, 5.74511681e-02,
       5.74511681e-02, 5.74511681e-02, 6.68298113e-02, 7.65569240e-02,
       8.63626033e-02, 8.63626033e-02, 8.63626033e-02, 8.63626033e-02,
       9.74313367e-02, 9.74313367e-02, 9.74313367e-02, 9.74313367e-02,
       9.74313367e-02, 9.74313367e-02, 9.74313367e-02, 9.74313367e-02,
       1.11081882e-01, 1.11081882e-01, 1.11081882e-01, 1.25650782e-01,
       1.70589669e-01, 1.70589669e-01, 1.70589669e-01, 1.70589669e-01,
       1.70589669e-01, 1.87130814e-01, 1.87130814e-01, 1.87130814e-01,
       1.87130814e-01, 1.87130814e-01, 2.05300220e-01, 2.05300220e-01,
       2.05300220e-01, 2.05300220e-01, 2.24796414e-01, 2.24796414e-01,
       2.24796414e-01, 2.24796414e-01, 2.24796414e-01, 2.24796414e-01,
       2.24796414e-01, 2.24796414e-01, 2.46869386e-01, 2.69228249e-01,
       2.69228249e-01, 2.92309042e-01, 3.15424137e-01, 3.38849443e-01,
       3.62668449e-01, 4.11039680e-01, 4.35614385e-01, 4.35614385e-01,
       4.35614385e-01, 4.35614385e-01, 4.61538533e-01, 4.87692670e-01,
       5.14144528e-01, 5.40971260e-01, 5.94972733e-01, 6.22477508e-01,
       6.77823032e-01, 7.05853098e-01, 7.34228202e-01, 7.62772443e-01,
       8.20602564e-01, 8.49758652e-01, 8.49758652e-01, 9.69371884e-01,
       9.69371884e-01, 1.00000000e+00, 1.00000000e+00, 1.00000000e+00,
       1.00000000e+00])]",-0.0246270945830468,0.0211568737080382,0.0170626574610632,0.0037785898985704,"[{'lambda_reg': 0.04576022377840994, 'gamma': 0.012357567350741635}, {'lambda_reg': 0.8449881844346429, 'gamma': 0.7390083201741166}, {'lambda_reg': 0.4200004845462684, 'gamma': 0.1425931874531018}, {'lambda_reg': 0.2970791619788454, 'gamma': 0.08430024877193872}, {'lambda_reg': 0.015427444826162326, 'gamma': 0.005859954829449671}]",300,1,laplacian,86
"[np.float64(0.10817486957527073), np.float64(0.09581308990313885), np.float64(0.1496021360086987), np.float64(0.09611369931224639), np.float64(0.1242067908955594)]",0.1147821171389828,0.0202644897705382,"[np.float64(0.8346091450256913), np.float64(0.854327142479705), np.float64(0.8273953799310704), np.float64(0.8855296719109881), np.float64(0.8313109086132716)]",0.8466344495921453,0.0215479767150672,"[np.float64(0.9122627906014946), np.float64(0.9069974339484077), np.float64(0.9195032569257976), np.float64(0.8944114184605259), np.float64(0.9146065925434993)]",0.909556298495945,0.0085754035537607,"[array([0.        , 0.25254998, 0.2881161 , 0.2881161 , 0.30560332,
       0.35717723, 0.37422939, 0.37422939, 0.37422939, 0.39071262,
       0.39071262, 0.39071262, 0.4227569 , 0.43864194, 0.46989334,
       0.50081537, 0.51599773, 0.51599773, 0.51599773, 0.51599773,
       0.51599773, 0.51599773, 0.51599773, 0.52996267, 0.54383195,
       0.55751511, 0.55751511, 0.55751511, 0.58367182, 0.58367182,
       0.58367182, 0.58367182, 0.6207123 , 0.6207123 , 0.6207123 ,
       0.63247784, 0.63247784, 0.66678608, 0.66678608, 0.67791671,
       0.67791671, 0.67791671, 0.70974757, 0.73066705, 0.74092095,
       0.76099357, 0.77080744, 0.79005246, 0.79956439, 0.80887389,
       0.81795832, 0.84482621, 0.84482621, 0.85346216, 0.85346216,
       0.85346216, 0.85346216, 0.86127108, 0.86889016, 0.86889016,
       0.86889016, 0.86889016, 0.88279563, 0.88279563, 0.88935667,
       0.88935667, 0.88935667, 0.89533593, 0.89533593, 0.90673656,
       0.91229522, 0.92828149, 0.93350198, 0.93841727, 0.94318479,
       0.94318479, 0.94766554, 0.94766554, 0.95977042, 0.96372694,
       0.96372694, 0.96372694, 0.96372694, 0.96372694, 0.9725956 ,
       0.97818848, 0.98345474, 0.98596844, 0.98596844, 0.98795885,
       0.98795885, 0.98968598, 0.99284984, 0.99284984, 0.99284984,
       0.99284984, 0.99520051, 0.99575995, 0.99678813, 0.99890143,
       1.        ]), array([0.        , 0.26896814, 0.36870765, 0.38510534, 0.38510534,
       0.38510534, 0.40106031, 0.40106031, 0.40106031, 0.41649383,
       0.41649383, 0.41649383, 0.4314274 , 0.4314274 , 0.44604856,
       0.46046229, 0.4747193 , 0.4747193 , 0.4747193 , 0.50211903,
       0.52915264, 0.54258516, 0.58229798, 0.58229798, 0.58229798,
       0.59505557, 0.59505557, 0.59505557, 0.59505557, 0.60704267,
       0.61890571, 0.61890571, 0.61890571, 0.65305654, 0.65305654,
       0.67512845, 0.70769752, 0.71832758, 0.71832758, 0.71832758,
       0.71832758, 0.74846724, 0.74846724, 0.74846724, 0.75801766,
       0.75801766, 0.7671425 , 0.80317894, 0.81206249, 0.81206249,
       0.82052228, 0.82883816, 0.83693505, 0.84496263, 0.86070893,
       0.86070893, 0.86817501, 0.86817501, 0.87533295, 0.88922819,
       0.89613443, 0.89613443, 0.89613443, 0.90248985, 0.90867371,
       0.91464021, 0.91464021, 0.91464021, 0.91464021, 0.91464021,
       0.91970332, 0.91970332, 0.92446952, 0.92915827, 0.92915827,
       0.9334602 , 0.9334602 , 0.93735738, 0.94488861, 0.95573854,
       0.95573854, 0.95573854, 0.95573854, 0.95573854, 0.95858805,
       0.96126547, 0.96126547, 0.96584862, 0.96584862, 0.97343547,
       0.97693567, 0.97693567, 0.98267092, 0.98756412, 0.99083505,
       0.99265325, 0.99489743, 0.99814729, 1.        , 1.        ,
       1.        ]), array([0.        , 0.286775  , 0.286775  , 0.32170603, 0.32170603,
       0.32170603, 0.3556956 , 0.37253843, 0.38920136, 0.40568489,
       0.42184376, 0.42184376, 0.46952199, 0.53236021, 0.53236021,
       0.53236021, 0.53236021, 0.53236021, 0.56202032, 0.56202032,
       0.57654068, 0.57654068, 0.57654068, 0.57654068, 0.59035625,
       0.59035625, 0.59035625, 0.60351487, 0.60351487, 0.64201594,
       0.65471143, 0.65471143, 0.66701018, 0.66701018, 0.66701018,
       0.67882818, 0.70198854, 0.70198854, 0.70198854, 0.70198854,
       0.71285911, 0.71285911, 0.71285911, 0.7232194 , 0.74349015,
       0.74349015, 0.74349015, 0.74349015, 0.74349015, 0.75279865,
       0.76180845, 0.77066747, 0.77929098, 0.81352531, 0.82183362,
       0.82996725, 0.85398153, 0.85398153, 0.86169428, 0.88401937,
       0.88401937, 0.88401937, 0.89092809, 0.8976423 , 0.9041378 ,
       0.91698086, 0.92321468, 0.93517375, 0.94101938, 0.94101938,
       0.94101938, 0.94639712, 0.94639712, 0.94639712, 0.94639712,
       0.94639712, 0.95087649, 0.95087649, 0.95494455, 0.95494455,
       0.95494455, 0.95852677, 0.96188078, 0.96498404, 0.97091106,
       0.97370545, 0.97624906, 0.98118895, 0.98118895, 0.98318944,
       0.98514909, 0.98693128, 0.98844201, 0.99253051, 0.99375246,
       0.99481555, 0.99564149, 0.99675899, 0.99790509, 0.9990154 ,
       1.        ]), array([0.        , 0.16372822, 0.20411116, 0.24416901, 0.26402521,
       0.28361775, 0.30289996, 0.32198357, 0.34095018, 0.34095018,
       0.37798814, 0.37798814, 0.39614497, 0.39614497, 0.41390272,
       0.41390272, 0.41390272, 0.41390272, 0.41390272, 0.41390272,
       0.41390272, 0.43027663, 0.46239834, 0.50995933, 0.52570188,
       0.54108598, 0.54108598, 0.5561933 , 0.57101144, 0.58558252,
       0.58558252, 0.58558252, 0.5996759 , 0.61348906, 0.61348906,
       0.61348906, 0.61348906, 0.61348906, 0.62620596, 0.62620596,
       0.65104461, 0.65104461, 0.66296358, 0.66296358, 0.66296358,
       0.66296358, 0.66296358, 0.67393651, 0.67393651, 0.69513839,
       0.72615073, 0.72615073, 0.7360189 , 0.7360189 , 0.75500563,
       0.77366423, 0.78281042, 0.78281042, 0.79150024, 0.80850881,
       0.80850881, 0.82487592, 0.82487592, 0.83263675, 0.84769971,
       0.84769971, 0.84769971, 0.85458365, 0.86122008, 0.86122008,
       0.87372969, 0.88576254, 0.88576254, 0.89143695, 0.89690283,
       0.90207071, 0.90207071, 0.91171418, 0.91171418, 0.91171418,
       0.91588187, 0.91588187, 0.9195856 , 0.93041856, 0.93718094,
       0.93718094, 0.93718094, 0.94557758, 0.94819094, 0.95298458,
       0.96154399, 0.9674855 , 0.96932952, 0.97543574, 0.9795583 ,
       0.9860485 , 0.99318088, 1.        , 1.        , 1.        ,
       1.        ]), array([0.        , 0.15547408, 0.23217686, 0.25126434, 0.28906472,
       0.28906472, 0.32605001, 0.32605001, 0.32605001, 0.34387478,
       0.3614883 , 0.3614883 , 0.37865978, 0.41264824, 0.41264824,
       0.42924258, 0.42924258, 0.4454704 , 0.4454704 , 0.4454704 ,
       0.46120102, 0.46120102, 0.47645557, 0.49157574, 0.5063913 ,
       0.5063913 , 0.5063913 , 0.52063734, 0.57713201, 0.57713201,
       0.57713201, 0.59071506, 0.61747646, 0.64370277, 0.65669126,
       0.66941927, 0.70718715, 0.70718715, 0.73159346, 0.74353805,
       0.74353805, 0.77824557, 0.77824557, 0.77824557, 0.78934936,
       0.78934936, 0.79991122, 0.79991122, 0.820375  , 0.8403714 ,
       0.8403714 , 0.8403714 , 0.8403714 , 0.8403714 , 0.85849465,
       0.86735021, 0.89332081, 0.89332081, 0.89332081, 0.89332081,
       0.89332081, 0.89332081, 0.89332081, 0.90067404, 0.90067404,
       0.90067404, 0.90067404, 0.90067404, 0.90067404, 0.90067404,
       0.90067404, 0.90067404, 0.90067404, 0.90067404, 0.91107904,
       0.91602096, 0.92080777, 0.92531194, 0.92531194, 0.92531194,
       0.92933129, 0.93306834, 0.94035348, 0.95038909, 0.95038909,
       0.95337374, 0.95907206, 0.96431402, 0.9668288 , 0.9668288 ,
       0.97311858, 0.97503934, 0.9816297 , 0.98307517, 0.98691356,
       0.99014047, 0.99284   , 0.99489494, 0.99747238, 0.9989074 ,
       1.        ])]","[array([0.00000000e+00, 1.57147527e-04, 6.18979048e-04, 6.18979048e-04,
       1.10355737e-03, 3.31846982e-03, 4.17607162e-03, 4.17607162e-03,
       4.17607162e-03, 5.52149979e-03, 5.52149979e-03, 5.52149979e-03,
       9.00303969e-03, 1.08613610e-02, 1.50227427e-02, 1.94665207e-02,
       2.19273434e-02, 2.19273434e-02, 2.19273434e-02, 2.19273434e-02,
       2.19273434e-02, 2.19273434e-02, 2.19273434e-02, 2.54320081e-02,
       2.90186918e-02, 3.27649559e-02, 3.27649559e-02, 3.27649559e-02,
       4.12946407e-02, 4.12946407e-02, 4.12946407e-02, 4.12946407e-02,
       5.59708457e-02, 5.59708457e-02, 5.59708457e-02, 6.13613252e-02,
       6.13613252e-02, 7.83802274e-02, 7.83802274e-02, 8.43150927e-02,
       8.43150927e-02, 8.43150927e-02, 1.03458153e-01, 1.16478357e-01,
       1.23164953e-01, 1.36911279e-01, 1.43975166e-01, 1.58431089e-01,
       1.65753870e-01, 1.73250209e-01, 1.80939538e-01, 2.04337966e-01,
       2.04337966e-01, 2.12411832e-01, 2.12411832e-01, 2.12411832e-01,
       2.12411832e-01, 2.21194805e-01, 2.30140560e-01, 2.30140560e-01,
       2.30140560e-01, 2.30140560e-01, 2.49174738e-01, 2.49174738e-01,
       2.59027675e-01, 2.59027675e-01, 2.59027675e-01, 2.69379445e-01,
       2.69379445e-01, 2.90561336e-01, 3.01273737e-01, 3.34002321e-01,
       3.45004679e-01, 3.56268725e-01, 3.67659467e-01, 3.67659467e-01,
       3.79296095e-01, 3.79296095e-01, 4.15352671e-01, 4.27438792e-01,
       4.27438792e-01, 4.27438792e-01, 4.27438792e-01, 4.27438792e-01,
       4.66270175e-01, 4.92431765e-01, 5.18873406e-01, 5.32196624e-01,
       5.32196624e-01, 5.45968529e-01, 5.45968529e-01, 5.59966182e-01,
       5.88210466e-01, 5.88210466e-01, 5.88210466e-01, 5.88210466e-01,
       6.32630531e-01, 6.47629385e-01, 6.77704850e-01, 7.99721076e-01,
       1.00000000e+00]), array([0.00000000e+00, 6.11645539e-04, 1.94042717e-03, 2.38260752e-03,
       2.38260752e-03, 2.38260752e-03, 3.25799836e-03, 3.25799836e-03,
       3.25799836e-03, 4.64363973e-03, 4.64363973e-03, 4.64363973e-03,
       6.51849016e-03, 6.51849016e-03, 8.69904328e-03, 1.10825750e-02,
       1.36194611e-02, 1.36194611e-02, 1.36194611e-02, 1.97835850e-02,
       2.63059665e-02, 2.96496347e-02, 4.02528070e-02, 4.02528070e-02,
       4.02528070e-02, 4.42569069e-02, 4.42569069e-02, 4.42569069e-02,
       4.42569069e-02, 4.90149457e-02, 5.38943878e-02, 5.38943878e-02,
       5.38943878e-02, 6.99400924e-02, 6.99400924e-02, 8.13176085e-02,
       9.89111028e-02, 1.04997040e-01, 1.04997040e-01, 1.04997040e-01,
       1.04997040e-01, 1.24967768e-01, 1.24967768e-01, 1.24967768e-01,
       1.32110152e-01, 1.32110152e-01, 1.39668984e-01, 1.70357267e-01,
       1.78152203e-01, 1.78152203e-01, 1.86361793e-01, 1.94712204e-01,
       2.03276897e-01, 2.11909417e-01, 2.29476686e-01, 2.29476686e-01,
       2.38658649e-01, 2.38658649e-01, 2.48142131e-01, 2.67520695e-01,
       2.77250473e-01, 2.77250473e-01, 2.77250473e-01, 2.87519240e-01,
       2.97955883e-01, 3.08605211e-01, 3.08605211e-01, 3.08605211e-01,
       3.08605211e-01, 3.08605211e-01, 3.20138532e-01, 3.20138532e-01,
       3.31962390e-01, 3.43862028e-01, 3.43862028e-01, 3.56140177e-01,
       3.56140177e-01, 3.68814385e-01, 3.94420284e-01, 4.33266444e-01,
       4.33266444e-01, 4.33266444e-01, 4.33266444e-01, 4.33266444e-01,
       4.46965821e-01, 4.60833591e-01, 4.60833591e-01, 4.89324247e-01,
       4.89324247e-01, 5.47851092e-01, 5.77401435e-01, 5.77401435e-01,
       6.37740116e-01, 6.98902752e-01, 7.45165135e-01, 7.76361353e-01,
       8.23628435e-01, 9.19374487e-01, 1.00000000e+00, 1.00000000e+00,
       1.00000000e+00]), array([0.00000000e+00, 4.18027155e-04, 4.18027155e-04, 1.26361363e-03,
       1.26361363e-03, 1.26361363e-03, 2.92471504e-03, 3.88689490e-03,
       5.00490766e-03, 6.27831557e-03, 7.83296348e-03, 7.83296348e-03,
       1.31884690e-02, 2.09638767e-02, 2.09638767e-02, 2.09638767e-02,
       2.09638767e-02, 2.09638767e-02, 2.63752700e-02, 2.63752700e-02,
       2.93492351e-02, 2.93492351e-02, 2.93492351e-02, 2.93492351e-02,
       3.29337090e-02, 3.29337090e-02, 3.29337090e-02, 3.70872469e-02,
       3.70872469e-02, 5.03922591e-02, 5.49469727e-02, 5.49469727e-02,
       5.98453586e-02, 5.98453586e-02, 5.98453586e-02, 6.51601760e-02,
       7.62018356e-02, 7.62018356e-02, 7.62018356e-02, 7.62018356e-02,
       8.23373406e-02, 8.23373406e-02, 8.23373406e-02, 8.89148677e-02,
       1.02459587e-01, 1.02459587e-01, 1.02459587e-01, 1.02459587e-01,
       1.02459587e-01, 1.09948206e-01, 1.17695562e-01, 1.25573529e-01,
       1.33655509e-01, 1.66208374e-01, 1.74563382e-01, 1.83069698e-01,
       2.08923563e-01, 2.08923563e-01, 2.17794462e-01, 2.45111538e-01,
       2.45111538e-01, 2.45111538e-01, 2.54678911e-01, 2.64414772e-01,
       2.74340083e-01, 2.94318860e-01, 3.04470853e-01, 3.25215366e-01,
       3.35703616e-01, 3.35703616e-01, 3.35703616e-01, 3.46597159e-01,
       3.46597159e-01, 3.46597159e-01, 3.46597159e-01, 3.46597159e-01,
       3.58268899e-01, 3.58268899e-01, 3.70296928e-01, 3.70296928e-01,
       3.70296928e-01, 3.82745801e-01, 3.95392362e-01, 4.08256129e-01,
       4.34225762e-01, 4.47357078e-01, 4.60705630e-01, 4.87530340e-01,
       4.87530340e-01, 5.01349354e-01, 5.15203745e-01, 5.29211855e-01,
       5.43455113e-01, 5.86569213e-01, 6.01062624e-01, 6.15693633e-01,
       6.30530075e-01, 6.60665849e-01, 7.06328739e-01, 7.67574523e-01,
       1.00000000e+00]), array([0.00000000e+00, 1.61685325e-04, 5.78350705e-04, 1.21776436e-03,
       1.65581344e-03, 2.27452253e-03, 3.10587075e-03, 4.07328707e-03,
       5.12087466e-03, 5.12087466e-03, 7.82946802e-03, 7.82946802e-03,
       9.43190176e-03, 9.43190176e-03, 1.13077792e-02, 1.13077792e-02,
       1.13077792e-02, 1.13077792e-02, 1.13077792e-02, 1.13077792e-02,
       1.13077792e-02, 1.41318384e-02, 2.02089637e-02, 2.97505454e-02,
       3.30072070e-02, 3.65094674e-02, 3.65094674e-02, 4.02013775e-02,
       4.40914273e-02, 4.81507595e-02, 4.81507595e-02, 4.81507595e-02,
       5.25374054e-02, 5.71160497e-02, 5.71160497e-02, 5.71160497e-02,
       5.71160497e-02, 5.71160497e-02, 6.24458355e-02, 6.24458355e-02,
       7.35131912e-02, 7.35131912e-02, 7.93897095e-02, 7.93897095e-02,
       7.93897095e-02, 7.93897095e-02, 7.93897095e-02, 8.59144298e-02,
       8.59144298e-02, 9.94736471e-02, 1.20354088e-01, 1.20354088e-01,
       1.27635776e-01, 1.27635776e-01, 1.42712775e-01, 1.58014602e-01,
       1.65790978e-01, 1.65790978e-01, 1.73880055e-01, 1.90312455e-01,
       1.90312455e-01, 2.07184371e-01, 2.07184371e-01, 2.15909976e-01,
       2.33675472e-01, 2.33675472e-01, 2.33675472e-01, 2.43001909e-01,
       2.52497934e-01, 2.52497934e-01, 2.72012944e-01, 2.91854630e-01,
       2.91854630e-01, 3.02009810e-01, 3.12307877e-01, 3.22810128e-01,
       3.22810128e-01, 3.44288970e-01, 3.44288970e-01, 3.44288970e-01,
       3.55476538e-01, 3.55476538e-01, 3.66981996e-01, 4.01689020e-01,
       4.25141945e-01, 4.25141945e-01, 4.25141945e-01, 4.61518289e-01,
       4.73770859e-01, 4.98572728e-01, 5.48880744e-01, 5.86939308e-01,
       5.99719016e-01, 6.51707918e-01, 6.91012796e-01, 7.70824998e-01,
       8.78283583e-01, 1.00000000e+00, 1.00000000e+00, 1.00000000e+00,
       1.00000000e+00]), array([0.00000000e+00, 3.10004938e-04, 1.23781172e-03, 1.53567582e-03,
       2.41128695e-03, 2.41128695e-03, 3.89593554e-03, 3.89593554e-03,
       3.89593554e-03, 5.13729293e-03, 6.53649135e-03, 6.53649135e-03,
       8.26598828e-03, 1.19898539e-02, 1.19898539e-02, 1.41505844e-02,
       1.41505844e-02, 1.65851803e-02, 1.65851803e-02, 1.65851803e-02,
       1.93912818e-02, 1.93912818e-02, 2.25530997e-02, 2.58153296e-02,
       2.93051587e-02, 2.93051587e-02, 2.93051587e-02, 3.32205376e-02,
       4.92477798e-02, 4.92477798e-02, 4.92477798e-02, 5.36585388e-02,
       6.27824511e-02, 7.23061771e-02, 7.71611878e-02, 8.22108321e-02,
       9.76707076e-02, 9.76707076e-02, 1.08554333e-01, 1.14189341e-01,
       1.14189341e-01, 1.31935911e-01, 1.31935911e-01, 1.31935911e-01,
       1.38199171e-01, 1.38199171e-01, 1.44867352e-01, 1.44867352e-01,
       1.58696829e-01, 1.72875522e-01, 1.72875522e-01, 1.72875522e-01,
       1.72875522e-01, 1.72875522e-01, 1.88453836e-01, 1.96396960e-01,
       2.20671736e-01, 2.20671736e-01, 2.20671736e-01, 2.20671736e-01,
       2.20671736e-01, 2.20671736e-01, 2.20671736e-01, 2.29737401e-01,
       2.29737401e-01, 2.29737401e-01, 2.29737401e-01, 2.29737401e-01,
       2.29737401e-01, 2.29737401e-01, 2.29737401e-01, 2.29737401e-01,
       2.29737401e-01, 2.29737401e-01, 2.51082765e-01, 2.61950154e-01,
       2.72933436e-01, 2.84127913e-01, 2.84127913e-01, 2.84127913e-01,
       2.95684642e-01, 3.07452303e-01, 3.31128822e-01, 3.67310176e-01,
       3.67310176e-01, 3.79640032e-01, 4.04502218e-01, 4.29705396e-01,
       4.42386335e-01, 4.42386335e-01, 4.81366559e-01, 4.94491351e-01,
       5.47806958e-01, 5.61286885e-01, 6.02098787e-01, 6.43367578e-01,
       6.85030430e-01, 7.27174917e-01, 7.98048946e-01, 8.84336567e-01,
       1.00000000e+00])]",0.0118096025780848,0.0190439454899188,0.0146395411371997,0.0030852948650071,"[{'lambda_reg': 2.39772286878699e-05, 'gamma': 0.0016519773030990376}, {'lambda_reg': 0.011197974069342871, 'gamma': 0.01608068253765944}, {'lambda_reg': 4.595349636138823e-05, 'gamma': 0.002527775935102705}, {'lambda_reg': 0.002194889603198692, 'gamma': 0.0021521141677124027}, {'lambda_reg': 0.00011201434550910265, 'gamma': 0.0018419571444798098}]",600,2,exponential,115
"[np.float64(0.10283634515437014), np.float64(0.04476932470535562), np.float64(0.08594159336161876), np.float64(0.11631737364376353), np.float64(0.13150297668940916)]",0.0962735227109034,0.0298173513328737,"[np.float64(0.7991908184985211), np.float64(0.7957724053988203), np.float64(0.7549690464608513), np.float64(0.7341225320472725), np.float64(0.865144969376717)]",0.7898399543564365,0.0449753027538866,"[np.float64(0.9177381965879532), np.float64(0.9126647658053356), np.float64(0.898877679524429), np.float64(0.912327591364999), np.float64(0.9305356986836644)]",0.9144287863932762,0.0101955728960635,"[array([0.        , 0.        , 0.1961584 , 0.2239735 , 0.30672302,
       0.33383065, 0.46870411, 0.52201331, 0.52201331, 0.54816028,
       0.62533124, 0.62533124, 0.62533124, 0.65022315, 0.67493223,
       0.67493223, 0.67493223, 0.67493223, 0.67493223, 0.67493223,
       0.6978548 , 0.74300516, 0.76544225, 0.76544225, 0.76544225,
       0.76544225, 0.76544225, 0.76544225, 0.76544225, 0.76544225,
       0.78560179, 0.80525037, 0.80525037, 0.80525037, 0.80525037,
       0.82392789, 0.82392789, 0.82392789, 0.82392789, 0.82392789,
       0.82392789, 0.82392789, 0.82392789, 0.82392789, 0.82392789,
       0.83981322, 0.83981322, 0.83981322, 0.83981322, 0.85435774,
       0.85435774, 0.86845267, 0.86845267, 0.86845267, 0.86845267,
       0.88134149, 0.88134149, 0.88134149, 0.88134149, 0.88134149,
       0.88134149, 0.88134149, 0.89226656, 0.89226656, 0.89226656,
       0.90235006, 0.91212211, 0.91212211, 0.91212211, 0.9211169 ,
       0.93852765, 0.93852765, 0.93852765, 0.93852765, 0.93852765,
       0.93852765, 0.94539331, 0.94539331, 0.94539331, 0.95779564,
       0.96938419, 0.96938419, 0.9747876 , 0.9747876 , 0.9747876 ,
       0.9747876 , 0.97891121, 0.97891121, 0.97891121, 0.98224395,
       0.98527737, 0.98810323, 0.99042915, 0.99258563, 0.99435717,
       0.99748126, 0.99748126, 0.99856619, 1.        , 1.        ,
       1.        ]), array([0.        , 0.        , 0.        , 0.        , 0.13474559,
       0.21516954, 0.37396046, 0.37396046, 0.42577789, 0.47708773,
       0.57860833, 0.65391244, 0.70354938, 0.70354938, 0.70354938,
       0.75134736, 0.77496988, 0.77496988, 0.77496988, 0.77496988,
       0.77496988, 0.77496988, 0.77496988, 0.77496988, 0.77496988,
       0.77496988, 0.77496988, 0.77496988, 0.77496988, 0.77496988,
       0.77496988, 0.77496988, 0.79428244, 0.79428244, 0.79428244,
       0.81253588, 0.81253588, 0.83026716, 0.83026716, 0.83026716,
       0.83026716, 0.84697643, 0.86342143, 0.89562019, 0.89562019,
       0.89562019, 0.89562019, 0.89562019, 0.89562019, 0.89562019,
       0.89562019, 0.89562019, 0.89562019, 0.89562019, 0.89562019,
       0.90844909, 0.90844909, 0.92062012, 0.92062012, 0.92062012,
       0.92062012, 0.92062012, 0.93154066, 0.93154066, 0.93154066,
       0.93154066, 0.93154066, 0.93154066, 0.93154066, 0.93154066,
       0.93154066, 0.93993913, 0.93993913, 0.93993913, 0.93993913,
       0.93993913, 0.93993913, 0.95323959, 0.95965893, 0.95965893,
       0.95965893, 0.95965893, 0.95965893, 0.95965893, 0.96439122,
       0.97307359, 0.97715801, 0.97715801, 0.98054608, 0.98054608,
       0.98345882, 0.98895482, 0.99144085, 0.99144085, 0.99499376,
       0.99499376, 0.99622968, 0.99923056, 1.        , 1.        ,
       1.        ]), array([0.        , 0.        , 0.        , 0.08633253, 0.11477674,
       0.28429012, 0.39624316, 0.47919872, 0.50666994, 0.53371184,
       0.56033291, 0.56033291, 0.58655484, 0.58655484, 0.58655484,
       0.58655484, 0.58655484, 0.61130395, 0.61130395, 0.61130395,
       0.61130395, 0.61130395, 0.61130395, 0.61130395, 0.63395944,
       0.63395944, 0.63395944, 0.65556749, 0.65556749, 0.67656058,
       0.67656058, 0.71744548, 0.73760611, 0.75750143, 0.75750143,
       0.77697361, 0.77697361, 0.79565326, 0.79565326, 0.79565326,
       0.79565326, 0.81312931, 0.81312931, 0.81312931, 0.81312931,
       0.81312931, 0.81312931, 0.81312931, 0.8286739 , 0.8286739 ,
       0.8286739 , 0.8286739 , 0.8286739 , 0.8286739 , 0.85613714,
       0.85613714, 0.85613714, 0.88177691, 0.8944315 , 0.8944315 ,
       0.9063534 , 0.9063534 , 0.9063534 , 0.9063534 , 0.9063534 ,
       0.9063534 , 0.9063534 , 0.9063534 , 0.92555453, 0.94428471,
       0.96226629, 0.96226629, 0.96226629, 0.96226629, 0.96226629,
       0.96226629, 0.96226629, 0.96226629, 0.96226629, 0.96226629,
       0.96226629, 0.96226629, 0.96226629, 0.96730476, 0.96730476,
       0.97659476, 0.98087327, 0.98087327, 0.98087327, 0.98425059,
       0.98425059, 0.98425059, 0.98665552, 0.98892542, 0.99282254,
       0.99601377, 0.99601377, 0.99913289, 1.        , 1.        ,
       1.        ]), array([0.        , 0.09617556, 0.1913421 , 0.22272435, 0.25370994,
       0.25370994, 0.31476733, 0.37491639, 0.37491639, 0.40435608,
       0.4335926 , 0.4335926 , 0.49068068, 0.49068068, 0.51870029,
       0.51870029, 0.51870029, 0.54546206, 0.57216903, 0.62467165,
       0.62467165, 0.62467165, 0.65011705, 0.65011705, 0.67487284,
       0.67487284, 0.67487284, 0.72200283, 0.72200283, 0.74494402,
       0.76776857, 0.76776857, 0.76776857, 0.76776857, 0.76776857,
       0.76776857, 0.76776857, 0.80844647, 0.80844647, 0.80844647,
       0.82787354, 0.82787354, 0.82787354, 0.82787354, 0.82787354,
       0.82787354, 0.82787354, 0.82787354, 0.84466609, 0.84466609,
       0.84466609, 0.84466609, 0.84466609, 0.84466609, 0.84466609,
       0.84466609, 0.85887165, 0.85887165, 0.85887165, 0.85887165,
       0.87177053, 0.88465551, 0.89692369, 0.89692369, 0.90853268,
       0.91990382, 0.91990382, 0.91990382, 0.91990382, 0.91990382,
       0.91990382, 0.91990382, 0.91990382, 0.92884805, 0.93744182,
       0.93744182, 0.93744182, 0.93744182, 0.93744182, 0.93744182,
       0.94418396, 0.94418396, 0.9561633 , 0.9561633 , 0.9561633 ,
       0.96107653, 0.96107653, 0.96546701, 0.9694704 , 0.9694704 ,
       0.97636943, 0.98237842, 0.9851536 , 0.9851536 , 0.99334262,
       0.99503462, 0.99503462, 0.99915157, 1.        , 1.        ,
       1.        ]), array([0.        , 0.        , 0.14658119, 0.25534593, 0.29121594,
       0.36256971, 0.50352899, 0.53822057, 0.53822057, 0.57221384,
       0.57221384, 0.63888555, 0.63888555, 0.63888555, 0.63888555,
       0.63888555, 0.63888555, 0.63888555, 0.63888555, 0.63888555,
       0.69892886, 0.72863493, 0.72863493, 0.72863493, 0.72863493,
       0.72863493, 0.72863493, 0.72863493, 0.72863493, 0.72863493,
       0.72863493, 0.72863493, 0.72863493, 0.72863493, 0.72863493,
       0.75295187, 0.75295187, 0.77672728, 0.77672728, 0.79958342,
       0.79958342, 0.79958342, 0.79958342, 0.79958342, 0.79958342,
       0.79958342, 0.79958342, 0.79958342, 0.79958342, 0.79958342,
       0.81825582, 0.83652861, 0.85458805, 0.85458805, 0.87196623,
       0.87196623, 0.88867323, 0.88867323, 0.88867323, 0.88867323,
       0.88867323, 0.88867323, 0.88867323, 0.88867323, 0.88867323,
       0.88867323, 0.88867323, 0.88867323, 0.88867323, 0.88867323,
       0.88867323, 0.8994862 , 0.90996144, 0.90996144, 0.90996144,
       0.90996144, 0.90996144, 0.90996144, 0.90996144, 0.90996144,
       0.90996144, 0.90996144, 0.90996144, 0.92287445, 0.92287445,
       0.92864305, 0.93407154, 0.93407154, 0.93407154, 0.95136795,
       0.95538363, 0.96620321, 0.97241506, 0.97810537, 0.98058812,
       0.99263826, 0.99433438, 0.9970063 , 1.        , 1.        ,
       1.        ])]","[array([0.        , 0.        , 0.00440644, 0.005329  , 0.00907929,
       0.01100098, 0.02154803, 0.02667095, 0.02667095, 0.02994928,
       0.04157776, 0.04157776, 0.04157776, 0.04662854, 0.05193751,
       0.05193751, 0.05193751, 0.05193751, 0.05193751, 0.05193751,
       0.05976942, 0.07641445, 0.08493198, 0.08493198, 0.08493198,
       0.08493198, 0.08493198, 0.08493198, 0.08493198, 0.08493198,
       0.09666593, 0.10912146, 0.10912146, 0.10912146, 0.10912146,
       0.12294835, 0.12294835, 0.12294835, 0.12294835, 0.12294835,
       0.12294835, 0.12294835, 0.12294835, 0.12294835, 0.12294835,
       0.14071843, 0.14071843, 0.14071843, 0.14071843, 0.16038206,
       0.16038206, 0.1806806 , 0.1806806 , 0.1806806 , 0.1806806 ,
       0.20268243, 0.20268243, 0.20268243, 0.20268243, 0.20268243,
       0.20268243, 0.20268243, 0.22745752, 0.22745752, 0.22745752,
       0.2534211 , 0.27982453, 0.27982453, 0.27982453, 0.30732561,
       0.36314522, 0.36314522, 0.36314522, 0.36314522, 0.36314522,
       0.36314522, 0.39365311, 0.39365311, 0.39365311, 0.45654574,
       0.5205876 , 0.5205876 , 0.55316053, 0.55316053, 0.55316053,
       0.55316053, 0.58754081, 0.58754081, 0.58754081, 0.62303799,
       0.65895788, 0.69517088, 0.73208992, 0.76924824, 0.80695017,
       0.88294576, 0.88294576, 0.92161735, 1.        , 1.        ,
       1.        ]), array([0.        , 0.        , 0.        , 0.        , 0.00783855,
       0.0131634 , 0.02683364, 0.02683364, 0.03302455, 0.03996082,
       0.05544728, 0.06829021, 0.07768299, 0.07768299, 0.07768299,
       0.08977616, 0.0962287 , 0.0962287 , 0.0962287 , 0.0962287 ,
       0.0962287 , 0.0962287 , 0.0962287 , 0.0962287 , 0.0962287 ,
       0.0962287 , 0.0962287 , 0.0962287 , 0.0962287 , 0.0962287 ,
       0.0962287 , 0.0962287 , 0.10901009, 0.10901009, 0.10901009,
       0.12334671, 0.12334671, 0.13845008, 0.13845008, 0.13845008,
       0.13845008, 0.15505419, 0.17204636, 0.20704571, 0.20704571,
       0.20704571, 0.20704571, 0.20704571, 0.20704571, 0.20704571,
       0.20704571, 0.20704571, 0.20704571, 0.20704571, 0.20704571,
       0.22934783, 0.22934783, 0.25261599, 0.25261599, 0.25261599,
       0.25261599, 0.25261599, 0.27772038, 0.27772038, 0.27772038,
       0.27772038, 0.27772038, 0.27772038, 0.27772038, 0.27772038,
       0.27772038, 0.30652823, 0.30652823, 0.30652823, 0.30652823,
       0.30652823, 0.30652823, 0.36927824, 0.40099228, 0.40099228,
       0.40099228, 0.40099228, 0.40099228, 0.40099228, 0.43518363,
       0.50471493, 0.53985762, 0.53985762, 0.57602285, 0.57602285,
       0.61288606, 0.68709628, 0.72458608, 0.72458608, 0.80164959,
       0.80164959, 0.84097508, 0.95998953, 1.        , 1.        ,
       1.        ]), array([0.        , 0.        , 0.        , 0.00305186, 0.00449983,
       0.01467609, 0.02282465, 0.03024017, 0.03294542, 0.03620542,
       0.04000922, 0.04000922, 0.04432877, 0.04432877, 0.04432877,
       0.04432877, 0.04432877, 0.05055148, 0.05055148, 0.05055148,
       0.05055148, 0.05055148, 0.05055148, 0.05055148, 0.05947951,
       0.05947951, 0.05947951, 0.06976103, 0.06976103, 0.08083718,
       0.08083718, 0.10441253, 0.11656437, 0.12905905, 0.12905905,
       0.14210048, 0.14210048, 0.15616602, 0.15616602, 0.15616602,
       0.15616602, 0.17178682, 0.17178682, 0.17178682, 0.17178682,
       0.17178682, 0.17178682, 0.17178682, 0.18990341, 0.18990341,
       0.18990341, 0.18990341, 0.18990341, 0.18990341, 0.23082195,
       0.23082195, 0.23082195, 0.27409674, 0.29594774, 0.29594774,
       0.31874549, 0.31874549, 0.31874549, 0.31874549, 0.31874549,
       0.31874549, 0.31874549, 0.31874549, 0.37034015, 0.42254338,
       0.47571393, 0.47571393, 0.47571393, 0.47571393, 0.47571393,
       0.47571393, 0.47571393, 0.47571393, 0.47571393, 0.47571393,
       0.47571393, 0.47571393, 0.47571393, 0.50740631, 0.50740631,
       0.57180794, 0.60448232, 0.60448232, 0.60448232, 0.6383212 ,
       0.6383212 , 0.6383212 , 0.67341659, 0.70868645, 0.78005665,
       0.85233898, 0.85233898, 0.96291748, 1.        , 1.        ,
       1.        ]), array([0.00000000e+00, 5.00417546e-04, 2.08250284e-03, 2.97426232e-03,
       4.29123001e-03, 4.29123001e-03, 7.90474881e-03, 1.24919870e-02,
       1.24919870e-02, 1.54661442e-02, 1.86580994e-02, 1.86580994e-02,
       2.65266673e-02, 2.65266673e-02, 3.10231342e-02, 3.10231342e-02,
       3.10231342e-02, 3.68679800e-02, 4.27715783e-02, 5.55556933e-02,
       5.55556933e-02, 5.55556933e-02, 6.28116732e-02, 6.28116732e-02,
       7.08069181e-02, 7.08069181e-02, 7.08069181e-02, 8.93504207e-02,
       8.93504207e-02, 9.92908759e-02, 1.09356382e-01, 1.09356382e-01,
       1.09356382e-01, 1.09356382e-01, 1.09356382e-01, 1.09356382e-01,
       1.09356382e-01, 1.34816432e-01, 1.34816432e-01, 1.34816432e-01,
       1.48523983e-01, 1.48523983e-01, 1.48523983e-01, 1.48523983e-01,
       1.48523983e-01, 1.48523983e-01, 1.48523983e-01, 1.48523983e-01,
       1.65055703e-01, 1.65055703e-01, 1.65055703e-01, 1.65055703e-01,
       1.65055703e-01, 1.65055703e-01, 1.65055703e-01, 1.65055703e-01,
       1.84360646e-01, 1.84360646e-01, 1.84360646e-01, 1.84360646e-01,
       2.05066327e-01, 2.25786912e-01, 2.47168704e-01, 2.47168704e-01,
       2.69257128e-01, 2.91600525e-01, 2.91600525e-01, 2.91600525e-01,
       2.91600525e-01, 2.91600525e-01, 2.91600525e-01, 2.91600525e-01,
       2.91600525e-01, 3.16545544e-01, 3.41866241e-01, 3.41866241e-01,
       3.41866241e-01, 3.41866241e-01, 3.41866241e-01, 3.41866241e-01,
       3.69171871e-01, 3.69171871e-01, 4.25396393e-01, 4.25396393e-01,
       4.25396393e-01, 4.54662584e-01, 4.54662584e-01, 4.84489165e-01,
       5.14730695e-01, 5.14730695e-01, 5.76401242e-01, 6.39025897e-01,
       6.70584054e-01, 6.70584054e-01, 7.99937966e-01, 8.32657274e-01,
       8.32657274e-01, 9.66376395e-01, 1.00000000e+00, 1.00000000e+00,
       1.00000000e+00]), array([0.        , 0.        , 0.0019901 , 0.00443052, 0.0055555 ,
       0.00811807, 0.01465811, 0.01673682, 0.01673682, 0.01938069,
       0.01938069, 0.02573255, 0.02573255, 0.02573255, 0.02573255,
       0.02573255, 0.02573255, 0.02573255, 0.02573255, 0.02573255,
       0.03744892, 0.04356252, 0.04356252, 0.04356252, 0.04356252,
       0.04356252, 0.04356252, 0.04356252, 0.04356252, 0.04356252,
       0.04356252, 0.04356252, 0.04356252, 0.04356252, 0.04356252,
       0.05403765, 0.05403765, 0.06495105, 0.06495105, 0.07660844,
       0.07660844, 0.07660844, 0.07660844, 0.07660844, 0.07660844,
       0.07660844, 0.07660844, 0.07660844, 0.07660844, 0.07660844,
       0.09165182, 0.10701862, 0.12255809, 0.12255809, 0.13864891,
       0.13864891, 0.15528294, 0.15528294, 0.15528294, 0.15528294,
       0.15528294, 0.15528294, 0.15528294, 0.15528294, 0.15528294,
       0.15528294, 0.15528294, 0.15528294, 0.15528294, 0.15528294,
       0.15528294, 0.17668713, 0.19836465, 0.19836465, 0.19836465,
       0.19836465, 0.19836465, 0.19836465, 0.19836465, 0.19836465,
       0.19836465, 0.19836465, 0.19836465, 0.2482246 , 0.2482246 ,
       0.2737113 , 0.29947327, 0.29947327, 0.29947327, 0.40609636,
       0.43300175, 0.51471131, 0.56999466, 0.62570009, 0.65384611,
       0.82502584, 0.8538085 , 0.91195678, 1.        , 1.        ,
       1.        ])]",-0.0140680292780297,0.0146384793897902,0.0061232118704915,0.0016796821672236,"[{'lambda_reg': 0.008285350114961811, 'gamma': 0.0057320654973719454}, {'lambda_reg': 0.004901285166258785, 'gamma': 0.002461298756499465}, {'lambda_reg': 0.0026784220445492954, 'gamma': 0.0012425963160665402}, {'lambda_reg': 0.010534086856228884, 'gamma': 0.006980727605187116}, {'lambda_reg': 0.0026660583417860632, 'gamma': 0.0022631409360576076}]",300,1,exponential,87
"[np.float64(0.04552623641596826), np.float64(0.06195039240210763), np.float64(0.053193185996626584), np.float64(0.07873126192840373), np.float64(0.11190135087918701)]",0.0702604855244586,0.0235705288876257,"[np.float64(0.8037795486830793), np.float64(0.7991894318576349), np.float64(0.8170489170323169), np.float64(0.809722532948099), np.float64(0.7800639579731967)]",0.8019608776988655,0.012476824858976,"[np.float64(0.9727727712735714), np.float64(0.9314447254364061), np.float64(0.9705435127838242), np.float64(0.9625250758759017), np.float64(0.9489519531003247)]",0.9572476076940056,0.015364049496652,"[array([0.        , 0.64084391, 0.67199103, 0.70280406, 0.7434201 ,
       0.77362165, 0.79353246, 0.79353246, 0.80321893, 0.81289193,
       0.81289193, 0.81289193, 0.82221379, 0.83147006, 0.84060823,
       0.84060823, 0.84952537, 0.86705432, 0.88440472, 0.88440472,
       0.88440472, 0.88440472, 0.88440472, 0.89257075, 0.91681303,
       0.92474851, 0.93260096, 0.94029459, 0.94029459, 0.94029459,
       0.94029459, 0.9476473 , 0.9476473 , 0.9476473 , 0.9476473 ,
       0.9476473 , 0.9476473 , 0.9476473 , 0.95422124, 0.95422124,
       0.95422124, 0.96049213, 0.96660488, 0.96660488, 0.96660488,
       0.96660488, 0.97804138, 0.97804138, 0.97804138, 0.97804138,
       0.97804138, 0.97804138, 0.97804138, 0.97804138, 0.97804138,
       0.97804138, 0.97804138, 0.97804138, 0.98249835, 0.98249835,
       0.98249835, 0.98249835, 0.98249835, 0.9904289 , 0.9904289 ,
       0.9904289 , 0.99401343, 0.99401343, 0.99401343, 0.99401343,
       0.99401343, 0.99401343, 0.99401343, 0.99401343, 0.99683863,
       0.99683863, 0.99683863, 0.99683863, 0.99683863, 0.99683863,
       0.99683863, 0.99683863, 0.99683863, 0.99683863, 0.99683863,
       0.99683863, 0.99683863, 0.99683863, 0.99815385, 0.99815385,
       0.99815385, 0.99815385, 0.99815385, 0.99815385, 0.99815385,
       0.99815385, 0.99815385, 0.99847762, 0.99964923, 0.99984697,
       1.        ]), array([0.        , 0.48069672, 0.54252954, 0.59351024, 0.62381406,
       0.63382604, 0.65357925, 0.66338015, 0.67301295, 0.68254982,
       0.69196963, 0.71070625, 0.7199643 , 0.72913249, 0.73822293,
       0.73822293, 0.73822293, 0.74693015, 0.78139153, 0.80699077,
       0.81539756, 0.83202398, 0.84834673, 0.87270856, 0.8806834 ,
       0.88859516, 0.88859516, 0.88859516, 0.88859516, 0.88859516,
       0.88859516, 0.89581759, 0.90293421, 0.90999632, 0.90999632,
       0.90999632, 0.90999632, 0.91667621, 0.92317338, 0.92317338,
       0.92317338, 0.9294105 , 0.9294105 , 0.9294105 , 0.9294105 ,
       0.93520866, 0.93520866, 0.93520866, 0.93520866, 0.93520866,
       0.93520866, 0.93520866, 0.93520866, 0.94508878, 0.94508878,
       0.94987745, 0.94987745, 0.94987745, 0.94987745, 0.95853661,
       0.95853661, 0.95853661, 0.96257403, 0.97038872, 0.97038872,
       0.9741275 , 0.97775366, 0.97775366, 0.97775366, 0.98106045,
       0.98106045, 0.98412624, 0.98708756, 0.9900138 , 0.9900138 ,
       0.9900138 , 0.9900138 , 0.9900138 , 0.9900138 , 0.9900138 ,
       0.99425332, 0.99425332, 0.99616833, 0.99616833, 0.99616833,
       0.99616833, 0.99769832, 0.99769832, 0.99769832, 0.99889555,
       0.99889555, 0.99889555, 0.99979636, 0.99979636, 0.99979636,
       0.99979636, 0.99979636, 0.99979636, 0.99979636, 0.99992151,
       1.        ]), array([0.        , 0.64359976, 0.71754795, 0.72805749, 0.72805749,
       0.72805749, 0.73825633, 0.73825633, 0.75808809, 0.7777654 ,
       0.7777654 , 0.79692104, 0.80639332, 0.82516504, 0.83444828,
       0.84367412, 0.86177145, 0.86177145, 0.86177145, 0.87929048,
       0.87929048, 0.87929048, 0.87929048, 0.89591004, 0.89591004,
       0.90398486, 0.90398486, 0.90398486, 0.90398486, 0.90398486,
       0.91910356, 0.91910356, 0.93381937, 0.93381937, 0.93381937,
       0.93381937, 0.93381937, 0.93381937, 0.93381937, 0.93381937,
       0.93381937, 0.93381937, 0.94009695, 0.94628649, 0.95235218,
       0.95833831, 0.96417381, 0.96994519, 0.96994519, 0.97552123,
       0.98094908, 0.98094908, 0.98094908, 0.9860243 , 0.99098082,
       0.99098082, 0.99098082, 0.99098082, 0.99098082, 0.99098082,
       0.99098082, 0.99098082, 0.99098082, 0.99098082, 0.99494888,
       0.99494888, 0.99494888, 0.99494888, 0.99494888, 0.99494888,
       0.99494888, 0.99494888, 0.99494888, 0.99494888, 0.99494888,
       0.99494888, 0.99494888, 0.99494888, 0.99494888, 0.99494888,
       0.99494888, 0.99494888, 0.99494888, 0.99494888, 0.99494888,
       0.99660262, 0.99660262, 0.99660262, 0.99660262, 0.99660262,
       0.99660262, 0.99660262, 0.99755278, 0.99755278, 0.99755278,
       0.99818091, 0.99818091, 0.99898793, 0.99947224, 0.99978159,
       1.        ]), array([0.        , 0.55842669, 0.59216039, 0.6477112 , 0.65866817,
       0.69143388, 0.72381897, 0.72381897, 0.73440667, 0.73440667,
       0.7446776 , 0.75486289, 0.76494438, 0.76494438, 0.76494438,
       0.77472194, 0.77472194, 0.79383257, 0.80328955, 0.82193101,
       0.82193101, 0.82193101, 0.82193101, 0.84842291, 0.84842291,
       0.88288801, 0.89135518, 0.89135518, 0.89135518, 0.89135518,
       0.89944337, 0.9074086 , 0.9074086 , 0.9150675 , 0.92263812,
       0.92263812, 0.92263812, 0.92263812, 0.92263812, 0.92263812,
       0.92951126, 0.92951126, 0.94289625, 0.94949991, 0.96244017,
       0.96882202, 0.96882202, 0.96882202, 0.96882202, 0.96882202,
       0.96882202, 0.96882202, 0.96882202, 0.96882202, 0.96882202,
       0.96882202, 0.96882202, 0.96882202, 0.96882202, 0.96882202,
       0.96882202, 0.97336866, 0.97336866, 0.97336866, 0.97336866,
       0.97336866, 0.97336866, 0.97336866, 0.97336866, 0.97692629,
       0.97692629, 0.97692629, 0.97692629, 0.98004261, 0.98310504,
       0.98310504, 0.98310504, 0.98310504, 0.98310504, 0.9855459 ,
       0.98794019, 0.98794019, 0.98794019, 0.98794019, 0.98794019,
       0.98794019, 0.98960671, 0.99109302, 0.99109302, 0.99236708,
       0.99352489, 0.99458241, 0.99559825, 0.99648448, 0.99720568,
       0.99780605, 0.99835891, 0.99961721, 0.99961721, 0.99994759,
       1.        ]), array([0.        , 0.52605672, 0.5895288 , 0.63142274, 0.64175521,
       0.65198501, 0.65198501, 0.67210966, 0.71195066, 0.71195066,
       0.75080057, 0.75080057, 0.75080057, 0.76024094, 0.77884767,
       0.78799971, 0.80615145, 0.80615145, 0.81502809, 0.81502809,
       0.82371411, 0.82371411, 0.84064052, 0.84896644, 0.87358807,
       0.88165094, 0.88165094, 0.8895657 , 0.8895657 , 0.8895657 ,
       0.8895657 , 0.8895657 , 0.8895657 , 0.8895657 , 0.8895657 ,
       0.8895657 , 0.8895657 , 0.8895657 , 0.89625314, 0.902815  ,
       0.91582197, 0.91582197, 0.91582197, 0.92201532, 0.93415323,
       0.94009716, 0.94009716, 0.94009716, 0.9457018 , 0.95119331,
       0.95119331, 0.95119331, 0.96679511, 0.97193742, 0.97193742,
       0.97193742, 0.97193742, 0.97193742, 0.97193742, 0.97640053,
       0.97640053, 0.980592  , 0.980592  , 0.980592  , 0.98451889,
       0.98451889, 0.98818662, 0.98818662, 0.98818662, 0.98818662,
       0.99141877, 0.99141877, 0.99141877, 0.99141877, 0.99141877,
       0.99141877, 0.99141877, 0.99141877, 0.99385065, 0.99385065,
       0.99610433, 0.99610433, 0.99610433, 0.99610433, 0.99785292,
       0.99785292, 0.99785292, 0.99785292, 0.99915165, 0.99915165,
       0.99915165, 0.99915165, 0.99915165, 0.99915165, 0.99915165,
       0.99915165, 0.99915165, 0.99915165, 0.99968132, 0.99994541,
       1.        ])]","[array([0.        , 0.00338513, 0.00496076, 0.00780946, 0.01339112,
       0.01856997, 0.02287441, 0.02287441, 0.02605144, 0.02927982,
       0.02927982, 0.02927982, 0.03384622, 0.03866259, 0.04392899,
       0.04392899, 0.05003765, 0.0634185 , 0.07747973, 0.07747973,
       0.07747973, 0.07747973, 0.07747973, 0.08645057, 0.11433795,
       0.12418736, 0.13435316, 0.14512415, 0.14512415, 0.14512415,
       0.14512415, 0.15719429, 0.15719429, 0.15719429, 0.15719429,
       0.15719429, 0.15719429, 0.15719429, 0.17223202, 0.17223202,
       0.17223202, 0.18842456, 0.20521969, 0.20521969, 0.20521969,
       0.20521969, 0.24181659, 0.24181659, 0.24181659, 0.24181659,
       0.24181659, 0.24181659, 0.24181659, 0.24181659, 0.24181659,
       0.24181659, 0.24181659, 0.24181659, 0.26492129, 0.26492129,
       0.26492129, 0.26492129, 0.26492129, 0.31487802, 0.31487802,
       0.31487802, 0.34130727, 0.34130727, 0.34130727, 0.34130727,
       0.34130727, 0.34130727, 0.34130727, 0.34130727, 0.37063004,
       0.37063004, 0.37063004, 0.37063004, 0.37063004, 0.37063004,
       0.37063004, 0.37063004, 0.37063004, 0.37063004, 0.37063004,
       0.37063004, 0.37063004, 0.37063004, 0.40570675, 0.40570675,
       0.40570675, 0.40570675, 0.40570675, 0.40570675, 0.40570675,
       0.40570675, 0.40570675, 0.44456156, 0.60045118, 0.63978621,
       1.        ]), array([0.        , 0.0014156 , 0.00500013, 0.01013156, 0.01432679,
       0.01607548, 0.02063486, 0.02321152, 0.02644756, 0.0300599 ,
       0.03413143, 0.0426785 , 0.04738452, 0.05244306, 0.05780655,
       0.05780655, 0.05780655, 0.06467328, 0.09358174, 0.11623117,
       0.12427632, 0.14110087, 0.15911658, 0.18661987, 0.19635945,
       0.20634642, 0.20634642, 0.20634642, 0.20634642, 0.20634642,
       0.20634642, 0.21903738, 0.23214342, 0.24546326, 0.24546326,
       0.24546326, 0.24546326, 0.2602824 , 0.27581827, 0.27581827,
       0.27581827, 0.2923742 , 0.2923742 , 0.2923742 , 0.2923742 ,
       0.31065199, 0.31065199, 0.31065199, 0.31065199, 0.31065199,
       0.31065199, 0.31065199, 0.31065199, 0.3539396 , 0.3539396 ,
       0.37617721, 0.37617721, 0.37617721, 0.37617721, 0.42425413,
       0.42425413, 0.42425413, 0.44943863, 0.50082807, 0.50082807,
       0.52718403, 0.55398172, 0.55398172, 0.55398172, 0.58203216,
       0.58203216, 0.61102797, 0.64043357, 0.66997677, 0.66997677,
       0.66997677, 0.66997677, 0.66997677, 0.66997677, 0.66997677,
       0.73539018, 0.73539018, 0.76890004, 0.76890004, 0.76890004,
       0.76890004, 0.80392018, 0.80392018, 0.80392018, 0.84024562,
       0.84024562, 0.84024562, 0.87773376, 0.87773376, 0.87773376,
       0.87773376, 0.87773376, 0.87773376, 0.87773376, 0.91826454,
       1.        ]), array([0.        , 0.00253281, 0.00677216, 0.00756656, 0.00756656,
       0.00756656, 0.00943728, 0.00943728, 0.01513923, 0.02137625,
       0.02137625, 0.02942048, 0.03380819, 0.04318239, 0.048225  ,
       0.05346644, 0.06517695, 0.06517695, 0.06517695, 0.0788908 ,
       0.0788908 , 0.0788908 , 0.0788908 , 0.09572064, 0.09572064,
       0.10494953, 0.10494953, 0.10494953, 0.10494953, 0.10494953,
       0.12697876, 0.12697876, 0.15040371, 0.15040371, 0.15040371,
       0.15040371, 0.15040371, 0.15040371, 0.15040371, 0.15040371,
       0.15040371, 0.15040371, 0.16585872, 0.18161871, 0.19780776,
       0.2142724 , 0.23125891, 0.24846752, 0.24846752, 0.26635283,
       0.28475151, 0.28475151, 0.28475151, 0.3043718 , 0.32440331,
       0.32440331, 0.32440331, 0.32440331, 0.32440331, 0.32440331,
       0.32440331, 0.32440331, 0.32440331, 0.32440331, 0.34785909,
       0.34785909, 0.34785909, 0.34785909, 0.34785909, 0.34785909,
       0.34785909, 0.34785909, 0.34785909, 0.34785909, 0.34785909,
       0.34785909, 0.34785909, 0.34785909, 0.34785909, 0.34785909,
       0.34785909, 0.34785909, 0.34785909, 0.34785909, 0.34785909,
       0.3793323 , 0.3793323 , 0.3793323 , 0.3793323 , 0.3793323 ,
       0.3793323 , 0.3793323 , 0.41324287, 0.41324287, 0.41324287,
       0.44826906, 0.44826906, 0.51987768, 0.59260429, 0.66593698,
       1.        ]), array([0.        , 0.00195064, 0.00330386, 0.00737874, 0.00860851,
       0.01258258, 0.01758722, 0.01758722, 0.01981678, 0.01981678,
       0.02290401, 0.02622309, 0.02982325, 0.02982325, 0.02982325,
       0.03424629, 0.03424629, 0.04429585, 0.04958686, 0.06090672,
       0.06090672, 0.06090672, 0.06090672, 0.08186734, 0.08186734,
       0.11213639, 0.12010735, 0.12010735, 0.12010735, 0.12010735,
       0.12910442, 0.13843439, 0.13843439, 0.14859379, 0.15899217,
       0.15899217, 0.15899217, 0.15899217, 0.15899217, 0.15899217,
       0.17127905, 0.17127905, 0.19683095, 0.20984743, 0.23660348,
       0.25022051, 0.25022051, 0.25022051, 0.25022051, 0.25022051,
       0.25022051, 0.25022051, 0.25022051, 0.25022051, 0.25022051,
       0.25022051, 0.25022051, 0.25022051, 0.25022051, 0.25022051,
       0.25022051, 0.26880643, 0.26880643, 0.26880643, 0.26880643,
       0.26880643, 0.26880643, 0.26880643, 0.26880643, 0.29007014,
       0.29007014, 0.29007014, 0.29007014, 0.31252871, 0.33513318,
       0.33513318, 0.33513318, 0.33513318, 0.33513318, 0.3594206 ,
       0.38383409, 0.38383409, 0.38383409, 0.38383409, 0.38383409,
       0.38383409, 0.41021803, 0.4370899 , 0.4370899 , 0.46453646,
       0.49229774, 0.52033059, 0.54847626, 0.57697287, 0.60591631,
       0.6351869 , 0.66458613, 0.75386755, 0.75386755, 0.81476525,
       1.        ]), array([0.        , 0.00148456, 0.00492543, 0.00867354, 0.0100979 ,
       0.01187711, 0.01187711, 0.01659306, 0.02743609, 0.02743609,
       0.04170428, 0.04170428, 0.04170428, 0.04621172, 0.05617357,
       0.06167749, 0.07321179, 0.07321179, 0.07966746, 0.07966746,
       0.08678191, 0.08678191, 0.10255092, 0.11090987, 0.13721753,
       0.14648557, 0.14648557, 0.15626547, 0.15626547, 0.15626547,
       0.15626547, 0.15626547, 0.15626547, 0.15626547, 0.15626547,
       0.15626547, 0.15626547, 0.15626547, 0.17028698, 0.18474245,
       0.21405693, 0.21405693, 0.21405693, 0.22978599, 0.26210392,
       0.27869498, 0.27869498, 0.27869498, 0.29645858, 0.3146132 ,
       0.3146132 , 0.3146132 , 0.37209311, 0.39145451, 0.39145451,
       0.39145451, 0.39145451, 0.39145451, 0.39145451, 0.41316325,
       0.41316325, 0.43581075, 0.43581075, 0.43581075, 0.45937262,
       0.45937262, 0.48383017, 0.48383017, 0.48383017, 0.48383017,
       0.50979305, 0.50979305, 0.50979305, 0.50979305, 0.50979305,
       0.50979305, 0.50979305, 0.50979305, 0.53852165, 0.53852165,
       0.5678661 , 0.5678661 , 0.5678661 , 0.5678661 , 0.59895611,
       0.59895611, 0.59895611, 0.59895611, 0.63160082, 0.63160082,
       0.63160082, 0.63160082, 0.63160082, 0.63160082, 0.63160082,
       0.63160082, 0.63160082, 0.63160082, 0.7040365 , 0.77739006,
       1.        ])]",0.0159527427259158,0.0060541609260858,0.0103637495441688,0.0041386937079958,"[{'lambda_reg': 2.9907279016059646e-05, 'gamma': 0.24355449660557627}, {'lambda_reg': 6.4384315439388e-05, 'gamma': 0.055741814655219844}, {'lambda_reg': 5.974120605343419e-05, 'gamma': 0.23592705141457632}, {'lambda_reg': 0.0010249545123750179, 'gamma': 0.10621199039043673}, {'lambda_reg': 0.0006224323408724448, 'gamma': 0.2695577861384308}]",600,3,rbf,120
"[np.float64(0.1160237648356009), np.float64(0.09613899963038312), np.float64(0.10109418758394101), np.float64(0.09937629334818433), np.float64(0.15384826045394334)]",0.1132963011704105,0.0213959419033685,"[np.float64(0.737497464475323), np.float64(0.8078718387304614), np.float64(0.7529704195328764), np.float64(0.7857073432650196), np.float64(0.7443222263936867)]",0.7656738584794734,0.0268074198041859,"[np.float64(0.9032404632432596), np.float64(0.9166926280992576), np.float64(0.9194805543080513), np.float64(0.9561221851529378), np.float64(0.9579891907834017)]",0.9307050043173816,0.0222130407393596,"[array([0.        , 0.33250865, 0.43502623, 0.49593606, 0.49593606,
       0.53562467, 0.53562467, 0.57445268, 0.59378161, 0.65106492,
       0.65106492, 0.6696141 , 0.68798446, 0.70622693, 0.72416036,
       0.74188449, 0.74188449, 0.74188449, 0.75903289, 0.79314707,
       0.79314707, 0.82639282, 0.82639282, 0.82639282, 0.82639282,
       0.82639282, 0.82639282, 0.82639282, 0.82639282, 0.84135892,
       0.84135892, 0.84135892, 0.85558418, 0.85558418, 0.88332739,
       0.89700511, 0.91053723, 0.91053723, 0.91053723, 0.91053723,
       0.91053723, 0.91053723, 0.92280058, 0.92280058, 0.93463501,
       0.94613607, 0.94613607, 0.9573058 , 0.9573058 , 0.9573058 ,
       0.9573058 , 0.96769673, 0.96769673, 0.96769673, 0.96769673,
       0.97722491, 0.98646962, 0.98646962, 0.98646962, 0.98646962,
       0.98646962, 0.98646962, 0.99456809, 0.99456809, 0.99456809,
       0.99456809, 0.99456809, 0.99456809, 0.99456809, 0.99456809,
       0.99456809, 0.99456809, 0.99456809, 0.99456809, 0.99456809,
       0.99456809, 0.99456809, 0.99456809, 0.99927118, 0.99927118,
       0.99927118, 0.99927118, 0.99927118, 0.99927118, 0.99927118,
       0.99927118, 0.99927118, 0.99927118, 0.99927118, 0.99927118,
       0.99927118, 0.99927118, 0.99927118, 0.99927118, 0.99927118,
       0.99927118, 0.99927118, 0.99927118, 0.99975802, 0.99975802,
       1.        ]), array([0.        , 0.37131627, 0.3941849 , 0.43942678, 0.46197382,
       0.50634144, 0.55043698, 0.5722392 , 0.5722392 , 0.5722392 ,
       0.5722392 , 0.59299713, 0.6342654 , 0.65468263, 0.67476986,
       0.69456525, 0.71423976, 0.71423976, 0.71423976, 0.7522792 ,
       0.7522792 , 0.7522792 , 0.77059489, 0.77059489, 0.77059489,
       0.7882177 , 0.7882177 , 0.80532667, 0.80532667, 0.80532667,
       0.82170052, 0.82170052, 0.82170052, 0.8373273 , 0.85286569,
       0.85286569, 0.85286569, 0.85286569, 0.86738822, 0.86738822,
       0.86738822, 0.86738822, 0.89458476, 0.89458476, 0.89458476,
       0.90748238, 0.90748238, 0.90748238, 0.90748238, 0.90748238,
       0.91928807, 0.91928807, 0.91928807, 0.94127243, 0.94127243,
       0.94127243, 0.94127243, 0.94127243, 0.94127243, 0.94127243,
       0.94127243, 0.95052397, 0.95938231, 0.95938231, 0.95938231,
       0.97588076, 0.97588076, 0.97588076, 0.97588076, 0.97588076,
       0.97588076, 0.97588076, 0.97588076, 0.97588076, 0.97588076,
       0.98183348, 0.98183348, 0.98183348, 0.98183348, 0.98673928,
       0.98673928, 0.98673928, 0.99108626, 0.99108626, 0.99108626,
       0.99108626, 0.99108626, 0.99108626, 0.99399682, 0.99399682,
       0.99399682, 0.99399682, 0.99399682, 0.99399682, 0.9956069 ,
       0.99686726, 0.99907898, 1.        , 1.        , 1.        ,
       1.        ]), array([0.        , 0.49956481, 0.5211041 , 0.54225944, 0.54225944,
       0.54225944, 0.54225944, 0.56260528, 0.56260528, 0.56260528,
       0.6216421 , 0.64118679, 0.71837285, 0.71837285, 0.71837285,
       0.755561  , 0.755561  , 0.755561  , 0.7734981 , 0.7734981 ,
       0.79099867, 0.79099867, 0.79099867, 0.80797287, 0.82471836,
       0.8411575 , 0.8411575 , 0.8411575 , 0.8411575 , 0.8411575 ,
       0.85649004, 0.85649004, 0.85649004, 0.85649004, 0.85649004,
       0.87073309, 0.87073309, 0.87073309, 0.88423539, 0.88423539,
       0.88423539, 0.91004411, 0.91004411, 0.91004411, 0.91004411,
       0.92219445, 0.92219445, 0.93391205, 0.93391205, 0.93391205,
       0.93391205, 0.93391205, 0.93391205, 0.94428199, 0.94428199,
       0.95415232, 0.95415232, 0.95415232, 0.95415232, 0.96320393,
       0.96320393, 0.96320393, 0.96320393, 0.96320393, 0.96320393,
       0.96320393, 0.9707806 , 0.9707806 , 0.9707806 , 0.9707806 ,
       0.9707806 , 0.9707806 , 0.97702597, 0.98879587, 0.98879587,
       0.98879587, 0.98879587, 0.98879587, 0.98879587, 0.98879587,
       0.98879587, 0.98879587, 0.98879587, 0.98879587, 0.98879587,
       0.98879587, 0.98879587, 0.98879587, 0.99434788, 0.99677855,
       0.99677855, 0.99677855, 0.99677855, 1.        , 1.        ,
       1.        , 1.        , 1.        , 1.        , 1.        ,
       1.        ]), array([0.        , 0.43536019, 0.50303382, 0.59247652, 0.63679497,
       0.65873486, 0.72366802, 0.72366802, 0.72366802, 0.72366802,
       0.7861213 , 0.80655778, 0.80655778, 0.80655778, 0.80655778,
       0.80655778, 0.80655778, 0.80655778, 0.82538253, 0.86286392,
       0.86286392, 0.88116318, 0.88116318, 0.88116318, 0.88116318,
       0.88116318, 0.88116318, 0.88116318, 0.88116318, 0.88116318,
       0.88116318, 0.89715138, 0.89715138, 0.89715138, 0.89715138,
       0.89715138, 0.89715138, 0.89715138, 0.89715138, 0.89715138,
       0.89715138, 0.89715138, 0.89715138, 0.91045466, 0.91045466,
       0.91045466, 0.92294204, 0.92294204, 0.93490568, 0.94676678,
       0.94676678, 0.94676678, 0.94676678, 0.94676678, 0.94676678,
       0.94676678, 0.94676678, 0.94676678, 0.94676678, 0.94676678,
       0.95601461, 0.96500188, 0.97372668, 0.97372668, 0.97372668,
       0.97372668, 0.97372668, 0.97372668, 0.97372668, 0.97372668,
       0.97372668, 0.97372668, 0.97372668, 0.98002757, 0.98002757,
       0.98002757, 0.98002757, 0.98002757, 0.98002757, 0.98002757,
       0.98002757, 0.98002757, 0.98002757, 0.98002757, 0.98390582,
       0.98390582, 0.98732773, 0.98732773, 0.99014584, 0.99014584,
       0.99486763, 0.99702327, 0.99903674, 0.99903674, 0.99903674,
       0.99903674, 0.99903674, 0.99979458, 0.99979458, 0.99979458,
       1.        ]), array([0.        , 0.55028286, 0.62784204, 0.64703053, 0.6660762 ,
       0.7036425 , 0.74088125, 0.75919264, 0.77733619, 0.77733619,
       0.77733619, 0.81256715, 0.8647531 , 0.8647531 , 0.88182236,
       0.91540306, 0.91540306, 0.91540306, 0.91540306, 0.91540306,
       0.91540306, 0.91540306, 0.91540306, 0.91540306, 0.91540306,
       0.93027903, 0.93027903, 0.93027903, 0.93027903, 0.9584149 ,
       0.9584149 , 0.9584149 , 0.9584149 , 0.9584149 , 0.9584149 ,
       0.97129499, 0.97129499, 0.97129499, 0.97129499, 0.97129499,
       0.97129499, 0.97129499, 0.97129499, 0.97129499, 0.97129499,
       0.98225654, 0.98225654, 0.98225654, 0.98225654, 0.98225654,
       0.98225654, 0.98225654, 0.98225654, 0.98225654, 0.98225654,
       0.98225654, 0.98225654, 0.98225654, 0.98225654, 0.98225654,
       0.98225654, 0.98225654, 0.98225654, 0.98225654, 0.98225654,
       0.98225654, 0.98225654, 0.98225654, 0.98225654, 0.98225654,
       0.98225654, 0.98812619, 0.98812619, 0.99353713, 0.99353713,
       0.99353713, 0.99353713, 0.99353713, 0.99353713, 0.99353713,
       0.99353713, 0.99353713, 0.99711222, 0.99711222, 0.99711222,
       0.99711222, 0.99711222, 0.99711222, 0.99711222, 0.99711222,
       0.99711222, 0.99904959, 0.99904959, 0.99904959, 0.99904959,
       0.99904959, 0.99998536, 0.99998536, 0.99998536, 0.99998536,
       1.        ])]","[array([0.        , 0.00277666, 0.00922089, 0.01549508, 0.01549508,
       0.02335689, 0.02335689, 0.03466795, 0.04066447, 0.06147346,
       0.06147346, 0.07059515, 0.08043352, 0.09078452, 0.10237405,
       0.11480251, 0.11480251, 0.11480251, 0.12953841, 0.15974215,
       0.15974215, 0.19342653, 0.19342653, 0.19342653, 0.19342653,
       0.19342653, 0.19342653, 0.19342653, 0.19342653, 0.21690892,
       0.21690892, 0.21690892, 0.24336061, 0.24336061, 0.29909873,
       0.3277449 , 0.35697461, 0.35697461, 0.35697461, 0.35697461,
       0.35697461, 0.35697461, 0.39128944, 0.39128944, 0.42732339,
       0.46469343, 0.46469343, 0.50339144, 0.50339144, 0.50339144,
       0.50339144, 0.54521082, 0.54521082, 0.54521082, 0.54521082,
       0.59048801, 0.63690138, 0.63690138, 0.63690138, 0.63690138,
       0.63690138, 0.63690138, 0.68790878, 0.68790878, 0.68790878,
       0.68790878, 0.68790878, 0.68790878, 0.68790878, 0.68790878,
       0.68790878, 0.68790878, 0.68790878, 0.68790878, 0.68790878,
       0.68790878, 0.68790878, 0.68790878, 0.75252459, 0.75252459,
       0.75252459, 0.75252459, 0.75252459, 0.75252459, 0.75252459,
       0.75252459, 0.75252459, 0.75252459, 0.75252459, 0.75252459,
       0.75252459, 0.75252459, 0.75252459, 0.75252459, 0.75252459,
       0.75252459, 0.75252459, 0.75252459, 0.83403888, 0.83403888,
       1.        ]), array([0.        , 0.00222398, 0.00321867, 0.0064599 , 0.00826725,
       0.01371766, 0.01985559, 0.02354506, 0.02354506, 0.02354506,
       0.02354506, 0.02987337, 0.04315563, 0.05034488, 0.05836799,
       0.06712858, 0.07619463, 0.07619463, 0.07619463, 0.09763594,
       0.09763594, 0.09763594, 0.11013564, 0.11013564, 0.11013564,
       0.12438619, 0.12438619, 0.13993518, 0.13993518, 0.13993518,
       0.15734177, 0.15734177, 0.15734177, 0.17663618, 0.19615392,
       0.19615392, 0.19615392, 0.19615392, 0.21823868, 0.21823868,
       0.21823868, 0.21823868, 0.26707929, 0.26707929, 0.26707929,
       0.29327009, 0.29327009, 0.29327009, 0.29327009, 0.29327009,
       0.32222012, 0.32222012, 0.32222012, 0.38423158, 0.38423158,
       0.38423158, 0.38423158, 0.38423158, 0.38423158, 0.38423158,
       0.38423158, 0.41963579, 0.45603357, 0.45603357, 0.45603357,
       0.53190756, 0.53190756, 0.53190756, 0.53190756, 0.53190756,
       0.53190756, 0.53190756, 0.53190756, 0.53190756, 0.53190756,
       0.57564767, 0.57564767, 0.57564767, 0.57564767, 0.62203327,
       0.62203327, 0.62203327, 0.66983099, 0.66983099, 0.66983099,
       0.66983099, 0.66983099, 0.66983099, 0.72125842, 0.72125842,
       0.72125842, 0.72125842, 0.72125842, 0.72125842, 0.77597209,
       0.8315695 , 0.94354511, 1.        , 1.        , 1.        ,
       1.        ]), array([0.        , 0.00317693, 0.0039068 , 0.00589243, 0.00589243,
       0.00589243, 0.00589243, 0.01052566, 0.01052566, 0.01052566,
       0.03096909, 0.03822265, 0.07048371, 0.07048371, 0.07048371,
       0.09120916, 0.09120916, 0.09120916, 0.10372062, 0.10372062,
       0.11765988, 0.11765988, 0.11765988, 0.13332069, 0.14972955,
       0.1671404 , 0.1671404 , 0.1671404 , 0.1671404 , 0.1671404 ,
       0.18817055, 0.18817055, 0.18817055, 0.18817055, 0.18817055,
       0.21276412, 0.21276412, 0.21276412, 0.23978043, 0.23978043,
       0.23978043, 0.29772438, 0.29772438, 0.29772438, 0.29772438,
       0.32916254, 0.32916254, 0.36201602, 0.36201602, 0.36201602,
       0.36201602, 0.36201602, 0.36201602, 0.39927731, 0.39927731,
       0.43817261, 0.43817261, 0.43817261, 0.43817261, 0.47974575,
       0.47974575, 0.47974575, 0.47974575, 0.47974575, 0.47974575,
       0.47974575, 0.52614291, 0.52614291, 0.52614291, 0.52614291,
       0.52614291, 0.52614291, 0.57689436, 0.68075486, 0.68075486,
       0.68075486, 0.68075486, 0.68075486, 0.68075486, 0.68075486,
       0.68075486, 0.68075486, 0.68075486, 0.68075486, 0.68075486,
       0.68075486, 0.68075486, 0.68075486, 0.80495211, 0.86818021,
       0.86818021, 0.86818021, 0.86818021, 1.        , 1.        ,
       1.        , 1.        , 1.        , 1.        , 1.        ,
       1.        ]), array([0.        , 0.00192678, 0.00506156, 0.01133299, 0.01553707,
       0.01822072, 0.02862241, 0.02862241, 0.02862241, 0.02862241,
       0.04560001, 0.05227027, 0.05227027, 0.05227027, 0.05227027,
       0.05227027, 0.05227027, 0.05227027, 0.06321433, 0.08554825,
       0.08554825, 0.09788577, 0.09788577, 0.09788577, 0.09788577,
       0.09788577, 0.09788577, 0.09788577, 0.09788577, 0.09788577,
       0.09788577, 0.11635153, 0.11635153, 0.11635153, 0.11635153,
       0.11635153, 0.11635153, 0.11635153, 0.11635153, 0.11635153,
       0.11635153, 0.11635153, 0.11635153, 0.14193689, 0.14193689,
       0.14193689, 0.16968578, 0.16968578, 0.19882349, 0.22823308,
       0.22823308, 0.22823308, 0.22823308, 0.22823308, 0.22823308,
       0.22823308, 0.22823308, 0.22823308, 0.22823308, 0.22823308,
       0.2645723 , 0.30160245, 0.33932857, 0.33932857, 0.33932857,
       0.33932857, 0.33932857, 0.33932857, 0.33932857, 0.33932857,
       0.33932857, 0.33932857, 0.33932857, 0.38348218, 0.38348218,
       0.38348218, 0.38348218, 0.38348218, 0.38348218, 0.38348218,
       0.38348218, 0.38348218, 0.38348218, 0.38348218, 0.43405994,
       0.43405994, 0.48584775, 0.48584775, 0.53923667, 0.53923667,
       0.64843928, 0.70358488, 0.75910746, 0.75910746, 0.75910746,
       0.75910746, 0.75910746, 0.81795959, 0.81795959, 0.81795959,
       1.        ]), array([0.        , 0.00127726, 0.00731855, 0.0099493 , 0.01337497,
       0.02314854, 0.0347452 , 0.04225769, 0.05070434, 0.05070434,
       0.05070434, 0.07347588, 0.11130936, 0.11130936, 0.12573528,
       0.15769181, 0.15769181, 0.15769181, 0.15769181, 0.15769181,
       0.15769181, 0.15769181, 0.15769181, 0.15769181, 0.15769181,
       0.18432513, 0.18432513, 0.18432513, 0.18432513, 0.24658641,
       0.24658641, 0.24658641, 0.24658641, 0.24658641, 0.24658641,
       0.28432832, 0.28432832, 0.28432832, 0.28432832, 0.28432832,
       0.28432832, 0.28432832, 0.28432832, 0.28432832, 0.28432832,
       0.33274844, 0.33274844, 0.33274844, 0.33274844, 0.33274844,
       0.33274844, 0.33274844, 0.33274844, 0.33274844, 0.33274844,
       0.33274844, 0.33274844, 0.33274844, 0.33274844, 0.33274844,
       0.33274844, 0.33274844, 0.33274844, 0.33274844, 0.33274844,
       0.33274844, 0.33274844, 0.33274844, 0.33274844, 0.33274844,
       0.33274844, 0.4095089 , 0.4095089 , 0.48882248, 0.48882248,
       0.48882248, 0.48882248, 0.48882248, 0.48882248, 0.48882248,
       0.48882248, 0.48882248, 0.578354  , 0.578354  , 0.578354  ,
       0.578354  , 0.578354  , 0.578354  , 0.578354  , 0.578354  ,
       0.578354  , 0.67700071, 0.67700071, 0.67700071, 0.67700071,
       0.67700071, 0.78122212, 0.78122212, 0.78122212, 0.78122212,
       1.        ])]",0.0103326942352008,0.0115620601888187,0.0126975636518111,0.0053549244118695,"[{'lambda_reg': 0.0031457980590506606, 'gamma': 0.11215997148185172}, {'lambda_reg': 0.021373840519106745, 'gamma': 0.06934086224000276}, {'lambda_reg': 0.07622468186831217, 'gamma': 0.6404943958259817}, {'lambda_reg': 0.00018836520126037234, 'gamma': 0.08367249427295613}, {'lambda_reg': 1.3751418201490428e-05, 'gamma': 0.07677835551384102}]",300,3,cauchy,102
"[np.float64(0.1584291514449036), np.float64(0.06769678298752253), np.float64(0.12504706413056166), np.float64(0.10862339497149574), np.float64(0.15070955528225694)]",0.122101189763348,0.0325217711155719,"[np.float64(0.8073305592848579), np.float64(0.7960069073281655), np.float64(0.7445643407992173), np.float64(0.7209202526455566), np.float64(0.8838585793884632)]",0.7905361278892521,0.0565346576917041,"[np.float64(0.8105482794944165), np.float64(0.8500504649176259), np.float64(0.8263181990172099), np.float64(0.8291100823203996), np.float64(0.7876425037707548)]",0.8207339059040815,0.0207826522553405,"[array([0.        , 0.02531607, 0.07508795, 0.14910944, 0.19790977,
       0.19790977, 0.24577922, 0.26940138, 0.29287572, 0.31600064,
       0.36188643, 0.36188643, 0.36188643, 0.40621758, 0.40621758,
       0.42792207, 0.42792207, 0.44913884, 0.44913884, 0.44913884,
       0.46943678, 0.48951645, 0.50946233, 0.54896665, 0.54896665,
       0.58735494, 0.58735494, 0.58735494, 0.60570404, 0.60570404,
       0.60570404, 0.60570404, 0.62297957, 0.64013856, 0.65696406,
       0.67368738, 0.69010072, 0.70613713, 0.70613713, 0.72165058,
       0.76764068, 0.78263602, 0.78263602, 0.78263602, 0.78263602,
       0.82491309, 0.82491309, 0.85215779, 0.86553737, 0.87861829,
       0.89149121, 0.89149121, 0.89149121, 0.90356963, 0.90356963,
       0.90356963, 0.91487825, 0.91487825, 0.91487825, 0.92550037,
       0.93572894, 0.93572894, 0.94547314, 0.94547314, 0.94547314,
       0.94547314, 0.95420056, 0.96264327, 0.96264327, 0.96264327,
       0.96264327, 0.97011352, 0.97733802, 0.97733802, 0.97733802,
       0.98383969, 0.98383969, 0.98383969, 0.98956459, 0.99495711,
       0.99495711, 0.99495711, 0.99495711, 0.99495711, 0.99495711,
       0.99495711, 0.99853484, 0.99853484, 0.99853484, 0.99853484,
       0.99853484, 0.99853484, 0.99853484, 0.99853484, 0.99853484,
       1.        , 1.        , 1.        , 1.        , 1.        ,
       1.        ]), array([0.        , 0.12599528, 0.20061162, 0.25004209, 0.27431638,
       0.29841139, 0.32217096, 0.32217096, 0.32217096, 0.34535398,
       0.36832828, 0.36832828, 0.41308957, 0.45731389, 0.45731389,
       0.47880871, 0.50019312, 0.50019312, 0.54190894, 0.60347851,
       0.60347851, 0.60347851, 0.64297688, 0.64297688, 0.64297688,
       0.64297688, 0.66170741, 0.66170741, 0.68012471, 0.68012471,
       0.69781553, 0.69781553, 0.69781553, 0.69781553, 0.69781553,
       0.73087456, 0.73087456, 0.74691752, 0.77862343, 0.80966401,
       0.80966401, 0.83964496, 0.83964496, 0.83964496, 0.83964496,
       0.83964496, 0.83964496, 0.83964496, 0.85294622, 0.85294622,
       0.85294622, 0.87793482, 0.89013847, 0.89013847, 0.89013847,
       0.89013847, 0.90128036, 0.90128036, 0.90128036, 0.90128036,
       0.90128036, 0.90128036, 0.91100558, 0.91100558, 0.92019766,
       0.92019766, 0.93774558, 0.9546719 , 0.9546719 , 0.9546719 ,
       0.96999347, 0.96999347, 0.97723653, 0.98412875, 0.98412875,
       0.98412875, 0.98412875, 0.98412875, 0.98412875, 0.98412875,
       0.98412875, 0.98412875, 0.98412875, 0.98412875, 0.9883438 ,
       0.99610326, 0.99610326, 0.99610326, 0.99610326, 0.99610326,
       0.99887697, 0.99887697, 0.99887697, 0.99887697, 0.99887697,
       0.99887697, 1.        , 1.        , 1.        , 1.        ,
       1.        ]), array([0.        , 0.05234441, 0.07825056, 0.10385511, 0.10385511,
       0.15370546, 0.22807568, 0.27694922, 0.27694922, 0.34900473,
       0.39656775, 0.39656775, 0.41960794, 0.41960794, 0.41960794,
       0.46434231, 0.46434231, 0.48631916, 0.48631916, 0.50765034,
       0.50765034, 0.52857796, 0.52857796, 0.52857796, 0.52857796,
       0.5482137 , 0.5482137 , 0.5482137 , 0.56729806, 0.56729806,
       0.60406455, 0.62215272, 0.62215272, 0.63988117, 0.65732886,
       0.67441566, 0.70826019, 0.70826019, 0.72469688, 0.72469688,
       0.74056178, 0.77166746, 0.77166746, 0.78684501, 0.81627957,
       0.81627957, 0.81627957, 0.81627957, 0.82994935, 0.87030544,
       0.87030544, 0.88335624, 0.88335624, 0.88335624, 0.89546047,
       0.89546047, 0.89546047, 0.89546047, 0.90669634, 0.90669634,
       0.92779066, 0.92779066, 0.93790158, 0.93790158, 0.93790158,
       0.93790158, 0.93790158, 0.93790158, 0.95500316, 0.95500316,
       0.96296006, 0.97073472, 0.9781324 , 0.9781324 , 0.9781324 ,
       0.9781324 , 0.9781324 , 0.9781324 , 0.9781324 , 0.98367309,
       0.98367309, 0.98367309, 0.98367309, 0.98821951, 0.98821951,
       0.98821951, 0.98821951, 0.99525141, 0.99525141, 0.99831047,
       0.99831047, 0.99831047, 0.99831047, 0.99831047, 1.        ,
       1.        , 1.        , 1.        , 1.        , 1.        ,
       1.        ]), array([0.        , 0.23860924, 0.23860924, 0.26442904, 0.31551138,
       0.31551138, 0.34068473, 0.34068473, 0.36517399, 0.36517399,
       0.36517399, 0.38893412, 0.41231426, 0.41231426, 0.41231426,
       0.41231426, 0.41231426, 0.41231426, 0.45627508, 0.4779196 ,
       0.4779196 , 0.4779196 , 0.49888737, 0.49888737, 0.49888737,
       0.49888737, 0.51870226, 0.51870226, 0.53794686, 0.55694482,
       0.59425346, 0.59425346, 0.6304706 , 0.64845894, 0.70130476,
       0.70130476, 0.70130476, 0.71815612, 0.71815612, 0.75093849,
       0.75093849, 0.75093849, 0.75093849, 0.75093849, 0.76600684,
       0.76600684, 0.76600684, 0.76600684, 0.76600684, 0.77978513,
       0.79327674, 0.80647063, 0.81927624, 0.81927624, 0.81927624,
       0.83127448, 0.84313144, 0.85480544, 0.87726271, 0.87726271,
       0.88809046, 0.91955006, 0.91955006, 0.91955006, 0.91955006,
       0.91955006, 0.92872082, 0.93761227, 0.94618316, 0.94618316,
       0.96232131, 0.96232131, 0.97000987, 0.97000987, 0.97000987,
       0.97000987, 0.97657612, 0.98292575, 0.98292575, 0.98292575,
       0.98846396, 0.99363166, 0.9984896 , 0.9984896 , 0.9984896 ,
       0.9984896 , 0.9984896 , 0.9984896 , 0.9984896 , 0.9984896 ,
       0.9984896 , 0.9984896 , 0.9984896 , 0.9984896 , 0.9984896 ,
       1.        , 1.        , 1.        , 1.        , 1.        ,
       1.        ]), array([0.        , 0.03162709, 0.0628376 , 0.0628376 , 0.0628376 ,
       0.0628376 , 0.0628376 , 0.09239122, 0.12176173, 0.15088041,
       0.15088041, 0.17931923, 0.17931923, 0.17931923, 0.20685637,
       0.20685637, 0.28734309, 0.28734309, 0.33951389, 0.36536561,
       0.36536561, 0.39072379, 0.4155775 , 0.4155775 , 0.4155775 ,
       0.4155775 , 0.43935693, 0.46254245, 0.48548374, 0.48548374,
       0.48548374, 0.50766038, 0.50766038, 0.50766038, 0.50766038,
       0.50766038, 0.5484163 , 0.5484163 , 0.56833862, 0.56833862,
       0.56833862, 0.58732055, 0.58732055, 0.60544241, 0.62343929,
       0.62343929, 0.64087608, 0.64087608, 0.64087608, 0.67371058,
       0.67371058, 0.70536973, 0.70536973, 0.70536973, 0.71999777,
       0.74891685, 0.76314526, 0.77690689, 0.77690689, 0.79020764,
       0.79020764, 0.79020764, 0.82663595, 0.82663595, 0.83826793,
       0.83826793, 0.8602133 , 0.87092082, 0.88132051, 0.88132051,
       0.9007552 , 0.91930762, 0.92819512, 0.92819512, 0.93654365,
       0.9445772 , 0.960051  , 0.960051  , 0.96728648, 0.96728648,
       0.96728648, 0.98549457, 0.99721025, 0.99721025, 0.99721025,
       0.99721025, 0.99721025, 0.99721025, 0.99721025, 0.99721025,
       0.99721025, 0.99721025, 1.        , 1.        , 1.        ,
       1.        , 1.        , 1.        , 1.        , 1.        ,
       1.        ])]","[array([0.00000000e+00, 6.95180833e-05, 1.85926482e-03, 5.76495317e-03,
       9.41898846e-03, 9.41898846e-03, 1.48592802e-02, 1.81792115e-02,
       2.17827841e-02, 2.60568457e-02, 3.53035279e-02, 3.53035279e-02,
       3.53035279e-02, 4.75334035e-02, 4.75334035e-02, 5.45330991e-02,
       5.45330991e-02, 6.24686698e-02, 6.24686698e-02, 6.24686698e-02,
       7.21673522e-02, 8.22848807e-02, 9.26591315e-02, 1.14151104e-01,
       1.14151104e-01, 1.37784578e-01, 1.37784578e-01, 1.37784578e-01,
       1.51222869e-01, 1.51222869e-01, 1.51222869e-01, 1.51222869e-01,
       1.66721189e-01, 1.82443148e-01, 1.98805035e-01, 2.15362996e-01,
       2.32515759e-01, 2.50391821e-01, 2.50391821e-01, 2.69271374e-01,
       3.26965879e-01, 3.46839624e-01, 3.46839624e-01, 3.46839624e-01,
       3.46839624e-01, 4.11658991e-01, 4.11658991e-01, 4.56675663e-01,
       4.79649850e-01, 5.03197130e-01, 5.27143544e-01, 5.27143544e-01,
       5.27143544e-01, 5.52614483e-01, 5.52614483e-01, 5.52614483e-01,
       5.79562597e-01, 5.79562597e-01, 5.79562597e-01, 6.07828008e-01,
       6.36848613e-01, 6.36848613e-01, 6.66798648e-01, 6.66798648e-01,
       6.66798648e-01, 6.66798648e-01, 6.98699769e-01, 7.31147207e-01,
       7.31147207e-01, 7.31147207e-01, 7.31147207e-01, 7.65460670e-01,
       8.00245711e-01, 8.00245711e-01, 8.00245711e-01, 8.36417766e-01,
       8.36417766e-01, 8.36417766e-01, 8.74080368e-01, 9.12380740e-01,
       9.12380740e-01, 9.12380740e-01, 9.12380740e-01, 9.12380740e-01,
       9.12380740e-01, 9.12380740e-01, 9.54163487e-01, 9.54163487e-01,
       9.54163487e-01, 9.54163487e-01, 9.54163487e-01, 9.54163487e-01,
       9.54163487e-01, 9.54163487e-01, 9.54163487e-01, 1.00000000e+00,
       1.00000000e+00, 1.00000000e+00, 1.00000000e+00, 1.00000000e+00,
       1.00000000e+00]), array([0.00000000e+00, 4.93257883e-04, 2.69376743e-03, 4.77002993e-03,
       6.66437375e-03, 8.90684394e-03, 1.18006533e-02, 1.18006533e-02,
       1.18006533e-02, 1.58140011e-02, 2.02326410e-02, 2.02326410e-02,
       3.13754098e-02, 4.35608610e-02, 4.35608610e-02, 5.08523214e-02,
       5.83581650e-02, 5.83581650e-02, 7.54145634e-02, 1.02949013e-01,
       1.02949013e-01, 1.02949013e-01, 1.24311213e-01, 1.24311213e-01,
       1.24311213e-01, 1.24311213e-01, 1.36970312e-01, 1.36970312e-01,
       1.50237639e-01, 1.50237639e-01, 1.64915625e-01, 1.64915625e-01,
       1.64915625e-01, 1.64915625e-01, 1.64915625e-01, 1.98781589e-01,
       1.98781589e-01, 2.16659372e-01, 2.53152792e-01, 2.90938145e-01,
       2.90938145e-01, 3.30781065e-01, 3.30781065e-01, 3.30781065e-01,
       3.30781065e-01, 3.30781065e-01, 3.30781065e-01, 3.30781065e-01,
       3.53982604e-01, 3.53982604e-01, 3.53982604e-01, 4.03519573e-01,
       4.28852434e-01, 4.28852434e-01, 4.28852434e-01, 4.28852434e-01,
       4.56246986e-01, 4.56246986e-01, 4.56246986e-01, 4.56246986e-01,
       4.56246986e-01, 4.56246986e-01, 4.86392406e-01, 4.86392406e-01,
       5.17573076e-01, 5.17573076e-01, 5.81558195e-01, 6.46750309e-01,
       6.46750309e-01, 6.46750309e-01, 7.15058509e-01, 7.15058509e-01,
       7.50023729e-01, 7.85670217e-01, 7.85670217e-01, 7.85670217e-01,
       7.85670217e-01, 7.85670217e-01, 7.85670217e-01, 7.85670217e-01,
       7.85670217e-01, 7.85670217e-01, 7.85670217e-01, 7.85670217e-01,
       8.26515166e-01, 9.09507303e-01, 9.09507303e-01, 9.09507303e-01,
       9.09507303e-01, 9.09507303e-01, 9.53151030e-01, 9.53151030e-01,
       9.53151030e-01, 9.53151030e-01, 9.53151030e-01, 9.53151030e-01,
       1.00000000e+00, 1.00000000e+00, 1.00000000e+00, 1.00000000e+00,
       1.00000000e+00]), array([0.00000000e+00, 2.39460438e-07, 4.66861085e-04, 1.46227587e-03,
       1.46227587e-03, 5.83547258e-03, 1.31059382e-02, 1.91918280e-02,
       1.91918280e-02, 3.05207770e-02, 3.89044772e-02, 3.89044772e-02,
       4.43961229e-02, 4.43961229e-02, 4.43961229e-02, 5.77394303e-02,
       5.77394303e-02, 6.50954851e-02, 6.50954851e-02, 7.35836314e-02,
       7.35836314e-02, 8.27793415e-02, 8.27793415e-02, 8.27793415e-02,
       8.27793415e-02, 9.42401772e-02, 9.42401772e-02, 9.42401772e-02,
       1.06667789e-01, 1.06667789e-01, 1.33981595e-01, 1.48155858e-01,
       1.48155858e-01, 1.62960849e-01, 1.78258102e-01, 1.94188130e-01,
       2.26625166e-01, 2.26625166e-01, 2.43695055e-01, 2.43695055e-01,
       2.61767497e-01, 2.99006693e-01, 2.99006693e-01, 3.18284311e-01,
       3.58453549e-01, 3.58453549e-01, 3.58453549e-01, 3.58453549e-01,
       3.80374816e-01, 4.47283982e-01, 4.47283982e-01, 4.70290524e-01,
       4.70290524e-01, 4.70290524e-01, 4.94956739e-01, 4.94956739e-01,
       4.94956739e-01, 4.94956739e-01, 5.21145505e-01, 5.21145505e-01,
       5.75938129e-01, 5.75938129e-01, 6.04099307e-01, 6.04099307e-01,
       6.04099307e-01, 6.04099307e-01, 6.04099307e-01, 6.04099307e-01,
       6.65892617e-01, 6.65892617e-01, 6.97830560e-01, 7.30088036e-01,
       7.63006475e-01, 7.63006475e-01, 7.63006475e-01, 7.63006475e-01,
       7.63006475e-01, 7.63006475e-01, 7.63006475e-01, 7.99180882e-01,
       7.99180882e-01, 7.99180882e-01, 7.99180882e-01, 8.37098606e-01,
       8.37098606e-01, 8.37098606e-01, 8.37098606e-01, 9.16547575e-01,
       9.16547575e-01, 9.57073155e-01, 9.57073155e-01, 9.57073155e-01,
       9.57073155e-01, 9.57073155e-01, 1.00000000e+00, 1.00000000e+00,
       1.00000000e+00, 1.00000000e+00, 1.00000000e+00, 1.00000000e+00,
       1.00000000e+00]), array([0.00000000e+00, 8.31332451e-04, 8.31332451e-04, 2.08921396e-03,
       5.54310192e-03, 5.54310192e-03, 7.88924599e-03, 7.88924599e-03,
       1.13870173e-02, 1.13870173e-02, 1.13870173e-02, 1.61122347e-02,
       2.14771539e-02, 2.14771539e-02, 2.14771539e-02, 2.14771539e-02,
       2.14771539e-02, 2.14771539e-02, 3.69197017e-02, 4.52064429e-02,
       4.52064429e-02, 4.52064429e-02, 5.46324335e-02, 5.46324335e-02,
       5.46324335e-02, 5.46324335e-02, 6.59992550e-02, 6.59992550e-02,
       7.83261086e-02, 9.10681810e-02, 1.17709300e-01, 1.17709300e-01,
       1.46187907e-01, 1.60629621e-01, 2.05838843e-01, 2.05838843e-01,
       2.05838843e-01, 2.22194587e-01, 2.22194587e-01, 2.56455434e-01,
       2.56455434e-01, 2.56455434e-01, 2.56455434e-01, 2.56455434e-01,
       2.75812776e-01, 2.75812776e-01, 2.75812776e-01, 2.75812776e-01,
       2.75812776e-01, 2.97341861e-01, 3.19353558e-01, 3.41866453e-01,
       3.65032980e-01, 3.65032980e-01, 3.65032980e-01, 3.89558689e-01,
       4.14322225e-01, 4.39393765e-01, 4.91036344e-01, 4.91036344e-01,
       5.17532491e-01, 5.98744217e-01, 5.98744217e-01, 5.98744217e-01,
       5.98744217e-01, 5.98744217e-01, 6.28029813e-01, 6.57785622e-01,
       6.88081068e-01, 6.88081068e-01, 7.50361519e-01, 7.50361519e-01,
       7.82142331e-01, 7.82142331e-01, 7.82142331e-01, 7.82142331e-01,
       8.15812482e-01, 8.49847291e-01, 8.49847291e-01, 8.49847291e-01,
       8.85248095e-01, 9.21272624e-01, 9.57818614e-01, 9.57818614e-01,
       9.57818614e-01, 9.57818614e-01, 9.57818614e-01, 9.57818614e-01,
       9.57818614e-01, 9.57818614e-01, 9.57818614e-01, 9.57818614e-01,
       9.57818614e-01, 9.57818614e-01, 9.57818614e-01, 1.00000000e+00,
       1.00000000e+00, 1.00000000e+00, 1.00000000e+00, 1.00000000e+00,
       1.00000000e+00]), array([0.00000000e+00, 9.62857082e-05, 6.53992472e-04, 6.53992472e-04,
       6.53992472e-04, 6.53992472e-04, 6.53992472e-04, 3.04688368e-03,
       5.64258978e-03, 8.51723274e-03, 8.51723274e-03, 1.21448956e-02,
       1.21448956e-02, 1.21448956e-02, 1.67712694e-02, 1.67712694e-02,
       3.30037483e-02, 3.30037483e-02, 4.54724377e-02, 5.19656106e-02,
       5.19656106e-02, 5.90054266e-02, 6.66040139e-02, 6.66040139e-02,
       6.66040139e-02, 6.66040139e-02, 7.53924839e-02, 8.48387692e-02,
       9.45555749e-02, 9.45555749e-02, 9.45555749e-02, 1.05119322e-01,
       1.05119322e-01, 1.05119322e-01, 1.05119322e-01, 1.05119322e-01,
       1.30231294e-01, 1.30231294e-01, 1.43291949e-01, 1.43291949e-01,
       1.43291949e-01, 1.57394195e-01, 1.57394195e-01, 1.72449068e-01,
       1.87642373e-01, 1.87642373e-01, 2.03456037e-01, 2.03456037e-01,
       2.03456037e-01, 2.37341885e-01, 2.37341885e-01, 2.72529569e-01,
       2.72529569e-01, 2.72529569e-01, 2.91454251e-01, 3.29676870e-01,
       3.49044193e-01, 3.68928508e-01, 3.68928508e-01, 3.89323317e-01,
       3.89323317e-01, 3.89323317e-01, 4.54355516e-01, 4.54355516e-01,
       4.76598667e-01, 4.76598667e-01, 5.22545476e-01, 5.45812580e-01,
       5.69420632e-01, 5.69420632e-01, 6.18148299e-01, 6.67853187e-01,
       6.93136165e-01, 6.93136165e-01, 7.19016125e-01, 7.45244954e-01,
       7.98359754e-01, 7.98359754e-01, 8.25472542e-01, 8.25472542e-01,
       8.25472542e-01, 9.10685705e-01, 9.67963068e-01, 9.67963068e-01,
       9.67963068e-01, 9.67963068e-01, 9.67963068e-01, 9.67963068e-01,
       9.67963068e-01, 9.67963068e-01, 9.67963068e-01, 9.67963068e-01,
       1.00000000e+00, 1.00000000e+00, 1.00000000e+00, 1.00000000e+00,
       1.00000000e+00, 1.00000000e+00, 1.00000000e+00, 1.00000000e+00,
       1.00000000e+00])]",-0.0937506821876026,0.0189706668781951,0.0446898782891142,0.0065408062072079,"[{'lambda_reg': 0.16609521336846483}, {'lambda_reg': 0.00010494162068567809}, {'lambda_reg': 1.6097250424399823e-05}, {'lambda_reg': 0.001528756693659221}, {'lambda_reg': 3.516087531355426e-05}]",300,1,linear,84
"[np.float64(0.04816180881063646), np.float64(0.06415148934263881), np.float64(0.06299495001072206), np.float64(0.07335081244614289), np.float64(0.11727470201601957)]",0.0731867525252319,0.0234756505049468,"[np.float64(0.8023272238431493), np.float64(0.7995510205803259), np.float64(0.8101152776309334), np.float64(0.8104794271619442), np.float64(0.7815150085581887)]",0.8007975915549082,0.0105476910808982,"[np.float64(0.9688088302988818), np.float64(0.9329661213598788), np.float64(0.9717647504782208), np.float64(0.967198700352941), np.float64(0.934589410468808)]",0.955065562591746,0.0174505668893155,"[array([0.        , 0.60710461, 0.65865476, 0.6893576 , 0.73990353,
       0.74988673, 0.79939139, 0.79939139, 0.80904667, 0.81862376,
       0.81862376, 0.81862376, 0.81862376, 0.81862376, 0.82770452,
       0.84564998, 0.84564998, 0.85442762, 0.87164385, 0.8801437 ,
       0.8801437 , 0.88849963, 0.88849963, 0.89666847, 0.91269093,
       0.92055891, 0.92055891, 0.92827862, 0.92827862, 0.93580427,
       0.93580427, 0.93580427, 0.93580427, 0.93580427, 0.94282186,
       0.94282186, 0.95631793, 0.95631793, 0.95631793, 0.95631793,
       0.95631793, 0.95631793, 0.95631793, 0.96230111, 0.96823962,
       0.96823962, 0.96823962, 0.96823962, 0.96823962, 0.96823962,
       0.96823962, 0.96823962, 0.96823962, 0.96823962, 0.96823962,
       0.96823962, 0.96823962, 0.96823962, 0.97269042, 0.97269042,
       0.97269042, 0.97685143, 0.97685143, 0.97685143, 0.97685143,
       0.98053205, 0.98412848, 0.98412848, 0.98412848, 0.98412848,
       0.98733531, 0.98733531, 0.98733531, 0.98733531, 0.98733531,
       0.98733531, 0.98733531, 0.98733531, 0.99215066, 0.99215066,
       0.99433291, 0.99433291, 0.99433291, 0.99433291, 0.99433291,
       0.99593862, 0.99901232, 0.99901232, 0.99901232, 0.99901232,
       0.99901232, 0.99901232, 0.99901232, 0.99901232, 0.99901232,
       0.99901232, 0.99901232, 0.99901232, 0.99952799, 0.99988364,
       1.        ]), array([0.        , 0.46963824, 0.50048806, 0.58218497, 0.6325499 ,
       0.64257462, 0.66225198, 0.67202409, 0.69131262, 0.71039198,
       0.72923318, 0.72923318, 0.73844109, 0.75671358, 0.75671358,
       0.76563305, 0.78335166, 0.82687916, 0.82687916, 0.82687916,
       0.82687916, 0.8435558 , 0.85177124, 0.85177124, 0.85975978,
       0.8676897 , 0.8676897 , 0.8676897 , 0.8676897 , 0.8676897 ,
       0.8676897 , 0.87491996, 0.87491996, 0.87491996, 0.88185816,
       0.88874291, 0.90224178, 0.90883974, 0.91535637, 0.91535637,
       0.92163055, 0.9278887 , 0.9278887 , 0.9278887 , 0.93374969,
       0.93374969, 0.93374969, 0.93929933, 0.94477795, 0.95013454,
       0.95013454, 0.95013454, 0.95013454, 0.95013454, 0.95504265,
       0.95974615, 0.95974615, 0.95974615, 0.96414795, 0.96414795,
       0.96841474, 0.96841474, 0.96841474, 0.96841474, 0.96841474,
       0.97213835, 0.97578785, 0.97578785, 0.97578785, 0.97578785,
       0.97578785, 0.97578785, 0.97578785, 0.97578785, 0.97859844,
       0.9812584 , 0.98645002, 0.98894058, 0.98894058, 0.99119175,
       0.99556535, 0.99556535, 0.99747022, 0.99747022, 0.99920864,
       0.99920864, 0.99920864, 0.99920864, 0.99920864, 0.99920864,
       0.99920864, 0.99920864, 0.99920864, 0.99920864, 0.99920864,
       0.99920864, 0.99968937, 0.99968937, 0.9999889 , 0.9999889 ,
       1.        ]), array([0.        , 0.61118321, 0.66420552, 0.68520132, 0.71630794,
       0.72653932, 0.73672557, 0.74673353, 0.76657612, 0.78617909,
       0.79592349, 0.82468621, 0.84374943, 0.85317081, 0.86248207,
       0.86248207, 0.86248207, 0.88040151, 0.8892861 , 0.8892861 ,
       0.89791013, 0.89791013, 0.89791013, 0.89791013, 0.92262578,
       0.92262578, 0.93061214, 0.93061214, 0.93061214, 0.93061214,
       0.93821962, 0.94571434, 0.95305831, 0.95305831, 0.95305831,
       0.95305831, 0.95305831, 0.95305831, 0.95305831, 0.95305831,
       0.95305831, 0.95305831, 0.95305831, 0.95920624, 0.95920624,
       0.96516918, 0.96516918, 0.96516918, 0.96516918, 0.97621121,
       0.97621121, 0.97621121, 0.97621121, 0.97621121, 0.98122431,
       0.98122431, 0.98122431, 0.98122431, 0.98122431, 0.98122431,
       0.98122431, 0.98122431, 0.98122431, 0.98122431, 0.9851514 ,
       0.98897982, 0.98897982, 0.98897982, 0.98897982, 0.98897982,
       0.99223467, 0.99223467, 0.99223467, 0.99223467, 0.99223467,
       0.99223467, 0.99223467, 0.99223467, 0.99223467, 0.99223467,
       0.99223467, 0.99223467, 0.99419916, 0.99419916, 0.99595379,
       0.99595379, 0.99595379, 0.99595379, 0.99595379, 0.99595379,
       0.99595379, 0.99795177, 0.99795177, 0.99878468, 0.99878468,
       0.99934544, 0.99934544, 0.99934544, 0.99934544, 0.99969592,
       1.        ]), array([0.        , 0.57896086, 0.61256883, 0.63471779, 0.66755637,
       0.68923834, 0.72142681, 0.73203187, 0.74255948, 0.75301529,
       0.76335055, 0.76335055, 0.76335055, 0.76335055, 0.78307152,
       0.80247014, 0.81212372, 0.8216709 , 0.84974528, 0.86832587,
       0.86832587, 0.89553013, 0.89553013, 0.89553013, 0.89553013,
       0.89553013, 0.89553013, 0.89553013, 0.91201016, 0.91201016,
       0.92005923, 0.92005923, 0.92787483, 0.92787483, 0.92787483,
       0.92787483, 0.92787483, 0.92787483, 0.92787483, 0.92787483,
       0.92787483, 0.92787483, 0.94127394, 0.9477618 , 0.95418243,
       0.96674831, 0.96674831, 0.96674831, 0.96674831, 0.96674831,
       0.96674831, 0.96674831, 0.96674831, 0.96674831, 0.96674831,
       0.96674831, 0.96674831, 0.96674831, 0.96674831, 0.96674831,
       0.96674831, 0.96674831, 0.96674831, 0.96674831, 0.96674831,
       0.96674831, 0.97063993, 0.97063993, 0.97063993, 0.97063993,
       0.97063993, 0.97397108, 0.97397108, 0.980239  , 0.98622099,
       0.98622099, 0.98622099, 0.98622099, 0.99137039, 0.99137039,
       0.99137039, 0.99137039, 0.99137039, 0.99137039, 0.99137039,
       0.99137039, 0.9930153 , 0.99449748, 0.99449748, 0.9958408 ,
       0.9958408 , 0.9958408 , 0.9958408 , 0.9958408 , 0.9979624 ,
       0.99918394, 0.99918394, 0.99918394, 0.99950869, 0.99997628,
       1.        ]), array([0.        , 0.42974677, 0.54618783, 0.58807577, 0.59841424,
       0.65997843, 0.65997843, 0.67008103, 0.68995015, 0.68995015,
       0.71910125, 0.72870688, 0.74780766, 0.76664123, 0.76664123,
       0.76664123, 0.77576204, 0.78468957, 0.79359686, 0.80234447,
       0.81096418, 0.81096418, 0.81936969, 0.81936969, 0.82758956,
       0.82758956, 0.82758956, 0.82758956, 0.83537411, 0.83537411,
       0.84296168, 0.84296168, 0.85036858, 0.85758077, 0.8719733 ,
       0.87903132, 0.88600203, 0.88600203, 0.88600203, 0.88600203,
       0.89248615, 0.89248615, 0.90506804, 0.90506804, 0.91722178,
       0.92911487, 0.92911487, 0.9348856 , 0.9404952 , 0.95152935,
       0.95152935, 0.95152935, 0.95677063, 0.95677063, 0.95677063,
       0.96165277, 0.96165277, 0.96165277, 0.96626065, 0.96626065,
       0.97065341, 0.97065341, 0.9747546 , 0.9747546 , 0.982542  ,
       0.982542  , 0.986278  , 0.986278  , 0.986278  , 0.986278  ,
       0.99285527, 0.99285527, 0.99285527, 0.99285527, 0.99285527,
       0.99285527, 0.99285527, 0.99536847, 0.99536847, 0.99536847,
       0.99536847, 0.99536847, 0.99536847, 0.99536847, 0.9971547 ,
       0.9971547 , 0.9971547 , 0.9985632 , 0.9985632 , 0.9985632 ,
       0.9985632 , 0.9985632 , 0.9985632 , 0.9985632 , 0.9985632 ,
       0.9985632 , 0.9985632 , 0.9992619 , 0.99970278, 0.99990178,
       1.        ])]","[array([0.        , 0.0029392 , 0.00624505, 0.00911059, 0.01631412,
       0.01824381, 0.02948883, 0.02948883, 0.03269127, 0.0361972 ,
       0.0361972 , 0.0361972 , 0.0361972 , 0.0361972 , 0.04162954,
       0.05333283, 0.05333283, 0.05994166, 0.07447532, 0.08216237,
       0.08216237, 0.09040799, 0.09040799, 0.09937978, 0.11854678,
       0.1286863 , 0.1286863 , 0.1394013 , 0.1394013 , 0.15086949,
       0.15086949, 0.15086949, 0.15086949, 0.15086949, 0.16430964,
       0.16430964, 0.19328234, 0.19328234, 0.19328234, 0.19328234,
       0.19328234, 0.19328234, 0.19328234, 0.21073735, 0.22836574,
       0.22836574, 0.22836574, 0.22836574, 0.22836574, 0.22836574,
       0.22836574, 0.22836574, 0.22836574, 0.22836574, 0.22836574,
       0.22836574, 0.22836574, 0.22836574, 0.25176834, 0.25176834,
       0.25176834, 0.27629575, 0.27629575, 0.27629575, 0.27629575,
       0.3026877 , 0.32940638, 0.32940638, 0.32940638, 0.32940638,
       0.35763723, 0.35763723, 0.35763723, 0.35763723, 0.35763723,
       0.35763723, 0.35763723, 0.35763723, 0.42030248, 0.42030248,
       0.45251007, 0.45251007, 0.45251007, 0.45251007, 0.45251007,
       0.48695537, 0.55638049, 0.55638049, 0.55638049, 0.55638049,
       0.55638049, 0.55638049, 0.55638049, 0.55638049, 0.55638049,
       0.55638049, 0.55638049, 0.55638049, 0.63573409, 0.71570879,
       1.        ]), array([0.        , 0.00205135, 0.0039985 , 0.01143423, 0.01882295,
       0.0204909 , 0.0252931 , 0.02795652, 0.034291  , 0.04144975,
       0.04954707, 0.04954707, 0.0544339 , 0.06477233, 0.06477233,
       0.07079585, 0.08331702, 0.11765055, 0.11765055, 0.11765055,
       0.11765055, 0.13427792, 0.14307584, 0.14307584, 0.15276792,
       0.16269105, 0.16269105, 0.16269105, 0.16269105, 0.16269105,
       0.16269105, 0.17537136, 0.17537136, 0.17537136, 0.18920258,
       0.20324448, 0.23239472, 0.2475668 , 0.26305935, 0.26305935,
       0.27950735, 0.29601853, 0.29601853, 0.29601853, 0.31409484,
       0.31409484, 0.31409484, 0.33339809, 0.35298126, 0.37304528,
       0.37304528, 0.37304528, 0.37304528, 0.37304528, 0.39487667,
       0.41751437, 0.41751437, 0.41751437, 0.44134102, 0.44134102,
       0.46569972, 0.46569972, 0.46569972, 0.46569972, 0.46569972,
       0.49219895, 0.51899028, 0.51899028, 0.51899028, 0.51899028,
       0.51899028, 0.51899028, 0.51899028, 0.51899028, 0.54908753,
       0.57977838, 0.64166572, 0.67302413, 0.67302413, 0.70532596,
       0.77043691, 0.77043691, 0.80410339, 0.80410339, 0.83842584,
       0.83842584, 0.83842584, 0.83842584, 0.83842584, 0.83842584,
       0.83842584, 0.83842584, 0.83842584, 0.83842584, 0.83842584,
       0.83842584, 0.87770457, 0.87770457, 0.91769736, 0.91769736,
       1.        ]), array([0.        , 0.0039964 , 0.00638838, 0.0080823 , 0.01196192,
       0.01373068, 0.01565552, 0.01819698, 0.02387939, 0.03039054,
       0.03384354, 0.0458298 , 0.05420775, 0.05877797, 0.06372903,
       0.06372903, 0.06372903, 0.07606287, 0.0824896 , 0.0824896 ,
       0.08981754, 0.08981754, 0.08981754, 0.08981754, 0.11580098,
       0.11580098, 0.12533436, 0.12533436, 0.12533436, 0.12533436,
       0.13617815, 0.14741188, 0.15916704, 0.15916704, 0.15916704,
       0.15916704, 0.15916704, 0.15916704, 0.15916704, 0.15916704,
       0.15916704, 0.15916704, 0.15916704, 0.17505882, 0.17505882,
       0.19159039, 0.19159039, 0.19159039, 0.19159039, 0.22771047,
       0.22771047, 0.22771047, 0.22771047, 0.22771047, 0.24752717,
       0.24752717, 0.24752717, 0.24752717, 0.24752717, 0.24752717,
       0.24752717, 0.24752717, 0.24752717, 0.24752717, 0.27109992,
       0.29501397, 0.29501397, 0.29501397, 0.29501397, 0.29501397,
       0.32091176, 0.32091176, 0.32091176, 0.32091176, 0.32091176,
       0.32091176, 0.32091176, 0.32091176, 0.32091176, 0.32091176,
       0.32091176, 0.32091176, 0.3512724 , 0.3512724 , 0.38235884,
       0.38235884, 0.38235884, 0.38235884, 0.38235884, 0.38235884,
       0.38235884, 0.44975867, 0.44975867, 0.484033  , 0.484033  ,
       0.51924857, 0.51924857, 0.51924857, 0.51924857, 0.59234645,
       1.        ]), array([0.        , 0.00202758, 0.00337912, 0.00498444, 0.00844973,
       0.01133799, 0.0165893 , 0.01868159, 0.02098664, 0.02348897,
       0.02632245, 0.02632245, 0.02632245, 0.02632245, 0.03459812,
       0.04375937, 0.04846561, 0.05346418, 0.07001802, 0.08142663,
       0.08142663, 0.10037092, 0.10037092, 0.10037092, 0.10037092,
       0.10037092, 0.10037092, 0.10037092, 0.11755033, 0.11755033,
       0.1266646 , 0.1266646 , 0.13642029, 0.13642029, 0.13642029,
       0.13642029, 0.13642029, 0.13642029, 0.13642029, 0.13642029,
       0.13642029, 0.13642029, 0.16206384, 0.17546718, 0.18905524,
       0.21698788, 0.21698788, 0.21698788, 0.21698788, 0.21698788,
       0.21698788, 0.21698788, 0.21698788, 0.21698788, 0.21698788,
       0.21698788, 0.21698788, 0.21698788, 0.21698788, 0.21698788,
       0.21698788, 0.21698788, 0.21698788, 0.21698788, 0.21698788,
       0.21698788, 0.23752381, 0.23752381, 0.23752381, 0.23752381,
       0.23752381, 0.25959951, 0.25959951, 0.30483437, 0.35085475,
       0.35085475, 0.35085475, 0.35085475, 0.39916249, 0.39916249,
       0.39916249, 0.39916249, 0.39916249, 0.39916249, 0.39916249,
       0.39916249, 0.42587074, 0.45302605, 0.45302605, 0.48056286,
       0.48056286, 0.48056286, 0.48056286, 0.48056286, 0.56841606,
       0.6275147 , 0.6275147 , 0.6275147 , 0.65784978, 0.75024701,
       1.        ]), array([0.        , 0.00135063, 0.00771102, 0.01158806, 0.01301708,
       0.02319782, 0.02319782, 0.025439  , 0.03107856, 0.03107856,
       0.04178498, 0.04573738, 0.05402259, 0.06322792, 0.06322792,
       0.06322792, 0.06884973, 0.07513703, 0.08149405, 0.08840091,
       0.09574815, 0.09574815, 0.10383297, 0.10383297, 0.11255698,
       0.11255698, 0.11255698, 0.11255698, 0.12277997, 0.12277997,
       0.13368118, 0.13368118, 0.14520455, 0.15739833, 0.18189557,
       0.19462024, 0.20764553, 0.20764553, 0.20764553, 0.20764553,
       0.22234631, 0.22234631, 0.25307816, 0.25307816, 0.2852843 ,
       0.31838794, 0.31838794, 0.33554515, 0.35325718, 0.38931842,
       0.38931842, 0.38931842, 0.40829871, 0.40829871, 0.40829871,
       0.42851563, 0.42851563, 0.42851563, 0.4496769 , 0.4496769 ,
       0.4715789 , 0.4715789 , 0.49448486, 0.49448486, 0.54172575,
       0.54172575, 0.56588918, 0.56588918, 0.56588918, 0.56588918,
       0.6172969 , 0.6172969 , 0.6172969 , 0.6172969 , 0.6172969 ,
       0.6172969 , 0.6172969 , 0.64567086, 0.64567086, 0.64567086,
       0.64567086, 0.64567086, 0.64567086, 0.64567086, 0.67654798,
       0.67654798, 0.67654798, 0.70872574, 0.70872574, 0.70872574,
       0.70872574, 0.70872574, 0.70872574, 0.70872574, 0.70872574,
       0.70872574, 0.70872574, 0.78037531, 0.85291262, 0.88925509,
       1.        ])]",0.0148138107478832,0.0051804236896724,0.0147668804873218,0.006642697216792,"[{'lambda_reg': 7.104075023959487e-05, 'gamma': 0.31604149207549553, 'coef0': -3.0440129361224058}, {'lambda_reg': 0.0003456336879247352, 'gamma': 0.20353821080546983, 'coef0': 4.371962697772792}, {'lambda_reg': 3.008410757482356e-05, 'gamma': 0.2862152690858757, 'coef0': 3.8826545378626793}, {'lambda_reg': 8.111236508839636e-05, 'gamma': 0.19695711140776515, 'coef0': 1.3681698384332188}, {'lambda_reg': 2.7614362765794018e-05, 'gamma': 0.04178629201664215, 'coef0': 0.19506730568286645}]",600,3,sigmoid,124
"[np.float64(0.07179085312333315), np.float64(0.06474094856825373), np.float64(0.10258385676240829), np.float64(0.0551900823032006), np.float64(0.08404158246512582)]",0.0756694646444643,0.0164216811071278,"[np.float64(0.8139080658762553), np.float64(0.8561153729287645), np.float64(0.8172619065827977), np.float64(0.8329079824529223), np.float64(0.8490181496109228)]",0.8338422954903326,0.0167305246442038,"[np.float64(0.9537379636913854), np.float64(0.9425412795867414), np.float64(0.938346778465312), np.float64(0.9673852279098605), np.float64(0.9380287077539836)]",0.9480079914814564,0.0112349450619517,"[array([0.        , 0.01862745, 0.26002758, 0.37023212, 0.38838215,
       0.38838215, 0.44173567, 0.44173567, 0.44173567, 0.4589579 ,
       0.51017228, 0.51017228, 0.52674061, 0.55978217, 0.57599708,
       0.57599708, 0.60784768, 0.60784768, 0.62333181, 0.63858409,
       0.66876986, 0.69861539, 0.69861539, 0.71324546, 0.71324546,
       0.7273685 , 0.74130973, 0.76887659, 0.76887659, 0.76887659,
       0.76887659, 0.76887659, 0.76887659, 0.76887659, 0.79399961,
       0.79399961, 0.79399961, 0.79399961, 0.80574161, 0.80574161,
       0.81712504, 0.81712504, 0.82806667, 0.83886116, 0.84950727,
       0.84950727, 0.87006061, 0.88013405, 0.88999416, 0.89974331,
       0.89974331, 0.89974331, 0.89974331, 0.89974331, 0.89974331,
       0.89974331, 0.89974331, 0.89974331, 0.89974331, 0.90760287,
       0.91531271, 0.91531271, 0.92256001, 0.92966459, 0.93655104,
       0.93655104, 0.94313602, 0.94313602, 0.94313602, 0.94313602,
       0.94313602, 0.94865232, 0.95937591, 0.96463367, 0.96463367,
       0.96463367, 0.96463367, 0.96463367, 0.96889114, 0.96889114,
       0.96889114, 0.97249867, 0.97249867, 0.97583401, 0.97583401,
       0.97880003, 0.9869301 , 0.9869301 , 0.9869301 , 0.9869301 ,
       0.98899696, 0.99074375, 0.99074375, 0.99074375, 0.99074375,
       0.99296993, 0.99551375, 0.99752175, 0.99800214, 0.99882975,
       1.        ]), array([0.        , 0.04701236, 0.3103202 , 0.37170492, 0.41733919,
       0.47750736, 0.53694971, 0.53694971, 0.56606454, 0.56606454,
       0.59443895, 0.60859545, 0.60859545, 0.64981187, 0.64981187,
       0.64981187, 0.66311492, 0.6762895 , 0.68932903, 0.68932903,
       0.70199126, 0.71452807, 0.72686154, 0.75131063, 0.76337634,
       0.76337634, 0.76337634, 0.76337634, 0.77474546, 0.77474546,
       0.77474546, 0.77474546, 0.79627911, 0.80684298, 0.81734907,
       0.81734907, 0.81734907, 0.81734907, 0.82725391, 0.82725391,
       0.84624603, 0.84624603, 0.84624603, 0.84624603, 0.84624603,
       0.84624603, 0.85485538, 0.85485538, 0.86314952, 0.8713338 ,
       0.8713338 , 0.87920245, 0.89435339, 0.89435339, 0.89435339,
       0.9015656 , 0.90850205, 0.90850205, 0.90850205, 0.91504977,
       0.91504977, 0.91504977, 0.91504977, 0.92092144, 0.92092144,
       0.92092144, 0.92092144, 0.92612483, 0.93124644, 0.93627641,
       0.93627641, 0.94095075, 0.94095075, 0.94967312, 0.94967312,
       0.94967312, 0.9574685 , 0.9574685 , 0.96107897, 0.96452427,
       0.96769568, 0.96769568, 0.96769568, 0.96769568, 0.96769568,
       0.97011568, 0.97247242, 0.97874921, 0.98077557, 0.98077557,
       0.98077557, 0.98381401, 0.98647262, 0.99006557, 0.99313851,
       0.99488528, 0.99775856, 0.99831692, 0.99831692, 0.99938101,
       1.        ]), array([0.        , 0.03342783, 0.1832122 , 0.3149452 , 0.39621874,
       0.42842012, 0.44443094, 0.44443094, 0.50685548, 0.52235789,
       0.53765732, 0.53765732, 0.53765732, 0.5524259 , 0.5524259 ,
       0.58120826, 0.60955511, 0.60955511, 0.63722955, 0.63722955,
       0.66429986, 0.66429986, 0.67750849, 0.67750849, 0.69047452,
       0.69047452, 0.71559983, 0.72799082, 0.74026942, 0.74026942,
       0.75217348, 0.76383076, 0.76383076, 0.76383076, 0.76383076,
       0.77495893, 0.77495893, 0.77495893, 0.77495893, 0.77495893,
       0.77495893, 0.77495893, 0.78490232, 0.79460496, 0.83262515,
       0.83262515, 0.84173368, 0.85072022, 0.85072022, 0.85935566,
       0.87629066, 0.87629066, 0.87629066, 0.87629066, 0.87629066,
       0.88388866, 0.89899035, 0.89899035, 0.89899035, 0.90601384,
       0.90601384, 0.91262809, 0.91914085, 0.92552043, 0.93168176,
       0.93759573, 0.93759573, 0.93759573, 0.95422544, 0.95422544,
       0.95936611, 0.95936611, 0.95936611, 0.95936611, 0.96378452,
       0.96378452, 0.96378452, 0.96378452, 0.96378452, 0.96378452,
       0.96720851, 0.97049247, 0.97049247, 0.97339372, 0.97339372,
       0.97595664, 0.97595664, 0.98048132, 0.98256733, 0.98443639,
       0.98443639, 0.98599857, 0.98599857, 0.9873165 , 0.99279589,
       0.99374018, 0.99601355, 0.9984577 , 0.9984577 , 0.99931356,
       1.        ]), array([0.        , 0.01725896, 0.22286754, 0.34178916, 0.44258988,
       0.52590342, 0.59175983, 0.60802048, 0.62404802, 0.62404802,
       0.68704588, 0.68704588, 0.70241754, 0.71765657, 0.73275913,
       0.73275913, 0.76205395, 0.77654603, 0.77654603, 0.79077692,
       0.79077692, 0.81833573, 0.8319998 , 0.8319998 , 0.8319998 ,
       0.84506366, 0.84506366, 0.84506366, 0.84506366, 0.84506366,
       0.84506366, 0.8693938 , 0.8693938 , 0.8693938 , 0.8693938 ,
       0.8693938 , 0.8693938 , 0.8693938 , 0.88023106, 0.88023106,
       0.89069278, 0.90113   , 0.90113   , 0.91116143, 0.91116143,
       0.91116143, 0.91116143, 0.91116143, 0.91116143, 0.91116143,
       0.91116143, 0.91116143, 0.91963781, 0.91963781, 0.91963781,
       0.93540404, 0.93540404, 0.93540404, 0.93540404, 0.93540404,
       0.94242963, 0.94242963, 0.94242963, 0.94242963, 0.94242963,
       0.94864867, 0.94864867, 0.94864867, 0.94864867, 0.94864867,
       0.94864867, 0.95382235, 0.95382235, 0.95382235, 0.95382235,
       0.95382235, 0.95382235, 0.96199508, 0.96597042, 0.97357067,
       0.97709925, 0.97709925, 0.97709925, 0.97709925, 0.97709925,
       0.97709925, 0.98213534, 0.98454986, 0.98665979, 0.98665979,
       0.98852614, 0.99196138, 0.99196138, 0.99332508, 0.99450573,
       0.99450573, 0.99687871, 0.99810568, 0.99904444, 0.99929691,
       1.        ]), array([0.        , 0.        , 0.16707655, 0.28331442, 0.33244715,
       0.38109927, 0.41310044, 0.42901898, 0.44476097, 0.46034014,
       0.47573086, 0.47573086, 0.52099302, 0.58066183, 0.59538275,
       0.59538275, 0.59538275, 0.59538275, 0.60937452, 0.62316894,
       0.62316894, 0.62316894, 0.63653382, 0.68918757, 0.70211181,
       0.7277646 , 0.74040593, 0.75293675, 0.75293675, 0.75293675,
       0.75293675, 0.76478661, 0.77644461, 0.78793674, 0.78793674,
       0.79899036, 0.80997009, 0.80997009, 0.82066902, 0.82066902,
       0.83089756, 0.85101858, 0.85101858, 0.85101858, 0.85101858,
       0.85101858, 0.86031888, 0.86031888, 0.86031888, 0.86031888,
       0.86031888, 0.86876461, 0.86876461, 0.86876461, 0.87665432,
       0.89199286, 0.89199286, 0.89199286, 0.89199286, 0.89902882,
       0.91282534, 0.91282534, 0.91282534, 0.91282534, 0.9189487 ,
       0.9189487 , 0.9189487 , 0.93031695, 0.94141196, 0.94141196,
       0.94659605, 0.94659605, 0.95140252, 0.95140252, 0.95592179,
       0.96461063, 0.96461063, 0.96866817, 0.96866817, 0.97238306,
       0.97238306, 0.97566693, 0.97566693, 0.97566693, 0.97846088,
       0.97846088, 0.97846088, 0.98079292, 0.98284762, 0.98486994,
       0.98659441, 0.98659441, 0.98812191, 0.98812191, 0.98812191,
       0.99265519, 0.99423679, 0.99595318, 0.99825243, 0.99961846,
       1.        ])]","[array([0.00000000e+00, 1.48843829e-04, 2.68549928e-03, 4.81900896e-03,
       5.34743482e-03, 5.34743482e-03, 7.80455933e-03, 7.80455933e-03,
       7.80455933e-03, 9.07064959e-03, 1.32285274e-02, 1.32285274e-02,
       1.50145077e-02, 1.86620766e-02, 2.07290548e-02, 2.07290548e-02,
       2.53235141e-02, 2.53235141e-02, 2.79714989e-02, 3.08038275e-02,
       3.67219381e-02, 4.29105563e-02, 4.29105563e-02, 4.62375770e-02,
       4.62375770e-02, 4.99677220e-02, 5.38424138e-02, 6.18427246e-02,
       6.18427246e-02, 6.18427246e-02, 6.18427246e-02, 6.18427246e-02,
       6.18427246e-02, 6.18427246e-02, 7.17860467e-02, 7.17860467e-02,
       7.17860467e-02, 7.17860467e-02, 7.74092679e-02, 7.74092679e-02,
       8.33175790e-02, 8.33175790e-02, 8.95771472e-02, 9.59537037e-02,
       1.02448230e-01, 1.02448230e-01, 1.16024745e-01, 1.22974581e-01,
       1.30094023e-01, 1.37301692e-01, 1.37301692e-01, 1.37301692e-01,
       1.37301692e-01, 1.37301692e-01, 1.37301692e-01, 1.37301692e-01,
       1.37301692e-01, 1.37301692e-01, 1.37301692e-01, 1.46011709e-01,
       1.54840756e-01, 1.54840756e-01, 1.64037557e-01, 1.73347831e-01,
       1.82831526e-01, 1.82831526e-01, 1.92554917e-01, 1.92554917e-01,
       1.92554917e-01, 1.92554917e-01, 1.92554917e-01, 2.03127972e-01,
       2.24519772e-01, 2.35298384e-01, 2.35298384e-01, 2.35298384e-01,
       2.35298384e-01, 2.35298384e-01, 2.46872285e-01, 2.46872285e-01,
       2.46872285e-01, 2.58962941e-01, 2.58962941e-01, 2.71270002e-01,
       2.71270002e-01, 2.83870695e-01, 3.22283371e-01, 3.22283371e-01,
       3.22283371e-01, 3.22283371e-01, 3.35598962e-01, 3.49169021e-01,
       3.49169021e-01, 3.49169021e-01, 3.49169021e-01, 3.77316805e-01,
       4.20170914e-01, 4.63451032e-01, 4.78027964e-01, 5.22246571e-01,
       1.00000000e+00]), array([0.00000000e+00, 2.49533358e-04, 5.14411863e-03, 6.93676118e-03,
       8.73580225e-03, 1.18963212e-02, 1.58729482e-02, 1.58729482e-02,
       1.85430197e-02, 1.85430197e-02, 2.20456252e-02, 2.38314507e-02,
       2.38314507e-02, 3.05978695e-02, 3.05978695e-02, 3.05978695e-02,
       3.33433068e-02, 3.62331925e-02, 3.92749294e-02, 3.92749294e-02,
       4.27408987e-02, 4.63478811e-02, 5.01835018e-02, 5.80996970e-02,
       6.22363844e-02, 6.22363844e-02, 6.22363844e-02, 6.22363844e-02,
       6.71563067e-02, 6.71563067e-02, 6.71563067e-02, 6.71563067e-02,
       7.83505837e-02, 8.41759266e-02, 9.00662330e-02, 9.00662330e-02,
       9.00662330e-02, 9.00662330e-02, 9.66325874e-02, 9.66325874e-02,
       1.10684536e-01, 1.10684536e-01, 1.10684536e-01, 1.10684536e-01,
       1.10684536e-01, 1.10684536e-01, 1.18707525e-01, 1.18707525e-01,
       1.27084925e-01, 1.35585849e-01, 1.35585849e-01, 1.44441672e-01,
       1.62812599e-01, 1.62812599e-01, 1.62812599e-01, 1.72406513e-01,
       1.82310491e-01, 1.82310491e-01, 1.82310491e-01, 1.92651543e-01,
       1.92651543e-01, 1.92651543e-01, 1.92651543e-01, 2.03752751e-01,
       2.03752751e-01, 2.03752751e-01, 2.03752751e-01, 2.15605360e-01,
       2.27549925e-01, 2.39597517e-01, 2.39597517e-01, 2.52044991e-01,
       2.52044991e-01, 2.77644147e-01, 2.77644147e-01, 2.77644147e-01,
       3.04285590e-01, 3.04285590e-01, 3.17929266e-01, 3.31758650e-01,
       3.45895997e-01, 3.45895997e-01, 3.45895997e-01, 3.45895997e-01,
       3.45895997e-01, 3.60878226e-01, 3.75931570e-01, 4.21983756e-01,
       4.37408593e-01, 4.37408593e-01, 4.37408593e-01, 4.69398692e-01,
       5.01815868e-01, 5.50885736e-01, 6.00540304e-01, 6.33982741e-01,
       7.01565044e-01, 7.18640479e-01, 7.18640479e-01, 8.05960260e-01,
       1.00000000e+00]), array([0.00000000e+00, 2.92346763e-04, 2.23397215e-03, 5.33600818e-03,
       8.30991182e-03, 9.80040215e-03, 1.06334414e-02, 1.06334414e-02,
       1.55469825e-02, 1.68766926e-02, 1.84047099e-02, 1.84047099e-02,
       1.84047099e-02, 2.04513231e-02, 2.04513231e-02, 2.52819189e-02,
       3.05379786e-02, 3.05379786e-02, 3.64509228e-02, 3.64509228e-02,
       4.29540608e-02, 4.29540608e-02, 4.65246143e-02, 4.65246143e-02,
       5.03321719e-02, 5.03321719e-02, 5.87354142e-02, 6.31047398e-02,
       6.75838625e-02, 6.75838625e-02, 7.24288878e-02, 7.75149808e-02,
       7.75149808e-02, 7.75149808e-02, 7.75149808e-02, 8.31179818e-02,
       8.31179818e-02, 8.31179818e-02, 8.31179818e-02, 8.31179818e-02,
       8.31179818e-02, 8.31179818e-02, 8.98784256e-02, 9.68740522e-02,
       1.25628695e-01, 1.25628695e-01, 1.33204728e-01, 1.40899925e-01,
       1.40899925e-01, 1.48938128e-01, 1.65342652e-01, 1.65342652e-01,
       1.65342652e-01, 1.65342652e-01, 1.65342652e-01, 1.74394349e-01,
       1.92589876e-01, 1.92589876e-01, 1.92589876e-01, 2.02202818e-01,
       2.02202818e-01, 2.12215560e-01, 2.22327448e-01, 2.32569443e-01,
       2.43024655e-01, 2.53721509e-01, 2.53721509e-01, 2.53721509e-01,
       2.86898617e-01, 2.86898617e-01, 2.98350928e-01, 2.98350928e-01,
       2.98350928e-01, 2.98350928e-01, 3.10508827e-01, 3.10508827e-01,
       3.10508827e-01, 3.10508827e-01, 3.10508827e-01, 3.10508827e-01,
       3.23638197e-01, 3.36904374e-01, 3.36904374e-01, 3.50544415e-01,
       3.50544415e-01, 3.64514986e-01, 3.64514986e-01, 3.93043411e-01,
       4.07479874e-01, 4.22128295e-01, 4.22128295e-01, 4.37076503e-01,
       4.37076503e-01, 4.52263324e-01, 5.29282081e-01, 5.44833919e-01,
       5.92036030e-01, 6.55545634e-01, 6.55545634e-01, 7.04132535e-01,
       1.00000000e+00]), array([0.00000000e+00, 1.45008507e-04, 3.26018899e-03, 6.01011429e-03,
       9.40577732e-03, 1.28657909e-02, 1.63626094e-02, 1.74234572e-02,
       1.86981631e-02, 1.86981631e-02, 2.48174015e-02, 2.48174015e-02,
       2.66938082e-02, 2.86918836e-02, 3.08151609e-02, 3.08151609e-02,
       3.58968235e-02, 3.85801457e-02, 3.85801457e-02, 4.15030904e-02,
       4.15030904e-02, 4.81773576e-02, 5.16203002e-02, 5.16203002e-02,
       5.16203002e-02, 5.56138706e-02, 5.56138706e-02, 5.56138706e-02,
       5.56138706e-02, 5.56138706e-02, 5.56138706e-02, 6.52500965e-02,
       6.52500965e-02, 6.52500965e-02, 6.52500965e-02, 6.52500965e-02,
       6.52500965e-02, 6.52500965e-02, 7.12863398e-02, 7.12863398e-02,
       7.76671031e-02, 8.40703452e-02, 8.40703452e-02, 9.08458507e-02,
       9.08458507e-02, 9.08458507e-02, 9.08458507e-02, 9.08458507e-02,
       9.08458507e-02, 9.08458507e-02, 9.08458507e-02, 9.08458507e-02,
       9.90479495e-02, 9.90479495e-02, 9.90479495e-02, 1.16540675e-01,
       1.16540675e-01, 1.16540675e-01, 1.16540675e-01, 1.16540675e-01,
       1.26073727e-01, 1.26073727e-01, 1.26073727e-01, 1.26073727e-01,
       1.26073727e-01, 1.36346704e-01, 1.36346704e-01, 1.36346704e-01,
       1.36346704e-01, 1.36346704e-01, 1.36346704e-01, 1.47578688e-01,
       1.47578688e-01, 1.47578688e-01, 1.47578688e-01, 1.47578688e-01,
       1.47578688e-01, 1.72037651e-01, 1.84368990e-01, 2.09353144e-01,
       2.22094335e-01, 2.22094335e-01, 2.22094335e-01, 2.22094335e-01,
       2.22094335e-01, 2.22094335e-01, 2.49430836e-01, 2.63194061e-01,
       2.77236710e-01, 2.77236710e-01, 2.91502824e-01, 3.20307946e-01,
       3.20307946e-01, 3.35035189e-01, 3.49930354e-01, 3.49930354e-01,
       3.95688278e-01, 4.26519248e-01, 4.57614628e-01, 4.73361300e-01,
       1.00000000e+00]), array([0.        , 0.        , 0.00271949, 0.0053121 , 0.00708119,
       0.00931291, 0.01121811, 0.01224968, 0.01345121, 0.01480947,
       0.01634915, 0.01634915, 0.02184415, 0.02982614, 0.03201058,
       0.03201058, 0.03201058, 0.03201058, 0.03489693, 0.03797324,
       0.03797324, 0.03797324, 0.04146305, 0.05619795, 0.06011193,
       0.06812827, 0.0723146 , 0.0766073 , 0.0766073 , 0.0766073 ,
       0.0766073 , 0.08155551, 0.08668842, 0.091981  , 0.091981  ,
       0.09769569, 0.10348153, 0.10348153, 0.10953766, 0.10953766,
       0.1160466 , 0.129388  , 0.129388  , 0.129388  , 0.129388  ,
       0.129388  , 0.1367905 , 0.1367905 , 0.1367905 , 0.1367905 ,
       0.1367905 , 0.14501564, 0.14501564, 0.14501564, 0.15377602,
       0.17172118, 0.17172118, 0.17172118, 0.17172118, 0.18130341,
       0.20073297, 0.20073297, 0.20073297, 0.20073297, 0.21119369,
       0.21119369, 0.21119369, 0.23296078, 0.2549909 , 0.2549909 ,
       0.2663558 , 0.2663558 , 0.27808419, 0.27808419, 0.29008906,
       0.31443543, 0.31443543, 0.32688478, 0.32688478, 0.33966397,
       0.33966397, 0.35285808, 0.35285808, 0.35285808, 0.3665238 ,
       0.3665238 , 0.3665238 , 0.38063416, 0.39501151, 0.40942002,
       0.42411525, 0.42411525, 0.43900009, 0.43900009, 0.43900009,
       0.51641252, 0.54760055, 0.59501407, 0.69093231, 0.77139363,
       1.        ])]",0.0256856790206861,0.0078597715195186,0.0048840823325047,0.003578748298218,"[{'lambda_reg': 0.4738464283800138, 'gamma': 0.21336610840897893, 'degree': 4, 'coef0': 1.21348582709272}, {'lambda_reg': 0.0006045836295388138, 'gamma': 0.008053567222460282, 'degree': 3, 'coef0': 2.5171268204708896}, {'lambda_reg': 7.219864290617807e-05, 'gamma': 0.003729381595622097, 'degree': 3, 'coef0': 1.2742285814012804}, {'lambda_reg': 0.10438206644239416, 'gamma': 0.13271233563645402, 'degree': 3, 'coef0': 2.2566000212329933}, {'lambda_reg': 0.0002214762221589168, 'gamma': 0.010269679028684399, 'degree': 4, 'coef0': 1.115261066908491}]",600,1,polynomial,111
"[np.float64(0.11196526239477747), np.float64(0.1371833746978825), np.float64(0.14038461991454818), np.float64(0.10921536976695177), np.float64(0.1524838972649981)]",0.1302465048078316,0.0168636628901027,"[np.float64(0.8017846736824192), np.float64(0.8547885512104256), np.float64(0.7995215456859054), np.float64(0.8326513348215736), np.float64(0.851121631538989)]",0.8279735473878626,0.0235462669311061,"[np.float64(0.7955756973367859), np.float64(0.7933973170961575), np.float64(0.8479564435082927), np.float64(0.8104244186000011), np.float64(0.7860722820068804)]",0.8066852317096235,0.0221005817395634,"[array([0.        , 0.04286484, 0.05699508, 0.11277804, 0.1266338 ,
       0.14035196, 0.15380996, 0.16722494, 0.18038894, 0.19345516,
       0.2064314 , 0.21921187, 0.24460793, 0.26957847, 0.3066327 ,
       0.31889118, 0.31889118, 0.31889118, 0.31889118, 0.33048988,
       0.34204453, 0.36468843, 0.36468843, 0.37582487, 0.40851074,
       0.41926647, 0.44060053, 0.45113551, 0.4822612 , 0.50279623,
       0.54316177, 0.54316177, 0.56279819, 0.56279819, 0.58179565,
       0.60992471, 0.64694907, 0.64694907, 0.65594874, 0.65594874,
       0.69059493, 0.69917149, 0.71580951, 0.74063242, 0.74865017,
       0.74865017, 0.74865017, 0.7639905 , 0.78646197, 0.78646197,
       0.78646197, 0.80067424, 0.80067424, 0.80744032, 0.80744032,
       0.82056376, 0.84613441, 0.84613441, 0.85228309, 0.85818697,
       0.86987704, 0.86987704, 0.87532554, 0.88063399, 0.89624724,
       0.90651671, 0.91150887, 0.91635779, 0.93489985, 0.93941914,
       0.94814931, 0.95235981, 0.96448461, 0.96836119, 0.96836119,
       0.97200986, 0.97893471, 0.97893471, 0.97893471, 0.97893471,
       0.9847592 , 0.9847592 , 0.99009208, 0.99009208, 0.99009208,
       0.99455022, 0.99656584, 0.99656584, 0.99656584, 0.99825475,
       0.99825475, 0.99825475, 0.99825475, 0.99825475, 0.99914213,
       1.        , 1.        , 1.        , 1.        , 1.        ,
       1.        ]), array([0.        , 0.0252501 , 0.03776775, 0.07487016, 0.11148361,
       0.1720375 , 0.23196357, 0.23196357, 0.2437073 , 0.26683483,
       0.27827005, 0.30102374, 0.32351433, 0.3568066 , 0.37870046,
       0.42196694, 0.43266714, 0.44324459, 0.44324459, 0.46393059,
       0.47407288, 0.48411862, 0.51397161, 0.52384649, 0.54321798,
       0.55280209, 0.58102767, 0.59039985, 0.59959319, 0.60860347,
       0.62646919, 0.62646919, 0.64377922, 0.65237104, 0.65237104,
       0.66901143, 0.69345202, 0.70958708, 0.71749554, 0.72528588,
       0.73292654, 0.73292654, 0.74781692, 0.76233574, 0.7695453 ,
       0.78348986, 0.80420346, 0.80420346, 0.81090008, 0.81090008,
       0.81731637, 0.83616727, 0.84845896, 0.84845896, 0.86614225,
       0.87760298, 0.88885873, 0.91098527, 0.92167808, 0.93214216,
       0.94236786, 0.94236786, 0.94236786, 0.94236786, 0.94236786,
       0.94236786, 0.95998664, 0.96422606, 0.96422606, 0.97223286,
       0.97613828, 0.9874919 , 0.9874919 , 0.99103711, 0.99436002,
       0.99436002, 0.99436002, 0.99436002, 0.99436002, 0.99436002,
       0.99690251, 0.99690251, 0.99690251, 0.99690251, 0.99690251,
       0.99690251, 0.99690251, 0.99867173, 0.99867173, 0.99867173,
       1.        , 1.        , 1.        , 1.        , 1.        ,
       1.        , 1.        , 1.        , 1.        , 1.        ,
       1.        ]), array([0.        , 0.223874  , 0.223874  , 0.2496574 , 0.27509695,
       0.287749  , 0.30017377, 0.33711133, 0.34926381, 0.361276  ,
       0.38516922, 0.40873882, 0.40873882, 0.40873882, 0.42010246,
       0.46514949, 0.46514949, 0.46514949, 0.47598938, 0.49753175,
       0.5081107 , 0.51864017, 0.51864017, 0.52883329, 0.56921406,
       0.57920408, 0.59891055, 0.60861977, 0.60861977, 0.61811395,
       0.63667311, 0.63667311, 0.64571946, 0.6546882 , 0.68100415,
       0.71564721, 0.71564721, 0.7240515 , 0.75704865, 0.75704865,
       0.78106658, 0.78887912, 0.80432101, 0.81949975, 0.82690299,
       0.82690299, 0.82690299, 0.82690299, 0.83382231, 0.8405943 ,
       0.8405943 , 0.85365856, 0.86007436, 0.86636191, 0.86636191,
       0.87229729, 0.87229729, 0.87229729, 0.87793132, 0.8833576 ,
       0.89948952, 0.91506852, 0.91506852, 0.92492654, 0.92492654,
       0.93428843, 0.94793458, 0.94793458, 0.94793458, 0.94793458,
       0.94793458, 0.9597255 , 0.9597255 , 0.96695491, 0.97050283,
       0.97050283, 0.97050283, 0.97674419, 0.97969672, 0.97969672,
       0.98234406, 0.98234406, 0.98472364, 0.98698845, 0.98916598,
       0.98916598, 0.99297789, 0.99297789, 0.99464749, 0.99464749,
       0.99464749, 0.99725277, 0.99725277, 0.99912549, 1.        ,
       1.        , 1.        , 1.        , 1.        , 1.        ,
       1.        ]), array([0.        , 0.04106881, 0.09523336, 0.12197553, 0.14840106,
       0.18775826, 0.18775826, 0.18775826, 0.21315801, 0.22578703,
       0.26323139, 0.27547943, 0.29983102, 0.31191967, 0.31191967,
       0.34718038, 0.35880031, 0.38182107, 0.39318113, 0.42676533,
       0.46000816, 0.49268319, 0.50352451, 0.5141891 , 0.53528976,
       0.53528976, 0.53528976, 0.54543088, 0.575356  , 0.60488025,
       0.61451467, 0.62405856, 0.63352734, 0.65207024, 0.65207024,
       0.67013776, 0.67013776, 0.67885422, 0.69606012, 0.69606012,
       0.71267875, 0.71267875, 0.72068433, 0.72068433, 0.72068433,
       0.74358369, 0.75851175, 0.75851175, 0.76571336, 0.78697058,
       0.80078161, 0.80078161, 0.81406031, 0.82715791, 0.83986785,
       0.84613886, 0.85828597, 0.85828597, 0.85828597, 0.87545765,
       0.87545765, 0.87545765, 0.8912007 , 0.8912007 , 0.8912007 ,
       0.89612431, 0.90087177, 0.91468249, 0.92801106, 0.93234155,
       0.93654523, 0.94455106, 0.9524037 , 0.95989157, 0.9709357 ,
       0.97439838, 0.98452195, 0.98774088, 0.99079243, 0.99079243,
       0.99356885, 0.99356885, 0.99613001, 0.99613001, 0.99613001,
       0.99613001, 0.99812675, 0.99812675, 0.99812675, 0.99812675,
       0.99812675, 0.99812675, 0.99936317, 0.99936317, 0.99936317,
       0.99936317, 1.        , 1.        , 1.        , 1.        ,
       1.        ]), array([0.        , 0.05262741, 0.06559073, 0.07851652, 0.09129994,
       0.11657361, 0.15402765, 0.17863407, 0.20305687, 0.23935082,
       0.25134073, 0.26316457, 0.27482681, 0.28640357, 0.30926759,
       0.32056869, 0.34288046, 0.35385704, 0.35385704, 0.37539039,
       0.37539039, 0.42805034, 0.45931332, 0.45931332, 0.47946834,
       0.47946834, 0.518774  , 0.53823787, 0.55751649, 0.56696792,
       0.58570909, 0.61327155, 0.62231781, 0.64020933, 0.64020933,
       0.64889202, 0.65735078, 0.66575936, 0.6906335 , 0.70690557,
       0.71485047, 0.72266725, 0.75357154, 0.76116589, 0.78346303,
       0.79083972, 0.79083972, 0.80506406, 0.80506406, 0.81191901,
       0.8185384 , 0.82509094, 0.83793534, 0.83793534, 0.84413232,
       0.84413232, 0.84413232, 0.87296731, 0.88421617, 0.89512629,
       0.89512629, 0.90559734, 0.92585944, 0.94568757, 0.94568757,
       0.95511061, 0.95511061, 0.95511061, 0.95945981, 0.96357035,
       0.97170086, 0.97170086, 0.97546803, 0.97546803, 0.97546803,
       0.97546803, 0.97874457, 0.98494275, 0.98790292, 0.99080931,
       0.99349985, 0.99349985, 0.99349985, 0.99583317, 0.99803426,
       0.99803426, 1.        , 1.        , 1.        , 1.        ,
       1.        , 1.        , 1.        , 1.        , 1.        ,
       1.        , 1.        , 1.        , 1.        , 1.        ,
       1.        ])]","[array([0.00000000e+00, 7.86052053e-05, 3.25269118e-04, 2.34143167e-03,
       2.97099872e-03, 3.79250492e-03, 4.97695416e-03, 6.22139563e-03,
       7.81596464e-03, 9.54693185e-03, 1.14034247e-02, 1.35330207e-02,
       1.80222078e-02, 2.31049889e-02, 3.12893689e-02, 3.41471469e-02,
       3.41471469e-02, 3.41471469e-02, 3.41471469e-02, 3.79252973e-02,
       4.17648991e-02, 5.00933499e-02, 5.00933499e-02, 5.45163529e-02,
       6.87945835e-02, 7.37486878e-02, 8.39043479e-02, 8.91663874e-02,
       1.05621073e-01, 1.16891383e-01, 1.40414803e-01, 1.40414803e-01,
       1.52938671e-01, 1.52938671e-01, 1.66353889e-01, 1.86988865e-01,
       2.15173220e-01, 2.15173220e-01, 2.22577014e-01, 2.22577014e-01,
       2.54078916e-01, 2.62072953e-01, 2.78779578e-01, 3.04026617e-01,
       3.12800197e-01, 3.12800197e-01, 3.12800197e-01, 3.31317095e-01,
       3.59844391e-01, 3.59844391e-01, 3.59844391e-01, 3.79934936e-01,
       3.79934936e-01, 3.90454574e-01, 3.90454574e-01, 4.12064033e-01,
       4.56226288e-01, 4.56226288e-01, 4.67607207e-01, 4.79329629e-01,
       5.02938632e-01, 5.02938632e-01, 5.15296302e-01, 5.27849330e-01,
       5.65943820e-01, 5.91534560e-01, 6.04528819e-01, 6.17722897e-01,
       6.71690016e-01, 6.85343939e-01, 7.13081988e-01, 7.27166666e-01,
       7.70127527e-01, 7.84678023e-01, 7.84678023e-01, 7.99546448e-01,
       8.29802921e-01, 8.29802921e-01, 8.29802921e-01, 8.29802921e-01,
       8.61594397e-01, 8.61594397e-01, 8.94071663e-01, 8.94071663e-01,
       8.94071663e-01, 9.27769185e-01, 9.44915708e-01, 9.44915708e-01,
       9.44915708e-01, 9.62518002e-01, 9.62518002e-01, 9.62518002e-01,
       9.62518002e-01, 9.62518002e-01, 9.81238413e-01, 1.00000000e+00,
       1.00000000e+00, 1.00000000e+00, 1.00000000e+00, 1.00000000e+00,
       1.00000000e+00]), array([0.00000000e+00, 1.65299938e-04, 4.54413884e-04, 2.18790934e-03,
       4.86142693e-03, 1.02180173e-02, 1.67815653e-02, 1.67815653e-02,
       1.85585227e-02, 2.28044007e-02, 2.51744412e-02, 3.01390129e-02,
       3.56093680e-02, 4.46677466e-02, 5.12852971e-02, 6.55224896e-02,
       6.93055937e-02, 7.33246831e-02, 7.33246831e-02, 8.22643049e-02,
       8.71199902e-02, 9.21612773e-02, 1.07831548e-01, 1.13201318e-01,
       1.24668037e-01, 1.30596802e-01, 1.49395729e-01, 1.55731913e-01,
       1.62411899e-01, 1.69443822e-01, 1.83805347e-01, 1.83805347e-01,
       1.99235183e-01, 2.07071574e-01, 2.07071574e-01, 2.23788752e-01,
       2.49864203e-01, 2.67552879e-01, 2.76703011e-01, 2.86080227e-01,
       2.95745207e-01, 2.95745207e-01, 3.15826720e-01, 3.36622554e-01,
       3.47116303e-01, 3.69016137e-01, 4.02256601e-01, 4.02256601e-01,
       4.13736478e-01, 4.13736478e-01, 4.25755252e-01, 4.62576709e-01,
       4.87654114e-01, 4.87654114e-01, 5.26720267e-01, 5.53395180e-01,
       5.80464147e-01, 6.35342191e-01, 6.63493403e-01, 6.92084342e-01,
       7.21133560e-01, 7.21133560e-01, 7.21133560e-01, 7.21133560e-01,
       7.21133560e-01, 7.21133560e-01, 7.84677620e-01, 8.00881372e-01,
       8.00881372e-01, 8.34196351e-01, 8.51042209e-01, 9.02276928e-01,
       9.02276928e-01, 9.19815281e-01, 9.37780981e-01, 9.37780981e-01,
       9.37780981e-01, 9.37780981e-01, 9.37780981e-01, 9.37780981e-01,
       9.57247020e-01, 9.57247020e-01, 9.57247020e-01, 9.57247020e-01,
       9.57247020e-01, 9.57247020e-01, 9.57247020e-01, 9.78199664e-01,
       9.78199664e-01, 9.78199664e-01, 1.00000000e+00, 1.00000000e+00,
       1.00000000e+00, 1.00000000e+00, 1.00000000e+00, 1.00000000e+00,
       1.00000000e+00, 1.00000000e+00, 1.00000000e+00, 1.00000000e+00,
       1.00000000e+00]), array([0.00000000e+00, 5.98240171e-04, 5.98240171e-04, 1.62052022e-03,
       3.23285470e-03, 4.15523471e-03, 5.46762730e-03, 9.98268182e-03,
       1.17623321e-02, 1.37827139e-02, 1.80485577e-02, 2.28697423e-02,
       2.28697423e-02, 2.28697423e-02, 2.60030485e-02, 3.92355828e-02,
       3.92355828e-02, 3.92355828e-02, 4.32676544e-02, 5.15675717e-02,
       5.60474058e-02, 6.06121515e-02, 6.06121515e-02, 6.57540794e-02,
       8.69939542e-02, 9.24844073e-02, 1.03934739e-01, 1.09907038e-01,
       1.09907038e-01, 1.16248354e-01, 1.29667478e-01, 1.29667478e-01,
       1.36777282e-01, 1.44020242e-01, 1.66762069e-01, 1.97847902e-01,
       1.97847902e-01, 2.06059479e-01, 2.39969695e-01, 2.39969695e-01,
       2.66654942e-01, 2.75881956e-01, 2.94650355e-01, 3.13870313e-01,
       3.23799695e-01, 3.23799695e-01, 3.23799695e-01, 3.23799695e-01,
       3.34559475e-01, 3.45572097e-01, 3.45572097e-01, 3.68420524e-01,
       3.80044355e-01, 3.91888269e-01, 3.91888269e-01, 4.04336509e-01,
       4.04336509e-01, 4.04336509e-01, 4.17301871e-01, 4.30623729e-01,
       4.70841419e-01, 5.12007935e-01, 5.12007935e-01, 5.40358285e-01,
       5.40358285e-01, 5.69560006e-01, 6.14043300e-01, 6.14043300e-01,
       6.14043300e-01, 6.14043300e-01, 6.14043300e-01, 6.61710183e-01,
       6.61710183e-01, 6.94571263e-01, 7.11116403e-01, 7.11116403e-01,
       7.11116403e-01, 7.45672976e-01, 7.63239805e-01, 7.63239805e-01,
       7.81330346e-01, 7.81330346e-01, 7.99880368e-01, 8.18627330e-01,
       8.37524071e-01, 8.37524071e-01, 8.76249597e-01, 8.76249597e-01,
       8.96017960e-01, 8.96017960e-01, 8.96017960e-01, 9.36814074e-01,
       9.36814074e-01, 9.78867265e-01, 1.00000000e+00, 1.00000000e+00,
       1.00000000e+00, 1.00000000e+00, 1.00000000e+00, 1.00000000e+00,
       1.00000000e+00]), array([0.00000000e+00, 2.83715228e-04, 1.57545073e-03, 2.74445060e-03,
       4.40048358e-03, 7.31691612e-03, 7.31691612e-03, 7.31691612e-03,
       1.05507614e-02, 1.22766719e-02, 1.81353376e-02, 2.04472628e-02,
       2.52933332e-02, 2.78504217e-02, 2.78504217e-02, 3.70678774e-02,
       4.03459234e-02, 4.72390128e-02, 5.09167839e-02, 6.27129692e-02,
       7.50342352e-02, 8.82288594e-02, 9.27045202e-02, 9.74520305e-02,
       1.07298532e-01, 1.07298532e-01, 1.07298532e-01, 1.12851212e-01,
       1.30275629e-01, 1.48316635e-01, 1.54648702e-01, 1.61120009e-01,
       1.67706851e-01, 1.81487592e-01, 1.81487592e-01, 1.95999529e-01,
       1.95999529e-01, 2.03743562e-01, 2.19580796e-01, 2.19580796e-01,
       2.36321353e-01, 2.36321353e-01, 2.45158826e-01, 2.45158826e-01,
       2.45158826e-01, 2.73389930e-01, 2.92730837e-01, 2.92730837e-01,
       3.02804932e-01, 3.33561903e-01, 3.54620972e-01, 3.54620972e-01,
       3.76498859e-01, 3.98655297e-01, 4.21408004e-01, 4.32913514e-01,
       4.56531947e-01, 4.56531947e-01, 4.56531947e-01, 4.93573101e-01,
       4.93573101e-01, 4.93573101e-01, 5.32811702e-01, 5.32811702e-01,
       5.32811702e-01, 5.46389721e-01, 5.60238673e-01, 6.02449501e-01,
       6.45401944e-01, 6.59892260e-01, 6.74577632e-01, 7.04565998e-01,
       7.34789985e-01, 7.65575042e-01, 8.12041317e-01, 8.27866457e-01,
       8.75748678e-01, 8.91948749e-01, 9.08406281e-01, 9.08406281e-01,
       9.25286990e-01, 9.25286990e-01, 9.42498811e-01, 9.42498811e-01,
       9.42498811e-01, 9.42498811e-01, 9.60578800e-01, 9.60578800e-01,
       9.60578800e-01, 9.60578800e-01, 9.60578800e-01, 9.60578800e-01,
       9.79828265e-01, 9.79828265e-01, 9.79828265e-01, 9.79828265e-01,
       1.00000000e+00, 1.00000000e+00, 1.00000000e+00, 1.00000000e+00,
       1.00000000e+00]), array([0.00000000e+00, 4.02925995e-04, 8.33973079e-04, 1.32906307e-03,
       2.06716625e-03, 4.04372149e-03, 7.78763167e-03, 1.09030201e-02,
       1.43318176e-02, 2.00557136e-02, 2.21481438e-02, 2.45240190e-02,
       2.71756888e-02, 2.99732631e-02, 3.60625309e-02, 3.93305789e-02,
       4.63623921e-02, 5.01843305e-02, 5.01843305e-02, 5.85447260e-02,
       5.85447260e-02, 8.14484783e-02, 9.57590575e-02, 9.57590575e-02,
       1.06471936e-01, 1.06471936e-01, 1.29611924e-01, 1.41504424e-01,
       1.53713112e-01, 1.60138109e-01, 1.73264106e-01, 1.93890580e-01,
       2.01007120e-01, 2.15583250e-01, 2.15583250e-01, 2.23320317e-01,
       2.31439585e-01, 2.39644486e-01, 2.64859293e-01, 2.82199444e-01,
       2.91195743e-01, 3.00410710e-01, 3.37889850e-01, 3.47484455e-01,
       3.77097581e-01, 3.87063688e-01, 3.87063688e-01, 4.07898820e-01,
       4.07898820e-01, 4.18755415e-01, 4.30014038e-01, 4.41386756e-01,
       4.64577128e-01, 4.64577128e-01, 4.76556715e-01, 4.76556715e-01,
       4.76556715e-01, 5.40124002e-01, 5.66037577e-01, 5.92529301e-01,
       5.92529301e-01, 6.19770413e-01, 6.75413240e-01, 7.31796749e-01,
       7.31796749e-01, 7.60826573e-01, 7.60826573e-01, 7.60826573e-01,
       7.75959877e-01, 7.91500516e-01, 8.22736368e-01, 8.22736368e-01,
       8.38863058e-01, 8.38863058e-01, 8.38863058e-01, 8.38863058e-01,
       8.55827137e-01, 8.90361020e-01, 9.07865064e-01, 9.25460904e-01,
       9.43425141e-01, 9.43425141e-01, 9.43425141e-01, 9.61999086e-01,
       9.80798691e-01, 9.80798691e-01, 1.00000000e+00, 1.00000000e+00,
       1.00000000e+00, 1.00000000e+00, 1.00000000e+00, 1.00000000e+00,
       1.00000000e+00, 1.00000000e+00, 1.00000000e+00, 1.00000000e+00,
       1.00000000e+00, 1.00000000e+00, 1.00000000e+00, 1.00000000e+00,
       1.00000000e+00])]",-0.1089885835332264,0.0039366489854913,0.0539896203387751,0.0081158494564242,"[{'lambda_reg': 0.0009066822685797195}, {'lambda_reg': 2.9707805408523673e-05}, {'lambda_reg': 1.1846562406419937e-05}, {'lambda_reg': 2.112838693164078e-05}, {'lambda_reg': 1.917939168832505e-05}]",600,1,linear,105
"[np.float64(0.1418010620885368), np.float64(0.10679486313859671), np.float64(0.11645638540800841), np.float64(0.06743155923046956), np.float64(0.19541755271484262)]",0.1255802845160908,0.0423267515836646,"[np.float64(0.807469424609393), np.float64(0.839791616912137), np.float64(0.8504669285813015), np.float64(0.8889914766381735), np.float64(0.8220726266453413)]",0.8417584146772693,0.0278349914330189,"[np.float64(0.899849455717276), np.float64(0.8178469042924638), np.float64(0.9241218409975163), np.float64(0.9039176242674851), np.float64(0.8227599705121729)]",0.8736991591573828,0.0443930530625239,"[array([0.        , 0.15189202, 0.18919202, 0.26304868, 0.26304868,
       0.29942514, 0.29942514, 0.29942514, 0.29942514, 0.33414678,
       0.36850916, 0.36850916, 0.36850916, 0.40192097, 0.40192097,
       0.40192097, 0.43401544, 0.43401544, 0.43401544, 0.43401544,
       0.43401544, 0.46421504, 0.52373295, 0.52373295, 0.52373295,
       0.52373295, 0.52373295, 0.52373295, 0.55110707, 0.55110707,
       0.55110707, 0.55110707, 0.5772893 , 0.5772893 , 0.5772893 ,
       0.5772893 , 0.5772893 , 0.5772893 , 0.5772893 , 0.62381876,
       0.64689573, 0.64689573, 0.66925947, 0.69127585, 0.71287957,
       0.71287957, 0.71287957, 0.71287957, 0.75278631, 0.77221192,
       0.81062338, 0.82936332, 0.82936332, 0.82936332, 0.82936332,
       0.82936332, 0.82936332, 0.82936332, 0.82936332, 0.82936332,
       0.82936332, 0.85963025, 0.85963025, 0.85963025, 0.85963025,
       0.8867544 , 0.89988948, 0.89988948, 0.89988948, 0.89988948,
       0.89988948, 0.92224864, 0.92224864, 0.93259925, 0.94249866,
       0.94249866, 0.95172934, 0.95172934, 0.95172934, 0.95172934,
       0.95172934, 0.95172934, 0.95172934, 0.96502005, 0.9713539 ,
       0.9713539 , 0.9713539 , 0.9713539 , 0.97626331, 0.98509726,
       0.98509726, 0.98509726, 0.99150423, 0.99150423, 0.99398889,
       0.99398889, 0.99571397, 0.99707415, 0.99900308, 0.99949515,
       1.        ]), array([0.        , 0.1134169 , 0.1134169 , 0.15044514, 0.15044514,
       0.1865074 , 0.1865074 , 0.1865074 , 0.1865074 , 0.1865074 ,
       0.22069709, 0.22069709, 0.22069709, 0.22069709, 0.22069709,
       0.22069709, 0.22069709, 0.22069709, 0.25189617, 0.25189617,
       0.25189617, 0.25189617, 0.25189617, 0.25189617, 0.25189617,
       0.25189617, 0.25189617, 0.27970773, 0.3071563 , 0.3071563 ,
       0.3071563 , 0.3071563 , 0.3071563 , 0.33265238, 0.33265238,
       0.38217751, 0.40653775, 0.40653775, 0.40653775, 0.45342911,
       0.47645393, 0.47645393, 0.47645393, 0.49831409, 0.54125576,
       0.54125576, 0.54125576, 0.5818625 , 0.6218978 , 0.6218978 ,
       0.64103869, 0.65987937, 0.67814758, 0.75046849, 0.75046849,
       0.78493635, 0.80174579, 0.81828423, 0.83452302, 0.83452302,
       0.86510474, 0.86510474, 0.87963975, 0.87963975, 0.87963975,
       0.87963975, 0.87963975, 0.89251793, 0.91680418, 0.91680418,
       0.92827437, 0.92827437, 0.92827437, 0.92827437, 0.92827437,
       0.92827437, 0.94712923, 0.94712923, 0.94712923, 0.94712923,
       0.95506053, 0.97015191, 0.97015191, 0.97015191, 0.97015191,
       0.97015191, 0.97561285, 0.97561285, 0.98031177, 0.98481127,
       0.99264285, 0.99264285, 0.99264285, 0.99566702, 0.99566702,
       0.9979286 , 0.9979286 , 0.9979286 , 0.99880018, 0.99948405,
       1.        ]), array([0.        , 0.23515346, 0.27358546, 0.31181007, 0.31181007,
       0.31181007, 0.31181007, 0.34840918, 0.34840918, 0.3842023 ,
       0.3842023 , 0.3842023 , 0.3842023 , 0.418478  , 0.418478  ,
       0.45208861, 0.45208861, 0.45208861, 0.45208861, 0.45208861,
       0.48354525, 0.48354525, 0.48354525, 0.48354525, 0.48354525,
       0.48354525, 0.51265505, 0.5414853 , 0.57007283, 0.57007283,
       0.57007283, 0.57007283, 0.57007283, 0.57007283, 0.57007283,
       0.6471851 , 0.6471851 , 0.69698518, 0.72134114, 0.74535904,
       0.76904208, 0.76904208, 0.76904208, 0.76904208, 0.81349756,
       0.81349756, 0.83503302, 0.83503302, 0.83503302, 0.83503302,
       0.85485861, 0.85485861, 0.85485861, 0.85485861, 0.87305303,
       0.87305303, 0.87305303, 0.87305303, 0.87305303, 0.87305303,
       0.87305303, 0.88868887, 0.90363338, 0.90363338, 0.90363338,
       0.90363338, 0.90363338, 0.90363338, 0.90363338, 0.91613798,
       0.92828246, 0.93971373, 0.96202099, 0.96202099, 0.96202099,
       0.96202099, 0.96202099, 0.96202099, 0.96202099, 0.96202099,
       0.96202099, 0.96202099, 0.96939634, 0.97620686, 0.97620686,
       0.98228797, 0.98228797, 0.98228797, 0.98228797, 0.98228797,
       0.986219  , 0.98994294, 0.99338163, 0.99338163, 0.99338163,
       0.99338163, 0.99705485, 0.99845327, 0.9993669 , 0.9993669 ,
       1.        ]), array([0.        , 0.15144282, 0.18863176, 0.26242356, 0.33579527,
       0.33579527, 0.33579527, 0.33579527, 0.33579527, 0.37066829,
       0.40496702, 0.40496702, 0.40496702, 0.40496702, 0.40496702,
       0.43746691, 0.46959723, 0.46959723, 0.46959723, 0.46959723,
       0.46959723, 0.46959723, 0.46959723, 0.46959723, 0.46959723,
       0.49831963, 0.49831963, 0.49831963, 0.49831963, 0.49831963,
       0.49831963, 0.52477702, 0.52477702, 0.52477702, 0.54997714,
       0.54997714, 0.57461497, 0.57461497, 0.57461497, 0.57461497,
       0.57461497, 0.61997098, 0.64208415, 0.66397563, 0.7065645 ,
       0.7065645 , 0.7065645 , 0.7065645 , 0.7065645 , 0.7654137 ,
       0.7654137 , 0.80307351, 0.8215571 , 0.85773496, 0.85773496,
       0.87515599, 0.87515599, 0.89181315, 0.89181315, 0.90769027,
       0.90769027, 0.90769027, 0.92238239, 0.92238239, 0.92238239,
       0.92238239, 0.92238239, 0.93499401, 0.93499401, 0.93499401,
       0.94640023, 0.95753946, 0.96819025, 0.96819025, 0.96819025,
       0.96819025, 0.96819025, 0.96819025, 0.97678051, 0.97678051,
       0.97678051, 0.97678051, 0.97678051, 0.97678051, 0.98314872,
       0.98314872, 0.98314872, 0.98314872, 0.98314872, 0.98314872,
       0.98314872, 0.98671052, 0.98671052, 0.99219911, 0.99219911,
       0.99219911, 0.9938386 , 0.99894545, 0.99894545, 0.99944688,
       1.        ]), array([0.        , 0.09951405, 0.13231792, 0.13231792, 0.13231792,
       0.13231792, 0.13231792, 0.13231792, 0.16321931, 0.16321931,
       0.16321931, 0.16321931, 0.16321931, 0.19242009, 0.24963961,
       0.24963961, 0.24963961, 0.24963961, 0.24963961, 0.24963961,
       0.27628771, 0.30269421, 0.30269421, 0.32844413, 0.35381328,
       0.35381328, 0.35381328, 0.37838108, 0.40255481, 0.42626503,
       0.42626503, 0.44936837, 0.44936837, 0.44936837, 0.44936837,
       0.49283605, 0.49283605, 0.53507083, 0.55594633, 0.57644527,
       0.57644527, 0.59630783, 0.61562113, 0.67276322, 0.69145677,
       0.72843631, 0.72843631, 0.74605787, 0.78102704, 0.78102704,
       0.78102704, 0.79738587, 0.8134189 , 0.82925519, 0.82925519,
       0.84430581, 0.85903513, 0.88820468, 0.88820468, 0.88820468,
       0.88820468, 0.88820468, 0.88820468, 0.88820468, 0.91274346,
       0.91274346, 0.91274346, 0.92393759, 0.94570885, 0.94570885,
       0.95573928, 0.95573928, 0.96530464, 0.96530464, 0.96530464,
       0.96530464, 0.97355689, 0.97355689, 0.98101664, 0.98101664,
       0.98101664, 0.98101664, 0.98101664, 0.98101664, 0.98101664,
       0.98101664, 0.98101664, 0.98101664, 0.98101664, 0.98101664,
       0.98101664, 0.98714567, 0.99273433, 0.9952298 , 0.9952298 ,
       0.99709267, 0.99709267, 0.99816606, 0.99816606, 1.        ,
       1.        ])]","[array([0.00000000e+00, 1.93516755e-05, 5.50487414e-04, 2.19405440e-03,
       2.19405440e-03, 3.44741378e-03, 3.44741378e-03, 3.44741378e-03,
       3.44741378e-03, 5.99485560e-03, 8.82325020e-03, 8.82325020e-03,
       8.82325020e-03, 1.23950037e-02, 1.23950037e-02, 1.23950037e-02,
       1.69969292e-02, 1.69969292e-02, 1.69969292e-02, 1.69969292e-02,
       1.69969292e-02, 2.30806673e-02, 3.59373225e-02, 3.59373225e-02,
       3.59373225e-02, 3.59373225e-02, 3.59373225e-02, 3.59373225e-02,
       4.42306252e-02, 4.42306252e-02, 4.42306252e-02, 4.42306252e-02,
       5.34559995e-02, 5.34559995e-02, 5.34559995e-02, 5.34559995e-02,
       5.34559995e-02, 5.34559995e-02, 5.34559995e-02, 7.64697976e-02,
       8.81235203e-02, 8.81235203e-02, 1.00335004e-01, 1.12818129e-01,
       1.25623955e-01, 1.25623955e-01, 1.25623955e-01, 1.25623955e-01,
       1.53816799e-01, 1.68325939e-01, 1.97688112e-01, 2.12733449e-01,
       2.12733449e-01, 2.12733449e-01, 2.12733449e-01, 2.12733449e-01,
       2.12733449e-01, 2.12733449e-01, 2.12733449e-01, 2.12733449e-01,
       2.12733449e-01, 2.48464751e-01, 2.48464751e-01, 2.48464751e-01,
       2.48464751e-01, 2.86653744e-01, 3.06082156e-01, 3.06082156e-01,
       3.06082156e-01, 3.06082156e-01, 3.06082156e-01, 3.47997438e-01,
       3.47997438e-01, 3.69603340e-01, 3.91562085e-01, 3.91562085e-01,
       4.14043790e-01, 4.14043790e-01, 4.14043790e-01, 4.14043790e-01,
       4.14043790e-01, 4.14043790e-01, 4.14043790e-01, 4.63050715e-01,
       4.87797770e-01, 4.87797770e-01, 4.87797770e-01, 4.87797770e-01,
       5.13658763e-01, 5.66150928e-01, 5.66150928e-01, 5.66150928e-01,
       6.20541021e-01, 6.20541021e-01, 6.48298203e-01, 6.48298203e-01,
       6.76649379e-01, 7.05285918e-01, 7.63177893e-01, 7.92493302e-01,
       1.00000000e+00]), array([0.00000000e+00, 2.90208841e-04, 2.90208841e-04, 9.96314574e-04,
       9.96314574e-04, 2.45960861e-03, 2.45960861e-03, 2.45960861e-03,
       2.45960861e-03, 2.45960861e-03, 5.39072695e-03, 5.39072695e-03,
       5.39072695e-03, 5.39072695e-03, 5.39072695e-03, 5.39072695e-03,
       5.39072695e-03, 5.39072695e-03, 1.06660553e-02, 1.06660553e-02,
       1.06660553e-02, 1.06660553e-02, 1.06660553e-02, 1.06660553e-02,
       1.06660553e-02, 1.06660553e-02, 1.06660553e-02, 1.85967181e-02,
       2.68119166e-02, 2.68119166e-02, 2.68119166e-02, 2.68119166e-02,
       2.68119166e-02, 3.65575793e-02, 3.65575793e-02, 5.71988575e-02,
       6.78348644e-02, 6.78348644e-02, 6.78348644e-02, 9.05406418e-02,
       1.02223425e-01, 1.02223425e-01, 1.02223425e-01, 1.14819132e-01,
       1.40620901e-01, 1.40620901e-01, 1.40620901e-01, 1.68252926e-01,
       1.96332871e-01, 1.96332871e-01, 2.11060106e-01, 2.26022651e-01,
       2.41433939e-01, 3.03668483e-01, 3.03668483e-01, 3.36112512e-01,
       3.52667267e-01, 3.69434448e-01, 3.86436504e-01, 3.86436504e-01,
       4.21926709e-01, 4.21926709e-01, 4.40264294e-01, 4.40264294e-01,
       4.40264294e-01, 4.40264294e-01, 4.40264294e-01, 4.59900593e-01,
       5.00325541e-01, 5.00325541e-01, 5.21065508e-01, 5.21065508e-01,
       5.21065508e-01, 5.21065508e-01, 5.21065508e-01, 5.21065508e-01,
       5.65747891e-01, 5.65747891e-01, 5.65747891e-01, 5.65747891e-01,
       5.89261841e-01, 6.36894262e-01, 6.36894262e-01, 6.36894262e-01,
       6.36894262e-01, 6.36894262e-01, 6.62344615e-01, 6.62344615e-01,
       6.88392284e-01, 7.14596269e-01, 7.67919339e-01, 7.67919339e-01,
       7.67919339e-01, 7.95279768e-01, 7.95279768e-01, 8.23237969e-01,
       8.23237969e-01, 8.23237969e-01, 8.52285722e-01, 8.81480619e-01,
       1.00000000e+00]), array([0.00000000e+00, 5.40106250e-05, 6.25214597e-04, 1.34977495e-03,
       1.34977495e-03, 1.34977495e-03, 1.34977495e-03, 3.27640545e-03,
       3.27640545e-03, 5.79905769e-03, 5.79905769e-03, 5.79905769e-03,
       5.79905769e-03, 9.44384110e-03, 9.44384110e-03, 1.35804616e-02,
       1.35804616e-02, 1.35804616e-02, 1.35804616e-02, 1.35804616e-02,
       1.93099385e-02, 1.93099385e-02, 1.93099385e-02, 1.93099385e-02,
       1.93099385e-02, 1.93099385e-02, 2.67749140e-02, 3.44466101e-02,
       4.22977947e-02, 4.22977947e-02, 4.22977947e-02, 4.22977947e-02,
       4.22977947e-02, 4.22977947e-02, 4.22977947e-02, 7.22482703e-02,
       7.22482703e-02, 9.34044400e-02, 1.04384880e-01, 1.15615305e-01,
       1.27093366e-01, 1.27093366e-01, 1.27093366e-01, 1.27093366e-01,
       1.52201869e-01, 1.52201869e-01, 1.65268060e-01, 1.65268060e-01,
       1.65268060e-01, 1.65268060e-01, 1.79598706e-01, 1.79598706e-01,
       1.79598706e-01, 1.79598706e-01, 1.95135598e-01, 1.95135598e-01,
       1.95135598e-01, 1.95135598e-01, 1.95135598e-01, 1.95135598e-01,
       1.95135598e-01, 2.12564560e-01, 2.30504763e-01, 2.30504763e-01,
       2.30504763e-01, 2.30504763e-01, 2.30504763e-01, 2.30504763e-01,
       2.30504763e-01, 2.50249276e-01, 2.70260102e-01, 2.90798343e-01,
       3.32285458e-01, 3.32285458e-01, 3.32285458e-01, 3.32285458e-01,
       3.32285458e-01, 3.32285458e-01, 3.32285458e-01, 3.32285458e-01,
       3.32285458e-01, 3.32285458e-01, 3.55823057e-01, 3.79778343e-01,
       3.79778343e-01, 4.04273032e-01, 4.04273032e-01, 4.04273032e-01,
       4.04273032e-01, 4.04273032e-01, 4.30357699e-01, 4.56595518e-01,
       4.83044273e-01, 4.83044273e-01, 4.83044273e-01, 4.83044273e-01,
       5.38311261e-01, 5.66268796e-01, 5.94584833e-01, 5.94584833e-01,
       1.00000000e+00]), array([0.00000000e+00, 2.68843793e-04, 8.62193033e-04, 2.50791395e-03,
       4.48264925e-03, 4.48264925e-03, 4.48264925e-03, 4.48264925e-03,
       4.48264925e-03, 6.88985968e-03, 9.74685699e-03, 9.74685699e-03,
       9.74685699e-03, 9.74685699e-03, 9.74685699e-03, 1.40127339e-02,
       1.85680593e-02, 1.85680593e-02, 1.85680593e-02, 1.85680593e-02,
       1.85680593e-02, 1.85680593e-02, 1.85680593e-02, 1.85680593e-02,
       1.85680593e-02, 2.57925141e-02, 2.57925141e-02, 2.57925141e-02,
       2.57925141e-02, 2.57925141e-02, 2.57925141e-02, 3.47909478e-02,
       3.47909478e-02, 3.47909478e-02, 4.47740999e-02, 4.47740999e-02,
       5.51976446e-02, 5.51976446e-02, 5.51976446e-02, 5.51976446e-02,
       5.51976446e-02, 7.91146611e-02, 9.15155532e-02, 1.04090072e-01,
       1.30174349e-01, 1.30174349e-01, 1.30174349e-01, 1.30174349e-01,
       1.30174349e-01, 1.73243537e-01, 1.73243537e-01, 2.03188312e-01,
       2.18431945e-01, 2.49537400e-01, 2.49537400e-01, 2.65613241e-01,
       2.65613241e-01, 2.82287353e-01, 2.82287353e-01, 2.99572409e-01,
       2.99572409e-01, 2.99572409e-01, 3.17785563e-01, 3.17785563e-01,
       3.17785563e-01, 3.17785563e-01, 3.17785563e-01, 3.37628196e-01,
       3.37628196e-01, 3.37628196e-01, 3.58414917e-01, 3.79410746e-01,
       4.00789124e-01, 4.00789124e-01, 4.00789124e-01, 4.00789124e-01,
       4.00789124e-01, 4.00789124e-01, 4.23781346e-01, 4.23781346e-01,
       4.23781346e-01, 4.23781346e-01, 4.23781346e-01, 4.23781346e-01,
       4.48513903e-01, 4.48513903e-01, 4.48513903e-01, 4.48513903e-01,
       4.48513903e-01, 4.48513903e-01, 4.48513903e-01, 4.75444472e-01,
       4.75444472e-01, 5.30586184e-01, 5.30586184e-01, 5.30586184e-01,
       5.59022335e-01, 6.73903480e-01, 6.73903480e-01, 7.03230974e-01,
       1.00000000e+00]), array([0.00000000e+00, 1.95985583e-04, 6.30947483e-04, 6.30947483e-04,
       6.30947483e-04, 6.30947483e-04, 6.30947483e-04, 6.30947483e-04,
       2.97953265e-03, 2.97953265e-03, 2.97953265e-03, 2.97953265e-03,
       2.97953265e-03, 7.03868702e-03, 1.63459573e-02, 1.63459573e-02,
       1.63459573e-02, 1.63459573e-02, 1.63459573e-02, 1.63459573e-02,
       2.29727308e-02, 2.98425275e-02, 2.98425275e-02, 3.73727483e-02,
       4.52859672e-02, 4.52859672e-02, 4.52859672e-02, 5.40052293e-02,
       6.31208695e-02, 7.27027433e-02, 7.27027433e-02, 8.28950354e-02,
       8.28950354e-02, 8.28950354e-02, 8.28950354e-02, 1.06034679e-01,
       1.06034679e-01, 1.30414440e-01, 1.42847622e-01, 1.55659574e-01,
       1.55659574e-01, 1.69111634e-01, 1.83116167e-01, 2.25932254e-01,
       2.40560168e-01, 2.70225941e-01, 2.70225941e-01, 2.85932122e-01,
       3.17620036e-01, 3.17620036e-01, 3.17620036e-01, 3.34596345e-01,
       3.51900360e-01, 3.69402261e-01, 3.69402261e-01, 3.87694440e-01,
       4.06309795e-01, 4.43831296e-01, 4.43831296e-01, 4.43831296e-01,
       4.43831296e-01, 4.43831296e-01, 4.43831296e-01, 4.43831296e-01,
       4.86010686e-01, 4.86010686e-01, 4.86010686e-01, 5.08181940e-01,
       5.53145055e-01, 5.53145055e-01, 5.76486818e-01, 5.76486818e-01,
       6.00296382e-01, 6.00296382e-01, 6.00296382e-01, 6.00296382e-01,
       6.25426736e-01, 6.25426736e-01, 6.51354235e-01, 6.51354235e-01,
       6.51354235e-01, 6.51354235e-01, 6.51354235e-01, 6.51354235e-01,
       6.51354235e-01, 6.51354235e-01, 6.51354235e-01, 6.51354235e-01,
       6.51354235e-01, 6.51354235e-01, 6.51354235e-01, 7.12051193e-01,
       7.73291673e-01, 8.04212520e-01, 8.04212520e-01, 8.35769678e-01,
       8.35769678e-01, 8.68120936e-01, 8.68120936e-01, 1.00000000e+00,
       1.00000000e+00])]",0.0051472746096675,0.0456478487304827,0.0243298530389972,0.0130363393819296,"[{'lambda_reg': 4.3710003683745136e-05, 'gamma': 0.13459768113784146, 'coef0': 0.3449467072542367}, {'lambda_reg': 0.00215469753367215, 'gamma': 0.06504766145226612, 'coef0': -2.019641449920855}, {'lambda_reg': 2.96551473334007e-05, 'gamma': 0.12265185352155485, 'coef0': 0.3507773760759605}, {'lambda_reg': 1.8370173526617112e-05, 'gamma': 0.15465075395253272, 'coef0': -2.4221438230295043}, {'lambda_reg': 1.204755356361676e-05, 'gamma': 0.004906436412416523, 'coef0': -0.1271185991995658}]",300,2,sigmoid,96
"[np.float64(0.24377776386274505), np.float64(0.21649953286948104), np.float64(0.41807487630154183), np.float64(0.25204064805991877), np.float64(0.3263383318715333)]",0.291346230593044,0.0730675205552457,"[np.float64(0.44048805503907296), np.float64(0.4576370737097848), np.float64(0.49741359489865894), np.float64(0.649304562165789), np.float64(0.5073883372913581)]",0.5104463246209328,0.0736801057671202,"[np.float64(0.5785041149989287), np.float64(0.5692965505928627), np.float64(0.5822308475061693), np.float64(0.5204756961881645), np.float64(0.5408948288048446)]",0.558280407618194,0.0238135754311293,"[array([0.        , 0.        , 0.        , 0.        , 0.        ,
       0.        , 0.        , 0.        , 0.        , 0.        ,
       0.        , 0.        , 0.        , 0.        , 0.        ,
       0.        , 0.        , 0.        , 0.        , 0.        ,
       0.        , 0.02168528, 0.02168528, 0.02168528, 0.04257765,
       0.06315967, 0.06315967, 0.08327558, 0.08327558, 0.1029687 ,
       0.1029687 , 0.16025117, 0.17898583, 0.17898583, 0.21548507,
       0.233322  , 0.28641028, 0.40850395, 0.44274032, 0.49362943,
       0.57651634, 0.65793633, 0.69004568, 0.70594793, 0.75248898,
       0.798358  , 0.85817492, 0.90217208, 0.91651015, 0.94490105,
       0.97276114, 1.        , 1.        , 1.        , 1.        ,
       1.        , 1.        , 1.        , 1.        , 1.        ,
       1.        , 1.        , 1.        , 1.        , 1.        ,
       1.        , 1.        , 1.        , 1.        , 1.        ,
       1.        , 1.        , 1.        , 1.        , 1.        ,
       1.        , 1.        , 1.        , 1.        , 1.        ,
       1.        , 1.        , 1.        , 1.        , 1.        ,
       1.        , 1.        , 1.        , 1.        , 1.        ,
       1.        , 1.        , 1.        , 1.        , 1.        ,
       1.        , 1.        , 1.        , 1.        , 1.        ,
       1.        ]), array([0.        , 0.        , 0.        , 0.        , 0.        ,
       0.        , 0.        , 0.        , 0.        , 0.        ,
       0.        , 0.        , 0.        , 0.        , 0.        ,
       0.        , 0.        , 0.        , 0.        , 0.        ,
       0.        , 0.        , 0.        , 0.        , 0.        ,
       0.        , 0.        , 0.03907133, 0.0776866 , 0.09665744,
       0.15271611, 0.17109093, 0.20748494, 0.26125167, 0.29653759,
       0.40094419, 0.45256513, 0.55385958, 0.58723488, 0.65293996,
       0.66911355, 0.7322554 , 0.80984042, 0.91674436, 0.93180351,
       0.93180351, 0.93180351, 0.94602522, 0.94602522, 0.97350403,
       0.9870366 , 0.9870366 , 1.        , 1.        , 1.        ,
       1.        , 1.        , 1.        , 1.        , 1.        ,
       1.        , 1.        , 1.        , 1.        , 1.        ,
       1.        , 1.        , 1.        , 1.        , 1.        ,
       1.        , 1.        , 1.        , 1.        , 1.        ,
       1.        , 1.        , 1.        , 1.        , 1.        ,
       1.        , 1.        , 1.        , 1.        , 1.        ,
       1.        , 1.        , 1.        , 1.        , 1.        ,
       1.        , 1.        , 1.        , 1.        , 1.        ,
       1.        , 1.        , 1.        , 1.        , 1.        ,
       1.        ]), array([0.        , 0.        , 0.        , 0.        , 0.        ,
       0.        , 0.        , 0.        , 0.        , 0.        ,
       0.        , 0.        , 0.        , 0.        , 0.        ,
       0.        , 0.        , 0.02152582, 0.02152582, 0.02152582,
       0.02152582, 0.02152582, 0.02152582, 0.06180918, 0.08162534,
       0.08162534, 0.100816  , 0.1581359 , 0.1581359 , 0.1581359 ,
       0.17647993, 0.21250987, 0.24814133, 0.3531995 , 0.40488253,
       0.54088688, 0.59081884, 0.62370021, 0.65617756, 0.73601097,
       0.73601097, 0.82880079, 0.8591481 , 0.9189594 , 0.9189594 ,
       0.93344585, 0.94748723, 0.97516243, 0.97516243, 0.97516243,
       0.97516243, 0.98788261, 0.98788261, 0.98788261, 1.        ,
       1.        , 1.        , 1.        , 1.        , 1.        ,
       1.        , 1.        , 1.        , 1.        , 1.        ,
       1.        , 1.        , 1.        , 1.        , 1.        ,
       1.        , 1.        , 1.        , 1.        , 1.        ,
       1.        , 1.        , 1.        , 1.        , 1.        ,
       1.        , 1.        , 1.        , 1.        , 1.        ,
       1.        , 1.        , 1.        , 1.        , 1.        ,
       1.        , 1.        , 1.        , 1.        , 1.        ,
       1.        , 1.        , 1.        , 1.        , 1.        ,
       1.        ]), array([0.        , 0.        , 0.        , 0.        , 0.        ,
       0.        , 0.        , 0.        , 0.        , 0.        ,
       0.        , 0.        , 0.        , 0.        , 0.        ,
       0.        , 0.        , 0.        , 0.        , 0.        ,
       0.        , 0.        , 0.        , 0.        , 0.        ,
       0.        , 0.        , 0.        , 0.        , 0.        ,
       0.        , 0.        , 0.        , 0.01774387, 0.05275805,
       0.17348412, 0.30973415, 0.56085267, 0.7750689 , 0.88887303,
       0.96846427, 1.        , 1.        , 1.        , 1.        ,
       1.        , 1.        , 1.        , 1.        , 1.        ,
       1.        , 1.        , 1.        , 1.        , 1.        ,
       1.        , 1.        , 1.        , 1.        , 1.        ,
       1.        , 1.        , 1.        , 1.        , 1.        ,
       1.        , 1.        , 1.        , 1.        , 1.        ,
       1.        , 1.        , 1.        , 1.        , 1.        ,
       1.        , 1.        , 1.        , 1.        , 1.        ,
       1.        , 1.        , 1.        , 1.        , 1.        ,
       1.        , 1.        , 1.        , 1.        , 1.        ,
       1.        , 1.        , 1.        , 1.        , 1.        ,
       1.        , 1.        , 1.        , 1.        , 1.        ,
       1.        ]), array([0.        , 0.        , 0.        , 0.        , 0.        ,
       0.        , 0.        , 0.        , 0.        , 0.        ,
       0.        , 0.        , 0.        , 0.        , 0.        ,
       0.        , 0.        , 0.        , 0.        , 0.        ,
       0.        , 0.        , 0.        , 0.        , 0.        ,
       0.        , 0.        , 0.        , 0.01861609, 0.01861609,
       0.01861609, 0.10827356, 0.16134553, 0.26570969, 0.36851329,
       0.53774154, 0.63788098, 0.6706434 , 0.73530836, 0.83062301,
       0.939864  , 0.95529553, 0.98544389, 0.98544389, 1.        ,
       1.        , 1.        , 1.        , 1.        , 1.        ,
       1.        , 1.        , 1.        , 1.        , 1.        ,
       1.        , 1.        , 1.        , 1.        , 1.        ,
       1.        , 1.        , 1.        , 1.        , 1.        ,
       1.        , 1.        , 1.        , 1.        , 1.        ,
       1.        , 1.        , 1.        , 1.        , 1.        ,
       1.        , 1.        , 1.        , 1.        , 1.        ,
       1.        , 1.        , 1.        , 1.        , 1.        ,
       1.        , 1.        , 1.        , 1.        , 1.        ,
       1.        , 1.        , 1.        , 1.        , 1.        ,
       1.        , 1.        , 1.        , 1.        , 1.        ,
       1.        ])]","[array([0.        , 0.        , 0.        , 0.        , 0.        ,
       0.        , 0.        , 0.        , 0.        , 0.        ,
       0.        , 0.        , 0.        , 0.        , 0.        ,
       0.        , 0.        , 0.        , 0.        , 0.        ,
       0.        , 0.00890242, 0.00890242, 0.00890242, 0.01903153,
       0.02964079, 0.02964079, 0.04097116, 0.04097116, 0.05295563,
       0.05295563, 0.09168899, 0.10515627, 0.10515627, 0.13359167,
       0.14844783, 0.19366998, 0.30194058, 0.33387683, 0.38250129,
       0.46652528, 0.55281873, 0.58804568, 0.60589498, 0.66124627,
       0.71763728, 0.79490113, 0.85418808, 0.8744573 , 0.91543701,
       0.95723795, 1.        , 1.        , 1.        , 1.        ,
       1.        , 1.        , 1.        , 1.        , 1.        ,
       1.        , 1.        , 1.        , 1.        , 1.        ,
       1.        , 1.        , 1.        , 1.        , 1.        ,
       1.        , 1.        , 1.        , 1.        , 1.        ,
       1.        , 1.        , 1.        , 1.        , 1.        ,
       1.        , 1.        , 1.        , 1.        , 1.        ,
       1.        , 1.        , 1.        , 1.        , 1.        ,
       1.        , 1.        , 1.        , 1.        , 1.        ,
       1.        , 1.        , 1.        , 1.        , 1.        ,
       1.        ]), array([0.        , 0.        , 0.        , 0.        , 0.        ,
       0.        , 0.        , 0.        , 0.        , 0.        ,
       0.        , 0.        , 0.        , 0.        , 0.        ,
       0.        , 0.        , 0.        , 0.        , 0.        ,
       0.        , 0.        , 0.        , 0.        , 0.        ,
       0.        , 0.        , 0.02368363, 0.04813422, 0.0609259 ,
       0.10073691, 0.11453094, 0.14271709, 0.18638249, 0.21643211,
       0.30902145, 0.35629548, 0.45411857, 0.48738133, 0.55566512,
       0.57316101, 0.64575543, 0.73875582, 0.87184067, 0.89121072,
       0.89121072, 0.89121072, 0.91198912, 0.91198912, 0.95516812,
       0.97710547, 0.97710547, 1.        , 1.        , 1.        ,
       1.        , 1.        , 1.        , 1.        , 1.        ,
       1.        , 1.        , 1.        , 1.        , 1.        ,
       1.        , 1.        , 1.        , 1.        , 1.        ,
       1.        , 1.        , 1.        , 1.        , 1.        ,
       1.        , 1.        , 1.        , 1.        , 1.        ,
       1.        , 1.        , 1.        , 1.        , 1.        ,
       1.        , 1.        , 1.        , 1.        , 1.        ,
       1.        , 1.        , 1.        , 1.        , 1.        ,
       1.        , 1.        , 1.        , 1.        , 1.        ,
       1.        ]), array([0.        , 0.        , 0.        , 0.        , 0.        ,
       0.        , 0.        , 0.        , 0.        , 0.        ,
       0.        , 0.        , 0.        , 0.        , 0.        ,
       0.        , 0.        , 0.00792292, 0.00792292, 0.00792292,
       0.00792292, 0.00792292, 0.00792292, 0.02875013, 0.03974948,
       0.03974948, 0.05187439, 0.0887027 , 0.0887027 , 0.0887027 ,
       0.10235105, 0.13083201, 0.16003001, 0.25092815, 0.29789966,
       0.42642665, 0.47654909, 0.5106957 , 0.54556933, 0.63520054,
       0.63520054, 0.74817482, 0.78688131, 0.86588377, 0.86588377,
       0.8864736 , 0.9078643 , 0.95137908, 0.95137908, 0.95137908,
       0.95137908, 0.9751472 , 0.9751472 , 0.9751472 , 1.        ,
       1.        , 1.        , 1.        , 1.        , 1.        ,
       1.        , 1.        , 1.        , 1.        , 1.        ,
       1.        , 1.        , 1.        , 1.        , 1.        ,
       1.        , 1.        , 1.        , 1.        , 1.        ,
       1.        , 1.        , 1.        , 1.        , 1.        ,
       1.        , 1.        , 1.        , 1.        , 1.        ,
       1.        , 1.        , 1.        , 1.        , 1.        ,
       1.        , 1.        , 1.        , 1.        , 1.        ,
       1.        , 1.        , 1.        , 1.        , 1.        ,
       1.        ]), array([0.        , 0.        , 0.        , 0.        , 0.        ,
       0.        , 0.        , 0.        , 0.        , 0.        ,
       0.        , 0.        , 0.        , 0.        , 0.        ,
       0.        , 0.        , 0.        , 0.        , 0.        ,
       0.        , 0.        , 0.        , 0.        , 0.        ,
       0.        , 0.        , 0.        , 0.        , 0.        ,
       0.        , 0.        , 0.        , 0.01481983, 0.04527141,
       0.15497836, 0.2833111 , 0.53139343, 0.7522613 , 0.87383569,
       0.96358474, 1.        , 1.        , 1.        , 1.        ,
       1.        , 1.        , 1.        , 1.        , 1.        ,
       1.        , 1.        , 1.        , 1.        , 1.        ,
       1.        , 1.        , 1.        , 1.        , 1.        ,
       1.        , 1.        , 1.        , 1.        , 1.        ,
       1.        , 1.        , 1.        , 1.        , 1.        ,
       1.        , 1.        , 1.        , 1.        , 1.        ,
       1.        , 1.        , 1.        , 1.        , 1.        ,
       1.        , 1.        , 1.        , 1.        , 1.        ,
       1.        , 1.        , 1.        , 1.        , 1.        ,
       1.        , 1.        , 1.        , 1.        , 1.        ,
       1.        , 1.        , 1.        , 1.        , 1.        ,
       1.        ]), array([0.        , 0.        , 0.        , 0.        , 0.        ,
       0.        , 0.        , 0.        , 0.        , 0.        ,
       0.        , 0.        , 0.        , 0.        , 0.        ,
       0.        , 0.        , 0.        , 0.        , 0.        ,
       0.        , 0.        , 0.        , 0.        , 0.        ,
       0.        , 0.        , 0.        , 0.01311115, 0.01311115,
       0.01311115, 0.08490995, 0.12930702, 0.22134729, 0.31623384,
       0.47822846, 0.57797414, 0.61234876, 0.68266631, 0.79121186,
       0.92142213, 0.94034154, 0.97948391, 0.97948391, 1.        ,
       1.        , 1.        , 1.        , 1.        , 1.        ,
       1.        , 1.        , 1.        , 1.        , 1.        ,
       1.        , 1.        , 1.        , 1.        , 1.        ,
       1.        , 1.        , 1.        , 1.        , 1.        ,
       1.        , 1.        , 1.        , 1.        , 1.        ,
       1.        , 1.        , 1.        , 1.        , 1.        ,
       1.        , 1.        , 1.        , 1.        , 1.        ,
       1.        , 1.        , 1.        , 1.        , 1.        ,
       1.        , 1.        , 1.        , 1.        , 1.        ,
       1.        , 1.        , 1.        , 1.        , 1.        ,
       1.        , 1.        , 1.        , 1.        , 1.        ,
       1.        ])]",-0.1769961973508832,0.05332689363032,0.1845196840003308,0.0155449958025168,"[{'lambda_reg': 0.5326444404408223}, {'lambda_reg': 0.9027128916977167}, {'lambda_reg': 0.9360383817830427}, {'lambda_reg': 0.857351238097452}, {'lambda_reg': 0.6304085607469645}]",300,2,linear,91
"[np.float64(0.11363752172379361), np.float64(0.08945425547512141), np.float64(0.10759746300861904), np.float64(0.11037045423480864), np.float64(0.15064588819485242)]",0.114341116527439,0.0199956513588935,"[np.float64(0.7507808726023926), np.float64(0.8089818458550477), np.float64(0.7582010940438879), np.float64(0.7923610130583789), np.float64(0.7484249007641097)]",0.7717499452647634,0.0244063992257789,"[np.float64(0.9095736443719407), np.float64(0.9111898883820229), np.float64(0.9108604154193607), np.float64(0.9232768231781212), np.float64(0.9342490245270773)]",0.9178299591757046,0.0095925580418261,"[array([0.        , 0.327909  , 0.44939456, 0.50955392, 0.50955392,
       0.50955392, 0.56800783, 0.60651197, 0.60651197, 0.6441429 ,
       0.68140144, 0.71824132, 0.73642475, 0.73642475, 0.73642475,
       0.77153458, 0.7889431 , 0.80608055, 0.80608055, 0.82274591,
       0.83924893, 0.85553101, 0.87156683, 0.87156683, 0.87156683,
       0.87156683, 0.87156683, 0.87156683, 0.87156683, 0.87156683,
       0.87156683, 0.87156683, 0.88558724, 0.88558724, 0.88558724,
       0.88558724, 0.88558724, 0.88558724, 0.91132921, 0.91132921,
       0.91132921, 0.91132921, 0.91132921, 0.91132921, 0.92297226,
       0.93429405, 0.93429405, 0.94524934, 0.94524934, 0.94524934,
       0.95552263, 0.97589078, 0.97589078, 0.97589078, 0.98550424,
       0.98550424, 0.98550424, 0.98550424, 0.98550424, 0.98550424,
       0.98550424, 0.98550424, 0.98550424, 0.99330296, 0.99330296,
       0.99330296, 0.99330296, 0.99330296, 0.99999896, 0.99999896,
       0.99999896, 0.99999896, 0.99999896, 0.99999896, 0.99999896,
       0.99999896, 0.99999896, 0.99999896, 0.99999896, 0.99999896,
       0.99999896, 0.99999896, 0.99999896, 0.99999896, 0.99999896,
       0.99999896, 0.99999896, 0.99999896, 0.99999896, 0.99999896,
       0.99999896, 0.99999896, 0.99999896, 0.99999896, 0.99999896,
       0.99999896, 0.99999896, 0.99999896, 0.99999896, 0.99999896,
       1.        ]), array([0.        , 0.29339192, 0.38247805, 0.40457147, 0.40457147,
       0.4260684 , 0.44743687, 0.55336446, 0.61604406, 0.61604406,
       0.61604406, 0.65660966, 0.67669463, 0.6963962 , 0.6963962 ,
       0.71565059, 0.71565059, 0.71565059, 0.7343351 , 0.75286356,
       0.7710376 , 0.7710376 , 0.78880535, 0.78880535, 0.80617524,
       0.80617524, 0.80617524, 0.80617524, 0.80617524, 0.82231412,
       0.82231412, 0.83806892, 0.83806892, 0.85339587, 0.85339587,
       0.85339587, 0.86796523, 0.88235467, 0.88235467, 0.88235467,
       0.88235467, 0.8958947 , 0.8958947 , 0.9088784 , 0.92163751,
       0.92163751, 0.92163751, 0.92163751, 0.92163751, 0.92163751,
       0.92163751, 0.93293698, 0.93293698, 0.93293698, 0.93293698,
       0.93293698, 0.94291898, 0.94291898, 0.94291898, 0.95224229,
       0.96142958, 0.96142958, 0.96142958, 0.97001221, 0.97001221,
       0.97001221, 0.97001221, 0.97001221, 0.97740528, 0.97740528,
       0.97740528, 0.97740528, 0.97740528, 0.97740528, 0.98347111,
       0.98347111, 0.98347111, 0.98347111, 0.98347111, 0.98824703,
       0.99289071, 0.99289071, 0.997029  , 0.997029  , 0.997029  ,
       0.997029  , 0.997029  , 0.997029  , 0.997029  , 0.997029  ,
       0.997029  , 0.997029  , 0.997029  , 0.997029  , 0.997029  ,
       0.9982058 , 0.99932594, 0.99932594, 0.99999138, 0.99999138,
       1.        ]), array([0.        , 0.33228444, 0.4417805 , 0.50666326, 0.50666326,
       0.50666326, 0.54861031, 0.54861031, 0.56922561, 0.56922561,
       0.58931755, 0.64914182, 0.66888789, 0.66888789, 0.6881124 ,
       0.6881124 , 0.70688181, 0.70688181, 0.70688181, 0.72498755,
       0.74277988, 0.76044126, 0.79524728, 0.79524728, 0.79524728,
       0.81190356, 0.81190356, 0.8282561 , 0.8282561 , 0.84411841,
       0.84411841, 0.84411841, 0.84411841, 0.84411841, 0.85888537,
       0.87348826, 0.87348826, 0.87348826, 0.88728101, 0.88728101,
       0.88728101, 0.88728101, 0.90025294, 0.90025294, 0.90025294,
       0.91257672, 0.91257672, 0.91257672, 0.91257672, 0.92409107,
       0.92409107, 0.92409107, 0.94567009, 0.94567009, 0.94567009,
       0.94567009, 0.94567009, 0.94567009, 0.94567009, 0.94567009,
       0.94567009, 0.95452788, 0.95452788, 0.97112123, 0.97112123,
       0.97112123, 0.97112123, 0.97112123, 0.97112123, 0.97112123,
       0.97112123, 0.9842961 , 0.9842961 , 0.9904066 , 0.9904066 ,
       0.9904066 , 0.9904066 , 0.9904066 , 0.9904066 , 0.9904066 ,
       0.9904066 , 0.9904066 , 0.99462408, 0.99462408, 0.99462408,
       0.99462408, 0.99462408, 0.99759759, 0.99759759, 0.99759759,
       0.99759759, 0.99759759, 0.99759759, 0.99919473, 0.99919473,
       0.99919473, 0.99919473, 0.99919473, 0.99985862, 0.99985862,
       1.        ]), array([0.        , 0.33667356, 0.44748662, 0.51320894, 0.53484674,
       0.53484674, 0.55617674, 0.57708407, 0.61857929, 0.65982808,
       0.65982808, 0.65982808, 0.65982808, 0.69905359, 0.71853849,
       0.73778812, 0.75688573, 0.77566245, 0.77566245, 0.77566245,
       0.77566245, 0.77566245, 0.77566245, 0.79314295, 0.79314295,
       0.79314295, 0.79314295, 0.82623981, 0.85886274, 0.85886274,
       0.85886274, 0.85886274, 0.85886274, 0.85886274, 0.85886274,
       0.85886274, 0.87345826, 0.87345826, 0.88758521, 0.88758521,
       0.88758521, 0.88758521, 0.9006571 , 0.9006571 , 0.9006571 ,
       0.9006571 , 0.92508509, 0.92508509, 0.92508509, 0.93675343,
       0.93675343, 0.93675343, 0.93675343, 0.93675343, 0.93675343,
       0.93675343, 0.93675343, 0.94655629, 0.94655629, 0.94655629,
       0.94655629, 0.94655629, 0.95526239, 0.95526239, 0.96346649,
       0.96346649, 0.96346649, 0.96346649, 0.96346649, 0.96346649,
       0.96346649, 0.96346649, 0.96976516, 0.96976516, 0.97574229,
       0.97574229, 0.98133229, 0.98133229, 0.98630028, 0.98630028,
       0.98630028, 0.98630028, 0.98630028, 0.99028119, 0.99028119,
       0.99367902, 0.99694074, 0.99694074, 0.99694074, 0.99694074,
       0.99694074, 0.99913166, 0.99913166, 0.99913166, 0.99913166,
       0.99913166, 0.99913166, 0.99999582, 0.99999582, 0.99999582,
       1.        ]), array([0.        , 0.50987321, 0.56791721, 0.58713999, 0.6061227 ,
       0.64370789, 0.64370789, 0.69899808, 0.7171179 , 0.7171179 ,
       0.73491193, 0.75246745, 0.7697614 , 0.7697614 , 0.82072863,
       0.82072863, 0.82072863, 0.83703348, 0.86944199, 0.86944199,
       0.88522728, 0.90093055, 0.91627092, 0.93153176, 0.93153176,
       0.93153176, 0.93153176, 0.93153176, 0.94581347, 0.94581347,
       0.94581347, 0.94581347, 0.94581347, 0.94581347, 0.94581347,
       0.94581347, 0.94581347, 0.97073047, 0.97073047, 0.97073047,
       0.97073047, 0.97073047, 0.97073047, 0.97073047, 0.97073047,
       0.97073047, 0.97073047, 0.97073047, 0.97073047, 0.97073047,
       0.97073047, 0.97073047, 0.97073047, 0.97073047, 0.97979933,
       0.97979933, 0.97979933, 0.97979933, 0.97979933, 0.97979933,
       0.97979933, 0.97979933, 0.98730905, 0.98730905, 0.98730905,
       0.98730905, 0.98730905, 0.98730905, 0.98730905, 0.98730905,
       0.98730905, 0.98730905, 0.98730905, 0.98730905, 0.99252967,
       0.99252967, 0.99252967, 0.99252967, 0.99252967, 0.99252967,
       0.99252967, 0.99252967, 0.99252967, 0.99252967, 0.99252967,
       0.99252967, 0.99545918, 0.99545918, 0.99784501, 0.99784501,
       0.99982878, 0.99982878, 0.99982878, 0.99982878, 0.99982878,
       0.99982878, 0.99982878, 0.99982878, 0.99982878, 0.99982878,
       1.        ])]","[array([0.        , 0.00350783, 0.01118421, 0.01752936, 0.01752936,
       0.01752936, 0.03120283, 0.04231715, 0.04231715, 0.05718368,
       0.0736504 , 0.09191604, 0.10206519, 0.10206519, 0.10206519,
       0.1277649 , 0.1412438 , 0.15588751, 0.15588751, 0.17255981,
       0.18992965, 0.20824889, 0.22762632, 0.22762632, 0.22762632,
       0.22762632, 0.22762632, 0.22762632, 0.22762632, 0.22762632,
       0.22762632, 0.22762632, 0.25566395, 0.25566395, 0.25566395,
       0.25566395, 0.25566395, 0.25566395, 0.32161744, 0.32161744,
       0.32161744, 0.32161744, 0.32161744, 0.32161744, 0.35987063,
       0.39950427, 0.39950427, 0.44071277, 0.44071277, 0.44071277,
       0.48485184, 0.57389668, 0.57389668, 0.57389668, 0.62087105,
       0.62087105, 0.62087105, 0.62087105, 0.62087105, 0.62087105,
       0.62087105, 0.62087105, 0.62087105, 0.67564333, 0.67564333,
       0.67564333, 0.67564333, 0.67564333, 0.73515403, 0.73515403,
       0.73515403, 0.73515403, 0.73515403, 0.73515403, 0.73515403,
       0.73515403, 0.73515403, 0.73515403, 0.73515403, 0.73515403,
       0.73515403, 0.73515403, 0.73515403, 0.73515403, 0.73515403,
       0.73515403, 0.73515403, 0.73515403, 0.73515403, 0.73515403,
       0.73515403, 0.73515403, 0.73515403, 0.73515403, 0.73515403,
       0.73515403, 0.73515403, 0.73515403, 0.73515403, 0.73515403,
       1.        ]), array([0.        , 0.00172641, 0.00558657, 0.00705058, 0.00705058,
       0.01018561, 0.0136805 , 0.03371768, 0.04819668, 0.04819668,
       0.04819668, 0.06126936, 0.06835988, 0.07652448, 0.07652448,
       0.08594183, 0.08594183, 0.08594183, 0.09695566, 0.10840665,
       0.12085051, 0.12085051, 0.13443258, 0.13443258, 0.14912922,
       0.14912922, 0.14912922, 0.14912922, 0.14912922, 0.16727443,
       0.16727443, 0.18649564, 0.18649564, 0.20691542, 0.20691542,
       0.20691542, 0.22945755, 0.2525037 , 0.2525037 , 0.2525037 ,
       0.2525037 , 0.27792942, 0.27792942, 0.30491364, 0.33252703,
       0.33252703, 0.33252703, 0.33252703, 0.33252703, 0.33252703,
       0.33252703, 0.36422951, 0.36422951, 0.36422951, 0.36422951,
       0.36422951, 0.3996228 , 0.3996228 , 0.3996228 , 0.43686134,
       0.47448095, 0.47448095, 0.47448095, 0.51379446, 0.51379446,
       0.51379446, 0.51379446, 0.51379446, 0.55644043, 0.55644043,
       0.55644043, 0.55644043, 0.55644043, 0.55644043, 0.60280457,
       0.60280457, 0.60280457, 0.60280457, 0.60280457, 0.65278232,
       0.70313051, 0.70313051, 0.75489453, 0.75489453, 0.75489453,
       0.75489453, 0.75489453, 0.75489453, 0.75489453, 0.75489453,
       0.75489453, 0.75489453, 0.75489453, 0.75489453, 0.75489453,
       0.81495494, 0.87517407, 0.87517407, 0.93666702, 0.93666702,
       1.        ]), array([0.        , 0.00215701, 0.00668749, 0.01186021, 0.01186021,
       0.01186021, 0.01924881, 0.01924881, 0.02402208, 0.02402208,
       0.03037174, 0.05078075, 0.05817217, 0.05817217, 0.06713455,
       0.06713455, 0.07746769, 0.07746769, 0.07746769, 0.08979982,
       0.10307597, 0.11674653, 0.1456441 , 0.1456441 , 0.1456441 ,
       0.16234205, 0.16234205, 0.17995486, 0.17995486, 0.19904428,
       0.19904428, 0.19904428, 0.19904428, 0.19904428, 0.2214329 ,
       0.24431574, 0.24431574, 0.24431574, 0.26963872, 0.26963872,
       0.26963872, 0.26963872, 0.29743401, 0.29743401, 0.29743401,
       0.32718159, 0.32718159, 0.32718159, 0.32718159, 0.35936717,
       0.35936717, 0.35936717, 0.42810481, 0.42810481, 0.42810481,
       0.42810481, 0.42810481, 0.42810481, 0.42810481, 0.42810481,
       0.42810481, 0.46829205, 0.46829205, 0.55204666, 0.55204666,
       0.55204666, 0.55204666, 0.55204666, 0.55204666, 0.55204666,
       0.55204666, 0.64609783, 0.64609783, 0.69455997, 0.69455997,
       0.69455997, 0.69455997, 0.69455997, 0.69455997, 0.69455997,
       0.69455997, 0.69455997, 0.74872394, 0.74872394, 0.74872394,
       0.74872394, 0.74872394, 0.80663477, 0.80663477, 0.80663477,
       0.80663477, 0.80663477, 0.80663477, 0.86869124, 0.86869124,
       0.86869124, 0.86869124, 0.86869124, 0.93355872, 0.93355872,
       1.        ]), array([0.        , 0.00109042, 0.00550731, 0.01035587, 0.01274641,
       0.01274641, 0.01602089, 0.02050918, 0.03040319, 0.04100485,
       0.04100485, 0.04100485, 0.04100485, 0.05741702, 0.06599025,
       0.07523914, 0.08492462, 0.09553164, 0.09553164, 0.09553164,
       0.09553164, 0.09553164, 0.09553164, 0.10986113, 0.10986113,
       0.10986113, 0.10986113, 0.14387357, 0.17924704, 0.17924704,
       0.17924704, 0.17924704, 0.17924704, 0.17924704, 0.17924704,
       0.17924704, 0.20186163, 0.20186163, 0.22582186, 0.22582186,
       0.22582186, 0.22582186, 0.25281205, 0.25281205, 0.25281205,
       0.25281205, 0.31171979, 0.31171979, 0.31171979, 0.34274067,
       0.34274067, 0.34274067, 0.34274067, 0.34274067, 0.34274067,
       0.34274067, 0.34274067, 0.37911885, 0.37911885, 0.37911885,
       0.37911885, 0.37911885, 0.41864671, 0.41864671, 0.45961622,
       0.45961622, 0.45961622, 0.45961622, 0.45961622, 0.45961622,
       0.45961622, 0.45961622, 0.50605776, 0.50605776, 0.55342271,
       0.55342271, 0.6018994 , 0.6018994 , 0.65216239, 0.65216239,
       0.65216239, 0.65216239, 0.65216239, 0.70526009, 0.70526009,
       0.76003227, 0.81519534, 0.81519534, 0.81519534, 0.81519534,
       0.81519534, 0.87343353, 0.87343353, 0.87343353, 0.87343353,
       0.87343353, 0.87343353, 0.93548191, 0.93548191, 0.93548191,
       1.        ]), array([0.        , 0.00363354, 0.008474  , 0.0107905 , 0.01445474,
       0.02391788, 0.02391788, 0.04421839, 0.05272697, 0.05272697,
       0.06306456, 0.07474115, 0.08788622, 0.08788622, 0.1324561 ,
       0.1324561 , 0.1324561 , 0.15115404, 0.18967938, 0.18967938,
       0.21129419, 0.2333694 , 0.25748196, 0.28204103, 0.28204103,
       0.28204103, 0.28204103, 0.28204103, 0.31209705, 0.31209705,
       0.31209705, 0.31209705, 0.31209705, 0.31209705, 0.31209705,
       0.31209705, 0.31209705, 0.39268021, 0.39268021, 0.39268021,
       0.39268021, 0.39268021, 0.39268021, 0.39268021, 0.39268021,
       0.39268021, 0.39268021, 0.39268021, 0.39268021, 0.39268021,
       0.39268021, 0.39268021, 0.39268021, 0.39268021, 0.45200141,
       0.45200141, 0.45200141, 0.45200141, 0.45200141, 0.45200141,
       0.45200141, 0.45200141, 0.52007581, 0.52007581, 0.52007581,
       0.52007581, 0.52007581, 0.52007581, 0.52007581, 0.52007581,
       0.52007581, 0.52007581, 0.52007581, 0.52007581, 0.60100129,
       0.60100129, 0.60100129, 0.60100129, 0.60100129, 0.60100129,
       0.60100129, 0.60100129, 0.60100129, 0.60100129, 0.60100129,
       0.60100129, 0.69478922, 0.69478922, 0.79162946, 0.79162946,
       0.89072684, 0.89072684, 0.89072684, 0.89072684, 0.89072684,
       0.89072684, 0.89072684, 0.89072684, 0.89072684, 0.89072684,
       1.        ])]",0.0037418755303284,0.0210424203436489,0.0186927492219471,0.010328229321863,"[{'lambda_reg': 0.00031143959392442987, 'gamma': 0.3677617700010178, 'coef0': 2.1960738207695822}, {'lambda_reg': 1.609862858184313e-05, 'gamma': 0.026229244344004202, 'coef0': -0.7827884636364839}, {'lambda_reg': 2.7519729787914784e-05, 'gamma': 0.12481581808568668, 'coef0': 3.0693223592426335}, {'lambda_reg': 6.93128960129004e-05, 'gamma': 0.014306989392606093, 'coef0': -1.0996156069584395}, {'lambda_reg': 0.0004890862168915093, 'gamma': 0.043743345331244764, 'coef0': -1.8815122805357563}]",300,3,sigmoid,103
"[np.float64(0.14779225849991498), np.float64(0.1621263489113852), np.float64(0.1575241652466836), np.float64(0.2070538091771543), np.float64(0.2005835833396316)]",0.1750160330349539,0.0240556106726988,"[np.float64(0.6995874162587633), np.float64(0.732454115908207), np.float64(0.7161788909456157), np.float64(0.6528683047553889), np.float64(0.7061033711327449)]",0.7014384198001439,0.0266964377966974,"[np.float64(0.7567555285553933), np.float64(0.7529588785064522), np.float64(0.7804511640586372), np.float64(0.7721197885855967), np.float64(0.7433238694726575)]",0.7611218458357474,0.0133943571142751,"[array([0.        , 0.06310677, 0.06310677, 0.07542953, 0.08766357,
       0.16015898, 0.16015898, 0.16015898, 0.17189201, 0.18351532,
       0.19504749, 0.20637122, 0.20637122, 0.22861242, 0.22861242,
       0.26120551, 0.29334153, 0.325071  , 0.35649598, 0.37716997,
       0.41790967, 0.41790967, 0.41790967, 0.41790967, 0.41790967,
       0.4561512 , 0.48455035, 0.50313442, 0.51236669, 0.53966617,
       0.5664303 , 0.59292448, 0.60168139, 0.60168139, 0.6270297 ,
       0.65190488, 0.70092516, 0.70092516, 0.70887875, 0.7245141 ,
       0.74757795, 0.77030289, 0.77770151, 0.79226883, 0.79944738,
       0.80645672, 0.82028349, 0.83382351, 0.8538768 , 0.86037299,
       0.8796005 , 0.8796005 , 0.89192324, 0.90392523, 0.90392523,
       0.90964766, 0.9152966 , 0.9152966 , 0.92069336, 0.93127474,
       0.9363629 , 0.94645625, 0.94645625, 0.95126482, 0.95594333,
       0.95594333, 0.9603712 , 0.96467039, 0.96877684, 0.96877684,
       0.97259377, 0.98010741, 0.98371419, 0.99069447, 0.99069447,
       0.99069447, 0.99695454, 1.        , 1.        , 1.        ,
       1.        , 1.        , 1.        , 1.        , 1.        ,
       1.        , 1.        , 1.        , 1.        , 1.        ,
       1.        , 1.        , 1.        , 1.        , 1.        ,
       1.        , 1.        , 1.        , 1.        , 1.        ,
       1.        ]), array([0.        , 0.01383157, 0.04115333, 0.05472758, 0.06809252,
       0.08130579, 0.10760655, 0.12059694, 0.12059694, 0.13328252,
       0.15844991, 0.18331494, 0.19556115, 0.19556115, 0.19556115,
       0.25498326, 0.26667015, 0.28975515, 0.3012035 , 0.31245677,
       0.32367432, 0.32367432, 0.35639558, 0.35639558, 0.35639558,
       0.38773485, 0.43949994, 0.45992088, 0.45992088, 0.45992088,
       0.4793816 , 0.4793816 , 0.49836392, 0.51702052, 0.52630516,
       0.52630516, 0.53530587, 0.54405076, 0.56141539, 0.58690255,
       0.61202542, 0.62838484, 0.63648351, 0.66848645, 0.69975337,
       0.72278989, 0.73782742, 0.77497093, 0.77497093, 0.79640222,
       0.80345174, 0.8103722 , 0.82388501, 0.83710335, 0.84354893,
       0.85611474, 0.87462256, 0.88063819, 0.8924313 , 0.8924313 ,
       0.90369219, 0.90914692, 0.9250799 , 0.93027915, 0.93532736,
       0.9501036 , 0.95487224, 0.96411171, 0.96411171, 0.96846594,
       0.97264446, 0.98083576, 0.98474413, 0.98474413, 0.98474413,
       0.98474413, 0.98474413, 0.98474413, 0.98474413, 0.98767779,
       0.99342693, 0.99607892, 0.99607892, 0.99607892, 0.99607892,
       0.99818476, 0.99818476, 1.        , 1.        , 1.        ,
       1.        , 1.        , 1.        , 1.        , 1.        ,
       1.        , 1.        , 1.        , 1.        , 1.        ,
       1.        ]), array([0.        , 0.02657748, 0.05285417, 0.07877394, 0.11742152,
       0.18096488, 0.20612679, 0.20612679, 0.21847508, 0.24295793,
       0.24295793, 0.24295793, 0.25478363, 0.25478363, 0.266269  ,
       0.28907576, 0.28907576, 0.32243741, 0.36652667, 0.36652667,
       0.4201064 , 0.4201064 , 0.4201064 , 0.43049638, 0.47134852,
       0.47134852, 0.48122003, 0.48122003, 0.50049562, 0.50998437,
       0.50998437, 0.52847927, 0.55590234, 0.55590234, 0.5824685 ,
       0.60863923, 0.61726766, 0.62571559, 0.65070323, 0.6836493 ,
       0.69971951, 0.72349206, 0.77029457, 0.78565681, 0.80823264,
       0.80823264, 0.81544766, 0.81544766, 0.82250042, 0.83620666,
       0.8496158 , 0.8496158 , 0.8496158 , 0.85595022, 0.87452825,
       0.87452825, 0.88638063, 0.89224787, 0.89795425, 0.89795425,
       0.89795425, 0.91912483, 0.92420837, 0.92420837, 0.9339833 ,
       0.94816924, 0.94816924, 0.95257081, 0.95257081, 0.95681322,
       0.95681322, 0.96076863, 0.96076863, 0.9717983 , 0.97538947,
       0.97881868, 0.97881868, 0.98510347, 0.98809132, 0.99097354,
       0.99097354, 0.99360711, 0.99360711, 0.99360711, 0.99800729,
       0.99800729, 1.        , 1.        , 1.        , 1.        ,
       1.        , 1.        , 1.        , 1.        , 1.        ,
       1.        , 1.        , 1.        , 1.        , 1.        ,
       1.        ]), array([0.        , 0.02492672, 0.02492672, 0.04937428, 0.08574057,
       0.09772445, 0.13318349, 0.13318349, 0.17959581, 0.19108345,
       0.24755268, 0.28110924, 0.29220344, 0.32520245, 0.35770597,
       0.37909387, 0.37909387, 0.41043947, 0.42077976, 0.42077976,
       0.46113125, 0.47104196, 0.49069678, 0.49069678, 0.50022171,
       0.5096715 , 0.52830252, 0.53746232, 0.55555707, 0.57351729,
       0.60005303, 0.60005303, 0.6258036 , 0.64268411, 0.65099816,
       0.67554058, 0.68360996, 0.71547763, 0.73119757, 0.73119757,
       0.76161912, 0.76912211, 0.78368829, 0.80525204, 0.80525204,
       0.81923711, 0.83279923, 0.83946183, 0.84608102, 0.85901585,
       0.85901585, 0.87761086, 0.87761086, 0.9013676 , 0.9013676 ,
       0.90707881, 0.91266287, 0.92362028, 0.92362028, 0.92362028,
       0.92362028, 0.92851043, 0.93334554, 0.94268182, 0.95647676,
       0.96097752, 0.9696473 , 0.9696473 , 0.97368805, 0.97765568,
       0.98535453, 0.98535453, 0.98535453, 0.98535453, 0.98535453,
       0.98856171, 0.99168082, 0.99462262, 0.99743222, 0.99743222,
       1.        , 1.        , 1.        , 1.        , 1.        ,
       1.        , 1.        , 1.        , 1.        , 1.        ,
       1.        , 1.        , 1.        , 1.        , 1.        ,
       1.        , 1.        , 1.        , 1.        , 1.        ,
       1.        ]), array([0.        , 0.        , 0.        , 0.01373819, 0.04096433,
       0.05444678, 0.05444678, 0.08075558, 0.08075558, 0.10654655,
       0.13217231, 0.14478997, 0.15725879, 0.15725879, 0.15725879,
       0.16930831, 0.19309619, 0.20491725, 0.22810052, 0.25113235,
       0.25113235, 0.26233824, 0.3065768 , 0.31752818, 0.34980737,
       0.40294742, 0.41344704, 0.42374848, 0.42374848, 0.44385483,
       0.46375555, 0.49325025, 0.51255421, 0.53154266, 0.55965596,
       0.57805749, 0.58710558, 0.58710558, 0.59594145, 0.6132626 ,
       0.62182356, 0.63865956, 0.65510763, 0.67126197, 0.6871754 ,
       0.69499099, 0.70262181, 0.73284143, 0.74023238, 0.76200668,
       0.76200668, 0.77587651, 0.79654656, 0.8033    , 0.82300022,
       0.84879966, 0.84879966, 0.87318132, 0.88517502, 0.89687044,
       0.90254896, 0.91363284, 0.92990007, 0.93516852, 0.93516852,
       0.94508965, 0.94999467, 0.95478033, 0.95935275, 0.96385899,
       0.96812672, 0.96812672, 0.9721371 , 0.97601755, 0.97974695,
       0.98335765, 0.98684811, 0.98684811, 0.99002821, 0.99306786,
       0.99306786, 0.99588495, 0.99588495, 0.99588495, 0.99821219,
       0.99821219, 0.99821219, 0.99821219, 1.        , 1.        ,
       1.        , 1.        , 1.        , 1.        , 1.        ,
       1.        , 1.        , 1.        , 1.        , 1.        ,
       1.        ])]","[array([0.00000000e+00, 6.91223361e-04, 6.91223361e-04, 1.40011883e-03,
       2.27859269e-03, 9.28628502e-03, 9.28628502e-03, 9.28628502e-03,
       1.11222609e-02, 1.31679227e-02, 1.53877665e-02, 1.80059888e-02,
       1.80059888e-02, 2.40188374e-02, 2.40188374e-02, 3.45072267e-02,
       4.58691627e-02, 5.80080766e-02, 7.07289225e-02, 7.97369609e-02,
       9.89155467e-02, 9.89155467e-02, 9.89155467e-02, 9.89155467e-02,
       9.89155467e-02, 1.22868527e-01, 1.41372214e-01, 1.54374417e-01,
       1.60989735e-01, 1.81595072e-01, 2.03223529e-01, 2.25367922e-01,
       2.32891725e-01, 2.32891725e-01, 2.57226052e-01, 2.82464602e-01,
       3.34337014e-01, 3.34337014e-01, 3.43396099e-01, 3.62033775e-01,
       3.90734062e-01, 4.20082051e-01, 4.30201773e-01, 4.50880629e-01,
       4.61420935e-01, 4.72284625e-01, 4.94378787e-01, 5.17020980e-01,
       5.51474937e-01, 5.63319328e-01, 5.99351487e-01, 5.99351487e-01,
       6.24320076e-01, 6.49901690e-01, 6.49901690e-01, 6.63224869e-01,
       6.76688499e-01, 6.76688499e-01, 6.90634095e-01, 7.18930718e-01,
       7.33466093e-01, 7.62695400e-01, 7.62695400e-01, 7.77765129e-01,
       7.93083413e-01, 7.93083413e-01, 8.08880700e-01, 8.24923918e-01,
       8.41335503e-01, 8.41335503e-01, 8.58300391e-01, 8.92459950e-01,
       9.09826486e-01, 9.45005377e-01, 9.45005377e-01, 9.45005377e-01,
       9.81560699e-01, 1.00000000e+00, 1.00000000e+00, 1.00000000e+00,
       1.00000000e+00, 1.00000000e+00, 1.00000000e+00, 1.00000000e+00,
       1.00000000e+00, 1.00000000e+00, 1.00000000e+00, 1.00000000e+00,
       1.00000000e+00, 1.00000000e+00, 1.00000000e+00, 1.00000000e+00,
       1.00000000e+00, 1.00000000e+00, 1.00000000e+00, 1.00000000e+00,
       1.00000000e+00, 1.00000000e+00, 1.00000000e+00, 1.00000000e+00,
       1.00000000e+00]), array([0.00000000e+00, 4.34455581e-05, 6.45047808e-04, 1.07647247e-03,
       1.82346801e-03, 2.79915383e-03, 4.94015443e-03, 6.25188964e-03,
       6.25188964e-03, 8.02318830e-03, 1.18730034e-02, 1.61787077e-02,
       1.86124589e-02, 1.86124589e-02, 1.86124589e-02, 3.35086299e-02,
       3.67856739e-02, 4.37751935e-02, 4.74119089e-02, 5.13427541e-02,
       5.53274580e-02, 5.53274580e-02, 6.86858350e-02, 6.86858350e-02,
       6.86858350e-02, 8.41278911e-02, 1.10568815e-01, 1.21575023e-01,
       1.21575023e-01, 1.21575023e-01, 1.34029005e-01, 1.34029005e-01,
       1.47204285e-01, 1.60870655e-01, 1.67769672e-01, 1.67769672e-01,
       1.75096777e-01, 1.82809586e-01, 1.98423916e-01, 2.22689401e-01,
       2.47504144e-01, 2.64634054e-01, 2.73321202e-01, 3.08660419e-01,
       3.45109350e-01, 3.73069761e-01, 3.92192730e-01, 4.40679132e-01,
       4.40679132e-01, 4.71059800e-01, 4.81328784e-01, 4.91792357e-01,
       5.13214196e-01, 5.35080026e-01, 5.46259601e-01, 5.69109268e-01,
       6.03897761e-01, 6.15725573e-01, 6.39740275e-01, 6.39740275e-01,
       6.64557426e-01, 6.77230924e-01, 7.15901599e-01, 7.28960293e-01,
       7.42246724e-01, 7.82661449e-01, 7.96369398e-01, 8.24234300e-01,
       8.24234300e-01, 8.38567077e-01, 8.53164761e-01, 8.82610042e-01,
       8.97615055e-01, 8.97615055e-01, 8.97615055e-01, 8.97615055e-01,
       8.97615055e-01, 8.97615055e-01, 8.97615055e-01, 9.14089661e-01,
       9.47217072e-01, 9.64116359e-01, 9.64116359e-01, 9.64116359e-01,
       9.64116359e-01, 9.81839115e-01, 9.81839115e-01, 1.00000000e+00,
       1.00000000e+00, 1.00000000e+00, 1.00000000e+00, 1.00000000e+00,
       1.00000000e+00, 1.00000000e+00, 1.00000000e+00, 1.00000000e+00,
       1.00000000e+00, 1.00000000e+00, 1.00000000e+00, 1.00000000e+00,
       1.00000000e+00]), array([0.00000000e+00, 1.55576497e-04, 8.12260540e-04, 2.06357300e-03,
       4.32715579e-03, 9.54797399e-03, 1.20618441e-02, 1.20618441e-02,
       1.37063927e-02, 1.73515603e-02, 1.73515603e-02, 1.73515603e-02,
       1.98667168e-02, 1.98667168e-02, 2.29488580e-02, 2.93863362e-02,
       2.93863362e-02, 4.04561162e-02, 5.58704302e-02, 5.58704302e-02,
       7.76903210e-02, 7.76903210e-02, 7.76903210e-02, 8.25973428e-02,
       1.03404595e-01, 1.03404595e-01, 1.09175386e-01, 1.09175386e-01,
       1.21495660e-01, 1.27904119e-01, 1.27904119e-01, 1.41525002e-01,
       1.62488245e-01, 1.62488245e-01, 1.84879084e-01, 2.07928680e-01,
       2.15770389e-01, 2.23912821e-01, 2.48933410e-01, 2.82911903e-01,
       3.00572258e-01, 3.27617145e-01, 3.82944060e-01, 4.01783848e-01,
       4.30822446e-01, 4.30822446e-01, 4.41018847e-01, 4.41018847e-01,
       4.51485565e-01, 4.73084218e-01, 4.95177805e-01, 4.95177805e-01,
       4.95177805e-01, 5.06841274e-01, 5.42540061e-01, 5.42540061e-01,
       5.67227171e-01, 5.79668924e-01, 5.92378687e-01, 5.92378687e-01,
       5.92378687e-01, 6.45974750e-01, 6.59722143e-01, 6.59722143e-01,
       6.87870214e-01, 7.30886080e-01, 7.30886080e-01, 7.45769594e-01,
       7.45769594e-01, 7.60918272e-01, 7.60918272e-01, 7.76545079e-01,
       7.76545079e-01, 8.24819188e-01, 8.41052815e-01, 8.57556253e-01,
       8.57556253e-01, 8.91518777e-01, 9.08757515e-01, 9.26172224e-01,
       9.26172224e-01, 9.44001166e-01, 9.44001166e-01, 9.44001166e-01,
       9.81103405e-01, 9.81103405e-01, 1.00000000e+00, 1.00000000e+00,
       1.00000000e+00, 1.00000000e+00, 1.00000000e+00, 1.00000000e+00,
       1.00000000e+00, 1.00000000e+00, 1.00000000e+00, 1.00000000e+00,
       1.00000000e+00, 1.00000000e+00, 1.00000000e+00, 1.00000000e+00,
       1.00000000e+00]), array([0.00000000e+00, 2.61407823e-04, 2.61407823e-04, 1.47448712e-03,
       3.89995832e-03, 4.98296092e-03, 9.21031635e-03, 9.21031635e-03,
       1.65675500e-02, 1.86361225e-02, 3.09034933e-02, 3.89093438e-02,
       4.17593374e-02, 5.08725419e-02, 6.09698460e-02, 6.82596943e-02,
       6.82596943e-02, 8.06567383e-02, 8.50040694e-02, 8.50040694e-02,
       1.04398662e-01, 1.09599181e-01, 1.20331100e-01, 1.20331100e-01,
       1.26297796e-01, 1.32413738e-01, 1.45179014e-01, 1.51870918e-01,
       1.65701269e-01, 1.79798812e-01, 2.01748689e-01, 2.01748689e-01,
       2.25257987e-01, 2.41499949e-01, 2.49871577e-01, 2.75780380e-01,
       2.84637943e-01, 3.20882215e-01, 3.39429171e-01, 3.39429171e-01,
       3.78545599e-01, 3.88528064e-01, 4.09366502e-01, 4.41191209e-01,
       4.41191209e-01, 4.63183792e-01, 4.86016374e-01, 4.97667939e-01,
       5.09405726e-01, 5.33484180e-01, 5.33484180e-01, 5.71205090e-01,
       5.71205090e-01, 6.23558447e-01, 6.23558447e-01, 6.37099572e-01,
       6.50893225e-01, 6.78899024e-01, 6.78899024e-01, 6.78899024e-01,
       6.78899024e-01, 6.94070836e-01, 7.09351967e-01, 7.40577493e-01,
       7.87831788e-01, 8.03776984e-01, 8.36326228e-01, 8.36326228e-01,
       8.53185046e-01, 8.70189077e-01, 9.04666679e-01, 9.04666679e-01,
       9.04666679e-01, 9.04666679e-01, 9.04666679e-01, 9.23181037e-01,
       9.41870304e-01, 9.60911729e-01, 9.80215731e-01, 9.80215731e-01,
       1.00000000e+00, 1.00000000e+00, 1.00000000e+00, 1.00000000e+00,
       1.00000000e+00, 1.00000000e+00, 1.00000000e+00, 1.00000000e+00,
       1.00000000e+00, 1.00000000e+00, 1.00000000e+00, 1.00000000e+00,
       1.00000000e+00, 1.00000000e+00, 1.00000000e+00, 1.00000000e+00,
       1.00000000e+00, 1.00000000e+00, 1.00000000e+00, 1.00000000e+00,
       1.00000000e+00]), array([0.00000000e+00, 0.00000000e+00, 0.00000000e+00, 5.21691404e-04,
       1.92674187e-03, 2.81805551e-03, 2.81805551e-03, 5.54894261e-03,
       5.54894261e-03, 9.02824996e-03, 1.27463277e-02, 1.48875279e-02,
       1.72438313e-02, 1.72438313e-02, 1.72438313e-02, 2.02061639e-02,
       2.65805391e-02, 2.98730551e-02, 3.71212764e-02, 4.45883664e-02,
       4.45883664e-02, 4.87699864e-02, 6.63419971e-02, 7.08914673e-02,
       8.53708468e-02, 1.10455028e-01, 1.15657430e-01, 1.21146251e-01,
       1.21146251e-01, 1.32841547e-01, 1.44834030e-01, 1.63337834e-01,
       1.76192826e-01, 1.89503809e-01, 2.10004153e-01, 2.24163421e-01,
       2.31463720e-01, 2.31463720e-01, 2.39070735e-01, 2.54791481e-01,
       2.62795817e-01, 2.79217749e-01, 2.96200358e-01, 3.13607491e-01,
       3.31362813e-01, 3.40444444e-01, 3.49793121e-01, 3.87626695e-01,
       3.97322061e-01, 4.26984162e-01, 4.26984162e-01, 4.47693104e-01,
       4.78951179e-01, 4.89567934e-01, 5.22227708e-01, 5.66449785e-01,
       5.66449785e-01, 6.12720976e-01, 6.36141489e-01, 6.59993096e-01,
       6.72163436e-01, 6.96898905e-01, 7.34520385e-01, 7.47283401e-01,
       7.47283401e-01, 7.73699382e-01, 7.86987669e-01, 8.00448446e-01,
       8.14217433e-01, 8.28082069e-01, 8.42291422e-01, 8.42291422e-01,
       8.56872728e-01, 8.71641817e-01, 8.86629205e-01, 9.01788166e-01,
       9.17120910e-01, 9.17120910e-01, 9.32902221e-01, 9.48886509e-01,
       9.48886509e-01, 9.65192481e-01, 9.65192481e-01, 9.65192481e-01,
       9.82206412e-01, 9.82206412e-01, 9.82206412e-01, 9.82206412e-01,
       1.00000000e+00, 1.00000000e+00, 1.00000000e+00, 1.00000000e+00,
       1.00000000e+00, 1.00000000e+00, 1.00000000e+00, 1.00000000e+00,
       1.00000000e+00, 1.00000000e+00, 1.00000000e+00, 1.00000000e+00,
       1.00000000e+00])]",0.1623618658766824,0.0428088248579626,0.1186060872781428,0.0041530916941685,"[{'lambda_reg': 0.7507708955159423}, {'lambda_reg': 0.6606978019502496}, {'lambda_reg': 0.5369942318636057}, {'lambda_reg': 0.3667528400904303}, {'lambda_reg': 0.9078050057308849}]",600,3,linear,119
"[np.float64(0.07401745125733866), np.float64(0.06411792241351554), np.float64(0.10912440802932347), np.float64(0.056068960580866856), np.float64(0.10416879023317907)]",0.0814995065028447,0.0213627942518533,"[np.float64(0.8035697668163808), np.float64(0.8335492612986263), np.float64(0.7992734351142423), np.float64(0.834624660418294), np.float64(0.8469316940336904)]",0.8235897635362468,0.0187504152530762,"[np.float64(0.9414849183628691), np.float64(0.9586148023400259), np.float64(0.8475504036353028), np.float64(0.9559344359796123), np.float64(0.9752226236417538)]",0.9357614367919128,0.0453880074304883,"[array([0.        , 0.09303068, 0.22265766, 0.27751416, 0.34999846,
       0.38595044, 0.40368484, 0.42125522, 0.43858738, 0.43858738,
       0.47262863, 0.50630722, 0.50630722, 0.50630722, 0.50630722,
       0.52243846, 0.52243846, 0.53808689, 0.58450292, 0.59985362,
       0.59985362, 0.59985362, 0.61464226, 0.62919403, 0.65781045,
       0.65781045, 0.68584847, 0.68584847, 0.6994733 , 0.6994733 ,
       0.71261954, 0.72569134, 0.75139256, 0.75139256, 0.75139256,
       0.75139256, 0.75139256, 0.75139256, 0.77499512, 0.77499512,
       0.77499512, 0.78619396, 0.78619396, 0.79701418, 0.79701418,
       0.81785022, 0.82814007, 0.8481189 , 0.85794513, 0.8676126 ,
       0.87711114, 0.87711114, 0.87711114, 0.87711114, 0.87711114,
       0.87711114, 0.87711114, 0.87711114, 0.8930115 , 0.8930115 ,
       0.90819331, 0.91553721, 0.91553721, 0.91553721, 0.92240668,
       0.92240668, 0.92240668, 0.92862055, 0.94079324, 0.94671497,
       0.94671497, 0.94671497, 0.94671497, 0.95181447, 0.95181447,
       0.95181447, 0.95181447, 0.96054308, 0.96054308, 0.96054308,
       0.96825775, 0.96825775, 0.971714  , 0.971714  , 0.97476122,
       0.97758513, 0.97758513, 0.97758513, 0.97758513, 0.97975465,
       0.98380693, 0.98722704, 0.99032462, 0.99032462, 0.99032462,
       0.99350616, 0.99350616, 0.99483177, 0.99675964, 0.9991687 ,
       1.        ]), array([0.        , 0.        , 0.22064575, 0.39251907, 0.50060337,
       0.53125529, 0.54643331, 0.59133943, 0.60618384, 0.63545049,
       0.65001184, 0.66427117, 0.67841776, 0.69238731, 0.69238731,
       0.73325023, 0.73325023, 0.73325023, 0.7464089 , 0.77249327,
       0.77249327, 0.77249327, 0.78508554, 0.79751347, 0.80972864,
       0.80972864, 0.80972864, 0.80972864, 0.80972864, 0.8212047 ,
       0.84377917, 0.84377917, 0.84377917, 0.84377917, 0.84377917,
       0.85426096, 0.85426096, 0.86448114, 0.86448114, 0.87439195,
       0.87439195, 0.87439195, 0.87439195, 0.8836543 , 0.8836543 ,
       0.89246433, 0.89246433, 0.89246433, 0.90083155, 0.90908563,
       0.90908563, 0.90908563, 0.90908563, 0.91672963, 0.92419782,
       0.92419782, 0.92419782, 0.93117964, 0.93117964, 0.93774946,
       0.93774946, 0.93774946, 0.93774946, 0.94381706, 0.94381706,
       0.94381706, 0.94381706, 0.94381706, 0.94903145, 0.95400829,
       0.95400829, 0.95400829, 0.95400829, 0.96281462, 0.96281462,
       0.96281462, 0.9667122 , 0.9667122 , 0.97379724, 0.97379724,
       0.97379724, 0.97379724, 0.97669352, 0.97951276, 0.97951276,
       0.98204103, 0.98667825, 0.98667825, 0.98667825, 0.98667825,
       0.98667825, 0.98812602, 0.98943778, 0.99058075, 0.99385004,
       0.99385004, 0.99515019, 0.99626053, 0.99855018, 0.99961989,
       1.        ]), array([0.        , 0.19588884, 0.22816483, 0.24417478, 0.27584242,
       0.27584242, 0.27584242, 0.27584242, 0.30604521, 0.30604521,
       0.30604521, 0.33525976, 0.34968559, 0.34968559, 0.34968559,
       0.34968559, 0.3635447 , 0.37728076, 0.40434226, 0.40434226,
       0.41758405, 0.43052731, 0.45613428, 0.45613428, 0.46869949,
       0.48112044, 0.48112044, 0.48112044, 0.48112044, 0.49282254,
       0.53897643, 0.53897643, 0.53897643, 0.53897643, 0.54978173,
       0.57119088, 0.57119088, 0.59189635, 0.59189635, 0.59189635,
       0.60171484, 0.63079515, 0.64989606, 0.65923594, 0.66853486,
       0.67764841, 0.67764841, 0.68647247, 0.70351816, 0.70351816,
       0.71173887, 0.71985906, 0.73563758, 0.76677394, 0.7744056 ,
       0.7818113 , 0.80353106, 0.81070674, 0.82458995, 0.8381659 ,
       0.85135633, 0.86425091, 0.87050769, 0.87050769, 0.87050769,
       0.87050769, 0.87620493, 0.8817548 , 0.88711119, 0.89750222,
       0.90254046, 0.90254046, 0.90722685, 0.90722685, 0.91161938,
       0.92822608, 0.93620162, 0.94012793, 0.94756701, 0.95455404,
       0.9646921 , 0.9646921 , 0.9646921 , 0.97318839, 0.97318839,
       0.98080107, 0.98080107, 0.98510463, 0.98712436, 0.98712436,
       0.98890109, 0.99195247, 0.99336356, 0.99579415, 0.99684107,
       0.99684107, 0.99841307, 1.        , 1.        , 1.        ,
       1.        ]), array([0.        , 0.05146629, 0.1879731 , 0.35701715, 0.39045145,
       0.42338687, 0.45612875, 0.50464596, 0.55263563, 0.55263563,
       0.59978065, 0.59978065, 0.63039597, 0.66065465, 0.66065465,
       0.6901959 , 0.70475386, 0.70475386, 0.70475386, 0.70475386,
       0.70475386, 0.73237333, 0.74598538, 0.75936803, 0.75936803,
       0.75936803, 0.81092868, 0.81092868, 0.81092868, 0.83571756,
       0.83571756, 0.83571756, 0.83571756, 0.83571756, 0.84730807,
       0.84730807, 0.85854302, 0.85854302, 0.85854302, 0.85854302,
       0.86900978, 0.86900978, 0.87908731, 0.87908731, 0.87908731,
       0.88870577, 0.88870577, 0.88870577, 0.88870577, 0.88870577,
       0.88870577, 0.89731001, 0.89731001, 0.89731001, 0.90540547,
       0.91328388, 0.91328388, 0.91328388, 0.91328388, 0.91328388,
       0.92035915, 0.92711785, 0.92711785, 0.92711785, 0.92711785,
       0.92711785, 0.92711785, 0.93297821, 0.93297821, 0.93297821,
       0.93297821, 0.94304612, 0.95283384, 0.95283384, 0.95745596,
       0.95745596, 0.95745596, 0.95745596, 0.95745596, 0.96113957,
       0.96461527, 0.96794261, 0.97107014, 0.97107014, 0.97107014,
       0.97656691, 0.97656691, 0.97883702, 0.98332199, 0.98531169,
       0.98708143, 0.99034988, 0.99034988, 0.99301291, 0.99301291,
       0.99489817, 0.99572557, 0.99627114, 0.99729026, 0.998747  ,
       1.        ]), array([0.03333314, 0.24949777, 0.41345086, 0.51102675, 0.57517248,
       0.59114367, 0.63837952, 0.7008317 , 0.71620901, 0.71620901,
       0.74639874, 0.76130897, 0.77609145, 0.77609145, 0.77609145,
       0.77609145, 0.77609145, 0.79004393, 0.81748889, 0.81748889,
       0.81748889, 0.83076766, 0.84377035, 0.84377035, 0.84377035,
       0.85632891, 0.85632891, 0.85632891, 0.85632891, 0.85632891,
       0.85632891, 0.85632891, 0.85632891, 0.86761978, 0.86761978,
       0.87853171, 0.87853171, 0.87853171, 0.87853171, 0.88874721,
       0.88874721, 0.88874721, 0.88874721, 0.88874721, 0.88874721,
       0.88874721, 0.88874721, 0.88874721, 0.88874721, 0.88874721,
       0.89724716, 0.89724716, 0.90536605, 0.90536605, 0.92089366,
       0.92089366, 0.92089366, 0.92089366, 0.92804337, 0.92804337,
       0.93484268, 0.93484268, 0.94120692, 0.95378522, 0.95378522,
       0.95962408, 0.95962408, 0.95962408, 0.95962408, 0.95962408,
       0.96463186, 0.96463186, 0.96939638, 0.97405197, 0.97405197,
       0.97405197, 0.97812487, 0.97812487, 0.9819012 , 0.98550124,
       0.99239701, 0.99239701, 0.99239701, 0.99239701, 0.99239701,
       0.99239701, 0.99487074, 0.99487074, 0.9969254 , 0.9969254 ,
       0.9969254 , 0.9969254 , 0.9969254 , 0.9969254 , 0.9969254 ,
       0.99776478, 0.99848375, 0.99903967, 0.99903967, 0.99967575,
       1.        ])]","[array([0.00000000e+00, 6.13814608e-04, 1.96548272e-03, 3.10258140e-03,
       5.14438156e-03, 6.39720131e-03, 7.21670135e-03, 8.16729549e-03,
       9.30828890e-03, 9.30828890e-03, 1.20882703e-02, 1.51580976e-02,
       1.51580976e-02, 1.51580976e-02, 1.51580976e-02, 1.72589326e-02,
       1.72589326e-02, 1.97456480e-02, 2.76288243e-02, 3.03535000e-02,
       3.03535000e-02, 3.03535000e-02, 3.35274096e-02, 3.68906439e-02,
       4.40064287e-02, 4.40064287e-02, 5.15845101e-02, 5.15845101e-02,
       5.56885915e-02, 5.56885915e-02, 6.01752015e-02, 6.47213001e-02,
       7.41670706e-02, 7.41670706e-02, 7.41670706e-02, 7.41670706e-02,
       7.41670706e-02, 7.41670706e-02, 8.52901987e-02, 8.52901987e-02,
       8.52901987e-02, 9.13332689e-02, 9.13332689e-02, 9.76789536e-02,
       9.76789536e-02, 1.11013236e-01, 1.17782814e-01, 1.31802224e-01,
       1.38942355e-01, 1.46209375e-01, 1.53611416e-01, 1.53611416e-01,
       1.53611416e-01, 1.53611416e-01, 1.53611416e-01, 1.53611416e-01,
       1.53611416e-01, 1.53611416e-01, 1.70890549e-01, 1.70890549e-01,
       1.88743996e-01, 1.97868137e-01, 1.97868137e-01, 1.97868137e-01,
       2.07371469e-01, 2.07371469e-01, 2.07371469e-01, 2.17398788e-01,
       2.37657280e-01, 2.47918096e-01, 2.47918096e-01, 2.47918096e-01,
       2.47918096e-01, 2.58836076e-01, 2.58836076e-01, 2.58836076e-01,
       2.58836076e-01, 2.81847261e-01, 2.81847261e-01, 2.81847261e-01,
       3.05668844e-01, 3.05668844e-01, 3.17900201e-01, 3.17900201e-01,
       3.30458477e-01, 3.43195228e-01, 3.43195228e-01, 3.43195228e-01,
       3.43195228e-01, 3.56455013e-01, 3.83203766e-01, 4.10457782e-01,
       4.37969586e-01, 4.37969586e-01, 4.37969586e-01, 4.80408056e-01,
       4.80408056e-01, 5.09336110e-01, 5.67770364e-01, 7.00788898e-01,
       1.00000000e+00]), array([0.        , 0.        , 0.00367576, 0.0081843 , 0.01245476,
       0.01392408, 0.0148195 , 0.01818813, 0.01944607, 0.02242073,
       0.02398626, 0.02587999, 0.02789624, 0.03010487, 0.03010487,
       0.03786712, 0.03786712, 0.03786712, 0.0409569 , 0.04738963,
       0.04738963, 0.04738963, 0.05109492, 0.05497877, 0.05909383,
       0.05909383, 0.05909383, 0.05909383, 0.05909383, 0.06401206,
       0.0742589 , 0.0742589 , 0.0742589 , 0.0742589 , 0.0742589 ,
       0.08025756, 0.08025756, 0.08654052, 0.08654052, 0.09315966,
       0.09315966, 0.09315966, 0.09315966, 0.10048346, 0.10048346,
       0.10829878, 0.10829878, 0.10829878, 0.11659529, 0.12501474,
       0.12501474, 0.12501474, 0.12501474, 0.13409716, 0.14337061,
       0.14337061, 0.14337061, 0.1531726 , 0.1531726 , 0.16342229,
       0.16342229, 0.16342229, 0.16342229, 0.17421772, 0.17421772,
       0.17421772, 0.17421772, 0.17421772, 0.18594032, 0.19792104,
       0.19792104, 0.19792104, 0.19792104, 0.2231293 , 0.2231293 ,
       0.2231293 , 0.23628283, 0.23628283, 0.26336156, 0.26336156,
       0.26336156, 0.26336156, 0.27760317, 0.29192851, 0.29192851,
       0.30657003, 0.33630872, 0.33630872, 0.33630872, 0.33630872,
       0.33630872, 0.35212439, 0.36808786, 0.38423474, 0.43284884,
       0.43284884, 0.46621383, 0.49978509, 0.60163047, 0.68741262,
       1.        ]), array([0.00000000e+00, 4.48990825e-04, 9.10183384e-04, 1.27371267e-03,
       2.36649478e-03, 2.36649478e-03, 2.36649478e-03, 2.36649478e-03,
       4.98006700e-03, 4.98006700e-03, 4.98006700e-03, 8.61963127e-03,
       1.06277784e-02, 1.06277784e-02, 1.06277784e-02, 1.06277784e-02,
       1.32242919e-02, 1.59485663e-02, 2.18233990e-02, 2.18233990e-02,
       2.50608153e-02, 2.86081582e-02, 3.59930764e-02, 3.59930764e-02,
       3.99329068e-02, 4.40225104e-02, 4.40225104e-02, 4.40225104e-02,
       4.40225104e-02, 4.88584214e-02, 6.88815525e-02, 6.88815525e-02,
       6.88815525e-02, 6.88815525e-02, 7.46485128e-02, 8.63915753e-02,
       8.63915753e-02, 9.88651834e-02, 9.88651834e-02, 9.88651834e-02,
       1.05656640e-01, 1.26420499e-01, 1.40559947e-01, 1.47848295e-01,
       1.55179171e-01, 1.62702486e-01, 1.62702486e-01, 1.70526353e-01,
       1.86799521e-01, 1.86799521e-01, 1.95249772e-01, 2.03804394e-01,
       2.21393127e-01, 2.57007341e-01, 2.66069145e-01, 2.75365535e-01,
       3.03771061e-01, 3.13306256e-01, 3.32862682e-01, 3.52738107e-01,
       3.73013771e-01, 3.93596586e-01, 4.04085783e-01, 4.04085783e-01,
       4.04085783e-01, 4.04085783e-01, 4.15155893e-01, 4.26378994e-01,
       4.37802962e-01, 4.60984950e-01, 4.72739218e-01, 4.72739218e-01,
       4.84858781e-01, 4.84858781e-01, 4.97283421e-01, 5.47982213e-01,
       5.73671929e-01, 5.86580601e-01, 6.12827269e-01, 6.39543258e-01,
       6.79972799e-01, 6.79972799e-01, 6.79972799e-01, 7.22106823e-01,
       7.22106823e-01, 7.65158192e-01, 7.65158192e-01, 7.94660135e-01,
       8.09548201e-01, 8.09548201e-01, 8.24688550e-01, 8.55490494e-01,
       8.71010441e-01, 9.02456890e-01, 9.18354914e-01, 9.18354914e-01,
       9.50692738e-01, 1.00000000e+00, 1.00000000e+00, 1.00000000e+00,
       1.00000000e+00]), array([0.00000000e+00, 4.47737938e-04, 2.32507672e-03, 6.14626453e-03,
       7.25792322e-03, 8.83238775e-03, 1.05863960e-02, 1.37699363e-02,
       1.74428726e-02, 1.74428726e-02, 2.18993707e-02, 2.18993707e-02,
       2.56261492e-02, 2.96837668e-02, 2.96837668e-02, 3.44069392e-02,
       3.69658083e-02, 3.69658083e-02, 3.69658083e-02, 3.69658083e-02,
       3.69658083e-02, 4.34717730e-02, 4.69081421e-02, 5.05573275e-02,
       5.05573275e-02, 5.05573275e-02, 6.69815323e-02, 6.69815323e-02,
       6.69815323e-02, 7.61133868e-02, 7.61133868e-02, 7.61133868e-02,
       7.61133868e-02, 7.61133868e-02, 8.14251011e-02, 8.14251011e-02,
       8.70666546e-02, 8.70666546e-02, 8.70666546e-02, 8.70666546e-02,
       9.34208555e-02, 9.34208555e-02, 1.00136133e-01, 1.00136133e-01,
       1.00136133e-01, 1.07277276e-01, 1.07277276e-01, 1.07277276e-01,
       1.07277276e-01, 1.07277276e-01, 1.07277276e-01, 1.15359292e-01,
       1.15359292e-01, 1.15359292e-01, 1.23913298e-01, 1.32668658e-01,
       1.32668658e-01, 1.32668658e-01, 1.32668658e-01, 1.32668658e-01,
       1.42169073e-01, 1.51963161e-01, 1.51963161e-01, 1.51963161e-01,
       1.51963161e-01, 1.51963161e-01, 1.51963161e-01, 1.62590621e-01,
       1.62590621e-01, 1.62590621e-01, 1.62590621e-01, 1.85378827e-01,
       2.08426960e-01, 2.08426960e-01, 2.20203106e-01, 2.20203106e-01,
       2.20203106e-01, 2.20203106e-01, 2.20203106e-01, 2.32849898e-01,
       2.45689569e-01, 2.58666858e-01, 2.71829511e-01, 2.71829511e-01,
       2.71829511e-01, 2.98858274e-01, 2.98858274e-01, 3.12816341e-01,
       3.40783727e-01, 3.55001931e-01, 3.69424176e-01, 3.98520107e-01,
       3.98520107e-01, 4.28177676e-01, 4.28177676e-01, 4.58556758e-01,
       4.73853200e-01, 4.89411092e-01, 5.20593680e-01, 6.15626306e-01,
       1.00000000e+00]), array([0.00000000e+00, 5.00808455e-04, 3.21346116e-03, 5.63702054e-03,
       8.15761171e-03, 8.85299594e-03, 1.16168927e-02, 1.58310446e-02,
       1.71203238e-02, 1.71203238e-02, 2.02637657e-02, 2.20201330e-02,
       2.39042480e-02, 2.39042480e-02, 2.39042480e-02, 2.39042480e-02,
       2.39042480e-02, 2.66183694e-02, 3.25066178e-02, 3.25066178e-02,
       3.25066178e-02, 3.58944540e-02, 3.95583828e-02, 3.95583828e-02,
       3.95583828e-02, 4.36664431e-02, 4.36664431e-02, 4.36664431e-02,
       4.36664431e-02, 4.36664431e-02, 4.36664431e-02, 4.36664431e-02,
       4.36664431e-02, 4.90422012e-02, 4.90422012e-02, 5.47969079e-02,
       5.47969079e-02, 5.47969079e-02, 5.47969079e-02, 6.12480526e-02,
       6.12480526e-02, 6.12480526e-02, 6.12480526e-02, 6.12480526e-02,
       6.12480526e-02, 6.12480526e-02, 6.12480526e-02, 6.12480526e-02,
       6.12480526e-02, 6.12480526e-02, 6.94147730e-02, 6.94147730e-02,
       7.79625463e-02, 7.79625463e-02, 9.57682787e-02, 9.57682787e-02,
       9.57682787e-02, 9.57682787e-02, 1.05285253e-01, 1.05285253e-01,
       1.15152625e-01, 1.15152625e-01, 1.25455078e-01, 1.46210156e-01,
       1.46210156e-01, 1.57037990e-01, 1.57037990e-01, 1.57037990e-01,
       1.57037990e-01, 1.57037990e-01, 1.68696920e-01, 1.68696920e-01,
       1.80599104e-01, 1.92610220e-01, 1.92610220e-01, 1.92610220e-01,
       2.05204036e-01, 2.05204036e-01, 2.18094425e-01, 2.31161106e-01,
       2.57598788e-01, 2.57598788e-01, 2.57598788e-01, 2.57598788e-01,
       2.57598788e-01, 2.57598788e-01, 2.71791788e-01, 2.71791788e-01,
       2.86403870e-01, 2.86403870e-01, 2.86403870e-01, 2.86403870e-01,
       2.86403870e-01, 2.86403870e-01, 2.86403870e-01, 3.02231239e-01,
       3.18179026e-01, 3.34289858e-01, 3.34289858e-01, 3.83654058e-01,
       1.00000000e+00])]",0.0216257474695363,0.0035754053019428,0.0123702335697982,0.011971407195504,"[{'lambda_reg': 1.0194482947992256e-05, 'gamma': 0.012835404366916903, 'coef0': 1.3481004402315673}, {'lambda_reg': 0.0001117815491644924, 'gamma': 0.1589933670080631, 'coef0': 3.294484820479896}, {'lambda_reg': 0.00026909827771344036, 'gamma': 0.002776465407258072, 'coef0': -1.2101052579224136}, {'lambda_reg': 7.957007998120948e-05, 'gamma': 0.01123959038720796, 'coef0': -0.2227760429354797}, {'lambda_reg': 3.679123441163589e-05, 'gamma': 0.5318471087835076, 'coef0': -1.481123636365357}]",600,1,sigmoid,110
"[np.float64(0.11180855358995745), np.float64(0.09960088179734446), np.float64(0.11617003941263739), np.float64(0.1000146462636317), np.float64(0.14554915032046836)]",0.1146286542768078,0.0167678805310071,"[np.float64(0.7351100557696765), np.float64(0.8096212814071535), np.float64(0.7553041133303017), np.float64(0.782817303316208), np.float64(0.7443942838538996)]",0.7654494075354479,0.027274602613093,"[np.float64(0.8975058702174612), np.float64(0.8960325668442989), np.float64(0.9005504257923358), np.float64(0.9475235403595437), np.float64(0.9477853696496338)]",0.9178795545726546,0.0243548773761832,"[array([0.        , 0.36933805, 0.43010716, 0.47028349, 0.49020723,
       0.49020723, 0.54856755, 0.54856755, 0.6056043 , 0.62433261,
       0.66157193, 0.69835274, 0.73475113, 0.73475113, 0.73475113,
       0.73475113, 0.73475113, 0.769083  , 0.769083  , 0.769083  ,
       0.769083  , 0.78535511, 0.81777298, 0.81777298, 0.81777298,
       0.81777298, 0.81777298, 0.81777298, 0.81777298, 0.81777298,
       0.81777298, 0.83205182, 0.86035336, 0.86035336, 0.87400839,
       0.8875749 , 0.90092858, 0.90092858, 0.92672708, 0.92672708,
       0.9515416 , 0.9515416 , 0.9515416 , 0.96339784, 0.96339784,
       0.96339784, 0.96339784, 0.96339784, 0.97426973, 0.97426973,
       0.97426973, 0.97426973, 0.97426973, 0.97426973, 0.97426973,
       0.98354326, 0.98354326, 0.98354326, 0.98354326, 0.99209759,
       0.99209759, 0.99209759, 0.99209759, 0.9998026 , 0.9998026 ,
       0.9998026 , 0.9998026 , 0.9998026 , 0.9998026 , 0.9998026 ,
       0.9998026 , 0.9998026 , 0.9998026 , 0.9998026 , 0.9998026 ,
       0.9998026 , 0.9998026 , 0.9998026 , 0.9998026 , 0.9998026 ,
       0.9998026 , 0.9998026 , 0.9998026 , 0.9998026 , 0.9998026 ,
       0.9998026 , 0.9998026 , 0.9998026 , 0.9998026 , 0.9998026 ,
       0.9998026 , 0.9998026 , 0.9998026 , 0.9998026 , 0.9998026 ,
       0.9998026 , 0.9998026 , 0.9998026 , 0.9998026 , 0.9998026 ,
       1.        ]), array([0.        , 0.36243808, 0.40696413, 0.4734769 , 0.51726748,
       0.53889329, 0.58163445, 0.58163445, 0.58163445, 0.58163445,
       0.58163445, 0.58163445, 0.58163445, 0.58163445, 0.58163445,
       0.62036293, 0.65866477, 0.65866477, 0.69630991, 0.73336027,
       0.75154409, 0.75154409, 0.75154409, 0.76924243, 0.76924243,
       0.78631085, 0.78631085, 0.78631085, 0.78631085, 0.78631085,
       0.78631085, 0.78631085, 0.80188821, 0.80188821, 0.81703921,
       0.81703921, 0.83162442, 0.84613461, 0.84613461, 0.84613461,
       0.84613461, 0.84613461, 0.84613461, 0.84613461, 0.84613461,
       0.87125842, 0.88353532, 0.88353532, 0.88353532, 0.89516117,
       0.89516117, 0.90634575, 0.90634575, 0.90634575, 0.90634575,
       0.92705666, 0.92705666, 0.92705666, 0.9366651 , 0.9366651 ,
       0.9366651 , 0.9366651 , 0.9366651 , 0.94526338, 0.94526338,
       0.94526338, 0.95301585, 0.95301585, 0.96764814, 0.96764814,
       0.96764814, 0.96764814, 0.97405346, 0.97405346, 0.97995552,
       0.98564759, 0.98564759, 0.98564759, 0.99072589, 0.99072589,
       0.99072589, 0.99072589, 0.99072589, 0.99072589, 0.99072589,
       0.99426266, 0.99426266, 0.99729745, 0.99729745, 1.        ,
       1.        , 1.        , 1.        , 1.        , 1.        ,
       1.        , 1.        , 1.        , 1.        , 1.        ,
       1.        ]), array([0.        , 0.35247766, 0.43964802, 0.50424272, 0.50424272,
       0.50424272, 0.52504638, 0.54572312, 0.58639595, 0.60654131,
       0.60654131, 0.62638673, 0.66537928, 0.66537928, 0.66537928,
       0.66537928, 0.68393385, 0.70246919, 0.70246919, 0.70246919,
       0.73791745, 0.73791745, 0.73791745, 0.75493695, 0.75493695,
       0.7883026 , 0.7883026 , 0.80461253, 0.82069554, 0.8363916 ,
       0.8363916 , 0.8363916 , 0.8363916 , 0.85119272, 0.85119272,
       0.86565147, 0.86565147, 0.86565147, 0.86565147, 0.86565147,
       0.86565147, 0.87882078, 0.87882078, 0.87882078, 0.89126864,
       0.89126864, 0.90325263, 0.90325263, 0.90325263, 0.90325263,
       0.90325263, 0.90325263, 0.92464418, 0.93519427, 0.94539833,
       0.94539833, 0.94539833, 0.94539833, 0.94539833, 0.94539833,
       0.94539833, 0.94539833, 0.94539833, 0.94539833, 0.95352988,
       0.95352988, 0.96116492, 0.97602607, 0.97602607, 0.97602607,
       0.98283688, 0.98283688, 0.98283688, 0.98283688, 0.98860443,
       0.98860443, 0.98860443, 0.98860443, 0.98860443, 0.98860443,
       0.98860443, 0.98860443, 0.99268261, 0.99268261, 0.99268261,
       0.99268261, 0.99589698, 0.99589698, 0.99873468, 0.99873468,
       0.99873468, 0.99873468, 0.99873468, 0.99873468, 0.99873468,
       1.        , 1.        , 1.        , 1.        , 1.        ,
       1.        ]), array([0.        , 0.40843297, 0.47552474, 0.56410106, 0.60799301,
       0.62958058, 0.67256972, 0.67256972, 0.71447871, 0.71447871,
       0.71447871, 0.77553705, 0.77553705, 0.79552071, 0.79552071,
       0.79552071, 0.79552071, 0.81447766, 0.83319623, 0.83319623,
       0.85142885, 0.85142885, 0.86932033, 0.86932033, 0.86932033,
       0.86932033, 0.86932033, 0.86932033, 0.86932033, 0.86932033,
       0.88544825, 0.88544825, 0.88544825, 0.88544825, 0.88544825,
       0.88544825, 0.88544825, 0.88544825, 0.88544825, 0.88544825,
       0.88544825, 0.88544825, 0.88544825, 0.89861224, 0.91154203,
       0.91154203, 0.92391607, 0.92391607, 0.92391607, 0.92391607,
       0.93532268, 0.94650919, 0.94650919, 0.94650919, 0.94650919,
       0.94650919, 0.94650919, 0.94650919, 0.94650919, 0.95592686,
       0.95592686, 0.95592686, 0.95592686, 0.95592686, 0.95592686,
       0.96399834, 0.97186718, 0.97186718, 0.97186718, 0.97186718,
       0.97186718, 0.97186718, 0.97186718, 0.97186718, 0.97186718,
       0.97186718, 0.97186718, 0.97186718, 0.97695812, 0.97695812,
       0.9816357 , 0.9816357 , 0.9816357 , 0.9816357 , 0.98907208,
       0.98907208, 0.98907208, 0.98907208, 0.98907208, 0.9941975 ,
       0.99664874, 0.99664874, 0.99664874, 0.99664874, 0.99664874,
       0.99904658, 0.99904658, 0.99994082, 0.99994082, 0.99994082,
       1.        ]), array([0.        , 0.55007889, 0.56952225, 0.64620538, 0.66523738,
       0.70276575, 0.72130306, 0.72130306, 0.757688  , 0.757688  ,
       0.77555061, 0.79311574, 0.81052962, 0.81052962, 0.82751232,
       0.84440848, 0.87757556, 0.87757556, 0.87757556, 0.87757556,
       0.87757556, 0.8932579 , 0.8932579 , 0.8932579 , 0.8932579 ,
       0.8932579 , 0.90796602, 0.93695921, 0.93695921, 0.93695921,
       0.93695921, 0.95071724, 0.95071724, 0.95071724, 0.96386679,
       0.96386679, 0.96386679, 0.96386679, 0.96386679, 0.96386679,
       0.96386679, 0.96386679, 0.96386679, 0.96386679, 0.96386679,
       0.97483853, 0.97483853, 0.97483853, 0.97483853, 0.97483853,
       0.98484019, 0.98484019, 0.98484019, 0.98484019, 0.98484019,
       0.98484019, 0.98484019, 0.98484019, 0.98484019, 0.98484019,
       0.98484019, 0.98484019, 0.98484019, 0.98484019, 0.98484019,
       0.98484019, 0.98484019, 0.98484019, 0.98484019, 0.98484019,
       0.98484019, 0.98484019, 0.99043802, 0.99043802, 0.99558412,
       0.99558412, 0.99558412, 0.99558412, 0.99558412, 0.99558412,
       0.99558412, 0.99558412, 0.99558412, 0.99558412, 0.99558412,
       0.99558412, 0.99558412, 0.99826398, 0.99826398, 0.99826398,
       0.99826398, 0.99826398, 0.99826398, 0.99977603, 0.99977603,
       0.99977603, 0.99977603, 0.99977603, 0.99977603, 0.99999951,
       1.        ])]","[array([0.        , 0.00391169, 0.00792527, 0.01203753, 0.01479581,
       0.01479581, 0.02909545, 0.02909545, 0.04904703, 0.05691002,
       0.07356396, 0.09217584, 0.11242072, 0.11242072, 0.11242072,
       0.11242072, 0.11242072, 0.14149008, 0.14149008, 0.14149008,
       0.14149008, 0.15984157, 0.19708416, 0.19708416, 0.19708416,
       0.19708416, 0.19708416, 0.19708416, 0.19708416, 0.19708416,
       0.19708416, 0.22394733, 0.27876752, 0.27876752, 0.30829453,
       0.3381995 , 0.36901335, 0.36901335, 0.43452204, 0.43452204,
       0.50423252, 0.50423252, 0.50423252, 0.54144073, 0.54144073,
       0.54144073, 0.54144073, 0.54144073, 0.58285235, 0.58285235,
       0.58285235, 0.58285235, 0.58285235, 0.58285235, 0.58285235,
       0.6310893 , 0.6310893 , 0.6310893 , 0.6310893 , 0.68239736,
       0.68239736, 0.68239736, 0.68239736, 0.73733222, 0.73733222,
       0.73733222, 0.73733222, 0.73733222, 0.73733222, 0.73733222,
       0.73733222, 0.73733222, 0.73733222, 0.73733222, 0.73733222,
       0.73733222, 0.73733222, 0.73733222, 0.73733222, 0.73733222,
       0.73733222, 0.73733222, 0.73733222, 0.73733222, 0.73733222,
       0.73733222, 0.73733222, 0.73733222, 0.73733222, 0.73733222,
       0.73733222, 0.73733222, 0.73733222, 0.73733222, 0.73733222,
       0.73733222, 0.73733222, 0.73733222, 0.73733222, 0.73733222,
       1.        ]), array([0.        , 0.00171016, 0.00407827, 0.00839484, 0.01279765,
       0.01574462, 0.0230507 , 0.0230507 , 0.0230507 , 0.0230507 ,
       0.0230507 , 0.0230507 , 0.0230507 , 0.0230507 , 0.0230507 ,
       0.04145809, 0.06104579, 0.06104579, 0.08245029, 0.1055003 ,
       0.11796968, 0.11796968, 0.11796968, 0.13178215, 0.13178215,
       0.14733736, 0.14733736, 0.14733736, 0.14733736, 0.14733736,
       0.14733736, 0.14733736, 0.16701765, 0.16701765, 0.18787748,
       0.18787748, 0.21030261, 0.23293528, 0.23293528, 0.23293528,
       0.23293528, 0.23293528, 0.23293528, 0.23293528, 0.23293528,
       0.28898067, 0.31779186, 0.31779186, 0.31779186, 0.34840419,
       0.34840419, 0.38023735, 0.38023735, 0.38023735, 0.38023735,
       0.44849125, 0.44849125, 0.44849125, 0.48468487, 0.48468487,
       0.48468487, 0.48468487, 0.48468487, 0.52367313, 0.52367313,
       0.52367313, 0.56500139, 0.56500139, 0.65007211, 0.65007211,
       0.65007211, 0.65007211, 0.69512732, 0.69512732, 0.74157481,
       0.78860325, 0.78860325, 0.78860325, 0.83732975, 0.83732975,
       0.83732975, 0.83732975, 0.83732975, 0.83732975, 0.83732975,
       0.89032095, 0.89032095, 0.94470088, 0.94470088, 1.        ,
       1.        , 1.        , 1.        , 1.        , 1.        ,
       1.        , 1.        , 1.        , 1.        , 1.        ,
       1.        ]), array([0.        , 0.00222099, 0.00570096, 0.01072414, 0.01072414,
       0.01072414, 0.01464174, 0.0189505 , 0.02966554, 0.03561182,
       0.03561182, 0.04248248, 0.05837566, 0.05837566, 0.05837566,
       0.05837566, 0.06922432, 0.08013225, 0.08013225, 0.08013225,
       0.10694798, 0.10694798, 0.10694798, 0.12252733, 0.12252733,
       0.15576106, 0.15576106, 0.17352709, 0.19199243, 0.21165024,
       0.21165024, 0.21165024, 0.21165024, 0.23406598, 0.23406598,
       0.25753684, 0.25753684, 0.25753684, 0.25753684, 0.25753684,
       0.25753684, 0.2849814 , 0.2849814 , 0.2849814 , 0.31464926,
       0.31464926, 0.34574662, 0.34574662, 0.34574662, 0.34574662,
       0.34574662, 0.34574662, 0.41588122, 0.45139748, 0.48798011,
       0.48798011, 0.48798011, 0.48798011, 0.48798011, 0.48798011,
       0.48798011, 0.48798011, 0.48798011, 0.48798011, 0.53094963,
       0.53094963, 0.57544927, 0.66570874, 0.66570874, 0.66570874,
       0.71274843, 0.71274843, 0.71274843, 0.71274843, 0.76300315,
       0.76300315, 0.76300315, 0.76300315, 0.76300315, 0.76300315,
       0.76300315, 0.76300315, 0.81846405, 0.81846405, 0.81846405,
       0.81846405, 0.87658694, 0.87658694, 0.93587067, 0.93587067,
       0.93587067, 0.93587067, 0.93587067, 0.93587067, 0.93587067,
       1.        , 1.        , 1.        , 1.        , 1.        ,
       1.        ]), array([0.        , 0.00141157, 0.00434651, 0.01068125, 0.01493966,
       0.0180558 , 0.02480023, 0.02480023, 0.03451904, 0.03451904,
       0.03451904, 0.05406804, 0.05406804, 0.06160082, 0.06160082,
       0.06160082, 0.06160082, 0.0719608 , 0.08297722, 0.08297722,
       0.09533176, 0.09533176, 0.10862571, 0.10862571, 0.10862571,
       0.10862571, 0.10862571, 0.10862571, 0.10862571, 0.10862571,
       0.12677591, 0.12677591, 0.12677591, 0.12677591, 0.12677591,
       0.12677591, 0.12677591, 0.12677591, 0.12677591, 0.12677591,
       0.12677591, 0.12677591, 0.12677591, 0.15308778, 0.18004455,
       0.18004455, 0.2085317 , 0.2085317 , 0.2085317 , 0.2085317 ,
       0.23968282, 0.27144003, 0.27144003, 0.27144003, 0.27144003,
       0.27144003, 0.27144003, 0.27144003, 0.27144003, 0.30806802,
       0.30806802, 0.30806802, 0.30806802, 0.30806802, 0.30806802,
       0.34840296, 0.38929594, 0.38929594, 0.38929594, 0.38929594,
       0.38929594, 0.38929594, 0.38929594, 0.38929594, 0.38929594,
       0.38929594, 0.38929594, 0.38929594, 0.43783833, 0.43783833,
       0.48751896, 0.48751896, 0.48751896, 0.48751896, 0.59216389,
       0.59216389, 0.59216389, 0.59216389, 0.59216389, 0.70317247,
       0.75898372, 0.75898372, 0.75898372, 0.75898372, 0.75898372,
       0.87750314, 0.87750314, 0.93760183, 0.93760183, 0.93760183,
       1.        ]), array([0.        , 0.00276254, 0.00398637, 0.01494564, 0.01845729,
       0.02845956, 0.03472252, 0.03472252, 0.05108406, 0.05108406,
       0.0610994 , 0.07276916, 0.08528018, 0.08528018, 0.1001892 ,
       0.11557949, 0.14983748, 0.14983748, 0.14983748, 0.14983748,
       0.14983748, 0.17197852, 0.17197852, 0.17197852, 0.17197852,
       0.17197852, 0.19953781, 0.25700922, 0.25700922, 0.25700922,
       0.25700922, 0.28985251, 0.28985251, 0.28985251, 0.32607992,
       0.32607992, 0.32607992, 0.32607992, 0.32607992, 0.32607992,
       0.32607992, 0.32607992, 0.32607992, 0.32607992, 0.32607992,
       0.37441944, 0.37441944, 0.37441944, 0.37441944, 0.37441944,
       0.42815408, 0.42815408, 0.42815408, 0.42815408, 0.42815408,
       0.42815408, 0.42815408, 0.42815408, 0.42815408, 0.42815408,
       0.42815408, 0.42815408, 0.42815408, 0.42815408, 0.42815408,
       0.42815408, 0.42815408, 0.42815408, 0.42815408, 0.42815408,
       0.42815408, 0.42815408, 0.50638103, 0.50638103, 0.58712031,
       0.58712031, 0.58712031, 0.58712031, 0.58712031, 0.58712031,
       0.58712031, 0.58712031, 0.58712031, 0.58712031, 0.58712031,
       0.58712031, 0.58712031, 0.68157577, 0.68157577, 0.68157577,
       0.68157577, 0.68157577, 0.68157577, 0.78252614, 0.78252614,
       0.78252614, 0.78252614, 0.78252614, 0.78252614, 0.89064295,
       1.        ])]",0.0054373849260577,0.0172721102660214,0.0139576397307053,0.0080870190547765,"[{'lambda_reg': 0.0006053716029717543, 'gamma': 0.26143835539036175}, {'lambda_reg': 0.3794466485140162, 'gamma': 0.637696337673541}, {'lambda_reg': 0.0032343035570761413, 'gamma': 0.03991109798051256}, {'lambda_reg': 0.009782186658766519, 'gamma': 0.3109724479093821}, {'lambda_reg': 0.00034315714525650807, 'gamma': 0.06083300072469113}]",300,3,rbf,99
"[np.float64(0.14432126641854923), np.float64(0.10918531743778558), np.float64(0.13487105401603258), np.float64(0.09623375041656827), np.float64(0.12725586772080213)]",0.1223734512019475,0.0174295466910352,"[np.float64(0.8110616614366022), np.float64(0.8596022867637195), np.float64(0.834834182118808), np.float64(0.8913781493822388), np.float64(0.8354137241953902)]",0.8464580007793516,0.0272050805877418,"[np.float64(0.8407260198238967), np.float64(0.7747153909203215), np.float64(0.9160383548463142), np.float64(0.9327102000040437), np.float64(0.8908257387090428)]",0.8710031408607237,0.0573007886144081,"[array([0.        , 0.1613506 , 0.1613506 , 0.17883094, 0.21340422,
       0.21340422, 0.21340422, 0.21340422, 0.22992559, 0.26267745,
       0.26267745, 0.27870606, 0.2946104 , 0.31022057, 0.32572449,
       0.32572449, 0.32572449, 0.32572449, 0.32572449, 0.32572449,
       0.34014524, 0.35441419, 0.35441419, 0.36829938, 0.38199024,
       0.39558906, 0.39558906, 0.39558906, 0.40859373, 0.40859373,
       0.40859373, 0.40859373, 0.42084443, 0.43292279, 0.43292279,
       0.44461013, 0.4561543 , 0.46747493, 0.47870466, 0.4896524 ,
       0.50041619, 0.50041619, 0.51092055, 0.53150796, 0.59210892,
       0.612011  , 0.6411308 , 0.65069947, 0.66007443, 0.66934773,
       0.69635941, 0.70520632, 0.74004884, 0.76566333, 0.78231158,
       0.79856129, 0.80649619, 0.83767557, 0.84534668, 0.85282987,
       0.85282987, 0.8598908 , 0.86687001, 0.8804092 , 0.90002727,
       0.90646834, 0.91260401, 0.91866965, 0.9244096 , 0.9244096 ,
       0.92987028, 0.92987028, 0.93497683, 0.93497683, 0.93978134,
       0.94905402, 0.9534953 , 0.95777753, 0.95777753, 0.96157857,
       0.97269958, 0.97269958, 0.97269958, 0.97590425, 0.97892497,
       0.9816388 , 0.98419544, 0.98419544, 0.98419544, 0.98625203,
       0.988093  , 0.99159053, 0.99312312, 0.99312312, 0.99532425,
       0.99532425, 0.99774129, 0.9990074 , 0.99951808, 0.99972766,
       1.        ]), array([0.        , 0.        , 0.        , 0.        , 0.        ,
       0.        , 0.        , 0.        , 0.        , 0.03127333,
       0.03127333, 0.04657541, 0.09207262, 0.09207262, 0.09207262,
       0.10672868, 0.10672868, 0.14963764, 0.16369547, 0.19177148,
       0.19177148, 0.20531841, 0.23224282, 0.23224282, 0.28461878,
       0.29758446, 0.29758446, 0.3101783 , 0.3101783 , 0.33453738,
       0.34656894, 0.35854968, 0.35854968, 0.38168859, 0.38168859,
       0.39296942, 0.40394243, 0.43668913, 0.46884218, 0.5004969 ,
       0.51084274, 0.52109149, 0.55104068, 0.57069189, 0.61911509,
       0.66654831, 0.70374731, 0.74043415, 0.74947543, 0.74947543,
       0.75819575, 0.75819575, 0.7748054 , 0.78287971, 0.79088081,
       0.79088081, 0.79855503, 0.8059312 , 0.82048805, 0.8276716 ,
       0.84157433, 0.8550899 , 0.8550899 , 0.86145604, 0.86770419,
       0.86770419, 0.87961025, 0.88540898, 0.89104157, 0.90185732,
       0.90185732, 0.90185732, 0.91171814, 0.93054066, 0.93507158,
       0.94379344, 0.94379344, 0.94787591, 0.95552146, 0.97015498,
       0.97370537, 0.97370537, 0.97695346, 0.97695346, 0.97695346,
       0.97966193, 0.98214205, 0.98919371, 0.98919371, 0.98919371,
       0.99099834, 0.99267153, 0.99561806, 0.99561806, 0.99668093,
       0.99668093, 0.99983641, 0.99983641, 0.99983641, 0.99983641,
       1.        ]), array([0.01786333, 0.30340723, 0.30340723, 0.320885  , 0.320885  ,
       0.35492296, 0.35492296, 0.35492296, 0.35492296, 0.40393744,
       0.42012424, 0.42012424, 0.42012424, 0.45151863, 0.45151863,
       0.45151863, 0.48165351, 0.51141996, 0.51141996, 0.52600752,
       0.52600752, 0.52600752, 0.52600752, 0.55362791, 0.56727995,
       0.56727995, 0.56727995, 0.56727995, 0.58026424, 0.58026424,
       0.58026424, 0.58026424, 0.58026424, 0.6043396 , 0.6043396 ,
       0.6043396 , 0.6158434 , 0.62718311, 0.62718311, 0.64916628,
       0.65988863, 0.65988863, 0.67039703, 0.69090924, 0.71117128,
       0.7508153 , 0.78967372, 0.79915375, 0.81795265, 0.82716957,
       0.82716957, 0.83606474, 0.85339848, 0.85339848, 0.86162786,
       0.87795964, 0.89386869, 0.89386869, 0.90918194, 0.92393828,
       0.93119698, 0.93119698, 0.93799468, 0.94460844, 0.94460844,
       0.94460844, 0.94460844, 0.95061049, 0.95646753, 0.96209088,
       0.96209088, 0.96209088, 0.96209088, 0.96209088, 0.96677034,
       0.97126359, 0.9755508 , 0.97968895, 0.97968895, 0.98351829,
       0.98351829, 0.98351829, 0.98351829, 0.98351829, 0.98351829,
       0.98626169, 0.98626169, 0.98626169, 0.98850023, 0.99250485,
       0.99250485, 0.99413604, 0.99413604, 0.99413604, 0.99530779,
       0.99626095, 0.99714525, 0.99778443, 0.99862827, 0.99927869,
       1.        ]), array([0.        , 0.19474376, 0.23746185, 0.23746185, 0.27919285,
       0.29998782, 0.34111461, 0.36147111, 0.38153702, 0.38153702,
       0.38153702, 0.38153702, 0.40071731, 0.4196324 , 0.4196324 ,
       0.4196324 , 0.4196324 , 0.4738187 , 0.49168945, 0.49168945,
       0.50905458, 0.50905458, 0.52615237, 0.54300044, 0.55957555,
       0.59229851, 0.59229851, 0.59229851, 0.59229851, 0.60770238,
       0.62287522, 0.63799646, 0.63799646, 0.65252798, 0.66687722,
       0.66687722, 0.66687722, 0.66687722, 0.66687722, 0.68010453,
       0.68010453, 0.69309016, 0.69309016, 0.70557519, 0.73013141,
       0.73013141, 0.73013141, 0.74164165, 0.76437339, 0.78667004,
       0.808408  , 0.81904032, 0.82947773, 0.82947773, 0.82947773,
       0.82947773, 0.83922221, 0.8579554 , 0.8579554 , 0.86696285,
       0.87566956, 0.87566956, 0.87566956, 0.87566956, 0.89927639,
       0.89927639, 0.90670485, 0.91387253, 0.9208876 , 0.92761295,
       0.92761295, 0.93400968, 0.93400968, 0.93400968, 0.93400968,
       0.94519297, 0.94519297, 0.94519297, 0.95011307, 0.95937179,
       0.95937179, 0.95937179, 0.95937179, 0.96322276, 0.96322276,
       0.96322276, 0.96628428, 0.97199303, 0.98004925, 0.98257531,
       0.98954743, 0.98954743, 0.99140123, 0.99300831, 0.99452391,
       0.99564127, 0.99564127, 0.99775576, 0.99876448, 0.99913186,
       1.        ]), array([0.        , 0.13489821, 0.15380689, 0.15380689, 0.17239501,
       0.19072892, 0.22714087, 0.26321834, 0.28105979, 0.28105979,
       0.31576133, 0.31576133, 0.31576133, 0.31576133, 0.31576133,
       0.31576133, 0.34847172, 0.34847172, 0.3643462 , 0.3643462 ,
       0.42660204, 0.42660204, 0.42660204, 0.42660204, 0.44143618,
       0.44143618, 0.45571091, 0.45571091, 0.46963825, 0.46963825,
       0.48329312, 0.49677699, 0.50996302, 0.54904025, 0.54904025,
       0.58702019, 0.59944646, 0.61162533, 0.63559965, 0.65937915,
       0.68260957, 0.68260957, 0.7051747 , 0.71618459, 0.72701635,
       0.73778221, 0.75880551, 0.76902183, 0.7993094 , 0.80929025,
       0.81894038, 0.81894038, 0.82826649, 0.82826649, 0.82826649,
       0.83704617, 0.84566598, 0.84566598, 0.8538897 , 0.8538897 ,
       0.86167308, 0.86167308, 0.86167308, 0.86882577, 0.87589718,
       0.87589718, 0.8825988 , 0.8825988 , 0.89512168, 0.90124669,
       0.90124669, 0.90124669, 0.91218431, 0.91218431, 0.92234483,
       0.92720102, 0.93184131, 0.93642321, 0.94069412, 0.94492687,
       0.95283378, 0.96399228, 0.96399228, 0.96743925, 0.97380981,
       0.97677479, 0.97677479, 0.97941629, 0.98183674, 0.98183674,
       0.98384009, 0.98384009, 0.98873522, 0.9931939 , 0.9931939 ,
       0.9931939 , 0.99564886, 0.99696633, 0.99854177, 0.99929473,
       1.        ])]","[array([0.00000000e+00, 1.51863580e-05, 1.51863580e-05, 4.05476022e-04,
       1.52246144e-03, 1.52246144e-03, 1.52246144e-03, 1.52246144e-03,
       2.74549363e-03, 5.44416169e-03, 5.44416169e-03, 7.09510171e-03,
       8.85395422e-03, 1.08682516e-02, 1.29748180e-02, 1.29748180e-02,
       1.29748180e-02, 1.29748180e-02, 1.29748180e-02, 1.29748180e-02,
       1.60219851e-02, 1.92009659e-02, 1.92009659e-02, 2.27131978e-02,
       2.63941799e-02, 3.01550903e-02, 3.01550903e-02, 3.01550903e-02,
       3.44319424e-02, 3.44319424e-02, 3.44319424e-02, 3.44319424e-02,
       3.93635282e-02, 4.44447696e-02, 4.44447696e-02, 4.98655619e-02,
       5.54106807e-02, 6.11499227e-02, 6.69680898e-02, 7.30311316e-02,
       7.92539193e-02, 7.92539193e-02, 8.57019830e-02, 9.89639648e-02,
       1.39758346e-01, 1.53615456e-01, 1.75037916e-01, 1.82298515e-01,
       1.89727323e-01, 1.97244416e-01, 2.20497517e-01, 2.28384875e-01,
       2.60407665e-01, 2.84874057e-01, 3.01556716e-01, 3.18585458e-01,
       3.27264784e-01, 3.62468559e-01, 3.71376951e-01, 3.80448524e-01,
       3.80448524e-01, 3.89886789e-01, 3.99396006e-01, 4.18778500e-01,
       4.48452045e-01, 4.58428573e-01, 4.68670300e-01, 4.78972845e-01,
       4.89558211e-01, 4.89558211e-01, 5.00386092e-01, 5.00386092e-01,
       5.11521483e-01, 5.11521483e-01, 5.22919164e-01, 5.46006597e-01,
       5.57719695e-01, 5.69570913e-01, 5.69570913e-01, 5.81839984e-01,
       6.18892167e-01, 6.18892167e-01, 6.18892167e-01, 6.31679112e-01,
       6.44625789e-01, 6.57838966e-01, 6.71188647e-01, 6.71188647e-01,
       6.71188647e-01, 6.84972554e-01, 6.98943702e-01, 7.27046135e-01,
       7.41285076e-01, 7.41285076e-01, 7.70513267e-01, 7.70513267e-01,
       8.15123777e-01, 8.45163924e-01, 8.60290262e-01, 8.75678070e-01,
       1.00000000e+00]), array([0.        , 0.        , 0.        , 0.        , 0.        ,
       0.        , 0.        , 0.        , 0.        , 0.00282002,
       0.00282002, 0.00454721, 0.01011651, 0.01011651, 0.01011651,
       0.0124561 , 0.0124561 , 0.02047898, 0.02338568, 0.02923665,
       0.02923665, 0.03262766, 0.03957032, 0.03957032, 0.05485186,
       0.05879387, 0.05879387, 0.06308839, 0.06308839, 0.07246289,
       0.07729043, 0.08216614, 0.08216614, 0.09269732, 0.09269732,
       0.09823652, 0.10406753, 0.12172391, 0.13994304, 0.15863458,
       0.16506013, 0.17157771, 0.19188603, 0.20572345, 0.24098514,
       0.2771853 , 0.3068541 , 0.33700842, 0.34467065, 0.34467065,
       0.35263713, 0.35263713, 0.36935784, 0.37793673, 0.38658501,
       0.38658501, 0.39554316, 0.40478385, 0.42345055, 0.43287384,
       0.45216063, 0.47181444, 0.47181444, 0.4820126 , 0.49232263,
       0.49232263, 0.51350219, 0.52423826, 0.5351318 , 0.55734495,
       0.55734495, 0.55734495, 0.58046334, 0.62755246, 0.63949035,
       0.66368845, 0.66368845, 0.67605146, 0.70126985, 0.75233001,
       0.76519742, 0.76519742, 0.7783514 , 0.7783514 , 0.7783514 ,
       0.79201692, 0.80589891, 0.84791337, 0.84791337, 0.84791337,
       0.8624357 , 0.87708263, 0.90675554, 0.90675554, 0.92198105,
       0.92198105, 0.98392201, 0.98392201, 0.98392201, 0.98392201,
       1.        ]), array([0.00000000e+00, 2.35527611e-04, 2.35527611e-04, 5.72675078e-04,
       5.72675078e-04, 2.04932337e-03, 2.04932337e-03, 2.04932337e-03,
       2.04932337e-03, 6.05029352e-03, 7.51630822e-03, 7.51630822e-03,
       7.51630822e-03, 1.13045800e-02, 1.13045800e-02, 1.13045800e-02,
       1.61942077e-02, 2.14060031e-02, 2.14060031e-02, 2.42704409e-02,
       2.42704409e-02, 2.42704409e-02, 2.42704409e-02, 3.13588196e-02,
       3.50413069e-02, 3.50413069e-02, 3.50413069e-02, 3.50413069e-02,
       3.93076968e-02, 3.93076968e-02, 3.93076968e-02, 3.93076968e-02,
       3.93076968e-02, 4.94959616e-02, 4.94959616e-02, 4.94959616e-02,
       5.50569340e-02, 6.07614019e-02, 6.07614019e-02, 7.27791448e-02,
       7.90234406e-02, 7.90234406e-02, 8.54548268e-02, 9.87588264e-02,
       1.12281588e-01, 1.40096650e-01, 1.68598672e-01, 1.75929295e-01,
       1.90731476e-01, 1.98292166e-01, 1.98292166e-01, 2.06134218e-01,
       2.22217568e-01, 2.22217568e-01, 2.30641808e-01, 2.47601303e-01,
       2.64930455e-01, 2.64930455e-01, 2.82780594e-01, 3.01117710e-01,
       3.10390738e-01, 3.10390738e-01, 3.20066876e-01, 3.29903862e-01,
       3.29903862e-01, 3.29903862e-01, 3.29903862e-01, 3.40275746e-01,
       3.50774430e-01, 3.61477462e-01, 3.61477462e-01, 3.61477462e-01,
       3.61477462e-01, 3.61477462e-01, 3.73005859e-01, 3.84697080e-01,
       3.96568477e-01, 4.08570215e-01, 4.08570215e-01, 4.20841977e-01,
       4.20841977e-01, 4.20841977e-01, 4.20841977e-01, 4.20841977e-01,
       4.20841977e-01, 4.34063331e-01, 4.34063331e-01, 4.34063331e-01,
       4.47726144e-01, 4.75464916e-01, 4.75464916e-01, 4.89658820e-01,
       4.89658820e-01, 4.89658820e-01, 5.04254465e-01, 5.19041265e-01,
       5.33888267e-01, 5.48949616e-01, 5.79452271e-01, 6.25744322e-01,
       1.00000000e+00]), array([0.00000000e+00, 1.68405177e-04, 5.54733583e-04, 5.54733583e-04,
       1.55791489e-03, 2.10358995e-03, 3.48436264e-03, 4.30404495e-03,
       5.30533112e-03, 5.30533112e-03, 5.30533112e-03, 5.30533112e-03,
       6.86006359e-03, 8.58052652e-03, 8.58052652e-03, 8.58052652e-03,
       8.58052652e-03, 1.53411051e-02, 1.77142051e-02, 1.77142051e-02,
       2.04032907e-02, 2.04032907e-02, 2.32594412e-02, 2.62716522e-02,
       2.94544468e-02, 3.60870372e-02, 3.60870372e-02, 3.60870372e-02,
       3.60870372e-02, 4.00017693e-02, 4.40608814e-02, 4.81522410e-02,
       4.81522410e-02, 5.26121346e-02, 5.71859428e-02, 5.71859428e-02,
       5.71859428e-02, 5.71859428e-02, 5.71859428e-02, 6.24608777e-02,
       6.24608777e-02, 6.78868491e-02, 6.78868491e-02, 7.36256545e-02,
       8.53618957e-02, 8.53618957e-02, 8.53618957e-02, 9.17098843e-02,
       1.04586297e-01, 1.17734615e-01, 1.31232070e-01, 1.38128693e-01,
       1.45147129e-01, 1.45147129e-01, 1.45147129e-01, 1.45147129e-01,
       1.52598588e-01, 1.67973823e-01, 1.67973823e-01, 1.75885878e-01,
       1.83985879e-01, 1.83985879e-01, 1.83985879e-01, 1.83985879e-01,
       2.09856511e-01, 2.09856511e-01, 2.18755332e-01, 2.27817114e-01,
       2.36974270e-01, 2.46312484e-01, 2.46312484e-01, 2.55856065e-01,
       2.55856065e-01, 2.55856065e-01, 2.55856065e-01, 2.75949463e-01,
       2.75949463e-01, 2.75949463e-01, 2.86415827e-01, 3.07711955e-01,
       3.07711955e-01, 3.07711955e-01, 3.07711955e-01, 3.18846454e-01,
       3.18846454e-01, 3.18846454e-01, 3.30474309e-01, 3.53988918e-01,
       3.89577611e-01, 4.01540089e-01, 4.37806273e-01, 4.37806273e-01,
       4.50188864e-01, 4.62725644e-01, 4.75319589e-01, 4.88162408e-01,
       4.88162408e-01, 5.27464272e-01, 5.53916076e-01, 5.67227582e-01,
       1.00000000e+00]), array([0.00000000e+00, 9.76678426e-06, 2.87295863e-04, 2.87295863e-04,
       8.09010129e-04, 1.52436638e-03, 3.14999591e-03, 5.03041174e-03,
       6.12090741e-03, 6.12090741e-03, 9.04944399e-03, 9.04944399e-03,
       9.04944399e-03, 9.04944399e-03, 9.04944399e-03, 9.04944399e-03,
       1.34947437e-02, 1.34947437e-02, 1.60835873e-02, 1.60835873e-02,
       2.73850976e-02, 2.73850976e-02, 2.73850976e-02, 2.73850976e-02,
       3.07664195e-02, 3.07664195e-02, 3.45738701e-02, 3.45738701e-02,
       3.86459523e-02, 3.86459523e-02, 4.29255833e-02, 4.73354822e-02,
       5.19722541e-02, 6.62488774e-02, 6.62488774e-02, 8.13613608e-02,
       8.65768821e-02, 9.19808677e-02, 1.03080901e-01, 1.14329339e-01,
       1.25996047e-01, 1.25996047e-01, 1.38169538e-01, 1.44463997e-01,
       1.50894147e-01, 1.57374493e-01, 1.70722473e-01, 1.77621438e-01,
       1.98593617e-01, 2.05671944e-01, 2.13002205e-01, 2.13002205e-01,
       2.20579289e-01, 2.20579289e-01, 2.20579289e-01, 2.28572610e-01,
       2.36687721e-01, 2.36687721e-01, 2.45104557e-01, 2.45104557e-01,
       2.53856818e-01, 2.53856818e-01, 2.53856818e-01, 2.63089509e-01,
       2.72384119e-01, 2.72384119e-01, 2.81960411e-01, 2.81960411e-01,
       3.01783627e-01, 3.11799157e-01, 3.11799157e-01, 3.11799157e-01,
       3.32829943e-01, 3.32829943e-01, 3.54452693e-01, 3.65434750e-01,
       3.76581271e-01, 3.87772272e-01, 3.99200170e-01, 4.10657137e-01,
       4.33996579e-01, 4.69540392e-01, 4.69540392e-01, 4.81595929e-01,
       5.06105694e-01, 5.18528389e-01, 5.18528389e-01, 5.31197492e-01,
       5.44034985e-01, 5.44034985e-01, 5.57190210e-01, 5.57190210e-01,
       5.97505163e-01, 6.38152588e-01, 6.38152588e-01, 6.38152588e-01,
       6.80326347e-01, 7.08685320e-01, 7.51529064e-01, 7.94999333e-01,
       1.00000000e+00])]",0.0157497439517393,0.0131823343915056,0.0247570639264794,0.0137973128107217,"[{'lambda_reg': 0.0019164695995998531, 'gamma': 0.37660826943813797, 'degree': 2, 'coef0': 0.9330872194699819}, {'lambda_reg': 1.8283369994269246e-05, 'gamma': 0.10529855477522113, 'degree': 5, 'coef0': 2.2890346716845773}, {'lambda_reg': 0.0003133738609854328, 'gamma': 0.162162977587377, 'degree': 4, 'coef0': 0.4672458544823449}, {'lambda_reg': 1.2723629332087812e-05, 'gamma': 0.035607623006488134, 'degree': 4, 'coef0': 0.09147420994978617}, {'lambda_reg': 8.017752860625872e-05, 'gamma': 0.01891854533609985, 'degree': 6, 'coef0': 0.3101870690187142}]",600,2,polynomial,118
"[np.float64(0.12832150457156477), np.float64(0.09264520253092719), np.float64(0.12013220904480663), np.float64(0.10678238775758447), np.float64(0.1615718404961733)]",0.1218906288802112,0.0232490888851876,"[np.float64(0.7356528512454189), np.float64(0.7996423706189162), np.float64(0.7408539043916047), np.float64(0.7880337440551285), np.float64(0.7531805884953477)]",0.7634726917612833,0.025702028777841,"[np.float64(0.9066504513502838), np.float64(0.8921402085731142), np.float64(0.8848717752693528), np.float64(0.9192152493414785), np.float64(0.946612472081751)]",0.909898031323196,0.0218493077619862,"[array([0.        , 0.36214166, 0.44618769, 0.50856545, 0.54968449,
       0.61099726, 0.61099726, 0.61099726, 0.650498  , 0.650498  ,
       0.68912907, 0.68912907, 0.68912907, 0.72648846, 0.72648846,
       0.7446692 , 0.7446692 , 0.7446692 , 0.7446692 , 0.76201388,
       0.76201388, 0.76201388, 0.76201388, 0.77855405, 0.77855405,
       0.79460484, 0.79460484, 0.79460484, 0.79460484, 0.80980041,
       0.82489436, 0.82489436, 0.83942959, 0.83942959, 0.85358069,
       0.85358069, 0.86726194, 0.86726194, 0.86726194, 0.88041336,
       0.88041336, 0.89303304, 0.89303304, 0.91757064, 0.91757064,
       0.92932882, 0.94101252, 0.94101252, 0.94101252, 0.94101252,
       0.94101252, 0.94101252, 0.94101252, 0.94101252, 0.95103278,
       0.95103278, 0.95103278, 0.95103278, 0.95103278, 0.95103278,
       0.95966078, 0.95966078, 0.95966078, 0.96776656, 0.96776656,
       0.96776656, 0.96776656, 0.96776656, 0.96776656, 0.96776656,
       0.96776656, 0.97400599, 0.97400599, 0.9798001 , 0.9798001 ,
       0.99614941, 0.99614941, 0.99614941, 0.99614941, 0.99614941,
       0.99614941, 0.99614941, 0.99614941, 0.99614941, 0.99614941,
       0.99614941, 0.99614941, 0.99614941, 0.99614941, 0.99614941,
       0.99614941, 0.99823403, 1.        , 1.        , 1.        ,
       1.        , 1.        , 1.        , 1.        , 1.        ,
       1.        ]), array([0.        , 0.36034977, 0.36034977, 0.36034977, 0.4039494 ,
       0.44696926, 0.51108755, 0.53219802, 0.53219802, 0.53219802,
       0.55258985, 0.5727639 , 0.59273566, 0.61257804, 0.61257804,
       0.63198142, 0.65100546, 0.66976836, 0.66976836, 0.72499222,
       0.72499222, 0.74293887, 0.74293887, 0.76047677, 0.77782637,
       0.79486702, 0.8116751 , 0.8116751 , 0.82798627, 0.82798627,
       0.82798627, 0.82798627, 0.82798627, 0.84311389, 0.84311389,
       0.84311389, 0.85777415, 0.85777415, 0.87190094, 0.87190094,
       0.87190094, 0.87190094, 0.87190094, 0.87190094, 0.87190094,
       0.87190094, 0.87190094, 0.8959752 , 0.8959752 , 0.90758636,
       0.90758636, 0.90758636, 0.90758636, 0.90758636, 0.90758636,
       0.91778141, 0.92780331, 0.92780331, 0.92780331, 0.93713311,
       0.94635784, 0.94635784, 0.95502284, 0.95502284, 0.97149005,
       0.97149005, 0.97149005, 0.97149005, 0.97149005, 0.97149005,
       0.97829595, 0.97829595, 0.97829595, 0.97829595, 0.97829595,
       0.97829595, 0.98391589, 0.98391589, 0.98895297, 0.98895297,
       0.98895297, 0.98895297, 0.98895297, 0.98895297, 0.98895297,
       0.98895297, 0.99215853, 0.99215853, 0.99508351, 0.99776338,
       0.99776338, 1.        , 1.        , 1.        , 1.        ,
       1.        , 1.        , 1.        , 1.        , 1.        ,
       1.        ]), array([0.        , 0.39155412, 0.41297338, 0.45557407, 0.47666893,
       0.49750128, 0.53875983, 0.55910293, 0.55910293, 0.55910293,
       0.55910293, 0.55910293, 0.57834685, 0.59748949, 0.61635985,
       0.63494268, 0.67184191, 0.67184191, 0.68973568, 0.70742873,
       0.70742873, 0.72478591, 0.74192649, 0.75883271, 0.77544744,
       0.77544744, 0.77544744, 0.77544744, 0.77544744, 0.77544744,
       0.77544744, 0.80573451, 0.80573451, 0.8205416 , 0.83503857,
       0.83503857, 0.84910945, 0.8628561 , 0.8628561 , 0.8628561 ,
       0.87594678, 0.87594678, 0.87594678, 0.87594678, 0.87594678,
       0.88794687, 0.88794687, 0.89961656, 0.91105709, 0.92230154,
       0.92230154, 0.92230154, 0.93280606, 0.93280606, 0.94299186,
       0.9528495 , 0.9528495 , 0.96232846, 0.97160233, 0.97160233,
       0.97160233, 0.98020621, 0.98020621, 0.98020621, 0.98020621,
       0.98020621, 0.98020621, 0.98020621, 0.98020621, 0.98702455,
       0.98702455, 0.98702455, 0.98702455, 0.98702455, 0.98702455,
       0.98702455, 0.98702455, 0.98702455, 0.98702455, 0.99166425,
       0.99619936, 0.99619936, 0.99619936, 0.99619936, 0.99619936,
       0.99619936, 0.99619936, 0.99619936, 0.99619936, 0.99871346,
       0.99871346, 0.99871346, 0.99871346, 0.99871346, 0.99871346,
       1.        , 1.        , 1.        , 1.        , 1.        ,
       1.        ]), array([0.        , 0.49854881, 0.54136419, 0.56249161, 0.56249161,
       0.56249161, 0.58295404, 0.60330367, 0.66356894, 0.66356894,
       0.70293481, 0.72242887, 0.72242887, 0.72242887, 0.72242887,
       0.72242887, 0.72242887, 0.74062617, 0.74062617, 0.74062617,
       0.74062617, 0.74062617, 0.75766592, 0.79124037, 0.80792939,
       0.80792939, 0.82418859, 0.82418859, 0.82418859, 0.82418859,
       0.82418859, 0.83936908, 0.83936908, 0.83936908, 0.83936908,
       0.83936908, 0.85334847, 0.86722941, 0.86722941, 0.86722941,
       0.89348108, 0.89348108, 0.89348108, 0.90600962, 0.90600962,
       0.91800173, 0.91800173, 0.91800173, 0.91800173, 0.91800173,
       0.91800173, 0.92884192, 0.92884192, 0.9391692 , 0.9391692 ,
       0.94894937, 0.94894937, 0.94894937, 0.95809121, 0.95809121,
       0.95809121, 0.95809121, 0.9663562 , 0.9663562 , 0.97433228,
       0.97433228, 0.97433228, 0.97433228, 0.97433228, 0.97433228,
       0.97433228, 0.97433228, 0.97433228, 0.97433228, 0.97998655,
       0.97998655, 0.97998655, 0.98500568, 0.98500568, 0.98960337,
       0.98960337, 0.9937548 , 0.99782496, 0.99782496, 0.99782496,
       0.99782496, 0.99782496, 0.99782496, 0.99782496, 0.99782496,
       0.99782496, 0.99782496, 0.99782496, 0.9993811 , 0.9993811 ,
       0.9993811 , 0.9993811 , 0.9993811 , 1.        , 1.        ,
       1.        ]), array([0.        , 0.57657624, 0.63544925, 0.65476308, 0.71234078,
       0.71234078, 0.71234078, 0.73097379, 0.7677988 , 0.7677988 ,
       0.7677988 , 0.7677988 , 0.7677988 , 0.7677988 , 0.7677988 ,
       0.80191932, 0.80191932, 0.81852583, 0.85126982, 0.86749013,
       0.86749013, 0.86749013, 0.86749013, 0.88287064, 0.88287064,
       0.89788244, 0.91262399, 0.91262399, 0.91262399, 0.92685826,
       0.92685826, 0.92685826, 0.92685826, 0.92685826, 0.95339817,
       0.95339817, 0.96614234, 0.96614234, 0.96614234, 0.97842674,
       0.97842674, 0.97842674, 0.97842674, 0.97842674, 0.97842674,
       0.97842674, 0.97842674, 0.97842674, 0.97842674, 0.97842674,
       0.97842674, 0.97842674, 0.97842674, 0.97842674, 0.97842674,
       0.97842674, 0.97842674, 0.97842674, 0.97842674, 0.97842674,
       0.97842674, 0.97842674, 0.97842674, 0.97842674, 0.97842674,
       0.97842674, 0.97842674, 0.97842674, 0.9849181 , 0.9849181 ,
       0.9849181 , 0.9849181 , 0.9849181 , 0.9849181 , 0.9849181 ,
       0.9849181 , 0.9849181 , 0.9849181 , 0.9849181 , 0.9849181 ,
       0.9849181 , 0.9849181 , 0.9849181 , 0.9849181 , 0.98812315,
       0.99431461, 0.9971587 , 0.9971587 , 0.99966425, 0.99966425,
       0.99966425, 0.99966425, 0.99966425, 0.99966425, 0.99966425,
       0.99966425, 0.99966425, 0.99966425, 0.99966425, 1.        ,
       1.        ])]","[array([0.        , 0.00275244, 0.00754342, 0.01347496, 0.01908887,
       0.02881207, 0.02881207, 0.02881207, 0.0401876 , 0.0401876 ,
       0.05465945, 0.05465945, 0.05465945, 0.07365883, 0.07365883,
       0.08493494, 0.08493494, 0.08493494, 0.08493494, 0.09918769,
       0.09918769, 0.09918769, 0.09918769, 0.11630473, 0.11630473,
       0.13516408, 0.13516408, 0.13516408, 0.13516408, 0.15706828,
       0.17933428, 0.17933428, 0.20358951, 0.20358951, 0.22921235,
       0.22921235, 0.25650795, 0.25650795, 0.25650795, 0.28568994,
       0.28568994, 0.31676507, 0.31676507, 0.3814138 , 0.3814138 ,
       0.41555613, 0.44996364, 0.44996364, 0.44996364, 0.44996364,
       0.44996364, 0.44996364, 0.44996364, 0.44996364, 0.49029348,
       0.49029348, 0.49029348, 0.49029348, 0.49029348, 0.49029348,
       0.53558017, 0.53558017, 0.53558017, 0.58272613, 0.58272613,
       0.58272613, 0.58272613, 0.58272613, 0.58272613, 0.58272613,
       0.58272613, 0.63651684, 0.63651684, 0.69189302, 0.69189302,
       0.86169939, 0.86169939, 0.86169939, 0.86169939, 0.86169939,
       0.86169939, 0.86169939, 0.86169939, 0.86169939, 0.86169939,
       0.86169939, 0.86169939, 0.86169939, 0.86169939, 0.86169939,
       0.86169939, 0.93028246, 1.        , 1.        , 1.        ,
       1.        , 1.        , 1.        , 1.        , 1.        ,
       1.        ]), array([0.        , 0.00235374, 0.00235374, 0.00235374, 0.00672225,
       0.01272649, 0.02289385, 0.027023  , 0.027023  , 0.027023  ,
       0.03317967, 0.03995077, 0.04729262, 0.05499948, 0.05499948,
       0.06394492, 0.07396058, 0.08471306, 0.08471306, 0.11997471,
       0.11997471, 0.13303011, 0.13303011, 0.14723871, 0.16197857,
       0.17759009, 0.19385779, 0.19385779, 0.21152744, 0.21152744,
       0.21152744, 0.21152744, 0.21152744, 0.2325363 , 0.2325363 ,
       0.2325363 , 0.25486376, 0.25486376, 0.2786963 , 0.2786963 ,
       0.2786963 , 0.2786963 , 0.2786963 , 0.2786963 , 0.2786963 ,
       0.2786963 , 0.2786963 , 0.33815274, 0.33815274, 0.36908274,
       0.36908274, 0.36908274, 0.36908274, 0.36908274, 0.36908274,
       0.40400811, 0.43942199, 0.43942199, 0.43942199, 0.47678854,
       0.51445152, 0.51445152, 0.55369372, 0.55369372, 0.63461228,
       0.63461228, 0.63461228, 0.63461228, 0.63461228, 0.63461228,
       0.67909965, 0.67909965, 0.67909965, 0.67909965, 0.67909965,
       0.67909965, 0.72693301, 0.72693301, 0.77641082, 0.77641082,
       0.77641082, 0.77641082, 0.77641082, 0.77641082, 0.77641082,
       0.77641082, 0.831056  , 0.831056  , 0.88649278, 0.9426211 ,
       0.9426211 , 1.        , 1.        , 1.        , 1.        ,
       1.        , 1.        , 1.        , 1.        , 1.        ,
       1.        ]), array([0.        , 0.00294412, 0.00419056, 0.00745508, 0.00975404,
       0.01290478, 0.02052399, 0.02526214, 0.02526214, 0.02526214,
       0.02526214, 0.02526214, 0.03356667, 0.04219979, 0.05171639,
       0.06216587, 0.08392933, 0.08392933, 0.09661453, 0.10995101,
       0.10995101, 0.12437723, 0.13950625, 0.15539566, 0.17223084,
       0.17223084, 0.17223084, 0.17223084, 0.17223084, 0.17223084,
       0.17223084, 0.21544807, 0.21544807, 0.23814831, 0.26185475,
       0.26185475, 0.28694371, 0.31308463, 0.31308463, 0.31308463,
       0.34135392, 0.34135392, 0.34135392, 0.34135392, 0.34135392,
       0.37316171, 0.37316171, 0.40604156, 0.43966491, 0.47392446,
       0.47392446, 0.47392446, 0.5105848 , 0.5105848 , 0.54827925,
       0.58703842, 0.58703842, 0.62702628, 0.66767954, 0.66767954,
       0.66767954, 0.7105067 , 0.7105067 , 0.7105067 , 0.7105067 ,
       0.7105067 , 0.7105067 , 0.7105067 , 0.7105067 , 0.75912718,
       0.75912718, 0.75912718, 0.75912718, 0.75912718, 0.75912718,
       0.75912718, 0.75912718, 0.75912718, 0.75912718, 0.81481646,
       0.87084509, 0.87084509, 0.87084509, 0.87084509, 0.87084509,
       0.87084509, 0.87084509, 0.87084509, 0.87084509, 0.93343109,
       0.93343109, 0.93343109, 0.93343109, 0.93343109, 0.93343109,
       1.        , 1.        , 1.        , 1.        , 1.        ,
       1.        ]), array([0.        , 0.00290132, 0.00492572, 0.00686335, 0.00686335,
       0.00686335, 0.01099673, 0.01550253, 0.03160748, 0.03160748,
       0.04502187, 0.05235273, 0.05235273, 0.05235273, 0.05235273,
       0.05235273, 0.05235273, 0.06396534, 0.06396534, 0.06396534,
       0.06396534, 0.06396534, 0.07940012, 0.1119373 , 0.12853017,
       0.12853017, 0.14654226, 0.14654226, 0.14654226, 0.14654226,
       0.14654226, 0.16811615, 0.16811615, 0.16811615, 0.16811615,
       0.16811615, 0.19365598, 0.2195209 , 0.2195209 , 0.2195209 ,
       0.27623732, 0.27623732, 0.27623732, 0.30656773, 0.30656773,
       0.33866939, 0.33866939, 0.33866939, 0.33866939, 0.33866939,
       0.33866939, 0.37457459, 0.37457459, 0.4121734 , 0.4121734 ,
       0.4515787 , 0.4515787 , 0.4515787 , 0.49309174, 0.49309174,
       0.49309174, 0.49309174, 0.53750005, 0.53750005, 0.58286231,
       0.58286231, 0.58286231, 0.58286231, 0.58286231, 0.58286231,
       0.58286231, 0.58286231, 0.58286231, 0.58286231, 0.63589102,
       0.63589102, 0.63589102, 0.69101688, 0.69101688, 0.74753431,
       0.74753431, 0.80552526, 0.86378456, 0.86378456, 0.86378456,
       0.86378456, 0.86378456, 0.86378456, 0.86378456, 0.86378456,
       0.86378456, 0.86378456, 0.86378456, 0.93034492, 0.93034492,
       0.93034492, 0.93034492, 0.93034492, 1.        , 1.        ,
       1.        ]), array([0.        , 0.00233906, 0.00656755, 0.00957881, 0.02048921,
       0.02048921, 0.02048921, 0.02701246, 0.04233395, 0.04233395,
       0.04233395, 0.04233395, 0.04233395, 0.04233395, 0.04233395,
       0.07160658, 0.07160658, 0.08858358, 0.12495705, 0.14392622,
       0.14392622, 0.14392622, 0.14392622, 0.16722755, 0.16722755,
       0.19243088, 0.21902828, 0.21902828, 0.21902828, 0.24824244,
       0.24824244, 0.24824244, 0.24824244, 0.24824244, 0.31661972,
       0.31661972, 0.35352062, 0.35352062, 0.35352062, 0.39279324,
       0.39279324, 0.39279324, 0.39279324, 0.39279324, 0.39279324,
       0.39279324, 0.39279324, 0.39279324, 0.39279324, 0.39279324,
       0.39279324, 0.39279324, 0.39279324, 0.39279324, 0.39279324,
       0.39279324, 0.39279324, 0.39279324, 0.39279324, 0.39279324,
       0.39279324, 0.39279324, 0.39279324, 0.39279324, 0.39279324,
       0.39279324, 0.39279324, 0.39279324, 0.46194931, 0.46194931,
       0.46194931, 0.46194931, 0.46194931, 0.46194931, 0.46194931,
       0.46194931, 0.46194931, 0.46194931, 0.46194931, 0.46194931,
       0.46194931, 0.46194931, 0.46194931, 0.46194931, 0.54805785,
       0.72140272, 0.80937325, 0.80937325, 0.89909018, 0.89909018,
       0.89909018, 0.89909018, 0.89909018, 0.89909018, 0.89909018,
       0.89909018, 0.89909018, 0.89909018, 0.89909018, 1.        ,
       1.        ])]",0.0039080950041834,0.0295058020657127,0.0224943444864685,0.0049469998693485,"[{'lambda_reg': 0.017627933747201827, 'gamma': 0.02678621592610752}, {'lambda_reg': 0.0038212503440062206, 'gamma': 0.0050230328281533985}, {'lambda_reg': 0.0005258712578532671, 'gamma': 0.0012535126808555532}, {'lambda_reg': 0.0028576275708262814, 'gamma': 0.006402294391976818}, {'lambda_reg': 0.00023221637619438257, 'gamma': 0.004228801591582944}]",300,3,laplacian,100
"[np.float64(0.14535754680914362), np.float64(0.08139823088844093), np.float64(0.11685496724310321), np.float64(0.06890021508713895), np.float64(0.2207955674253285)]",0.126661305490631,0.0542071258531551,"[np.float64(0.801475106377558), np.float64(0.8497291480890738), np.float64(0.8501619843996618), np.float64(0.8808773367650718), np.float64(0.828331183732395)]",0.8421149518727521,0.0263318913299842,"[np.float64(0.8828577285831731), np.float64(0.9126285716718298), np.float64(0.9177663771443049), np.float64(0.9136809817909819), np.float64(0.9384187533139141)]",0.9130704825008408,0.017764935989578,"[array([0.        , 0.15121391, 0.15121391, 0.18813916, 0.26090785,
       0.26090785, 0.26090785, 0.29626457, 0.29626457, 0.29626457,
       0.29626457, 0.29626457, 0.29626457, 0.29626457, 0.32912297,
       0.32912297, 0.36118645, 0.3925758 , 0.3925758 , 0.42333896,
       0.42333896, 0.42333896, 0.42333896, 0.42333896, 0.45238656,
       0.45238656, 0.45238656, 0.48030495, 0.48030495, 0.50719814,
       0.50719814, 0.5336031 , 0.5336031 , 0.5336031 , 0.55872391,
       0.55872391, 0.55872391, 0.55872391, 0.55872391, 0.58200427,
       0.60471817, 0.67218052, 0.69432891, 0.69432891, 0.69432891,
       0.69432891, 0.69432891, 0.69432891, 0.71411746, 0.75297965,
       0.75297965, 0.79032877, 0.80868915, 0.80868915, 0.80868915,
       0.80868915, 0.80868915, 0.80868915, 0.80868915, 0.82425937,
       0.85463257, 0.85463257, 0.85463257, 0.85463257, 0.85463257,
       0.86799292, 0.88110161, 0.88110161, 0.90546084, 0.90546084,
       0.91688687, 0.91688687, 0.91688687, 0.92711334, 0.93700307,
       0.93700307, 0.93700307, 0.93700307, 0.93700307, 0.93700307,
       0.94493964, 0.95247245, 0.96617322, 0.96617322, 0.96617322,
       0.96617322, 0.97738424, 0.98242536, 0.98242536, 0.98688319,
       0.98688319, 0.98688319, 0.99015896, 0.99306748, 0.99306748,
       0.99525469, 0.99525469, 0.99785588, 0.99879183, 0.99917491,
       1.        ]), array([0.        , 0.2571224 , 0.2571224 , 0.2571224 , 0.2571224 ,
       0.29787074, 0.33854349, 0.33854349, 0.33854349, 0.33854349,
       0.33854349, 0.33854349, 0.33854349, 0.33854349, 0.3756336 ,
       0.41212257, 0.41212257, 0.44810194, 0.44810194, 0.44810194,
       0.44810194, 0.44810194, 0.44810194, 0.48153541, 0.48153541,
       0.48153541, 0.48153541, 0.51304813, 0.51304813, 0.51304813,
       0.51304813, 0.51304813, 0.51304813, 0.54207602, 0.57060728,
       0.59863366, 0.62617785, 0.62617785, 0.62617785, 0.62617785,
       0.62617785, 0.62617785, 0.65112763, 0.67589315, 0.70002256,
       0.72362879, 0.74719372, 0.74719372, 0.74719372, 0.76946867,
       0.76946867, 0.76946867, 0.76946867, 0.76946867, 0.76946867,
       0.76946867, 0.76946867, 0.78811738, 0.80650958, 0.80650958,
       0.84103502, 0.84103502, 0.84103502, 0.8570324 , 0.8570324 ,
       0.88729054, 0.88729054, 0.88729054, 0.90133775, 0.90133775,
       0.90133775, 0.90133775, 0.91366189, 0.92565842, 0.94828192,
       0.94828192, 0.94828192, 0.94828192, 0.958126  , 0.958126  ,
       0.958126  , 0.958126  , 0.958126  , 0.958126  , 0.958126  ,
       0.958126  , 0.96455769, 0.97045055, 0.97045055, 0.97045055,
       0.9750561 , 0.9750561 , 0.9785699 , 0.98175194, 0.98725629,
       0.99199867, 0.99408923, 0.9972706 , 0.9984572 , 0.99895705,
       1.        ]), array([0.        , 0.22985595, 0.30537479, 0.30537479, 0.30537479,
       0.30537479, 0.30537479, 0.34118812, 0.34118812, 0.37616887,
       0.37616887, 0.37616887, 0.37616887, 0.40978517, 0.44305772,
       0.44305772, 0.44305772, 0.4750829 , 0.4750829 , 0.4750829 ,
       0.53713914, 0.53713914, 0.53713914, 0.53713914, 0.53713914,
       0.53713914, 0.53713914, 0.53713914, 0.53713914, 0.53713914,
       0.53713914, 0.56371184, 0.56371184, 0.58954571, 0.58954571,
       0.61462532, 0.61462532, 0.63908956, 0.63908956, 0.686297  ,
       0.75578079, 0.75578079, 0.75578079, 0.75578079, 0.75578079,
       0.75578079, 0.77667428, 0.7972134 , 0.7972134 , 0.81714754,
       0.8363819 , 0.8363819 , 0.85511471, 0.85511471, 0.85511471,
       0.85511471, 0.85511471, 0.87182307, 0.88814784, 0.88814784,
       0.88814784, 0.88814784, 0.88814784, 0.88814784, 0.88814784,
       0.88814784, 0.88814784, 0.90106128, 0.90106128, 0.91301993,
       0.91301993, 0.92430784, 0.93534272, 0.95624866, 0.96649875,
       0.96649875, 0.96649875, 0.96649875, 0.96649875, 0.96649875,
       0.96649875, 0.96649875, 0.97372664, 0.97372664, 0.97372664,
       0.97372664, 0.97946233, 0.97946233, 0.98427563, 0.98427563,
       0.98427563, 0.98427563, 0.98742213, 0.98742213, 0.98742213,
       0.99347345, 0.99680032, 0.99680032, 0.99765392, 0.99862664,
       1.        ]), array([0.        , 0.15223482, 0.26482611, 0.30208657, 0.30208657,
       0.33857531, 0.3743972 , 0.3743972 , 0.3743972 , 0.3743972 ,
       0.3743972 , 0.3743972 , 0.44162159, 0.4748425 , 0.4748425 ,
       0.4748425 , 0.4748425 , 0.4748425 , 0.4748425 , 0.4748425 ,
       0.4748425 , 0.4748425 , 0.4748425 , 0.5042721 , 0.5042721 ,
       0.56192075, 0.56192075, 0.56192075, 0.56192075, 0.56192075,
       0.56192075, 0.56192075, 0.56192075, 0.56192075, 0.58732332,
       0.58732332, 0.58732332, 0.58732332, 0.61125637, 0.61125637,
       0.61125637, 0.63403992, 0.65645869, 0.65645869, 0.6781598 ,
       0.69925662, 0.71993135, 0.74023443, 0.78022601, 0.78022601,
       0.78022601, 0.78022601, 0.78022601, 0.83489672, 0.83489672,
       0.86959672, 0.86959672, 0.90264604, 0.90264604, 0.90264604,
       0.91791003, 0.91791003, 0.93257753, 0.93257753, 0.93257753,
       0.93257753, 0.93257753, 0.94539443, 0.95790878, 0.95790878,
       0.95790878, 0.95790878, 0.95790878, 0.95790878, 0.96782755,
       0.96782755, 0.97726371, 0.97726371, 0.97726371, 0.97726371,
       0.97726371, 0.98464324, 0.98464324, 0.98464324, 0.98464324,
       0.98464324, 0.98464324, 0.98464324, 0.98464324, 0.98890532,
       0.98890532, 0.98890532, 0.98890532, 0.98890532, 0.98890532,
       0.99282162, 0.99282162, 0.99567272, 0.99828502, 0.99941468,
       1.        ]), array([0.        , 0.3655123 , 0.3655123 , 0.3980855 , 0.3980855 ,
       0.3980855 , 0.3980855 , 0.42926687, 0.46020625, 0.46020625,
       0.49028133, 0.49028133, 0.49028133, 0.51927337, 0.51927337,
       0.51927337, 0.51927337, 0.54700167, 0.60195365, 0.6291317 ,
       0.6291317 , 0.6291317 , 0.6291317 , 0.6291317 , 0.65473986,
       0.65473986, 0.67941041, 0.70401884, 0.72822329, 0.72822329,
       0.72822329, 0.72822329, 0.72822329, 0.72822329, 0.75020286,
       0.75020286, 0.79312637, 0.79312637, 0.81406807, 0.81406807,
       0.81406807, 0.81406807, 0.81406807, 0.8332099 , 0.87109157,
       0.87109157, 0.87109157, 0.87109157, 0.87109157, 0.87109157,
       0.8880539 , 0.90466949, 0.90466949, 0.90466949, 0.90466949,
       0.90466949, 0.90466949, 0.90466949, 0.90466949, 0.90466949,
       0.90466949, 0.91772066, 0.91772066, 0.91772066, 0.92980364,
       0.92980364, 0.94125624, 0.94125624, 0.94125624, 0.94125624,
       0.94125624, 0.94125624, 0.9508228 , 0.9508228 , 0.95974246,
       0.95974246, 0.95974246, 0.95974246, 0.95974246, 0.95974246,
       0.95974246, 0.95974246, 0.97232009, 0.97232009, 0.97778067,
       0.9830333 , 0.9830333 , 0.9830333 , 0.9830333 , 0.9830333 ,
       0.9830333 , 0.98621257, 0.9889113 , 0.9914309 , 0.9914309 ,
       0.99535014, 0.99535014, 0.99635064, 0.9981197 , 0.99960778,
       1.        ])]","[array([0.00000000e+00, 1.44645737e-05, 1.44645737e-05, 7.10428671e-04,
       2.95518051e-03, 2.95518051e-03, 2.95518051e-03, 4.88767866e-03,
       4.88767866e-03, 4.88767866e-03, 4.88767866e-03, 4.88767866e-03,
       4.88767866e-03, 4.88767866e-03, 8.78971433e-03, 8.78971433e-03,
       1.33184180e-02, 1.83785613e-02, 1.83785613e-02, 2.39323619e-02,
       2.39323619e-02, 2.39323619e-02, 2.39323619e-02, 2.39323619e-02,
       3.08386124e-02, 3.08386124e-02, 3.08386124e-02, 3.86350621e-02,
       3.86350621e-02, 4.72397219e-02, 4.72397219e-02, 5.62292770e-02,
       5.62292770e-02, 5.62292770e-02, 6.62311811e-02, 6.62311811e-02,
       6.62311811e-02, 6.62311811e-02, 6.62311811e-02, 7.76839945e-02,
       8.95833646e-02, 1.25817054e-01, 1.38162237e-01, 1.38162237e-01,
       1.38162237e-01, 1.38162237e-01, 1.38162237e-01, 1.38162237e-01,
       1.52367797e-01, 1.81342493e-01, 1.81342493e-01, 2.11510013e-01,
       2.26841449e-01, 2.26841449e-01, 2.26841449e-01, 2.26841449e-01,
       2.26841449e-01, 2.26841449e-01, 2.26841449e-01, 2.44372494e-01,
       2.80039427e-01, 2.80039427e-01, 2.80039427e-01, 2.80039427e-01,
       2.80039427e-01, 2.99312606e-01, 3.18784171e-01, 3.18784171e-01,
       3.59192178e-01, 3.59192178e-01, 3.79990263e-01, 3.79990263e-01,
       3.79990263e-01, 4.01734008e-01, 4.23743228e-01, 4.23743228e-01,
       4.23743228e-01, 4.23743228e-01, 4.23743228e-01, 4.23743228e-01,
       4.47292198e-01, 4.71159478e-01, 5.19969994e-01, 5.19969994e-01,
       5.19969994e-01, 5.19969994e-01, 5.70743291e-01, 5.96574874e-01,
       5.96574874e-01, 6.22866290e-01, 6.22866290e-01, 6.22866290e-01,
       6.50089572e-01, 6.77602369e-01, 6.77602369e-01, 7.05683810e-01,
       7.05683810e-01, 7.63244608e-01, 7.92312469e-01, 8.21816188e-01,
       1.00000000e+00]), array([0.00000000e+00, 1.04542749e-04, 1.04542749e-04, 1.04542749e-04,
       1.04542749e-04, 1.46053243e-03, 2.86458698e-03, 2.86458698e-03,
       2.86458698e-03, 2.86458698e-03, 2.86458698e-03, 2.86458698e-03,
       2.86458698e-03, 2.86458698e-03, 6.54641126e-03, 1.06104309e-02,
       1.06104309e-02, 1.49984469e-02, 1.49984469e-02, 1.49984469e-02,
       1.49984469e-02, 1.49984469e-02, 1.49984469e-02, 2.10050951e-02,
       2.10050951e-02, 2.10050951e-02, 2.10050951e-02, 2.82329188e-02,
       2.82329188e-02, 2.82329188e-02, 2.82329188e-02, 2.82329188e-02,
       2.82329188e-02, 3.70405555e-02, 4.61639354e-02, 5.56083134e-02,
       6.53592527e-02, 6.53592527e-02, 6.53592527e-02, 6.53592527e-02,
       6.53592527e-02, 6.53592527e-02, 7.67596718e-02, 8.82772420e-02,
       1.00199234e-01, 1.12453861e-01, 1.24734742e-01, 1.24734742e-01,
       1.24734742e-01, 1.37835769e-01, 1.37835769e-01, 1.37835769e-01,
       1.37835769e-01, 1.37835769e-01, 1.37835769e-01, 1.37835769e-01,
       1.37835769e-01, 1.53242287e-01, 1.68811893e-01, 1.68811893e-01,
       2.01387310e-01, 2.01387310e-01, 2.01387310e-01, 2.18479493e-01,
       2.18479493e-01, 2.53767978e-01, 2.53767978e-01, 2.53767978e-01,
       2.72100042e-01, 2.72100042e-01, 2.72100042e-01, 2.72100042e-01,
       2.91527608e-01, 3.11163457e-01, 3.51305900e-01, 3.51305900e-01,
       3.51305900e-01, 3.51305900e-01, 3.72310241e-01, 3.72310241e-01,
       3.72310241e-01, 3.72310241e-01, 3.72310241e-01, 3.72310241e-01,
       3.72310241e-01, 3.72310241e-01, 3.95484116e-01, 4.19000563e-01,
       4.19000563e-01, 4.19000563e-01, 4.43335459e-01, 4.43335459e-01,
       4.68364475e-01, 4.93604410e-01, 5.44630889e-01, 5.96141807e-01,
       6.22075690e-01, 6.74579075e-01, 7.01087675e-01, 7.28032895e-01,
       1.00000000e+00]), array([0.00000000e+00, 3.75187627e-04, 1.34401673e-03, 1.34401673e-03,
       1.34401673e-03, 1.34401673e-03, 1.34401673e-03, 3.32145943e-03,
       3.32145943e-03, 5.93765704e-03, 5.93765704e-03, 5.93765704e-03,
       5.93765704e-03, 9.60065335e-03, 1.35273720e-02, 1.35273720e-02,
       1.35273720e-02, 1.84110681e-02, 1.84110681e-02, 1.84110681e-02,
       2.97083381e-02, 2.97083381e-02, 2.97083381e-02, 2.97083381e-02,
       2.97083381e-02, 2.97083381e-02, 2.97083381e-02, 2.97083381e-02,
       2.97083381e-02, 2.97083381e-02, 2.97083381e-02, 3.87751471e-02,
       3.87751471e-02, 4.84087766e-02, 4.84087766e-02, 5.86210811e-02,
       5.86210811e-02, 6.93054869e-02, 6.93054869e-02, 9.19946746e-02,
       1.27046813e-01, 1.27046813e-01, 1.27046813e-01, 1.27046813e-01,
       1.27046813e-01, 1.27046813e-01, 1.40470683e-01, 1.54166424e-01,
       1.54166424e-01, 1.68326301e-01, 1.83023050e-01, 1.83023050e-01,
       1.98104581e-01, 1.98104581e-01, 1.98104581e-01, 1.98104581e-01,
       1.98104581e-01, 2.14739261e-01, 2.31668231e-01, 2.31668231e-01,
       2.31668231e-01, 2.31668231e-01, 2.31668231e-01, 2.31668231e-01,
       2.31668231e-01, 2.31668231e-01, 2.31668231e-01, 2.51214352e-01,
       2.51214352e-01, 2.71492985e-01, 2.71492985e-01, 2.92286204e-01,
       3.13273550e-01, 3.56141115e-01, 3.77730548e-01, 3.77730548e-01,
       3.77730548e-01, 3.77730548e-01, 3.77730548e-01, 3.77730548e-01,
       3.77730548e-01, 3.77730548e-01, 4.01638591e-01, 4.01638591e-01,
       4.01638591e-01, 4.01638591e-01, 4.26691451e-01, 4.26691451e-01,
       4.52451957e-01, 4.52451957e-01, 4.52451957e-01, 4.52451957e-01,
       4.79491222e-01, 4.79491222e-01, 4.79491222e-01, 5.63208429e-01,
       6.19562560e-01, 6.19562560e-01, 6.48360936e-01, 7.06521159e-01,
       1.00000000e+00]), array([0.00000000e+00, 1.26935290e-04, 1.45453865e-03, 2.10699999e-03,
       2.10699999e-03, 3.35957569e-03, 5.13070685e-03, 5.13070685e-03,
       5.13070685e-03, 5.13070685e-03, 5.13070685e-03, 5.13070685e-03,
       1.21095945e-02, 1.59033020e-02, 1.59033020e-02, 1.59033020e-02,
       1.59033020e-02, 1.59033020e-02, 1.59033020e-02, 1.59033020e-02,
       1.59033020e-02, 1.59033020e-02, 1.59033020e-02, 2.26452278e-02,
       2.26452278e-02, 3.70704224e-02, 3.70704224e-02, 3.70704224e-02,
       3.70704224e-02, 3.70704224e-02, 3.70704224e-02, 3.70704224e-02,
       3.70704224e-02, 3.70704224e-02, 4.69438499e-02, 4.69438499e-02,
       4.69438499e-02, 4.69438499e-02, 5.79600117e-02, 5.79600117e-02,
       5.79600117e-02, 6.98700539e-02, 8.20637557e-02, 8.20637557e-02,
       9.48155264e-02, 1.08037201e-01, 1.21587110e-01, 1.35426018e-01,
       1.63581746e-01, 1.63581746e-01, 1.63581746e-01, 1.63581746e-01,
       1.63581746e-01, 2.09949702e-01, 2.09949702e-01, 2.42220279e-01,
       2.42220279e-01, 2.75774468e-01, 2.75774468e-01, 2.75774468e-01,
       2.93531886e-01, 2.93531886e-01, 3.11753151e-01, 3.11753151e-01,
       3.11753151e-01, 3.11753151e-01, 3.11753151e-01, 3.31413485e-01,
       3.51309083e-01, 3.51309083e-01, 3.51309083e-01, 3.51309083e-01,
       3.51309083e-01, 3.51309083e-01, 3.73223074e-01, 3.73223074e-01,
       3.95512346e-01, 3.95512346e-01, 3.95512346e-01, 3.95512346e-01,
       3.95512346e-01, 4.19400898e-01, 4.19400898e-01, 4.19400898e-01,
       4.19400898e-01, 4.19400898e-01, 4.19400898e-01, 4.19400898e-01,
       4.19400898e-01, 4.45713649e-01, 4.45713649e-01, 4.45713649e-01,
       4.45713649e-01, 4.45713649e-01, 4.45713649e-01, 5.01922332e-01,
       5.01922332e-01, 5.58959338e-01, 6.45809084e-01, 7.04184721e-01,
       1.00000000e+00]), array([0.00000000e+00, 5.01912829e-04, 5.01912829e-04, 1.20507238e-03,
       1.20507238e-03, 1.20507238e-03, 1.20507238e-03, 3.30505629e-03,
       5.64789603e-03, 5.64789603e-03, 8.85812833e-03, 8.85812833e-03,
       8.85812833e-03, 1.31552802e-02, 1.31552802e-02, 1.31552802e-02,
       1.31552802e-02, 1.87206931e-02, 3.03579578e-02, 3.64755877e-02,
       3.64755877e-02, 3.64755877e-02, 3.64755877e-02, 3.64755877e-02,
       4.41687397e-02, 4.41687397e-02, 5.28028589e-02, 6.14993248e-02,
       7.06012092e-02, 7.06012092e-02, 7.06012092e-02, 7.06012092e-02,
       7.06012092e-02, 7.06012092e-02, 8.19359423e-02, 8.19359423e-02,
       1.05644758e-01, 1.05644758e-01, 1.18021077e-01, 1.18021077e-01,
       1.18021077e-01, 1.18021077e-01, 1.18021077e-01, 1.32203718e-01,
       1.60972423e-01, 1.60972423e-01, 1.60972423e-01, 1.60972423e-01,
       1.60972423e-01, 1.60972423e-01, 1.77342363e-01, 1.94060294e-01,
       1.94060294e-01, 1.94060294e-01, 1.94060294e-01, 1.94060294e-01,
       1.94060294e-01, 1.94060294e-01, 1.94060294e-01, 1.94060294e-01,
       1.94060294e-01, 2.14355407e-01, 2.14355407e-01, 2.14355407e-01,
       2.35622173e-01, 2.35622173e-01, 2.57521584e-01, 2.57521584e-01,
       2.57521584e-01, 2.57521584e-01, 2.57521584e-01, 2.57521584e-01,
       2.81313786e-01, 2.81313786e-01, 3.05755204e-01, 3.05755204e-01,
       3.05755204e-01, 3.05755204e-01, 3.05755204e-01, 3.05755204e-01,
       3.05755204e-01, 3.05755204e-01, 3.59918571e-01, 3.59918571e-01,
       3.87831465e-01, 4.15953037e-01, 4.15953037e-01, 4.15953037e-01,
       4.15953037e-01, 4.15953037e-01, 4.15953037e-01, 4.46155406e-01,
       4.76840035e-01, 5.07704438e-01, 5.07704438e-01, 5.70557205e-01,
       5.70557205e-01, 6.02946149e-01, 6.67956795e-01, 7.66642463e-01,
       1.00000000e+00])]",0.0135632622429233,0.0322533498046845,0.0134599293037995,0.0121454001955804,"[{'lambda_reg': 1.6880662060475095e-05, 'gamma': 0.06830612456429602}, {'lambda_reg': 0.0022141600155878285, 'gamma': 0.22116782686122965}, {'lambda_reg': 0.006416142338745782, 'gamma': 0.2174947481838516}, {'lambda_reg': 0.00010795077434618915, 'gamma': 0.08091524643214541}, {'lambda_reg': 0.005659184736234537, 'gamma': 0.17763736948486028}]",300,2,rbf,92
"[np.float64(0.04507051591749263), np.float64(0.06677814733328417), np.float64(0.060535602234276835), np.float64(0.08433836402527262), np.float64(0.12053172817607036)]",0.0754508715372793,0.0258144090348616,"[np.float64(0.8095374831553703), np.float64(0.8015635349392414), np.float64(0.8063145309356152), np.float64(0.8009203791922467), np.float64(0.7790641038768636)]",0.7994800064198674,0.0106872672381804,"[np.float64(0.9556582249063217), np.float64(0.9193063263088077), np.float64(0.9590548686827337), np.float64(0.9732368686377857), np.float64(0.9486142546041987)]",0.9511741086279696,0.0178386516287178,"[array([0.        , 0.55663032, 0.59729879, 0.61750497, 0.66729864,
       0.70667592, 0.71647694, 0.74538068, 0.77397878, 0.78340378,
       0.78340378, 0.79263501, 0.79263501, 0.81069212, 0.81069212,
       0.82835166, 0.84575338, 0.85441815, 0.86293519, 0.87974979,
       0.88808866, 0.89627105, 0.89627105, 0.91233401, 0.91233401,
       0.91233401, 0.9199731 , 0.92750665, 0.92750665, 0.92750665,
       0.93481613, 0.93481613, 0.93481613, 0.94178437, 0.94178437,
       0.94178437, 0.94178437, 0.94178437, 0.94823173, 0.94823173,
       0.94823173, 0.94823173, 0.94823173, 0.95415497, 0.95415497,
       0.95415497, 0.95977604, 0.95977604, 0.95977604, 0.95977604,
       0.95977604, 0.95977604, 0.95977604, 0.95977604, 0.95977604,
       0.95977604, 0.96435675, 0.96886489, 0.96886489, 0.96886489,
       0.96886489, 0.96886489, 0.96886489, 0.96886489, 0.96886489,
       0.96886489, 0.96886489, 0.97234057, 0.97567205, 0.97567205,
       0.97885172, 0.97885172, 0.98176722, 0.98176722, 0.98176722,
       0.98444497, 0.98444497, 0.98685702, 0.99154482, 0.99154482,
       0.99154482, 0.99154482, 0.99154482, 0.99334834, 0.99334834,
       0.99334834, 0.99334834, 0.99334834, 0.99334834, 0.99455177,
       0.99567685, 0.99668439, 0.99668439, 0.99824016, 0.99889057,
       0.99889057, 0.99889057, 0.99988528, 0.99988528, 1.        ,
       1.        ]), array([0.        , 0.50151916, 0.52220103, 0.5527667 , 0.61335761,
       0.6233414 , 0.63323834, 0.64303822, 0.64303822, 0.64303822,
       0.68078375, 0.68078375, 0.6900876 , 0.6900876 , 0.69917473,
       0.7080677 , 0.72575719, 0.75205975, 0.75205975, 0.76053319,
       0.77739728, 0.77739728, 0.78560769, 0.80995878, 0.8179294 ,
       0.83380043, 0.84938036, 0.86479448, 0.86479448, 0.86479448,
       0.87948433, 0.88676798, 0.89395822, 0.90103949, 0.90103949,
       0.90790829, 0.90790829, 0.90790829, 0.91444595, 0.92089983,
       0.92089983, 0.92089983, 0.92089983, 0.92089983, 0.92089983,
       0.92089983, 0.92664896, 0.92664896, 0.92664896, 0.93208659,
       0.93740805, 0.93740805, 0.93740805, 0.94242411, 0.94730839,
       0.94730839, 0.95199461, 0.96107262, 0.96107262, 0.96107262,
       0.96107262, 0.96107262, 0.96919856, 0.96919856, 0.97303543,
       0.97303543, 0.97303543, 0.9765814 , 0.9765814 , 0.97989422,
       0.9830683 , 0.9830683 , 0.9830683 , 0.98597641, 0.98597641,
       0.98597641, 0.98597641, 0.98846056, 0.98846056, 0.98846056,
       0.98846056, 0.99258821, 0.99448743, 0.99448743, 0.99791306,
       0.99791306, 0.99791306, 0.99791306, 0.99791306, 0.99791306,
       0.99791306, 0.99895111, 0.99895111, 0.99895111, 0.99895111,
       0.99953551, 1.        , 1.        , 1.        , 1.        ,
       1.        ]), array([0.        , 0.61329976, 0.65510367, 0.66544879, 0.68591476,
       0.70621718, 0.70621718, 0.72603292, 0.73578982, 0.75513802,
       0.76476598, 0.77419464, 0.80241619, 0.83021278, 0.83937587,
       0.84847029, 0.84847029, 0.86615023, 0.87486006, 0.87486006,
       0.87486006, 0.87486006, 0.88316881, 0.88316881, 0.88316881,
       0.88316881, 0.89106338, 0.8988833 , 0.9065694 , 0.9065694 ,
       0.9065694 , 0.9065694 , 0.92102603, 0.92102603, 0.92808636,
       0.93500683, 0.93500683, 0.93500683, 0.93500683, 0.93500683,
       0.93500683, 0.93500683, 0.93500683, 0.93500683, 0.93500683,
       0.93500683, 0.94082227, 0.94082227, 0.94082227, 0.94082227,
       0.94619272, 0.95664498, 0.96181727, 0.96181727, 0.96181727,
       0.96658484, 0.96658484, 0.97121982, 0.97121982, 0.97121982,
       0.97121982, 0.97121982, 0.97532817, 0.97532817, 0.97532817,
       0.97532817, 0.97532817, 0.97532817, 0.97532817, 0.97532817,
       0.97860653, 0.98176894, 0.98483159, 0.98483159, 0.98483159,
       0.98483159, 0.98483159, 0.98483159, 0.98483159, 0.98483159,
       0.9869856 , 0.9869856 , 0.9869856 , 0.9869856 , 0.9869856 ,
       0.98859783, 0.98859783, 0.99008034, 0.99142148, 0.99259599,
       0.99259599, 0.993568  , 0.99537661, 0.99697044, 0.9982939 ,
       0.99890711, 0.99934131, 0.99971312, 1.        , 1.        ,
       1.        ]), array([0.        , 0.57070154, 0.62586343, 0.64771612, 0.71263856,
       0.72338025, 0.72338025, 0.73385583, 0.73385583, 0.75434655,
       0.77462641, 0.79465378, 0.79465378, 0.81430608, 0.86285498,
       0.8724423 , 0.89130123, 0.89130123, 0.90055899, 0.90055899,
       0.90055899, 0.90947323, 0.90947323, 0.90947323, 0.90947323,
       0.91788167, 0.91788167, 0.91788167, 0.91788167, 0.91788167,
       0.93365223, 0.94140968, 0.94140968, 0.94140968, 0.94889951,
       0.94889951, 0.95613339, 0.96325476, 0.96325476, 0.96325476,
       0.96325476, 0.96325476, 0.96325476, 0.96968406, 0.96968406,
       0.96968406, 0.96968406, 0.96968406, 0.96968406, 0.96968406,
       0.96968406, 0.96968406, 0.96968406, 0.97495291, 0.97495291,
       0.97495291, 0.97495291, 0.97495291, 0.97495291, 0.97495291,
       0.97945436, 0.97945436, 0.97945436, 0.98364261, 0.98364261,
       0.98364261, 0.98364261, 0.98364261, 0.98364261, 0.98364261,
       0.98364261, 0.98364261, 0.98364261, 0.98364261, 0.98364261,
       0.98364261, 0.98364261, 0.98364261, 0.98364261, 0.98603211,
       0.98603211, 0.98819638, 0.98819638, 0.98819638, 0.98819638,
       0.98819638, 0.98981906, 0.98981906, 0.99263559, 0.99263559,
       0.99263559, 0.99368359, 0.99368359, 0.99536629, 0.99536629,
       0.99654953, 0.99804073, 0.99878162, 0.99878162, 0.99965337,
       1.        ]), array([0.        , 0.52471464, 0.59583132, 0.63604547, 0.69564342,
       0.69564342, 0.70532348, 0.72463746, 0.74365161, 0.76247205,
       0.7717678 , 0.80866217, 0.80866217, 0.80866217, 0.81752214,
       0.82635922, 0.82635922, 0.82635922, 0.83485673, 0.83485673,
       0.8431965 , 0.8431965 , 0.85130423, 0.85928016, 0.85928016,
       0.86701599, 0.88242846, 0.88242846, 0.88991846, 0.88991846,
       0.88991846, 0.88991846, 0.90407041, 0.91097058, 0.91782735,
       0.91782735, 0.924469  , 0.924469  , 0.924469  , 0.93079361,
       0.93079361, 0.93691885, 0.94297456, 0.94297456, 0.94297456,
       0.94866032, 0.94866032, 0.9596899 , 0.9596899 , 0.9596899 ,
       0.9596899 , 0.9596899 , 0.9596899 , 0.96457513, 0.96457513,
       0.96457513, 0.96457513, 0.96457513, 0.96457513, 0.96457513,
       0.96457513, 0.972674  , 0.972674  , 0.97655598, 0.98032845,
       0.98032845, 0.98387624, 0.98387624, 0.98387624, 0.98387624,
       0.98387624, 0.98387624, 0.98685115, 0.98685115, 0.98685115,
       0.98946706, 0.99194764, 0.99194764, 0.99194764, 0.99194764,
       0.99194764, 0.99194764, 0.99194764, 0.99372042, 0.99372042,
       0.99372042, 0.99372042, 0.99506311, 0.99506311, 0.99627879,
       0.99627879, 0.99627879, 0.99712896, 0.99789106, 0.99789106,
       0.99789106, 0.99930337, 1.        , 1.        , 1.        ,
       1.        ])]","[array([0.        , 0.00262764, 0.00518609, 0.00700257, 0.014572  ,
       0.02254769, 0.02472329, 0.03334499, 0.043249  , 0.04700218,
       0.04700218, 0.05156835, 0.05156835, 0.06240135, 0.06240135,
       0.07490238, 0.08848509, 0.09542788, 0.10299044, 0.11903644,
       0.12734656, 0.13631318, 0.13631318, 0.1555127 , 0.1555127 ,
       0.1555127 , 0.16675878, 0.17844763, 0.17844763, 0.17844763,
       0.1910766 , 0.1910766 , 0.1910766 , 0.20513724, 0.20513724,
       0.20513724, 0.20513724, 0.20513724, 0.22138328, 0.22138328,
       0.22138328, 0.22138328, 0.22138328, 0.23982826, 0.23982826,
       0.23982826, 0.25954101, 0.25954101, 0.25954101, 0.25954101,
       0.25954101, 0.25954101, 0.25954101, 0.25954101, 0.25954101,
       0.25954101, 0.28361866, 0.30800076, 0.30800076, 0.30800076,
       0.30800076, 0.30800076, 0.30800076, 0.30800076, 0.30800076,
       0.30800076, 0.30800076, 0.33671459, 0.36603344, 0.36603344,
       0.39598919, 0.39598919, 0.42705326, 0.42705326, 0.42705326,
       0.45911488, 0.45911488, 0.49229123, 0.55921575, 0.55921575,
       0.55921575, 0.55921575, 0.55921575, 0.59494522, 0.59494522,
       0.59494522, 0.59494522, 0.59494522, 0.59494522, 0.63319238,
       0.67176828, 0.71083731, 0.71083731, 0.79090243, 0.83146984,
       0.83146984, 0.83146984, 0.9571851 , 0.9571851 , 1.        ,
       1.        ]), array([0.        , 0.00198911, 0.00291395, 0.00609346, 0.01457127,
       0.01643393, 0.01863707, 0.02122072, 0.02122072, 0.02122072,
       0.03725581, 0.03725581, 0.04178421, 0.04178421, 0.04716223,
       0.05330148, 0.06595811, 0.08585139, 0.08585139, 0.09363541,
       0.10952808, 0.10952808, 0.11834331, 0.1458874 , 0.1556428 ,
       0.17542877, 0.19635605, 0.21793338, 0.21793338, 0.21793338,
       0.24235028, 0.25479893, 0.26761381, 0.28085594, 0.28085594,
       0.29493105, 0.29493105, 0.29493105, 0.31030439, 0.32600624,
       0.32600624, 0.32600624, 0.32600624, 0.32600624, 0.32600624,
       0.32600624, 0.34447104, 0.34447104, 0.34447104, 0.36415712,
       0.38429868, 0.38429868, 0.38429868, 0.40563754, 0.42749307,
       0.42749307, 0.45012508, 0.49654343, 0.49654343, 0.49654343,
       0.49654343, 0.49654343, 0.54669445, 0.54669445, 0.5726564 ,
       0.5726564 , 0.5726564 , 0.59975883, 0.59975883, 0.62777534,
       0.65633579, 0.65633579, 0.65633579, 0.68593897, 0.68593897,
       0.68593897, 0.68593897, 0.71720429, 0.71720429, 0.71720429,
       0.71720429, 0.78303079, 0.81658939, 0.81658939, 0.88516821,
       0.88516821, 0.88516821, 0.88516821, 0.88516821, 0.88516821,
       0.88516821, 0.92210308, 0.92210308, 0.92210308, 0.92210308,
       0.96081649, 1.        , 1.        , 1.        , 1.        ,
       1.        ]), array([0.        , 0.00336013, 0.00541116, 0.00631484, 0.00895046,
       0.01219011, 0.01219011, 0.01722705, 0.02030311, 0.02706672,
       0.0306189 , 0.03490714, 0.04800976, 0.06268181, 0.0679508 ,
       0.0734734 , 0.0734734 , 0.08639799, 0.09334093, 0.09334093,
       0.09334093, 0.09334093, 0.10176503, 0.10176503, 0.10176503,
       0.10176503, 0.11171874, 0.12194816, 0.13267176, 0.13267176,
       0.13267176, 0.13267176, 0.1575002 , 0.1575002 , 0.17053481,
       0.18408592, 0.18408592, 0.18408592, 0.18408592, 0.18408592,
       0.18408592, 0.18408592, 0.18408592, 0.18408592, 0.18408592,
       0.18408592, 0.20171798, 0.20171798, 0.20171798, 0.20171798,
       0.22099341, 0.26061022, 0.28061745, 0.28061745, 0.28061745,
       0.30211935, 0.30211935, 0.32411091, 0.32411091, 0.32411091,
       0.32411091, 0.32411091, 0.34804732, 0.34804732, 0.34804732,
       0.34804732, 0.34804732, 0.34804732, 0.34804732, 0.34804732,
       0.37504897, 0.40247882, 0.43027708, 0.43027708, 0.43027708,
       0.43027708, 0.43027708, 0.43027708, 0.43027708, 0.43027708,
       0.46143098, 0.46143098, 0.46143098, 0.46143098, 0.46143098,
       0.49458573, 0.49458573, 0.52821952, 0.56237541, 0.59714668,
       0.59714668, 0.63266577, 0.70420409, 0.77653557, 0.84986553,
       0.88670973, 0.92421501, 0.96195068, 1.        , 1.        ,
       1.        ]), array([0.        , 0.00106542, 0.00346625, 0.00504362, 0.01162516,
       0.01295109, 0.01295109, 0.01505135, 0.01505135, 0.02059152,
       0.02674519, 0.03363353, 0.03363353, 0.04161315, 0.06325523,
       0.06793993, 0.07822799, 0.07822799, 0.08387159, 0.08387159,
       0.08387159, 0.09051472, 0.09051472, 0.09051472, 0.09051472,
       0.09862952, 0.09862952, 0.09862952, 0.09862952, 0.09862952,
       0.11790351, 0.12791242, 0.12791242, 0.12791242, 0.13870004,
       0.13870004, 0.15023234, 0.16209202, 0.16209202, 0.16209202,
       0.16209202, 0.16209202, 0.16209202, 0.17596534, 0.17596534,
       0.17596534, 0.17596534, 0.17596534, 0.17596534, 0.17596534,
       0.17596534, 0.17596534, 0.17596534, 0.19321513, 0.19321513,
       0.19321513, 0.19321513, 0.19321513, 0.19321513, 0.19321513,
       0.21269775, 0.21269775, 0.21269775, 0.23309164, 0.23309164,
       0.23309164, 0.23309164, 0.23309164, 0.23309164, 0.23309164,
       0.23309164, 0.23309164, 0.23309164, 0.23309164, 0.23309164,
       0.23309164, 0.23309164, 0.23309164, 0.23309164, 0.25871921,
       0.25871921, 0.28500211, 0.28500211, 0.28500211, 0.28500211,
       0.28500211, 0.31286083, 0.31286083, 0.36982597, 0.36982597,
       0.36982597, 0.39935678, 0.39935678, 0.45962096, 0.45962096,
       0.52133833, 0.61473977, 0.67774421, 0.67774421, 0.83810817,
       1.        ]), array([0.        , 0.00169035, 0.00575565, 0.00987849, 0.01913318,
       0.01913318, 0.02174934, 0.02717762, 0.03387871, 0.04140216,
       0.04564985, 0.06386584, 0.06386584, 0.06386584, 0.06996346,
       0.07615831, 0.07615831, 0.07615831, 0.08379467, 0.08379467,
       0.09210068, 0.09210068, 0.10139173, 0.11124231, 0.11124231,
       0.12211219, 0.14410319, 0.14410319, 0.15601664, 0.15601664,
       0.15601664, 0.15601664, 0.1833588 , 0.19777624, 0.21237787,
       0.21237787, 0.22789278, 0.22789278, 0.22789278, 0.24475354,
       0.24475354, 0.26246073, 0.28046302, 0.28046302, 0.28046302,
       0.30003586, 0.30003586, 0.34063314, 0.34063314, 0.34063314,
       0.34063314, 0.34063314, 0.34063314, 0.36360443, 0.36360443,
       0.36360443, 0.36360443, 0.36360443, 0.36360443, 0.36360443,
       0.36360443, 0.41664321, 0.41664321, 0.44387348, 0.47156862,
       0.47156862, 0.50021758, 0.50021758, 0.50021758, 0.50021758,
       0.50021758, 0.50021758, 0.53129856, 0.53129856, 0.53129856,
       0.56390358, 0.59708308, 0.59708308, 0.59708308, 0.59708308,
       0.59708308, 0.59708308, 0.59708308, 0.63326734, 0.63326734,
       0.63326734, 0.63326734, 0.67127744, 0.67127744, 0.70982668,
       0.70982668, 0.70982668, 0.74992761, 0.79040246, 0.79040246,
       0.79040246, 0.91553717, 1.        , 1.        , 1.        ,
       1.        ])]",0.0011637072589319,0.016187412048963,0.0140769120958567,0.0036491954231462,"[{'lambda_reg': 0.00029204192463532934, 'gamma': 0.0020349549632857054}, {'lambda_reg': 0.007070745094567698, 'gamma': 0.007284384760947948}, {'lambda_reg': 0.00039536971796533737, 'gamma': 0.003964916308023642}, {'lambda_reg': 0.00022953495618788564, 'gamma': 0.006919560274170006}, {'lambda_reg': 0.07462330255958692, 'gamma': 0.2086722498718902}]",600,3,exponential,122
"[np.float64(0.049170395246071544), np.float64(0.062236091855581134), np.float64(0.0572299663928931), np.float64(0.0808886739708925), np.float64(0.11112870994775388)]",0.0721307674826384,0.0221117960134042,"[np.float64(0.8115257524708662), np.float64(0.8029308201544767), np.float64(0.8119063767870541), np.float64(0.7946807526031139), np.float64(0.7821481302346159)]",0.8006383664500254,0.0112083948303027,"[np.float64(0.9517157501679744), np.float64(0.9141044528099607), np.float64(0.9673716177834298), np.float64(0.9674641843787475), np.float64(0.9347559552516057)]",0.9470823920783435,0.0204353794557781,"[array([0.        , 0.59563696, 0.63683297, 0.65721248, 0.67738538,
       0.67738538, 0.71682566, 0.7363353 , 0.77513998, 0.78468853,
       0.78468853, 0.79403055, 0.79403055, 0.81235976, 0.81235976,
       0.83021114, 0.83021114, 0.83021114, 0.83021114, 0.83875397,
       0.84718909, 0.84718909, 0.84718909, 0.84718909, 0.84718909,
       0.86295064, 0.87850758, 0.87850758, 0.87850758, 0.89347779,
       0.89347779, 0.89347779, 0.90068274, 0.90068274, 0.90068274,
       0.9074909 , 0.9074909 , 0.92075417, 0.92075417, 0.92075417,
       0.92708994, 0.93956697, 0.95179726, 0.95179726, 0.95179726,
       0.95179726, 0.95179726, 0.95179726, 0.95179726, 0.95179726,
       0.95179726, 0.95179726, 0.95179726, 0.95671839, 0.95671839,
       0.95671839, 0.95671839, 0.95671839, 0.95671839, 0.95671839,
       0.95671839, 0.96084768, 0.96084768, 0.96084768, 0.96084768,
       0.9645966 , 0.96825144, 0.96825144, 0.97166048, 0.97817769,
       0.98133257, 0.98438554, 0.98438554, 0.98438554, 0.98438554,
       0.98438554, 0.9869264 , 0.99183808, 0.99183808, 0.99183808,
       0.99183808, 0.99391281, 0.99391281, 0.99391281, 0.99391281,
       0.99553294, 0.99553294, 0.99553294, 0.99553294, 0.99675662,
       0.99675662, 0.99675662, 0.99675662, 0.99757599, 0.99757599,
       0.99880983, 0.99925679, 0.99963208, 0.99990169, 0.99990169,
       1.        ]), array([0.        , 0.50866247, 0.5291858 , 0.54939156, 0.57952368,
       0.60925112, 0.60925112, 0.63840933, 0.63840933, 0.67641157,
       0.69528827, 0.69528827, 0.69528827, 0.69528827, 0.70423271,
       0.72207542, 0.73958095, 0.76557628, 0.76557628, 0.78253783,
       0.79925404, 0.80748511, 0.80748511, 0.80748511, 0.80748511,
       0.81528395, 0.83075462, 0.83075462, 0.83829878, 0.85314725,
       0.86052358, 0.86778165, 0.86778165, 0.88185268, 0.88185268,
       0.88185268, 0.88858655, 0.88858655, 0.88858655, 0.89497771,
       0.90751828, 0.90751828, 0.90751828, 0.90751828, 0.91334811,
       0.91915286, 0.91915286, 0.92467252, 0.93011489, 0.9354822 ,
       0.9354822 , 0.94063428, 0.94063428, 0.94560892, 0.94560892,
       0.94560892, 0.95023392, 0.9547854 , 0.9547854 , 0.95907065,
       0.95907065, 0.96314075, 0.96714777, 0.97103745, 0.97487348,
       0.97487348, 0.97845183, 0.98198073, 0.98535856, 0.98866397,
       0.98866397, 0.98866397, 0.98866397, 0.98866397, 0.98866397,
       0.98866397, 0.99125567, 0.993726  , 0.99608022, 0.99608022,
       0.99820796, 0.99820796, 0.99820796, 0.99820796, 0.99820796,
       0.99820796, 0.99820796, 0.99820796, 0.99820796, 0.99820796,
       0.99925958, 0.99925958, 0.99925958, 0.99925958, 0.99925958,
       0.99925958, 0.99925958, 1.        , 1.        , 1.        ,
       1.        ]), array([0.        , 0.66296825, 0.68365668, 0.71439118, 0.73474024,
       0.73474024, 0.74466499, 0.76438963, 0.77410423, 0.81270715,
       0.81270715, 0.81270715, 0.81270715, 0.81270715, 0.84003438,
       0.84906138, 0.84906138, 0.85786264, 0.86658561, 0.86658561,
       0.86658561, 0.87496788, 0.88327052, 0.89140103, 0.89947862,
       0.90738558, 0.90738558, 0.90738558, 0.91499114, 0.92255842,
       0.92255842, 0.92255842, 0.92255842, 0.92255842, 0.92255842,
       0.93633823, 0.93633823, 0.93633823, 0.93633823, 0.93633823,
       0.94904675, 0.94904675, 0.94904675, 0.94904675, 0.94904675,
       0.954915  , 0.954915  , 0.9605702 , 0.9605702 , 0.9605702 ,
       0.9605702 , 0.9605702 , 0.96570161, 0.96570161, 0.96570161,
       0.96570161, 0.97042097, 0.97042097, 0.97042097, 0.97042097,
       0.97042097, 0.97455829, 0.97455829, 0.97455829, 0.97455829,
       0.97832577, 0.97832577, 0.98188845, 0.98188845, 0.98516928,
       0.98516928, 0.98516928, 0.98516928, 0.98516928, 0.98516928,
       0.98516928, 0.98775541, 0.98775541, 0.9901225 , 0.9901225 ,
       0.99227466, 0.99227466, 0.99227466, 0.99227466, 0.99227466,
       0.99395699, 0.99395699, 0.99395699, 0.99395699, 0.99395699,
       0.99395699, 0.99495879, 0.99495879, 0.99571265, 0.99773206,
       0.99773206, 0.9986787 , 0.99901272, 0.99957287, 0.99990725,
       1.        ]), array([0.        , 0.58692312, 0.66322545, 0.67401978, 0.71684317,
       0.73790038, 0.74831807, 0.74831807, 0.75857821, 0.76875643,
       0.7788372 , 0.79872059, 0.79872059, 0.80838782, 0.83699464,
       0.83699464, 0.83699464, 0.83699464, 0.83699464, 0.83699464,
       0.83699464, 0.85467806, 0.87209182, 0.88062859, 0.88906766,
       0.88906766, 0.88906766, 0.88906766, 0.89712526, 0.89712526,
       0.90494984, 0.90494984, 0.90494984, 0.91242772, 0.91976715,
       0.9342263 , 0.94139072, 0.94846692, 0.95534826, 0.96219858,
       0.96219858, 0.96219858, 0.96219858, 0.96219858, 0.96841134,
       0.96841134, 0.96841134, 0.96841134, 0.96841134, 0.96841134,
       0.96841134, 0.96841134, 0.96841134, 0.96841134, 0.96841134,
       0.96841134, 0.96841134, 0.96841134, 0.96841134, 0.96841134,
       0.97292599, 0.97292599, 0.97292599, 0.97292599, 0.97292599,
       0.97292599, 0.97292599, 0.97292599, 0.97292599, 0.97292599,
       0.97634565, 0.97634565, 0.97634565, 0.97634565, 0.97634565,
       0.97634565, 0.97634565, 0.97894625, 0.97894625, 0.97894625,
       0.98119201, 0.98336532, 0.98336532, 0.98336532, 0.98516431,
       0.98860981, 0.98860981, 0.98860981, 0.98860981, 0.98990341,
       0.99110614, 0.99323514, 0.99420921, 0.99420921, 0.99563638,
       0.99804584, 0.99804584, 0.99923155, 0.99954829, 0.99989554,
       1.        ]), array([0.        , 0.512356  , 0.56396611, 0.58444351, 0.61479399,
       0.65481071, 0.66469426, 0.66469426, 0.68409086, 0.68409086,
       0.68409086, 0.70276622, 0.73981015, 0.73981015, 0.74891158,
       0.77579408, 0.77579408, 0.78450354, 0.8017746 , 0.81884711,
       0.81884711, 0.82712251, 0.82712251, 0.82712251, 0.8430827 ,
       0.85095823, 0.85095823, 0.85095823, 0.85849819, 0.8659784 ,
       0.88070867, 0.88803358, 0.89520552, 0.90935995, 0.91629918,
       0.91629918, 0.91629918, 0.91629918, 0.91629918, 0.91629918,
       0.91629918, 0.91629918, 0.91629918, 0.92227405, 0.92227405,
       0.92809826, 0.92809826, 0.92809826, 0.95020556, 0.9610101 ,
       0.9610101 , 0.9610101 , 0.96611053, 0.96611053, 0.96611053,
       0.96611053, 0.96611053, 0.97064925, 0.97064925, 0.97500536,
       0.97921423, 0.97921423, 0.98321885, 0.98321885, 0.98321885,
       0.98321885, 0.98686969, 0.98686969, 0.98686969, 0.98686969,
       0.98686969, 0.98686969, 0.98983607, 0.98983607, 0.99265243,
       0.99265243, 0.99518866, 0.99518866, 0.99518866, 0.99518866,
       0.99518866, 0.99518866, 0.99518866, 0.99518866, 0.99518866,
       0.99518866, 0.99518866, 0.99518866, 0.99518866, 0.99636682,
       0.99865877, 0.99865877, 0.99865877, 0.99865877, 0.99865877,
       0.99865877, 0.99915353, 0.99915353, 0.99961201, 0.9998205 ,
       1.        ])]","[array([0.        , 0.00271915, 0.00527095, 0.00740223, 0.01034238,
       0.01034238, 0.01976763, 0.02530438, 0.03721798, 0.04079387,
       0.04079387, 0.04517831, 0.04517831, 0.05533627, 0.05533627,
       0.06736493, 0.06736493, 0.06736493, 0.06736493, 0.07487809,
       0.08281295, 0.08281295, 0.08281295, 0.08281295, 0.08281295,
       0.10302306, 0.12403418, 0.12403418, 0.12403418, 0.14734228,
       0.14734228, 0.14734228, 0.16009311, 0.16009311, 0.16009311,
       0.17439733, 0.17439733, 0.20438796, 0.20438796, 0.20438796,
       0.22054152, 0.2536102 , 0.28764477, 0.28764477, 0.28764477,
       0.28764477, 0.28764477, 0.28764477, 0.28764477, 0.28764477,
       0.28764477, 0.28764477, 0.28764477, 0.30933652, 0.30933652,
       0.30933652, 0.30933652, 0.30933652, 0.30933652, 0.30933652,
       0.30933652, 0.33412826, 0.33412826, 0.33412826, 0.33412826,
       0.36040906, 0.38705821, 0.38705821, 0.41466962, 0.47107033,
       0.49967675, 0.52868215, 0.52868215, 0.52868215, 0.52868215,
       0.52868215, 0.5596924 , 0.62237857, 0.62237857, 0.62237857,
       0.62237857, 0.65521371, 0.65521371, 0.65521371, 0.65521371,
       0.6898285 , 0.6898285 , 0.6898285 , 0.6898285 , 0.72599536,
       0.72599536, 0.72599536, 0.72599536, 0.76374507, 0.76374507,
       0.84082962, 0.88003727, 0.91952549, 0.95942742, 0.95942742,
       1.        ]), array([0.        , 0.00281495, 0.00389346, 0.00625552, 0.01051211,
       0.01640438, 0.01640438, 0.02459737, 0.02459737, 0.03905953,
       0.04679353, 0.04679353, 0.04679353, 0.04679353, 0.05265684,
       0.06457006, 0.07784617, 0.09882317, 0.09882317, 0.11429793,
       0.13076437, 0.13951102, 0.13951102, 0.13951102, 0.13951102,
       0.15000471, 0.17150547, 0.17150547, 0.18302853, 0.20704414,
       0.21924557, 0.23192498, 0.23192498, 0.25908289, 0.25908289,
       0.25908289, 0.27388109, 0.27388109, 0.27388109, 0.29006443,
       0.32340828, 0.32340828, 0.32340828, 0.32340828, 0.34186049,
       0.36041406, 0.36041406, 0.38011992, 0.40013819, 0.42045984,
       0.42045984, 0.4416514 , 0.4416514 , 0.46356019, 0.46356019,
       0.46356019, 0.48688215, 0.51050127, 0.51050127, 0.5351965 ,
       0.5351965 , 0.5607613 , 0.58658108, 0.61287511, 0.63938602,
       0.63938602, 0.66693843, 0.69469069, 0.72305357, 0.75170917,
       0.75170917, 0.75170917, 0.75170917, 0.75170917, 0.75170917,
       0.75170917, 0.78324953, 0.8152804 , 0.84778061, 0.84778061,
       0.8811962 , 0.8811962 , 0.8811962 , 0.8811962 , 0.8811962 ,
       0.8811962 , 0.8811962 , 0.8811962 , 0.8811962 , 0.8811962 ,
       0.91896135, 0.91896135, 0.91896135, 0.91896135, 0.91896135,
       0.91896135, 0.91896135, 1.        , 1.        , 1.        ,
       1.        ]), array([0.        , 0.00184098, 0.00325758, 0.00651306, 0.00921653,
       0.00921653, 0.01151541, 0.0165866 , 0.01968234, 0.03303403,
       0.03303403, 0.03303403, 0.03303403, 0.03303403, 0.04920945,
       0.05491247, 0.05491247, 0.06147148, 0.06832735, 0.06832735,
       0.06832735, 0.07647513, 0.08492487, 0.09402728, 0.10333036,
       0.11328044, 0.11328044, 0.11328044, 0.12437342, 0.13561151,
       0.13561151, 0.13561151, 0.13561151, 0.13561151, 0.13561151,
       0.1632248 , 0.1632248 , 0.1632248 , 0.1632248 , 0.1632248 ,
       0.19490028, 0.19490028, 0.19490028, 0.19490028, 0.19490028,
       0.21258092, 0.21258092, 0.23106943, 0.23106943, 0.23106943,
       0.23106943, 0.23106943, 0.25154406, 0.25154406, 0.25154406,
       0.25154406, 0.27358115, 0.27358115, 0.27358115, 0.27358115,
       0.27358115, 0.29782525, 0.29782525, 0.29782525, 0.29782525,
       0.32347174, 0.32347174, 0.34989484, 0.34989484, 0.37738665,
       0.37738665, 0.37738665, 0.37738665, 0.37738665, 0.37738665,
       0.37738665, 0.40751269, 0.40751269, 0.4384693 , 0.4384693 ,
       0.47024088, 0.47024088, 0.47024088, 0.47024088, 0.47024088,
       0.50379404, 0.50379404, 0.50379404, 0.50379404, 0.50379404,
       0.50379404, 0.53992766, 0.53992766, 0.57700147, 0.68914109,
       0.68914109, 0.76541622, 0.80408197, 0.88182262, 0.96041936,
       1.        ]), array([0.00000000e+00, 7.86300881e-04, 4.58038427e-03, 5.44413137e-03,
       9.97338395e-03, 1.33139467e-02, 1.53208583e-02, 1.53208583e-02,
       1.78059777e-02, 2.05397314e-02, 2.35692817e-02, 3.04725743e-02,
       3.04725743e-02, 3.47572956e-02, 4.88099244e-02, 4.88099244e-02,
       4.88099244e-02, 4.88099244e-02, 4.88099244e-02, 4.88099244e-02,
       4.88099244e-02, 6.23905587e-02, 7.67896604e-02, 8.45055061e-02,
       9.25179184e-02, 9.25179184e-02, 9.25179184e-02, 9.25179184e-02,
       1.01688171e-01, 1.01688171e-01, 1.11565638e-01, 1.11565638e-01,
       1.11565638e-01, 1.22495461e-01, 1.33845455e-01, 1.57212342e-01,
       1.69093547e-01, 1.81242524e-01, 1.93982925e-01, 2.06817470e-01,
       2.06817470e-01, 2.06817470e-01, 2.06817470e-01, 2.06817470e-01,
       2.21587141e-01, 2.21587141e-01, 2.21587141e-01, 2.21587141e-01,
       2.21587141e-01, 2.21587141e-01, 2.21587141e-01, 2.21587141e-01,
       2.21587141e-01, 2.21587141e-01, 2.21587141e-01, 2.21587141e-01,
       2.21587141e-01, 2.21587141e-01, 2.21587141e-01, 2.21587141e-01,
       2.41510882e-01, 2.41510882e-01, 2.41510882e-01, 2.41510882e-01,
       2.41510882e-01, 2.41510882e-01, 2.41510882e-01, 2.41510882e-01,
       2.41510882e-01, 2.41510882e-01, 2.64758134e-01, 2.64758134e-01,
       2.64758134e-01, 2.64758134e-01, 2.64758134e-01, 2.64758134e-01,
       2.64758134e-01, 2.90491372e-01, 2.90491372e-01, 2.90491372e-01,
       3.17301643e-01, 3.44331785e-01, 3.44331785e-01, 3.44331785e-01,
       3.72498072e-01, 4.29293429e-01, 4.29293429e-01, 4.29293429e-01,
       4.29293429e-01, 4.58993681e-01, 4.88969710e-01, 5.49760890e-01,
       5.80430970e-01, 5.80430970e-01, 6.43352337e-01, 7.70545372e-01,
       7.70545372e-01, 8.67826196e-01, 9.00491364e-01, 9.66690495e-01,
       1.00000000e+00]), array([0.        , 0.00269984, 0.00559231, 0.00739914, 0.01153508,
       0.01880674, 0.02109502, 0.02109502, 0.0271164 , 0.0271164 ,
       0.0271164 , 0.03595023, 0.05481421, 0.05481421, 0.06015234,
       0.07781159, 0.07781159, 0.08467822, 0.09898808, 0.11407216,
       0.11407216, 0.12263143, 0.12263143, 0.12263143, 0.14205296,
       0.15217151, 0.15217151, 0.15217151, 0.16359858, 0.17525863,
       0.19947623, 0.21174186, 0.22460403, 0.2510671 , 0.26483668,
       0.26483668, 0.26483668, 0.26483668, 0.26483668, 0.26483668,
       0.26483668, 0.26483668, 0.26483668, 0.28236679, 0.28236679,
       0.30048436, 0.30048436, 0.30048436, 0.37759332, 0.41711918,
       0.41711918, 0.41711918, 0.43805914, 0.43805914, 0.43805914,
       0.43805914, 0.43805914, 0.46118945, 0.46118945, 0.48503188,
       0.50944842, 0.50944842, 0.53466144, 0.53466144, 0.53466144,
       0.53466144, 0.56125404, 0.56125404, 0.56125404, 0.56125404,
       0.56125404, 0.56125404, 0.59051565, 0.59051565, 0.62036229,
       0.62036229, 0.65130127, 0.65130127, 0.65130127, 0.65130127,
       0.65130127, 0.65130127, 0.65130127, 0.65130127, 0.65130127,
       0.65130127, 0.65130127, 0.65130127, 0.65130127, 0.687536  ,
       0.76025649, 0.76025649, 0.76025649, 0.76025649, 0.76025649,
       0.76025649, 0.79915612, 0.79915612, 0.87902614, 0.91904207,
       1.        ])]",0.0026035249311276,0.0108900440833068,0.0164399609570911,0.0048554787657665,"[{'lambda_reg': 0.009764611228393115, 'gamma': 0.01657848729346395}, {'lambda_reg': 0.0004642079886610894, 'gamma': 0.002693857161036298}, {'lambda_reg': 0.022995212064452226, 'gamma': 0.0863669373225444}, {'lambda_reg': 0.09508396277633252, 'gamma': 0.29937388274740295}, {'lambda_reg': 0.010219878311821438, 'gamma': 0.0231732467968218}]",600,3,laplacian,121
"[np.float64(0.12592599656489462), np.float64(0.09497684735274659), np.float64(0.10625336825469797), np.float64(0.09497890358963408), np.float64(0.1578294291482288)]",0.1159929089820404,0.0237784884766145,"[np.float64(0.7347367733133715), np.float64(0.8098470825392005), np.float64(0.7582885840557309), np.float64(0.7847624101482323), np.float64(0.7547264972407945)]",0.768472269459466,0.0261073983520218,"[np.float64(0.8660077897042435), np.float64(0.9027922361262168), np.float64(0.9016699670010586), np.float64(0.9235217231684433), np.float64(0.9736940490085134)]",0.9135371530016952,0.0353096799653739,"[array([0.        , 0.25279109, 0.33626251, 0.39796797, 0.45922199,
       0.47946339, 0.49949351, 0.53895095, 0.55846303, 0.57776077,
       0.59684996, 0.59684996, 0.61566723, 0.61566723, 0.65234749,
       0.65234749, 0.67030915, 0.7058095 , 0.72331242, 0.7405314 ,
       0.75750481, 0.75750481, 0.75750481, 0.75750481, 0.75750481,
       0.77340837, 0.77340837, 0.77340837, 0.78877913, 0.78877913,
       0.81857736, 0.81857736, 0.81857736, 0.81857736, 0.83266408,
       0.83266408, 0.83266408, 0.84616967, 0.84616967, 0.85924092,
       0.85924092, 0.85924092, 0.87163038, 0.87163038, 0.87163038,
       0.88345095, 0.89489271, 0.90610871, 0.91724495, 0.92815408,
       0.92815408, 0.93866023, 0.9489662 , 0.9489662 , 0.9489662 ,
       0.9489662 , 0.95838337, 0.96767848, 0.97670541, 0.98556007,
       0.98556007, 0.98556007, 0.98556007, 0.98556007, 0.98556007,
       0.98556007, 0.98556007, 0.98556007, 0.98556007, 0.98556007,
       0.98556007, 0.98556007, 0.98556007, 0.99138619, 0.99138619,
       0.99138619, 0.99138619, 0.99138619, 0.99621283, 0.99621283,
       0.99621283, 0.99621283, 0.99621283, 1.        , 1.        ,
       1.        , 1.        , 1.        , 1.        , 1.        ,
       1.        , 1.        , 1.        , 1.        , 1.        ,
       1.        , 1.        , 1.        , 1.        , 1.        ,
       1.        ]), array([0.        , 0.37564163, 0.46299406, 0.48462773, 0.48462773,
       0.54799715, 0.54799715, 0.54799715, 0.54799715, 0.54799715,
       0.58816547, 0.60806787, 0.62772404, 0.70524857, 0.70524857,
       0.7431188 , 0.76181535, 0.76181535, 0.76181535, 0.77996388,
       0.77996388, 0.77996388, 0.77996388, 0.77996388, 0.77996388,
       0.77996388, 0.79647936, 0.79647936, 0.79647936, 0.82821053,
       0.82821053, 0.82821053, 0.82821053, 0.82821053, 0.84298683,
       0.84298683, 0.84298683, 0.84298683, 0.84298683, 0.84298683,
       0.84298683, 0.84298683, 0.85592664, 0.85592664, 0.89359743,
       0.89359743, 0.89359743, 0.89359743, 0.89359743, 0.90496131,
       0.90496131, 0.91593286, 0.91593286, 0.91593286, 0.92623811,
       0.92623811, 0.92623811, 0.92623811, 0.93557493, 0.93557493,
       0.93557493, 0.94439481, 0.94439481, 0.94439481, 0.95256925,
       0.95256925, 0.95256925, 0.96006883, 0.96006883, 0.96704506,
       0.96704506, 0.97357284, 0.97357284, 0.97357284, 0.97938392,
       0.97938392, 0.97938392, 0.97938392, 0.97938392, 0.98424953,
       0.98424953, 0.992846  , 0.99693843, 0.99693843, 0.99693843,
       0.99693843, 0.99693843, 1.        , 1.        , 1.        ,
       1.        , 1.        , 1.        , 1.        , 1.        ,
       1.        , 1.        , 1.        , 1.        , 1.        ,
       1.        ]), array([0.        , 0.50767187, 0.52845382, 0.54914038, 0.54914038,
       0.5692954 , 0.5692954 , 0.58907516, 0.58907516, 0.60851737,
       0.60851737, 0.62750817, 0.64635628, 0.66482607, 0.66482607,
       0.68288326, 0.68288326, 0.70053985, 0.73557743, 0.7529367 ,
       0.7529367 , 0.7529367 , 0.7529367 , 0.7529367 , 0.76910738,
       0.80111042, 0.80111042, 0.81673796, 0.83220442, 0.84738007,
       0.84738007, 0.84738007, 0.84738007, 0.86167522, 0.86167522,
       0.87548199, 0.87548199, 0.87548199, 0.87548199, 0.87548199,
       0.87548199, 0.87548199, 0.87548199, 0.89983292, 0.89983292,
       0.91156308, 0.91156308, 0.92300394, 0.92300394, 0.94479569,
       0.94479569, 0.95524417, 0.95524417, 0.95524417, 0.95524417,
       0.95524417, 0.95524417, 0.95524417, 0.95524417, 0.96399024,
       0.96399024, 0.96399024, 0.9720689 , 0.97992583, 0.97992583,
       0.97992583, 0.97992583, 0.97992583, 0.97992583, 0.97992583,
       0.97992583, 0.97992583, 0.98591827, 0.98591827, 0.98591827,
       0.98591827, 0.98591827, 0.98591827, 0.99073566, 0.99073566,
       0.99073566, 0.99073566, 0.99073566, 0.99073566, 0.99073566,
       0.99724879, 0.99724879, 0.99724879, 1.        , 1.        ,
       1.        , 1.        , 1.        , 1.        , 1.        ,
       1.        , 1.        , 1.        , 1.        , 1.        ,
       1.        ]), array([0.        , 0.38143528, 0.44791697, 0.51351942, 0.57847346,
       0.59999504, 0.66370198, 0.68465276, 0.68465276, 0.68465276,
       0.68465276, 0.68465276, 0.68465276, 0.723982  , 0.74339143,
       0.76256015, 0.76256015, 0.78132181, 0.78132181, 0.81808653,
       0.81808653, 0.81808653, 0.81808653, 0.81808653, 0.81808653,
       0.81808653, 0.81808653, 0.81808653, 0.81808653, 0.81808653,
       0.81808653, 0.81808653, 0.81808653, 0.83320985, 0.83320985,
       0.83320985, 0.83320985, 0.83320985, 0.83320985, 0.84710721,
       0.84710721, 0.86036596, 0.86036596, 0.87337924, 0.87337924,
       0.88582673, 0.91045606, 0.91045606, 0.91045606, 0.91045606,
       0.91045606, 0.91045606, 0.91045606, 0.91045606, 0.92098746,
       0.92098746, 0.92098746, 0.92098746, 0.92098746, 0.92098746,
       0.92098746, 0.93876483, 0.93876483, 0.93876483, 0.93876483,
       0.93876483, 0.95425735, 0.96181826, 0.9690065 , 0.9690065 ,
       0.9690065 , 0.9690065 , 0.9690065 , 0.97524391, 0.97524391,
       0.98106828, 0.98106828, 0.98106828, 0.98106828, 0.98106828,
       0.98106828, 0.98993839, 0.98993839, 0.98993839, 0.99355949,
       0.99697417, 0.99697417, 0.99697417, 0.99697417, 0.99697417,
       0.99697417, 0.99697417, 0.99887865, 0.99887865, 0.99887865,
       0.99887865, 1.        , 1.        , 1.        , 1.        ,
       1.        ]), array([0.        , 0.67790186, 0.7351708 , 0.75403193, 0.79155299,
       0.79155299, 0.79155299, 0.79155299, 0.79155299, 0.80931682,
       0.84451316, 0.89665615, 0.89665615, 0.91362043, 0.91362043,
       0.91362043, 0.92999633, 0.92999633, 0.92999633, 0.92999633,
       0.92999633, 0.96081766, 0.96081766, 0.96081766, 0.96081766,
       0.96081766, 0.96081766, 0.96081766, 0.96081766, 0.96081766,
       0.96081766, 0.96081766, 0.96081766, 0.96081766, 0.96081766,
       0.96081766, 0.97331235, 0.97331235, 0.97331235, 0.97331235,
       0.97331235, 0.97331235, 0.97331235, 0.98444924, 0.98444924,
       0.98444924, 0.98444924, 0.98444924, 0.98444924, 0.98444924,
       0.98444924, 0.98444924, 0.98444924, 0.98444924, 0.98444924,
       0.98444924, 0.98444924, 0.98444924, 0.98444924, 0.98444924,
       0.98444924, 0.98444924, 0.98444924, 0.98444924, 0.98444924,
       0.98444924, 0.98444924, 0.98444924, 0.9907288 , 0.9907288 ,
       0.9907288 , 0.9907288 , 0.9907288 , 0.9907288 , 0.9907288 ,
       0.9907288 , 0.9907288 , 0.9907288 , 0.9907288 , 0.9907288 ,
       0.9907288 , 0.9907288 , 0.99786376, 0.99786376, 0.99786376,
       0.99786376, 0.99786376, 0.99786376, 0.99786376, 0.99786376,
       0.99786376, 0.99786376, 0.99786376, 0.99786376, 0.99786376,
       0.99786376, 0.99977518, 0.99977518, 0.99977518, 0.99977518,
       1.        ])]","[array([0.        , 0.00384501, 0.00807055, 0.01457677, 0.02276039,
       0.02614446, 0.03031361, 0.04089172, 0.04698573, 0.05387613,
       0.06154149, 0.06154149, 0.07021719, 0.07021719, 0.09111439,
       0.09111439, 0.1029693 , 0.12825068, 0.14181007, 0.15642454,
       0.17195142, 0.17195142, 0.17195142, 0.17195142, 0.17195142,
       0.19145357, 0.19145357, 0.19145357, 0.21293541, 0.21293541,
       0.25940408, 0.25940408, 0.25940408, 0.25940408, 0.28565701,
       0.28565701, 0.28565701, 0.31406924, 0.31406924, 0.34409533,
       0.34409533, 0.34409533, 0.37665472, 0.37665472, 0.37665472,
       0.41132796, 0.44740874, 0.48432835, 0.52154432, 0.55960419,
       0.55960419, 0.59916137, 0.63946238, 0.63946238, 0.63946238,
       0.63946238, 0.68306587, 0.72712292, 0.77217642, 0.81787002,
       0.81787002, 0.81787002, 0.81787002, 0.81787002, 0.81787002,
       0.81787002, 0.81787002, 0.81787002, 0.81787002, 0.81787002,
       0.81787002, 0.81787002, 0.81787002, 0.87481674, 0.87481674,
       0.87481674, 0.87481674, 0.87481674, 0.9354772 , 0.9354772 ,
       0.9354772 , 0.9354772 , 0.9354772 , 1.        , 1.        ,
       1.        , 1.        , 1.        , 1.        , 1.        ,
       1.        , 1.        , 1.        , 1.        , 1.        ,
       1.        , 1.        , 1.        , 1.        , 1.        ,
       1.        ]), array([0.        , 0.00222487, 0.00589674, 0.00743727, 0.00743727,
       0.0167231 , 0.0167231 , 0.0167231 , 0.0167231 , 0.0167231 ,
       0.02924169, 0.03605451, 0.04361718, 0.07721817, 0.07721817,
       0.09673518, 0.10722021, 0.10722021, 0.10722021, 0.11937412,
       0.11937412, 0.11937412, 0.11937412, 0.11937412, 0.11937412,
       0.11937412, 0.1365012 , 0.1365012 , 0.1365012 , 0.17471364,
       0.17471364, 0.17471364, 0.17471364, 0.17471364, 0.19713706,
       0.19713706, 0.19713706, 0.19713706, 0.19713706, 0.19713706,
       0.19713706, 0.19713706, 0.2251532 , 0.2251532 , 0.31269962,
       0.31269962, 0.31269962, 0.31269962, 0.31269962, 0.34551498,
       0.34551498, 0.37952511, 0.37952511, 0.37952511, 0.41556433,
       0.41556433, 0.41556433, 0.41556433, 0.45455274, 0.45455274,
       0.45455274, 0.49511542, 0.49511542, 0.49511542, 0.53764362,
       0.53764362, 0.53764362, 0.58222703, 0.58222703, 0.62840419,
       0.62840419, 0.67594704, 0.67594704, 0.67594704, 0.72567245,
       0.72567245, 0.72567245, 0.72567245, 0.72567245, 0.77827713,
       0.77827713, 0.88694216, 0.94190143, 0.94190143, 0.94190143,
       0.94190143, 0.94190143, 1.        , 1.        , 1.        ,
       1.        , 1.        , 1.        , 1.        , 1.        ,
       1.        , 1.        , 1.        , 1.        , 1.        ,
       1.        ]), array([0.        , 0.003585  , 0.00510042, 0.00696709, 0.00696709,
       0.01079067, 0.01079067, 0.01599591, 0.01599591, 0.02244384,
       0.02244384, 0.03055376, 0.03918903, 0.04921715, 0.04921715,
       0.06076431, 0.06076431, 0.07378641, 0.10084521, 0.11496191,
       0.11496191, 0.11496191, 0.11496191, 0.11496191, 0.13345467,
       0.17168571, 0.17168571, 0.19217814, 0.21326359, 0.23541975,
       0.23541975, 0.23541975, 0.23541975, 0.26081759, 0.26081759,
       0.28801354, 0.28801354, 0.28801354, 0.28801354, 0.28801354,
       0.28801354, 0.28801354, 0.28801354, 0.35441736, 0.35441736,
       0.38925874, 0.38925874, 0.42516524, 0.42516524, 0.50099114,
       0.50099114, 0.54055127, 0.54055127, 0.54055127, 0.54055127,
       0.54055127, 0.54055127, 0.54055127, 0.54055127, 0.58637918,
       0.58637918, 0.58637918, 0.63466426, 0.6837657 , 0.6837657 ,
       0.6837657 , 0.6837657 , 0.6837657 , 0.6837657 , 0.6837657 ,
       0.6837657 , 0.6837657 , 0.73973161, 0.73973161, 0.73973161,
       0.73973161, 0.73973161, 0.73973161, 0.80002371, 0.80002371,
       0.80002371, 0.80002371, 0.80002371, 0.80002371, 0.80002371,
       0.93210087, 0.93210087, 0.93210087, 1.        , 1.        ,
       1.        , 1.        , 1.        , 1.        , 1.        ,
       1.        , 1.        , 1.        , 1.        , 1.        ,
       1.        ]), array([0.00000000e+00, 9.50105568e-04, 3.50809778e-03, 8.59696041e-03,
       1.55522532e-02, 1.82442079e-02, 2.87892440e-02, 3.31242158e-02,
       3.31242158e-02, 3.31242158e-02, 3.31242158e-02, 3.31242158e-02,
       3.31242158e-02, 4.91985466e-02, 5.79702501e-02, 6.74348341e-02,
       6.74348341e-02, 7.80711382e-02, 7.80711382e-02, 1.01527330e-01,
       1.01527330e-01, 1.01527330e-01, 1.01527330e-01, 1.01527330e-01,
       1.01527330e-01, 1.01527330e-01, 1.01527330e-01, 1.01527330e-01,
       1.01527330e-01, 1.01527330e-01, 1.01527330e-01, 1.01527330e-01,
       1.01527330e-01, 1.22636469e-01, 1.22636469e-01, 1.22636469e-01,
       1.22636469e-01, 1.22636469e-01, 1.22636469e-01, 1.47274498e-01,
       1.47274498e-01, 1.73750732e-01, 1.73750732e-01, 2.00933573e-01,
       2.00933573e-01, 2.29744997e-01, 2.88132511e-01, 2.88132511e-01,
       2.88132511e-01, 2.88132511e-01, 2.88132511e-01, 2.88132511e-01,
       2.88132511e-01, 2.88132511e-01, 3.22459329e-01, 3.22459329e-01,
       3.22459329e-01, 3.22459329e-01, 3.22459329e-01, 3.22459329e-01,
       3.22459329e-01, 4.00569999e-01, 4.00569999e-01, 4.00569999e-01,
       4.00569999e-01, 4.00569999e-01, 4.85257536e-01, 5.28134831e-01,
       5.72084832e-01, 5.72084832e-01, 5.72084832e-01, 5.72084832e-01,
       5.72084832e-01, 6.18771767e-01, 6.18771767e-01, 6.66647611e-01,
       6.66647611e-01, 6.66647611e-01, 6.66647611e-01, 6.66647611e-01,
       6.66647611e-01, 7.70397530e-01, 7.70397530e-01, 7.70397530e-01,
       8.24615444e-01, 8.79427502e-01, 8.79427502e-01, 8.79427502e-01,
       8.79427502e-01, 8.79427502e-01, 8.79427502e-01, 8.79427502e-01,
       9.38586645e-01, 9.38586645e-01, 9.38586645e-01, 9.38586645e-01,
       1.00000000e+00, 1.00000000e+00, 1.00000000e+00, 1.00000000e+00,
       1.00000000e+00]), array([0.        , 0.00196541, 0.00727904, 0.01045503, 0.01804397,
       0.01804397, 0.01804397, 0.01804397, 0.01804397, 0.02796573,
       0.04984607, 0.08667185, 0.08667185, 0.1015089 , 0.1015089 ,
       0.1015089 , 0.11996309, 0.11996309, 0.11996309, 0.11996309,
       0.11996309, 0.16873917, 0.16873917, 0.16873917, 0.16873917,
       0.16873917, 0.16873917, 0.16873917, 0.16873917, 0.16873917,
       0.16873917, 0.16873917, 0.16873917, 0.16873917, 0.16873917,
       0.16873917, 0.21105346, 0.21105346, 0.21105346, 0.21105346,
       0.21105346, 0.21105346, 0.21105346, 0.26171487, 0.26171487,
       0.26171487, 0.26171487, 0.26171487, 0.26171487, 0.26171487,
       0.26171487, 0.26171487, 0.26171487, 0.26171487, 0.26171487,
       0.26171487, 0.26171487, 0.26171487, 0.26171487, 0.26171487,
       0.26171487, 0.26171487, 0.26171487, 0.26171487, 0.26171487,
       0.26171487, 0.26171487, 0.26171487, 0.34223711, 0.34223711,
       0.34223711, 0.34223711, 0.34223711, 0.34223711, 0.34223711,
       0.34223711, 0.34223711, 0.34223711, 0.34223711, 0.34223711,
       0.34223711, 0.34223711, 0.53662714, 0.53662714, 0.53662714,
       0.53662714, 0.53662714, 0.53662714, 0.53662714, 0.53662714,
       0.53662714, 0.53662714, 0.53662714, 0.53662714, 0.53662714,
       0.53662714, 0.76312929, 0.76312929, 0.76312929, 0.76312929,
       1.        ])]",-0.0042519758289791,0.0181751206201746,0.0189594272197566,0.003644189301261,"[{'lambda_reg': 0.007695223730679489, 'gamma': 0.0037371667292492674}, {'lambda_reg': 0.057933944747299446, 'gamma': 0.049150260689427745}, {'lambda_reg': 0.02084114638824119, 'gamma': 0.03043539680368309}, {'lambda_reg': 0.0008668829590631669, 'gamma': 0.0021161071628903}, {'lambda_reg': 3.3264991045327006e-05, 'gamma': 0.003709392944985887}]",300,3,exponential,101
"[np.float64(0.0500648775604216), np.float64(0.060337059825800815), np.float64(0.05456696092063487), np.float64(0.07928379587783334), np.float64(0.13623989469500136)]",0.0760985177759384,0.0316762154763011,"[np.float64(0.7990309249678723), np.float64(0.8012895022746859), np.float64(0.8169746219240149), np.float64(0.8057514199038294), np.float64(0.7726641248307042)]",0.7991421187802213,0.0146108782298861,"[np.float64(0.9516769405823486), np.float64(0.9341844421576555), np.float64(0.9721310939204881), np.float64(0.9492471108707662), np.float64(0.9313091036632286)]",0.9477097382388976,0.0146042409658273,"[array([0.        , 0.54894758, 0.61027802, 0.64066189, 0.6905684 ,
       0.6905684 , 0.71011043, 0.74893122, 0.77769003, 0.77769003,
       0.79636876, 0.79636876, 0.80550732, 0.80550732, 0.80550732,
       0.80550732, 0.82301767, 0.82301767, 0.82301767, 0.8314389 ,
       0.8314389 , 0.85631052, 0.85631052, 0.85631052, 0.86421993,
       0.88769992, 0.88769992, 0.90295196, 0.90295196, 0.91041826,
       0.91771183, 0.91771183, 0.92486742, 0.93181787, 0.93867913,
       0.94548751, 0.94548751, 0.94548751, 0.94548751, 0.94548751,
       0.94548751, 0.94548751, 0.94548751, 0.95148956, 0.95148956,
       0.95148956, 0.95148956, 0.95148956, 0.95148956, 0.95148956,
       0.95148956, 0.95662204, 0.95662204, 0.95662204, 0.95662204,
       0.95662204, 0.96119037, 0.96119037, 0.96119037, 0.96119037,
       0.96119037, 0.96119037, 0.96119037, 0.96512305, 0.96894016,
       0.96894016, 0.97254657, 0.97603603, 0.97940784, 0.9827211 ,
       0.9890522 , 0.9890522 , 0.9890522 , 0.9890522 , 0.9890522 ,
       0.9890522 , 0.99155297, 0.99155297, 0.99155297, 0.99155297,
       0.99155297, 0.99155297, 0.99348611, 0.99348611, 0.99521309,
       0.99683229, 0.99683229, 0.99683229, 0.99683229, 0.99683229,
       0.99683229, 0.99683229, 0.99774899, 0.99851376, 0.99851376,
       0.99909973, 0.99954592, 0.99954592, 0.99954592, 0.99990403,
       1.        ]), array([0.        , 0.52803383, 0.55862027, 0.58893885, 0.60895883,
       0.62877956, 0.64836651, 0.65808598, 0.66768806, 0.66768806,
       0.68642296, 0.71433013, 0.72345988, 0.74160311, 0.75053872,
       0.7594122 , 0.79445467, 0.80309625, 0.80309625, 0.81999315,
       0.83664068, 0.86137157, 0.86948946, 0.87751604, 0.87751604,
       0.87751604, 0.87751604, 0.89278938, 0.90028798, 0.90028798,
       0.90028798, 0.90752587, 0.92172445, 0.92172445, 0.92172445,
       0.92172445, 0.92172445, 0.92172445, 0.92172445, 0.92172445,
       0.92172445, 0.93407108, 0.93407108, 0.93407108, 0.93407108,
       0.93407108, 0.93407108, 0.9395698 , 0.9395698 , 0.9395698 ,
       0.9395698 , 0.9395698 , 0.9395698 , 0.94452745, 0.94939699,
       0.95406735, 0.9586768 , 0.96319316, 0.96319316, 0.96319316,
       0.96736706, 0.97147718, 0.97548073, 0.97548073, 0.97926091,
       0.97926091, 0.98280715, 0.98280715, 0.98280715, 0.98608966,
       0.98608966, 0.98608966, 0.98608966, 0.98608966, 0.98885759,
       0.98885759, 0.98885759, 0.98885759, 0.99121099, 0.9934253 ,
       0.9955642 , 0.9955642 , 0.99750911, 0.99750911, 0.99750911,
       0.99750911, 0.99750911, 0.99750911, 0.99750911, 0.99750911,
       0.99855808, 0.99855808, 0.99940504, 0.99940504, 0.99940504,
       0.99995511, 0.99995511, 0.99995511, 0.99995511, 0.99995511,
       1.        ]), array([0.        , 0.62243434, 0.70711486, 0.72815679, 0.7385497 ,
       0.7385497 , 0.7385497 , 0.74854243, 0.75843526, 0.76826193,
       0.78770443, 0.79731338, 0.81634978, 0.81634978, 0.83491006,
       0.83491006, 0.86212549, 0.86212549, 0.87985173, 0.88860254,
       0.90595623, 0.91453099, 0.91453099, 0.91453099, 0.92270857,
       0.92270857, 0.93069451, 0.93069451, 0.93069451, 0.93840692,
       0.93840692, 0.93840692, 0.93840692, 0.93840692, 0.93840692,
       0.93840692, 0.93840692, 0.93840692, 0.93840692, 0.93840692,
       0.93840692, 0.94474758, 0.94474758, 0.94474758, 0.94474758,
       0.94474758, 0.95058843, 0.95058843, 0.95617697, 0.96170262,
       0.96170262, 0.96170262, 0.96687357, 0.97702638, 0.97702638,
       0.97702638, 0.98183829, 0.98183829, 0.98183829, 0.98629247,
       0.98629247, 0.98629247, 0.98629247, 0.98629247, 0.99025226,
       0.99025226, 0.99025226, 0.99025226, 0.99025226, 0.99025226,
       0.99025226, 0.99025226, 0.99025226, 0.99025226, 0.99308317,
       0.99308317, 0.99308317, 0.99308317, 0.99308317, 0.99308317,
       0.99308317, 0.99514864, 0.99514864, 0.99514864, 0.99514864,
       0.99514864, 0.99514864, 0.99514864, 0.99514864, 0.99633126,
       0.99633126, 0.99633126, 0.99633126, 0.99711419, 0.99782848,
       0.99893431, 0.99893431, 0.99926501, 0.99958294, 0.99989032,
       1.        ]), array([0.        , 0.49483652, 0.55022941, 0.59423045, 0.6050825 ,
       0.63729368, 0.63729368, 0.67941311, 0.70022667, 0.71055075,
       0.72077131, 0.72077131, 0.73076588, 0.73076588, 0.73076588,
       0.74041013, 0.74991756, 0.74991756, 0.76845901, 0.77767063,
       0.79574821, 0.79574821, 0.81346061, 0.83089328, 0.83945672,
       0.8479499 , 0.86469659, 0.86469659, 0.86469659, 0.87278738,
       0.88863519, 0.88863519, 0.89640171, 0.90405695, 0.90405695,
       0.91139472, 0.91139472, 0.91853803, 0.92555098, 0.92555098,
       0.93231778, 0.93901931, 0.93901931, 0.93901931, 0.93901931,
       0.93901931, 0.95134711, 0.96346175, 0.96346175, 0.96346175,
       0.96346175, 0.96346175, 0.96346175, 0.96346175, 0.96346175,
       0.96346175, 0.96346175, 0.96346175, 0.96346175, 0.96346175,
       0.96346175, 0.96346175, 0.96346175, 0.96346175, 0.96759375,
       0.97155485, 0.97155485, 0.97527791, 0.97527791, 0.97527791,
       0.97867999, 0.97867999, 0.97867999, 0.98182304, 0.98182304,
       0.98182304, 0.98182304, 0.98182304, 0.98182304, 0.98182304,
       0.98411542, 0.98411542, 0.98623311, 0.98623311, 0.98623311,
       0.98623311, 0.98947804, 0.99096359, 0.9923483 , 0.99502015,
       0.99742825, 0.99742825, 0.99742825, 0.99742825, 0.99883256,
       0.99940795, 0.99940795, 0.99978455, 0.99978455, 0.99993383,
       1.        ]), array([0.        , 0.42453984, 0.51849412, 0.54957219, 0.61110466,
       0.641504  , 0.66158649, 0.6715479 , 0.68135735, 0.69111112,
       0.7104163 , 0.71993988, 0.72933292, 0.74788921, 0.77539581,
       0.77539581, 0.78433485, 0.79316011, 0.79316011, 0.79316011,
       0.81034334, 0.81875305, 0.81875305, 0.81875305, 0.81875305,
       0.81875305, 0.83461442, 0.83461442, 0.84235035, 0.84990692,
       0.84990692, 0.85724183, 0.87177801, 0.879001  , 0.879001  ,
       0.89289356, 0.89289356, 0.89289356, 0.91942653, 0.9259464 ,
       0.93240464, 0.93240464, 0.93240464, 0.93240464, 0.93240464,
       0.93240464, 0.93814335, 0.93814335, 0.94369145, 0.94369145,
       0.94369145, 0.94898381, 0.94898381, 0.95404485, 0.95902064,
       0.95902064, 0.95902064, 0.96367721, 0.96367721, 0.96808624,
       0.97669601, 0.98086252, 0.98086252, 0.98086252, 0.98086252,
       0.98086252, 0.98086252, 0.9844616 , 0.9844616 , 0.9844616 ,
       0.9844616 , 0.9844616 , 0.9844616 , 0.9844616 , 0.98723697,
       0.98723697, 0.98723697, 0.98723697, 0.98960235, 0.98960235,
       0.99178424, 0.99380393, 0.99380393, 0.99380393, 0.99380393,
       0.99380393, 0.99380393, 0.99380393, 0.99639755, 0.99765601,
       0.99872697, 0.99872697, 0.99872697, 0.99872697, 0.99872697,
       0.99872697, 0.99872697, 0.99912799, 0.99966566, 1.        ,
       1.        ])]","[array([0.        , 0.00348261, 0.00720395, 0.01021378, 0.01822518,
       0.01822518, 0.02314756, 0.03406763, 0.04371496, 0.04371496,
       0.05216341, 0.05216341, 0.05720786, 0.05720786, 0.05720786,
       0.05720786, 0.07042854, 0.07042854, 0.07042854, 0.07840287,
       0.07840287, 0.1039272 , 0.1039272 , 0.1039272 , 0.11399206,
       0.14520046, 0.14520046, 0.16764511, 0.16764511, 0.17951978,
       0.1921    , 0.1921    , 0.20524376, 0.21922544, 0.23357136,
       0.24813332, 0.24813332, 0.24813332, 0.24813332, 0.24813332,
       0.24813332, 0.24813332, 0.24813332, 0.26598867, 0.26598867,
       0.26598867, 0.26598867, 0.26598867, 0.26598867, 0.26598867,
       0.26598867, 0.28739575, 0.28739575, 0.28739575, 0.28739575,
       0.28739575, 0.31110704, 0.31110704, 0.31110704, 0.31110704,
       0.31110704, 0.31110704, 0.31110704, 0.33741466, 0.3641943 ,
       0.3641943 , 0.39183454, 0.41995245, 0.44855089, 0.47738849,
       0.53627033, 0.53627033, 0.53627033, 0.53627033, 0.53627033,
       0.53627033, 0.5684265 , 0.5684265 , 0.5684265 , 0.5684265 ,
       0.5684265 , 0.5684265 , 0.60290114, 0.60290114, 0.63821783,
       0.67397473, 0.67397473, 0.67397473, 0.67397473, 0.67397473,
       0.67397473, 0.67397473, 0.71260095, 0.75184774, 0.75184774,
       0.79182483, 0.83237286, 0.83237286, 0.83237286, 0.91565107,
       1.        ]), array([0.        , 0.00259161, 0.00468887, 0.00788426, 0.01080333,
       0.01453925, 0.01923364, 0.0218842 , 0.02501604, 0.02501604,
       0.03320358, 0.04628502, 0.0513533 , 0.06196648, 0.06783067,
       0.07394954, 0.10027594, 0.10734556, 0.10734556, 0.12306832,
       0.13981342, 0.16591672, 0.17513331, 0.18472423, 0.18472423,
       0.18472423, 0.18472423, 0.20710314, 0.21885863, 0.21885863,
       0.21885863, 0.23168293, 0.25846806, 0.25846806, 0.25846806,
       0.25846806, 0.25846806, 0.25846806, 0.25846806, 0.25846806,
       0.25846806, 0.2928456 , 0.2928456 , 0.2928456 , 0.2928456 ,
       0.2928456 , 0.2928456 , 0.31279998, 0.31279998, 0.31279998,
       0.31279998, 0.31279998, 0.31279998, 0.33497266, 0.35750649,
       0.38085696, 0.40445712, 0.42843892, 0.42843892, 0.42843892,
       0.45382469, 0.47947198, 0.50555615, 0.50555615, 0.53255608,
       0.53255608, 0.56051508, 0.56051508, 0.56051508, 0.58955528,
       0.58955528, 0.58955528, 0.58955528, 0.58955528, 0.62070515,
       0.62070515, 0.62070515, 0.62070515, 0.65355444, 0.68697397,
       0.72070264, 0.72070264, 0.75522663, 0.75522663, 0.75522663,
       0.75522663, 0.75522663, 0.75522663, 0.75522663, 0.75522663,
       0.7934237 , 0.7934237 , 0.83244897, 0.83244897, 0.83244897,
       0.87269138, 0.87269138, 0.87269138, 0.87269138, 0.87269138,
       1.        ]), array([0.        , 0.00185417, 0.00616832, 0.0076906 , 0.00889499,
       0.00889499, 0.00889499, 0.01148457, 0.01441992, 0.01758427,
       0.02464278, 0.02856072, 0.03702487, 0.03702487, 0.04713704,
       0.04713704, 0.06446865, 0.06446865, 0.07746775, 0.08435604,
       0.09864467, 0.10614233, 0.10614233, 0.10614233, 0.1150148 ,
       0.1150148 , 0.12455057, 0.12455057, 0.12455057, 0.13503316,
       0.13503316, 0.13503316, 0.13503316, 0.13503316, 0.13503316,
       0.13503316, 0.13503316, 0.13503316, 0.13503316, 0.13503316,
       0.13503316, 0.15026384, 0.15026384, 0.15026384, 0.15026384,
       0.15026384, 0.16722457, 0.16722457, 0.18505863, 0.20311039,
       0.20311039, 0.20311039, 0.22238989, 0.26160337, 0.26160337,
       0.26160337, 0.28212565, 0.28212565, 0.28212565, 0.30388611,
       0.30388611, 0.30388611, 0.30388611, 0.30388611, 0.32735788,
       0.32735788, 0.32735788, 0.32735788, 0.32735788, 0.32735788,
       0.32735788, 0.32735788, 0.32735788, 0.32735788, 0.35473709,
       0.35473709, 0.35473709, 0.35473709, 0.35473709, 0.35473709,
       0.35473709, 0.38476579, 0.38476579, 0.38476579, 0.38476579,
       0.38476579, 0.38476579, 0.38476579, 0.38476579, 0.41785034,
       0.41785034, 0.41785034, 0.41785034, 0.45231838, 0.48702397,
       0.55755237, 0.55755237, 0.59358574, 0.6296633 , 0.70295539,
       1.        ]), array([0.        , 0.00147659, 0.00403359, 0.0069718 , 0.00812862,
       0.01258204, 0.01258204, 0.02088145, 0.02573252, 0.02839369,
       0.03134979, 0.03134979, 0.03494984, 0.03494984, 0.03494984,
       0.03954802, 0.04453604, 0.04453604, 0.05586096, 0.06169181,
       0.07433841, 0.07433841, 0.08802549, 0.10250962, 0.11018731,
       0.11806519, 0.13450386, 0.13450386, 0.13450386, 0.14352827,
       0.16252806, 0.16252806, 0.1724764 , 0.1827418 , 0.1827418 ,
       0.19391175, 0.19391175, 0.20563578, 0.21773126, 0.21773126,
       0.23052805, 0.24351083, 0.24351083, 0.24351083, 0.24351083,
       0.24351083, 0.27254009, 0.3021767 , 0.3021767 , 0.3021767 ,
       0.3021767 , 0.3021767 , 0.3021767 , 0.3021767 , 0.3021767 ,
       0.3021767 , 0.3021767 , 0.3021767 , 0.3021767 , 0.3021767 ,
       0.3021767 , 0.3021767 , 0.3021767 , 0.3021767 , 0.32248074,
       0.34327174, 0.34327174, 0.36474096, 0.36474096, 0.36474096,
       0.38712476, 0.38712476, 0.38712476, 0.41024658, 0.41024658,
       0.41024658, 0.41024658, 0.41024658, 0.41024658, 0.41024658,
       0.43579221, 0.43579221, 0.46183557, 0.46183557, 0.46183557,
       0.46183557, 0.51674433, 0.54458884, 0.57272064, 0.62926227,
       0.68655539, 0.68655539, 0.68655539, 0.68655539, 0.74670858,
       0.77714638, 0.77714638, 0.80815056, 0.80815056, 0.83980242,
       1.        ]), array([0.        , 0.00188727, 0.00800704, 0.01091924, 0.01901005,
       0.02438873, 0.02864224, 0.03105912, 0.03402823, 0.03719968,
       0.04427791, 0.04828588, 0.05276823, 0.06256795, 0.07845895,
       0.07845895, 0.08459111, 0.09113677, 0.09113677, 0.09113677,
       0.10592624, 0.11398204, 0.11398204, 0.11398204, 0.11398204,
       0.11398204, 0.13357514, 0.13357514, 0.14407946, 0.15523558,
       0.15523558, 0.16719718, 0.19160607, 0.20397441, 0.20397441,
       0.23072223, 0.23072223, 0.23072223, 0.28876822, 0.3036917 ,
       0.31883916, 0.31883916, 0.31883916, 0.31883916, 0.31883916,
       0.31883916, 0.3366014 , 0.3366014 , 0.35505632, 0.35505632,
       0.35505632, 0.3744406 , 0.3744406 , 0.39466552, 0.41520022,
       0.41520022, 0.41520022, 0.43689498, 0.43689498, 0.45948932,
       0.50543487, 0.52891053, 0.52891053, 0.52891053, 0.52891053,
       0.52891053, 0.52891053, 0.55444823, 0.55444823, 0.55444823,
       0.55444823, 0.55444823, 0.55444823, 0.55444823, 0.58297929,
       0.58297929, 0.58297929, 0.58297929, 0.61300026, 0.61300026,
       0.64368808, 0.67496529, 0.67496529, 0.67496529, 0.67496529,
       0.67496529, 0.67496529, 0.67496529, 0.74277367, 0.77681722,
       0.81154213, 0.81154213, 0.81154213, 0.81154213, 0.81154213,
       0.81154213, 0.81154213, 0.84870162, 0.92398137, 1.        ,
       1.        ])]",0.0086210575335561,0.0075280755101402,0.0146839410783029,0.0117849222976526,"[{'lambda_reg': 4.587303914298862e-05, 'gamma': 0.03782928666990526, 'degree': 5, 'coef0': 1.6783244045214634}, {'lambda_reg': 0.00043518655495456137, 'gamma': 0.05802033038385699, 'degree': 4, 'coef0': 0.6003973265330437}, {'lambda_reg': 0.019571277755747768, 'gamma': 0.21413413975659953, 'degree': 5, 'coef0': 0.9185390303839541}, {'lambda_reg': 0.3883986738561211, 'gamma': 0.15941405633990377, 'degree': 4, 'coef0': 1.492557457676117}, {'lambda_reg': 0.0013481669303722537, 'gamma': 0.4544068914514817, 'degree': 2, 'coef0': 0.8351467167932364}]",600,3,polynomial,125
"[np.float64(0.06739265640950587), np.float64(0.06676592160904889), np.float64(0.08861244945079277), np.float64(0.05572392668807405), np.float64(0.07819025099562531)]",0.0713370410306093,0.0111859632145576,"[np.float64(0.8160393130529534), np.float64(0.8402691579751653), np.float64(0.8234043610342011), np.float64(0.8414119030599994), np.float64(0.8513904326361941)]",0.8345030335517027,0.0128860732800576,"[np.float64(0.9424569219833341), np.float64(0.9636527829672267), np.float64(0.9534016623201569), np.float64(0.9605366744640436), np.float64(0.9437016394919495)]",0.9527499362453422,0.0085761054370785,"[array([0.        , 0.03617214, 0.27033618, 0.39532561, 0.4129575 ,
       0.46509994, 0.46509994, 0.48208349, 0.54963335, 0.54963335,
       0.54963335, 0.566057  , 0.566057  , 0.58212278, 0.58212278,
       0.61329491, 0.62875397, 0.62875397, 0.62875397, 0.62875397,
       0.67286257, 0.68744182, 0.68744182, 0.68744182, 0.68744182,
       0.70121629, 0.71483653, 0.75520578, 0.75520578, 0.75520578,
       0.75520578, 0.75520578, 0.75520578, 0.75520578, 0.76736056,
       0.76736056, 0.76736056, 0.77903296, 0.79040863, 0.80165668,
       0.80165668, 0.81246725, 0.82321868, 0.83380381, 0.84419693,
       0.84419693, 0.84419693, 0.84419693, 0.84419693, 0.84419693,
       0.84419693, 0.85321846, 0.85321846, 0.86193621, 0.86193621,
       0.86193621, 0.86193621, 0.86989255, 0.8776396 , 0.89287969,
       0.89287969, 0.89287969, 0.89287969, 0.89287969, 0.89287969,
       0.89932132, 0.89932132, 0.90539284, 0.91713113, 0.91713113,
       0.92267138, 0.92267138, 0.92267138, 0.92267138, 0.93229869,
       0.93229869, 0.9367367 , 0.94096806, 0.94512467, 0.94512467,
       0.95265108, 0.9561348 , 0.9561348 , 0.9561348 , 0.95918851,
       0.95918851, 0.95918851, 0.9616798 , 0.96395324, 0.97227123,
       0.97418623, 0.97583357, 0.97583357, 0.97998422, 0.98117706,
       0.98518572, 0.9890813 , 0.99333256, 0.9974447 , 1.        ,
       1.        ]), array([0.        , 0.21737487, 0.49387794, 0.57009466, 0.67574313,
       0.67574313, 0.67574313, 0.69034422, 0.69034422, 0.69034422,
       0.69034422, 0.71818119, 0.7456626 , 0.7456626 , 0.77266105,
       0.78595154, 0.7991444 , 0.7991444 , 0.7991444 , 0.81192363,
       0.82447871, 0.82447871, 0.82447871, 0.82447871, 0.83637748,
       0.83637748, 0.84799226, 0.84799226, 0.84799226, 0.84799226,
       0.84799226, 0.84799226, 0.84799226, 0.84799226, 0.84799226,
       0.84799226, 0.84799226, 0.84799226, 0.84799226, 0.84799226,
       0.84799226, 0.84799226, 0.84799226, 0.85693155, 0.85693155,
       0.85693155, 0.85693155, 0.85693155, 0.86515819, 0.87326918,
       0.87326918, 0.88099852, 0.88855755, 0.89602497, 0.89602497,
       0.91732907, 0.92424493, 0.92424493, 0.92424493, 0.92424493,
       0.92424493, 0.93043645, 0.93043645, 0.93043645, 0.93043645,
       0.93043645, 0.93589777, 0.94120055, 0.94120055, 0.94604571,
       0.94604571, 0.95072619, 0.95517899, 0.9595107 , 0.9595107 ,
       0.9595107 , 0.9595107 , 0.9595107 , 0.96300699, 0.96300699,
       0.96612804, 0.96909436, 0.96909436, 0.96909436, 0.97424637,
       0.97424637, 0.9787147 , 0.9787147 , 0.98066603, 0.98246284,
       0.98407711, 0.98558075, 0.98558075, 0.98677767, 0.98881677,
       0.99052523, 0.99186604, 0.99404684, 0.99723156, 0.99922323,
       1.        ]), array([0.        , 0.17735821, 0.38502146, 0.51134379, 0.51134379,
       0.57314703, 0.5884602 , 0.61876604, 0.63376867, 0.66347185,
       0.66347185, 0.6779216 , 0.6779216 , 0.69215533, 0.69215533,
       0.70605535, 0.70605535, 0.71963261, 0.71963261, 0.71963261,
       0.73273504, 0.73273504, 0.73273504, 0.74522343, 0.74522343,
       0.74522343, 0.74522343, 0.74522343, 0.74522343, 0.74522343,
       0.75671863, 0.75671863, 0.76775085, 0.76775085, 0.76775085,
       0.77843495, 0.78883676, 0.78883676, 0.79893202, 0.81885587,
       0.81885587, 0.81885587, 0.81885587, 0.82820241, 0.84648711,
       0.85546982, 0.85546982, 0.85546982, 0.85546982, 0.8720744 ,
       0.88030486, 0.88030486, 0.88823377, 0.89596475, 0.89596475,
       0.89596475, 0.89596475, 0.90308969, 0.90994771, 0.90994771,
       0.90994771, 0.90994771, 0.9161055 , 0.9344062 , 0.94621691,
       0.95202666, 0.95202666, 0.95202666, 0.95202666, 0.96225068,
       0.9672243 , 0.9672243 , 0.9672243 , 0.9672243 , 0.9672243 ,
       0.9672243 , 0.9672243 , 0.97477736, 0.97477736, 0.97477736,
       0.97477736, 0.97477736, 0.97477736, 0.97477736, 0.97477736,
       0.97477736, 0.97477736, 0.97920436, 0.98130394, 0.98313492,
       0.98483806, 0.98483806, 0.98622107, 0.98622107, 0.98724149,
       0.98812319, 0.99184861, 0.99582366, 0.99710473, 0.99909168,
       1.        ]), array([0.        , 0.03408565, 0.20359397, 0.42205492, 0.52173799,
       0.57112709, 0.61987272, 0.63597264, 0.66782218, 0.69931743,
       0.69931743, 0.69931743, 0.71461401, 0.72969024, 0.72969024,
       0.74447197, 0.75903036, 0.7734388 , 0.78755236, 0.78755236,
       0.78755236, 0.78755236, 0.78755236, 0.78755236, 0.80067262,
       0.81369772, 0.81369772, 0.82642697, 0.82642697, 0.82642697,
       0.82642697, 0.83843243, 0.85017053, 0.85017053, 0.85017053,
       0.85017053, 0.85017053, 0.85017053, 0.86088924, 0.86088924,
       0.86088924, 0.86088924, 0.86088924, 0.8708526 , 0.88065136,
       0.88065136, 0.88065136, 0.88065136, 0.88968033, 0.88968033,
       0.88968033, 0.88968033, 0.89796151, 0.89796151, 0.89796151,
       0.89796151, 0.92099133, 0.92099133, 0.92099133, 0.92099133,
       0.92099133, 0.92099133, 0.92099133, 0.92741189, 0.92741189,
       0.92741189, 0.92741189, 0.92741189, 0.92741189, 0.92741189,
       0.93269913, 0.93269913, 0.93269913, 0.93269913, 0.94184787,
       0.95508004, 0.95508004, 0.95508004, 0.95898552, 0.96273543,
       0.96273543, 0.96273543, 0.96595816, 0.96595816, 0.96595816,
       0.96861977, 0.96861977, 0.97093837, 0.97093837, 0.97291259,
       0.97653026, 0.97824909, 0.97971284, 0.98108168, 0.98321075,
       0.98709716, 0.98784397, 0.99132351, 0.99638828, 0.99956856,
       1.        ]), array([0.        , 0.        , 0.08033812, 0.19197813, 0.41274867,
       0.50661068, 0.55292114, 0.58359744, 0.58359744, 0.5986016 ,
       0.62823398, 0.64285351, 0.64285351, 0.68573798, 0.71407891,
       0.72810469, 0.72810469, 0.74167117, 0.74167117, 0.75497965,
       0.76810786, 0.78116394, 0.78116394, 0.78116394, 0.78116394,
       0.78116394, 0.80548035, 0.80548035, 0.81734106, 0.81734106,
       0.81734106, 0.81734106, 0.81734106, 0.81734106, 0.82822843,
       0.82822843, 0.82822843, 0.82822843, 0.82822843, 0.82822843,
       0.82822843, 0.82822843, 0.82822843, 0.82822843, 0.84658372,
       0.84658372, 0.85553863, 0.85553863, 0.85553863, 0.85553863,
       0.85553863, 0.863545  , 0.87142077, 0.87142077, 0.87142077,
       0.87142077, 0.87142077, 0.87142077, 0.88528277, 0.88528277,
       0.89849089, 0.89849089, 0.89849089, 0.89849089, 0.90446538,
       0.90446538, 0.91010841, 0.93189699, 0.93189699, 0.93189699,
       0.93684214, 0.93684214, 0.94150099, 0.94150099, 0.94150099,
       0.94565991, 0.94565991, 0.94946785, 0.95319528, 0.96024935,
       0.96353727, 0.96667988, 0.96667988, 0.96667988, 0.96667988,
       0.96667988, 0.96667988, 0.96667988, 0.96667988, 0.97220916,
       0.97910376, 0.97910376, 0.98043269, 0.98288053, 0.9838855 ,
       0.98820735, 0.99319171, 0.99653258, 0.99820314, 1.        ,
       1.        ])]","[array([0.00000000e+00, 2.89625089e-04, 2.97389984e-03, 5.34192701e-03,
       5.86807228e-03, 8.07893828e-03, 8.07893828e-03, 9.14943769e-03,
       1.37541416e-02, 1.37541416e-02, 1.37541416e-02, 1.52947384e-02,
       1.52947384e-02, 1.71358121e-02, 1.71358121e-02, 2.16235094e-02,
       2.39739959e-02, 2.39739959e-02, 2.39739959e-02, 2.39739959e-02,
       3.29301714e-02, 3.60193497e-02, 3.60193497e-02, 3.60193497e-02,
       3.60193497e-02, 3.97842346e-02, 4.36786192e-02, 5.57744010e-02,
       5.57744010e-02, 5.57744010e-02, 5.57744010e-02, 5.57744010e-02,
       5.57744010e-02, 5.57744010e-02, 6.08991991e-02, 6.08991991e-02,
       6.08991991e-02, 6.64290107e-02, 7.22079599e-02, 7.80940533e-02,
       7.80940533e-02, 8.43474736e-02, 9.06505405e-02, 9.70932361e-02,
       1.03697143e-01, 1.03697143e-01, 1.03697143e-01, 1.03697143e-01,
       1.03697143e-01, 1.03697143e-01, 1.03697143e-01, 1.11452664e-01,
       1.11452664e-01, 1.19463235e-01, 1.19463235e-01, 1.19463235e-01,
       1.19463235e-01, 1.28113099e-01, 1.36938682e-01, 1.54803120e-01,
       1.54803120e-01, 1.54803120e-01, 1.54803120e-01, 1.54803120e-01,
       1.54803120e-01, 1.64724748e-01, 1.64724748e-01, 1.74957131e-01,
       1.95761721e-01, 1.95761721e-01, 2.06440169e-01, 2.06440169e-01,
       2.06440169e-01, 2.06440169e-01, 2.29017168e-01, 2.29017168e-01,
       2.40621059e-01, 2.52398468e-01, 2.64238628e-01, 2.64238628e-01,
       2.88579572e-01, 3.00984696e-01, 3.00984696e-01, 3.00984696e-01,
       3.13750869e-01, 3.13750869e-01, 3.13750869e-01, 3.26989263e-01,
       3.40410551e-01, 3.94747088e-01, 4.08469338e-01, 4.22416318e-01,
       4.22416318e-01, 4.64921697e-01, 4.79250278e-01, 5.37204979e-01,
       6.10584726e-01, 7.14326055e-01, 8.48844403e-01, 1.00000000e+00,
       1.00000000e+00]), array([0.        , 0.00124377, 0.00625705, 0.00832547, 0.01243036,
       0.01243036, 0.01243036, 0.01358013, 0.01358013, 0.01358013,
       0.01358013, 0.01744437, 0.02171613, 0.02171613, 0.02654142,
       0.02919329, 0.03195706, 0.03195706, 0.03195706, 0.03519489,
       0.03868964, 0.03868964, 0.03868964, 0.03868964, 0.04293658,
       0.04293658, 0.04750901, 0.04750901, 0.04750901, 0.04750901,
       0.04750901, 0.04750901, 0.04750901, 0.04750901, 0.04750901,
       0.04750901, 0.04750901, 0.04750901, 0.04750901, 0.04750901,
       0.04750901, 0.04750901, 0.04750901, 0.05514784, 0.05514784,
       0.05514784, 0.05514784, 0.05514784, 0.06360346, 0.07219162,
       0.07219162, 0.0812172 , 0.09043797, 0.09976374, 0.09976374,
       0.12899966, 0.13895757, 0.13895757, 0.13895757, 0.13895757,
       0.13895757, 0.14974567, 0.14974567, 0.14974567, 0.14974567,
       0.14974567, 0.16137065, 0.17317734, 0.17317734, 0.18550851,
       0.18550851, 0.19802843, 0.21080928, 0.22372893, 0.22372893,
       0.22372893, 0.22372893, 0.22372893, 0.23760605, 0.23760605,
       0.25191324, 0.26639779, 0.26639779, 0.26639779, 0.29626154,
       0.29626154, 0.32690886, 0.32690886, 0.34255669, 0.35838162,
       0.37441575, 0.39057668, 0.39057668, 0.40708914, 0.44052064,
       0.47433109, 0.50856291, 0.57760054, 0.71702465, 0.87570038,
       1.        ]), array([0.00000000e+00, 8.86958457e-04, 3.99239050e-03, 7.46117928e-03,
       7.46117928e-03, 1.06341254e-02, 1.15731753e-02, 1.37908075e-02,
       1.50588318e-02, 1.79149132e-02, 1.79149132e-02, 1.97686455e-02,
       1.97686455e-02, 2.18512382e-02, 2.18512382e-02, 2.42873461e-02,
       2.42873461e-02, 2.70653734e-02, 2.70653734e-02, 2.70653734e-02,
       3.03464367e-02, 3.03464367e-02, 3.03464367e-02, 3.42779951e-02,
       3.42779951e-02, 3.42779951e-02, 3.42779951e-02, 3.42779951e-02,
       3.42779951e-02, 3.42779951e-02, 3.92617227e-02, 3.92617227e-02,
       4.47359079e-02, 4.47359079e-02, 4.47359079e-02, 5.05788979e-02,
       5.67209260e-02, 5.67209260e-02, 6.31877224e-02, 7.64037942e-02,
       7.64037942e-02, 7.64037942e-02, 7.64037942e-02, 8.36637651e-02,
       9.86163160e-02, 1.06261721e-01, 1.06261721e-01, 1.06261721e-01,
       1.06261721e-01, 1.22994154e-01, 1.31436473e-01, 1.31436473e-01,
       1.40198247e-01, 1.49169695e-01, 1.49169695e-01, 1.49169695e-01,
       1.49169695e-01, 1.58783178e-01, 1.68679426e-01, 1.68679426e-01,
       1.68679426e-01, 1.68679426e-01, 1.79317477e-01, 2.11414571e-01,
       2.33225524e-01, 2.44232288e-01, 2.44232288e-01, 2.44232288e-01,
       2.44232288e-01, 2.67724150e-01, 2.79616684e-01, 2.79616684e-01,
       2.79616684e-01, 2.79616684e-01, 2.79616684e-01, 2.79616684e-01,
       2.79616684e-01, 3.05938102e-01, 3.05938102e-01, 3.05938102e-01,
       3.05938102e-01, 3.05938102e-01, 3.05938102e-01, 3.05938102e-01,
       3.05938102e-01, 3.05938102e-01, 3.05938102e-01, 3.35571199e-01,
       3.50508432e-01, 3.65730217e-01, 3.81087434e-01, 3.81087434e-01,
       3.96783778e-01, 3.96783778e-01, 4.12864253e-01, 4.29091676e-01,
       5.10952460e-01, 6.26871740e-01, 6.76999052e-01, 8.46508926e-01,
       1.00000000e+00]), array([0.00000000e+00, 3.00693344e-04, 2.66846504e-03, 7.53158885e-03,
       1.08519481e-02, 1.29372081e-02, 1.56270514e-02, 1.66633008e-02,
       1.90649241e-02, 2.17994198e-02, 2.17994198e-02, 2.17994198e-02,
       2.35904493e-02, 2.55885029e-02, 2.55885029e-02, 2.78632552e-02,
       3.03478484e-02, 3.29733256e-02, 3.58758615e-02, 3.58758615e-02,
       3.58758615e-02, 3.58758615e-02, 3.58758615e-02, 3.58758615e-02,
       3.97116415e-02, 4.36368343e-02, 4.36368343e-02, 4.78399887e-02,
       4.78399887e-02, 4.78399887e-02, 4.78399887e-02, 5.27231839e-02,
       5.78575715e-02, 5.78575715e-02, 5.78575715e-02, 5.78575715e-02,
       5.78575715e-02, 5.78575715e-02, 6.39497280e-02, 6.39497280e-02,
       6.39497280e-02, 6.39497280e-02, 6.39497280e-02, 7.07515792e-02,
       7.77080736e-02, 7.77080736e-02, 7.77080736e-02, 7.77080736e-02,
       8.53878211e-02, 8.53878211e-02, 8.53878211e-02, 8.53878211e-02,
       9.37701508e-02, 9.37701508e-02, 9.37701508e-02, 9.37701508e-02,
       1.20621237e-01, 1.20621237e-01, 1.20621237e-01, 1.20621237e-01,
       1.20621237e-01, 1.20621237e-01, 1.20621237e-01, 1.30751708e-01,
       1.30751708e-01, 1.30751708e-01, 1.30751708e-01, 1.30751708e-01,
       1.30751708e-01, 1.30751708e-01, 1.41946999e-01, 1.41946999e-01,
       1.41946999e-01, 1.41946999e-01, 1.65677112e-01, 2.01733561e-01,
       2.01733561e-01, 2.01733561e-01, 2.14227071e-01, 2.26866760e-01,
       2.26866760e-01, 2.26866760e-01, 2.40001745e-01, 2.40001745e-01,
       2.40001745e-01, 2.53663942e-01, 2.53663942e-01, 2.67648408e-01,
       2.67648408e-01, 2.81956435e-01, 3.10883263e-01, 3.25431240e-01,
       3.40218882e-01, 3.55095689e-01, 3.85421130e-01, 4.46421265e-01,
       4.61882507e-01, 5.55590719e-01, 7.44786955e-01, 9.51916650e-01,
       1.00000000e+00]), array([0.        , 0.        , 0.00137262, 0.00416263, 0.0123574 ,
       0.01665501, 0.0194504 , 0.02151962, 0.02151962, 0.02290222,
       0.02605916, 0.02784254, 0.02784254, 0.03420767, 0.03871024,
       0.04111228, 0.04111228, 0.04399289, 0.04399289, 0.04714233,
       0.0504796 , 0.05389204, 0.05389204, 0.05389204, 0.05389204,
       0.05389204, 0.06258798, 0.06258798, 0.06724594, 0.06724594,
       0.06724594, 0.06724594, 0.06724594, 0.06724594, 0.07291807,
       0.07291807, 0.07291807, 0.07291807, 0.07291807, 0.07291807,
       0.07291807, 0.07291807, 0.07291807, 0.07291807, 0.08782526,
       0.08782526, 0.09551093, 0.09551093, 0.09551093, 0.09551093,
       0.09551093, 0.10418495, 0.11299505, 0.11299505, 0.11299505,
       0.11299505, 0.11299505, 0.11299505, 0.13258406, 0.13258406,
       0.15285439, 0.15285439, 0.15285439, 0.15285439, 0.16364554,
       0.16364554, 0.17478206, 0.22014454, 0.22014454, 0.22014454,
       0.23200822, 0.23200822, 0.24417022, 0.24417022, 0.24417022,
       0.25685311, 0.25685311, 0.26990172, 0.2830342 , 0.3097168 ,
       0.32330724, 0.33704909, 0.33704909, 0.33704909, 0.33704909,
       0.33704909, 0.33704909, 0.33704909, 0.33704909, 0.38233677,
       0.44321817, 0.44321817, 0.45884979, 0.49033188, 0.50630107,
       0.58687947, 0.70080022, 0.79941708, 0.8657417 , 1.        ,
       1.        ])]",0.0128337573986587,0.0021553755881359,0.0046352347322482,0.000354325969058,"[{'lambda_reg': 0.00448401894007486, 'gamma': 0.002663611432751469}, {'lambda_reg': 0.0026269907213839075, 'gamma': 0.0049093494792500575}, {'lambda_reg': 0.008924992822474949, 'gamma': 0.011401391800538722}, {'lambda_reg': 0.004540065339159263, 'gamma': 0.003481573930506492}, {'lambda_reg': 0.0025688188794311165, 'gamma': 0.0017999329281410737}]",600,1,exponential,108
"[np.float64(0.264409706681176), np.float64(0.2554731880591358), np.float64(0.2801253578283429), np.float64(0.31558106701749644), np.float64(0.2697617605020522)]",0.2770702160176407,0.0208449186687743,"[np.float64(0.5516078321255974), np.float64(0.5432520665167201), np.float64(0.6171006003861932), np.float64(0.5986264239522293), np.float64(0.5093104654660345)]",0.5639794776893549,0.0389708830981883,"[np.float64(0.5997681846672311), np.float64(0.6091041012628216), np.float64(0.5862562468572966), np.float64(0.5958290193118504), np.float64(0.6134030125070715)]",0.6008721129212542,0.0096443150926162,"[array([0.        , 0.        , 0.        , 0.        , 0.        ,
       0.        , 0.        , 0.        , 0.        , 0.        ,
       0.        , 0.        , 0.        , 0.        , 0.01112038,
       0.01112038, 0.01112038, 0.01112038, 0.03231668, 0.03231668,
       0.04268101, 0.05299688, 0.07318646, 0.09313522, 0.10299747,
       0.13224144, 0.14184233, 0.17986566, 0.18921213, 0.22621083,
       0.29888911, 0.34366489, 0.3701884 , 0.37893081, 0.46491   ,
       0.52410689, 0.60717001, 0.65645801, 0.7048091 , 0.72074909,
       0.75200118, 0.80566455, 0.83586971, 0.86549359, 0.88007134,
       0.90159326, 0.91564461, 0.92254266, 0.93612333, 0.94283068,
       0.96234606, 0.981469  , 0.98777733, 0.99394607, 1.        ,
       1.        , 1.        , 1.        , 1.        , 1.        ,
       1.        , 1.        , 1.        , 1.        , 1.        ,
       1.        , 1.        , 1.        , 1.        , 1.        ,
       1.        , 1.        , 1.        , 1.        , 1.        ,
       1.        , 1.        , 1.        , 1.        , 1.        ,
       1.        , 1.        , 1.        , 1.        , 1.        ,
       1.        , 1.        , 1.        , 1.        , 1.        ,
       1.        , 1.        , 1.        , 1.        , 1.        ,
       1.        , 1.        , 1.        , 1.        , 1.        ,
       1.        ]), array([0.        , 0.        , 0.        , 0.        , 0.        ,
       0.        , 0.        , 0.        , 0.        , 0.        ,
       0.        , 0.        , 0.        , 0.        , 0.        ,
       0.0114498 , 0.0114498 , 0.0114498 , 0.02246669, 0.02246669,
       0.04408817, 0.04408817, 0.05465033, 0.08587745, 0.09611525,
       0.09611525, 0.13612338, 0.15580878, 0.18484447, 0.2328272 ,
       0.2423291 , 0.27030579, 0.29791208, 0.3703082 , 0.37926976,
       0.41440763, 0.44050246, 0.47443679, 0.51618231, 0.58223536,
       0.65518748, 0.70311732, 0.73452287, 0.76536909, 0.81079051,
       0.83314609, 0.85497263, 0.87643333, 0.90465373, 0.93237855,
       0.93911371, 0.95915154, 0.96568358, 0.96568358, 0.96568358,
       0.96568358, 0.98359576, 0.98940766, 0.98940766, 0.98940766,
       0.99480714, 0.99480714, 1.        , 1.        , 1.        ,
       1.        , 1.        , 1.        , 1.        , 1.        ,
       1.        , 1.        , 1.        , 1.        , 1.        ,
       1.        , 1.        , 1.        , 1.        , 1.        ,
       1.        , 1.        , 1.        , 1.        , 1.        ,
       1.        , 1.        , 1.        , 1.        , 1.        ,
       1.        , 1.        , 1.        , 1.        , 1.        ,
       1.        , 1.        , 1.        , 1.        , 1.        ,
       1.        ]), array([0.        , 0.        , 0.        , 0.        , 0.        ,
       0.        , 0.        , 0.        , 0.        , 0.        ,
       0.        , 0.        , 0.        , 0.        , 0.        ,
       0.        , 0.        , 0.        , 0.        , 0.        ,
       0.01055821, 0.01055821, 0.01055821, 0.02084255, 0.04093828,
       0.04093828, 0.09007578, 0.13850798, 0.15771349, 0.18609236,
       0.19537861, 0.22280892, 0.28602343, 0.33950692, 0.37468216,
       0.40927289, 0.46877987, 0.54412102, 0.63471842, 0.70801403,
       0.73990124, 0.76349105, 0.80983286, 0.83251094, 0.86234668,
       0.89171816, 0.90610085, 0.91318346, 0.94787839, 0.96137521,
       0.97468806, 0.98120029, 0.98120029, 0.99380235, 1.        ,
       1.        , 1.        , 1.        , 1.        , 1.        ,
       1.        , 1.        , 1.        , 1.        , 1.        ,
       1.        , 1.        , 1.        , 1.        , 1.        ,
       1.        , 1.        , 1.        , 1.        , 1.        ,
       1.        , 1.        , 1.        , 1.        , 1.        ,
       1.        , 1.        , 1.        , 1.        , 1.        ,
       1.        , 1.        , 1.        , 1.        , 1.        ,
       1.        , 1.        , 1.        , 1.        , 1.        ,
       1.        , 1.        , 1.        , 1.        , 1.        ,
       1.        ]), array([0.        , 0.        , 0.        , 0.        , 0.        ,
       0.        , 0.        , 0.        , 0.        , 0.        ,
       0.        , 0.        , 0.        , 0.        , 0.        ,
       0.        , 0.        , 0.        , 0.01071273, 0.02122412,
       0.02122412, 0.02122412, 0.02122412, 0.04118427, 0.07087004,
       0.10007779, 0.1288558 , 0.18589964, 0.19527936, 0.26920581,
       0.31467974, 0.35955586, 0.40392208, 0.42997356, 0.47287796,
       0.53217366, 0.56544633, 0.63910394, 0.67945816, 0.75079708,
       0.77429445, 0.80496235, 0.8200196 , 0.84235219, 0.86422127,
       0.87853221, 0.92777995, 0.94168979, 0.96871648, 0.96871648,
       0.96871648, 0.98153301, 0.98783577, 0.99399447, 1.        ,
       1.        , 1.        , 1.        , 1.        , 1.        ,
       1.        , 1.        , 1.        , 1.        , 1.        ,
       1.        , 1.        , 1.        , 1.        , 1.        ,
       1.        , 1.        , 1.        , 1.        , 1.        ,
       1.        , 1.        , 1.        , 1.        , 1.        ,
       1.        , 1.        , 1.        , 1.        , 1.        ,
       1.        , 1.        , 1.        , 1.        , 1.        ,
       1.        , 1.        , 1.        , 1.        , 1.        ,
       1.        , 1.        , 1.        , 1.        , 1.        ,
       1.        ]), array([0.        , 0.        , 0.        , 0.        , 0.        ,
       0.        , 0.        , 0.        , 0.        , 0.        ,
       0.        , 0.        , 0.        , 0.        , 0.        ,
       0.        , 0.        , 0.        , 0.        , 0.01107086,
       0.03287729, 0.04369765, 0.04369765, 0.0647519 , 0.09593432,
       0.10619543, 0.12651719, 0.13641744, 0.16591032, 0.18523375,
       0.22348899, 0.26112211, 0.32608304, 0.35350462, 0.39851592,
       0.44297643, 0.48681146, 0.50405855, 0.54646001, 0.56313426,
       0.60427796, 0.65254288, 0.68433478, 0.72329141, 0.74628463,
       0.79165446, 0.82868956, 0.86499618, 0.89342444, 0.91420379,
       0.92101221, 0.93449189, 0.94107766, 0.94749409, 0.9601436 ,
       0.97238185, 0.97238185, 0.97833437, 0.98414421, 0.9897829 ,
       0.9897829 , 0.99512675, 0.99512675, 0.99512675, 0.99512675,
       1.        , 1.        , 1.        , 1.        , 1.        ,
       1.        , 1.        , 1.        , 1.        , 1.        ,
       1.        , 1.        , 1.        , 1.        , 1.        ,
       1.        , 1.        , 1.        , 1.        , 1.        ,
       1.        , 1.        , 1.        , 1.        , 1.        ,
       1.        , 1.        , 1.        , 1.        , 1.        ,
       1.        , 1.        , 1.        , 1.        , 1.        ,
       1.        ])]","[array([0.        , 0.        , 0.        , 0.        , 0.        ,
       0.        , 0.        , 0.        , 0.        , 0.        ,
       0.        , 0.        , 0.        , 0.        , 0.00325957,
       0.00325957, 0.00325957, 0.00325957, 0.01168013, 0.01168013,
       0.01631606, 0.02104022, 0.0312935 , 0.04198518, 0.04753514,
       0.06480907, 0.07083484, 0.09563013, 0.10211907, 0.12877967,
       0.18450232, 0.2205089 , 0.24273537, 0.25032399, 0.32884059,
       0.38560184, 0.46942708, 0.52072328, 0.57372509, 0.59171466,
       0.62883684, 0.69567177, 0.73469988, 0.7747862 , 0.7952557 ,
       0.82658748, 0.84801528, 0.85896151, 0.88124617, 0.89253959,
       0.92752424, 0.96322331, 0.97524313, 0.98751705, 1.        ,
       1.        , 1.        , 1.        , 1.        , 1.        ,
       1.        , 1.        , 1.        , 1.        , 1.        ,
       1.        , 1.        , 1.        , 1.        , 1.        ,
       1.        , 1.        , 1.        , 1.        , 1.        ,
       1.        , 1.        , 1.        , 1.        , 1.        ,
       1.        , 1.        , 1.        , 1.        , 1.        ,
       1.        , 1.        , 1.        , 1.        , 1.        ,
       1.        , 1.        , 1.        , 1.        , 1.        ,
       1.        , 1.        , 1.        , 1.        , 1.        ,
       1.        ]), array([0.        , 0.        , 0.        , 0.        , 0.        ,
       0.        , 0.        , 0.        , 0.        , 0.        ,
       0.        , 0.        , 0.        , 0.        , 0.        ,
       0.00321039, 0.00321039, 0.00321039, 0.00713241, 0.00713241,
       0.0156542 , 0.0156542 , 0.02032373, 0.03508739, 0.0402901 ,
       0.0402901 , 0.06265121, 0.07435559, 0.09272159, 0.12400573,
       0.13041814, 0.15052495, 0.17124066, 0.22848908, 0.23578971,
       0.2661567 , 0.28935698, 0.32170238, 0.36323942, 0.43091477,
       0.50928114, 0.56268413, 0.59918642, 0.63660813, 0.69413455,
       0.72348152, 0.75369816, 0.78451617, 0.8262543 , 0.86880707,
       0.87976753, 0.9129245 , 0.92421884, 0.92421884, 0.92421884,
       0.92421884, 0.96087002, 0.97334816, 0.97334816, 0.97334816,
       0.98650426, 0.98650426, 1.        , 1.        , 1.        ,
       1.        , 1.        , 1.        , 1.        , 1.        ,
       1.        , 1.        , 1.        , 1.        , 1.        ,
       1.        , 1.        , 1.        , 1.        , 1.        ,
       1.        , 1.        , 1.        , 1.        , 1.        ,
       1.        , 1.        , 1.        , 1.        , 1.        ,
       1.        , 1.        , 1.        , 1.        , 1.        ,
       1.        , 1.        , 1.        , 1.        , 1.        ,
       1.        ]), array([0.        , 0.        , 0.        , 0.        , 0.        ,
       0.        , 0.        , 0.        , 0.        , 0.        ,
       0.        , 0.        , 0.        , 0.        , 0.        ,
       0.        , 0.        , 0.        , 0.        , 0.        ,
       0.0045141 , 0.0045141 , 0.0045141 , 0.00949833, 0.02027864,
       0.02027864, 0.04912084, 0.07917375, 0.09148223, 0.11068204,
       0.11737959, 0.13820772, 0.18816198, 0.23218222, 0.26235372,
       0.29352859, 0.34984725, 0.42426163, 0.5177638 , 0.59568956,
       0.63150533, 0.65892607, 0.71520573, 0.74419155, 0.78352887,
       0.82366313, 0.84425049, 0.85473083, 0.9083652 , 0.93047326,
       0.95289711, 0.96435655, 0.96435655, 0.98800054, 1.        ,
       1.        , 1.        , 1.        , 1.        , 1.        ,
       1.        , 1.        , 1.        , 1.        , 1.        ,
       1.        , 1.        , 1.        , 1.        , 1.        ,
       1.        , 1.        , 1.        , 1.        , 1.        ,
       1.        , 1.        , 1.        , 1.        , 1.        ,
       1.        , 1.        , 1.        , 1.        , 1.        ,
       1.        , 1.        , 1.        , 1.        , 1.        ,
       1.        , 1.        , 1.        , 1.        , 1.        ,
       1.        , 1.        , 1.        , 1.        , 1.        ,
       1.        ]), array([0.        , 0.        , 0.        , 0.        , 0.        ,
       0.        , 0.        , 0.        , 0.        , 0.        ,
       0.        , 0.        , 0.        , 0.        , 0.        ,
       0.        , 0.        , 0.        , 0.00399796, 0.0083628 ,
       0.0083628 , 0.0083628 , 0.0083628 , 0.01902859, 0.03549093,
       0.05282423, 0.07094053, 0.10810635, 0.11453313, 0.16797216,
       0.20270183, 0.23852074, 0.27526869, 0.29835286, 0.33776432,
       0.39434418, 0.42778805, 0.50523394, 0.54929193, 0.63096258,
       0.65870043, 0.69689031, 0.71648939, 0.74634953, 0.77705419,
       0.7980131 , 0.87290077, 0.8945905 , 0.9394148 , 0.9394148 ,
       0.9394148 , 0.96309657, 0.97512971, 0.98742531, 1.        ,
       1.        , 1.        , 1.        , 1.        , 1.        ,
       1.        , 1.        , 1.        , 1.        , 1.        ,
       1.        , 1.        , 1.        , 1.        , 1.        ,
       1.        , 1.        , 1.        , 1.        , 1.        ,
       1.        , 1.        , 1.        , 1.        , 1.        ,
       1.        , 1.        , 1.        , 1.        , 1.        ,
       1.        , 1.        , 1.        , 1.        , 1.        ,
       1.        , 1.        , 1.        , 1.        , 1.        ,
       1.        , 1.        , 1.        , 1.        , 1.        ,
       1.        ]), array([0.        , 0.        , 0.        , 0.        , 0.        ,
       0.        , 0.        , 0.        , 0.        , 0.        ,
       0.        , 0.        , 0.        , 0.        , 0.        ,
       0.        , 0.        , 0.        , 0.        , 0.00396918,
       0.01244203, 0.01681054, 0.01681054, 0.02648253, 0.04162653,
       0.04688659, 0.05772631, 0.06356167, 0.08139913, 0.09383038,
       0.11931722, 0.14579582, 0.19356344, 0.21470297, 0.25103763,
       0.28825036, 0.32646022, 0.34220156, 0.38269684, 0.39935141,
       0.44185179, 0.49461785, 0.53040853, 0.57639553, 0.60459474,
       0.66197617, 0.71102647, 0.76123812, 0.80239111, 0.83411967,
       0.84488402, 0.86663139, 0.87775067, 0.88913993, 0.91221075,
       0.9359372 , 0.9359372 , 0.94806603, 0.96042231, 0.97305144,
       0.97305144, 0.9861506 , 0.9861506 , 0.9861506 , 0.9861506 ,
       1.        , 1.        , 1.        , 1.        , 1.        ,
       1.        , 1.        , 1.        , 1.        , 1.        ,
       1.        , 1.        , 1.        , 1.        , 1.        ,
       1.        , 1.        , 1.        , 1.        , 1.        ,
       1.        , 1.        , 1.        , 1.        , 1.        ,
       1.        , 1.        , 1.        , 1.        , 1.        ,
       1.        , 1.        , 1.        , 1.        , 1.        ,
       1.        ])]",-0.169125831504889,0.0395319807679808,0.185154544643812,0.0171148035117944,"[{'lambda_reg': 0.9329734931543229}, {'lambda_reg': 0.15738848380762643}, {'lambda_reg': 0.3238758331842234}, {'lambda_reg': 0.5958420577772686}, {'lambda_reg': 0.05376269303418758}]",600,2,linear,112
"[np.float64(0.10551986004566251), np.float64(0.04317708149424906), np.float64(0.08862364839934093), np.float64(0.12600087444286748), np.float64(0.11189929585021433)]",0.0950441520464668,0.0285782115150991,"[np.float64(0.8054445745338193), np.float64(0.7710050861753682), np.float64(0.7457937249767409), np.float64(0.72535114837194), np.float64(0.8596171910025991)]",0.7814423450120935,0.0473569348472364,"[np.float64(0.8957256605870234), np.float64(0.935887148358139), np.float64(0.8967979547226319), np.float64(0.9318289222867957), np.float64(0.9342616578119818)]",0.9189002687533144,0.0185324104416094,"[array([0.        , 0.        , 0.        , 0.20170069, 0.25850112,
       0.31500506, 0.37064284, 0.37064284, 0.42516721, 0.45222728,
       0.45222728, 0.4787176 , 0.4787176 , 0.50453519, 0.50453519,
       0.50453519, 0.55426637, 0.55426637, 0.55426637, 0.57839564,
       0.60227164, 0.64939678, 0.67259383, 0.67259383, 0.67259383,
       0.67259383, 0.67259383, 0.69419058, 0.69419058, 0.69419058,
       0.69419058, 0.69419058, 0.69419058, 0.69419058, 0.71379281,
       0.75237429, 0.77137227, 0.77137227, 0.77137227, 0.77137227,
       0.77137227, 0.77137227, 0.78867501, 0.78867501, 0.80538489,
       0.80538489, 0.80538489, 0.82110165, 0.83670138, 0.83670138,
       0.83670138, 0.83670138, 0.83670138, 0.86464508, 0.86464508,
       0.86464508, 0.86464508, 0.86464508, 0.87706628, 0.87706628,
       0.87706628, 0.8887935 , 0.9001979 , 0.91132754, 0.91132754,
       0.91132754, 0.91132754, 0.92112609, 0.92112609, 0.92112609,
       0.94802592, 0.95674075, 0.95674075, 0.95674075, 0.95674075,
       0.9641972 , 0.9641972 , 0.97098677, 0.97098677, 0.97098677,
       0.97098677, 0.97685471, 0.97685471, 0.98202045, 0.98202045,
       0.98202045, 0.98202045, 0.99007108, 0.99007108, 0.99007108,
       0.99313701, 0.99313701, 0.99313701, 0.99313701, 0.99507535,
       0.99683367, 0.99813447, 0.99813447, 0.99969443, 0.99969443,
       1.        ]), array([0.        , 0.02862062, 0.05687827, 0.08467623, 0.08467623,
       0.19419162, 0.41048069, 0.43723916, 0.4900499 , 0.56879144,
       0.6205579 , 0.72291757, 0.72291757, 0.72291757, 0.72291757,
       0.7474747 , 0.7474747 , 0.77129138, 0.79483805, 0.79483805,
       0.79483805, 0.79483805, 0.79483805, 0.79483805, 0.81669573,
       0.81669573, 0.81669573, 0.81669573, 0.81669573, 0.81669573,
       0.81669573, 0.81669573, 0.81669573, 0.81669573, 0.81669573,
       0.83546938, 0.83546938, 0.85366657, 0.87153701, 0.88920782,
       0.88920782, 0.88920782, 0.90586732, 0.92239044, 0.92239044,
       0.92239044, 0.92239044, 0.92239044, 0.92239044, 0.92239044,
       0.93674269, 0.93674269, 0.93674269, 0.93674269, 0.93674269,
       0.93674269, 0.94939233, 0.94939233, 0.96144427, 0.96144427,
       0.96144427, 0.96144427, 0.96144427, 0.96144427, 0.96144427,
       0.96144427, 0.96144427, 0.96144427, 0.96144427, 0.97033887,
       0.97033887, 0.97033887, 0.97033887, 0.97033887, 0.97033887,
       0.97033887, 0.97033887, 0.97033887, 0.98338339, 0.98338339,
       0.98338339, 0.98338339, 0.98338339, 0.98338339, 0.98338339,
       0.98338339, 0.98338339, 0.98338339, 0.98687003, 0.99016519,
       0.99016519, 0.99275748, 0.99505387, 0.99718206, 0.99718206,
       0.99718206, 0.99718206, 0.99807935, 0.99878513, 0.99931401,
       1.        ]), array([0.        , 0.        , 0.02930275, 0.08760216, 0.20271665,
       0.28820372, 0.37279428, 0.37279428, 0.40032913, 0.40032913,
       0.42743989, 0.48087477, 0.53393959, 0.53393959, 0.55971083,
       0.55971083, 0.55971083, 0.55971083, 0.58445777, 0.58445777,
       0.58445777, 0.58445777, 0.60777353, 0.65419456, 0.65419456,
       0.67657895, 0.67657895, 0.67657895, 0.67657895, 0.67657895,
       0.67657895, 0.67657895, 0.69715972, 0.69715972, 0.69715972,
       0.71661698, 0.73579251, 0.75482702, 0.75482702, 0.77307903,
       0.77307903, 0.77307903, 0.79066424, 0.79066424, 0.79066424,
       0.79066424, 0.79066424, 0.80650171, 0.80650171, 0.8218568 ,
       0.8218568 , 0.836576  , 0.836576  , 0.836576  , 0.86450325,
       0.86450325, 0.89115075, 0.89115075, 0.90385104, 0.90385104,
       0.90385104, 0.90385104, 0.90385104, 0.91497915, 0.92601228,
       0.93660163, 0.94702724, 0.94702724, 0.94702724, 0.94702724,
       0.95622732, 0.96492879, 0.96492879, 0.96492879, 0.96492879,
       0.96492879, 0.97226705, 0.97226705, 0.97226705, 0.97226705,
       0.97226705, 0.97226705, 0.98336234, 0.98854161, 0.98854161,
       0.98854161, 0.98854161, 0.98854161, 0.98854161, 0.98854161,
       0.98854161, 0.98854161, 0.99347635, 0.99347635, 0.99531368,
       0.99707608, 0.99833294, 0.99833294, 0.9991879 , 0.99967371,
       1.        ]), array([0.        , 0.03467165, 0.06871817, 0.10245795, 0.23617937,
       0.30262042, 0.3355617 , 0.40051611, 0.40051611, 0.46421383,
       0.49576828, 0.52701955, 0.52701955, 0.55749564, 0.55749564,
       0.55749564, 0.55749564, 0.5863608 , 0.5863608 , 0.5863608 ,
       0.5863608 , 0.5863608 , 0.61370339, 0.61370339, 0.64021492,
       0.64021492, 0.64021492, 0.64021492, 0.66548185, 0.66548185,
       0.66548185, 0.68963594, 0.73752007, 0.73752007, 0.80672091,
       0.80672091, 0.80672091, 0.82871131, 0.82871131, 0.85020412,
       0.85020412, 0.85020412, 0.85020412, 0.85020412, 0.85020412,
       0.85020412, 0.86902764, 0.86902764, 0.86902764, 0.86902764,
       0.88649348, 0.88649348, 0.88649348, 0.88649348, 0.88649348,
       0.90245863, 0.90245863, 0.90245863, 0.90245863, 0.90245863,
       0.90245863, 0.91614158, 0.91614158, 0.91614158, 0.91614158,
       0.91614158, 0.91614158, 0.93949992, 0.93949992, 0.93949992,
       0.95009001, 0.95009001, 0.95986706, 0.95986706, 0.95986706,
       0.95986706, 0.95986706, 0.95986706, 0.95986706, 0.95986706,
       0.95986706, 0.96660303, 0.9793232 , 0.9793232 , 0.9793232 ,
       0.9793232 , 0.9793232 , 0.9793232 , 0.98356275, 0.98356275,
       0.98356275, 0.98690337, 0.98690337, 0.99207866, 0.99207866,
       0.99207866, 0.99359023, 0.99615523, 0.99862956, 0.99958328,
       1.        ]), array([0.        , 0.        , 0.        , 0.0761532 , 0.11383042,
       0.15106154, 0.29905941, 0.37213087, 0.48087304, 0.48087304,
       0.55172733, 0.55172733, 0.55172733, 0.55172733, 0.58563931,
       0.61905866, 0.61905866, 0.61905866, 0.61905866, 0.61905866,
       0.65057929, 0.65057929, 0.68148238, 0.68148238, 0.68148238,
       0.68148238, 0.68148238, 0.68148238, 0.68148238, 0.68148238,
       0.68148238, 0.68148238, 0.70829935, 0.73477578, 0.73477578,
       0.73477578, 0.75982059, 0.75982059, 0.75982059, 0.75982059,
       0.75982059, 0.75982059, 0.78261271, 0.78261271, 0.78261271,
       0.80429377, 0.80429377, 0.80429377, 0.80429377, 0.80429377,
       0.82402138, 0.84330104, 0.86225129, 0.88066635, 0.88066635,
       0.89833886, 0.89833886, 0.89833886, 0.89833886, 0.89833886,
       0.89833886, 0.89833886, 0.89833886, 0.89833886, 0.89833886,
       0.89833886, 0.89833886, 0.91158622, 0.91158622, 0.91158622,
       0.91158622, 0.91158622, 0.91158622, 0.91158622, 0.91158622,
       0.9216469 , 0.9216469 , 0.93079942, 0.94828362, 0.94828362,
       0.94828362, 0.95601462, 0.95601462, 0.95601462, 0.95601462,
       0.96203999, 0.96203999, 0.96203999, 0.9667947 , 0.9667947 ,
       0.97075493, 0.97804954, 0.98479503, 0.98769171, 0.98769171,
       0.98970889, 0.98970889, 0.99389804, 0.99665493, 0.9988935 ,
       1.        ])]","[array([0.        , 0.        , 0.        , 0.0063901 , 0.00929008,
       0.01257455, 0.01698233, 0.01698233, 0.02283401, 0.02602197,
       0.02602197, 0.0299488 , 0.0299488 , 0.03474808, 0.03474808,
       0.03474808, 0.04681583, 0.04681583, 0.04681583, 0.05380461,
       0.06112183, 0.07656923, 0.08476695, 0.08476695, 0.08476695,
       0.08476695, 0.08476695, 0.09504003, 0.09504003, 0.09504003,
       0.09504003, 0.09504003, 0.09504003, 0.09504003, 0.1078997 ,
       0.13442696, 0.14807027, 0.14807027, 0.14807027, 0.14807027,
       0.14807027, 0.14807027, 0.16391204, 0.16391204, 0.18052267,
       0.18052267, 0.18052267, 0.19842122, 0.21647154, 0.21647154,
       0.21647154, 0.21647154, 0.21647154, 0.25679443, 0.25679443,
       0.25679443, 0.25679443, 0.25679443, 0.27896685, 0.27896685,
       0.27896685, 0.30203924, 0.32553029, 0.34937766, 0.34937766,
       0.34937766, 0.34937766, 0.37495126, 0.37495126, 0.37495126,
       0.45490877, 0.48188779, 0.48188779, 0.48188779, 0.48188779,
       0.51049875, 0.51049875, 0.53997456, 0.53997456, 0.53997456,
       0.53997456, 0.57064557, 0.57064557, 0.60222725, 0.60222725,
       0.60222725, 0.60222725, 0.66834851, 0.66834851, 0.66834851,
       0.70265332, 0.70265332, 0.70265332, 0.70265332, 0.73842045,
       0.77442104, 0.81101496, 0.81101496, 0.88555367, 0.88555367,
       1.        ]), array([0.00000000e+00, 2.50929724e-07, 5.06558570e-04, 1.65378081e-03,
       1.65378081e-03, 8.57999363e-03, 2.62549734e-02, 2.88514674e-02,
       3.50290574e-02, 4.49570868e-02, 5.25906289e-02, 6.94934785e-02,
       6.94934785e-02, 6.94934785e-02, 6.94934785e-02, 7.51591145e-02,
       7.51591145e-02, 8.18571025e-02, 8.89315544e-02, 8.89315544e-02,
       8.89315544e-02, 8.89315544e-02, 8.89315544e-02, 8.89315544e-02,
       9.83608166e-02, 9.83608166e-02, 9.83608166e-02, 9.83608166e-02,
       9.83608166e-02, 9.83608166e-02, 9.83608166e-02, 9.83608166e-02,
       9.83608166e-02, 9.83608166e-02, 9.83608166e-02, 1.12089890e-01,
       1.12089890e-01, 1.26622670e-01, 1.41611020e-01, 1.56877683e-01,
       1.56877683e-01, 1.56877683e-01, 1.73554353e-01, 1.90421148e-01,
       1.90421148e-01, 1.90421148e-01, 1.90421148e-01, 1.90421148e-01,
       1.90421148e-01, 1.90421148e-01, 2.10314610e-01, 2.10314610e-01,
       2.10314610e-01, 2.10314610e-01, 2.10314610e-01, 2.10314610e-01,
       2.32581889e-01, 2.32581889e-01, 2.55682496e-01, 2.55682496e-01,
       2.55682496e-01, 2.55682496e-01, 2.55682496e-01, 2.55682496e-01,
       2.55682496e-01, 2.55682496e-01, 2.55682496e-01, 2.55682496e-01,
       2.55682496e-01, 2.83185115e-01, 2.83185115e-01, 2.83185115e-01,
       2.83185115e-01, 2.83185115e-01, 2.83185115e-01, 2.83185115e-01,
       2.83185115e-01, 2.83185115e-01, 3.44805467e-01, 3.44805467e-01,
       3.44805467e-01, 3.44805467e-01, 3.44805467e-01, 3.44805467e-01,
       3.44805467e-01, 3.44805467e-01, 3.44805467e-01, 3.44805467e-01,
       3.79847966e-01, 4.15157422e-01, 4.15157422e-01, 4.51446836e-01,
       4.88148800e-01, 5.25085261e-01, 5.25085261e-01, 5.25085261e-01,
       5.25085261e-01, 5.63737878e-01, 6.02657497e-01, 6.41823749e-01,
       1.00000000e+00]), array([0.00000000e+00, 0.00000000e+00, 6.69485370e-04, 2.39597478e-03,
       7.72810883e-03, 1.28017780e-02, 1.90104067e-02, 1.90104067e-02,
       2.19180543e-02, 2.19180543e-02, 2.53625866e-02, 3.32475278e-02,
       4.16009640e-02, 4.16009640e-02, 4.67413173e-02, 4.67413173e-02,
       4.67413173e-02, 4.67413173e-02, 5.31784232e-02, 5.31784232e-02,
       5.31784232e-02, 5.31784232e-02, 6.14273947e-02, 7.81918107e-02,
       7.81918107e-02, 8.76198898e-02, 8.76198898e-02, 8.76198898e-02,
       8.76198898e-02, 8.76198898e-02, 8.76198898e-02, 8.76198898e-02,
       9.93313377e-02, 9.93313377e-02, 9.93313377e-02, 1.12465128e-01,
       1.25955603e-01, 1.39624594e-01, 1.39624594e-01, 1.54284224e-01,
       1.54284224e-01, 1.54284224e-01, 1.69788022e-01, 1.69788022e-01,
       1.69788022e-01, 1.69788022e-01, 1.69788022e-01, 1.87504452e-01,
       1.87504452e-01, 2.05831557e-01, 2.05831557e-01, 2.24963702e-01,
       2.24963702e-01, 2.24963702e-01, 2.65141095e-01, 2.65141095e-01,
       3.06938635e-01, 3.06938635e-01, 3.28626706e-01, 3.28626706e-01,
       3.28626706e-01, 3.28626706e-01, 3.28626706e-01, 3.52305132e-01,
       3.76103817e-01, 4.00464307e-01, 4.25032103e-01, 4.25032103e-01,
       4.25032103e-01, 4.25032103e-01, 4.51151409e-01, 4.77901952e-01,
       4.77901952e-01, 4.77901952e-01, 4.77901952e-01, 4.77901952e-01,
       5.06378300e-01, 5.06378300e-01, 5.06378300e-01, 5.06378300e-01,
       5.06378300e-01, 5.06378300e-01, 5.67864806e-01, 5.99074424e-01,
       5.99074424e-01, 5.99074424e-01, 5.99074424e-01, 5.99074424e-01,
       5.99074424e-01, 5.99074424e-01, 5.99074424e-01, 5.99074424e-01,
       6.68360140e-01, 6.68360140e-01, 7.03800622e-01, 7.39335962e-01,
       7.75511317e-01, 7.75511317e-01, 8.12195477e-01, 8.49346967e-01,
       1.00000000e+00]), array([0.00000000e+00, 5.66475815e-05, 6.89997400e-04, 1.60632095e-03,
       6.41341824e-03, 9.20411668e-03, 1.08570771e-02, 1.50192325e-02,
       1.50192325e-02, 2.03407142e-02, 2.32730528e-02, 2.64850835e-02,
       2.64850835e-02, 3.04122364e-02, 3.04122364e-02, 3.04122364e-02,
       3.04122364e-02, 3.58255078e-02, 3.58255078e-02, 3.58255078e-02,
       3.58255078e-02, 3.58255078e-02, 4.26433848e-02, 4.26433848e-02,
       5.02279369e-02, 5.02279369e-02, 5.02279369e-02, 5.02279369e-02,
       5.89606690e-02, 5.89606690e-02, 5.89606690e-02, 6.87200104e-02,
       8.86298905e-02, 8.86298905e-02, 1.20916678e-01, 1.20916678e-01,
       1.20916678e-01, 1.32672074e-01, 1.32672074e-01, 1.44886510e-01,
       1.44886510e-01, 1.44886510e-01, 1.44886510e-01, 1.44886510e-01,
       1.44886510e-01, 1.44886510e-01, 1.59563434e-01, 1.59563434e-01,
       1.59563434e-01, 1.59563434e-01, 1.75492838e-01, 1.75492838e-01,
       1.75492838e-01, 1.75492838e-01, 1.75492838e-01, 1.92806671e-01,
       1.92806671e-01, 1.92806671e-01, 1.92806671e-01, 1.92806671e-01,
       1.92806671e-01, 2.12225887e-01, 2.12225887e-01, 2.12225887e-01,
       2.12225887e-01, 2.12225887e-01, 2.12225887e-01, 2.54761385e-01,
       2.54761385e-01, 2.54761385e-01, 2.77033838e-01, 2.77033838e-01,
       3.00056331e-01, 3.00056331e-01, 3.00056331e-01, 3.00056331e-01,
       3.00056331e-01, 3.00056331e-01, 3.00056331e-01, 3.00056331e-01,
       3.00056331e-01, 3.25884292e-01, 3.78233752e-01, 3.78233752e-01,
       3.78233752e-01, 3.78233752e-01, 3.78233752e-01, 3.78233752e-01,
       4.06364720e-01, 4.06364720e-01, 4.06364720e-01, 4.35324978e-01,
       4.35324978e-01, 4.94634760e-01, 4.94634760e-01, 4.94634760e-01,
       5.25282352e-01, 5.87000185e-01, 6.80843726e-01, 7.44048006e-01,
       1.00000000e+00]), array([0.        , 0.        , 0.        , 0.00155341, 0.00262653,
       0.00403073, 0.01033526, 0.01417587, 0.02057879, 0.02057879,
       0.02606493, 0.02606493, 0.02606493, 0.02606493, 0.02993252,
       0.03416573, 0.03416573, 0.03416573, 0.03416573, 0.03416573,
       0.03980813, 0.03980813, 0.04590885, 0.04590885, 0.04590885,
       0.04590885, 0.04590885, 0.04590885, 0.04590885, 0.04590885,
       0.04590885, 0.04590885, 0.05504219, 0.06442828, 0.06442828,
       0.06442828, 0.07487688, 0.07487688, 0.07487688, 0.07487688,
       0.07487688, 0.07487688, 0.08699738, 0.08699738, 0.08699738,
       0.09994248, 0.09994248, 0.09994248, 0.09994248, 0.09994248,
       0.11433738, 0.12906475, 0.14403659, 0.15940564, 0.15940564,
       0.17532579, 0.17532579, 0.17532579, 0.17532579, 0.17532579,
       0.17532579, 0.17532579, 0.17532579, 0.17532579, 0.17532579,
       0.17532579, 0.17532579, 0.19453019, 0.19453019, 0.19453019,
       0.19453019, 0.19453019, 0.19453019, 0.19453019, 0.19453019,
       0.21609967, 0.21609967, 0.23834316, 0.28343935, 0.28343935,
       0.28343935, 0.30673787, 0.30673787, 0.30673787, 0.30673787,
       0.33130226, 0.33130226, 0.33130226, 0.3568097 , 0.3568097 ,
       0.3829068 , 0.43556547, 0.48863169, 0.51551812, 0.51551812,
       0.5430573 , 0.5430573 , 0.62705706, 0.71211981, 0.82660352,
       1.        ])]",0.0053806047677138,0.0168489750836246,0.0070096325471715,0.0026286842112419,"[{'lambda_reg': 0.0016041041362428346, 'gamma': 0.008555997757160878}, {'lambda_reg': 0.0006100183609542537, 'gamma': 0.04246793754842304}, {'lambda_reg': 0.00046018849988257267, 'gamma': 0.0031017657035026566}, {'lambda_reg': 0.003588726773355848, 'gamma': 0.10263270682717993}, {'lambda_reg': 0.009816069086344569, 'gamma': 0.0324545808011034}]",300,1,rbf,85
"[np.float64(0.06697465068525117), np.float64(0.08136272219198407), np.float64(0.08848078098307345), np.float64(0.06333522459721223), np.float64(0.08793567494414878)]",0.0776178106803339,0.0105428262709532,"[np.float64(0.8093470921739078), np.float64(0.8240910842598245), np.float64(0.8388097665295137), np.float64(0.816313835588283), np.float64(0.836826827855061)]",0.825077721281318,0.0114179018137951,"[np.float64(0.9479639229574246), np.float64(0.9608895277637631), np.float64(0.9382494467844564), np.float64(0.9773707502224991), np.float64(0.9592176541432007)]",0.9567382603742688,0.0131750163324474,"[array([0.        , 0.25301182, 0.37861096, 0.43176072, 0.46680679,
       0.48412769, 0.48412769, 0.48412769, 0.48412769, 0.50078496,
       0.53366815, 0.53366815, 0.54974688, 0.54974688, 0.58105651,
       0.59654253, 0.61193209, 0.62700131, 0.64189102, 0.64189102,
       0.67119725, 0.70006017, 0.70006017, 0.70006017, 0.71396314,
       0.71396314, 0.71396314, 0.7272285 , 0.7403398 , 0.7403398 ,
       0.75321241, 0.75321241, 0.75321241, 0.75321241, 0.77746161,
       0.78937568, 0.78937568, 0.78937568, 0.78937568, 0.78937568,
       0.80029314, 0.81114782, 0.84315667, 0.84315667, 0.84315667,
       0.87347915, 0.87347915, 0.87347915, 0.87347915, 0.87347915,
       0.88260761, 0.88260761, 0.88260761, 0.88260761, 0.89107277,
       0.89107277, 0.89107277, 0.89107277, 0.89107277, 0.89107277,
       0.89107277, 0.89107277, 0.89107277, 0.89107277, 0.89107277,
       0.89107277, 0.89734634, 0.90951622, 0.91533823, 0.92102169,
       0.92647328, 0.92647328, 0.93163834, 0.93163834, 0.93643738,
       0.93643738, 0.94523722, 0.94946164, 0.94946164, 0.95339198,
       0.95339198, 0.95339198, 0.95339198, 0.95971798, 0.96561104,
       0.96837372, 0.96837372, 0.96837372, 0.97295785, 0.97295785,
       0.98064044, 0.98064044, 0.98225321, 0.98633812, 0.98633812,
       0.98921454, 0.99227668, 0.99346711, 0.99565768, 0.99860011,
       1.        ]), array([0.        , 0.47088748, 0.53088055, 0.59018206, 0.64911647,
       0.64911647, 0.67782648, 0.70630924, 0.7345368 , 0.74851318,
       0.74851318, 0.74851318, 0.74851318, 0.74851318, 0.74851318,
       0.76155323, 0.76155323, 0.76155323, 0.76155323, 0.76155323,
       0.76155323, 0.79783621, 0.79783621, 0.80960688, 0.80960688,
       0.82106663, 0.82106663, 0.82106663, 0.83205797, 0.84292126,
       0.84292126, 0.84292126, 0.84292126, 0.84292126, 0.84292126,
       0.84292126, 0.84292126, 0.84292126, 0.85240184, 0.85240184,
       0.85240184, 0.85240184, 0.85240184, 0.85240184, 0.85240184,
       0.85240184, 0.85240184, 0.85240184, 0.85240184, 0.86028737,
       0.86028737, 0.86789527, 0.88267181, 0.89700704, 0.89700704,
       0.91081442, 0.91081442, 0.91081442, 0.91081442, 0.92985108,
       0.92985108, 0.92985108, 0.92985108, 0.92985108, 0.92985108,
       0.92985108, 0.92985108, 0.93490381, 0.93984364, 0.93984364,
       0.94446098, 0.94446098, 0.94446098, 0.95289864, 0.95289864,
       0.95289864, 0.95289864, 0.95289864, 0.95633692, 0.95968359,
       0.96283588, 0.96283588, 0.96568377, 0.96568377, 0.96822337,
       0.97055821, 0.97055821, 0.97476315, 0.97476315, 0.97656484,
       0.97969803, 0.97969803, 0.97969803, 0.98199201, 0.98600085,
       0.98999726, 0.99361984, 0.99670174, 0.99788178, 1.        ,
       1.        ]), array([0.        , 0.14321018, 0.30070544, 0.40982269, 0.47138725,
       0.53255408, 0.53255408, 0.57733291, 0.60694598, 0.62154918,
       0.63594337, 0.63594337, 0.63594337, 0.66391045, 0.67775544,
       0.67775544, 0.67775544, 0.67775544, 0.67775544, 0.69082401,
       0.70376498, 0.70376498, 0.71630195, 0.71630195, 0.71630195,
       0.71630195, 0.71630195, 0.72806056, 0.72806056, 0.72806056,
       0.72806056, 0.72806056, 0.73908863, 0.7498177 , 0.7498177 ,
       0.7498177 , 0.7498177 , 0.77020421, 0.77020421, 0.77020421,
       0.79930635, 0.79930635, 0.79930635, 0.80851938, 0.82667195,
       0.83548325, 0.85298769, 0.86150441, 0.86150441, 0.86150441,
       0.86951612, 0.86951612, 0.86951612, 0.86951612, 0.86951612,
       0.87673838, 0.87673838, 0.89064843, 0.89064843, 0.90395589,
       0.90395589, 0.91023973, 0.91637966, 0.92245554, 0.92824027,
       0.92824027, 0.93383081, 0.93383081, 0.93898825, 0.94403185,
       0.94403185, 0.94403185, 0.94403185, 0.94840349, 0.94840349,
       0.94840349, 0.95635051, 0.95635051, 0.95635051, 0.95635051,
       0.95635051, 0.95635051, 0.95635051, 0.95907011, 0.95907011,
       0.96651793, 0.96651793, 0.96651793, 0.97058113, 0.97234731,
       0.97234731, 0.97539138, 0.97943686, 0.97943686, 0.98570054,
       0.9901974 , 0.99451027, 0.99601186, 1.        , 1.        ,
       1.        ]), array([0.        , 0.66226213, 0.67906222, 0.69563634, 0.71210646,
       0.74464746, 0.76068723, 0.77665437, 0.79233571, 0.79233571,
       0.79233571, 0.79233571, 0.79233571, 0.79233571, 0.80705144,
       0.80705144, 0.80705144, 0.80705144, 0.80705144, 0.80705144,
       0.82071631, 0.82071631, 0.83404573, 0.83404573, 0.83404573,
       0.83404573, 0.83404573, 0.83404573, 0.83404573, 0.84628255,
       0.84628255, 0.84628255, 0.84628255, 0.84628255, 0.84628255,
       0.84628255, 0.84628255, 0.86771639, 0.86771639, 0.86771639,
       0.86771639, 0.86771639, 0.86771639, 0.87743524, 0.88707321,
       0.88707321, 0.89633933, 0.89633933, 0.89633933, 0.89633933,
       0.89633933, 0.90469321, 0.92128246, 0.92128246, 0.92128246,
       0.92128246, 0.92128246, 0.92867501, 0.92867501, 0.92867501,
       0.92867501, 0.92867501, 0.92867501, 0.93510071, 0.93510071,
       0.93510071, 0.93510071, 0.93510071, 0.93510071, 0.94051368,
       0.94569603, 0.94569603, 0.94569603, 0.95511459, 0.95955476,
       0.95955476, 0.95955476, 0.95955476, 0.96333878, 0.96333878,
       0.97032281, 0.97032281, 0.97032281, 0.97032281, 0.97032281,
       0.97032281, 0.97032281, 0.97032281, 0.97032281, 0.97809073,
       0.97983112, 0.98149674, 0.98589432, 0.98589432, 0.98589432,
       0.98687491, 0.98914126, 0.99097375, 0.99499488, 0.99823123,
       1.        ]), array([0.        , 0.22264074, 0.34827521, 0.50377414, 0.58067607,
       0.61114794, 0.70162302, 0.73151   , 0.73151   , 0.73151   ,
       0.73151   , 0.73151   , 0.75975582, 0.77370537, 0.77370537,
       0.77370537, 0.77370537, 0.80036709, 0.80036709, 0.80036709,
       0.80036709, 0.8131129 , 0.8131129 , 0.8131129 , 0.8131129 ,
       0.8131129 , 0.8131129 , 0.8131129 , 0.8131129 , 0.8131129 ,
       0.8244125 , 0.8244125 , 0.8244125 , 0.8244125 , 0.83494322,
       0.83494322, 0.83494322, 0.83494322, 0.83494322, 0.83494322,
       0.83494322, 0.83494322, 0.83494322, 0.83494322, 0.83494322,
       0.86156215, 0.87032316, 0.87032316, 0.87032316, 0.87032316,
       0.87032316, 0.87032316, 0.87032316, 0.87032316, 0.87779298,
       0.88500145, 0.88500145, 0.89194538, 0.89194538, 0.89194538,
       0.89194538, 0.89194538, 0.89194538, 0.89798026, 0.89798026,
       0.91494938, 0.92052223, 0.92579313, 0.94140219, 0.94140219,
       0.94140219, 0.94140219, 0.94140219, 0.94582327, 0.95011335,
       0.95416703, 0.95416703, 0.95416703, 0.95416703, 0.95416703,
       0.95743912, 0.95743912, 0.95743912, 0.96589244, 0.97126445,
       0.97126445, 0.97365597, 0.97365597, 0.9796302 , 0.98146276,
       0.98146276, 0.98440237, 0.98708484, 0.9883439 , 0.99126649,
       0.99214946, 0.99214946, 0.99774959, 0.99818703, 0.99934434,
       1.        ])]","[array([0.00000000e+00, 9.69413982e-04, 2.22356687e-03, 3.33676702e-03,
       4.40737459e-03, 5.11420339e-03, 5.11420339e-03, 5.11420339e-03,
       5.11420339e-03, 6.38416547e-03, 9.29011687e-03, 9.29011687e-03,
       1.10509976e-02, 1.10509976e-02, 1.52922105e-02, 1.75560513e-02,
       1.99017395e-02, 2.25192565e-02, 2.52891080e-02, 2.52891080e-02,
       3.12303233e-02, 3.75477222e-02, 3.75477222e-02, 3.75477222e-02,
       4.11548766e-02, 4.11548766e-02, 4.11548766e-02, 4.53030771e-02,
       4.95820080e-02, 4.95820080e-02, 5.40634917e-02, 5.40634917e-02,
       5.40634917e-02, 5.40634917e-02, 6.42959119e-02, 6.95907691e-02,
       6.95907691e-02, 6.95907691e-02, 6.95907691e-02, 6.95907691e-02,
       7.57313072e-02, 8.19251260e-02, 1.00977690e-01, 1.00977690e-01,
       1.00977690e-01, 1.21461231e-01, 1.21461231e-01, 1.21461231e-01,
       1.21461231e-01, 1.21461231e-01, 1.29119854e-01, 1.29119854e-01,
       1.29119854e-01, 1.29119854e-01, 1.37341325e-01, 1.37341325e-01,
       1.37341325e-01, 1.37341325e-01, 1.37341325e-01, 1.37341325e-01,
       1.37341325e-01, 1.37341325e-01, 1.37341325e-01, 1.37341325e-01,
       1.37341325e-01, 1.37341325e-01, 1.47422493e-01, 1.67904956e-01,
       1.78369307e-01, 1.88951217e-01, 1.99729887e-01, 1.99729887e-01,
       2.10751694e-01, 2.10751694e-01, 2.22084095e-01, 2.22084095e-01,
       2.45426247e-01, 2.57246246e-01, 2.57246246e-01, 2.69315789e-01,
       2.69315789e-01, 2.69315789e-01, 2.69315789e-01, 2.94757156e-01,
       3.20565886e-01, 3.33626265e-01, 3.33626265e-01, 3.33626265e-01,
       3.60545705e-01, 3.60545705e-01, 4.15645274e-01, 4.15645274e-01,
       4.29681417e-01, 4.72429163e-01, 4.72429163e-01, 5.16202379e-01,
       5.75222683e-01, 6.05021887e-01, 6.80186457e-01, 8.47141098e-01,
       1.00000000e+00]), array([0.        , 0.00200849, 0.00319212, 0.00520973, 0.00767002,
       0.00767002, 0.00981329, 0.01223061, 0.01495567, 0.0164839 ,
       0.0164839 , 0.0164839 , 0.0164839 , 0.0164839 , 0.0164839 ,
       0.01914128, 0.01914128, 0.01914128, 0.01914128, 0.01914128,
       0.01914128, 0.03053483, 0.03053483, 0.03472298, 0.03472298,
       0.03928609, 0.03928609, 0.03928609, 0.04441406, 0.04969644,
       0.04969644, 0.04969644, 0.04969644, 0.04969644, 0.04969644,
       0.04969644, 0.04969644, 0.04969644, 0.05664628, 0.05664628,
       0.05664628, 0.05664628, 0.05664628, 0.05664628, 0.05664628,
       0.05664628, 0.05664628, 0.05664628, 0.05664628, 0.06551963,
       0.06551963, 0.07472779, 0.09367382, 0.11315203, 0.11315203,
       0.13326678, 0.13326678, 0.13326678, 0.13326678, 0.16545813,
       0.16545813, 0.16545813, 0.16545813, 0.16545813, 0.16545813,
       0.16545813, 0.16545813, 0.17774763, 0.19017329, 0.19017329,
       0.20298784, 0.20298784, 0.20298784, 0.22957809, 0.22957809,
       0.22957809, 0.22957809, 0.22957809, 0.2438145 , 0.25816139,
       0.27274268, 0.27274268, 0.28769106, 0.28769106, 0.30301122,
       0.31857829, 0.31857829, 0.3502729 , 0.3502729 , 0.36648291,
       0.39946997, 0.39946997, 0.39946997, 0.43346905, 0.50216559,
       0.58925985, 0.67680491, 0.78338473, 0.83710988, 1.        ,
       1.        ]), array([0.00000000e+00, 7.57439346e-04, 3.37010340e-03, 6.42828149e-03,
       9.03367324e-03, 1.20719709e-02, 1.20719709e-02, 1.55439333e-02,
       1.81192487e-02, 1.96282121e-02, 2.13646820e-02, 2.13646820e-02,
       2.13646820e-02, 2.57315414e-02, 2.80657834e-02, 2.80657834e-02,
       2.80657834e-02, 2.80657834e-02, 2.80657834e-02, 3.12451008e-02,
       3.45633114e-02, 3.45633114e-02, 3.83212497e-02, 3.83212497e-02,
       3.83212497e-02, 3.83212497e-02, 3.83212497e-02, 4.29263744e-02,
       4.29263744e-02, 4.29263744e-02, 4.29263744e-02, 4.29263744e-02,
       4.83266607e-02, 5.40523788e-02, 5.40523788e-02, 5.40523788e-02,
       5.40523788e-02, 6.66702257e-02, 6.66702257e-02, 6.66702257e-02,
       8.72052957e-02, 8.72052957e-02, 8.72052957e-02, 9.45811352e-02,
       1.09630492e-01, 1.17443592e-01, 1.33198385e-01, 1.41332115e-01,
       1.41332115e-01, 1.41332115e-01, 1.50015519e-01, 1.50015519e-01,
       1.50015519e-01, 1.50015519e-01, 1.50015519e-01, 1.59558187e-01,
       1.59558187e-01, 1.79225260e-01, 1.79225260e-01, 1.99548209e-01,
       1.99548209e-01, 2.10112296e-01, 2.20833007e-01, 2.31623439e-01,
       2.42730771e-01, 2.42730771e-01, 2.54049469e-01, 2.54049469e-01,
       2.65839563e-01, 2.77753564e-01, 2.77753564e-01, 2.77753564e-01,
       2.77753564e-01, 2.90398955e-01, 2.90398955e-01, 2.90398955e-01,
       3.16556420e-01, 3.16556420e-01, 3.16556420e-01, 3.16556420e-01,
       3.16556420e-01, 3.16556420e-01, 3.16556420e-01, 3.30999960e-01,
       3.30999960e-01, 3.75104422e-01, 3.75104422e-01, 3.75104422e-01,
       4.05489183e-01, 4.20970453e-01, 4.20970453e-01, 4.52464473e-01,
       5.00272173e-01, 5.00272173e-01, 5.97876446e-01, 6.80000149e-01,
       7.79727770e-01, 8.30304333e-01, 1.00000000e+00, 1.00000000e+00,
       1.00000000e+00]), array([0.00000000e+00, 7.85541086e-04, 9.79670175e-04, 1.39102876e-03,
       1.90235917e-03, 3.30882189e-03, 4.23385894e-03, 5.22871377e-03,
       6.49831386e-03, 6.49831386e-03, 6.49831386e-03, 6.49831386e-03,
       6.49831386e-03, 6.49831386e-03, 8.69616880e-03, 8.69616880e-03,
       8.69616880e-03, 8.69616880e-03, 8.69616880e-03, 8.69616880e-03,
       1.19042310e-02, 1.19042310e-02, 1.54347588e-02, 1.54347588e-02,
       1.54347588e-02, 1.54347588e-02, 1.54347588e-02, 1.54347588e-02,
       1.54347588e-02, 2.00156181e-02, 2.00156181e-02, 2.00156181e-02,
       2.00156181e-02, 2.00156181e-02, 2.00156181e-02, 2.00156181e-02,
       2.00156181e-02, 3.20995417e-02, 3.20995417e-02, 3.20995417e-02,
       3.20995417e-02, 3.20995417e-02, 3.20995417e-02, 3.91009633e-02,
       4.61801306e-02, 4.61801306e-02, 5.36167642e-02, 5.36167642e-02,
       5.36167642e-02, 5.36167642e-02, 5.36167642e-02, 6.19303401e-02,
       7.86714266e-02, 7.86714266e-02, 7.86714266e-02, 7.86714266e-02,
       7.86714266e-02, 8.79091515e-02, 8.79091515e-02, 8.79091515e-02,
       8.79091515e-02, 8.79091515e-02, 8.79091515e-02, 9.80763211e-02,
       9.80763211e-02, 9.80763211e-02, 9.80763211e-02, 9.80763211e-02,
       9.80763211e-02, 1.09217032e-01, 1.20579451e-01, 1.20579451e-01,
       1.20579451e-01, 1.44213816e-01, 1.56289696e-01, 1.56289696e-01,
       1.56289696e-01, 1.56289696e-01, 1.68996340e-01, 1.68996340e-01,
       1.94971051e-01, 1.94971051e-01, 1.94971051e-01, 1.94971051e-01,
       1.94971051e-01, 1.94971051e-01, 1.94971051e-01, 1.94971051e-01,
       1.94971051e-01, 2.52880752e-01, 2.67551963e-01, 2.82295062e-01,
       3.27100432e-01, 3.27100432e-01, 3.27100432e-01, 3.42502053e-01,
       3.89356203e-01, 4.36627430e-01, 5.79860340e-01, 7.89224765e-01,
       1.00000000e+00]), array([0.00000000e+00, 6.24172629e-04, 2.72060680e-03, 7.03201568e-03,
       1.01157722e-02, 1.16656294e-02, 1.73450797e-02, 1.95353971e-02,
       1.95353971e-02, 1.95353971e-02, 1.95353971e-02, 1.95353971e-02,
       2.35227927e-02, 2.57063260e-02, 2.57063260e-02, 2.57063260e-02,
       2.57063260e-02, 3.14283294e-02, 3.14283294e-02, 3.14283294e-02,
       3.14283294e-02, 3.49299568e-02, 3.49299568e-02, 3.49299568e-02,
       3.49299568e-02, 3.49299568e-02, 3.49299568e-02, 3.49299568e-02,
       3.49299568e-02, 3.49299568e-02, 4.00152016e-02, 4.00152016e-02,
       4.00152016e-02, 4.00152016e-02, 4.59423876e-02, 4.59423876e-02,
       4.59423876e-02, 4.59423876e-02, 4.59423876e-02, 4.59423876e-02,
       4.59423876e-02, 4.59423876e-02, 4.59423876e-02, 4.59423876e-02,
       4.59423876e-02, 6.91696429e-02, 7.70346638e-02, 7.70346638e-02,
       7.70346638e-02, 7.70346638e-02, 7.70346638e-02, 7.70346638e-02,
       7.70346638e-02, 7.70346638e-02, 8.63135531e-02, 9.58786180e-02,
       9.58786180e-02, 1.05733357e-01, 1.05733357e-01, 1.05733357e-01,
       1.05733357e-01, 1.05733357e-01, 1.05733357e-01, 1.16583525e-01,
       1.16583525e-01, 1.50377395e-01, 1.61733488e-01, 1.73420204e-01,
       2.08703368e-01, 2.08703368e-01, 2.08703368e-01, 2.08703368e-01,
       2.08703368e-01, 2.21320653e-01, 2.34081374e-01, 2.47100968e-01,
       2.47100968e-01, 2.47100968e-01, 2.47100968e-01, 2.47100968e-01,
       2.60976410e-01, 2.60976410e-01, 2.60976410e-01, 3.04095159e-01,
       3.33129564e-01, 3.33129564e-01, 3.47969230e-01, 3.47969230e-01,
       3.93802606e-01, 4.09254345e-01, 4.09254345e-01, 4.40952257e-01,
       4.72931734e-01, 4.89011449e-01, 5.38186397e-01, 5.54677940e-01,
       5.54677940e-01, 7.23129775e-01, 7.40109183e-01, 8.26133925e-01,
       1.00000000e+00])]",0.0048046650109355,0.0058836822663942,0.0086431336415452,0.0018220773128857,"[{'lambda_reg': 0.15908039412504124, 'gamma': 0.2356024202416537}, {'lambda_reg': 0.2914666318405436, 'gamma': 0.6944603030265505}, {'lambda_reg': 0.5547776188582356, 'gamma': 0.5863700588254417}, {'lambda_reg': 0.1353621043369739, 'gamma': 0.8368701928916303}, {'lambda_reg': 0.012914714970979124, 'gamma': 0.03608409283062225}]",600,1,laplacian,107
"[np.float64(0.04853850515810585), np.float64(0.0652379389718484), np.float64(0.057700804449123115), np.float64(0.07907044964710577), np.float64(0.11345813587775591)]",0.0728011668207878,0.0226547705804493,"[np.float64(0.8025854625583361), np.float64(0.8012990489791739), np.float64(0.813461838794856), np.float64(0.8114821991707286), np.float64(0.7802032130518669)]",0.8018063525109923,0.0118070519006715,"[np.float64(0.9606238989082698), np.float64(0.9433045267199759), np.float64(0.9678940985835259), np.float64(0.962219395948896), np.float64(0.9466360414884856)]",0.9561355923298306,0.0094899709441842,"[array([0.        , 0.59321215, 0.61366386, 0.66451184, 0.69462912,
       0.73445082, 0.76388899, 0.78333169, 0.7929209 , 0.7929209 ,
       0.7929209 , 0.81151833, 0.82073015, 0.82073015, 0.82073015,
       0.82073015, 0.83835702, 0.84710903, 0.85569771, 0.86419227,
       0.87262667, 0.87262667, 0.88078422, 0.888862  , 0.888862  ,
       0.89674588, 0.90446392, 0.90446392, 0.91201856, 0.92696341,
       0.92696341, 0.92696341, 0.92696341, 0.93403497, 0.9479258 ,
       0.9479258 , 0.9479258 , 0.95449623, 0.95449623, 0.95449623,
       0.95449623, 0.95449623, 0.95449623, 0.95449623, 0.95449623,
       0.96027074, 0.96027074, 0.96587492, 0.96587492, 0.96587492,
       0.96587492, 0.96587492, 0.96587492, 0.96587492, 0.96587492,
       0.96587492, 0.96587492, 0.96587492, 0.96587492, 0.96587492,
       0.97004484, 0.97004484, 0.97004484, 0.97004484, 0.97004484,
       0.97004484, 0.97004484, 0.97004484, 0.97004484, 0.97004484,
       0.97324767, 0.97324767, 0.97620166, 0.9877037 , 0.99041471,
       0.99041471, 0.99041471, 0.99041471, 0.99277405, 0.99277405,
       0.99490836, 0.99490836, 0.99490836, 0.99490836, 0.99490836,
       0.99490836, 0.99646899, 0.99646899, 0.99646899, 0.99646899,
       0.99646899, 0.99741491, 0.99741491, 0.99818707, 0.99885311,
       0.99885311, 0.99933961, 0.99933961, 0.99984062, 0.99984062,
       1.        ]), array([0.        , 0.53264882, 0.57382458, 0.60434776, 0.63468734,
       0.64471886, 0.64471886, 0.65446579, 0.67379785, 0.68341416,
       0.7024002 , 0.7024002 , 0.74854741, 0.77596544, 0.77596544,
       0.79387422, 0.79387422, 0.81135586, 0.81995446, 0.83695471,
       0.85373614, 0.86201193, 0.86201193, 0.86201193, 0.86201193,
       0.8698962 , 0.87771339, 0.8854117 , 0.9080611 , 0.9080611 ,
       0.91541263, 0.91541263, 0.92254369, 0.9296318 , 0.93655563,
       0.94341682, 0.94341682, 0.94341682, 0.94341682, 0.94341682,
       0.94341682, 0.94341682, 0.94341682, 0.94341682, 0.94341682,
       0.94341682, 0.94341682, 0.94341682, 0.94888029, 0.95421174,
       0.95945011, 0.95945011, 0.95945011, 0.95945011, 0.95945011,
       0.96424908, 0.96424908, 0.96424908, 0.96424908, 0.96855942,
       0.96855942, 0.97265504, 0.97665033, 0.97665033, 0.97665033,
       0.97665033, 0.98386263, 0.98386263, 0.98386263, 0.98386263,
       0.98386263, 0.98386263, 0.98386263, 0.98676528, 0.98956136,
       0.98956136, 0.98956136, 0.98956136, 0.98956136, 0.9917909 ,
       0.99397998, 0.99397998, 0.99397998, 0.99397998, 0.99570579,
       0.99570579, 0.99570579, 0.99570579, 0.99570579, 0.99692365,
       0.99692365, 0.99692365, 0.99873581, 0.99873581, 0.99945967,
       0.99945967, 0.99945967, 0.99983152, 0.99983152, 0.99999539,
       1.        ]), array([0.        , 0.62092821, 0.68430922, 0.71565467, 0.72603156,
       0.72603156, 0.73615535, 0.74613273, 0.74613273, 0.75594846,
       0.75594846, 0.78471776, 0.80366861, 0.81305705, 0.82237745,
       0.82237745, 0.83146129, 0.83146129, 0.83146129, 0.85765823,
       0.86631643, 0.88343356, 0.90025949, 0.90851481, 0.90851481,
       0.92466408, 0.92466408, 0.92466408, 0.92466408, 0.93235229,
       0.93235229, 0.93978464, 0.93978464, 0.93978464, 0.93978464,
       0.93978464, 0.93978464, 0.94655078, 0.94655078, 0.94655078,
       0.94655078, 0.94655078, 0.94655078, 0.94655078, 0.94655078,
       0.94655078, 0.95235632, 0.95235632, 0.95235632, 0.95235632,
       0.96322351, 0.96322351, 0.96838736, 0.97857384, 0.97857384,
       0.97857384, 0.97857384, 0.97857384, 0.97857384, 0.98300513,
       0.98300513, 0.98300513, 0.98718419, 0.98718419, 0.98718419,
       0.98718419, 0.98718419, 0.98718419, 0.98718419, 0.98718419,
       0.98718419, 0.98718419, 0.99021749, 0.99021749, 0.99021749,
       0.99021749, 0.99021749, 0.99021749, 0.99261233, 0.99261233,
       0.99261233, 0.99261233, 0.99261233, 0.99261233, 0.99261233,
       0.99261233, 0.99261233, 0.99261233, 0.99395429, 0.99395429,
       0.99395429, 0.99502386, 0.99590169, 0.99744741, 0.99744741,
       0.9980146 , 0.99903109, 0.99935324, 0.99965536, 0.99983688,
       1.        ]), array([0.        , 0.55821978, 0.59192124, 0.64753099, 0.66951743,
       0.70224495, 0.71297486, 0.73429099, 0.73429099, 0.73429099,
       0.73429099, 0.75476454, 0.76487841, 0.76487841, 0.76487841,
       0.77467598, 0.77467598, 0.78416253, 0.79362854, 0.80288452,
       0.82128999, 0.82128999, 0.83022223, 0.83900954, 0.84776898,
       0.87354034, 0.89056745, 0.89056745, 0.89056745, 0.89875873,
       0.89875873, 0.89875873, 0.90654733, 0.91420319, 0.91420319,
       0.91420319, 0.92897094, 0.92897094, 0.92897094, 0.92897094,
       0.92897094, 0.92897094, 0.94231554, 0.94231554, 0.94878522,
       0.94878522, 0.96121016, 0.96736605, 0.96736605, 0.96736605,
       0.96736605, 0.96736605, 0.96736605, 0.96736605, 0.96736605,
       0.9725678 , 0.9725678 , 0.9725678 , 0.9725678 , 0.9725678 ,
       0.9725678 , 0.9725678 , 0.9725678 , 0.9725678 , 0.97670362,
       0.97670362, 0.97670362, 0.97670362, 0.97670362, 0.97670362,
       0.97670362, 0.97670362, 0.97670362, 0.97670362, 0.9827464 ,
       0.9827464 , 0.9827464 , 0.9827464 , 0.9827464 , 0.98517673,
       0.98755515, 0.98755515, 0.98755515, 0.98755515, 0.98939512,
       0.98939512, 0.99102077, 0.99102077, 0.99102077, 0.99102077,
       0.9922412 , 0.99547184, 0.99547184, 0.99547184, 0.9962063 ,
       0.998131  , 0.99957668, 0.99957668, 0.9998334 , 0.99995254,
       1.        ]), array([0.        , 0.52364104, 0.55522175, 0.60747163, 0.63845848,
       0.64866867, 0.65879611, 0.67885884, 0.69866043, 0.69866043,
       0.71798788, 0.72759151, 0.73701254, 0.74640649, 0.76488194,
       0.77404569, 0.80117992, 0.80117992, 0.81004545, 0.81873277,
       0.82730378, 0.82730378, 0.84411663, 0.86069653, 0.87701323,
       0.87701323, 0.88498003, 0.88498003, 0.88498003, 0.89261687,
       0.89261687, 0.89261687, 0.89261687, 0.89261687, 0.89261687,
       0.89961283, 0.89961283, 0.89961283, 0.90632121, 0.91290892,
       0.91932882, 0.91932882, 0.93184959, 0.944075  , 0.944075  ,
       0.944075  , 0.944075  , 0.94974774, 0.95540857, 0.95540857,
       0.96082703, 0.96613216, 0.96613216, 0.96613216, 0.96613216,
       0.96613216, 0.96613216, 0.96613216, 0.9752784 , 0.9752784 ,
       0.9752784 , 0.9752784 , 0.9752784 , 0.97931843, 0.98323331,
       0.98323331, 0.98323331, 0.98679205, 0.99024673, 0.99024673,
       0.99024673, 0.99024673, 0.99024673, 0.99024673, 0.99024673,
       0.99024673, 0.99287547, 0.99287547, 0.99530955, 0.99530955,
       0.99746258, 0.99746258, 0.99746258, 0.99746258, 0.99746258,
       0.99913722, 0.99913722, 0.99913722, 0.99913722, 0.99913722,
       0.99913722, 0.99913722, 0.99913722, 0.99913722, 0.99913722,
       0.99913722, 0.99913722, 0.99948138, 0.99971358, 0.9999756 ,
       1.        ])]","[array([0.        , 0.0035165 , 0.00508669, 0.01013411, 0.01472409,
       0.02217888, 0.02947744, 0.03507204, 0.03839637, 0.03839637,
       0.03839637, 0.04736229, 0.0521918 , 0.0521918 , 0.0521918 ,
       0.0521918 , 0.06502878, 0.0716922 , 0.07900711, 0.0866974 ,
       0.09462764, 0.09462764, 0.10366209, 0.11301468, 0.11301468,
       0.12314062, 0.13392802, 0.13392802, 0.14536713, 0.16890121,
       0.16890121, 0.16890121, 0.16890121, 0.18226703, 0.21000502,
       0.21000502, 0.21000502, 0.22536959, 0.22536959, 0.22536959,
       0.22536959, 0.22536959, 0.22536959, 0.22536959, 0.22536959,
       0.24390866, 0.24390866, 0.26312711, 0.26312711, 0.26312711,
       0.26312711, 0.26312711, 0.26312711, 0.26312711, 0.26312711,
       0.26312711, 0.26312711, 0.26312711, 0.26312711, 0.26312711,
       0.28806603, 0.28806603, 0.28806603, 0.28806603, 0.28806603,
       0.28806603, 0.28806603, 0.28806603, 0.28806603, 0.28806603,
       0.31686212, 0.31686212, 0.34665069, 0.46705712, 0.49781481,
       0.49781481, 0.49781481, 0.49781481, 0.52997514, 0.52997514,
       0.56303296, 0.56303296, 0.56303296, 0.56303296, 0.56303296,
       0.56303296, 0.59837892, 0.59837892, 0.59837892, 0.59837892,
       0.59837892, 0.63617661, 0.63617661, 0.67466731, 0.71358126,
       0.71358126, 0.75321133, 0.75321133, 0.83435395, 0.83435395,
       1.        ]), array([0.        , 0.00172939, 0.00422667, 0.00750975, 0.01151472,
       0.01317089, 0.01317089, 0.01594601, 0.02213246, 0.02542118,
       0.03296816, 0.03296816, 0.05701753, 0.07250993, 0.07250993,
       0.08429269, 0.08429269, 0.09775489, 0.10504521, 0.12040025,
       0.13661567, 0.14517526, 0.14517526, 0.14517526, 0.14517526,
       0.15527428, 0.16563708, 0.17646729, 0.21070976, 0.21070976,
       0.22290348, 0.22290348, 0.23596412, 0.24919361, 0.26306906,
       0.2771908 , 0.2771908 , 0.2771908 , 0.2771908 , 0.2771908 ,
       0.2771908 , 0.2771908 , 0.2771908 , 0.2771908 , 0.2771908 ,
       0.2771908 , 0.2771908 , 0.2771908 , 0.29680829, 0.31694491,
       0.3374475 , 0.3374475 , 0.3374475 , 0.3374475 , 0.3374475 ,
       0.3596778 , 0.3596778 , 0.3596778 , 0.3596778 , 0.3838294 ,
       0.3838294 , 0.40882524, 0.43421556, 0.43421556, 0.43421556,
       0.43421556, 0.4880564 , 0.4880564 , 0.4880564 , 0.4880564 ,
       0.4880564 , 0.4880564 , 0.4880564 , 0.51774295, 0.54784852,
       0.54784852, 0.54784852, 0.54784852, 0.54784852, 0.58018172,
       0.612674  , 0.612674  , 0.612674  , 0.612674  , 0.64698785,
       0.64698785, 0.64698785, 0.64698785, 0.64698785, 0.68329892,
       0.68329892, 0.68329892, 0.75837287, 0.75837287, 0.79662631,
       0.79662631, 0.79662631, 0.83626389, 0.83626389, 0.87671919,
       1.        ]), array([0.        , 0.00221941, 0.00543141, 0.00824389, 0.00943173,
       0.00943173, 0.01150456, 0.01408933, 0.01408933, 0.01723932,
       0.01723932, 0.02905958, 0.03773939, 0.04238344, 0.04726539,
       0.04726539, 0.05297453, 0.05297453, 0.05297453, 0.07378928,
       0.08098671, 0.09607829, 0.11218806, 0.12079417, 0.12079417,
       0.13926997, 0.13926997, 0.13926997, 0.13926997, 0.14985905,
       0.14985905, 0.16134275, 0.16134275, 0.16134275, 0.16134275,
       0.16134275, 0.16134275, 0.17515593, 0.17515593, 0.17515593,
       0.17515593, 0.17515593, 0.17515593, 0.17515593, 0.17515593,
       0.17515593, 0.19232795, 0.19232795, 0.19232795, 0.19232795,
       0.22927306, 0.22927306, 0.2486888 , 0.28801406, 0.28801406,
       0.28801406, 0.28801406, 0.28801406, 0.28801406, 0.30999129,
       0.30999129, 0.30999129, 0.33285042, 0.33285042, 0.33285042,
       0.33285042, 0.33285042, 0.33285042, 0.33285042, 0.33285042,
       0.33285042, 0.33285042, 0.35971584, 0.35971584, 0.35971584,
       0.35971584, 0.35971584, 0.35971584, 0.38881368, 0.38881368,
       0.38881368, 0.38881368, 0.38881368, 0.38881368, 0.38881368,
       0.38881368, 0.38881368, 0.38881368, 0.42159305, 0.42159305,
       0.42159305, 0.45532484, 0.48972708, 0.55926561, 0.55926561,
       0.59475401, 0.66614308, 0.70248829, 0.73890355, 0.77574049,
       1.        ]), array([0.        , 0.00177433, 0.00317208, 0.00701888, 0.00925595,
       0.01329547, 0.0151282 , 0.01918346, 0.01918346, 0.01918346,
       0.01918346, 0.02552416, 0.02902788, 0.02902788, 0.02902788,
       0.03338954, 0.03338954, 0.03859483, 0.04385585, 0.04968654,
       0.0616368 , 0.0616368 , 0.06834563, 0.0754476 , 0.08262512,
       0.10553287, 0.12122183, 0.12122183, 0.12122183, 0.12994047,
       0.12994047, 0.12994047, 0.13975138, 0.14992231, 0.14992231,
       0.14992231, 0.17173969, 0.17173969, 0.17173969, 0.17173969,
       0.17173969, 0.17173969, 0.19741728, 0.19741728, 0.2108057 ,
       0.2108057 , 0.23897781, 0.25321733, 0.25321733, 0.25321733,
       0.25321733, 0.25321733, 0.25321733, 0.25321733, 0.25321733,
       0.27004494, 0.27004494, 0.27004494, 0.27004494, 0.27004494,
       0.27004494, 0.27004494, 0.27004494, 0.27004494, 0.28976378,
       0.28976378, 0.28976378, 0.28976378, 0.28976378, 0.28976378,
       0.28976378, 0.28976378, 0.28976378, 0.28976378, 0.33524719,
       0.33524719, 0.33524719, 0.33524719, 0.33524719, 0.35959211,
       0.38407782, 0.38407782, 0.38407782, 0.38407782, 0.41002405,
       0.41002405, 0.43655162, 0.43655162, 0.43655162, 0.43655162,
       0.46417832, 0.54822655, 0.54822655, 0.54822655, 0.57717141,
       0.66476196, 0.75365179, 0.75365179, 0.7838925 , 0.8145064 ,
       1.        ]), array([0.        , 0.00188647, 0.00369018, 0.0080522 , 0.0119492 ,
       0.01366682, 0.01567616, 0.02037206, 0.02598847, 0.02598847,
       0.03327617, 0.03713185, 0.04163117, 0.04622596, 0.05651687,
       0.06192308, 0.07940015, 0.07940015, 0.08585752, 0.0929431 ,
       0.10043866, 0.10043866, 0.11659005, 0.13356255, 0.15146281,
       0.15146281, 0.16108814, 0.16108814, 0.16108814, 0.17187652,
       0.17187652, 0.17187652, 0.17187652, 0.17187652, 0.17187652,
       0.18492394, 0.18492394, 0.18492394, 0.19898508, 0.21347153,
       0.22854951, 0.22854951, 0.25983   , 0.2921516 , 0.2921516 ,
       0.2921516 , 0.2921516 , 0.30986322, 0.32761684, 0.32761684,
       0.34622479, 0.36523219, 0.36523219, 0.36523219, 0.36523219,
       0.36523219, 0.36523219, 0.36523219, 0.40840755, 0.40840755,
       0.40840755, 0.40840755, 0.40840755, 0.43187429, 0.45578218,
       0.45578218, 0.45578218, 0.48094543, 0.50647547, 0.50647547,
       0.50647547, 0.50647547, 0.50647547, 0.50647547, 0.50647547,
       0.50647547, 0.53491687, 0.53491687, 0.5640444 , 0.5640444 ,
       0.59416261, 0.59416261, 0.59416261, 0.59416261, 0.59416261,
       0.62596711, 0.62596711, 0.62596711, 0.62596711, 0.62596711,
       0.62596711, 0.62596711, 0.62596711, 0.62596711, 0.62596711,
       0.62596711, 0.62596711, 0.6624614 , 0.69935032, 0.77384157,
       1.        ])]",0.0133164620537329,0.0071380853150675,0.0108450096744646,0.0029992040519701,"[{'lambda_reg': 7.920298069887572e-05, 'gamma': 0.027202046057183432}, {'lambda_reg': 0.00010193815596671114, 'gamma': 0.08926541836547212}, {'lambda_reg': 1.1453344519529354e-05, 'gamma': 0.06266837696117292}, {'lambda_reg': 0.0007004797141567491, 'gamma': 0.05840472530651326}, {'lambda_reg': 0.00010122285468957779, 'gamma': 0.09793243781654988}]",600,3,cauchy,123
