test_ibs,mean_ibs,std_ibs,test_cindex,mean_cindex,std_cindex,test_auc,mean_auc,std_auc,test_tpr,test_fpr,best_params,city,kernel,task
"[np.float64(0.13093645929601513), np.float64(0.09430661216035477), np.float64(0.1078404369177058), np.float64(0.12555757797755718), np.float64(0.09507680760202897)]",0.1107435787907323,0.0151740358456814,"[np.float64(0.6482415688901711), np.float64(0.711303551018399), np.float64(0.694882257594889), np.float64(0.700831979724166), np.float64(0.6806932671869302)]",0.687190524882911,0.0218445672980794,"[np.float64(0.7194066512850964), np.float64(0.7410904146335892), np.float64(0.6780772793029125), np.float64(0.7263343632755788), np.float64(0.7302428592808516)]",0.7190303135556058,0.0216472216605841,"[array([0.        , 0.        , 0.        , 0.        , 0.        ,
       0.        , 0.        , 0.        , 0.        , 0.        ,
       0.        , 0.        , 0.        , 0.        , 0.        ,
       0.        , 0.        , 0.        , 0.        , 0.        ,
       0.        , 0.        , 0.        , 0.        , 0.        ,
       0.        , 0.        , 0.        , 0.        , 0.        ,
       0.        , 0.        , 0.        , 0.        , 0.        ,
       0.        , 0.        , 0.        , 0.        , 0.        ,
       0.        , 0.        , 0.00625035, 0.01232614, 0.01830079,
       0.01830079, 0.01830079, 0.02395263, 0.02395263, 0.02946063,
       0.02946063, 0.03994936, 0.0503078 , 0.05535685, 0.07509817,
       0.0848237 , 0.09434109, 0.09434109, 0.10797139, 0.10797139,
       0.12085596, 0.1250655 , 0.12913213, 0.13313676, 0.14084653,
       0.14846165, 0.15581539, 0.16639755, 0.18716383, 0.20057635,
       0.21684061, 0.22954562, 0.24467447, 0.25947733, 0.27360801,
       0.29272167, 0.31613497, 0.34628502, 0.37527228, 0.40727078,
       0.42255508, 0.45969041, 0.49724345, 0.52314495, 0.53906159,
       0.59851464, 0.63427856, 0.67598633, 0.71457672, 0.7503842 ,
       0.7949759 , 0.83822204, 0.87942256, 0.91161253, 0.93715666,
       0.96215454, 0.9777624 , 0.98943923, 0.9985983 , 0.99975295,
       1.        ]), array([0.        , 0.        , 0.        , 0.        , 0.        ,
       0.        , 0.        , 0.        , 0.        , 0.        ,
       0.        , 0.        , 0.        , 0.        , 0.        ,
       0.        , 0.        , 0.        , 0.        , 0.        ,
       0.        , 0.        , 0.        , 0.        , 0.        ,
       0.        , 0.        , 0.        , 0.        , 0.        ,
       0.        , 0.        , 0.        , 0.        , 0.        ,
       0.        , 0.        , 0.0063271 , 0.01254891, 0.01254891,
       0.01860252, 0.02454343, 0.02454343, 0.02454343, 0.03019651,
       0.04127183, 0.05221061, 0.05221061, 0.06268956, 0.06268956,
       0.08290837, 0.09781753, 0.10752322, 0.11229357, 0.12164381,
       0.12164381, 0.12164381, 0.12601158, 0.13027718, 0.14687157,
       0.15899168, 0.17473619, 0.19005801, 0.20124681, 0.21580904,
       0.22654535, 0.2299488 , 0.2434613 , 0.25648878, 0.26276714,
       0.28718514, 0.29309099, 0.31576846, 0.35414707, 0.36737046,
       0.38011416, 0.40707251, 0.42596957, 0.45516196, 0.48092353,
       0.4993365 , 0.52472624, 0.55602909, 0.58935269, 0.61231734,
       0.65425059, 0.69196201, 0.7296913 , 0.75836911, 0.80328045,
       0.82413842, 0.84999132, 0.87727968, 0.90962048, 0.9359752 ,
       0.9565096 , 0.97261096, 0.98862228, 0.99746184, 0.99991304,
       1.        ]), array([0.        , 0.        , 0.        , 0.        , 0.        ,
       0.        , 0.        , 0.        , 0.        , 0.        ,
       0.        , 0.        , 0.        , 0.        , 0.        ,
       0.        , 0.        , 0.        , 0.        , 0.        ,
       0.        , 0.        , 0.        , 0.        , 0.        ,
       0.        , 0.        , 0.        , 0.        , 0.        ,
       0.        , 0.        , 0.        , 0.        , 0.        ,
       0.        , 0.        , 0.        , 0.        , 0.        ,
       0.        , 0.        , 0.        , 0.        , 0.        ,
       0.        , 0.        , 0.        , 0.        , 0.        ,
       0.        , 0.        , 0.        , 0.00490104, 0.00971915,
       0.01911634, 0.02367608, 0.02367608, 0.02367608, 0.02798246,
       0.03627811, 0.04430832, 0.05608978, 0.06763504, 0.08637373,
       0.09367443, 0.10075381, 0.10763516, 0.11101056, 0.12395116,
       0.14903784, 0.1702031 , 0.18767822, 0.20455156, 0.21811236,
       0.22848933, 0.25866508, 0.27553399, 0.31498536, 0.35265884,
       0.38005609, 0.41028742, 0.45404559, 0.48802373, 0.53351124,
       0.56361299, 0.60499554, 0.64927873, 0.70322986, 0.75397749,
       0.80904755, 0.85695978, 0.90079579, 0.93799299, 0.96064748,
       0.98211364, 0.99519708, 0.9997012 , 1.        , 1.        ,
       1.        ]), array([0.        , 0.        , 0.        , 0.        , 0.        ,
       0.        , 0.        , 0.        , 0.        , 0.        ,
       0.        , 0.        , 0.        , 0.        , 0.        ,
       0.        , 0.        , 0.        , 0.        , 0.        ,
       0.        , 0.        , 0.        , 0.        , 0.        ,
       0.        , 0.        , 0.        , 0.        , 0.        ,
       0.        , 0.        , 0.        , 0.        , 0.        ,
       0.        , 0.        , 0.        , 0.        , 0.        ,
       0.        , 0.00656105, 0.00656105, 0.00656105, 0.01276573,
       0.01276573, 0.01276573, 0.01276573, 0.02421166, 0.02421166,
       0.04079055, 0.04079055, 0.04613096, 0.04613096, 0.04613096,
       0.04613096, 0.0510399 , 0.06058143, 0.06994236, 0.07453932,
       0.08774915, 0.10076521, 0.10925651, 0.12567218, 0.14162393,
       0.15727235, 0.18749049, 0.19837314, 0.21253406, 0.23659625,
       0.24992815, 0.27252077, 0.29435647, 0.30337558, 0.32666486,
       0.34615268, 0.36492954, 0.38807954, 0.40774298, 0.43850287,
       0.45426303, 0.48228273, 0.50039312, 0.53698579, 0.55874331,
       0.59277287, 0.62464587, 0.65700696, 0.6801733 , 0.7078201 ,
       0.75056271, 0.79310695, 0.82829912, 0.8798989 , 0.92395711,
       0.95411364, 0.97812405, 0.99424951, 0.99901758, 1.        ,
       1.        ]), array([0.        , 0.        , 0.        , 0.        , 0.        ,
       0.        , 0.        , 0.        , 0.        , 0.        ,
       0.        , 0.        , 0.        , 0.        , 0.        ,
       0.        , 0.        , 0.        , 0.        , 0.        ,
       0.        , 0.        , 0.        , 0.        , 0.        ,
       0.        , 0.        , 0.        , 0.        , 0.        ,
       0.        , 0.        , 0.        , 0.        , 0.        ,
       0.        , 0.        , 0.        , 0.        , 0.        ,
       0.        , 0.        , 0.        , 0.00586243, 0.00586243,
       0.01157598, 0.01157598, 0.01157598, 0.01157598, 0.03274059,
       0.03795155, 0.04308668, 0.04308668, 0.04799836, 0.05275749,
       0.06675159, 0.08510594, 0.09398516, 0.10703568, 0.11978593,
       0.12809227, 0.13622614, 0.15601736, 0.16752433, 0.18636592,
       0.20446552, 0.22580138, 0.23272774, 0.23937921, 0.25557246,
       0.26802071, 0.28011179, 0.29183377, 0.31153857, 0.34674182,
       0.37296357, 0.39311355, 0.4122552 , 0.44689723, 0.46896812,
       0.48793948, 0.5179941 , 0.53681024, 0.57458385, 0.5982803 ,
       0.63151015, 0.65102528, 0.68409792, 0.7252561 , 0.76170046,
       0.80056473, 0.83010303, 0.86247306, 0.90469728, 0.93213313,
       0.95792638, 0.97885844, 0.99349271, 0.9989756 , 1.        ,
       1.        ])]","[array([0.00000000e+00, 0.00000000e+00, 0.00000000e+00, 0.00000000e+00,
       0.00000000e+00, 0.00000000e+00, 0.00000000e+00, 0.00000000e+00,
       0.00000000e+00, 0.00000000e+00, 0.00000000e+00, 0.00000000e+00,
       0.00000000e+00, 0.00000000e+00, 0.00000000e+00, 0.00000000e+00,
       0.00000000e+00, 0.00000000e+00, 0.00000000e+00, 0.00000000e+00,
       0.00000000e+00, 0.00000000e+00, 0.00000000e+00, 0.00000000e+00,
       0.00000000e+00, 0.00000000e+00, 0.00000000e+00, 0.00000000e+00,
       0.00000000e+00, 0.00000000e+00, 0.00000000e+00, 0.00000000e+00,
       0.00000000e+00, 0.00000000e+00, 0.00000000e+00, 0.00000000e+00,
       0.00000000e+00, 0.00000000e+00, 0.00000000e+00, 0.00000000e+00,
       0.00000000e+00, 0.00000000e+00, 6.89367623e-04, 1.40610126e-03,
       2.13868836e-03, 2.13868836e-03, 2.13868836e-03, 2.92188385e-03,
       2.92188385e-03, 3.72762750e-03, 3.72762750e-03, 5.42177343e-03,
       7.13634338e-03, 8.01403536e-03, 1.15961128e-02, 1.34099031e-02,
       1.52563231e-02, 1.52563231e-02, 1.81271911e-02, 1.81271911e-02,
       2.11149657e-02, 2.21242640e-02, 2.31559673e-02, 2.41973907e-02,
       2.63271849e-02, 2.84718186e-02, 3.06574267e-02, 3.40061436e-02,
       4.07659745e-02, 4.53401992e-02, 5.11365812e-02, 5.58217205e-02,
       6.17960978e-02, 6.78215795e-02, 7.39524382e-02, 8.26405609e-02,
       9.39930769e-02, 1.09297140e-01, 1.24783492e-01, 1.43136213e-01,
       1.52424653e-01, 1.76648955e-01, 2.02476989e-01, 2.21785520e-01,
       2.34313264e-01, 2.85084779e-01, 3.17870155e-01, 3.59739030e-01,
       4.02096607e-01, 4.44890454e-01, 5.04668605e-01, 5.69665345e-01,
       6.39990422e-01, 7.01712755e-01, 7.59469288e-01, 8.27326755e-01,
       8.78294885e-01, 9.28210054e-01, 9.83527575e-01, 9.95031081e-01,
       1.00000000e+00]), array([0.00000000e+00, 0.00000000e+00, 0.00000000e+00, 0.00000000e+00,
       0.00000000e+00, 0.00000000e+00, 0.00000000e+00, 0.00000000e+00,
       0.00000000e+00, 0.00000000e+00, 0.00000000e+00, 0.00000000e+00,
       0.00000000e+00, 0.00000000e+00, 0.00000000e+00, 0.00000000e+00,
       0.00000000e+00, 0.00000000e+00, 0.00000000e+00, 0.00000000e+00,
       0.00000000e+00, 0.00000000e+00, 0.00000000e+00, 0.00000000e+00,
       0.00000000e+00, 0.00000000e+00, 0.00000000e+00, 0.00000000e+00,
       0.00000000e+00, 0.00000000e+00, 0.00000000e+00, 0.00000000e+00,
       0.00000000e+00, 0.00000000e+00, 0.00000000e+00, 0.00000000e+00,
       0.00000000e+00, 6.19812150e-04, 1.25737195e-03, 1.25737195e-03,
       1.92328015e-03, 2.60818244e-03, 2.60818244e-03, 2.60818244e-03,
       3.34159712e-03, 4.84733565e-03, 6.37608559e-03, 6.37608559e-03,
       7.98233686e-03, 7.98233686e-03, 1.13194123e-02, 1.38651870e-02,
       1.56017681e-02, 1.64839636e-02, 1.82804537e-02, 1.82804537e-02,
       1.82804537e-02, 1.92305007e-02, 2.01977677e-02, 2.41457181e-02,
       2.71615735e-02, 3.12527677e-02, 3.54152023e-02, 3.85880254e-02,
       4.28784851e-02, 4.61275728e-02, 4.72401517e-02, 5.17075387e-02,
       5.62566730e-02, 5.85709118e-02, 6.79450817e-02, 7.03221052e-02,
       7.99896321e-02, 9.71280848e-02, 1.03330410e-01, 1.09613587e-01,
       1.23618228e-01, 1.33922923e-01, 1.50923453e-01, 1.66816017e-01,
       1.78888514e-01, 1.96529961e-01, 2.19919630e-01, 2.46341137e-01,
       2.66077530e-01, 3.04537619e-01, 3.42023063e-01, 3.82877918e-01,
       4.16827293e-01, 4.75019981e-01, 5.05228714e-01, 5.46399060e-01,
       5.95758524e-01, 6.62814754e-01, 7.27507485e-01, 7.86436352e-01,
       8.44426171e-01, 9.17607073e-01, 9.73448407e-01, 9.98328445e-01,
       1.00000000e+00]), array([0.00000000e+00, 0.00000000e+00, 0.00000000e+00, 0.00000000e+00,
       0.00000000e+00, 0.00000000e+00, 0.00000000e+00, 0.00000000e+00,
       0.00000000e+00, 0.00000000e+00, 0.00000000e+00, 0.00000000e+00,
       0.00000000e+00, 0.00000000e+00, 0.00000000e+00, 0.00000000e+00,
       0.00000000e+00, 0.00000000e+00, 0.00000000e+00, 0.00000000e+00,
       0.00000000e+00, 0.00000000e+00, 0.00000000e+00, 0.00000000e+00,
       0.00000000e+00, 0.00000000e+00, 0.00000000e+00, 0.00000000e+00,
       0.00000000e+00, 0.00000000e+00, 0.00000000e+00, 0.00000000e+00,
       0.00000000e+00, 0.00000000e+00, 0.00000000e+00, 0.00000000e+00,
       0.00000000e+00, 0.00000000e+00, 0.00000000e+00, 0.00000000e+00,
       0.00000000e+00, 0.00000000e+00, 0.00000000e+00, 0.00000000e+00,
       0.00000000e+00, 0.00000000e+00, 0.00000000e+00, 0.00000000e+00,
       0.00000000e+00, 0.00000000e+00, 0.00000000e+00, 0.00000000e+00,
       0.00000000e+00, 8.77211751e-04, 1.76799207e-03, 3.58866008e-03,
       4.52171463e-03, 4.52171463e-03, 4.52171463e-03, 5.49622126e-03,
       7.49711998e-03, 9.54144861e-03, 1.26511127e-02, 1.57994240e-02,
       2.11289729e-02, 2.32926607e-02, 2.54925612e-02, 2.77248623e-02,
       2.88516917e-02, 3.34508022e-02, 4.27790185e-02, 5.10697409e-02,
       5.82851303e-02, 6.55989806e-02, 7.17757150e-02, 7.67942756e-02,
       9.20062362e-02, 1.00999911e-01, 1.23089729e-01, 1.45470439e-01,
       1.62816106e-01, 1.83056272e-01, 2.14516026e-01, 2.40859552e-01,
       2.78752756e-01, 3.05730520e-01, 3.45974461e-01, 3.92460207e-01,
       4.54155121e-01, 5.18053277e-01, 5.94677009e-01, 6.69113678e-01,
       7.45896381e-01, 8.20407100e-01, 8.73789844e-01, 9.34083417e-01,
       9.78957541e-01, 9.98369789e-01, 1.00000000e+00, 1.00000000e+00,
       1.00000000e+00]), array([0.00000000e+00, 0.00000000e+00, 0.00000000e+00, 0.00000000e+00,
       0.00000000e+00, 0.00000000e+00, 0.00000000e+00, 0.00000000e+00,
       0.00000000e+00, 0.00000000e+00, 0.00000000e+00, 0.00000000e+00,
       0.00000000e+00, 0.00000000e+00, 0.00000000e+00, 0.00000000e+00,
       0.00000000e+00, 0.00000000e+00, 0.00000000e+00, 0.00000000e+00,
       0.00000000e+00, 0.00000000e+00, 0.00000000e+00, 0.00000000e+00,
       0.00000000e+00, 0.00000000e+00, 0.00000000e+00, 0.00000000e+00,
       0.00000000e+00, 0.00000000e+00, 0.00000000e+00, 0.00000000e+00,
       0.00000000e+00, 0.00000000e+00, 0.00000000e+00, 0.00000000e+00,
       0.00000000e+00, 0.00000000e+00, 0.00000000e+00, 0.00000000e+00,
       0.00000000e+00, 6.66741310e-04, 6.66741310e-04, 6.66741310e-04,
       1.38753345e-03, 1.38753345e-03, 1.38753345e-03, 1.38753345e-03,
       2.97524058e-03, 2.97524058e-03, 5.44629078e-03, 5.44629078e-03,
       6.29816765e-03, 6.29816765e-03, 6.29816765e-03, 6.29816765e-03,
       7.21548554e-03, 9.09203741e-03, 1.09959799e-02, 1.19606161e-02,
       1.49426552e-02, 1.79540830e-02, 1.99899242e-02, 2.41475920e-02,
       2.83756236e-02, 3.26496614e-02, 4.13613460e-02, 4.46963511e-02,
       4.91960005e-02, 5.71795010e-02, 6.18048884e-02, 7.00112814e-02,
       7.83324768e-02, 8.19501274e-02, 9.17127192e-02, 1.00390021e-01,
       1.09175154e-01, 1.20620735e-01, 1.30933263e-01, 1.47872094e-01,
       1.57114775e-01, 1.74469214e-01, 1.86679159e-01, 2.12704505e-01,
       2.29346874e-01, 2.57422835e-01, 2.85825882e-01, 3.17478627e-01,
       3.42216635e-01, 3.74584403e-01, 4.29590518e-01, 4.91274174e-01,
       5.49087337e-01, 6.45958520e-01, 7.42311676e-01, 8.20830959e-01,
       8.96958706e-01, 9.64311193e-01, 9.91839688e-01, 1.00000000e+00,
       1.00000000e+00]), array([0.00000000e+00, 0.00000000e+00, 0.00000000e+00, 0.00000000e+00,
       0.00000000e+00, 0.00000000e+00, 0.00000000e+00, 0.00000000e+00,
       0.00000000e+00, 0.00000000e+00, 0.00000000e+00, 0.00000000e+00,
       0.00000000e+00, 0.00000000e+00, 0.00000000e+00, 0.00000000e+00,
       0.00000000e+00, 0.00000000e+00, 0.00000000e+00, 0.00000000e+00,
       0.00000000e+00, 0.00000000e+00, 0.00000000e+00, 0.00000000e+00,
       0.00000000e+00, 0.00000000e+00, 0.00000000e+00, 0.00000000e+00,
       0.00000000e+00, 0.00000000e+00, 0.00000000e+00, 0.00000000e+00,
       0.00000000e+00, 0.00000000e+00, 0.00000000e+00, 0.00000000e+00,
       0.00000000e+00, 0.00000000e+00, 0.00000000e+00, 0.00000000e+00,
       0.00000000e+00, 0.00000000e+00, 0.00000000e+00, 7.20612068e-04,
       7.20612068e-04, 1.46555917e-03, 1.46555917e-03, 1.46555917e-03,
       1.46555917e-03, 4.72152500e-03, 5.54862417e-03, 6.38811869e-03,
       6.38811869e-03, 7.26413787e-03, 8.16509287e-03, 1.09142624e-02,
       1.46295878e-02, 1.65359526e-02, 1.94393576e-02, 2.23918448e-02,
       2.43918523e-02, 2.64200502e-02, 3.15793791e-02, 3.47350894e-02,
       4.00496428e-02, 4.54854784e-02, 5.20711956e-02, 5.42967695e-02,
       5.65672785e-02, 6.23147221e-02, 6.69954444e-02, 7.17345494e-02,
       7.65339867e-02, 8.50651833e-02, 1.01136264e-01, 1.13638830e-01,
       1.23776129e-01, 1.34078247e-01, 1.53598808e-01, 1.66779863e-01,
       1.78788688e-01, 1.99059096e-01, 2.12772164e-01, 2.41854070e-01,
       2.61484900e-01, 2.91309520e-01, 3.09944946e-01, 3.44831875e-01,
       3.91828130e-01, 4.37916024e-01, 4.92002721e-01, 5.37540593e-01,
       5.94367694e-01, 6.79803733e-01, 7.44152850e-01, 8.17164818e-01,
       8.89292512e-01, 9.54055275e-01, 9.88415349e-01, 1.00000000e+00,
       1.00000000e+00])]","[{'lambda_reg': 0.1452824663751603, 'K_bin': 1, 'gamma': 0.0070689749506246055}, {'lambda_reg': 0.1452824663751603, 'K_bin': 1, 'gamma': 0.0070689749506246055}, {'lambda_reg': 0.8192602279031006, 'K_bin': 1, 'gamma': 0.023739423955292542}, {'lambda_reg': 0.1452824663751603, 'K_bin': 1, 'gamma': 0.0070689749506246055}, {'lambda_reg': 0.1452824663751603, 'K_bin': 1, 'gamma': 0.0070689749506246055}]",Outros,cauchy,18
"[np.float64(0.09557338057271918), np.float64(0.09597730309530751), np.float64(0.1367503726104723), np.float64(0.08900803711712073), np.float64(0.09961253077095815)]",0.1033843248333155,0.0170298094204522,"[np.float64(0.6411900801412479), np.float64(0.5825616291218764), np.float64(0.6435953739776281), np.float64(0.6478846045433707), np.float64(0.6477696832219138)]",0.6326002742012073,0.025148617101551,"[np.float64(0.6911893218426844), np.float64(0.6786011224847331), np.float64(0.6775368375487741), np.float64(0.6789757838016806), np.float64(0.6848216133656471)]",0.6822249358087039,0.0051530617766032,"[array([0.        , 0.        , 0.        , 0.        , 0.        ,
       0.        , 0.        , 0.        , 0.        , 0.        ,
       0.        , 0.        , 0.        , 0.        , 0.        ,
       0.        , 0.        , 0.        , 0.        , 0.        ,
       0.        , 0.        , 0.        , 0.        , 0.        ,
       0.        , 0.        , 0.        , 0.        , 0.        ,
       0.        , 0.        , 0.        , 0.        , 0.        ,
       0.        , 0.        , 0.        , 0.        , 0.        ,
       0.        , 0.        , 0.        , 0.        , 0.        ,
       0.        , 0.        , 0.        , 0.        , 0.01009581,
       0.01009581, 0.01009581, 0.01009581, 0.02871461, 0.02871461,
       0.02871461, 0.02871461, 0.02871461, 0.03719215, 0.04532029,
       0.04532029, 0.05307811, 0.05307811, 0.05307811, 0.08176633,
       0.08873559, 0.10245042, 0.11558566, 0.11558566, 0.12788912,
       0.15193349, 0.16939551, 0.17495876, 0.20739178, 0.22839511,
       0.24867048, 0.26783947, 0.27720237, 0.28615994, 0.33289794,
       0.36954229, 0.41182933, 0.44814653, 0.50333211, 0.54882625,
       0.57305746, 0.61013577, 0.64191364, 0.68876087, 0.74580886,
       0.78517547, 0.83215631, 0.87422855, 0.91114925, 0.93852023,
       0.97150525, 0.98733258, 0.99784374, 1.        , 1.        ,
       1.        ]), array([0.        , 0.        , 0.        , 0.        , 0.        ,
       0.        , 0.        , 0.        , 0.        , 0.        ,
       0.        , 0.        , 0.        , 0.        , 0.        ,
       0.        , 0.        , 0.        , 0.        , 0.        ,
       0.        , 0.        , 0.        , 0.        , 0.        ,
       0.        , 0.        , 0.        , 0.        , 0.        ,
       0.        , 0.        , 0.        , 0.        , 0.        ,
       0.        , 0.        , 0.        , 0.        , 0.        ,
       0.        , 0.        , 0.        , 0.        , 0.        ,
       0.        , 0.        , 0.        , 0.        , 0.        ,
       0.00958358, 0.02869097, 0.02869097, 0.02869097, 0.02869097,
       0.02869097, 0.02869097, 0.02869097, 0.03690799, 0.03690799,
       0.03690799, 0.05212416, 0.05212416, 0.05936574, 0.07321685,
       0.08686119, 0.09344072, 0.13183688, 0.15064057, 0.1626143 ,
       0.18029468, 0.18603255, 0.20254358, 0.20782362, 0.21284471,
       0.26168021, 0.2755947 , 0.29366681, 0.31525099, 0.33161313,
       0.35143702, 0.37772549, 0.4132308 , 0.45682694, 0.51372733,
       0.54016538, 0.59058605, 0.63214153, 0.67961022, 0.74591373,
       0.78629729, 0.84950937, 0.89814626, 0.93242887, 0.96480655,
       0.98307091, 0.99852551, 1.        , 1.        , 1.        ,
       1.        ]), array([0.        , 0.        , 0.        , 0.        , 0.        ,
       0.        , 0.        , 0.        , 0.        , 0.        ,
       0.        , 0.        , 0.        , 0.        , 0.        ,
       0.        , 0.        , 0.        , 0.        , 0.        ,
       0.        , 0.        , 0.        , 0.        , 0.        ,
       0.        , 0.        , 0.        , 0.        , 0.        ,
       0.        , 0.        , 0.        , 0.        , 0.        ,
       0.        , 0.        , 0.        , 0.        , 0.        ,
       0.        , 0.        , 0.        , 0.        , 0.        ,
       0.        , 0.        , 0.        , 0.        , 0.        ,
       0.        , 0.        , 0.        , 0.        , 0.        ,
       0.        , 0.        , 0.        , 0.        , 0.        ,
       0.        , 0.        , 0.        , 0.00838104, 0.00838104,
       0.0164186 , 0.0164186 , 0.03143097, 0.04596819, 0.04596819,
       0.04596819, 0.04596819, 0.06512235, 0.07118534, 0.08898675,
       0.10624801, 0.14464069, 0.17065235, 0.21085374, 0.23493483,
       0.26705359, 0.29780825, 0.35166179, 0.3987764 , 0.4509576 ,
       0.5102891 , 0.54622384, 0.59504976, 0.6430038 , 0.715204  ,
       0.74603138, 0.78399063, 0.82181946, 0.87695338, 0.9179771 ,
       0.96045227, 0.9809189 , 0.99608691, 1.        , 1.        ,
       1.        ]), array([0.        , 0.        , 0.        , 0.        , 0.        ,
       0.        , 0.        , 0.        , 0.        , 0.        ,
       0.        , 0.        , 0.        , 0.        , 0.        ,
       0.        , 0.        , 0.        , 0.        , 0.        ,
       0.        , 0.        , 0.        , 0.        , 0.        ,
       0.        , 0.        , 0.        , 0.        , 0.        ,
       0.        , 0.        , 0.        , 0.        , 0.        ,
       0.        , 0.        , 0.        , 0.        , 0.        ,
       0.        , 0.        , 0.        , 0.        , 0.        ,
       0.        , 0.        , 0.        , 0.        , 0.        ,
       0.        , 0.        , 0.        , 0.        , 0.        ,
       0.        , 0.00856344, 0.00856344, 0.00856344, 0.00856344,
       0.00856344, 0.00856344, 0.00856344, 0.00856344, 0.01567028,
       0.02253975, 0.02928005, 0.04861153, 0.06764237, 0.07377972,
       0.097598  , 0.12056974, 0.13159942, 0.16892208, 0.19475497,
       0.21919435, 0.25731504, 0.29812588, 0.341772  , 0.3750867 ,
       0.39510207, 0.42547637, 0.47572135, 0.51292134, 0.5419867 ,
       0.58427687, 0.63207332, 0.67928337, 0.71579566, 0.75163584,
       0.77835357, 0.82588521, 0.87011343, 0.90916153, 0.94863068,
       0.98046577, 0.99924072, 1.        , 1.        , 1.        ,
       1.        ]), array([0.        , 0.        , 0.        , 0.        , 0.        ,
       0.        , 0.        , 0.        , 0.        , 0.        ,
       0.        , 0.        , 0.        , 0.        , 0.        ,
       0.        , 0.        , 0.        , 0.        , 0.        ,
       0.        , 0.        , 0.        , 0.        , 0.        ,
       0.        , 0.        , 0.        , 0.        , 0.        ,
       0.        , 0.        , 0.        , 0.        , 0.        ,
       0.        , 0.        , 0.        , 0.        , 0.        ,
       0.        , 0.        , 0.        , 0.        , 0.        ,
       0.        , 0.        , 0.        , 0.        , 0.        ,
       0.        , 0.        , 0.        , 0.01011268, 0.01011268,
       0.01011268, 0.01011268, 0.01011268, 0.01011268, 0.01011268,
       0.01011268, 0.01011268, 0.01011268, 0.01011268, 0.01011268,
       0.01756955, 0.01756955, 0.03884718, 0.0525095 , 0.05909414,
       0.06556593, 0.07816146, 0.10839519, 0.1257897 , 0.14268728,
       0.16422334, 0.20582277, 0.24054968, 0.27379396, 0.3010599 ,
       0.36147233, 0.39874073, 0.43407272, 0.46760665, 0.5023623 ,
       0.54138243, 0.58770184, 0.63605156, 0.67025597, 0.71652867,
       0.74972827, 0.79937453, 0.85168512, 0.89454637, 0.92914953,
       0.96675198, 0.98309679, 0.99616655, 1.        , 1.        ,
       1.        ])]","[array([0.        , 0.        , 0.        , 0.        , 0.        ,
       0.        , 0.        , 0.        , 0.        , 0.        ,
       0.        , 0.        , 0.        , 0.        , 0.        ,
       0.        , 0.        , 0.        , 0.        , 0.        ,
       0.        , 0.        , 0.        , 0.        , 0.        ,
       0.        , 0.        , 0.        , 0.        , 0.        ,
       0.        , 0.        , 0.        , 0.        , 0.        ,
       0.        , 0.        , 0.        , 0.        , 0.        ,
       0.        , 0.        , 0.        , 0.        , 0.        ,
       0.        , 0.        , 0.        , 0.        , 0.00149821,
       0.00149821, 0.00149821, 0.00149821, 0.00473855, 0.00473855,
       0.00473855, 0.00473855, 0.00473855, 0.00648772, 0.00829108,
       0.00829108, 0.01015186, 0.01015186, 0.01015186, 0.01795838,
       0.01994146, 0.0239423 , 0.02803303, 0.02803303, 0.03225275,
       0.04077944, 0.04726304, 0.04946416, 0.06281768, 0.07181597,
       0.08092715, 0.09020991, 0.09488565, 0.09962426, 0.12607872,
       0.14797076, 0.17511548, 0.20012213, 0.24058591, 0.27642489,
       0.29717809, 0.33125833, 0.36309669, 0.41404521, 0.48179503,
       0.53390364, 0.60321468, 0.67328694, 0.74415811, 0.80425476,
       0.89105564, 0.94375087, 0.9880789 , 1.        , 1.        ,
       1.        ]), array([0.        , 0.        , 0.        , 0.        , 0.        ,
       0.        , 0.        , 0.        , 0.        , 0.        ,
       0.        , 0.        , 0.        , 0.        , 0.        ,
       0.        , 0.        , 0.        , 0.        , 0.        ,
       0.        , 0.        , 0.        , 0.        , 0.        ,
       0.        , 0.        , 0.        , 0.        , 0.        ,
       0.        , 0.        , 0.        , 0.        , 0.        ,
       0.        , 0.        , 0.        , 0.        , 0.        ,
       0.        , 0.        , 0.        , 0.        , 0.        ,
       0.        , 0.        , 0.        , 0.        , 0.        ,
       0.00154403, 0.00464173, 0.00464173, 0.00464173, 0.00464173,
       0.00464173, 0.00464173, 0.00464173, 0.00640593, 0.00640593,
       0.00640593, 0.01013054, 0.01013054, 0.0120519 , 0.01599645,
       0.01997431, 0.02200233, 0.03434462, 0.04057931, 0.04482633,
       0.05124199, 0.05340562, 0.06000968, 0.06224706, 0.06452617,
       0.08753882, 0.09456122, 0.10400184, 0.11596468, 0.1256808 ,
       0.13792725, 0.15530831, 0.18046861, 0.21358957, 0.26000739,
       0.28354047, 0.33100225, 0.37371618, 0.42782968, 0.50978931,
       0.56504431, 0.66294233, 0.74774827, 0.81633847, 0.89141171,
       0.94096619, 0.99406143, 1.        , 1.        , 1.        ,
       1.        ]), array([0.        , 0.        , 0.        , 0.        , 0.        ,
       0.        , 0.        , 0.        , 0.        , 0.        ,
       0.        , 0.        , 0.        , 0.        , 0.        ,
       0.        , 0.        , 0.        , 0.        , 0.        ,
       0.        , 0.        , 0.        , 0.        , 0.        ,
       0.        , 0.        , 0.        , 0.        , 0.        ,
       0.        , 0.        , 0.        , 0.        , 0.        ,
       0.        , 0.        , 0.        , 0.        , 0.        ,
       0.        , 0.        , 0.        , 0.        , 0.        ,
       0.        , 0.        , 0.        , 0.        , 0.        ,
       0.        , 0.        , 0.        , 0.        , 0.        ,
       0.        , 0.        , 0.        , 0.        , 0.        ,
       0.        , 0.        , 0.        , 0.00189044, 0.00189044,
       0.00382705, 0.00382705, 0.00784314, 0.0119231 , 0.0119231 ,
       0.0119231 , 0.0119231 , 0.01839951, 0.02060156, 0.02725982,
       0.03399069, 0.04994927, 0.06153802, 0.08027056, 0.09211884,
       0.10892082, 0.12590618, 0.15788896, 0.18776055, 0.22298525,
       0.26630003, 0.29465743, 0.33636738, 0.38121164, 0.4559846 ,
       0.49106279, 0.54026774, 0.59552444, 0.68767712, 0.76664114,
       0.86351264, 0.92412044, 0.97940633, 1.        , 1.        ,
       1.        ]), array([0.        , 0.        , 0.        , 0.        , 0.        ,
       0.        , 0.        , 0.        , 0.        , 0.        ,
       0.        , 0.        , 0.        , 0.        , 0.        ,
       0.        , 0.        , 0.        , 0.        , 0.        ,
       0.        , 0.        , 0.        , 0.        , 0.        ,
       0.        , 0.        , 0.        , 0.        , 0.        ,
       0.        , 0.        , 0.        , 0.        , 0.        ,
       0.        , 0.        , 0.        , 0.        , 0.        ,
       0.        , 0.        , 0.        , 0.        , 0.        ,
       0.        , 0.        , 0.        , 0.        , 0.        ,
       0.        , 0.        , 0.        , 0.        , 0.        ,
       0.        , 0.00172362, 0.00172362, 0.00172362, 0.00172362,
       0.00172362, 0.00172362, 0.00172362, 0.00172362, 0.00367815,
       0.00567032, 0.00768297, 0.0138619 , 0.0200885 , 0.02219673,
       0.03074557, 0.03942861, 0.04384245, 0.05949401, 0.07080467,
       0.08233625, 0.1009425 , 0.12220348, 0.14609617, 0.16546433,
       0.17769726, 0.19753157, 0.23270295, 0.26069878, 0.2838218 ,
       0.32025428, 0.36505745, 0.41303478, 0.45346445, 0.49708188,
       0.5329019 , 0.60547789, 0.68165878, 0.7586609 , 0.84792108,
       0.93531032, 0.99703917, 1.        , 1.        , 1.        ,
       1.        ]), array([0.        , 0.        , 0.        , 0.        , 0.        ,
       0.        , 0.        , 0.        , 0.        , 0.        ,
       0.        , 0.        , 0.        , 0.        , 0.        ,
       0.        , 0.        , 0.        , 0.        , 0.        ,
       0.        , 0.        , 0.        , 0.        , 0.        ,
       0.        , 0.        , 0.        , 0.        , 0.        ,
       0.        , 0.        , 0.        , 0.        , 0.        ,
       0.        , 0.        , 0.        , 0.        , 0.        ,
       0.        , 0.        , 0.        , 0.        , 0.        ,
       0.        , 0.        , 0.        , 0.        , 0.        ,
       0.        , 0.        , 0.        , 0.00158686, 0.00158686,
       0.00158686, 0.00158686, 0.00158686, 0.00158686, 0.00158686,
       0.00158686, 0.00158686, 0.00158686, 0.00158686, 0.00158686,
       0.00355597, 0.00355597, 0.00962061, 0.01373895, 0.0158336 ,
       0.01794449, 0.02221636, 0.03307669, 0.03970022, 0.04639527,
       0.05546508, 0.07381665, 0.09011501, 0.10662676, 0.1209566 ,
       0.15485462, 0.17687191, 0.19916791, 0.22172269, 0.247144  ,
       0.27803625, 0.31700501, 0.36176629, 0.39639401, 0.44753895,
       0.48839602, 0.55730958, 0.63800911, 0.71398394, 0.78506261,
       0.87700614, 0.92637381, 0.97925521, 1.        , 1.        ,
       1.        ])]","[{'lambda_reg': 0.1452824663751603, 'K_bin': 1, 'gamma': 0.0070689749506246055}, {'lambda_reg': 0.8192602279031006, 'K_bin': 1, 'gamma': 0.023739423955292542}, {'lambda_reg': 0.8192602279031006, 'K_bin': 1, 'gamma': 0.023739423955292542}, {'lambda_reg': 0.8192602279031006, 'K_bin': 1, 'gamma': 0.023739423955292542}, {'lambda_reg': 0.1452824663751603, 'K_bin': 1, 'gamma': 0.0070689749506246055}]",Joao_Pessoa,laplacian,9
"[np.float64(0.09699175645088236), np.float64(0.09714227853801358), np.float64(0.13764401139620708), np.float64(0.0909699441267342), np.float64(0.10192926196816836)]",0.1049354504960011,0.0167197984319584,"[np.float64(0.6203498335804916), np.float64(0.581193143127692), np.float64(0.6392359308290638), np.float64(0.6395576167302126), np.float64(0.6327869001951456)]",0.6226246848925211,0.0218525783080337,"[np.float64(0.691182154012079), np.float64(0.6778242747191485), np.float64(0.6908140480127738), np.float64(0.6775707242589891), np.float64(0.6808727628940544)]",0.6836527927794089,0.0061100998931074,"[array([0.        , 0.        , 0.        , 0.        , 0.        ,
       0.        , 0.        , 0.        , 0.        , 0.        ,
       0.        , 0.        , 0.        , 0.        , 0.        ,
       0.        , 0.        , 0.        , 0.        , 0.        ,
       0.        , 0.        , 0.        , 0.        , 0.        ,
       0.        , 0.        , 0.        , 0.        , 0.        ,
       0.        , 0.        , 0.        , 0.        , 0.        ,
       0.        , 0.        , 0.        , 0.        , 0.        ,
       0.        , 0.        , 0.        , 0.        , 0.        ,
       0.        , 0.        , 0.        , 0.        , 0.        ,
       0.        , 0.00992938, 0.00992938, 0.01951877, 0.01951877,
       0.01951877, 0.01951877, 0.01951877, 0.01951877, 0.01951877,
       0.02755364, 0.02755364, 0.03520538, 0.03520538, 0.05693363,
       0.06401369, 0.07097862, 0.08434247, 0.11027288, 0.11027288,
       0.12246413, 0.15790301, 0.18047093, 0.19145268, 0.20733903,
       0.23287067, 0.25755308, 0.27638442, 0.2987366 , 0.34585766,
       0.37049566, 0.40935738, 0.4387204 , 0.48413792, 0.53658033,
       0.58587944, 0.62676607, 0.65938432, 0.70178741, 0.73831796,
       0.79263859, 0.83232034, 0.86967912, 0.90706305, 0.9443826 ,
       0.96489378, 0.98408096, 0.99669085, 1.        , 1.        ,
       1.        ]), array([0.        , 0.        , 0.        , 0.        , 0.        ,
       0.        , 0.        , 0.        , 0.        , 0.        ,
       0.        , 0.        , 0.        , 0.        , 0.        ,
       0.        , 0.        , 0.        , 0.        , 0.        ,
       0.        , 0.        , 0.        , 0.        , 0.        ,
       0.        , 0.        , 0.        , 0.        , 0.        ,
       0.        , 0.        , 0.        , 0.        , 0.        ,
       0.        , 0.        , 0.        , 0.        , 0.        ,
       0.        , 0.        , 0.        , 0.        , 0.        ,
       0.        , 0.        , 0.        , 0.        , 0.        ,
       0.        , 0.01967629, 0.0293091 , 0.0293091 , 0.0293091 ,
       0.0293091 , 0.03807226, 0.03807226, 0.03807226, 0.03807226,
       0.03807226, 0.04579261, 0.06862624, 0.07605806, 0.09042107,
       0.09745044, 0.10419813, 0.11070313, 0.11704732, 0.12931071,
       0.13535411, 0.17023297, 0.18131533, 0.20300244, 0.20300244,
       0.22799272, 0.23770222, 0.25611877, 0.27827537, 0.29962703,
       0.32784352, 0.37418162, 0.40661614, 0.44763815, 0.48012725,
       0.53194839, 0.57811786, 0.62084924, 0.67989478, 0.74335783,
       0.77645671, 0.83084518, 0.88060517, 0.92321526, 0.96191213,
       0.98140733, 0.99693849, 1.        , 1.        , 1.        ,
       1.        ]), array([0.        , 0.        , 0.        , 0.        , 0.        ,
       0.        , 0.        , 0.        , 0.        , 0.        ,
       0.        , 0.        , 0.        , 0.        , 0.        ,
       0.        , 0.        , 0.        , 0.        , 0.        ,
       0.        , 0.        , 0.        , 0.        , 0.        ,
       0.        , 0.        , 0.        , 0.        , 0.        ,
       0.        , 0.        , 0.        , 0.        , 0.        ,
       0.        , 0.        , 0.        , 0.        , 0.        ,
       0.        , 0.        , 0.        , 0.        , 0.        ,
       0.        , 0.        , 0.        , 0.        , 0.        ,
       0.        , 0.        , 0.        , 0.        , 0.        ,
       0.        , 0.        , 0.        , 0.        , 0.        ,
       0.        , 0.        , 0.        , 0.        , 0.        ,
       0.00819287, 0.01614933, 0.02380884, 0.03119347, 0.05289432,
       0.05289432, 0.05969031, 0.07912084, 0.09780819, 0.10977873,
       0.12135595, 0.16069215, 0.18205823, 0.21272716, 0.26200544,
       0.28535351, 0.33873704, 0.35584917, 0.41156584, 0.47160068,
       0.53217418, 0.59488538, 0.62277013, 0.66269554, 0.72054815,
       0.7592547 , 0.78962096, 0.81283425, 0.8584127 , 0.90557947,
       0.94212472, 0.97028144, 0.99173111, 0.99842805, 1.        ,
       1.        ]), array([0.        , 0.        , 0.        , 0.        , 0.        ,
       0.        , 0.        , 0.        , 0.        , 0.        ,
       0.        , 0.        , 0.        , 0.        , 0.        ,
       0.        , 0.        , 0.        , 0.        , 0.        ,
       0.        , 0.        , 0.        , 0.        , 0.        ,
       0.        , 0.        , 0.        , 0.        , 0.        ,
       0.        , 0.        , 0.        , 0.        , 0.        ,
       0.        , 0.        , 0.        , 0.        , 0.        ,
       0.        , 0.        , 0.        , 0.        , 0.        ,
       0.        , 0.        , 0.        , 0.        , 0.        ,
       0.        , 0.        , 0.        , 0.        , 0.        ,
       0.        , 0.        , 0.        , 0.        , 0.00808784,
       0.01590954, 0.01590954, 0.01590954, 0.01590954, 0.01590954,
       0.01590954, 0.02259507, 0.02909462, 0.03534615, 0.04139991,
       0.05320359, 0.06468343, 0.09774014, 0.12939658, 0.18064702,
       0.22051591, 0.26317837, 0.2952179 , 0.31702819, 0.3712037 ,
       0.39904577, 0.45600531, 0.50221861, 0.52589017, 0.56741316,
       0.60057573, 0.65086073, 0.70025957, 0.72458985, 0.75994643,
       0.78640843, 0.8213823 , 0.86886825, 0.9066428 , 0.94730863,
       0.97709727, 0.99850756, 1.        , 1.        , 1.        ,
       1.        ]), array([0.        , 0.        , 0.        , 0.        , 0.        ,
       0.        , 0.        , 0.        , 0.        , 0.        ,
       0.        , 0.        , 0.        , 0.        , 0.        ,
       0.        , 0.        , 0.        , 0.        , 0.        ,
       0.        , 0.        , 0.        , 0.        , 0.        ,
       0.        , 0.        , 0.        , 0.        , 0.        ,
       0.        , 0.        , 0.        , 0.        , 0.        ,
       0.        , 0.        , 0.        , 0.        , 0.        ,
       0.        , 0.        , 0.        , 0.        , 0.        ,
       0.        , 0.        , 0.        , 0.        , 0.        ,
       0.        , 0.        , 0.        , 0.01027893, 0.01027893,
       0.01027893, 0.01027893, 0.01027893, 0.01027893, 0.01027893,
       0.01027893, 0.01027893, 0.01027893, 0.01027893, 0.01027893,
       0.01027893, 0.01769694, 0.02491415, 0.02491415, 0.03171535,
       0.03171535, 0.06371167, 0.07599659, 0.11171161, 0.12912755,
       0.15675599, 0.18328841, 0.22394232, 0.23845727, 0.25700305,
       0.3326142 , 0.36169877, 0.38579385, 0.45411166, 0.48654627,
       0.53022079, 0.57121786, 0.60920525, 0.65552479, 0.70326068,
       0.74434341, 0.79004865, 0.83777049, 0.88452901, 0.93021741,
       0.96340368, 0.98298446, 0.99411153, 1.        , 1.        ,
       1.        ])]","[array([0.        , 0.        , 0.        , 0.        , 0.        ,
       0.        , 0.        , 0.        , 0.        , 0.        ,
       0.        , 0.        , 0.        , 0.        , 0.        ,
       0.        , 0.        , 0.        , 0.        , 0.        ,
       0.        , 0.        , 0.        , 0.        , 0.        ,
       0.        , 0.        , 0.        , 0.        , 0.        ,
       0.        , 0.        , 0.        , 0.        , 0.        ,
       0.        , 0.        , 0.        , 0.        , 0.        ,
       0.        , 0.        , 0.        , 0.        , 0.        ,
       0.        , 0.        , 0.        , 0.        , 0.        ,
       0.        , 0.00154105, 0.00154105, 0.00313404, 0.00313404,
       0.00313404, 0.00313404, 0.00313404, 0.00313404, 0.00313404,
       0.00496446, 0.00496446, 0.0068534 , 0.0068534 , 0.01270763,
       0.01468389, 0.01667773, 0.02075187, 0.02902193, 0.02902193,
       0.03327517, 0.04620824, 0.05499188, 0.05942986, 0.06617638,
       0.07756501, 0.08908335, 0.09843772, 0.11031198, 0.13674904,
       0.15133183, 0.17597275, 0.19594917, 0.22876176, 0.26967436,
       0.31106707, 0.34762937, 0.37933925, 0.42484292, 0.46818589,
       0.53938826, 0.59753825, 0.65910071, 0.72983232, 0.81280443,
       0.86776719, 0.92904751, 0.98215945, 1.        , 1.        ,
       1.        ]), array([0.        , 0.        , 0.        , 0.        , 0.        ,
       0.        , 0.        , 0.        , 0.        , 0.        ,
       0.        , 0.        , 0.        , 0.        , 0.        ,
       0.        , 0.        , 0.        , 0.        , 0.        ,
       0.        , 0.        , 0.        , 0.        , 0.        ,
       0.        , 0.        , 0.        , 0.        , 0.        ,
       0.        , 0.        , 0.        , 0.        , 0.        ,
       0.        , 0.        , 0.        , 0.        , 0.        ,
       0.        , 0.        , 0.        , 0.        , 0.        ,
       0.        , 0.        , 0.        , 0.        , 0.        ,
       0.        , 0.00307583, 0.00464582, 0.00464582, 0.00464582,
       0.00464582, 0.00635171, 0.00635171, 0.00635171, 0.00635171,
       0.00635171, 0.00822053, 0.01387815, 0.01579205, 0.01969809,
       0.02167488, 0.02369568, 0.0257544 , 0.02783825, 0.03207235,
       0.0342032 , 0.04720415, 0.05162279, 0.06053469, 0.06053469,
       0.07200561, 0.07663876, 0.0860617 , 0.09797538, 0.11001484,
       0.12713193, 0.15679318, 0.17940147, 0.20989337, 0.23556826,
       0.27974846, 0.32173661, 0.36426196, 0.42883929, 0.50502692,
       0.54905737, 0.62973805, 0.71421708, 0.79673816, 0.88294582,
       0.93525213, 0.98817782, 1.        , 1.        , 1.        ,
       1.        ]), array([0.        , 0.        , 0.        , 0.        , 0.        ,
       0.        , 0.        , 0.        , 0.        , 0.        ,
       0.        , 0.        , 0.        , 0.        , 0.        ,
       0.        , 0.        , 0.        , 0.        , 0.        ,
       0.        , 0.        , 0.        , 0.        , 0.        ,
       0.        , 0.        , 0.        , 0.        , 0.        ,
       0.        , 0.        , 0.        , 0.        , 0.        ,
       0.        , 0.        , 0.        , 0.        , 0.        ,
       0.        , 0.        , 0.        , 0.        , 0.        ,
       0.        , 0.        , 0.        , 0.        , 0.        ,
       0.        , 0.        , 0.        , 0.        , 0.        ,
       0.        , 0.        , 0.        , 0.        , 0.        ,
       0.        , 0.        , 0.        , 0.        , 0.        ,
       0.0019293 , 0.0038898 , 0.0058895 , 0.00792547, 0.01409318,
       0.01409318, 0.01620684, 0.02267418, 0.0292396 , 0.03368091,
       0.03817413, 0.05405668, 0.06327915, 0.07729501, 0.10089716,
       0.11286863, 0.14195014, 0.15173403, 0.18652878, 0.22677478,
       0.26996027, 0.31888479, 0.34229983, 0.37917867, 0.43777616,
       0.48083702, 0.51897746, 0.55204077, 0.62731107, 0.71742464,
       0.79990828, 0.87747786, 0.95593262, 0.98816514, 1.        ,
       1.        ]), array([0.        , 0.        , 0.        , 0.        , 0.        ,
       0.        , 0.        , 0.        , 0.        , 0.        ,
       0.        , 0.        , 0.        , 0.        , 0.        ,
       0.        , 0.        , 0.        , 0.        , 0.        ,
       0.        , 0.        , 0.        , 0.        , 0.        ,
       0.        , 0.        , 0.        , 0.        , 0.        ,
       0.        , 0.        , 0.        , 0.        , 0.        ,
       0.        , 0.        , 0.        , 0.        , 0.        ,
       0.        , 0.        , 0.        , 0.        , 0.        ,
       0.        , 0.        , 0.        , 0.        , 0.        ,
       0.        , 0.        , 0.        , 0.        , 0.        ,
       0.        , 0.        , 0.        , 0.        , 0.00179508,
       0.00363255, 0.00363255, 0.00363255, 0.00363255, 0.00363255,
       0.00363255, 0.00565097, 0.00769899, 0.00978653, 0.01190555,
       0.01619199, 0.02053001, 0.03376427, 0.04722154, 0.06989084,
       0.08820648, 0.10916036, 0.12563975, 0.13758196, 0.16903482,
       0.18618268, 0.22335843, 0.25607933, 0.27389137, 0.30735924,
       0.3359923 , 0.38348041, 0.43419277, 0.46114931, 0.50484861,
       0.54071505, 0.5937247 , 0.67557301, 0.74971855, 0.84190241,
       0.92348602, 0.99407142, 1.        , 1.        , 1.        ,
       1.        ]), array([0.        , 0.        , 0.        , 0.        , 0.        ,
       0.        , 0.        , 0.        , 0.        , 0.        ,
       0.        , 0.        , 0.        , 0.        , 0.        ,
       0.        , 0.        , 0.        , 0.        , 0.        ,
       0.        , 0.        , 0.        , 0.        , 0.        ,
       0.        , 0.        , 0.        , 0.        , 0.        ,
       0.        , 0.        , 0.        , 0.        , 0.        ,
       0.        , 0.        , 0.        , 0.        , 0.        ,
       0.        , 0.        , 0.        , 0.        , 0.        ,
       0.        , 0.        , 0.        , 0.        , 0.        ,
       0.        , 0.        , 0.        , 0.00159753, 0.00159753,
       0.00159753, 0.00159753, 0.00159753, 0.00159753, 0.00159753,
       0.00159753, 0.00159753, 0.00159753, 0.00159753, 0.00159753,
       0.00159753, 0.00359384, 0.00561813, 0.00561813, 0.00770042,
       0.00770042, 0.01839196, 0.02274017, 0.03594365, 0.04260694,
       0.05390731, 0.06536045, 0.08393609, 0.09100375, 0.10053984,
       0.14151545, 0.15867342, 0.17349659, 0.21851908, 0.24127067,
       0.27457671, 0.30825594, 0.34235469, 0.38741319, 0.43833484,
       0.48715356, 0.54744912, 0.61958472, 0.70094546, 0.79154622,
       0.87176848, 0.92964489, 0.97051792, 1.        , 1.        ,
       1.        ])]","[{'lambda_reg': 0.1452824663751603, 'K_bin': 1, 'gamma': 0.0070689749506246055}, {'lambda_reg': 0.8192602279031006, 'K_bin': 1, 'gamma': 0.023739423955292542}, {'lambda_reg': 0.3708059888336652, 'K_bin': 1, 'gamma': 0.01324683205408713}, {'lambda_reg': 0.8192602279031006, 'K_bin': 1, 'gamma': 0.023739423955292542}, {'lambda_reg': 0.1452824663751603, 'K_bin': 1, 'gamma': 0.0070689749506246055}]",Joao_Pessoa,cauchy,11
"[np.float64(0.07571774531806857), np.float64(0.04423372599568226), np.float64(0.049253366305915626), np.float64(0.0352687652491961), np.float64(0.06813962794814071)]",0.0545226461634006,0.015093001953188,"[np.float64(0.8495178662006299), np.float64(0.7641199128067684), np.float64(0.7252163969310881), np.float64(0.671089673636564), np.float64(0.7872793383487673)]",0.7594446375847635,0.0598130209751067,"[np.float64(0.8738444619366454), np.float64(0.8093157198480991), np.float64(0.87561773605193), np.float64(0.7727299181753351), np.float64(0.8069062464233325)]",0.8276828164870687,0.0405400817949852,"[array([0.10694524, 0.10694524, 0.10694524, 0.10694524, 0.10694524,
       0.10694524, 0.10694524, 0.10694524, 0.10694524, 0.10694524,
       0.10694524, 0.10694524, 0.10694524, 0.10694524, 0.10694524,
       0.10694524, 0.10694524, 0.10694524, 0.10694524, 0.10694524,
       0.10694524, 0.10694524, 0.10694524, 0.10694524, 0.10694524,
       0.10694524, 0.10694524, 0.10694524, 0.10694524, 0.10694524,
       0.10694524, 0.10694524, 0.10694524, 0.10694524, 0.10694524,
       0.10694524, 0.10694524, 0.10694524, 0.10694524, 0.10694524,
       0.10694524, 0.10694524, 0.10694524, 0.10694524, 0.10694524,
       0.10694524, 0.10694524, 0.10694524, 0.10694524, 0.10694524,
       0.10694524, 0.10694524, 0.15863687, 0.15863687, 0.15863687,
       0.15863687, 0.20629957, 0.20629957, 0.20629957, 0.20629957,
       0.20629957, 0.20629957, 0.20629957, 0.20629957, 0.20629957,
       0.31998793, 0.31998793, 0.31998793, 0.31998793, 0.35378546,
       0.35378546, 0.38561589, 0.38561589, 0.41493579, 0.41493579,
       0.41493579, 0.41493579, 0.41493579, 0.41493579, 0.48410701,
       0.48410701, 0.52643947, 0.54663026, 0.56587897, 0.56587897,
       0.58214112, 0.5972419 , 0.6408549 , 0.65388232, 0.66619057,
       0.6994781 , 0.7397867 , 0.77528726, 0.79949015, 0.83455601,
       0.84677771, 0.8567044 , 0.87934649, 0.93117726, 0.97053211,
       1.        ]), array([0.        , 0.        , 0.        , 0.        , 0.        ,
       0.        , 0.        , 0.        , 0.        , 0.        ,
       0.        , 0.        , 0.        , 0.        , 0.        ,
       0.        , 0.        , 0.        , 0.        , 0.        ,
       0.        , 0.        , 0.        , 0.        , 0.        ,
       0.        , 0.        , 0.        , 0.        , 0.        ,
       0.        , 0.        , 0.        , 0.        , 0.        ,
       0.        , 0.        , 0.        , 0.        , 0.        ,
       0.        , 0.        , 0.        , 0.        , 0.        ,
       0.        , 0.        , 0.        , 0.        , 0.        ,
       0.        , 0.        , 0.        , 0.        , 0.        ,
       0.        , 0.        , 0.        , 0.        , 0.        ,
       0.        , 0.        , 0.        , 0.        , 0.        ,
       0.        , 0.        , 0.        , 0.        , 0.        ,
       0.        , 0.        , 0.        , 0.05347104, 0.10594865,
       0.15559601, 0.15559601, 0.15559601, 0.15559601, 0.19786846,
       0.23828501, 0.23828501, 0.27452396, 0.27452396, 0.30704199,
       0.39968444, 0.39968444, 0.39968444, 0.39968444, 0.39968444,
       0.39968444, 0.45537475, 0.47193612, 0.49969997, 0.53625857,
       0.56878608, 0.68420413, 0.7404426 , 0.84387162, 0.94318885,
       1.        ]), array([0.        , 0.        , 0.        , 0.        , 0.        ,
       0.        , 0.        , 0.        , 0.        , 0.        ,
       0.        , 0.        , 0.        , 0.        , 0.        ,
       0.        , 0.        , 0.        , 0.        , 0.        ,
       0.        , 0.        , 0.        , 0.        , 0.        ,
       0.        , 0.        , 0.        , 0.        , 0.        ,
       0.        , 0.        , 0.        , 0.        , 0.        ,
       0.        , 0.        , 0.        , 0.        , 0.        ,
       0.        , 0.07338094, 0.07338094, 0.07338094, 0.07338094,
       0.07338094, 0.14111045, 0.14111045, 0.14111045, 0.14111045,
       0.14111045, 0.14111045, 0.14111045, 0.14111045, 0.14111045,
       0.14111045, 0.14111045, 0.14111045, 0.19403546, 0.24546877,
       0.29604039, 0.29604039, 0.29604039, 0.29604039, 0.29604039,
       0.29604039, 0.3385416 , 0.3385416 , 0.37860875, 0.37860875,
       0.37860875, 0.37860875, 0.37860875, 0.37860875, 0.37860875,
       0.37860875, 0.37860875, 0.37860875, 0.4062417 , 0.43330548,
       0.43330548, 0.43330548, 0.45648791, 0.45648791, 0.53782449,
       0.57679824, 0.57679824, 0.6096652 , 0.64006892, 0.64006892,
       0.65301745, 0.6646633 , 0.70651344, 0.73432282, 0.78366521,
       0.8256032 , 0.85326875, 0.8958129 , 0.92217223, 0.97054531,
       1.        ]), array([0.        , 0.        , 0.        , 0.        , 0.        ,
       0.        , 0.        , 0.        , 0.        , 0.        ,
       0.        , 0.        , 0.        , 0.        , 0.        ,
       0.        , 0.        , 0.        , 0.        , 0.        ,
       0.        , 0.        , 0.        , 0.        , 0.        ,
       0.        , 0.        , 0.        , 0.        , 0.        ,
       0.        , 0.        , 0.        , 0.        , 0.        ,
       0.        , 0.        , 0.        , 0.        , 0.        ,
       0.        , 0.        , 0.        , 0.        , 0.        ,
       0.        , 0.        , 0.        , 0.        , 0.        ,
       0.        , 0.        , 0.        , 0.        , 0.        ,
       0.05976422, 0.05976422, 0.05976422, 0.05976422, 0.05976422,
       0.05976422, 0.05976422, 0.05976422, 0.05976422, 0.05976422,
       0.05976422, 0.05976422, 0.05976422, 0.05976422, 0.05976422,
       0.05976422, 0.05976422, 0.09823307, 0.09823307, 0.09823307,
       0.09823307, 0.09823307, 0.09823307, 0.09823307, 0.12641862,
       0.12641862, 0.15272125, 0.17677143, 0.17677143, 0.2208643 ,
       0.2614587 , 0.29992129, 0.31731134, 0.36822413, 0.39894888,
       0.4393792 , 0.45254887, 0.47540578, 0.51652051, 0.59363362,
       0.69535134, 0.81004131, 0.86187512, 0.92958665, 0.98632006,
       1.        ]), array([0.        , 0.        , 0.        , 0.        , 0.        ,
       0.        , 0.        , 0.        , 0.        , 0.        ,
       0.        , 0.        , 0.        , 0.        , 0.        ,
       0.        , 0.        , 0.        , 0.        , 0.        ,
       0.        , 0.        , 0.        , 0.        , 0.        ,
       0.        , 0.        , 0.        , 0.        , 0.        ,
       0.        , 0.        , 0.        , 0.        , 0.        ,
       0.        , 0.        , 0.        , 0.        , 0.        ,
       0.        , 0.        , 0.        , 0.        , 0.        ,
       0.        , 0.        , 0.        , 0.        , 0.        ,
       0.        , 0.        , 0.0781943 , 0.0781943 , 0.0781943 ,
       0.0781943 , 0.0781943 , 0.0781943 , 0.0781943 , 0.0781943 ,
       0.0781943 , 0.0781943 , 0.0781943 , 0.0781943 , 0.0781943 ,
       0.0781943 , 0.13396031, 0.13396031, 0.13396031, 0.13396031,
       0.13396031, 0.13396031, 0.13396031, 0.13396031, 0.13396031,
       0.17563301, 0.17563301, 0.17563301, 0.17563301, 0.21094881,
       0.21094881, 0.21094881, 0.2401088 , 0.2401088 , 0.2401088 ,
       0.29110152, 0.29110152, 0.3122412 , 0.41282752, 0.41282752,
       0.41282752, 0.44285973, 0.51086155, 0.55836844, 0.58977267,
       0.64455088, 0.74477779, 0.80948465, 0.88564694, 0.96696686,
       1.        ])]","[array([0.        , 0.        , 0.        , 0.        , 0.        ,
       0.        , 0.        , 0.        , 0.        , 0.        ,
       0.        , 0.        , 0.        , 0.        , 0.        ,
       0.        , 0.        , 0.        , 0.        , 0.        ,
       0.        , 0.        , 0.        , 0.        , 0.        ,
       0.        , 0.        , 0.        , 0.        , 0.        ,
       0.        , 0.        , 0.        , 0.        , 0.        ,
       0.        , 0.        , 0.        , 0.        , 0.        ,
       0.        , 0.        , 0.        , 0.        , 0.        ,
       0.        , 0.        , 0.        , 0.        , 0.        ,
       0.        , 0.        , 0.00354724, 0.00354724, 0.00354724,
       0.00354724, 0.00735313, 0.00735313, 0.00735313, 0.00735313,
       0.00735313, 0.00735313, 0.00735313, 0.00735313, 0.00735313,
       0.02065183, 0.02065183, 0.02065183, 0.02065183, 0.02534786,
       0.02534786, 0.03017017, 0.03017017, 0.03515366, 0.03515366,
       0.03515366, 0.03515366, 0.03515366, 0.03515366, 0.05131032,
       0.05131032, 0.06232421, 0.06789378, 0.07352383, 0.07352383,
       0.07934562, 0.08524196, 0.10303944, 0.10906889, 0.11514452,
       0.13360489, 0.15848031, 0.18366441, 0.20270801, 0.23478581,
       0.24773279, 0.26082711, 0.30056831, 0.44142265, 0.61740693,
       1.        ]), array([0.        , 0.        , 0.        , 0.        , 0.        ,
       0.        , 0.        , 0.        , 0.        , 0.        ,
       0.        , 0.        , 0.        , 0.        , 0.        ,
       0.        , 0.        , 0.        , 0.        , 0.        ,
       0.        , 0.        , 0.        , 0.        , 0.        ,
       0.        , 0.        , 0.        , 0.        , 0.        ,
       0.        , 0.        , 0.        , 0.        , 0.        ,
       0.        , 0.        , 0.        , 0.        , 0.        ,
       0.        , 0.        , 0.        , 0.        , 0.        ,
       0.        , 0.        , 0.        , 0.        , 0.        ,
       0.        , 0.        , 0.        , 0.        , 0.        ,
       0.        , 0.        , 0.        , 0.        , 0.        ,
       0.        , 0.        , 0.        , 0.        , 0.        ,
       0.        , 0.        , 0.        , 0.        , 0.        ,
       0.        , 0.        , 0.        , 0.00485337, 0.0097405 ,
       0.01472384, 0.01472384, 0.01472384, 0.01472384, 0.01995787,
       0.02525497, 0.02525497, 0.03069408, 0.03069408, 0.03625966,
       0.05312337, 0.05312337, 0.05312337, 0.05312337, 0.05312337,
       0.05312337, 0.07124313, 0.0773511 , 0.08974919, 0.10851926,
       0.12742634, 0.21022499, 0.26835157, 0.41826685, 0.63503099,
       1.        ]), array([0.        , 0.        , 0.        , 0.        , 0.        ,
       0.        , 0.        , 0.        , 0.        , 0.        ,
       0.        , 0.        , 0.        , 0.        , 0.        ,
       0.        , 0.        , 0.        , 0.        , 0.        ,
       0.        , 0.        , 0.        , 0.        , 0.        ,
       0.        , 0.        , 0.        , 0.        , 0.        ,
       0.        , 0.        , 0.        , 0.        , 0.        ,
       0.        , 0.        , 0.        , 0.        , 0.        ,
       0.        , 0.00277671, 0.00277671, 0.00277671, 0.00277671,
       0.00277671, 0.00586372, 0.00586372, 0.00586372, 0.00586372,
       0.00586372, 0.00586372, 0.00586372, 0.00586372, 0.00586372,
       0.00586372, 0.00586372, 0.00586372, 0.00976361, 0.0137454 ,
       0.0177745 , 0.0177745 , 0.0177745 , 0.0177745 , 0.0177745 ,
       0.0177745 , 0.02224673, 0.02224673, 0.02685261, 0.02685261,
       0.02685261, 0.02685261, 0.02685261, 0.02685261, 0.02685261,
       0.02685261, 0.02685261, 0.02685261, 0.03214121, 0.03746107,
       0.03746107, 0.03746107, 0.04299404, 0.04299404, 0.06575148,
       0.07722325, 0.07722325, 0.08903032, 0.10097264, 0.10097264,
       0.10706753, 0.11323394, 0.13815947, 0.1570501 , 0.19517596,
       0.23370838, 0.26621861, 0.33194116, 0.39174652, 0.55923682,
       1.        ]), array([0.        , 0.        , 0.        , 0.        , 0.        ,
       0.        , 0.        , 0.        , 0.        , 0.        ,
       0.        , 0.        , 0.        , 0.        , 0.        ,
       0.        , 0.        , 0.        , 0.        , 0.        ,
       0.        , 0.        , 0.        , 0.        , 0.        ,
       0.        , 0.        , 0.        , 0.        , 0.        ,
       0.        , 0.        , 0.        , 0.        , 0.        ,
       0.        , 0.        , 0.        , 0.        , 0.        ,
       0.        , 0.        , 0.        , 0.        , 0.        ,
       0.        , 0.        , 0.        , 0.        , 0.        ,
       0.        , 0.        , 0.        , 0.        , 0.        ,
       0.00372874, 0.00372874, 0.00372874, 0.00372874, 0.00372874,
       0.00372874, 0.00372874, 0.00372874, 0.00372874, 0.00372874,
       0.00372874, 0.00372874, 0.00372874, 0.00372874, 0.00372874,
       0.00372874, 0.00372874, 0.00854511, 0.00854511, 0.00854511,
       0.00854511, 0.00854511, 0.00854511, 0.00854511, 0.01388669,
       0.01388669, 0.01932444, 0.02487723, 0.02487723, 0.03618748,
       0.04767641, 0.05927423, 0.06516717, 0.08291023, 0.09490324,
       0.11318168, 0.11929017, 0.13168503, 0.15670963, 0.21380126,
       0.30354185, 0.4265255 , 0.49847048, 0.63063462, 0.82438954,
       1.        ]), array([0.        , 0.        , 0.        , 0.        , 0.        ,
       0.        , 0.        , 0.        , 0.        , 0.        ,
       0.        , 0.        , 0.        , 0.        , 0.        ,
       0.        , 0.        , 0.        , 0.        , 0.        ,
       0.        , 0.        , 0.        , 0.        , 0.        ,
       0.        , 0.        , 0.        , 0.        , 0.        ,
       0.        , 0.        , 0.        , 0.        , 0.        ,
       0.        , 0.        , 0.        , 0.        , 0.        ,
       0.        , 0.        , 0.        , 0.        , 0.        ,
       0.        , 0.        , 0.        , 0.        , 0.        ,
       0.        , 0.        , 0.00345636, 0.00345636, 0.00345636,
       0.00345636, 0.00345636, 0.00345636, 0.00345636, 0.00345636,
       0.00345636, 0.00345636, 0.00345636, 0.00345636, 0.00345636,
       0.00345636, 0.00784911, 0.00784911, 0.00784911, 0.00784911,
       0.00784911, 0.00784911, 0.00784911, 0.00784911, 0.00784911,
       0.01283024, 0.01283024, 0.01283024, 0.01283024, 0.01807678,
       0.01807678, 0.01807678, 0.02358032, 0.02358032, 0.02358032,
       0.03489331, 0.03489331, 0.0407317 , 0.07013707, 0.07013707,
       0.07013707, 0.08232516, 0.11309093, 0.13799139, 0.15684317,
       0.19488198, 0.28479106, 0.36274116, 0.48725977, 0.70565658,
       1.        ])]","[{'lambda_reg': 0.00010098787610166046, 'K_bin': 1, 'gamma': 0.025929339304989592, 'degree': 2, 'coef0': 3.9032564637491065}, {'lambda_reg': 0.010129197956845729, 'K_bin': 1, 'gamma': 0.679657809075816, 'degree': 2, 'coef0': 4.8495492608099715}, {'lambda_reg': 0.010129197956845729, 'K_bin': 1, 'gamma': 0.679657809075816, 'degree': 2, 'coef0': 4.8495492608099715}, {'lambda_reg': 0.1452824663751603, 'K_bin': 1, 'gamma': 0.0070689749506246055, 'degree': 2, 'coef0': 0.9170225492671691}, {'lambda_reg': 0.0011511526721560811, 'K_bin': 1, 'gamma': 0.0010728983433599389, 'degree': 6, 'coef0': 1.803710106053958}]",Campina_Grande,polynomial,6
"[np.float64(0.13101974675671066), np.float64(0.09569109321624766), np.float64(0.10777567742491159), np.float64(0.12589722003596598), np.float64(0.0935782528623282)]",0.1107923980592328,0.0153021442189294,"[np.float64(0.6506798552718082), np.float64(0.7127213135484542), np.float64(0.6850543186493022), np.float64(0.6812859741450081), np.float64(0.6819915843731374)]",0.682346609197542,0.0196671739119481,"[np.float64(0.720276701941181), np.float64(0.7457503568867346), np.float64(0.6787459035547165), np.float64(0.681839355673174), np.float64(0.6806312680434307)]",0.7014487172198474,0.0270201379886779,"[array([0.        , 0.        , 0.        , 0.        , 0.        ,
       0.        , 0.        , 0.        , 0.        , 0.        ,
       0.        , 0.        , 0.        , 0.        , 0.        ,
       0.        , 0.        , 0.        , 0.        , 0.        ,
       0.        , 0.        , 0.        , 0.        , 0.        ,
       0.        , 0.        , 0.        , 0.        , 0.        ,
       0.        , 0.        , 0.        , 0.        , 0.        ,
       0.        , 0.        , 0.        , 0.        , 0.        ,
       0.        , 0.00623008, 0.00623008, 0.01224758, 0.01818409,
       0.01818409, 0.01818409, 0.01818409, 0.01818409, 0.0235806 ,
       0.02888678, 0.03409141, 0.04943091, 0.06443825, 0.06443825,
       0.07881502, 0.08812622, 0.09272759, 0.09718389, 0.10590848,
       0.12303953, 0.13140206, 0.13944704, 0.13944704, 0.14334098,
       0.14712778, 0.16170903, 0.17933753, 0.19643915, 0.20968364,
       0.23241395, 0.24792912, 0.25395121, 0.25974069, 0.27368374,
       0.31107621, 0.32663854, 0.35876408, 0.38260142, 0.40979837,
       0.4377827 , 0.47035912, 0.49970994, 0.52560807, 0.5621249 ,
       0.60280018, 0.64268166, 0.68545752, 0.72236135, 0.7561697 ,
       0.79363223, 0.84050031, 0.87711308, 0.91520971, 0.93931838,
       0.96298104, 0.98190572, 0.99003291, 0.99827531, 0.9996065 ,
       1.        ]), array([0.        , 0.        , 0.        , 0.        , 0.        ,
       0.        , 0.        , 0.        , 0.        , 0.        ,
       0.        , 0.        , 0.        , 0.        , 0.        ,
       0.        , 0.        , 0.        , 0.        , 0.        ,
       0.00789119, 0.00789119, 0.00789119, 0.00789119, 0.00789119,
       0.00789119, 0.00789119, 0.00789119, 0.00789119, 0.00789119,
       0.00789119, 0.00789119, 0.00789119, 0.00789119, 0.00789119,
       0.00789119, 0.00789119, 0.00789119, 0.01407328, 0.01407328,
       0.01999377, 0.01999377, 0.0257354 , 0.0257354 , 0.03127258,
       0.04765395, 0.05834994, 0.06360934, 0.06882935, 0.07892139,
       0.0938343 , 0.09869657, 0.11310162, 0.11310162, 0.12227506,
       0.12227506, 0.13110574, 0.13541932, 0.13960851, 0.17622737,
       0.20021423, 0.21185382, 0.21185382, 0.23401522, 0.23761429,
       0.24464579, 0.25482501, 0.26467942, 0.27111525, 0.286688  ,
       0.29570623, 0.30438821, 0.32136728, 0.34838639, 0.38237915,
       0.3975305 , 0.42409322, 0.44261219, 0.47360106, 0.49473668,
       0.51893458, 0.54392519, 0.56030283, 0.59482456, 0.63056949,
       0.66862273, 0.6958591 , 0.73321019, 0.77044119, 0.79878659,
       0.83191729, 0.8543562 , 0.87959395, 0.91161568, 0.93813652,
       0.95668815, 0.97294887, 0.98934685, 0.99720927, 0.99983326,
       1.        ]), array([0.        , 0.        , 0.        , 0.        , 0.        ,
       0.        , 0.        , 0.        , 0.        , 0.        ,
       0.        , 0.        , 0.        , 0.        , 0.        ,
       0.        , 0.        , 0.        , 0.        , 0.        ,
       0.        , 0.        , 0.        , 0.        , 0.        ,
       0.        , 0.        , 0.        , 0.        , 0.        ,
       0.        , 0.        , 0.        , 0.        , 0.        ,
       0.        , 0.        , 0.        , 0.        , 0.        ,
       0.        , 0.        , 0.        , 0.        , 0.        ,
       0.        , 0.        , 0.        , 0.        , 0.        ,
       0.        , 0.        , 0.00500899, 0.00500899, 0.00500899,
       0.00500899, 0.00500899, 0.00500899, 0.00938663, 0.01369613,
       0.01792157, 0.03022464, 0.03419208, 0.03805797, 0.04188907,
       0.04556723, 0.0741799 , 0.09163395, 0.10517247, 0.13134538,
       0.15669126, 0.18734074, 0.20817353, 0.22821536, 0.23927013,
       0.24989747, 0.26518398, 0.30163967, 0.3320455 , 0.34989128,
       0.37755023, 0.41617793, 0.4470536 , 0.47614449, 0.51383413,
       0.55552109, 0.60352605, 0.6442056 , 0.69635744, 0.74294481,
       0.79209515, 0.8358303 , 0.88798286, 0.93033234, 0.96131834,
       0.98493397, 0.99717604, 0.99974269, 1.        , 1.        ,
       1.        ]), array([0.        , 0.        , 0.        , 0.        , 0.        ,
       0.        , 0.        , 0.        , 0.        , 0.        ,
       0.        , 0.        , 0.        , 0.        , 0.        ,
       0.        , 0.        , 0.        , 0.        , 0.        ,
       0.        , 0.        , 0.        , 0.        , 0.        ,
       0.        , 0.        , 0.        , 0.        , 0.        ,
       0.        , 0.        , 0.        , 0.        , 0.        ,
       0.        , 0.        , 0.        , 0.        , 0.        ,
       0.        , 0.        , 0.        , 0.        , 0.        ,
       0.        , 0.        , 0.        , 0.        , 0.        ,
       0.        , 0.        , 0.        , 0.00528221, 0.00528221,
       0.00528221, 0.00528221, 0.00528221, 0.00992888, 0.00992888,
       0.01441379, 0.01880041, 0.0230037 , 0.02718341, 0.04339734,
       0.059124  , 0.06296041, 0.07411401, 0.09561328, 0.10251099,
       0.1226295 , 0.14219461, 0.17380736, 0.21612098, 0.24244492,
       0.27623749, 0.28977348, 0.31054857, 0.33532317, 0.35434322,
       0.37236236, 0.39180401, 0.41610324, 0.44877244, 0.47791226,
       0.52228275, 0.55908919, 0.59904117, 0.63902276, 0.69386181,
       0.7331587 , 0.78889941, 0.84839707, 0.91208051, 0.95296211,
       0.98306823, 0.99575212, 0.99938053, 1.        , 1.        ,
       1.        ]), array([0.        , 0.        , 0.        , 0.        , 0.        ,
       0.        , 0.        , 0.        , 0.        , 0.        ,
       0.        , 0.        , 0.        , 0.        , 0.        ,
       0.        , 0.        , 0.        , 0.        , 0.        ,
       0.        , 0.        , 0.        , 0.        , 0.        ,
       0.        , 0.        , 0.        , 0.        , 0.        ,
       0.        , 0.        , 0.        , 0.        , 0.        ,
       0.        , 0.        , 0.        , 0.        , 0.        ,
       0.        , 0.        , 0.        , 0.        , 0.        ,
       0.        , 0.        , 0.        , 0.        , 0.        ,
       0.00509661, 0.00509661, 0.00509661, 0.00509661, 0.00509661,
       0.00509661, 0.00509661, 0.00954471, 0.00954471, 0.01377735,
       0.01786608, 0.03400757, 0.04187485, 0.06490615, 0.07602483,
       0.09406762, 0.10102325, 0.10441565, 0.13091386, 0.15339678,
       0.17517667, 0.19323385, 0.21644273, 0.2388657 , 0.24963406,
       0.27041139, 0.29537401, 0.31454117, 0.33064591, 0.37219497,
       0.40153264, 0.43906786, 0.46900567, 0.48693007, 0.51380611,
       0.55812971, 0.60826457, 0.64681759, 0.69413053, 0.75069714,
       0.79693869, 0.86049876, 0.893986  , 0.93616496, 0.96344678,
       0.98648311, 0.99816788, 0.99895368, 0.99984151, 1.        ,
       1.        ])]","[array([0.00000000e+00, 0.00000000e+00, 0.00000000e+00, 0.00000000e+00,
       0.00000000e+00, 0.00000000e+00, 0.00000000e+00, 0.00000000e+00,
       0.00000000e+00, 0.00000000e+00, 0.00000000e+00, 0.00000000e+00,
       0.00000000e+00, 0.00000000e+00, 0.00000000e+00, 0.00000000e+00,
       0.00000000e+00, 0.00000000e+00, 0.00000000e+00, 0.00000000e+00,
       0.00000000e+00, 0.00000000e+00, 0.00000000e+00, 0.00000000e+00,
       0.00000000e+00, 0.00000000e+00, 0.00000000e+00, 0.00000000e+00,
       0.00000000e+00, 0.00000000e+00, 0.00000000e+00, 0.00000000e+00,
       0.00000000e+00, 0.00000000e+00, 0.00000000e+00, 0.00000000e+00,
       0.00000000e+00, 0.00000000e+00, 0.00000000e+00, 0.00000000e+00,
       0.00000000e+00, 6.83208482e-04, 6.83208482e-04, 1.40015679e-03,
       2.12995790e-03, 2.12995790e-03, 2.12995790e-03, 2.12995790e-03,
       2.12995790e-03, 2.94546840e-03, 3.77531542e-03, 4.62128056e-03,
       7.20272550e-03, 9.83689124e-03, 9.83689124e-03, 1.25711373e-02,
       1.44373488e-02, 1.53790617e-02, 1.63437997e-02, 1.83031166e-02,
       2.22722421e-02, 2.42890235e-02, 2.63562058e-02, 2.63562058e-02,
       2.74102009e-02, 2.84812000e-02, 3.28550239e-02, 3.84172263e-02,
       4.40630541e-02, 4.86490453e-02, 5.67455632e-02, 6.26431895e-02,
       6.50314393e-02, 6.74566101e-02, 7.36037586e-02, 9.10773527e-02,
       9.86395232e-02, 1.15277041e-01, 1.28213947e-01, 1.43961686e-01,
       1.61256487e-01, 1.82838534e-01, 2.03260510e-01, 2.22558457e-01,
       2.51875249e-01, 2.87220145e-01, 3.24363063e-01, 3.67734715e-01,
       4.08694301e-01, 4.50145194e-01, 5.01048290e-01, 5.72194966e-01,
       6.34937152e-01, 7.09148041e-01, 7.63842663e-01, 8.28640258e-01,
       8.92517825e-01, 9.28012582e-01, 9.78537333e-01, 9.91702299e-01,
       1.00000000e+00]), array([0.00000000e+00, 0.00000000e+00, 0.00000000e+00, 0.00000000e+00,
       0.00000000e+00, 0.00000000e+00, 0.00000000e+00, 0.00000000e+00,
       0.00000000e+00, 0.00000000e+00, 0.00000000e+00, 0.00000000e+00,
       0.00000000e+00, 0.00000000e+00, 0.00000000e+00, 0.00000000e+00,
       0.00000000e+00, 0.00000000e+00, 0.00000000e+00, 0.00000000e+00,
       3.37521273e-04, 3.37521273e-04, 3.37521273e-04, 3.37521273e-04,
       3.37521273e-04, 3.37521273e-04, 3.37521273e-04, 3.37521273e-04,
       3.37521273e-04, 3.37521273e-04, 3.37521273e-04, 3.37521273e-04,
       3.37521273e-04, 3.37521273e-04, 3.37521273e-04, 3.37521273e-04,
       3.37521273e-04, 3.37521273e-04, 9.68049781e-04, 9.68049781e-04,
       1.64342863e-03, 1.64342863e-03, 2.34947148e-03, 2.34947148e-03,
       3.09056381e-03, 5.35330487e-03, 6.90035919e-03, 7.68907533e-03,
       8.48454573e-03, 1.01351406e-02, 1.26496347e-02, 1.35064359e-02,
       1.61079972e-02, 1.61079972e-02, 1.79160782e-02, 1.79160782e-02,
       1.97829231e-02, 2.07337913e-02, 2.17059844e-02, 3.06415415e-02,
       3.66715635e-02, 3.97472380e-02, 3.97472380e-02, 4.60902172e-02,
       4.71635811e-02, 4.93388784e-02, 5.26649182e-02, 5.60466444e-02,
       5.83240645e-02, 6.41062144e-02, 6.76312962e-02, 7.12140238e-02,
       7.84454657e-02, 9.07171995e-02, 1.06864538e-01, 1.14409324e-01,
       1.28449691e-01, 1.38797912e-01, 1.57150631e-01, 1.70431032e-01,
       1.86567216e-01, 2.04257887e-01, 2.16663609e-01, 2.44552993e-01,
       2.75613451e-01, 3.11349343e-01, 3.38797344e-01, 3.79724782e-01,
       4.24053592e-01, 4.61453800e-01, 5.09866348e-01, 5.46588778e-01,
       5.92973716e-01, 6.60170679e-01, 7.26620328e-01, 7.80913099e-01,
       8.40669795e-01, 9.17306863e-01, 9.68361027e-01, 9.96647806e-01,
       1.00000000e+00]), array([0.00000000e+00, 0.00000000e+00, 0.00000000e+00, 0.00000000e+00,
       0.00000000e+00, 0.00000000e+00, 0.00000000e+00, 0.00000000e+00,
       0.00000000e+00, 0.00000000e+00, 0.00000000e+00, 0.00000000e+00,
       0.00000000e+00, 0.00000000e+00, 0.00000000e+00, 0.00000000e+00,
       0.00000000e+00, 0.00000000e+00, 0.00000000e+00, 0.00000000e+00,
       0.00000000e+00, 0.00000000e+00, 0.00000000e+00, 0.00000000e+00,
       0.00000000e+00, 0.00000000e+00, 0.00000000e+00, 0.00000000e+00,
       0.00000000e+00, 0.00000000e+00, 0.00000000e+00, 0.00000000e+00,
       0.00000000e+00, 0.00000000e+00, 0.00000000e+00, 0.00000000e+00,
       0.00000000e+00, 0.00000000e+00, 0.00000000e+00, 0.00000000e+00,
       0.00000000e+00, 0.00000000e+00, 0.00000000e+00, 0.00000000e+00,
       0.00000000e+00, 0.00000000e+00, 0.00000000e+00, 0.00000000e+00,
       0.00000000e+00, 0.00000000e+00, 0.00000000e+00, 0.00000000e+00,
       8.67718855e-04, 8.67718855e-04, 8.67718855e-04, 8.67718855e-04,
       8.67718855e-04, 8.67718855e-04, 1.83729081e-03, 2.81785375e-03,
       3.81197862e-03, 6.85456917e-03, 7.89031559e-03, 8.94244549e-03,
       1.00001862e-02, 1.10826019e-02, 1.98730142e-02, 2.54362101e-02,
       2.99552848e-02, 3.91392904e-02, 4.84567180e-02, 6.02701299e-02,
       6.86398381e-02, 7.71371465e-02, 8.20569113e-02, 8.70456318e-02,
       9.46342986e-02, 1.13889992e-01, 1.30770090e-01, 1.41297470e-01,
       1.58620709e-01, 1.84229176e-01, 2.06060858e-01, 2.28180469e-01,
       2.58967649e-01, 2.95813136e-01, 3.41694135e-01, 3.83729521e-01,
       4.42347871e-01, 5.00188115e-01, 5.67669646e-01, 6.34348991e-01,
       7.24807299e-01, 8.08468121e-01, 8.80555807e-01, 9.45453549e-01,
       9.87049227e-01, 9.98365718e-01, 1.00000000e+00, 1.00000000e+00,
       1.00000000e+00]), array([0.00000000e+00, 0.00000000e+00, 0.00000000e+00, 0.00000000e+00,
       0.00000000e+00, 0.00000000e+00, 0.00000000e+00, 0.00000000e+00,
       0.00000000e+00, 0.00000000e+00, 0.00000000e+00, 0.00000000e+00,
       0.00000000e+00, 0.00000000e+00, 0.00000000e+00, 0.00000000e+00,
       0.00000000e+00, 0.00000000e+00, 0.00000000e+00, 0.00000000e+00,
       0.00000000e+00, 0.00000000e+00, 0.00000000e+00, 0.00000000e+00,
       0.00000000e+00, 0.00000000e+00, 0.00000000e+00, 0.00000000e+00,
       0.00000000e+00, 0.00000000e+00, 0.00000000e+00, 0.00000000e+00,
       0.00000000e+00, 0.00000000e+00, 0.00000000e+00, 0.00000000e+00,
       0.00000000e+00, 0.00000000e+00, 0.00000000e+00, 0.00000000e+00,
       0.00000000e+00, 0.00000000e+00, 0.00000000e+00, 0.00000000e+00,
       0.00000000e+00, 0.00000000e+00, 0.00000000e+00, 0.00000000e+00,
       0.00000000e+00, 0.00000000e+00, 0.00000000e+00, 0.00000000e+00,
       0.00000000e+00, 8.66025691e-04, 8.66025691e-04, 8.66025691e-04,
       8.66025691e-04, 8.66025691e-04, 1.82756367e-03, 1.82756367e-03,
       2.81341128e-03, 3.81403106e-03, 4.84220301e-03, 5.87391827e-03,
       1.00766588e-02, 1.43526296e-02, 1.54359373e-02, 1.87393075e-02,
       2.54674662e-02, 2.77505702e-02, 3.46862368e-02, 4.17050714e-02,
       5.35527780e-02, 7.04317555e-02, 8.14144283e-02, 9.62542660e-02,
       1.02519324e-01, 1.12676043e-01, 1.25551421e-01, 1.35971897e-01,
       1.46542792e-01, 1.58559771e-01, 1.74826316e-01, 1.98134294e-01,
       2.20312823e-01, 2.56801038e-01, 2.89446430e-01, 3.28258546e-01,
       3.70385937e-01, 4.33518556e-01, 4.84048163e-01, 5.63643905e-01,
       6.59273663e-01, 7.77512444e-01, 8.65980740e-01, 9.42789525e-01,
       9.82379900e-01, 9.96773371e-01, 1.00000000e+00, 1.00000000e+00,
       1.00000000e+00]), array([0.00000000e+00, 0.00000000e+00, 0.00000000e+00, 0.00000000e+00,
       0.00000000e+00, 0.00000000e+00, 0.00000000e+00, 0.00000000e+00,
       0.00000000e+00, 0.00000000e+00, 0.00000000e+00, 0.00000000e+00,
       0.00000000e+00, 0.00000000e+00, 0.00000000e+00, 0.00000000e+00,
       0.00000000e+00, 0.00000000e+00, 0.00000000e+00, 0.00000000e+00,
       0.00000000e+00, 0.00000000e+00, 0.00000000e+00, 0.00000000e+00,
       0.00000000e+00, 0.00000000e+00, 0.00000000e+00, 0.00000000e+00,
       0.00000000e+00, 0.00000000e+00, 0.00000000e+00, 0.00000000e+00,
       0.00000000e+00, 0.00000000e+00, 0.00000000e+00, 0.00000000e+00,
       0.00000000e+00, 0.00000000e+00, 0.00000000e+00, 0.00000000e+00,
       0.00000000e+00, 0.00000000e+00, 0.00000000e+00, 0.00000000e+00,
       0.00000000e+00, 0.00000000e+00, 0.00000000e+00, 0.00000000e+00,
       0.00000000e+00, 0.00000000e+00, 8.40483514e-04, 8.40483514e-04,
       8.40483514e-04, 8.40483514e-04, 8.40483514e-04, 8.40483514e-04,
       8.40483514e-04, 1.78791452e-03, 1.78791452e-03, 2.77087575e-03,
       3.77756959e-03, 7.83954227e-03, 9.90408267e-03, 1.61917893e-02,
       1.94011071e-02, 2.48305031e-02, 2.70453832e-02, 2.81669094e-02,
       3.72448219e-02, 4.53039287e-02, 5.34789728e-02, 6.05869633e-02,
       7.02073197e-02, 7.99572798e-02, 8.49053369e-02, 9.49266797e-02,
       1.07619761e-01, 1.17906639e-01, 1.27017572e-01, 1.52104084e-01,
       1.70799543e-01, 1.96547977e-01, 2.18506401e-01, 2.32360156e-01,
       2.54823496e-01, 2.94581162e-01, 3.43466294e-01, 3.84175586e-01,
       4.38568982e-01, 5.09926991e-01, 5.74582873e-01, 6.75044995e-01,
       7.35080324e-01, 8.20577771e-01, 8.84998371e-01, 9.50119095e-01,
       9.90216333e-01, 9.93448681e-01, 9.98345170e-01, 1.00000000e+00,
       1.00000000e+00])]","[{'lambda_reg': 0.1452824663751603, 'K_bin': 1, 'gamma': 0.0070689749506246055}, {'lambda_reg': 0.1452824663751603, 'K_bin': 1, 'gamma': 0.0070689749506246055}, {'lambda_reg': 0.1247117403453705, 'K_bin': 1, 'gamma': 0.0011273349212989527}, {'lambda_reg': 0.1247117403453705, 'K_bin': 1, 'gamma': 0.0011273349212989527}, {'lambda_reg': 0.1247117403453705, 'K_bin': 1, 'gamma': 0.0011273349212989527}]",Outros,rbf,15
"[np.float64(0.1405342032076293), np.float64(0.10011478321044716), np.float64(0.11571813168358906), np.float64(0.1317802305955975), np.float64(0.09976466672833999)]",0.1175824030851206,0.0164586051395933,"[np.float64(0.0), np.float64(0.0), np.float64(0.0), np.float64(0.0), np.float64(0.0)]",0.0,0.0,"[np.float64(0.5), np.float64(0.5), np.float64(0.5), np.float64(0.5), np.float64(0.5)]",0.5,0.0,"[array([0., 0., 0., 0., 0., 0., 0., 0., 0., 0., 0., 0., 0., 0., 0., 0., 0.,
       0., 0., 0., 0., 0., 0., 0., 0., 0., 0., 0., 0., 0., 0., 0., 0., 0.,
       0., 0., 0., 0., 0., 0., 0., 0., 0., 0., 0., 0., 0., 0., 0., 0., 0.,
       0., 0., 0., 0., 0., 0., 0., 0., 0., 0., 0., 0., 0., 0., 0., 0., 0.,
       0., 0., 0., 0., 0., 0., 0., 0., 0., 0., 0., 0., 0., 0., 0., 0., 0.,
       0., 0., 0., 1., 1., 1., 1., 1., 1., 1., 1., 1., 1., 1., 1., 1.]), array([0., 0., 0., 0., 0., 0., 0., 0., 0., 0., 0., 0., 0., 0., 0., 0., 0.,
       0., 0., 0., 0., 0., 0., 0., 0., 0., 0., 0., 0., 0., 0., 0., 0., 0.,
       0., 0., 0., 0., 0., 0., 0., 0., 0., 0., 0., 0., 0., 0., 0., 0., 0.,
       0., 0., 0., 0., 0., 0., 0., 0., 0., 0., 0., 0., 0., 0., 0., 0., 0.,
       0., 0., 0., 0., 0., 0., 0., 0., 0., 0., 0., 0., 0., 0., 0., 0., 0.,
       0., 1., 1., 1., 1., 1., 1., 1., 1., 1., 1., 1., 1., 1., 1., 1.]), array([0., 0., 0., 0., 0., 0., 0., 0., 0., 0., 0., 0., 0., 0., 0., 0., 0.,
       0., 0., 0., 0., 0., 0., 0., 0., 0., 0., 0., 0., 0., 0., 0., 0., 0.,
       0., 0., 0., 0., 0., 0., 0., 0., 0., 0., 0., 0., 0., 0., 0., 0., 0.,
       0., 0., 0., 0., 0., 0., 0., 0., 0., 0., 0., 0., 0., 0., 0., 0., 0.,
       0., 0., 0., 0., 0., 0., 0., 0., 0., 0., 0., 0., 0., 0., 0., 0., 0.,
       0., 0., 1., 1., 1., 1., 1., 1., 1., 1., 1., 1., 1., 1., 1., 1.]), array([0., 0., 0., 0., 0., 0., 0., 0., 0., 0., 0., 0., 0., 0., 0., 0., 0.,
       0., 0., 0., 0., 0., 0., 0., 0., 0., 0., 0., 0., 0., 0., 0., 0., 0.,
       0., 0., 0., 0., 0., 0., 0., 0., 0., 0., 0., 0., 0., 0., 0., 0., 0.,
       0., 0., 0., 0., 0., 0., 0., 0., 0., 0., 0., 0., 0., 0., 0., 0., 0.,
       0., 0., 0., 0., 0., 0., 0., 0., 0., 0., 0., 0., 0., 0., 0., 0., 0.,
       0., 0., 1., 1., 1., 1., 1., 1., 1., 1., 1., 1., 1., 1., 1., 1.]), array([0., 0., 0., 0., 0., 0., 0., 0., 0., 0., 0., 0., 0., 0., 0., 0., 0.,
       0., 0., 0., 0., 0., 0., 0., 0., 0., 0., 0., 0., 0., 0., 0., 0., 0.,
       0., 0., 0., 0., 0., 0., 0., 0., 0., 0., 0., 0., 0., 0., 0., 0., 0.,
       0., 0., 0., 0., 0., 0., 0., 0., 0., 0., 0., 0., 0., 0., 0., 0., 0.,
       0., 0., 0., 0., 0., 0., 0., 0., 0., 0., 0., 0., 0., 0., 0., 0., 0.,
       0., 1., 1., 1., 1., 1., 1., 1., 1., 1., 1., 1., 1., 1., 1., 1.])]","[array([0., 0., 0., 0., 0., 0., 0., 0., 0., 0., 0., 0., 0., 0., 0., 0., 0.,
       0., 0., 0., 0., 0., 0., 0., 0., 0., 0., 0., 0., 0., 0., 0., 0., 0.,
       0., 0., 0., 0., 0., 0., 0., 0., 0., 0., 0., 0., 0., 0., 0., 0., 0.,
       0., 0., 0., 0., 0., 0., 0., 0., 0., 0., 0., 0., 0., 0., 0., 0., 0.,
       0., 0., 0., 0., 0., 0., 0., 0., 0., 0., 0., 0., 0., 0., 0., 0., 0.,
       0., 0., 0., 1., 1., 1., 1., 1., 1., 1., 1., 1., 1., 1., 1., 1.]), array([0., 0., 0., 0., 0., 0., 0., 0., 0., 0., 0., 0., 0., 0., 0., 0., 0.,
       0., 0., 0., 0., 0., 0., 0., 0., 0., 0., 0., 0., 0., 0., 0., 0., 0.,
       0., 0., 0., 0., 0., 0., 0., 0., 0., 0., 0., 0., 0., 0., 0., 0., 0.,
       0., 0., 0., 0., 0., 0., 0., 0., 0., 0., 0., 0., 0., 0., 0., 0., 0.,
       0., 0., 0., 0., 0., 0., 0., 0., 0., 0., 0., 0., 0., 0., 0., 0., 0.,
       0., 1., 1., 1., 1., 1., 1., 1., 1., 1., 1., 1., 1., 1., 1., 1.]), array([0., 0., 0., 0., 0., 0., 0., 0., 0., 0., 0., 0., 0., 0., 0., 0., 0.,
       0., 0., 0., 0., 0., 0., 0., 0., 0., 0., 0., 0., 0., 0., 0., 0., 0.,
       0., 0., 0., 0., 0., 0., 0., 0., 0., 0., 0., 0., 0., 0., 0., 0., 0.,
       0., 0., 0., 0., 0., 0., 0., 0., 0., 0., 0., 0., 0., 0., 0., 0., 0.,
       0., 0., 0., 0., 0., 0., 0., 0., 0., 0., 0., 0., 0., 0., 0., 0., 0.,
       0., 0., 1., 1., 1., 1., 1., 1., 1., 1., 1., 1., 1., 1., 1., 1.]), array([0., 0., 0., 0., 0., 0., 0., 0., 0., 0., 0., 0., 0., 0., 0., 0., 0.,
       0., 0., 0., 0., 0., 0., 0., 0., 0., 0., 0., 0., 0., 0., 0., 0., 0.,
       0., 0., 0., 0., 0., 0., 0., 0., 0., 0., 0., 0., 0., 0., 0., 0., 0.,
       0., 0., 0., 0., 0., 0., 0., 0., 0., 0., 0., 0., 0., 0., 0., 0., 0.,
       0., 0., 0., 0., 0., 0., 0., 0., 0., 0., 0., 0., 0., 0., 0., 0., 0.,
       0., 0., 1., 1., 1., 1., 1., 1., 1., 1., 1., 1., 1., 1., 1., 1.]), array([0., 0., 0., 0., 0., 0., 0., 0., 0., 0., 0., 0., 0., 0., 0., 0., 0.,
       0., 0., 0., 0., 0., 0., 0., 0., 0., 0., 0., 0., 0., 0., 0., 0., 0.,
       0., 0., 0., 0., 0., 0., 0., 0., 0., 0., 0., 0., 0., 0., 0., 0., 0.,
       0., 0., 0., 0., 0., 0., 0., 0., 0., 0., 0., 0., 0., 0., 0., 0., 0.,
       0., 0., 0., 0., 0., 0., 0., 0., 0., 0., 0., 0., 0., 0., 0., 0., 0.,
       0., 1., 1., 1., 1., 1., 1., 1., 1., 1., 1., 1., 1., 1., 1., 1.])]","[{'lambda_reg': 0.5860723998306079, 'K_bin': 1, 'gamma': 0.0010567900894501644, 'coef0': -4.924526806837069}, {'lambda_reg': 1.065997530692824e-05, 'K_bin': 1, 'gamma': 0.23217001710831278, 'coef0': 3.599590973260367}, {'lambda_reg': 1.065997530692824e-05, 'K_bin': 1, 'gamma': 0.23217001710831278, 'coef0': 3.599590973260367}, {'lambda_reg': 1.065997530692824e-05, 'K_bin': 1, 'gamma': 0.23217001710831278, 'coef0': 3.599590973260367}, {'lambda_reg': 1.065997530692824e-05, 'K_bin': 1, 'gamma': 0.23217001710831278, 'coef0': 3.599590973260367}]",Outros,sigmoid,19
"[np.float64(0.10104179784809968), np.float64(0.09433378950118645), np.float64(0.14258229963414043), np.float64(0.09213662685804747), np.float64(0.10008787524825495)]",0.1060364778179457,0.0185800353245141,"[np.float64(0.5958610563818914), np.float64(0.608804076085005), np.float64(0.585094953958385), np.float64(0.628455910652669), np.float64(0.6716201917802077)]",0.6179672377716317,0.0304692814601256,"[np.float64(0.6031978094787925), np.float64(0.6782371481749487), np.float64(0.6040971982557756), np.float64(0.7011002878997548), np.float64(0.6579226560402303)]",0.6489110199699004,0.0394028610566462,"[array([0.        , 0.        , 0.        , 0.        , 0.        ,
       0.        , 0.        , 0.        , 0.        , 0.        ,
       0.        , 0.        , 0.        , 0.        , 0.        ,
       0.        , 0.        , 0.        , 0.        , 0.        ,
       0.        , 0.        , 0.        , 0.        , 0.        ,
       0.        , 0.        , 0.        , 0.01426242, 0.01426242,
       0.01426242, 0.01426242, 0.01426242, 0.01426242, 0.01426242,
       0.01426242, 0.01426242, 0.01426242, 0.01426242, 0.01426242,
       0.01426242, 0.01426242, 0.01426242, 0.01426242, 0.01426242,
       0.01426242, 0.01426242, 0.01426242, 0.01426242, 0.01426242,
       0.01426242, 0.01426242, 0.01426242, 0.02369946, 0.02369946,
       0.02369946, 0.02369946, 0.02369946, 0.02369946, 0.02369946,
       0.02369946, 0.02369946, 0.02369946, 0.02369946, 0.02369946,
       0.02369946, 0.02369946, 0.02369946, 0.02369946, 0.02369946,
       0.02966201, 0.02966201, 0.04657468, 0.04657468, 0.04657468,
       0.04657468, 0.04657468, 0.05112738, 0.06001354, 0.07676292,
       0.08473724, 0.11182522, 0.15564463, 0.21407191, 0.33158765,
       0.43879981, 0.50763107, 0.62233971, 0.75121914, 0.83583662,
       0.88562761, 0.93081373, 0.96646819, 0.9809971 , 0.99007841,
       0.99431342, 0.99782035, 0.9986043 , 0.99962661, 0.99982585,
       1.        ]), array([0.01894775, 0.01894775, 0.01894775, 0.01894775, 0.01894775,
       0.01894775, 0.01894775, 0.01894775, 0.01894775, 0.01894775,
       0.01894775, 0.01894775, 0.01894775, 0.01894775, 0.01894775,
       0.01894775, 0.01894775, 0.01894775, 0.01894775, 0.01894775,
       0.01894775, 0.01894775, 0.01894775, 0.01894775, 0.01894775,
       0.01894775, 0.01894775, 0.01894775, 0.01894775, 0.01894775,
       0.01894775, 0.01894775, 0.01894775, 0.01894775, 0.01894775,
       0.01894775, 0.01894775, 0.01894775, 0.01894775, 0.01894775,
       0.01894775, 0.01894775, 0.01894775, 0.01894775, 0.01894775,
       0.01894775, 0.01894775, 0.01894775, 0.01894775, 0.01894775,
       0.01894775, 0.02830893, 0.02830893, 0.02830893, 0.02830893,
       0.02830893, 0.02830893, 0.03653288, 0.03653288, 0.03653288,
       0.04426388, 0.04426388, 0.04426388, 0.05837312, 0.05837312,
       0.05837312, 0.05837312, 0.06470381, 0.07088715, 0.10073493,
       0.11224261, 0.12338924, 0.15045119, 0.1921452 , 0.22234914,
       0.24646868, 0.2696405 , 0.28730592, 0.32551945, 0.32957367,
       0.34912981, 0.38579197, 0.44173764, 0.48152406, 0.54444394,
       0.59703804, 0.64373882, 0.68191951, 0.70558431, 0.74499887,
       0.79070651, 0.83917599, 0.88939645, 0.9465271 , 0.96368643,
       0.98272369, 0.99725653, 1.        , 1.        , 1.        ,
       1.        ]), array([0.        , 0.        , 0.        , 0.        , 0.        ,
       0.        , 0.        , 0.        , 0.        , 0.        ,
       0.        , 0.        , 0.        , 0.        , 0.        ,
       0.        , 0.        , 0.        , 0.        , 0.        ,
       0.        , 0.        , 0.        , 0.        , 0.        ,
       0.        , 0.        , 0.        , 0.        , 0.        ,
       0.        , 0.        , 0.        , 0.        , 0.        ,
       0.        , 0.        , 0.        , 0.        , 0.        ,
       0.        , 0.        , 0.        , 0.01288107, 0.01288107,
       0.01288107, 0.01288107, 0.01288107, 0.01288107, 0.01288107,
       0.01288107, 0.01288107, 0.01288107, 0.01288107, 0.01288107,
       0.01288107, 0.01288107, 0.01288107, 0.01288107, 0.01288107,
       0.01288107, 0.01288107, 0.01288107, 0.01288107, 0.02097948,
       0.02097948, 0.02097948, 0.02097948, 0.02097948, 0.02097948,
       0.02097948, 0.02097948, 0.02097948, 0.02097948, 0.02097948,
       0.02673489, 0.03763414, 0.04286267, 0.05270803, 0.07176023,
       0.07640411, 0.07640411, 0.09292814, 0.1241786 , 0.18265619,
       0.25851396, 0.37067421, 0.48463174, 0.58442412, 0.68659154,
       0.80621997, 0.86312888, 0.93320985, 0.97334927, 0.98793455,
       0.99043299, 0.99752842, 0.99840981, 0.99886981, 0.99988152,
       1.        ]), array([0.        , 0.        , 0.        , 0.        , 0.        ,
       0.        , 0.        , 0.        , 0.        , 0.        ,
       0.        , 0.        , 0.        , 0.        , 0.        ,
       0.        , 0.        , 0.        , 0.        , 0.        ,
       0.        , 0.        , 0.        , 0.        , 0.        ,
       0.        , 0.        , 0.        , 0.        , 0.        ,
       0.        , 0.        , 0.        , 0.        , 0.        ,
       0.        , 0.        , 0.        , 0.        , 0.        ,
       0.        , 0.        , 0.        , 0.        , 0.        ,
       0.        , 0.        , 0.        , 0.        , 0.        ,
       0.        , 0.        , 0.        , 0.00915291, 0.00915291,
       0.01787048, 0.01787048, 0.01787048, 0.01787048, 0.01787048,
       0.01787048, 0.01787048, 0.01787048, 0.02507724, 0.03893553,
       0.05249472, 0.07227259, 0.0978946 , 0.10407203, 0.14016568,
       0.17483981, 0.20866635, 0.22505917, 0.25661289, 0.28191713,
       0.29171808, 0.3291969 , 0.36540788, 0.39986999, 0.42050351,
       0.45160748, 0.47736878, 0.49477246, 0.53813586, 0.58853445,
       0.62983926, 0.66597424, 0.7201596 , 0.73189513, 0.76483077,
       0.79094924, 0.83976819, 0.87762223, 0.91359834, 0.93935467,
       0.96232057, 0.98494721, 0.9971324 , 0.99962345, 1.        ,
       1.        ]), array([0.        , 0.        , 0.        , 0.        , 0.        ,
       0.        , 0.        , 0.        , 0.        , 0.        ,
       0.        , 0.        , 0.        , 0.        , 0.        ,
       0.        , 0.        , 0.        , 0.        , 0.        ,
       0.        , 0.        , 0.        , 0.        , 0.        ,
       0.        , 0.        , 0.        , 0.        , 0.        ,
       0.        , 0.        , 0.        , 0.        , 0.        ,
       0.        , 0.        , 0.        , 0.        , 0.        ,
       0.        , 0.        , 0.        , 0.        , 0.        ,
       0.        , 0.        , 0.        , 0.        , 0.        ,
       0.        , 0.        , 0.        , 0.        , 0.        ,
       0.        , 0.        , 0.        , 0.        , 0.        ,
       0.        , 0.        , 0.        , 0.        , 0.        ,
       0.        , 0.01440496, 0.01440496, 0.02792222, 0.04751641,
       0.06643838, 0.07883991, 0.09082504, 0.11956083, 0.16913026,
       0.20605545, 0.24150391, 0.24150391, 0.25570868, 0.26931097,
       0.28195831, 0.31417459, 0.33725663, 0.37007424, 0.41826973,
       0.48278618, 0.52191008, 0.56954304, 0.62934778, 0.66519656,
       0.73706717, 0.81972286, 0.87413795, 0.932264  , 0.96744532,
       0.98483861, 1.        , 1.        , 1.        , 1.        ,
       1.        ])]","[array([0.00000000e+00, 0.00000000e+00, 0.00000000e+00, 0.00000000e+00,
       0.00000000e+00, 0.00000000e+00, 0.00000000e+00, 0.00000000e+00,
       0.00000000e+00, 0.00000000e+00, 0.00000000e+00, 0.00000000e+00,
       0.00000000e+00, 0.00000000e+00, 0.00000000e+00, 0.00000000e+00,
       0.00000000e+00, 0.00000000e+00, 0.00000000e+00, 0.00000000e+00,
       0.00000000e+00, 0.00000000e+00, 0.00000000e+00, 0.00000000e+00,
       0.00000000e+00, 0.00000000e+00, 0.00000000e+00, 0.00000000e+00,
       8.54139474e-04, 8.54139474e-04, 8.54139474e-04, 8.54139474e-04,
       8.54139474e-04, 8.54139474e-04, 8.54139474e-04, 8.54139474e-04,
       8.54139474e-04, 8.54139474e-04, 8.54139474e-04, 8.54139474e-04,
       8.54139474e-04, 8.54139474e-04, 8.54139474e-04, 8.54139474e-04,
       8.54139474e-04, 8.54139474e-04, 8.54139474e-04, 8.54139474e-04,
       8.54139474e-04, 8.54139474e-04, 8.54139474e-04, 8.54139474e-04,
       8.54139474e-04, 2.45573400e-03, 2.45573400e-03, 2.45573400e-03,
       2.45573400e-03, 2.45573400e-03, 2.45573400e-03, 2.45573400e-03,
       2.45573400e-03, 2.45573400e-03, 2.45573400e-03, 2.45573400e-03,
       2.45573400e-03, 2.45573400e-03, 2.45573400e-03, 2.45573400e-03,
       2.45573400e-03, 2.45573400e-03, 4.59552751e-03, 4.59552751e-03,
       1.11659354e-02, 1.11659354e-02, 1.11659354e-02, 1.11659354e-02,
       1.11659354e-02, 1.35241168e-02, 1.82744379e-02, 2.79335363e-02,
       3.28251032e-02, 5.00729369e-02, 8.00460470e-02, 1.23073372e-01,
       2.15152399e-01, 3.05764060e-01, 3.68623580e-01, 4.82581206e-01,
       6.21914339e-01, 7.22152722e-01, 7.87961593e-01, 8.54483759e-01,
       9.13292194e-01, 9.41675625e-01, 9.61712702e-01, 9.73310283e-01,
       9.85020645e-01, 9.87962608e-01, 9.93931045e-01, 9.96963579e-01,
       1.00000000e+00]), array([0.        , 0.        , 0.        , 0.        , 0.        ,
       0.        , 0.        , 0.        , 0.        , 0.        ,
       0.        , 0.        , 0.        , 0.        , 0.        ,
       0.        , 0.        , 0.        , 0.        , 0.        ,
       0.        , 0.        , 0.        , 0.        , 0.        ,
       0.        , 0.        , 0.        , 0.        , 0.        ,
       0.        , 0.        , 0.        , 0.        , 0.        ,
       0.        , 0.        , 0.        , 0.        , 0.        ,
       0.        , 0.        , 0.        , 0.        , 0.        ,
       0.        , 0.        , 0.        , 0.        , 0.        ,
       0.        , 0.00156532, 0.00156532, 0.00156532, 0.00156532,
       0.00156532, 0.00156532, 0.00331633, 0.00331633, 0.00331633,
       0.00514783, 0.00514783, 0.00514783, 0.00903171, 0.00903171,
       0.00903171, 0.00903171, 0.01109186, 0.01317606, 0.02377162,
       0.02808029, 0.03244792, 0.04349836, 0.06144115, 0.07507239,
       0.08660327, 0.0982889 , 0.10777979, 0.12938472, 0.13181658,
       0.14409258, 0.16904466, 0.20941109, 0.2400407 , 0.29164372,
       0.33874508, 0.38371488, 0.42388819, 0.4509625 , 0.50021585,
       0.56391083, 0.63953019, 0.727239  , 0.84166402, 0.88217591,
       0.93475652, 0.98497878, 0.99690616, 0.99690616, 0.99690616,
       1.        ]), array([0.        , 0.        , 0.        , 0.        , 0.        ,
       0.        , 0.        , 0.        , 0.        , 0.        ,
       0.        , 0.        , 0.        , 0.        , 0.        ,
       0.        , 0.        , 0.        , 0.        , 0.        ,
       0.        , 0.        , 0.        , 0.        , 0.        ,
       0.        , 0.        , 0.        , 0.        , 0.        ,
       0.        , 0.        , 0.        , 0.        , 0.        ,
       0.        , 0.        , 0.        , 0.        , 0.        ,
       0.        , 0.        , 0.        , 0.00127164, 0.00127164,
       0.00127164, 0.00127164, 0.00127164, 0.00127164, 0.00127164,
       0.00127164, 0.00127164, 0.00127164, 0.00127164, 0.00127164,
       0.00127164, 0.00127164, 0.00127164, 0.00127164, 0.00127164,
       0.00127164, 0.00127164, 0.00127164, 0.00127164, 0.0031927 ,
       0.0031927 , 0.0031927 , 0.0031927 , 0.0031927 , 0.0031927 ,
       0.0031927 , 0.0031927 , 0.0031927 , 0.0031927 , 0.0031927 ,
       0.00543191, 0.00999336, 0.0123041 , 0.01700866, 0.02650447,
       0.0288946 , 0.0288946 , 0.0387337 , 0.05865599, 0.09904688,
       0.15520202, 0.245697  , 0.34501005, 0.44020511, 0.5471605 ,
       0.68497271, 0.75880437, 0.86105452, 0.92810112, 0.95632772,
       0.96202988, 0.98221137, 0.98511239, 0.98807064, 0.99699538,
       1.        ]), array([0.        , 0.        , 0.        , 0.        , 0.        ,
       0.        , 0.        , 0.        , 0.        , 0.        ,
       0.        , 0.        , 0.        , 0.        , 0.        ,
       0.        , 0.        , 0.        , 0.        , 0.        ,
       0.        , 0.        , 0.        , 0.        , 0.        ,
       0.        , 0.        , 0.        , 0.        , 0.        ,
       0.        , 0.        , 0.        , 0.        , 0.        ,
       0.        , 0.        , 0.        , 0.        , 0.        ,
       0.        , 0.        , 0.        , 0.        , 0.        ,
       0.        , 0.        , 0.        , 0.        , 0.        ,
       0.        , 0.        , 0.        , 0.0016094 , 0.0016094 ,
       0.00328921, 0.00328921, 0.00328921, 0.00328921, 0.00328921,
       0.00328921, 0.00328921, 0.00328921, 0.00521337, 0.00915147,
       0.01313795, 0.01920839, 0.02742336, 0.02951399, 0.04221479,
       0.05514518, 0.06821264, 0.07483055, 0.08826559, 0.09962167,
       0.10421597, 0.12287217, 0.14173341, 0.16087751, 0.17298898,
       0.19267618, 0.21013775, 0.22277159, 0.25592462, 0.29720897,
       0.33378464, 0.36810673, 0.42422719, 0.43777774, 0.47879667,
       0.51473874, 0.59026537, 0.65520652, 0.72663082, 0.78734913,
       0.85160845, 0.92828147, 0.98192552, 0.99697119, 1.        ,
       1.        ]), array([0.        , 0.        , 0.        , 0.        , 0.        ,
       0.        , 0.        , 0.        , 0.        , 0.        ,
       0.        , 0.        , 0.        , 0.        , 0.        ,
       0.        , 0.        , 0.        , 0.        , 0.        ,
       0.        , 0.        , 0.        , 0.        , 0.        ,
       0.        , 0.        , 0.        , 0.        , 0.        ,
       0.        , 0.        , 0.        , 0.        , 0.        ,
       0.        , 0.        , 0.        , 0.        , 0.        ,
       0.        , 0.        , 0.        , 0.        , 0.        ,
       0.        , 0.        , 0.        , 0.        , 0.        ,
       0.        , 0.        , 0.        , 0.        , 0.        ,
       0.        , 0.        , 0.        , 0.        , 0.        ,
       0.        , 0.        , 0.        , 0.        , 0.        ,
       0.        , 0.00398898, 0.00398898, 0.00810792, 0.01438614,
       0.02076277, 0.02504505, 0.0293883 , 0.04042605, 0.0606095 ,
       0.0765462 , 0.09269909, 0.09269909, 0.09976632, 0.10692175,
       0.11421698, 0.133892  , 0.14880641, 0.17144233, 0.20707161,
       0.25860512, 0.29251355, 0.337372  , 0.39874212, 0.4392279 ,
       0.52932094, 0.64527548, 0.73182615, 0.83612715, 0.91024896,
       0.95343664, 1.        , 1.        , 1.        , 1.        ,
       1.        ])]","[{'lambda_reg': 0.0457056309980145, 'K_bin': 1}, {'lambda_reg': 0.4008657599067528, 'K_bin': 1}, {'lambda_reg': 0.566984951147885, 'K_bin': 1}, {'lambda_reg': 0.45622537837781774, 'K_bin': 1}, {'lambda_reg': 0.5430119434848287, 'K_bin': 1}]",Joao_Pessoa,linear,7
"[np.float64(0.06416125201159528), np.float64(0.04452093405253209), np.float64(0.047590434809705616), np.float64(0.035458087124939176), np.float64(0.07342280354812675)]",0.0530307023093797,0.0137879396595611,"[np.float64(0.7677132831498111), np.float64(0.482007276339577), np.float64(0.7783809530579254), np.float64(0.6276666452727834), np.float64(0.7301605930049313)]",0.6771857501650056,0.111165476371866,"[np.float64(0.5869231995692485), np.float64(0.5522600528688633), np.float64(0.8373341087520316), np.float64(0.5456889942907713), np.float64(0.8289223927806812)]",0.6702257496523192,0.1337717848614871,"[array([0.        , 0.        , 0.        , 0.        , 0.        ,
       0.        , 0.        , 0.        , 0.        , 0.        ,
       0.        , 0.        , 0.        , 0.        , 0.        ,
       0.        , 0.        , 0.        , 0.        , 0.        ,
       0.        , 0.        , 0.        , 0.        , 0.        ,
       0.        , 0.        , 0.        , 0.        , 0.        ,
       0.        , 0.        , 0.        , 0.        , 0.        ,
       0.        , 0.        , 0.        , 0.        , 0.        ,
       0.        , 0.        , 0.        , 0.        , 0.        ,
       0.        , 0.        , 0.        , 0.        , 0.        ,
       0.06393935, 0.06393935, 0.06393935, 0.06393935, 0.06393935,
       0.06393935, 0.06393935, 0.06393935, 0.06393935, 0.06393935,
       0.06393935, 0.06393935, 0.06393935, 0.06393935, 0.06393935,
       0.10894055, 0.10894055, 0.10894055, 0.10894055, 0.10894055,
       0.10894055, 0.10894055, 0.10894055, 0.10894055, 0.10894055,
       0.10894055, 0.10894055, 0.10894055, 0.10894055, 0.10894055,
       0.10894055, 0.10894055, 0.10894055, 0.10894055, 0.10894055,
       0.10894055, 0.10894055, 0.12586242, 0.12586242, 0.12586242,
       0.12586242, 0.12586242, 0.13690091, 0.13690091, 0.16052731,
       0.33412761, 0.8470575 , 1.        , 1.        , 1.        ,
       1.        ]), array([0.        , 0.        , 0.        , 0.        , 0.        ,
       0.        , 0.        , 0.        , 0.        , 0.        ,
       0.        , 0.        , 0.        , 0.        , 0.        ,
       0.        , 0.        , 0.        , 0.        , 0.        ,
       0.        , 0.        , 0.        , 0.        , 0.        ,
       0.        , 0.        , 0.        , 0.        , 0.        ,
       0.        , 0.        , 0.        , 0.        , 0.        ,
       0.        , 0.        , 0.        , 0.        , 0.        ,
       0.        , 0.        , 0.        , 0.        , 0.        ,
       0.        , 0.        , 0.        , 0.        , 0.        ,
       0.        , 0.        , 0.        , 0.        , 0.        ,
       0.        , 0.        , 0.        , 0.        , 0.        ,
       0.        , 0.        , 0.        , 0.        , 0.        ,
       0.        , 0.        , 0.        , 0.        , 0.        ,
       0.        , 0.        , 0.        , 0.        , 0.        ,
       0.        , 0.        , 0.        , 0.        , 0.        ,
       0.        , 0.        , 0.        , 0.        , 0.        ,
       0.        , 0.        , 0.        , 0.        , 0.        ,
       0.        , 0.        , 0.02389712, 0.07685322, 0.12917863,
       0.30318611, 0.78893513, 0.9840691 , 1.        , 1.        ,
       1.        ]), array([0.        , 0.        , 0.        , 0.        , 0.        ,
       0.        , 0.        , 0.        , 0.        , 0.        ,
       0.        , 0.        , 0.        , 0.        , 0.        ,
       0.        , 0.        , 0.        , 0.        , 0.        ,
       0.        , 0.        , 0.        , 0.        , 0.        ,
       0.        , 0.        , 0.        , 0.        , 0.        ,
       0.        , 0.        , 0.        , 0.        , 0.        ,
       0.        , 0.        , 0.        , 0.        , 0.        ,
       0.        , 0.        , 0.        , 0.        , 0.        ,
       0.        , 0.        , 0.        , 0.        , 0.        ,
       0.        , 0.        , 0.        , 0.        , 0.        ,
       0.        , 0.06311873, 0.06311873, 0.06311873, 0.06311873,
       0.06311873, 0.06311873, 0.06311873, 0.11654138, 0.11654138,
       0.16719065, 0.16719065, 0.21462724, 0.21462724, 0.21462724,
       0.21462724, 0.21462724, 0.21462724, 0.21462724, 0.21462724,
       0.21462724, 0.21462724, 0.21462724, 0.24618107, 0.30730913,
       0.30730913, 0.30730913, 0.33326176, 0.35745712, 0.35745712,
       0.40152897, 0.40152897, 0.47895429, 0.51428145, 0.57834749,
       0.57834749, 0.59184678, 0.63973113, 0.63973113, 0.69417609,
       0.74214297, 0.8106331 , 0.8607915 , 0.90663862, 0.96184061,
       1.        ]), array([0.        , 0.        , 0.        , 0.        , 0.        ,
       0.        , 0.        , 0.        , 0.        , 0.        ,
       0.        , 0.        , 0.        , 0.        , 0.        ,
       0.        , 0.        , 0.        , 0.        , 0.        ,
       0.        , 0.        , 0.        , 0.        , 0.        ,
       0.        , 0.        , 0.        , 0.        , 0.        ,
       0.        , 0.        , 0.        , 0.        , 0.        ,
       0.        , 0.        , 0.        , 0.        , 0.        ,
       0.        , 0.        , 0.        , 0.        , 0.        ,
       0.        , 0.        , 0.        , 0.        , 0.        ,
       0.        , 0.        , 0.        , 0.        , 0.        ,
       0.        , 0.        , 0.        , 0.        , 0.        ,
       0.        , 0.        , 0.        , 0.        , 0.        ,
       0.        , 0.        , 0.        , 0.        , 0.        ,
       0.        , 0.        , 0.        , 0.        , 0.        ,
       0.        , 0.        , 0.        , 0.        , 0.        ,
       0.        , 0.        , 0.        , 0.        , 0.        ,
       0.        , 0.        , 0.        , 0.        , 0.        ,
       0.        , 0.        , 0.01117503, 0.06868413, 0.18340317,
       0.45559852, 0.93853325, 1.        , 1.        , 1.        ,
       1.        ]), array([0.        , 0.        , 0.        , 0.        , 0.        ,
       0.        , 0.        , 0.        , 0.        , 0.        ,
       0.        , 0.        , 0.        , 0.        , 0.        ,
       0.        , 0.        , 0.        , 0.        , 0.        ,
       0.        , 0.        , 0.        , 0.        , 0.        ,
       0.        , 0.        , 0.        , 0.        , 0.        ,
       0.        , 0.        , 0.        , 0.        , 0.        ,
       0.        , 0.        , 0.        , 0.        , 0.        ,
       0.        , 0.        , 0.        , 0.        , 0.        ,
       0.08690821, 0.08690821, 0.08690821, 0.08690821, 0.08690821,
       0.08690821, 0.16520095, 0.16520095, 0.16520095, 0.16520095,
       0.16520095, 0.16520095, 0.16520095, 0.16520095, 0.16520095,
       0.16520095, 0.16520095, 0.16520095, 0.16520095, 0.16520095,
       0.16520095, 0.16520095, 0.16520095, 0.16520095, 0.16520095,
       0.16520095, 0.16520095, 0.16520095, 0.16520095, 0.16520095,
       0.16520095, 0.16520095, 0.16520095, 0.16520095, 0.19829517,
       0.2953535 , 0.32555751, 0.32555751, 0.32555751, 0.32555751,
       0.34914089, 0.39394758, 0.41481388, 0.43401612, 0.45254255,
       0.50115024, 0.56096449, 0.60017771, 0.61115879, 0.63091451,
       0.69085492, 0.72472527, 0.81299527, 0.89632158, 0.96430146,
       1.        ])]","[array([0.        , 0.        , 0.        , 0.        , 0.        ,
       0.        , 0.        , 0.        , 0.        , 0.        ,
       0.        , 0.        , 0.        , 0.        , 0.        ,
       0.        , 0.        , 0.        , 0.        , 0.        ,
       0.        , 0.        , 0.        , 0.        , 0.        ,
       0.        , 0.        , 0.        , 0.        , 0.        ,
       0.        , 0.        , 0.        , 0.        , 0.        ,
       0.        , 0.        , 0.        , 0.        , 0.        ,
       0.        , 0.        , 0.        , 0.        , 0.        ,
       0.        , 0.        , 0.        , 0.        , 0.        ,
       0.0033972 , 0.0033972 , 0.0033972 , 0.0033972 , 0.0033972 ,
       0.0033972 , 0.0033972 , 0.0033972 , 0.0033972 , 0.0033972 ,
       0.0033972 , 0.0033972 , 0.0033972 , 0.0033972 , 0.0033972 ,
       0.00780061, 0.00780061, 0.00780061, 0.00780061, 0.00780061,
       0.00780061, 0.00780061, 0.00780061, 0.00780061, 0.00780061,
       0.00780061, 0.00780061, 0.00780061, 0.00780061, 0.00780061,
       0.00780061, 0.00780061, 0.00780061, 0.00780061, 0.00780061,
       0.00780061, 0.00780061, 0.01369592, 0.01369592, 0.01369592,
       0.01369592, 0.01369592, 0.01990383, 0.01990383, 0.03903171,
       0.19966799, 0.79070536, 1.        , 1.        , 1.        ,
       1.        ]), array([0.        , 0.        , 0.        , 0.        , 0.        ,
       0.        , 0.        , 0.        , 0.        , 0.        ,
       0.        , 0.        , 0.        , 0.        , 0.        ,
       0.        , 0.        , 0.        , 0.        , 0.        ,
       0.        , 0.        , 0.        , 0.        , 0.        ,
       0.        , 0.        , 0.        , 0.        , 0.        ,
       0.        , 0.        , 0.        , 0.        , 0.        ,
       0.        , 0.        , 0.        , 0.        , 0.        ,
       0.        , 0.        , 0.        , 0.        , 0.        ,
       0.        , 0.        , 0.        , 0.        , 0.        ,
       0.        , 0.        , 0.        , 0.        , 0.        ,
       0.        , 0.        , 0.        , 0.        , 0.        ,
       0.        , 0.        , 0.        , 0.        , 0.        ,
       0.        , 0.        , 0.        , 0.        , 0.        ,
       0.        , 0.        , 0.        , 0.        , 0.        ,
       0.        , 0.        , 0.        , 0.        , 0.        ,
       0.        , 0.        , 0.        , 0.        , 0.        ,
       0.        , 0.        , 0.        , 0.        , 0.        ,
       0.        , 0.        , 0.01237284, 0.04363237, 0.08168518,
       0.22883626, 0.73290521, 0.97371712, 1.        , 1.        ,
       1.        ]), array([0.        , 0.        , 0.        , 0.        , 0.        ,
       0.        , 0.        , 0.        , 0.        , 0.        ,
       0.        , 0.        , 0.        , 0.        , 0.        ,
       0.        , 0.        , 0.        , 0.        , 0.        ,
       0.        , 0.        , 0.        , 0.        , 0.        ,
       0.        , 0.        , 0.        , 0.        , 0.        ,
       0.        , 0.        , 0.        , 0.        , 0.        ,
       0.        , 0.        , 0.        , 0.        , 0.        ,
       0.        , 0.        , 0.        , 0.        , 0.        ,
       0.        , 0.        , 0.        , 0.        , 0.        ,
       0.        , 0.        , 0.        , 0.        , 0.        ,
       0.        , 0.00375235, 0.00375235, 0.00375235, 0.00375235,
       0.00375235, 0.00375235, 0.00375235, 0.00796655, 0.00796655,
       0.01231286, 0.01231286, 0.01681221, 0.01681221, 0.01681221,
       0.01681221, 0.01681221, 0.01681221, 0.01681221, 0.01681221,
       0.01681221, 0.01681221, 0.01681221, 0.02206811, 0.03267421,
       0.03267421, 0.03267421, 0.03819691, 0.04380332, 0.04380332,
       0.05522187, 0.05522187, 0.07856952, 0.09040461, 0.11438862,
       0.11438862, 0.12050452, 0.14525932, 0.14525932, 0.18321947,
       0.22148819, 0.29257395, 0.35777399, 0.44345618, 0.63683559,
       1.        ]), array([0.        , 0.        , 0.        , 0.        , 0.        ,
       0.        , 0.        , 0.        , 0.        , 0.        ,
       0.        , 0.        , 0.        , 0.        , 0.        ,
       0.        , 0.        , 0.        , 0.        , 0.        ,
       0.        , 0.        , 0.        , 0.        , 0.        ,
       0.        , 0.        , 0.        , 0.        , 0.        ,
       0.        , 0.        , 0.        , 0.        , 0.        ,
       0.        , 0.        , 0.        , 0.        , 0.        ,
       0.        , 0.        , 0.        , 0.        , 0.        ,
       0.        , 0.        , 0.        , 0.        , 0.        ,
       0.        , 0.        , 0.        , 0.        , 0.        ,
       0.        , 0.        , 0.        , 0.        , 0.        ,
       0.        , 0.        , 0.        , 0.        , 0.        ,
       0.        , 0.        , 0.        , 0.        , 0.        ,
       0.        , 0.        , 0.        , 0.        , 0.        ,
       0.        , 0.        , 0.        , 0.        , 0.        ,
       0.        , 0.        , 0.        , 0.        , 0.        ,
       0.        , 0.        , 0.        , 0.        , 0.        ,
       0.        , 0.        , 0.00620484, 0.04393235, 0.13298034,
       0.38351792, 0.91495853, 1.        , 1.        , 1.        ,
       1.        ]), array([0.        , 0.        , 0.        , 0.        , 0.        ,
       0.        , 0.        , 0.        , 0.        , 0.        ,
       0.        , 0.        , 0.        , 0.        , 0.        ,
       0.        , 0.        , 0.        , 0.        , 0.        ,
       0.        , 0.        , 0.        , 0.        , 0.        ,
       0.        , 0.        , 0.        , 0.        , 0.        ,
       0.        , 0.        , 0.        , 0.        , 0.        ,
       0.        , 0.        , 0.        , 0.        , 0.        ,
       0.        , 0.        , 0.        , 0.        , 0.        ,
       0.0029942 , 0.0029942 , 0.0029942 , 0.0029942 , 0.0029942 ,
       0.0029942 , 0.00635863, 0.00635863, 0.00635863, 0.00635863,
       0.00635863, 0.00635863, 0.00635863, 0.00635863, 0.00635863,
       0.00635863, 0.00635863, 0.00635863, 0.00635863, 0.00635863,
       0.00635863, 0.00635863, 0.00635863, 0.00635863, 0.00635863,
       0.00635863, 0.00635863, 0.00635863, 0.00635863, 0.00635863,
       0.00635863, 0.00635863, 0.00635863, 0.00635863, 0.01166534,
       0.02768108, 0.03311199, 0.03311199, 0.03311199, 0.03311199,
       0.03882741, 0.05035967, 0.05619185, 0.06209553, 0.06802826,
       0.08612604, 0.11047109, 0.12897257, 0.13522954, 0.1478383 ,
       0.19236449, 0.22455327, 0.32842177, 0.46614697, 0.65836249,
       1.        ])]","[{'lambda_reg': 0.3301647150911624, 'K_bin': 1, 'gamma': 0.0010391765357579117}, {'lambda_reg': 0.3301647150911624, 'K_bin': 1, 'gamma': 0.0010391765357579117}, {'lambda_reg': 0.006267058094743333, 'K_bin': 1, 'gamma': 0.0010623828778041117}, {'lambda_reg': 0.3301647150911624, 'K_bin': 1, 'gamma': 0.0010391765357579117}, {'lambda_reg': 0.0071338231615942285, 'K_bin': 1, 'gamma': 0.0032329724521709515}]",Campina_Grande,rbf,1
"[np.float64(0.13616068925861521), np.float64(0.0968568434676348), np.float64(0.11160636299194218), np.float64(0.1362725830628191), np.float64(0.09464023522931246)]",0.1151073428020647,0.0181958834371762,"[np.float64(0.6341971325417869), np.float64(0.649883176605802), np.float64(0.658975153268879), np.float64(0.6116761273461252), np.float64(0.6749356616912868)]",0.6459334502907759,0.0216246153736519,"[np.float64(0.6255261203276714), np.float64(0.7019397530057858), np.float64(0.6752689340905762), np.float64(0.6559757266875874), np.float64(0.6842361759666951)]",0.6685893420156631,0.0261351664620001,"[array([0.        , 0.        , 0.        , 0.        , 0.        ,
       0.        , 0.        , 0.        , 0.        , 0.        ,
       0.        , 0.        , 0.        , 0.        , 0.        ,
       0.        , 0.        , 0.        , 0.        , 0.        ,
       0.        , 0.        , 0.        , 0.        , 0.        ,
       0.        , 0.        , 0.        , 0.        , 0.        ,
       0.        , 0.        , 0.        , 0.        , 0.        ,
       0.        , 0.        , 0.        , 0.        , 0.        ,
       0.        , 0.00656236, 0.00656236, 0.00656236, 0.00656236,
       0.00656236, 0.00656236, 0.00656236, 0.00656236, 0.00656236,
       0.00656236, 0.00656236, 0.00656236, 0.00656236, 0.00656236,
       0.00656236, 0.01629148, 0.02104072, 0.02104072, 0.02104072,
       0.02104072, 0.02104072, 0.02104072, 0.02104072, 0.02104072,
       0.02104072, 0.02487993, 0.02487993, 0.02487993, 0.02487993,
       0.02487993, 0.02487993, 0.02487993, 0.02487993, 0.02487993,
       0.03324292, 0.04412788, 0.08011525, 0.12456338, 0.16959843,
       0.2302019 , 0.28407172, 0.31876441, 0.36074225, 0.38081687,
       0.40978656, 0.48625025, 0.5600887 , 0.66188075, 0.72540268,
       0.8007789 , 0.87936008, 0.93847275, 0.96971708, 0.98732601,
       0.99687782, 0.9984305 , 0.99919941, 0.9997857 , 1.        ,
       1.        ]), array([0.010353  , 0.010353  , 0.010353  , 0.010353  , 0.010353  ,
       0.010353  , 0.010353  , 0.010353  , 0.010353  , 0.010353  ,
       0.010353  , 0.010353  , 0.010353  , 0.010353  , 0.010353  ,
       0.010353  , 0.010353  , 0.010353  , 0.010353  , 0.010353  ,
       0.010353  , 0.010353  , 0.010353  , 0.010353  , 0.010353  ,
       0.010353  , 0.010353  , 0.010353  , 0.010353  , 0.010353  ,
       0.010353  , 0.010353  , 0.010353  , 0.010353  , 0.010353  ,
       0.010353  , 0.010353  , 0.010353  , 0.010353  , 0.010353  ,
       0.010353  , 0.010353  , 0.010353  , 0.010353  , 0.010353  ,
       0.010353  , 0.010353  , 0.010353  , 0.01580369, 0.01580369,
       0.01580369, 0.01580369, 0.01580369, 0.01580369, 0.01580369,
       0.01580369, 0.01580369, 0.02475737, 0.02475737, 0.02475737,
       0.02475737, 0.03701761, 0.05295907, 0.06845537, 0.07982004,
       0.09463088, 0.12329531, 0.12677729, 0.16379255, 0.19974475,
       0.21235229, 0.23987265, 0.2546184 , 0.28868239, 0.30511512,
       0.32628017, 0.33892809, 0.36334889, 0.37962993, 0.39741197,
       0.41423493, 0.43242264, 0.46304657, 0.50467299, 0.56475176,
       0.60302861, 0.64510681, 0.67585129, 0.7134589 , 0.7493077 ,
       0.79075069, 0.8289754 , 0.86928633, 0.90700441, 0.94492939,
       0.97737958, 0.99044729, 0.99731621, 0.99985593, 1.        ,
       1.        ]), array([0.        , 0.        , 0.        , 0.        , 0.        ,
       0.        , 0.        , 0.        , 0.        , 0.        ,
       0.        , 0.        , 0.        , 0.        , 0.        ,
       0.        , 0.        , 0.        , 0.        , 0.        ,
       0.        , 0.        , 0.        , 0.        , 0.        ,
       0.        , 0.        , 0.        , 0.        , 0.        ,
       0.        , 0.        , 0.        , 0.        , 0.        ,
       0.        , 0.        , 0.        , 0.        , 0.        ,
       0.        , 0.        , 0.        , 0.        , 0.        ,
       0.        , 0.        , 0.        , 0.        , 0.        ,
       0.        , 0.        , 0.        , 0.        , 0.        ,
       0.        , 0.        , 0.        , 0.        , 0.        ,
       0.        , 0.        , 0.        , 0.        , 0.        ,
       0.        , 0.00703219, 0.03129601, 0.05129993, 0.08060797,
       0.12130691, 0.15467402, 0.19560381, 0.21828553, 0.24565867,
       0.27975651, 0.31515715, 0.32962249, 0.35046587, 0.37241619,
       0.40212038, 0.43034019, 0.45697486, 0.4840261 , 0.51621038,
       0.5752925 , 0.61562794, 0.66326475, 0.71240951, 0.75266285,
       0.78410895, 0.831739  , 0.8990019 , 0.94774747, 0.96920587,
       0.98505344, 0.99499776, 0.99923597, 0.99979035, 0.99996965,
       1.        ]), array([0.        , 0.01071716, 0.01071716, 0.01071716, 0.01071716,
       0.01071716, 0.02084295, 0.02084295, 0.02084295, 0.02084295,
       0.02084295, 0.02084295, 0.02084295, 0.02084295, 0.02084295,
       0.02084295, 0.02084295, 0.02084295, 0.02084295, 0.02084295,
       0.02084295, 0.02084295, 0.02084295, 0.02084295, 0.02084295,
       0.02084295, 0.02084295, 0.02084295, 0.02084295, 0.02084295,
       0.02084295, 0.02084295, 0.02084295, 0.02084295, 0.02084295,
       0.02084295, 0.02084295, 0.02084295, 0.02084295, 0.02084295,
       0.02084295, 0.02084295, 0.02084295, 0.02084295, 0.02084295,
       0.02084295, 0.02084295, 0.02084295, 0.02084295, 0.02084295,
       0.02084295, 0.02614719, 0.02614719, 0.02614719, 0.02614719,
       0.02614719, 0.02614719, 0.02614719, 0.02614719, 0.0305868 ,
       0.03498985, 0.03498985, 0.03498985, 0.03498985, 0.03498985,
       0.03498985, 0.03871561, 0.03871561, 0.04226238, 0.04226238,
       0.04882005, 0.06152607, 0.06770344, 0.07950584, 0.08806596,
       0.12367448, 0.15541827, 0.18590642, 0.24409888, 0.26727957,
       0.29157059, 0.30842166, 0.33648049, 0.37049537, 0.4239048 ,
       0.5001963 , 0.58314469, 0.64251287, 0.69452114, 0.75613569,
       0.81930505, 0.8787726 , 0.91557204, 0.94619962, 0.97200703,
       0.98749394, 0.99613942, 0.99802612, 0.99954534, 0.99993523,
       1.        ]), array([0.01030053, 0.01030053, 0.01030053, 0.01030053, 0.01030053,
       0.01030053, 0.01030053, 0.01030053, 0.01030053, 0.01030053,
       0.01030053, 0.01030053, 0.01030053, 0.01030053, 0.01030053,
       0.01030053, 0.01030053, 0.01030053, 0.01030053, 0.01030053,
       0.01030053, 0.01030053, 0.01030053, 0.01030053, 0.01030053,
       0.01030053, 0.01030053, 0.01030053, 0.01030053, 0.01761448,
       0.01761448, 0.01761448, 0.01761448, 0.01761448, 0.01761448,
       0.01761448, 0.01761448, 0.01761448, 0.01761448, 0.01761448,
       0.01761448, 0.01761448, 0.01761448, 0.01761448, 0.01761448,
       0.01761448, 0.01761448, 0.01761448, 0.01761448, 0.01761448,
       0.01761448, 0.01761448, 0.01761448, 0.01761448, 0.01761448,
       0.01761448, 0.01761448, 0.01761448, 0.01761448, 0.01761448,
       0.01761448, 0.01761448, 0.02550434, 0.02550434, 0.02550434,
       0.02919921, 0.04349294, 0.0538176 , 0.07717831, 0.10320203,
       0.13452847, 0.17723986, 0.20973854, 0.23813314, 0.28200665,
       0.31613838, 0.34145393, 0.36561235, 0.37720814, 0.38823574,
       0.40714546, 0.4253428 , 0.44645847, 0.47907083, 0.5182677 ,
       0.56297517, 0.60762699, 0.65892117, 0.70794577, 0.74496401,
       0.78275434, 0.82785208, 0.86874969, 0.92749761, 0.96763828,
       0.99013749, 0.99756116, 0.99970599, 0.99970599, 1.        ,
       1.        ])]","[array([0.00000000e+00, 0.00000000e+00, 0.00000000e+00, 0.00000000e+00,
       0.00000000e+00, 0.00000000e+00, 0.00000000e+00, 0.00000000e+00,
       0.00000000e+00, 0.00000000e+00, 0.00000000e+00, 0.00000000e+00,
       0.00000000e+00, 0.00000000e+00, 0.00000000e+00, 0.00000000e+00,
       0.00000000e+00, 0.00000000e+00, 0.00000000e+00, 0.00000000e+00,
       0.00000000e+00, 0.00000000e+00, 0.00000000e+00, 0.00000000e+00,
       0.00000000e+00, 0.00000000e+00, 0.00000000e+00, 0.00000000e+00,
       0.00000000e+00, 0.00000000e+00, 0.00000000e+00, 0.00000000e+00,
       0.00000000e+00, 0.00000000e+00, 0.00000000e+00, 0.00000000e+00,
       0.00000000e+00, 0.00000000e+00, 0.00000000e+00, 0.00000000e+00,
       0.00000000e+00, 6.69286290e-04, 6.69286290e-04, 6.69286290e-04,
       6.69286290e-04, 6.69286290e-04, 6.69286290e-04, 6.69286290e-04,
       6.69286290e-04, 6.69286290e-04, 6.69286290e-04, 6.69286290e-04,
       6.69286290e-04, 6.69286290e-04, 6.69286290e-04, 6.69286290e-04,
       2.52105261e-03, 3.46436399e-03, 3.46436399e-03, 3.46436399e-03,
       3.46436399e-03, 3.46436399e-03, 3.46436399e-03, 3.46436399e-03,
       3.46436399e-03, 3.46436399e-03, 4.54521335e-03, 4.54521335e-03,
       4.54521335e-03, 4.54521335e-03, 4.54521335e-03, 4.54521335e-03,
       4.54521335e-03, 4.54521335e-03, 4.54521335e-03, 8.26454007e-03,
       1.32637982e-02, 3.10800954e-02, 5.42620314e-02, 7.90163539e-02,
       1.14706457e-01, 1.48092073e-01, 1.71087312e-01, 2.01286955e-01,
       2.16524961e-01, 2.40385146e-01, 3.08561099e-01, 3.80455998e-01,
       4.87992278e-01, 5.61446367e-01, 6.58025203e-01, 7.70730555e-01,
       8.66445207e-01, 9.24844503e-01, 9.62049329e-01, 9.87183153e-01,
       9.91931758e-01, 9.95137728e-01, 9.98371298e-01, 1.00000000e+00,
       1.00000000e+00]), array([0.00000000e+00, 0.00000000e+00, 0.00000000e+00, 0.00000000e+00,
       0.00000000e+00, 0.00000000e+00, 0.00000000e+00, 0.00000000e+00,
       0.00000000e+00, 0.00000000e+00, 0.00000000e+00, 0.00000000e+00,
       0.00000000e+00, 0.00000000e+00, 0.00000000e+00, 0.00000000e+00,
       0.00000000e+00, 0.00000000e+00, 0.00000000e+00, 0.00000000e+00,
       0.00000000e+00, 0.00000000e+00, 0.00000000e+00, 0.00000000e+00,
       0.00000000e+00, 0.00000000e+00, 0.00000000e+00, 0.00000000e+00,
       0.00000000e+00, 0.00000000e+00, 0.00000000e+00, 0.00000000e+00,
       0.00000000e+00, 0.00000000e+00, 0.00000000e+00, 0.00000000e+00,
       0.00000000e+00, 0.00000000e+00, 0.00000000e+00, 0.00000000e+00,
       0.00000000e+00, 0.00000000e+00, 0.00000000e+00, 0.00000000e+00,
       0.00000000e+00, 0.00000000e+00, 0.00000000e+00, 0.00000000e+00,
       7.93944511e-04, 7.93944511e-04, 7.93944511e-04, 7.93944511e-04,
       7.93944511e-04, 7.93944511e-04, 7.93944511e-04, 7.93944511e-04,
       7.93944511e-04, 2.69726862e-03, 2.69726862e-03, 2.69726862e-03,
       2.69726862e-03, 5.74178509e-03, 9.86681722e-03, 1.40639439e-02,
       1.72535005e-02, 2.15616403e-02, 3.03329483e-02, 3.14457311e-02,
       4.38946963e-02, 5.65158268e-02, 6.11807977e-02, 7.18140909e-02,
       7.78094704e-02, 9.24131030e-02, 9.98119729e-02, 1.09797827e-01,
       1.16132958e-01, 1.28944934e-01, 1.38045070e-01, 1.48578815e-01,
       1.59267884e-01, 1.71412628e-01, 1.93280188e-01, 2.25102761e-01,
       2.74057319e-01, 3.08099064e-01, 3.48231970e-01, 3.80140206e-01,
       4.22673836e-01, 4.67169012e-01, 5.24171790e-01, 5.83372479e-01,
       6.53972197e-01, 7.30021934e-01, 8.17775064e-01, 9.08091551e-01,
       9.52922794e-01, 9.83667650e-01, 9.98346632e-01, 1.00000000e+00,
       1.00000000e+00]), array([0.        , 0.        , 0.        , 0.        , 0.        ,
       0.        , 0.        , 0.        , 0.        , 0.        ,
       0.        , 0.        , 0.        , 0.        , 0.        ,
       0.        , 0.        , 0.        , 0.        , 0.        ,
       0.        , 0.        , 0.        , 0.        , 0.        ,
       0.        , 0.        , 0.        , 0.        , 0.        ,
       0.        , 0.        , 0.        , 0.        , 0.        ,
       0.        , 0.        , 0.        , 0.        , 0.        ,
       0.        , 0.        , 0.        , 0.        , 0.        ,
       0.        , 0.        , 0.        , 0.        , 0.        ,
       0.        , 0.        , 0.        , 0.        , 0.        ,
       0.        , 0.        , 0.        , 0.        , 0.        ,
       0.        , 0.        , 0.        , 0.        , 0.        ,
       0.        , 0.00221121, 0.01000723, 0.0168187 , 0.02714947,
       0.04233777, 0.05536363, 0.07219221, 0.08192356, 0.09424709,
       0.11050972, 0.12823817, 0.13595104, 0.14765943, 0.16086551,
       0.17952106, 0.19841819, 0.2175733 , 0.23833846, 0.26497962,
       0.31744445, 0.35618181, 0.40547581, 0.4612358 , 0.51173146,
       0.55527125, 0.6297341 , 0.74798149, 0.84575269, 0.89595152,
       0.94035212, 0.97564637, 0.99341295, 0.99667842, 0.99832709,
       1.        ]), array([0.00000000e+00, 5.74540501e-06, 5.74540501e-06, 5.74540501e-06,
       5.74540501e-06, 5.74540501e-06, 1.03138100e-04, 1.03138100e-04,
       1.03138100e-04, 1.03138100e-04, 1.03138100e-04, 1.03138100e-04,
       1.03138100e-04, 1.03138100e-04, 1.03138100e-04, 1.03138100e-04,
       1.03138100e-04, 1.03138100e-04, 1.03138100e-04, 1.03138100e-04,
       1.03138100e-04, 1.03138100e-04, 1.03138100e-04, 1.03138100e-04,
       1.03138100e-04, 1.03138100e-04, 1.03138100e-04, 1.03138100e-04,
       1.03138100e-04, 1.03138100e-04, 1.03138100e-04, 1.03138100e-04,
       1.03138100e-04, 1.03138100e-04, 1.03138100e-04, 1.03138100e-04,
       1.03138100e-04, 1.03138100e-04, 1.03138100e-04, 1.03138100e-04,
       1.03138100e-04, 1.03138100e-04, 1.03138100e-04, 1.03138100e-04,
       1.03138100e-04, 1.03138100e-04, 1.03138100e-04, 1.03138100e-04,
       1.03138100e-04, 1.03138100e-04, 1.03138100e-04, 9.47746556e-04,
       9.47746556e-04, 9.47746556e-04, 9.47746556e-04, 9.47746556e-04,
       9.47746556e-04, 9.47746556e-04, 9.47746556e-04, 1.92634948e-03,
       2.91061970e-03, 2.91061970e-03, 2.91061970e-03, 2.91061970e-03,
       2.91061970e-03, 2.91061970e-03, 3.99985211e-03, 3.99985211e-03,
       5.11682337e-03, 5.11682337e-03, 7.43381271e-03, 1.21312240e-02,
       1.45071499e-02, 1.93446001e-02, 2.30178887e-02, 3.91656690e-02,
       5.42457518e-02, 6.95204260e-02, 1.00501200e-01, 1.13575085e-01,
       1.28143526e-01, 1.38865080e-01, 1.57849497e-01, 1.82577397e-01,
       2.24299196e-01, 2.89140934e-01, 3.64617433e-01, 4.23748703e-01,
       4.80687312e-01, 5.54470119e-01, 6.38011749e-01, 7.25460323e-01,
       7.86422539e-01, 8.45007976e-01, 9.02673786e-01, 9.43606081e-01,
       9.72265587e-01, 9.80306345e-01, 9.90070682e-01, 9.93343520e-01,
       1.00000000e+00]), array([0.00000000e+00, 0.00000000e+00, 0.00000000e+00, 0.00000000e+00,
       0.00000000e+00, 0.00000000e+00, 0.00000000e+00, 0.00000000e+00,
       0.00000000e+00, 0.00000000e+00, 0.00000000e+00, 0.00000000e+00,
       0.00000000e+00, 0.00000000e+00, 0.00000000e+00, 0.00000000e+00,
       0.00000000e+00, 0.00000000e+00, 0.00000000e+00, 0.00000000e+00,
       0.00000000e+00, 0.00000000e+00, 0.00000000e+00, 0.00000000e+00,
       0.00000000e+00, 0.00000000e+00, 0.00000000e+00, 0.00000000e+00,
       0.00000000e+00, 4.86552268e-04, 4.86552268e-04, 4.86552268e-04,
       4.86552268e-04, 4.86552268e-04, 4.86552268e-04, 4.86552268e-04,
       4.86552268e-04, 4.86552268e-04, 4.86552268e-04, 4.86552268e-04,
       4.86552268e-04, 4.86552268e-04, 4.86552268e-04, 4.86552268e-04,
       4.86552268e-04, 4.86552268e-04, 4.86552268e-04, 4.86552268e-04,
       4.86552268e-04, 4.86552268e-04, 4.86552268e-04, 4.86552268e-04,
       4.86552268e-04, 4.86552268e-04, 4.86552268e-04, 4.86552268e-04,
       4.86552268e-04, 4.86552268e-04, 4.86552268e-04, 4.86552268e-04,
       4.86552268e-04, 4.86552268e-04, 2.55736514e-03, 2.55736514e-03,
       2.55736514e-03, 3.63350986e-03, 8.01722171e-03, 1.13694590e-02,
       1.93102997e-02, 2.84953881e-02, 4.01727673e-02, 5.67077327e-02,
       6.98722228e-02, 8.20272339e-02, 1.01729045e-01, 1.17983660e-01,
       1.30640285e-01, 1.43485423e-01, 1.49986747e-01, 1.56580635e-01,
       1.68602765e-01, 1.80740953e-01, 1.95759876e-01, 2.20652434e-01,
       2.52862717e-01, 2.92565676e-01, 3.35633869e-01, 3.89366528e-01,
       4.45147016e-01, 4.91136897e-01, 5.43713333e-01, 6.13558227e-01,
       6.85765459e-01, 8.03729095e-01, 8.97874736e-01, 9.61332704e-01,
       9.86972644e-01, 9.96691729e-01, 9.96691729e-01, 1.00000000e+00,
       1.00000000e+00])]","[{'lambda_reg': 0.13275157034177967, 'K_bin': 1}, {'lambda_reg': 0.0029731820838102933, 'K_bin': 1}, {'lambda_reg': 0.21423021757741043, 'K_bin': 1}, {'lambda_reg': 0.7443148533764136, 'K_bin': 1}, {'lambda_reg': 1.0387720089581458e-05, 'K_bin': 1}]",Outros,linear,14
"[np.float64(0.10263181075375223), np.float64(0.09794552733714985), np.float64(0.14379077816877892), np.float64(0.09546746098650484), np.float64(0.10503806473594927)]",0.108974728396427,0.0177311973404926,"[np.float64(0.0), np.float64(0.0), np.float64(0.0), np.float64(0.0), np.float64(0.0)]",0.0,0.0,"[np.float64(0.5), np.float64(0.5), np.float64(0.5), np.float64(0.5), np.float64(0.5)]",0.5,0.0,"[array([0., 0., 0., 0., 0., 0., 0., 0., 0., 0., 0., 0., 0., 0., 0., 0., 0.,
       0., 0., 0., 0., 0., 0., 0., 0., 0., 0., 0., 0., 0., 0., 0., 0., 0.,
       0., 0., 0., 0., 0., 0., 0., 0., 0., 0., 0., 0., 0., 0., 0., 0., 0.,
       0., 0., 0., 0., 0., 0., 0., 0., 0., 0., 0., 0., 0., 0., 0., 0., 0.,
       0., 0., 0., 0., 0., 0., 0., 0., 0., 0., 0., 0., 0., 0., 0., 0., 0.,
       0., 0., 1., 1., 1., 1., 1., 1., 1., 1., 1., 1., 1., 1., 1., 1.]), array([0., 0., 0., 0., 0., 0., 0., 0., 0., 0., 0., 0., 0., 0., 0., 0., 0.,
       0., 0., 0., 0., 0., 0., 0., 0., 0., 0., 0., 0., 0., 0., 0., 0., 0.,
       0., 0., 0., 0., 0., 0., 0., 0., 0., 0., 0., 0., 0., 0., 0., 0., 0.,
       0., 0., 0., 0., 0., 0., 0., 0., 0., 0., 0., 0., 0., 0., 0., 0., 0.,
       0., 0., 0., 0., 0., 0., 0., 0., 0., 0., 0., 0., 0., 0., 0., 0., 0.,
       0., 0., 1., 1., 1., 1., 1., 1., 1., 1., 1., 1., 1., 1., 1., 1.]), array([0., 0., 0., 0., 0., 0., 0., 0., 0., 0., 0., 0., 0., 0., 0., 0., 0.,
       0., 0., 0., 0., 0., 0., 0., 0., 0., 0., 0., 0., 0., 0., 0., 0., 0.,
       0., 0., 0., 0., 0., 0., 0., 0., 0., 0., 0., 0., 0., 0., 0., 0., 0.,
       0., 0., 0., 0., 0., 0., 0., 0., 0., 0., 0., 0., 0., 0., 0., 0., 0.,
       0., 0., 0., 0., 0., 0., 0., 0., 0., 0., 0., 0., 0., 0., 0., 0., 0.,
       0., 0., 0., 0., 1., 1., 1., 1., 1., 1., 1., 1., 1., 1., 1., 1.]), array([0., 0., 0., 0., 0., 0., 0., 0., 0., 0., 0., 0., 0., 0., 0., 0., 0.,
       0., 0., 0., 0., 0., 0., 0., 0., 0., 0., 0., 0., 0., 0., 0., 0., 0.,
       0., 0., 0., 0., 0., 0., 0., 0., 0., 0., 0., 0., 0., 0., 0., 0., 0.,
       0., 0., 0., 0., 0., 0., 0., 0., 0., 0., 0., 0., 0., 0., 0., 0., 0.,
       0., 0., 0., 0., 0., 0., 0., 0., 0., 0., 0., 0., 0., 0., 0., 0., 0.,
       0., 0., 1., 1., 1., 1., 1., 1., 1., 1., 1., 1., 1., 1., 1., 1.]), array([0., 0., 0., 0., 0., 0., 0., 0., 0., 0., 0., 0., 0., 0., 0., 0., 0.,
       0., 0., 0., 0., 0., 0., 0., 0., 0., 0., 0., 0., 0., 0., 0., 0., 0.,
       0., 0., 0., 0., 0., 0., 0., 0., 0., 0., 0., 0., 0., 0., 0., 0., 0.,
       0., 0., 0., 0., 0., 0., 0., 0., 0., 0., 0., 0., 0., 0., 0., 0., 0.,
       0., 0., 0., 0., 0., 0., 0., 0., 0., 0., 0., 0., 0., 0., 0., 0., 0.,
       0., 0., 1., 1., 1., 1., 1., 1., 1., 1., 1., 1., 1., 1., 1., 1.])]","[array([0., 0., 0., 0., 0., 0., 0., 0., 0., 0., 0., 0., 0., 0., 0., 0., 0.,
       0., 0., 0., 0., 0., 0., 0., 0., 0., 0., 0., 0., 0., 0., 0., 0., 0.,
       0., 0., 0., 0., 0., 0., 0., 0., 0., 0., 0., 0., 0., 0., 0., 0., 0.,
       0., 0., 0., 0., 0., 0., 0., 0., 0., 0., 0., 0., 0., 0., 0., 0., 0.,
       0., 0., 0., 0., 0., 0., 0., 0., 0., 0., 0., 0., 0., 0., 0., 0., 0.,
       0., 0., 1., 1., 1., 1., 1., 1., 1., 1., 1., 1., 1., 1., 1., 1.]), array([0., 0., 0., 0., 0., 0., 0., 0., 0., 0., 0., 0., 0., 0., 0., 0., 0.,
       0., 0., 0., 0., 0., 0., 0., 0., 0., 0., 0., 0., 0., 0., 0., 0., 0.,
       0., 0., 0., 0., 0., 0., 0., 0., 0., 0., 0., 0., 0., 0., 0., 0., 0.,
       0., 0., 0., 0., 0., 0., 0., 0., 0., 0., 0., 0., 0., 0., 0., 0., 0.,
       0., 0., 0., 0., 0., 0., 0., 0., 0., 0., 0., 0., 0., 0., 0., 0., 0.,
       0., 0., 1., 1., 1., 1., 1., 1., 1., 1., 1., 1., 1., 1., 1., 1.]), array([0., 0., 0., 0., 0., 0., 0., 0., 0., 0., 0., 0., 0., 0., 0., 0., 0.,
       0., 0., 0., 0., 0., 0., 0., 0., 0., 0., 0., 0., 0., 0., 0., 0., 0.,
       0., 0., 0., 0., 0., 0., 0., 0., 0., 0., 0., 0., 0., 0., 0., 0., 0.,
       0., 0., 0., 0., 0., 0., 0., 0., 0., 0., 0., 0., 0., 0., 0., 0., 0.,
       0., 0., 0., 0., 0., 0., 0., 0., 0., 0., 0., 0., 0., 0., 0., 0., 0.,
       0., 0., 0., 0., 1., 1., 1., 1., 1., 1., 1., 1., 1., 1., 1., 1.]), array([0., 0., 0., 0., 0., 0., 0., 0., 0., 0., 0., 0., 0., 0., 0., 0., 0.,
       0., 0., 0., 0., 0., 0., 0., 0., 0., 0., 0., 0., 0., 0., 0., 0., 0.,
       0., 0., 0., 0., 0., 0., 0., 0., 0., 0., 0., 0., 0., 0., 0., 0., 0.,
       0., 0., 0., 0., 0., 0., 0., 0., 0., 0., 0., 0., 0., 0., 0., 0., 0.,
       0., 0., 0., 0., 0., 0., 0., 0., 0., 0., 0., 0., 0., 0., 0., 0., 0.,
       0., 0., 1., 1., 1., 1., 1., 1., 1., 1., 1., 1., 1., 1., 1., 1.]), array([0., 0., 0., 0., 0., 0., 0., 0., 0., 0., 0., 0., 0., 0., 0., 0., 0.,
       0., 0., 0., 0., 0., 0., 0., 0., 0., 0., 0., 0., 0., 0., 0., 0., 0.,
       0., 0., 0., 0., 0., 0., 0., 0., 0., 0., 0., 0., 0., 0., 0., 0., 0.,
       0., 0., 0., 0., 0., 0., 0., 0., 0., 0., 0., 0., 0., 0., 0., 0., 0.,
       0., 0., 0., 0., 0., 0., 0., 0., 0., 0., 0., 0., 0., 0., 0., 0., 0.,
       0., 0., 1., 1., 1., 1., 1., 1., 1., 1., 1., 1., 1., 1., 1., 1.])]","[{'lambda_reg': 1.065997530692824e-05, 'K_bin': 1, 'gamma': 0.23217001710831278, 'coef0': 3.599590973260367}, {'lambda_reg': 1.065997530692824e-05, 'K_bin': 1, 'gamma': 0.23217001710831278, 'coef0': 3.599590973260367}, {'lambda_reg': 1.065997530692824e-05, 'K_bin': 1, 'gamma': 0.23217001710831278, 'coef0': 3.599590973260367}, {'lambda_reg': 1.065997530692824e-05, 'K_bin': 1, 'gamma': 0.23217001710831278, 'coef0': 3.599590973260367}, {'lambda_reg': 1.065997530692824e-05, 'K_bin': 1, 'gamma': 0.23217001710831278, 'coef0': 3.599590973260367}]",Joao_Pessoa,sigmoid,12
"[np.float64(0.05505864207752975), np.float64(0.04421785905016815), np.float64(0.04931386218052908), np.float64(0.03569652630828158), np.float64(0.06821516767283604)]",0.0505004114578689,0.0109052595897847,"[np.float64(0.0), np.float64(0.0), np.float64(0.0), np.float64(0.0), np.float64(0.0)]",0.0,0.0,"[np.float64(0.5), np.float64(0.5), np.float64(0.5), np.float64(0.5), np.float64(0.5)]",0.5,0.0,"[array([0., 0., 0., 0., 0., 0., 0., 0., 0., 0., 0., 0., 0., 0., 0., 0., 0.,
       0., 0., 0., 0., 0., 0., 0., 0., 0., 0., 0., 0., 0., 0., 0., 0., 0.,
       0., 0., 0., 0., 0., 0., 0., 0., 0., 0., 0., 0., 0., 0., 0., 0., 0.,
       0., 0., 0., 0., 0., 0., 0., 0., 0., 0., 0., 0., 0., 0., 0., 0., 0.,
       0., 0., 0., 0., 0., 0., 0., 0., 0., 0., 0., 0., 0., 0., 0., 0., 0.,
       0., 0., 0., 0., 0., 0., 0., 0., 0., 0., 0., 1., 1., 1., 1., 1.]), array([0., 0., 0., 0., 0., 0., 0., 0., 0., 0., 0., 0., 0., 0., 0., 0., 0.,
       0., 0., 0., 0., 0., 0., 0., 0., 0., 0., 0., 0., 0., 0., 0., 0., 0.,
       0., 0., 0., 0., 0., 0., 0., 0., 0., 0., 0., 0., 0., 0., 0., 0., 0.,
       0., 0., 0., 0., 0., 0., 0., 0., 0., 0., 0., 0., 0., 0., 0., 0., 0.,
       0., 0., 0., 0., 0., 0., 0., 0., 0., 0., 0., 0., 0., 0., 0., 0., 0.,
       0., 0., 0., 0., 0., 0., 0., 0., 0., 0., 1., 1., 1., 1., 1., 1.]), array([0., 0., 0., 0., 0., 0., 0., 0., 0., 0., 0., 0., 0., 0., 0., 0., 0.,
       0., 0., 0., 0., 0., 0., 0., 0., 0., 0., 0., 0., 0., 0., 0., 0., 0.,
       0., 0., 0., 0., 0., 0., 0., 0., 0., 0., 0., 0., 0., 0., 0., 0., 0.,
       0., 0., 0., 0., 0., 0., 0., 0., 0., 0., 0., 0., 0., 0., 0., 0., 0.,
       0., 0., 0., 0., 0., 0., 0., 0., 0., 0., 0., 0., 0., 0., 0., 0., 0.,
       0., 0., 0., 0., 0., 0., 0., 0., 0., 0., 1., 1., 1., 1., 1., 1.]), array([0., 0., 0., 0., 0., 0., 0., 0., 0., 0., 0., 0., 0., 0., 0., 0., 0.,
       0., 0., 0., 0., 0., 0., 0., 0., 0., 0., 0., 0., 0., 0., 0., 0., 0.,
       0., 0., 0., 0., 0., 0., 0., 0., 0., 0., 0., 0., 0., 0., 0., 0., 0.,
       0., 0., 0., 0., 0., 0., 0., 0., 0., 0., 0., 0., 0., 0., 0., 0., 0.,
       0., 0., 0., 0., 0., 0., 0., 0., 0., 0., 0., 0., 0., 0., 0., 0., 0.,
       0., 0., 0., 0., 0., 0., 0., 0., 0., 0., 1., 1., 1., 1., 1., 1.]), array([0., 0., 0., 0., 0., 0., 0., 0., 0., 0., 0., 0., 0., 0., 0., 0., 0.,
       0., 0., 0., 0., 0., 0., 0., 0., 0., 0., 0., 0., 0., 0., 0., 0., 0.,
       0., 0., 0., 0., 0., 0., 0., 0., 0., 0., 0., 0., 0., 0., 0., 0., 0.,
       0., 0., 0., 0., 0., 0., 0., 0., 0., 0., 0., 0., 0., 0., 0., 0., 0.,
       0., 0., 0., 0., 0., 0., 0., 0., 0., 0., 0., 0., 0., 0., 0., 0., 0.,
       0., 0., 0., 0., 0., 0., 0., 0., 0., 0., 1., 1., 1., 1., 1., 1.])]","[array([0., 0., 0., 0., 0., 0., 0., 0., 0., 0., 0., 0., 0., 0., 0., 0., 0.,
       0., 0., 0., 0., 0., 0., 0., 0., 0., 0., 0., 0., 0., 0., 0., 0., 0.,
       0., 0., 0., 0., 0., 0., 0., 0., 0., 0., 0., 0., 0., 0., 0., 0., 0.,
       0., 0., 0., 0., 0., 0., 0., 0., 0., 0., 0., 0., 0., 0., 0., 0., 0.,
       0., 0., 0., 0., 0., 0., 0., 0., 0., 0., 0., 0., 0., 0., 0., 0., 0.,
       0., 0., 0., 0., 0., 0., 0., 0., 0., 0., 0., 1., 1., 1., 1., 1.]), array([0., 0., 0., 0., 0., 0., 0., 0., 0., 0., 0., 0., 0., 0., 0., 0., 0.,
       0., 0., 0., 0., 0., 0., 0., 0., 0., 0., 0., 0., 0., 0., 0., 0., 0.,
       0., 0., 0., 0., 0., 0., 0., 0., 0., 0., 0., 0., 0., 0., 0., 0., 0.,
       0., 0., 0., 0., 0., 0., 0., 0., 0., 0., 0., 0., 0., 0., 0., 0., 0.,
       0., 0., 0., 0., 0., 0., 0., 0., 0., 0., 0., 0., 0., 0., 0., 0., 0.,
       0., 0., 0., 0., 0., 0., 0., 0., 0., 0., 1., 1., 1., 1., 1., 1.]), array([0., 0., 0., 0., 0., 0., 0., 0., 0., 0., 0., 0., 0., 0., 0., 0., 0.,
       0., 0., 0., 0., 0., 0., 0., 0., 0., 0., 0., 0., 0., 0., 0., 0., 0.,
       0., 0., 0., 0., 0., 0., 0., 0., 0., 0., 0., 0., 0., 0., 0., 0., 0.,
       0., 0., 0., 0., 0., 0., 0., 0., 0., 0., 0., 0., 0., 0., 0., 0., 0.,
       0., 0., 0., 0., 0., 0., 0., 0., 0., 0., 0., 0., 0., 0., 0., 0., 0.,
       0., 0., 0., 0., 0., 0., 0., 0., 0., 0., 1., 1., 1., 1., 1., 1.]), array([0., 0., 0., 0., 0., 0., 0., 0., 0., 0., 0., 0., 0., 0., 0., 0., 0.,
       0., 0., 0., 0., 0., 0., 0., 0., 0., 0., 0., 0., 0., 0., 0., 0., 0.,
       0., 0., 0., 0., 0., 0., 0., 0., 0., 0., 0., 0., 0., 0., 0., 0., 0.,
       0., 0., 0., 0., 0., 0., 0., 0., 0., 0., 0., 0., 0., 0., 0., 0., 0.,
       0., 0., 0., 0., 0., 0., 0., 0., 0., 0., 0., 0., 0., 0., 0., 0., 0.,
       0., 0., 0., 0., 0., 0., 0., 0., 0., 0., 1., 1., 1., 1., 1., 1.]), array([0., 0., 0., 0., 0., 0., 0., 0., 0., 0., 0., 0., 0., 0., 0., 0., 0.,
       0., 0., 0., 0., 0., 0., 0., 0., 0., 0., 0., 0., 0., 0., 0., 0., 0.,
       0., 0., 0., 0., 0., 0., 0., 0., 0., 0., 0., 0., 0., 0., 0., 0., 0.,
       0., 0., 0., 0., 0., 0., 0., 0., 0., 0., 0., 0., 0., 0., 0., 0., 0.,
       0., 0., 0., 0., 0., 0., 0., 0., 0., 0., 0., 0., 0., 0., 0., 0., 0.,
       0., 0., 0., 0., 0., 0., 0., 0., 0., 0., 1., 1., 1., 1., 1., 1.])]","[{'lambda_reg': 0.9858911056869908, 'K_bin': 1, 'gamma': 0.04920853100507526, 'coef0': -2.2551502671751917}, {'lambda_reg': 0.9858911056869908, 'K_bin': 1, 'gamma': 0.04920853100507526, 'coef0': -2.2551502671751917}, {'lambda_reg': 0.985894960768955, 'K_bin': 1, 'gamma': 0.04920853100507526, 'coef0': -4.2324213681675245}, {'lambda_reg': 0.9858911056869908, 'K_bin': 1, 'gamma': 0.04920853100507526, 'coef0': -2.2551502671751917}, {'lambda_reg': 0.009846738873614562, 'K_bin': 1, 'gamma': 0.004207988669606638, 'coef0': -3.4400547966379733}]",Campina_Grande,sigmoid,5
"[np.float64(0.09703417676451262), np.float64(0.09661573694006213), np.float64(0.13860783535686108), np.float64(0.09076806770258049), np.float64(0.100738130785009)]",0.104752789509805,0.0172258100839575,"[np.float64(0.6266736262519599), np.float64(0.5768469239952356), np.float64(0.6413814479546771), np.float64(0.6379844746275798), np.float64(0.6517211374151821)]",0.6269215220489269,0.0262831737879442,"[np.float64(0.6678114693448581), np.float64(0.6745696942530075), np.float64(0.6453914377603914), np.float64(0.6472717295668462), np.float64(0.6569056916646713)]",0.6583900045179549,0.0113607070175482,"[array([0.        , 0.        , 0.        , 0.        , 0.        ,
       0.        , 0.        , 0.        , 0.        , 0.        ,
       0.        , 0.        , 0.        , 0.        , 0.        ,
       0.        , 0.        , 0.        , 0.        , 0.        ,
       0.        , 0.        , 0.        , 0.        , 0.        ,
       0.        , 0.        , 0.        , 0.        , 0.        ,
       0.        , 0.        , 0.        , 0.        , 0.        ,
       0.        , 0.        , 0.        , 0.        , 0.        ,
       0.        , 0.        , 0.        , 0.        , 0.        ,
       0.        , 0.        , 0.        , 0.        , 0.        ,
       0.        , 0.        , 0.        , 0.        , 0.        ,
       0.        , 0.        , 0.        , 0.        , 0.00833141,
       0.00833141, 0.00833141, 0.01601314, 0.01601314, 0.01601314,
       0.01601314, 0.02301055, 0.03655979, 0.0431529 , 0.04944502,
       0.05562653, 0.06163325, 0.08455558, 0.10123875, 0.13324977,
       0.17420992, 0.18906886, 0.22232065, 0.24504558, 0.27953644,
       0.32473262, 0.35610251, 0.40455822, 0.45379157, 0.51713677,
       0.5578203 , 0.59312136, 0.63972699, 0.68278173, 0.7225286 ,
       0.77568037, 0.8387528 , 0.87967744, 0.91152521, 0.95245545,
       0.97924407, 0.9909794 , 1.        , 1.        , 1.        ,
       1.        ]), array([0.        , 0.        , 0.        , 0.        , 0.        ,
       0.        , 0.        , 0.        , 0.        , 0.        ,
       0.        , 0.        , 0.        , 0.        , 0.        ,
       0.        , 0.        , 0.        , 0.        , 0.        ,
       0.        , 0.        , 0.        , 0.        , 0.        ,
       0.        , 0.        , 0.        , 0.        , 0.        ,
       0.        , 0.        , 0.        , 0.        , 0.        ,
       0.        , 0.        , 0.        , 0.        , 0.        ,
       0.        , 0.        , 0.        , 0.        , 0.        ,
       0.        , 0.        , 0.01064567, 0.01064567, 0.01064567,
       0.02058436, 0.03052306, 0.03052306, 0.03052306, 0.03052306,
       0.03052306, 0.03052306, 0.03052306, 0.03905261, 0.03905261,
       0.03905261, 0.03905261, 0.03905261, 0.04659663, 0.04659663,
       0.06081154, 0.07437123, 0.07437123, 0.09374459, 0.10624439,
       0.13029028, 0.15393612, 0.17658322, 0.19306699, 0.19839283,
       0.21865997, 0.2332321 , 0.24719301, 0.26926783, 0.29913979,
       0.31557282, 0.35464543, 0.39138845, 0.44345828, 0.46979807,
       0.54355468, 0.57524871, 0.61527881, 0.67227468, 0.73416984,
       0.7737545 , 0.82493464, 0.87723462, 0.92346607, 0.95892692,
       0.98109336, 0.99769058, 1.        , 1.        , 1.        ,
       1.        ]), array([0.        , 0.        , 0.        , 0.        , 0.        ,
       0.        , 0.        , 0.        , 0.        , 0.        ,
       0.        , 0.        , 0.        , 0.        , 0.        ,
       0.        , 0.        , 0.        , 0.        , 0.        ,
       0.        , 0.        , 0.        , 0.        , 0.        ,
       0.        , 0.        , 0.        , 0.        , 0.        ,
       0.        , 0.        , 0.        , 0.        , 0.        ,
       0.        , 0.        , 0.        , 0.        , 0.        ,
       0.        , 0.        , 0.        , 0.        , 0.        ,
       0.        , 0.        , 0.        , 0.        , 0.        ,
       0.        , 0.        , 0.        , 0.        , 0.        ,
       0.        , 0.        , 0.        , 0.        , 0.        ,
       0.        , 0.        , 0.        , 0.        , 0.        ,
       0.        , 0.        , 0.        , 0.        , 0.        ,
       0.        , 0.        , 0.01290102, 0.01917038, 0.01917038,
       0.03665636, 0.04788011, 0.08518097, 0.0902973 , 0.12497311,
       0.16719282, 0.2074893 , 0.2501188 , 0.31435223, 0.35985043,
       0.42759184, 0.47723975, 0.54875964, 0.59987356, 0.663101  ,
       0.7189248 , 0.76699698, 0.82121971, 0.88526853, 0.94775524,
       0.9769407 , 0.99505977, 1.        , 1.        , 1.        ,
       1.        ]), array([0.        , 0.        , 0.        , 0.        , 0.        ,
       0.        , 0.        , 0.        , 0.        , 0.        ,
       0.        , 0.        , 0.        , 0.        , 0.        ,
       0.        , 0.        , 0.        , 0.        , 0.        ,
       0.        , 0.        , 0.        , 0.        , 0.        ,
       0.        , 0.        , 0.        , 0.        , 0.        ,
       0.        , 0.        , 0.        , 0.        , 0.        ,
       0.        , 0.        , 0.        , 0.        , 0.        ,
       0.        , 0.        , 0.        , 0.        , 0.        ,
       0.        , 0.        , 0.        , 0.        , 0.        ,
       0.        , 0.        , 0.        , 0.        , 0.        ,
       0.        , 0.        , 0.        , 0.        , 0.        ,
       0.        , 0.        , 0.        , 0.        , 0.        ,
       0.        , 0.00681699, 0.00681699, 0.00681699, 0.00681699,
       0.01875523, 0.01875523, 0.03569142, 0.04121825, 0.05685773,
       0.07682365, 0.14459211, 0.18613544, 0.23496141, 0.256395  ,
       0.31343207, 0.35564893, 0.41452219, 0.44219593, 0.47490898,
       0.53934992, 0.59350867, 0.65799905, 0.70007399, 0.73649634,
       0.77776991, 0.8362291 , 0.88846485, 0.93754851, 0.97494955,
       0.997128  , 1.        , 1.        , 1.        , 1.        ,
       1.        ]), array([0.        , 0.        , 0.        , 0.        , 0.        ,
       0.        , 0.        , 0.        , 0.        , 0.        ,
       0.        , 0.        , 0.        , 0.        , 0.        ,
       0.        , 0.        , 0.        , 0.        , 0.        ,
       0.        , 0.        , 0.        , 0.        , 0.        ,
       0.        , 0.        , 0.        , 0.        , 0.        ,
       0.        , 0.        , 0.        , 0.        , 0.        ,
       0.        , 0.        , 0.        , 0.        , 0.        ,
       0.        , 0.        , 0.        , 0.        , 0.        ,
       0.        , 0.        , 0.        , 0.        , 0.        ,
       0.        , 0.        , 0.        , 0.        , 0.        ,
       0.        , 0.        , 0.        , 0.        , 0.        ,
       0.00879155, 0.00879155, 0.00879155, 0.00879155, 0.00879155,
       0.00879155, 0.00879155, 0.00879155, 0.00879155, 0.00879155,
       0.00879155, 0.02797824, 0.04623118, 0.05797192, 0.07506235,
       0.10834518, 0.12420925, 0.14435529, 0.16857669, 0.20092665,
       0.23197057, 0.29082531, 0.342522  , 0.38771528, 0.44506428,
       0.47876276, 0.53498212, 0.59925821, 0.63437567, 0.68411033,
       0.74148274, 0.80089625, 0.85042623, 0.90934183, 0.94708784,
       0.97720021, 0.99304147, 1.        , 1.        , 1.        ,
       1.        ])]","[array([0.        , 0.        , 0.        , 0.        , 0.        ,
       0.        , 0.        , 0.        , 0.        , 0.        ,
       0.        , 0.        , 0.        , 0.        , 0.        ,
       0.        , 0.        , 0.        , 0.        , 0.        ,
       0.        , 0.        , 0.        , 0.        , 0.        ,
       0.        , 0.        , 0.        , 0.        , 0.        ,
       0.        , 0.        , 0.        , 0.        , 0.        ,
       0.        , 0.        , 0.        , 0.        , 0.        ,
       0.        , 0.        , 0.        , 0.        , 0.        ,
       0.        , 0.        , 0.        , 0.        , 0.        ,
       0.        , 0.        , 0.        , 0.        , 0.        ,
       0.        , 0.        , 0.        , 0.        , 0.00179315,
       0.00179315, 0.00179315, 0.00368461, 0.00368461, 0.00368461,
       0.00368461, 0.00567963, 0.00973709, 0.01179329, 0.01389504,
       0.01601352, 0.01815846, 0.02690536, 0.03354249, 0.04702186,
       0.06525481, 0.072168  , 0.08851352, 0.10034421, 0.11955614,
       0.14630983, 0.16599405, 0.19836232, 0.23366682, 0.28210541,
       0.31564982, 0.34695483, 0.39181874, 0.43722   , 0.48312183,
       0.55142649, 0.64266123, 0.70976226, 0.76907512, 0.85755275,
       0.92679296, 0.96471803, 1.        , 1.        , 1.        ,
       1.        ]), array([0.        , 0.        , 0.        , 0.        , 0.        ,
       0.        , 0.        , 0.        , 0.        , 0.        ,
       0.        , 0.        , 0.        , 0.        , 0.        ,
       0.        , 0.        , 0.        , 0.        , 0.        ,
       0.        , 0.        , 0.        , 0.        , 0.        ,
       0.        , 0.        , 0.        , 0.        , 0.        ,
       0.        , 0.        , 0.        , 0.        , 0.        ,
       0.        , 0.        , 0.        , 0.        , 0.        ,
       0.        , 0.        , 0.        , 0.        , 0.        ,
       0.        , 0.        , 0.00142599, 0.00142599, 0.00142599,
       0.00296119, 0.00449638, 0.00449638, 0.00449638, 0.00449638,
       0.00449638, 0.00449638, 0.00449638, 0.00624924, 0.00624924,
       0.00624924, 0.00624924, 0.00624924, 0.00815433, 0.00815433,
       0.01209938, 0.01614565, 0.01614565, 0.02236428, 0.02657426,
       0.03514154, 0.0437706 , 0.05255395, 0.05921893, 0.06146665,
       0.07061762, 0.07757788, 0.08463256, 0.09657468, 0.1134532 ,
       0.1231964 , 0.14786489, 0.17289322, 0.21090602, 0.23140052,
       0.29369695, 0.32257557, 0.36244811, 0.42426311, 0.49760291,
       0.5498258 , 0.6248207 , 0.71192419, 0.79996505, 0.87738806,
       0.93537187, 0.99114556, 1.        , 1.        , 1.        ,
       1.        ]), array([0.        , 0.        , 0.        , 0.        , 0.        ,
       0.        , 0.        , 0.        , 0.        , 0.        ,
       0.        , 0.        , 0.        , 0.        , 0.        ,
       0.        , 0.        , 0.        , 0.        , 0.        ,
       0.        , 0.        , 0.        , 0.        , 0.        ,
       0.        , 0.        , 0.        , 0.        , 0.        ,
       0.        , 0.        , 0.        , 0.        , 0.        ,
       0.        , 0.        , 0.        , 0.        , 0.        ,
       0.        , 0.        , 0.        , 0.        , 0.        ,
       0.        , 0.        , 0.        , 0.        , 0.        ,
       0.        , 0.        , 0.        , 0.        , 0.        ,
       0.        , 0.        , 0.        , 0.        , 0.        ,
       0.        , 0.        , 0.        , 0.        , 0.        ,
       0.        , 0.        , 0.        , 0.        , 0.        ,
       0.        , 0.        , 0.00432525, 0.00651162, 0.00651162,
       0.01324405, 0.01778917, 0.03395695, 0.03629447, 0.05280637,
       0.07434577, 0.09613729, 0.12063119, 0.16034234, 0.19047661,
       0.23875256, 0.2773675 , 0.33718098, 0.38462839, 0.44853714,
       0.5104082 , 0.57028721, 0.64740923, 0.7503171 , 0.86847082,
       0.93383387, 0.98259832, 1.        , 1.        , 1.        ,
       1.        ]), array([0.        , 0.        , 0.        , 0.        , 0.        ,
       0.        , 0.        , 0.        , 0.        , 0.        ,
       0.        , 0.        , 0.        , 0.        , 0.        ,
       0.        , 0.        , 0.        , 0.        , 0.        ,
       0.        , 0.        , 0.        , 0.        , 0.        ,
       0.        , 0.        , 0.        , 0.        , 0.        ,
       0.        , 0.        , 0.        , 0.        , 0.        ,
       0.        , 0.        , 0.        , 0.        , 0.        ,
       0.        , 0.        , 0.        , 0.        , 0.        ,
       0.        , 0.        , 0.        , 0.        , 0.        ,
       0.        , 0.        , 0.        , 0.        , 0.        ,
       0.        , 0.        , 0.        , 0.        , 0.        ,
       0.        , 0.        , 0.        , 0.        , 0.        ,
       0.        , 0.00201329, 0.00201329, 0.00201329, 0.00201329,
       0.00630347, 0.00630347, 0.01288972, 0.01510356, 0.02189139,
       0.03107967, 0.06356701, 0.08476607, 0.11097904, 0.12301219,
       0.15716776, 0.18440816, 0.22442432, 0.24470645, 0.27035124,
       0.32486697, 0.37483508, 0.43856217, 0.48426273, 0.52776898,
       0.58281316, 0.66898895, 0.7561322 , 0.84991148, 0.93321482,
       0.99122742, 1.        , 1.        , 1.        , 1.        ,
       1.        ]), array([0.        , 0.        , 0.        , 0.        , 0.        ,
       0.        , 0.        , 0.        , 0.        , 0.        ,
       0.        , 0.        , 0.        , 0.        , 0.        ,
       0.        , 0.        , 0.        , 0.        , 0.        ,
       0.        , 0.        , 0.        , 0.        , 0.        ,
       0.        , 0.        , 0.        , 0.        , 0.        ,
       0.        , 0.        , 0.        , 0.        , 0.        ,
       0.        , 0.        , 0.        , 0.        , 0.        ,
       0.        , 0.        , 0.        , 0.        , 0.        ,
       0.        , 0.        , 0.        , 0.        , 0.        ,
       0.        , 0.        , 0.        , 0.        , 0.        ,
       0.        , 0.        , 0.        , 0.        , 0.        ,
       0.00180005, 0.00180005, 0.00180005, 0.00180005, 0.00180005,
       0.00180005, 0.00180005, 0.00180005, 0.00180005, 0.00180005,
       0.00180005, 0.00820774, 0.01474632, 0.01916535, 0.02586688,
       0.03939581, 0.04626924, 0.05557483, 0.06734154, 0.0840336 ,
       0.10090873, 0.13511218, 0.16728661, 0.19734026, 0.23781952,
       0.26341966, 0.310122  , 0.36782448, 0.40232284, 0.45599888,
       0.52376617, 0.60337684, 0.67830815, 0.7792152 , 0.85579828,
       0.92738663, 0.97368406, 1.        , 1.        , 1.        ,
       1.        ])]","[{'lambda_reg': 0.1862455022749636, 'K_bin': 1, 'gamma': 0.03299263281612611}, {'lambda_reg': 0.24344778189849836, 'K_bin': 1, 'gamma': 0.03543264029634356}, {'lambda_reg': 0.10833638781816698, 'K_bin': 1, 'gamma': 0.007583182468315394}, {'lambda_reg': 0.10833638781816698, 'K_bin': 1, 'gamma': 0.007583182468315394}, {'lambda_reg': 0.1862455022749636, 'K_bin': 1, 'gamma': 0.03299263281612611}]",Joao_Pessoa,exponential,10
"[np.float64(0.07334248850190163), np.float64(0.044776947417787615), np.float64(0.06900022668646179), np.float64(0.03387997534787204), np.float64(0.06877421181478478)]",0.0579547699537615,0.0156786163983954,"[np.float64(0.8181457162694297), np.float64(0.6530455461684223), np.float64(0.6850735229056938), np.float64(0.738481964346301), np.float64(0.6550359742860884)]",0.709956544795187,0.0622782337465404,"[np.float64(0.8277829489134602), np.float64(0.8023617871690814), np.float64(0.8599097541801932), np.float64(0.6935751153686851), np.float64(0.5008213658456387)]",0.7368901942954118,0.1306036157675541,"[array([0.        , 0.12112523, 0.12112523, 0.12112523, 0.12112523,
       0.12112523, 0.12112523, 0.12112523, 0.12112523, 0.12112523,
       0.12112523, 0.12112523, 0.12112523, 0.12112523, 0.12112523,
       0.12112523, 0.12112523, 0.12112523, 0.12112523, 0.12112523,
       0.12112523, 0.12112523, 0.12112523, 0.12112523, 0.12112523,
       0.12112523, 0.12112523, 0.12112523, 0.12112523, 0.12112523,
       0.12112523, 0.12112523, 0.12112523, 0.12112523, 0.12112523,
       0.12112523, 0.12112523, 0.12112523, 0.12112523, 0.12112523,
       0.12112523, 0.12112523, 0.12112523, 0.12112523, 0.12112523,
       0.12112523, 0.12112523, 0.12112523, 0.12112523, 0.12112523,
       0.12112523, 0.12112523, 0.12112523, 0.12112523, 0.12112523,
       0.12112523, 0.12112523, 0.12112523, 0.12112523, 0.12112523,
       0.12112523, 0.12112523, 0.12112523, 0.12112523, 0.12112523,
       0.12112523, 0.16253278, 0.16253278, 0.16253278, 0.16253278,
       0.16253278, 0.19850523, 0.19850523, 0.23226179, 0.23226179,
       0.29356145, 0.29356145, 0.32185569, 0.32185569, 0.34814853,
       0.34814853, 0.34814853, 0.34814853, 0.38983596, 0.38983596,
       0.42805912, 0.44584794, 0.44584794, 0.50612506, 0.56128598,
       0.56128598, 0.58427209, 0.61584761, 0.69634931, 0.72857477,
       0.75417905, 0.80288233, 0.85181243, 0.91153975, 0.97508132,
       1.        ]), array([0.        , 0.        , 0.        , 0.        , 0.        ,
       0.        , 0.        , 0.        , 0.        , 0.        ,
       0.        , 0.        , 0.        , 0.        , 0.        ,
       0.        , 0.        , 0.        , 0.        , 0.        ,
       0.        , 0.        , 0.        , 0.        , 0.        ,
       0.        , 0.        , 0.        , 0.        , 0.        ,
       0.        , 0.        , 0.        , 0.        , 0.        ,
       0.        , 0.        , 0.        , 0.        , 0.        ,
       0.        , 0.        , 0.        , 0.        , 0.        ,
       0.        , 0.        , 0.        , 0.        , 0.        ,
       0.        , 0.        , 0.        , 0.        , 0.        ,
       0.        , 0.        , 0.        , 0.        , 0.        ,
       0.        , 0.        , 0.        , 0.        , 0.        ,
       0.06307418, 0.06307418, 0.06307418, 0.06307418, 0.11863171,
       0.11863171, 0.11863171, 0.11863171, 0.11863171, 0.11863171,
       0.11863171, 0.16230726, 0.16230726, 0.20124181, 0.20124181,
       0.27285266, 0.27285266, 0.27285266, 0.27285266, 0.27285266,
       0.30066376, 0.32680967, 0.35097516, 0.35097516, 0.39133005,
       0.39133005, 0.42441975, 0.43988442, 0.46723585, 0.5579886 ,
       0.63196539, 0.68787188, 0.77338153, 0.87846178, 0.95649433,
       1.        ]), array([0.        , 0.        , 0.        , 0.        , 0.        ,
       0.        , 0.        , 0.        , 0.        , 0.        ,
       0.        , 0.        , 0.        , 0.        , 0.        ,
       0.        , 0.        , 0.        , 0.        , 0.        ,
       0.        , 0.        , 0.        , 0.        , 0.        ,
       0.0920095 , 0.0920095 , 0.0920095 , 0.0920095 , 0.0920095 ,
       0.0920095 , 0.0920095 , 0.0920095 , 0.0920095 , 0.0920095 ,
       0.0920095 , 0.0920095 , 0.0920095 , 0.0920095 , 0.0920095 ,
       0.0920095 , 0.0920095 , 0.0920095 , 0.0920095 , 0.0920095 ,
       0.0920095 , 0.0920095 , 0.0920095 , 0.0920095 , 0.0920095 ,
       0.15409788, 0.15409788, 0.15409788, 0.15409788, 0.15409788,
       0.15409788, 0.15409788, 0.20659476, 0.20659476, 0.20659476,
       0.25552217, 0.25552217, 0.25552217, 0.25552217, 0.25552217,
       0.29845724, 0.29845724, 0.33893738, 0.33893738, 0.33893738,
       0.33893738, 0.33893738, 0.33893738, 0.37263892, 0.37263892,
       0.37263892, 0.37263892, 0.40178821, 0.40178821, 0.42741448,
       0.42741448, 0.42741448, 0.42741448, 0.44868863, 0.46845175,
       0.4868329 , 0.504215  , 0.55340783, 0.56842127, 0.58191927,
       0.62117476, 0.64419719, 0.66443537, 0.72005968, 0.74338834,
       0.78993232, 0.82181185, 0.87794259, 0.93058135, 0.97068225,
       1.        ]), array([0.        , 0.        , 0.        , 0.        , 0.        ,
       0.        , 0.        , 0.        , 0.        , 0.        ,
       0.        , 0.        , 0.        , 0.        , 0.        ,
       0.        , 0.        , 0.        , 0.        , 0.        ,
       0.        , 0.        , 0.        , 0.        , 0.        ,
       0.        , 0.        , 0.        , 0.        , 0.        ,
       0.        , 0.        , 0.        , 0.        , 0.        ,
       0.        , 0.        , 0.        , 0.        , 0.        ,
       0.        , 0.        , 0.        , 0.        , 0.        ,
       0.        , 0.        , 0.        , 0.        , 0.        ,
       0.        , 0.        , 0.        , 0.        , 0.        ,
       0.        , 0.        , 0.        , 0.        , 0.        ,
       0.        , 0.        , 0.        , 0.        , 0.        ,
       0.        , 0.        , 0.        , 0.        , 0.        ,
       0.        , 0.        , 0.        , 0.        , 0.        ,
       0.        , 0.        , 0.        , 0.03026235, 0.03026235,
       0.05737044, 0.05737044, 0.05737044, 0.05737044, 0.05737044,
       0.05737044, 0.05737044, 0.1287153 , 0.14550771, 0.17662961,
       0.26026093, 0.27294788, 0.35050099, 0.42162111, 0.51007991,
       0.63896324, 0.74658346, 0.87782398, 0.94948763, 0.99120386,
       1.        ]), array([0.        , 0.        , 0.        , 0.        , 0.        ,
       0.        , 0.        , 0.        , 0.        , 0.        ,
       0.        , 0.        , 0.        , 0.        , 0.        ,
       0.        , 0.        , 0.        , 0.        , 0.        ,
       0.        , 0.        , 0.        , 0.        , 0.        ,
       0.        , 0.        , 0.        , 0.        , 0.        ,
       0.        , 0.        , 0.        , 0.        , 0.        ,
       0.        , 0.        , 0.        , 0.        , 0.        ,
       0.        , 0.        , 0.        , 0.        , 0.        ,
       0.        , 0.        , 0.        , 0.        , 0.        ,
       0.        , 0.        , 0.        , 0.        , 0.        ,
       0.        , 0.        , 0.        , 0.        , 0.        ,
       0.        , 0.        , 0.        , 0.        , 0.        ,
       0.        , 0.        , 0.        , 0.        , 0.        ,
       0.        , 0.        , 0.        , 0.        , 0.        ,
       0.        , 0.        , 0.        , 0.        , 0.        ,
       0.        , 0.        , 0.        , 0.        , 0.        ,
       0.        , 0.        , 0.        , 0.        , 0.        ,
       0.        , 0.        , 0.        , 0.        , 0.        ,
       0.01447196, 1.        , 1.        , 1.        , 1.        ,
       1.        ])]","[array([0.00000000e+00, 2.31896699e-12, 2.31896699e-12, 2.31896699e-12,
       2.31896699e-12, 2.31896699e-12, 2.31896699e-12, 2.31896699e-12,
       2.31896699e-12, 2.31896699e-12, 2.31896699e-12, 2.31896699e-12,
       2.31896699e-12, 2.31896699e-12, 2.31896699e-12, 2.31896699e-12,
       2.31896699e-12, 2.31896699e-12, 2.31896699e-12, 2.31896699e-12,
       2.31896699e-12, 2.31896699e-12, 2.31896699e-12, 2.31896699e-12,
       2.31896699e-12, 2.31896699e-12, 2.31896699e-12, 2.31896699e-12,
       2.31896699e-12, 2.31896699e-12, 2.31896699e-12, 2.31896699e-12,
       2.31896699e-12, 2.31896699e-12, 2.31896699e-12, 2.31896699e-12,
       2.31896699e-12, 2.31896699e-12, 2.31896699e-12, 2.31896699e-12,
       2.31896699e-12, 2.31896699e-12, 2.31896699e-12, 2.31896699e-12,
       2.31896699e-12, 2.31896699e-12, 2.31896699e-12, 2.31896699e-12,
       2.31896699e-12, 2.31896699e-12, 2.31896699e-12, 2.31896699e-12,
       2.31896699e-12, 2.31896699e-12, 2.31896699e-12, 2.31896699e-12,
       2.31896699e-12, 2.31896699e-12, 2.31896699e-12, 2.31896699e-12,
       2.31896699e-12, 2.31896699e-12, 2.31896699e-12, 2.31896699e-12,
       2.31896699e-12, 2.31896699e-12, 4.48496913e-03, 4.48496913e-03,
       4.48496913e-03, 4.48496913e-03, 4.48496913e-03, 9.27572024e-03,
       9.27572024e-03, 1.41911394e-02, 1.41911394e-02, 2.43715499e-02,
       2.43715499e-02, 2.95942825e-02, 2.95942825e-02, 3.49296150e-02,
       3.49296150e-02, 3.49296150e-02, 3.49296150e-02, 4.62134222e-02,
       4.62134222e-02, 5.76921323e-02, 6.35059062e-02, 6.35059062e-02,
       8.73730156e-02, 1.11527966e-01, 1.11527966e-01, 1.23863922e-01,
       1.42531217e-01, 1.99333402e-01, 2.24778716e-01, 2.50596542e-01,
       3.09187728e-01, 3.88209907e-01, 5.21141306e-01, 7.56076886e-01,
       1.00000000e+00]), array([0.        , 0.        , 0.        , 0.        , 0.        ,
       0.        , 0.        , 0.        , 0.        , 0.        ,
       0.        , 0.        , 0.        , 0.        , 0.        ,
       0.        , 0.        , 0.        , 0.        , 0.        ,
       0.        , 0.        , 0.        , 0.        , 0.        ,
       0.        , 0.        , 0.        , 0.        , 0.        ,
       0.        , 0.        , 0.        , 0.        , 0.        ,
       0.        , 0.        , 0.        , 0.        , 0.        ,
       0.        , 0.        , 0.        , 0.        , 0.        ,
       0.        , 0.        , 0.        , 0.        , 0.        ,
       0.        , 0.        , 0.        , 0.        , 0.        ,
       0.        , 0.        , 0.        , 0.        , 0.        ,
       0.        , 0.        , 0.        , 0.        , 0.        ,
       0.00429317, 0.00429317, 0.00429317, 0.00429317, 0.00887287,
       0.00887287, 0.00887287, 0.00887287, 0.00887287, 0.00887287,
       0.00887287, 0.01390551, 0.01390551, 0.01911887, 0.01911887,
       0.02978417, 0.02978417, 0.02978417, 0.02978417, 0.02978417,
       0.03542156, 0.04112243, 0.04689879, 0.04689879, 0.05875556,
       0.05875556, 0.07088928, 0.07699732, 0.08934978, 0.13947067,
       0.19023107, 0.23498275, 0.3254888 , 0.4822243 , 0.69357123,
       1.        ]), array([0.        , 0.        , 0.        , 0.        , 0.        ,
       0.        , 0.        , 0.        , 0.        , 0.        ,
       0.        , 0.        , 0.        , 0.        , 0.        ,
       0.        , 0.        , 0.        , 0.        , 0.        ,
       0.        , 0.        , 0.        , 0.        , 0.        ,
       0.00167184, 0.00167184, 0.00167184, 0.00167184, 0.00167184,
       0.00167184, 0.00167184, 0.00167184, 0.00167184, 0.00167184,
       0.00167184, 0.00167184, 0.00167184, 0.00167184, 0.00167184,
       0.00167184, 0.00167184, 0.00167184, 0.00167184, 0.00167184,
       0.00167184, 0.00167184, 0.00167184, 0.00167184, 0.00167184,
       0.00501525, 0.00501525, 0.00501525, 0.00501525, 0.00501525,
       0.00501525, 0.00501525, 0.0088945 , 0.0088945 , 0.0088945 ,
       0.01297316, 0.01297316, 0.01297316, 0.01297316, 0.01297316,
       0.01738659, 0.01738659, 0.02193716, 0.02193716, 0.02193716,
       0.02193716, 0.02193716, 0.02193716, 0.02686643, 0.02686643,
       0.02686643, 0.02686643, 0.03205002, 0.03205002, 0.03743042,
       0.03743042, 0.03743042, 0.03743042, 0.04305396, 0.04876191,
       0.05454707, 0.06038804, 0.07807595, 0.08404925, 0.09010721,
       0.10835028, 0.12068818, 0.13318164, 0.17094636, 0.1900792 ,
       0.23516324, 0.27425449, 0.3596752 , 0.47253913, 0.62697575,
       1.        ]), array([0.        , 0.        , 0.        , 0.        , 0.        ,
       0.        , 0.        , 0.        , 0.        , 0.        ,
       0.        , 0.        , 0.        , 0.        , 0.        ,
       0.        , 0.        , 0.        , 0.        , 0.        ,
       0.        , 0.        , 0.        , 0.        , 0.        ,
       0.        , 0.        , 0.        , 0.        , 0.        ,
       0.        , 0.        , 0.        , 0.        , 0.        ,
       0.        , 0.        , 0.        , 0.        , 0.        ,
       0.        , 0.        , 0.        , 0.        , 0.        ,
       0.        , 0.        , 0.        , 0.        , 0.        ,
       0.        , 0.        , 0.        , 0.        , 0.        ,
       0.        , 0.        , 0.        , 0.        , 0.        ,
       0.        , 0.        , 0.        , 0.        , 0.        ,
       0.        , 0.        , 0.        , 0.        , 0.        ,
       0.        , 0.        , 0.        , 0.        , 0.        ,
       0.        , 0.        , 0.        , 0.00525012, 0.00525012,
       0.0106594 , 0.0106594 , 0.0106594 , 0.0106594 , 0.0106594 ,
       0.0106594 , 0.0106594 , 0.03416797, 0.04009778, 0.05208169,
       0.08852461, 0.09466159, 0.13818838, 0.18203978, 0.24534776,
       0.3608332 , 0.47739159, 0.66052972, 0.79923398, 0.94622655,
       1.        ]), array([0.        , 0.        , 0.        , 0.        , 0.        ,
       0.        , 0.        , 0.        , 0.        , 0.        ,
       0.        , 0.        , 0.        , 0.        , 0.        ,
       0.        , 0.        , 0.        , 0.        , 0.        ,
       0.        , 0.        , 0.        , 0.        , 0.        ,
       0.        , 0.        , 0.        , 0.        , 0.        ,
       0.        , 0.        , 0.        , 0.        , 0.        ,
       0.        , 0.        , 0.        , 0.        , 0.        ,
       0.        , 0.        , 0.        , 0.        , 0.        ,
       0.        , 0.        , 0.        , 0.        , 0.        ,
       0.        , 0.        , 0.        , 0.        , 0.        ,
       0.        , 0.        , 0.        , 0.        , 0.        ,
       0.        , 0.        , 0.        , 0.        , 0.        ,
       0.        , 0.        , 0.        , 0.        , 0.        ,
       0.        , 0.        , 0.        , 0.        , 0.        ,
       0.        , 0.        , 0.        , 0.        , 0.        ,
       0.        , 0.        , 0.        , 0.        , 0.        ,
       0.        , 0.        , 0.        , 0.        , 0.        ,
       0.        , 0.        , 0.        , 0.        , 0.        ,
       0.01282923, 1.        , 1.        , 1.        , 1.        ,
       1.        ])]","[{'lambda_reg': 6.025215736203858e-05, 'K_bin': 1}, {'lambda_reg': 3.9603591865602075e-05, 'K_bin': 1}, {'lambda_reg': 0.10256503696905549, 'K_bin': 1}, {'lambda_reg': 0.566984951147885, 'K_bin': 1}, {'lambda_reg': 0.0056753893246997, 'K_bin': 1}]",Campina_Grande,linear,0
"[np.float64(0.1300527340010043), np.float64(0.09347660977424217), np.float64(0.10688610547945354), np.float64(0.12457592606307698), np.float64(0.09334455006357978)]",0.1096671850762713,0.015324090242924,"[np.float64(0.6629365823510799), np.float64(0.713189152223068), np.float64(0.7045771444274577), np.float64(0.6939617752290751), np.float64(0.6911520090118481)]",0.6931633326485057,0.0170273187309513,"[np.float64(0.7283174158309902), np.float64(0.7455744082520498), np.float64(0.6968181022632483), np.float64(0.7048667257604555), np.float64(0.7337762690185257)]",0.7218705842250538,0.0182314908704158,"[array([0.        , 0.        , 0.        , 0.        , 0.        ,
       0.        , 0.        , 0.        , 0.        , 0.        ,
       0.        , 0.        , 0.        , 0.        , 0.        ,
       0.        , 0.        , 0.        , 0.        , 0.        ,
       0.        , 0.        , 0.        , 0.        , 0.        ,
       0.        , 0.        , 0.        , 0.        , 0.        ,
       0.        , 0.        , 0.        , 0.        , 0.        ,
       0.        , 0.        , 0.        , 0.        , 0.00653024,
       0.00653024, 0.00653024, 0.01267723, 0.01874439, 0.01874439,
       0.02460722, 0.030424  , 0.030424  , 0.047084  , 0.047084  ,
       0.05246544, 0.0681743 , 0.0732913 , 0.07826946, 0.08321774,
       0.10728555, 0.11195851, 0.12581558, 0.13484236, 0.13928727,
       0.14786284, 0.14786284, 0.14786284, 0.15581653, 0.16352038,
       0.17848637, 0.20396729, 0.21461812, 0.22155834, 0.22155834,
       0.23764307, 0.24384555, 0.26212332, 0.2825383 , 0.29650677,
       0.32352248, 0.34174705, 0.35427667, 0.39222907, 0.41741042,
       0.45235793, 0.47284169, 0.49636004, 0.55373042, 0.5782891 ,
       0.61109816, 0.63271225, 0.67523883, 0.70841749, 0.75483557,
       0.79604711, 0.83223757, 0.86391906, 0.9043385 , 0.93734937,
       0.96201124, 0.97891406, 0.98878109, 0.99770634, 0.99957543,
       1.        ]), array([0.        , 0.        , 0.        , 0.        , 0.        ,
       0.        , 0.        , 0.        , 0.        , 0.        ,
       0.        , 0.        , 0.        , 0.        , 0.        ,
       0.        , 0.        , 0.        , 0.        , 0.        ,
       0.        , 0.        , 0.        , 0.        , 0.        ,
       0.        , 0.        , 0.        , 0.        , 0.        ,
       0.        , 0.        , 0.        , 0.00664748, 0.00664748,
       0.00664748, 0.00664748, 0.00664748, 0.01283172, 0.02495408,
       0.02495408, 0.02495408, 0.02495408, 0.03057215, 0.05284371,
       0.05832633, 0.0744223 , 0.0744223 , 0.0744223 , 0.08968484,
       0.0995738 , 0.11422244, 0.11903395, 0.11903395, 0.12364046,
       0.12815475, 0.13694977, 0.14551821, 0.15807996, 0.17849803,
       0.19448881, 0.2021905 , 0.20971612, 0.23552522, 0.24272448,
       0.25312877, 0.25995354, 0.2731637 , 0.27948577, 0.30412637,
       0.32511801, 0.34247492, 0.35370246, 0.36719099, 0.38296237,
       0.40065949, 0.43199317, 0.46681009, 0.48440298, 0.49917377,
       0.51922156, 0.53074197, 0.55237047, 0.58002306, 0.61253307,
       0.65845979, 0.69552764, 0.7274536 , 0.75467748, 0.78411727,
       0.82046201, 0.84069575, 0.87537035, 0.90618897, 0.93438896,
       0.95784407, 0.97769765, 0.99245124, 0.9980701 , 0.99982653,
       1.        ]), array([0.        , 0.        , 0.        , 0.        , 0.        ,
       0.        , 0.        , 0.        , 0.        , 0.        ,
       0.        , 0.        , 0.        , 0.        , 0.        ,
       0.        , 0.        , 0.        , 0.        , 0.        ,
       0.        , 0.        , 0.        , 0.        , 0.        ,
       0.        , 0.        , 0.        , 0.        , 0.        ,
       0.        , 0.        , 0.        , 0.        , 0.        ,
       0.        , 0.        , 0.        , 0.        , 0.        ,
       0.        , 0.        , 0.        , 0.        , 0.        ,
       0.        , 0.00560396, 0.00560396, 0.00560396, 0.00560396,
       0.01085335, 0.02110311, 0.02110311, 0.02110311, 0.02110311,
       0.02585469, 0.0304704 , 0.03492317, 0.03935656, 0.03935656,
       0.05202828, 0.06824266, 0.08005416, 0.08005416, 0.09514658,
       0.1135203 , 0.13147305, 0.13841746, 0.14513139, 0.16779996,
       0.18668489, 0.19882979, 0.2193717 , 0.24200078, 0.26125399,
       0.30342391, 0.31881172, 0.35031012, 0.36182506, 0.38826903,
       0.42447507, 0.45058837, 0.47753018, 0.50839597, 0.54418956,
       0.58888947, 0.62632342, 0.67210485, 0.70154715, 0.74881269,
       0.79643136, 0.83770811, 0.88150729, 0.92394461, 0.95335347,
       0.97094229, 0.98957488, 0.99870253, 1.        , 1.        ,
       1.        ]), array([0.        , 0.        , 0.        , 0.        , 0.        ,
       0.        , 0.        , 0.        , 0.        , 0.        ,
       0.        , 0.        , 0.        , 0.        , 0.        ,
       0.        , 0.        , 0.        , 0.        , 0.        ,
       0.        , 0.        , 0.        , 0.        , 0.        ,
       0.        , 0.        , 0.        , 0.        , 0.        ,
       0.        , 0.        , 0.        , 0.        , 0.        ,
       0.        , 0.        , 0.        , 0.        , 0.        ,
       0.        , 0.        , 0.        , 0.        , 0.        ,
       0.        , 0.        , 0.        , 0.        , 0.        ,
       0.        , 0.        , 0.00532638, 0.01574491, 0.02588936,
       0.03579052, 0.03579052, 0.03579052, 0.04041695, 0.04497643,
       0.0581817 , 0.06247669, 0.07094975, 0.07510237, 0.08718257,
       0.09884685, 0.1140162 , 0.14332056, 0.16115361, 0.18194657,
       0.1853017 , 0.21124833, 0.22373222, 0.25387812, 0.26845421,
       0.28802907, 0.31502226, 0.34602436, 0.37062558, 0.39884241,
       0.42130242, 0.45981934, 0.48413785, 0.50121397, 0.54091748,
       0.5730977 , 0.60145735, 0.63090702, 0.67181918, 0.70335889,
       0.73982399, 0.78884344, 0.83832106, 0.88332252, 0.93070472,
       0.96967613, 0.98813158, 0.99890066, 1.        , 1.        ,
       1.        ]), array([0.        , 0.        , 0.        , 0.        , 0.        ,
       0.        , 0.        , 0.        , 0.        , 0.        ,
       0.        , 0.        , 0.        , 0.        , 0.        ,
       0.        , 0.        , 0.        , 0.        , 0.        ,
       0.        , 0.        , 0.        , 0.        , 0.        ,
       0.        , 0.        , 0.        , 0.        , 0.        ,
       0.        , 0.        , 0.        , 0.        , 0.        ,
       0.        , 0.        , 0.        , 0.        , 0.        ,
       0.        , 0.        , 0.        , 0.00600936, 0.01198477,
       0.01198477, 0.01198477, 0.01198477, 0.01198477, 0.03904529,
       0.0443574 , 0.04960269, 0.04960269, 0.05462224, 0.05462224,
       0.06415947, 0.07347133, 0.08259753, 0.104903  , 0.1135969 ,
       0.13050778, 0.14296324, 0.14701682, 0.15488725, 0.18175332,
       0.18915761, 0.21085246, 0.22133242, 0.22819101, 0.26452656,
       0.2741115 , 0.30195424, 0.31702086, 0.34015794, 0.35964617,
       0.36766568, 0.40106603, 0.42087602, 0.43732337, 0.46446082,
       0.49230809, 0.50849357, 0.52581101, 0.56256006, 0.59211272,
       0.61957121, 0.65313954, 0.6840273 , 0.71299383, 0.74931751,
       0.77817011, 0.81700507, 0.85592496, 0.89131695, 0.92878805,
       0.95908756, 0.98036666, 0.99187866, 0.99796341, 1.        ,
       1.        ])]","[array([0.00000000e+00, 0.00000000e+00, 0.00000000e+00, 0.00000000e+00,
       0.00000000e+00, 0.00000000e+00, 0.00000000e+00, 0.00000000e+00,
       0.00000000e+00, 0.00000000e+00, 0.00000000e+00, 0.00000000e+00,
       0.00000000e+00, 0.00000000e+00, 0.00000000e+00, 0.00000000e+00,
       0.00000000e+00, 0.00000000e+00, 0.00000000e+00, 0.00000000e+00,
       0.00000000e+00, 0.00000000e+00, 0.00000000e+00, 0.00000000e+00,
       0.00000000e+00, 0.00000000e+00, 0.00000000e+00, 0.00000000e+00,
       0.00000000e+00, 0.00000000e+00, 0.00000000e+00, 0.00000000e+00,
       0.00000000e+00, 0.00000000e+00, 0.00000000e+00, 0.00000000e+00,
       0.00000000e+00, 0.00000000e+00, 0.00000000e+00, 6.40388968e-04,
       6.40388968e-04, 6.40388968e-04, 1.34124221e-03, 2.05469101e-03,
       2.05469101e-03, 2.80037710e-03, 3.55332926e-03, 3.55332926e-03,
       5.93687345e-03, 5.93687345e-03, 6.75850893e-03, 9.29211494e-03,
       1.01554710e-02, 1.10407302e-02, 1.19307047e-02, 1.64868481e-02,
       1.74202602e-02, 2.02460229e-02, 2.21631968e-02, 2.31325865e-02,
       2.51209480e-02, 2.51209480e-02, 2.51209480e-02, 2.72074222e-02,
       2.93333156e-02, 3.36547878e-02, 4.13293125e-02, 4.46609230e-02,
       4.69072920e-02, 4.69072920e-02, 5.27229244e-02, 5.50856876e-02,
       6.22259890e-02, 7.06997663e-02, 7.68492798e-02, 8.92936519e-02,
       9.81130092e-02, 1.04489531e-01, 1.25232403e-01, 1.39636845e-01,
       1.60853799e-01, 1.74328715e-01, 1.90666192e-01, 2.33405447e-01,
       2.52920116e-01, 2.81157108e-01, 3.01136347e-01, 3.44546841e-01,
       3.81078837e-01, 4.37240679e-01, 4.92553292e-01, 5.46987417e-01,
       6.00462257e-01, 6.79289129e-01, 7.54272859e-01, 8.20549829e-01,
       8.76356296e-01, 9.18236830e-01, 9.73631254e-01, 9.91713666e-01,
       1.00000000e+00]), array([0.00000000e+00, 0.00000000e+00, 0.00000000e+00, 0.00000000e+00,
       0.00000000e+00, 0.00000000e+00, 0.00000000e+00, 0.00000000e+00,
       0.00000000e+00, 0.00000000e+00, 0.00000000e+00, 0.00000000e+00,
       0.00000000e+00, 0.00000000e+00, 0.00000000e+00, 0.00000000e+00,
       0.00000000e+00, 0.00000000e+00, 0.00000000e+00, 0.00000000e+00,
       0.00000000e+00, 0.00000000e+00, 0.00000000e+00, 0.00000000e+00,
       0.00000000e+00, 0.00000000e+00, 0.00000000e+00, 0.00000000e+00,
       0.00000000e+00, 0.00000000e+00, 0.00000000e+00, 0.00000000e+00,
       0.00000000e+00, 5.49471309e-04, 5.49471309e-04, 5.49471309e-04,
       5.49471309e-04, 5.49471309e-04, 1.17847348e-03, 2.47873379e-03,
       2.47873379e-03, 2.47873379e-03, 2.47873379e-03, 3.20493872e-03,
       6.14422094e-03, 6.89368026e-03, 9.20247579e-03, 9.20247579e-03,
       9.20247579e-03, 1.16543566e-02, 1.33380579e-02, 1.58953373e-02,
       1.67600156e-02, 1.67600156e-02, 1.76598915e-02, 1.85755987e-02,
       2.04471129e-02, 2.23575266e-02, 2.52730931e-02, 3.02213345e-02,
       3.42389314e-02, 3.62981532e-02, 3.83876045e-02, 4.57917730e-02,
       4.79372544e-02, 5.12232234e-02, 5.34330008e-02, 5.79279876e-02,
       6.02240701e-02, 6.95195955e-02, 7.77508490e-02, 8.49153867e-02,
       8.97507601e-02, 9.58886980e-02, 1.03325448e-01, 1.12122322e-01,
       1.28722461e-01, 1.48106067e-01, 1.58611578e-01, 1.67910858e-01,
       1.81376384e-01, 1.89542963e-01, 2.06118592e-01, 2.28422947e-01,
       2.56656330e-01, 2.99493695e-01, 3.37089023e-01, 3.72185650e-01,
       4.04708067e-01, 4.43613018e-01, 4.96549179e-01, 5.30271698e-01,
       5.93639055e-01, 6.59359168e-01, 7.28910348e-01, 7.97585407e-01,
       8.70260281e-01, 9.40429261e-01, 9.76660933e-01, 9.96648295e-01,
       1.00000000e+00]), array([0.00000000e+00, 0.00000000e+00, 0.00000000e+00, 0.00000000e+00,
       0.00000000e+00, 0.00000000e+00, 0.00000000e+00, 0.00000000e+00,
       0.00000000e+00, 0.00000000e+00, 0.00000000e+00, 0.00000000e+00,
       0.00000000e+00, 0.00000000e+00, 0.00000000e+00, 0.00000000e+00,
       0.00000000e+00, 0.00000000e+00, 0.00000000e+00, 0.00000000e+00,
       0.00000000e+00, 0.00000000e+00, 0.00000000e+00, 0.00000000e+00,
       0.00000000e+00, 0.00000000e+00, 0.00000000e+00, 0.00000000e+00,
       0.00000000e+00, 0.00000000e+00, 0.00000000e+00, 0.00000000e+00,
       0.00000000e+00, 0.00000000e+00, 0.00000000e+00, 0.00000000e+00,
       0.00000000e+00, 0.00000000e+00, 0.00000000e+00, 0.00000000e+00,
       0.00000000e+00, 0.00000000e+00, 0.00000000e+00, 0.00000000e+00,
       0.00000000e+00, 0.00000000e+00, 7.67789426e-04, 7.67789426e-04,
       7.67789426e-04, 7.67789426e-04, 1.59311604e-03, 3.28418021e-03,
       3.28418021e-03, 3.28418021e-03, 3.28418021e-03, 4.19028755e-03,
       5.11844376e-03, 6.07304106e-03, 7.03078209e-03, 7.03078209e-03,
       1.00059880e-02, 1.40834770e-02, 1.71982741e-02, 1.71982741e-02,
       2.14578257e-02, 2.68620746e-02, 3.23346336e-02, 3.45620673e-02,
       3.68269002e-02, 4.48885333e-02, 5.18869870e-02, 5.66248435e-02,
       6.50315760e-02, 7.47767782e-02, 8.33926320e-02, 1.03384177e-01,
       1.10950118e-01, 1.27641879e-01, 1.34159123e-01, 1.49993918e-01,
       1.72630401e-01, 1.90196018e-01, 2.09304351e-01, 2.32807413e-01,
       2.62219474e-01, 3.01926409e-01, 3.37780930e-01, 3.85698174e-01,
       4.19495201e-01, 4.78911746e-01, 5.44979636e-01, 6.08722323e-01,
       6.85472983e-01, 7.69153284e-01, 8.38176136e-01, 8.87313959e-01,
       9.51376862e-01, 9.91824736e-01, 1.00000000e+00, 1.00000000e+00,
       1.00000000e+00]), array([0.00000000e+00, 0.00000000e+00, 0.00000000e+00, 0.00000000e+00,
       0.00000000e+00, 0.00000000e+00, 0.00000000e+00, 0.00000000e+00,
       0.00000000e+00, 0.00000000e+00, 0.00000000e+00, 0.00000000e+00,
       0.00000000e+00, 0.00000000e+00, 0.00000000e+00, 0.00000000e+00,
       0.00000000e+00, 0.00000000e+00, 0.00000000e+00, 0.00000000e+00,
       0.00000000e+00, 0.00000000e+00, 0.00000000e+00, 0.00000000e+00,
       0.00000000e+00, 0.00000000e+00, 0.00000000e+00, 0.00000000e+00,
       0.00000000e+00, 0.00000000e+00, 0.00000000e+00, 0.00000000e+00,
       0.00000000e+00, 0.00000000e+00, 0.00000000e+00, 0.00000000e+00,
       0.00000000e+00, 0.00000000e+00, 0.00000000e+00, 0.00000000e+00,
       0.00000000e+00, 0.00000000e+00, 0.00000000e+00, 0.00000000e+00,
       0.00000000e+00, 0.00000000e+00, 0.00000000e+00, 0.00000000e+00,
       0.00000000e+00, 0.00000000e+00, 0.00000000e+00, 0.00000000e+00,
       8.53622388e-04, 2.59641769e-03, 4.38080881e-03, 6.20212323e-03,
       6.20212323e-03, 6.20212323e-03, 7.16197801e-03, 8.13199178e-03,
       1.11138501e-02, 1.21240061e-02, 1.41620633e-02, 1.51938273e-02,
       1.83464359e-02, 2.15621689e-02, 2.59079428e-02, 3.47564739e-02,
       4.03599854e-02, 4.71762781e-02, 4.83290764e-02, 5.76872076e-02,
       6.24405540e-02, 7.44853751e-02, 8.05831939e-02, 8.92463612e-02,
       1.01769667e-01, 1.17008554e-01, 1.29894889e-01, 1.45556495e-01,
       1.58767800e-01, 1.82838196e-01, 1.99091448e-01, 2.11457859e-01,
       2.41996188e-01, 2.68690307e-01, 2.94302268e-01, 3.23072807e-01,
       3.66723741e-01, 4.03487102e-01, 4.51136973e-01, 5.21811555e-01,
       6.02388631e-01, 6.86969064e-01, 7.91132233e-01, 8.91585889e-01,
       9.50279105e-01, 9.93518825e-01, 1.00000000e+00, 1.00000000e+00,
       1.00000000e+00]), array([0.00000000e+00, 0.00000000e+00, 0.00000000e+00, 0.00000000e+00,
       0.00000000e+00, 0.00000000e+00, 0.00000000e+00, 0.00000000e+00,
       0.00000000e+00, 0.00000000e+00, 0.00000000e+00, 0.00000000e+00,
       0.00000000e+00, 0.00000000e+00, 0.00000000e+00, 0.00000000e+00,
       0.00000000e+00, 0.00000000e+00, 0.00000000e+00, 0.00000000e+00,
       0.00000000e+00, 0.00000000e+00, 0.00000000e+00, 0.00000000e+00,
       0.00000000e+00, 0.00000000e+00, 0.00000000e+00, 0.00000000e+00,
       0.00000000e+00, 0.00000000e+00, 0.00000000e+00, 0.00000000e+00,
       0.00000000e+00, 0.00000000e+00, 0.00000000e+00, 0.00000000e+00,
       0.00000000e+00, 0.00000000e+00, 0.00000000e+00, 0.00000000e+00,
       0.00000000e+00, 0.00000000e+00, 0.00000000e+00, 7.14711533e-04,
       1.43483668e-03, 1.43483668e-03, 1.43483668e-03, 1.43483668e-03,
       1.43483668e-03, 5.48467526e-03, 6.31059116e-03, 7.14716431e-03,
       7.14716431e-03, 8.01974116e-03, 8.01974116e-03, 9.84493719e-03,
       1.17060773e-02, 1.35968283e-02, 1.84050517e-02, 2.03647514e-02,
       2.43602146e-02, 2.73931263e-02, 2.84197654e-02, 3.05108003e-02,
       3.79379452e-02, 4.01033248e-02, 4.66820829e-02, 5.00300681e-02,
       5.22824819e-02, 6.48919199e-02, 6.83826527e-02, 7.90003207e-02,
       8.49630704e-02, 9.46580993e-02, 1.03261939e-01, 1.07002342e-01,
       1.23426211e-01, 1.33651877e-01, 1.42740707e-01, 1.58490301e-01,
       1.75799830e-01, 1.86603573e-01, 1.98899924e-01, 2.26501730e-01,
       2.50231852e-01, 2.74295974e-01, 3.05751367e-01, 3.37634285e-01,
       3.69823620e-01, 4.14224732e-01, 4.53124822e-01, 5.12183726e-01,
       5.79594814e-01, 6.49241716e-01, 7.35288483e-01, 8.19132756e-01,
       8.91030527e-01, 9.41062008e-01, 9.78573914e-01, 1.00000000e+00,
       1.00000000e+00])]","[{'lambda_reg': 0.1452824663751603, 'K_bin': 1, 'gamma': 0.0070689749506246055}, {'lambda_reg': 0.1452824663751603, 'K_bin': 1, 'gamma': 0.0070689749506246055}, {'lambda_reg': 0.8192602279031006, 'K_bin': 1, 'gamma': 0.023739423955292542}, {'lambda_reg': 0.8192602279031006, 'K_bin': 1, 'gamma': 0.023739423955292542}, {'lambda_reg': 0.1452824663751603, 'K_bin': 1, 'gamma': 0.0070689749506246055}]",Outros,laplacian,16
"[np.float64(0.1305476818257228), np.float64(0.09899131329714192), np.float64(0.10994342545898415), np.float64(0.12703412981203852), np.float64(0.25433262451513805)]",0.144169834981805,0.0562629213185269,"[np.float64(0.6739579555014084), np.float64(0.6493659022870564), np.float64(0.665365927742068), np.float64(0.6563709269719196), np.float64(0.0)]",0.5290121425004906,0.2646358924431699,"[np.float64(0.7234981891417442), np.float64(0.727852974743735), np.float64(0.7118206363137398), np.float64(0.70482949900269), np.float64(0.5)]",0.6736002598403819,0.087185174423199,"[array([0.        , 0.        , 0.        , 0.        , 0.        ,
       0.        , 0.        , 0.        , 0.        , 0.        ,
       0.        , 0.        , 0.        , 0.        , 0.        ,
       0.        , 0.        , 0.        , 0.        , 0.        ,
       0.        , 0.        , 0.        , 0.        , 0.        ,
       0.        , 0.        , 0.        , 0.        , 0.        ,
       0.        , 0.        , 0.        , 0.        , 0.        ,
       0.        , 0.        , 0.        , 0.        , 0.        ,
       0.        , 0.        , 0.        , 0.        , 0.        ,
       0.        , 0.        , 0.        , 0.        , 0.01116465,
       0.01116465, 0.02726044, 0.02726044, 0.03234846, 0.0424068 ,
       0.04736487, 0.05213207, 0.06624643, 0.0800966 , 0.08460266,
       0.09770193, 0.10629313, 0.11874237, 0.13502997, 0.15485343,
       0.17025524, 0.1776997 , 0.18861725, 0.18861725, 0.20567111,
       0.21881377, 0.23799004, 0.24722143, 0.26803163, 0.28521213,
       0.30164023, 0.31751554, 0.34314639, 0.37991925, 0.41231548,
       0.44558206, 0.45412172, 0.48802236, 0.53173541, 0.57286113,
       0.60320473, 0.64221939, 0.67987971, 0.72020777, 0.75122857,
       0.79089497, 0.83192336, 0.86972405, 0.90450774, 0.92836508,
       0.95486467, 0.97473142, 0.9902526 , 0.99715158, 0.99990572,
       1.        ]), array([0.01009428, 0.01009428, 0.01009428, 0.01009428, 0.01009428,
       0.01009428, 0.01009428, 0.01009428, 0.01009428, 0.01009428,
       0.01009428, 0.01009428, 0.01009428, 0.01009428, 0.01009428,
       0.01009428, 0.01009428, 0.01009428, 0.01009428, 0.01009428,
       0.01009428, 0.01009428, 0.01009428, 0.01009428, 0.01009428,
       0.01009428, 0.01009428, 0.01009428, 0.01009428, 0.01009428,
       0.01009428, 0.01009428, 0.01009428, 0.01009428, 0.01009428,
       0.01009428, 0.01009428, 0.01009428, 0.01009428, 0.01009428,
       0.01009428, 0.01009428, 0.01009428, 0.01009428, 0.01009428,
       0.01009428, 0.01009428, 0.01009428, 0.01009428, 0.02049347,
       0.03580919, 0.03580919, 0.03580919, 0.04057721, 0.04523385,
       0.05902423, 0.08137758, 0.09885772, 0.10316232, 0.11564135,
       0.12787724, 0.1397968 , 0.14748064, 0.15876073, 0.1660801 ,
       0.17326736, 0.18708325, 0.19384361, 0.21364641, 0.22951871,
       0.25106175, 0.26882711, 0.28602285, 0.30539878, 0.32948862,
       0.35260635, 0.38990633, 0.40887287, 0.43847279, 0.47303717,
       0.48737615, 0.51105453, 0.53892188, 0.56860687, 0.60841454,
       0.63637346, 0.6917676 , 0.72186162, 0.75827852, 0.78979008,
       0.81855306, 0.84831581, 0.88008258, 0.90801953, 0.93310417,
       0.96135852, 0.98034646, 0.99253113, 0.99760615, 0.99998156,
       1.        ]), array([0.        , 0.        , 0.        , 0.        , 0.        ,
       0.        , 0.        , 0.        , 0.        , 0.        ,
       0.        , 0.        , 0.        , 0.        , 0.        ,
       0.        , 0.        , 0.        , 0.        , 0.        ,
       0.        , 0.        , 0.        , 0.        , 0.        ,
       0.        , 0.        , 0.        , 0.        , 0.        ,
       0.        , 0.        , 0.        , 0.        , 0.        ,
       0.        , 0.        , 0.        , 0.        , 0.        ,
       0.        , 0.        , 0.        , 0.        , 0.        ,
       0.        , 0.        , 0.        , 0.        , 0.        ,
       0.        , 0.0051514 , 0.01017704, 0.01017704, 0.01017704,
       0.01484917, 0.01944821, 0.02388274, 0.02823628, 0.036818  ,
       0.05344892, 0.07385969, 0.09763837, 0.10543327, 0.12425228,
       0.14993617, 0.17850928, 0.2027646 , 0.21617076, 0.21937334,
       0.23511166, 0.256358  , 0.27392552, 0.29380875, 0.30750952,
       0.32872172, 0.34382995, 0.37285797, 0.4074856 , 0.43391116,
       0.46561238, 0.4937838 , 0.50892712, 0.53942917, 0.58350391,
       0.60901457, 0.64784965, 0.68544549, 0.71885137, 0.75059224,
       0.79636612, 0.83276273, 0.86503317, 0.89936662, 0.9370397 ,
       0.96375715, 0.98589065, 0.99679108, 0.99979829, 1.        ,
       1.        ]), array([0.        , 0.        , 0.        , 0.        , 0.        ,
       0.        , 0.        , 0.        , 0.        , 0.        ,
       0.        , 0.        , 0.        , 0.        , 0.        ,
       0.        , 0.        , 0.        , 0.        , 0.        ,
       0.        , 0.        , 0.        , 0.        , 0.        ,
       0.        , 0.        , 0.        , 0.        , 0.        ,
       0.        , 0.        , 0.        , 0.        , 0.        ,
       0.        , 0.        , 0.        , 0.        , 0.        ,
       0.        , 0.        , 0.        , 0.        , 0.        ,
       0.        , 0.        , 0.        , 0.        , 0.        ,
       0.        , 0.        , 0.        , 0.        , 0.        ,
       0.        , 0.        , 0.00480831, 0.00480831, 0.00480831,
       0.00480831, 0.00912633, 0.01330217, 0.02157746, 0.04558148,
       0.05716305, 0.07976135, 0.09449817, 0.1158769 , 0.15052069,
       0.17038507, 0.21567535, 0.24073291, 0.26796677, 0.28535541,
       0.31046648, 0.33210174, 0.36540679, 0.39013902, 0.41129   ,
       0.43606115, 0.459547  , 0.47978883, 0.50851657, 0.54464877,
       0.58714066, 0.60617652, 0.63871405, 0.67712322, 0.71752015,
       0.76262406, 0.80599185, 0.8459818 , 0.89468169, 0.93476815,
       0.9625857 , 0.98452629, 0.99494924, 0.99964678, 0.99994964,
       1.        ]), array([0., 0., 0., 0., 0., 0., 0., 0., 0., 0., 0., 0., 0., 0., 0., 0., 0.,
       0., 0., 0., 0., 0., 0., 0., 0., 0., 0., 0., 0., 0., 0., 0., 0., 0.,
       0., 0., 0., 0., 0., 0., 0., 0., 0., 0., 0., 0., 0., 0., 0., 0., 1.,
       1., 1., 1., 1., 1., 1., 1., 1., 1., 1., 1., 1., 1., 1., 1., 1., 1.,
       1., 1., 1., 1., 1., 1., 1., 1., 1., 1., 1., 1., 1., 1., 1., 1., 1.,
       1., 1., 1., 1., 1., 1., 1., 1., 1., 1., 1., 1., 1., 1., 1., 1.])]","[array([0.        , 0.        , 0.        , 0.        , 0.        ,
       0.        , 0.        , 0.        , 0.        , 0.        ,
       0.        , 0.        , 0.        , 0.        , 0.        ,
       0.        , 0.        , 0.        , 0.        , 0.        ,
       0.        , 0.        , 0.        , 0.        , 0.        ,
       0.        , 0.        , 0.        , 0.        , 0.        ,
       0.        , 0.        , 0.        , 0.        , 0.        ,
       0.        , 0.        , 0.        , 0.        , 0.        ,
       0.        , 0.        , 0.        , 0.        , 0.        ,
       0.        , 0.        , 0.        , 0.        , 0.00161219,
       0.00161219, 0.00413068, 0.00413068, 0.00501283, 0.00679525,
       0.0076974 , 0.00862892, 0.01145228, 0.01431629, 0.01528799,
       0.01826754, 0.0202757 , 0.02335527, 0.02750928, 0.03278426,
       0.03707456, 0.03925917, 0.04257441, 0.04257441, 0.04827555,
       0.05291345, 0.05995305, 0.06352774, 0.07198096, 0.07932764,
       0.08679009, 0.0943376 , 0.10704417, 0.12636152, 0.14468726,
       0.16454411, 0.16989026, 0.19297961, 0.22454935, 0.25651719,
       0.28181888, 0.31744161, 0.35493775, 0.39868355, 0.43553626,
       0.48770902, 0.54799737, 0.61044739, 0.67669169, 0.72963191,
       0.80048092, 0.86402535, 0.92990345, 0.97046771, 0.99834948,
       1.        ]), array([0.        , 0.        , 0.        , 0.        , 0.        ,
       0.        , 0.        , 0.        , 0.        , 0.        ,
       0.        , 0.        , 0.        , 0.        , 0.        ,
       0.        , 0.        , 0.        , 0.        , 0.        ,
       0.        , 0.        , 0.        , 0.        , 0.        ,
       0.        , 0.        , 0.        , 0.        , 0.        ,
       0.        , 0.        , 0.        , 0.        , 0.        ,
       0.        , 0.        , 0.        , 0.        , 0.        ,
       0.        , 0.        , 0.        , 0.        , 0.        ,
       0.        , 0.        , 0.        , 0.        , 0.00163283,
       0.00412929, 0.00412929, 0.00412929, 0.00501769, 0.00592467,
       0.00867555, 0.01336554, 0.01718467, 0.01815037, 0.02111998,
       0.02413014, 0.02719307, 0.02927881, 0.0324484 , 0.03459494,
       0.03676351, 0.04119382, 0.0434336 , 0.05023269, 0.0560037 ,
       0.06419622, 0.07133515, 0.0785691 , 0.08712309, 0.09825819,
       0.10955544, 0.12858927, 0.13889523, 0.15584603, 0.17701984,
       0.18641397, 0.20266877, 0.22327593, 0.24694729, 0.28071605,
       0.306359  , 0.36109964, 0.39312122, 0.43587399, 0.47607757,
       0.51673961, 0.56396964, 0.62096755, 0.67860425, 0.7384004 ,
       0.81787212, 0.88541993, 0.94063298, 0.97514395, 0.99831939,
       1.        ]), array([0.00000000e+00, 0.00000000e+00, 0.00000000e+00, 0.00000000e+00,
       0.00000000e+00, 0.00000000e+00, 0.00000000e+00, 0.00000000e+00,
       0.00000000e+00, 0.00000000e+00, 0.00000000e+00, 0.00000000e+00,
       0.00000000e+00, 0.00000000e+00, 0.00000000e+00, 0.00000000e+00,
       0.00000000e+00, 0.00000000e+00, 0.00000000e+00, 0.00000000e+00,
       0.00000000e+00, 0.00000000e+00, 0.00000000e+00, 0.00000000e+00,
       0.00000000e+00, 0.00000000e+00, 0.00000000e+00, 0.00000000e+00,
       0.00000000e+00, 0.00000000e+00, 0.00000000e+00, 0.00000000e+00,
       0.00000000e+00, 0.00000000e+00, 0.00000000e+00, 0.00000000e+00,
       0.00000000e+00, 0.00000000e+00, 0.00000000e+00, 0.00000000e+00,
       0.00000000e+00, 0.00000000e+00, 0.00000000e+00, 0.00000000e+00,
       0.00000000e+00, 0.00000000e+00, 0.00000000e+00, 0.00000000e+00,
       0.00000000e+00, 0.00000000e+00, 0.00000000e+00, 8.39564196e-04,
       1.69959221e-03, 1.69959221e-03, 1.69959221e-03, 2.61714446e-03,
       3.54658891e-03, 4.50280422e-03, 5.47219655e-03, 7.43138308e-03,
       1.14364061e-02, 1.65041753e-02, 2.27017211e-02, 2.47889401e-02,
       3.01157221e-02, 3.76810590e-02, 4.64540648e-02, 5.42518597e-02,
       5.87816218e-02, 5.99383021e-02, 6.57663798e-02, 7.40538023e-02,
       8.12620386e-02, 8.97712688e-02, 9.59309008e-02, 1.05901687e-01,
       1.13510104e-01, 1.28920324e-01, 1.48452793e-01, 1.64286489e-01,
       1.84295148e-01, 2.03200373e-01, 2.14158699e-01, 2.37718107e-01,
       2.74169225e-01, 2.96863033e-01, 3.34166759e-01, 3.73349946e-01,
       4.11537121e-01, 4.51673039e-01, 5.14692619e-01, 5.70849038e-01,
       6.27676876e-01, 6.95913681e-01, 7.83740767e-01, 8.58250289e-01,
       9.33505720e-01, 9.80388451e-01, 9.98355014e-01, 1.00000000e+00,
       1.00000000e+00]), array([0.00000000e+00, 0.00000000e+00, 0.00000000e+00, 0.00000000e+00,
       0.00000000e+00, 0.00000000e+00, 0.00000000e+00, 0.00000000e+00,
       0.00000000e+00, 0.00000000e+00, 0.00000000e+00, 0.00000000e+00,
       0.00000000e+00, 0.00000000e+00, 0.00000000e+00, 0.00000000e+00,
       0.00000000e+00, 0.00000000e+00, 0.00000000e+00, 0.00000000e+00,
       0.00000000e+00, 0.00000000e+00, 0.00000000e+00, 0.00000000e+00,
       0.00000000e+00, 0.00000000e+00, 0.00000000e+00, 0.00000000e+00,
       0.00000000e+00, 0.00000000e+00, 0.00000000e+00, 0.00000000e+00,
       0.00000000e+00, 0.00000000e+00, 0.00000000e+00, 0.00000000e+00,
       0.00000000e+00, 0.00000000e+00, 0.00000000e+00, 0.00000000e+00,
       0.00000000e+00, 0.00000000e+00, 0.00000000e+00, 0.00000000e+00,
       0.00000000e+00, 0.00000000e+00, 0.00000000e+00, 0.00000000e+00,
       0.00000000e+00, 0.00000000e+00, 0.00000000e+00, 0.00000000e+00,
       0.00000000e+00, 0.00000000e+00, 0.00000000e+00, 0.00000000e+00,
       0.00000000e+00, 9.32708836e-04, 9.32708836e-04, 9.32708836e-04,
       9.32708836e-04, 1.93976158e-03, 2.96837434e-03, 5.03718066e-03,
       1.13682242e-02, 1.45974979e-02, 2.11416938e-02, 2.55543356e-02,
       3.22834586e-02, 4.36483917e-02, 5.06071415e-02, 6.70049468e-02,
       7.64998544e-02, 8.73265703e-02, 9.46607250e-02, 1.05809327e-01,
       1.15823169e-01, 1.32376526e-01, 1.45244381e-01, 1.56993465e-01,
       1.71517227e-01, 1.86235885e-01, 1.99784635e-01, 2.20355680e-01,
       2.48113005e-01, 2.83215033e-01, 3.00270265e-01, 3.31896279e-01,
       3.72602809e-01, 4.19655161e-01, 4.77626438e-01, 5.40846394e-01,
       6.06240353e-01, 6.96902529e-01, 7.83885364e-01, 8.56110488e-01,
       9.25903138e-01, 9.69191502e-01, 9.95068134e-01, 9.98345828e-01,
       1.00000000e+00]), array([0., 0., 0., 0., 0., 0., 0., 0., 0., 0., 0., 0., 0., 0., 0., 0., 0.,
       0., 0., 0., 0., 0., 0., 0., 0., 0., 0., 0., 0., 0., 0., 0., 0., 0.,
       0., 0., 0., 0., 0., 0., 0., 0., 0., 0., 0., 0., 0., 0., 0., 0., 1.,
       1., 1., 1., 1., 1., 1., 1., 1., 1., 1., 1., 1., 1., 1., 1., 1., 1.,
       1., 1., 1., 1., 1., 1., 1., 1., 1., 1., 1., 1., 1., 1., 1., 1., 1.,
       1., 1., 1., 1., 1., 1., 1., 1., 1., 1., 1., 1., 1., 1., 1., 1.])]","[{'lambda_reg': 0.0003334792728637581, 'K_bin': 1, 'gamma': 0.002458603276328005, 'degree': 5, 'coef0': 2.2007624686980067}, {'lambda_reg': 0.03765720312640264, 'K_bin': 1, 'gamma': 0.0013682895931243669, 'degree': 5, 'coef0': 0.05461872819498026}, {'lambda_reg': 0.17455141737474106, 'K_bin': 1, 'gamma': 0.016131718087174805, 'degree': 4, 'coef0': 0.5191336506268003}, {'lambda_reg': 0.009163741808778781, 'K_bin': 1, 'gamma': 0.0015339162591163618, 'degree': 5, 'coef0': 0.8526206184364576}, {'lambda_reg': 0.0007459343285726547, 'K_bin': 1, 'gamma': 6.351221010640703, 'degree': 5, 'coef0': 2.993292420985183}]",Outros,polynomial,20
"[np.float64(0.0971450670442586), np.float64(0.0991504315629826), np.float64(0.14088086559691948), np.float64(0.09010844366145579), np.float64(0.10279069692782837)]",0.1060151009586889,0.0179155868398991,"[np.float64(0.6144353082346177), np.float64(0.5661669739945269), np.float64(0.634868160150861), np.float64(0.6330357744027777), np.float64(0.6303568559494416)]",0.6157726145464448,0.0258374325744423,"[np.float64(0.6590605108563028), np.float64(0.7096106186733405), np.float64(0.5719583751431345), np.float64(0.6627202502628302), np.float64(0.6854617455865063)]",0.6577623001044228,0.0465705649055942,"[array([0.        , 0.        , 0.        , 0.        , 0.        ,
       0.        , 0.        , 0.        , 0.        , 0.        ,
       0.        , 0.        , 0.        , 0.        , 0.        ,
       0.        , 0.        , 0.        , 0.        , 0.        ,
       0.        , 0.        , 0.        , 0.        , 0.        ,
       0.        , 0.        , 0.        , 0.        , 0.        ,
       0.        , 0.        , 0.        , 0.        , 0.        ,
       0.        , 0.        , 0.        , 0.        , 0.        ,
       0.        , 0.        , 0.        , 0.        , 0.        ,
       0.        , 0.        , 0.        , 0.        , 0.        ,
       0.00985277, 0.00985277, 0.00985277, 0.00985277, 0.00985277,
       0.00985277, 0.00985277, 0.00985277, 0.00985277, 0.00985277,
       0.00985277, 0.01765081, 0.02513386, 0.02513386, 0.03953765,
       0.03953765, 0.03953765, 0.04603798, 0.05251925, 0.06499217,
       0.07714352, 0.07714352, 0.09948548, 0.12118113, 0.14223036,
       0.17729574, 0.18710237, 0.20558111, 0.232284  , 0.27476329,
       0.30265321, 0.33329125, 0.39191163, 0.41934725, 0.47761242,
       0.52643432, 0.56956767, 0.62518513, 0.67215798, 0.74759749,
       0.8074679 , 0.84885647, 0.8995501 , 0.93754339, 0.96711499,
       0.98262602, 0.99631227, 1.        , 1.        , 1.        ,
       1.        ]), array([0.        , 0.        , 0.        , 0.        , 0.        ,
       0.        , 0.        , 0.        , 0.        , 0.        ,
       0.        , 0.        , 0.        , 0.        , 0.01705568,
       0.01705568, 0.01705568, 0.01705568, 0.01705568, 0.01705568,
       0.01705568, 0.01705568, 0.01705568, 0.01705568, 0.01705568,
       0.01705568, 0.01705568, 0.01705568, 0.01705568, 0.01705568,
       0.01705568, 0.01705568, 0.01705568, 0.01705568, 0.0302035 ,
       0.0302035 , 0.0302035 , 0.0302035 , 0.0302035 , 0.0302035 ,
       0.0302035 , 0.0302035 , 0.0302035 , 0.0302035 , 0.04125775,
       0.04125775, 0.04125775, 0.04125775, 0.05159072, 0.05159072,
       0.07121964, 0.07121964, 0.08064328, 0.08064328, 0.08064328,
       0.08064328, 0.08064328, 0.08064328, 0.08898304, 0.08898304,
       0.08898304, 0.104576  , 0.11956526, 0.11956526, 0.13380753,
       0.16143638, 0.16822234, 0.18130341, 0.19397282, 0.21895571,
       0.22496774, 0.230752  , 0.23643511, 0.25802196, 0.27864021,
       0.28850216, 0.30296932, 0.34461483, 0.34912575, 0.37870611,
       0.38658394, 0.40590581, 0.4494295 , 0.47690579, 0.51872406,
       0.56469467, 0.60162305, 0.64118943, 0.69033366, 0.73999463,
       0.76888323, 0.81380168, 0.86720929, 0.90287354, 0.94351046,
       0.97156323, 0.9828065 , 0.99613811, 1.        , 1.        ,
       1.        ]), array([0.        , 0.        , 0.        , 0.        , 0.        ,
       0.        , 0.        , 0.        , 0.        , 0.        ,
       0.        , 0.        , 0.        , 0.        , 0.        ,
       0.        , 0.        , 0.        , 0.        , 0.        ,
       0.        , 0.        , 0.        , 0.        , 0.        ,
       0.        , 0.        , 0.        , 0.        , 0.        ,
       0.        , 0.        , 0.        , 0.        , 0.        ,
       0.        , 0.        , 0.        , 0.        , 0.        ,
       0.        , 0.        , 0.        , 0.        , 0.        ,
       0.        , 0.        , 0.        , 0.        , 0.        ,
       0.        , 0.        , 0.        , 0.        , 0.        ,
       0.        , 0.        , 0.        , 0.        , 0.        ,
       0.        , 0.        , 0.        , 0.        , 0.        ,
       0.        , 0.        , 0.        , 0.        , 0.        ,
       0.        , 0.        , 0.        , 0.        , 0.        ,
       0.00571701, 0.00571701, 0.00571701, 0.00571701, 0.00571701,
       0.01025529, 0.01880208, 0.0270709 , 0.05845719, 0.11418991,
       0.20400126, 0.30092943, 0.40130104, 0.51943711, 0.62767468,
       0.78853201, 0.90378551, 0.98196268, 0.99552901, 1.        ,
       1.        , 1.        , 1.        , 1.        , 1.        ,
       1.        ]), array([0.        , 0.        , 0.        , 0.        , 0.        ,
       0.        , 0.        , 0.        , 0.        , 0.        ,
       0.        , 0.        , 0.        , 0.        , 0.        ,
       0.        , 0.        , 0.        , 0.        , 0.        ,
       0.        , 0.        , 0.        , 0.        , 0.        ,
       0.        , 0.        , 0.        , 0.        , 0.        ,
       0.        , 0.        , 0.        , 0.        , 0.        ,
       0.        , 0.        , 0.        , 0.        , 0.        ,
       0.        , 0.        , 0.        , 0.        , 0.        ,
       0.        , 0.        , 0.        , 0.        , 0.        ,
       0.        , 0.        , 0.        , 0.        , 0.        ,
       0.        , 0.        , 0.        , 0.        , 0.00809569,
       0.00809569, 0.00809569, 0.00809569, 0.00809569, 0.00809569,
       0.01504093, 0.02167933, 0.02823196, 0.04717514, 0.05334657,
       0.06524434, 0.07669402, 0.07669402, 0.09273946, 0.11872307,
       0.17364097, 0.23101784, 0.2540072 , 0.28463266, 0.32678351,
       0.37062187, 0.40109747, 0.42977747, 0.45378334, 0.4858972 ,
       0.55842354, 0.60647586, 0.65124472, 0.69287436, 0.73334087,
       0.79617222, 0.84474559, 0.89132338, 0.93217307, 0.96406319,
       0.98780369, 0.9985616 , 1.        , 1.        , 1.        ,
       1.        ]), array([0.        , 0.        , 0.        , 0.        , 0.        ,
       0.        , 0.        , 0.        , 0.        , 0.        ,
       0.        , 0.        , 0.        , 0.        , 0.        ,
       0.        , 0.        , 0.        , 0.        , 0.        ,
       0.        , 0.        , 0.        , 0.        , 0.        ,
       0.        , 0.        , 0.        , 0.        , 0.        ,
       0.        , 0.        , 0.        , 0.        , 0.        ,
       0.        , 0.        , 0.        , 0.        , 0.        ,
       0.        , 0.        , 0.        , 0.        , 0.        ,
       0.        , 0.        , 0.        , 0.        , 0.        ,
       0.        , 0.        , 0.        , 0.01020305, 0.01020305,
       0.01020305, 0.01020305, 0.01020305, 0.01020305, 0.01020305,
       0.01895124, 0.01895124, 0.01895124, 0.0271583 , 0.0271583 ,
       0.0271583 , 0.0271583 , 0.03433449, 0.03433449, 0.03433449,
       0.06069246, 0.0732717 , 0.10420641, 0.13393442, 0.15130186,
       0.15130186, 0.19894029, 0.2143697 , 0.2533698 , 0.29514622,
       0.3441401 , 0.36536843, 0.40562121, 0.45851268, 0.4975878 ,
       0.53727224, 0.57798485, 0.61585933, 0.66143306, 0.70862744,
       0.7358854 , 0.78726113, 0.83118524, 0.88326136, 0.92700305,
       0.96641208, 0.98012139, 0.99432637, 1.        , 1.        ,
       1.        ])]","[array([0.        , 0.        , 0.        , 0.        , 0.        ,
       0.        , 0.        , 0.        , 0.        , 0.        ,
       0.        , 0.        , 0.        , 0.        , 0.        ,
       0.        , 0.        , 0.        , 0.        , 0.        ,
       0.        , 0.        , 0.        , 0.        , 0.        ,
       0.        , 0.        , 0.        , 0.        , 0.        ,
       0.        , 0.        , 0.        , 0.        , 0.        ,
       0.        , 0.        , 0.        , 0.        , 0.        ,
       0.        , 0.        , 0.        , 0.        , 0.        ,
       0.        , 0.        , 0.        , 0.        , 0.        ,
       0.00153156, 0.00153156, 0.00153156, 0.00153156, 0.00153156,
       0.00153156, 0.00153156, 0.00153156, 0.00153156, 0.00153156,
       0.00153156, 0.00338301, 0.0052835 , 0.0052835 , 0.00917202,
       0.00917202, 0.00917202, 0.0112255 , 0.01328195, 0.01747107,
       0.02171025, 0.02171025, 0.03049388, 0.03937812, 0.048363  ,
       0.06436222, 0.06896644, 0.0783515 , 0.09258715, 0.11662856,
       0.13374488, 0.15349883, 0.19342019, 0.21367271, 0.25978031,
       0.30122712, 0.34049407, 0.3962103 , 0.44714139, 0.53655732,
       0.61613521, 0.67713211, 0.76120414, 0.83499151, 0.90089358,
       0.94139539, 0.98524676, 1.        , 1.        , 1.        ,
       1.        ]), array([0.00000000e+00, 0.00000000e+00, 0.00000000e+00, 0.00000000e+00,
       0.00000000e+00, 0.00000000e+00, 0.00000000e+00, 0.00000000e+00,
       0.00000000e+00, 0.00000000e+00, 0.00000000e+00, 0.00000000e+00,
       0.00000000e+00, 0.00000000e+00, 4.03299043e-04, 4.03299043e-04,
       4.03299043e-04, 4.03299043e-04, 4.03299043e-04, 4.03299043e-04,
       4.03299043e-04, 4.03299043e-04, 4.03299043e-04, 4.03299043e-04,
       4.03299043e-04, 4.03299043e-04, 4.03299043e-04, 4.03299043e-04,
       4.03299043e-04, 4.03299043e-04, 4.03299043e-04, 4.03299043e-04,
       4.03299043e-04, 4.03299043e-04, 1.41906919e-03, 1.41906919e-03,
       1.41906919e-03, 1.41906919e-03, 1.41906919e-03, 1.41906919e-03,
       1.41906919e-03, 1.41906919e-03, 1.41906919e-03, 1.41906919e-03,
       2.76296153e-03, 2.76296153e-03, 2.76296153e-03, 2.76296153e-03,
       4.21989856e-03, 4.21989856e-03, 7.29630331e-03, 7.29630331e-03,
       8.89575885e-03, 8.89575885e-03, 8.89575885e-03, 8.89575885e-03,
       8.89575885e-03, 8.89575885e-03, 1.06650873e-02, 1.06650873e-02,
       1.06650873e-02, 1.43740408e-02, 1.81776107e-02, 1.81776107e-02,
       2.20982554e-02, 3.00736540e-02, 3.20865087e-02, 3.61891455e-02,
       4.03563015e-02, 4.87463967e-02, 5.08805469e-02, 5.30503952e-02,
       5.52360972e-02, 6.41584482e-02, 7.32326056e-02, 7.78397704e-02,
       8.48015729e-02, 1.05962189e-01, 1.08331606e-01, 1.25230363e-01,
       1.30148494e-01, 1.42502237e-01, 1.72597706e-01, 1.92902634e-01,
       2.26341794e-01, 2.65282975e-01, 2.99488519e-01, 3.39433422e-01,
       3.93259231e-01, 4.53156863e-01, 4.91698872e-01, 5.58492599e-01,
       6.48567072e-01, 7.16811194e-01, 8.08887194e-01, 8.84477058e-01,
       9.22708183e-01, 9.79070434e-01, 1.00000000e+00, 1.00000000e+00,
       1.00000000e+00]), array([0.        , 0.        , 0.        , 0.        , 0.        ,
       0.        , 0.        , 0.        , 0.        , 0.        ,
       0.        , 0.        , 0.        , 0.        , 0.        ,
       0.        , 0.        , 0.        , 0.        , 0.        ,
       0.        , 0.        , 0.        , 0.        , 0.        ,
       0.        , 0.        , 0.        , 0.        , 0.        ,
       0.        , 0.        , 0.        , 0.        , 0.        ,
       0.        , 0.        , 0.        , 0.        , 0.        ,
       0.        , 0.        , 0.        , 0.        , 0.        ,
       0.        , 0.        , 0.        , 0.        , 0.        ,
       0.        , 0.        , 0.        , 0.        , 0.        ,
       0.        , 0.        , 0.        , 0.        , 0.        ,
       0.        , 0.        , 0.        , 0.        , 0.        ,
       0.        , 0.        , 0.        , 0.        , 0.        ,
       0.        , 0.        , 0.        , 0.        , 0.        ,
       0.00224847, 0.00224847, 0.00224847, 0.00224847, 0.00224847,
       0.00465543, 0.00954059, 0.01446313, 0.03438037, 0.07214426,
       0.13851493, 0.21599739, 0.30206839, 0.41290541, 0.52507338,
       0.7086128 , 0.85604359, 0.96923631, 0.99154963, 1.        ,
       1.        , 1.        , 1.        , 1.        , 1.        ,
       1.        ]), array([0.        , 0.        , 0.        , 0.        , 0.        ,
       0.        , 0.        , 0.        , 0.        , 0.        ,
       0.        , 0.        , 0.        , 0.        , 0.        ,
       0.        , 0.        , 0.        , 0.        , 0.        ,
       0.        , 0.        , 0.        , 0.        , 0.        ,
       0.        , 0.        , 0.        , 0.        , 0.        ,
       0.        , 0.        , 0.        , 0.        , 0.        ,
       0.        , 0.        , 0.        , 0.        , 0.        ,
       0.        , 0.        , 0.        , 0.        , 0.        ,
       0.        , 0.        , 0.        , 0.        , 0.        ,
       0.        , 0.        , 0.        , 0.        , 0.        ,
       0.        , 0.        , 0.        , 0.        , 0.00180152,
       0.00180152, 0.00180152, 0.00180152, 0.00180152, 0.00180152,
       0.00378463, 0.00581618, 0.00786126, 0.01410932, 0.01621457,
       0.02049533, 0.02484682, 0.02484682, 0.03155227, 0.04284778,
       0.06805244, 0.09594834, 0.10771648, 0.12443805, 0.14857853,
       0.17553201, 0.19535661, 0.21546463, 0.23323106, 0.25895581,
       0.3214129 , 0.36617747, 0.4114603 , 0.45723864, 0.50627994,
       0.59182291, 0.66421956, 0.74308993, 0.82286445, 0.89481506,
       0.95881392, 0.9940683 , 1.        , 1.        , 1.        ,
       1.        ]), array([0.        , 0.        , 0.        , 0.        , 0.        ,
       0.        , 0.        , 0.        , 0.        , 0.        ,
       0.        , 0.        , 0.        , 0.        , 0.        ,
       0.        , 0.        , 0.        , 0.        , 0.        ,
       0.        , 0.        , 0.        , 0.        , 0.        ,
       0.        , 0.        , 0.        , 0.        , 0.        ,
       0.        , 0.        , 0.        , 0.        , 0.        ,
       0.        , 0.        , 0.        , 0.        , 0.        ,
       0.        , 0.        , 0.        , 0.        , 0.        ,
       0.        , 0.        , 0.        , 0.        , 0.        ,
       0.        , 0.        , 0.        , 0.00160346, 0.00160346,
       0.00160346, 0.00160346, 0.00160346, 0.00160346, 0.00160346,
       0.00341061, 0.00341061, 0.00341061, 0.00529352, 0.00529352,
       0.00529352, 0.00529352, 0.00732075, 0.00732075, 0.00732075,
       0.01575824, 0.02006095, 0.0308896 , 0.0418872 , 0.04855147,
       0.04855147, 0.06916924, 0.07610484, 0.09490008, 0.11633856,
       0.14283041, 0.15501799, 0.1797017 , 0.21474365, 0.24262416,
       0.27345129, 0.3071664 , 0.34127885, 0.38644108, 0.43744027,
       0.47000715, 0.53861247, 0.60522912, 0.69495986, 0.78282552,
       0.87736161, 0.9178892 , 0.97047509, 1.        , 1.        ,
       1.        ])]","[{'lambda_reg': 0.20845058190648655, 'K_bin': 1, 'gamma': 0.0026903779919434587}, {'lambda_reg': 0.1452824663751603, 'K_bin': 1, 'gamma': 0.0070689749506246055}, {'lambda_reg': 0.9008292046338945, 'K_bin': 1, 'gamma': 0.0014285676124002407}, {'lambda_reg': 0.10397544066024078, 'K_bin': 1, 'gamma': 0.00112680430413992}, {'lambda_reg': 0.1452824663751603, 'K_bin': 1, 'gamma': 0.0070689749506246055}]",Joao_Pessoa,rbf,8
"[np.float64(0.0617753116511824), np.float64(0.047735774605771865), np.float64(0.04760259867008856), np.float64(0.03411571005857347), np.float64(0.07183340969290085)]",0.0526125609357034,0.0129954860378713,"[np.float64(0.7666490996777553), np.float64(0.4360125069709241), np.float64(0.7807472988841525), np.float64(0.7349523846690168), np.float64(0.7395222446113007)]",0.6915767069626299,0.1289034855431906,"[np.float64(0.5760466680238197), np.float64(0.8472224521014435), np.float64(0.8327970401351976), np.float64(0.663447371759668), np.float64(0.8123469892717424)]",0.7463721042583742,0.1075918334655391,"[array([0.        , 0.        , 0.        , 0.        , 0.        ,
       0.        , 0.        , 0.        , 0.        , 0.        ,
       0.        , 0.        , 0.        , 0.        , 0.        ,
       0.        , 0.        , 0.        , 0.        , 0.        ,
       0.        , 0.        , 0.        , 0.        , 0.        ,
       0.        , 0.        , 0.        , 0.        , 0.        ,
       0.        , 0.        , 0.        , 0.        , 0.        ,
       0.        , 0.        , 0.        , 0.        , 0.        ,
       0.        , 0.        , 0.        , 0.        , 0.        ,
       0.        , 0.        , 0.        , 0.        , 0.        ,
       0.        , 0.06520579, 0.06520579, 0.06520579, 0.06520579,
       0.06520579, 0.06520579, 0.06520579, 0.06520579, 0.06520579,
       0.06520579, 0.06520579, 0.06520579, 0.06520579, 0.06520579,
       0.06520579, 0.06520579, 0.06520579, 0.06520579, 0.06520579,
       0.06520579, 0.06520579, 0.06520579, 0.06520579, 0.06520579,
       0.06520579, 0.06520579, 0.06520579, 0.06520579, 0.09375965,
       0.09375965, 0.09375965, 0.09375965, 0.09375965, 0.09375965,
       0.09375965, 0.09375965, 0.09375965, 0.09375965, 0.09375965,
       0.10744323, 0.10744323, 0.10744323, 0.11715135, 0.14104479,
       0.31762188, 0.84793448, 1.        , 1.        , 1.        ,
       1.        ]), array([0.        , 0.        , 0.        , 0.        , 0.        ,
       0.        , 0.        , 0.        , 0.        , 0.        ,
       0.        , 0.        , 0.        , 0.        , 0.        ,
       0.        , 0.        , 0.        , 0.        , 0.        ,
       0.        , 0.        , 0.        , 0.        , 0.        ,
       0.        , 0.        , 0.        , 0.        , 0.        ,
       0.        , 0.        , 0.        , 0.        , 0.        ,
       0.        , 0.        , 0.        , 0.        , 0.        ,
       0.        , 0.        , 0.        , 0.        , 0.        ,
       0.        , 0.        , 0.        , 0.        , 0.        ,
       0.        , 0.        , 0.        , 0.        , 0.        ,
       0.        , 0.0960774 , 0.0960774 , 0.0960774 , 0.0960774 ,
       0.0960774 , 0.0960774 , 0.0960774 , 0.0960774 , 0.0960774 ,
       0.0960774 , 0.0960774 , 0.0960774 , 0.0960774 , 0.0960774 ,
       0.16092698, 0.22339624, 0.22339624, 0.22339624, 0.22339624,
       0.27808561, 0.27808561, 0.27808561, 0.27808561, 0.27808561,
       0.32186402, 0.32186402, 0.32186402, 0.32186402, 0.39259477,
       0.39259477, 0.39259477, 0.42246042, 0.47633801, 0.52520503,
       0.5689921 , 0.5689921 , 0.5689921 , 0.5689921 , 0.64032501,
       0.65274919, 0.67216744, 0.75433795, 0.80950022, 0.92157949,
       1.        ]), array([0.        , 0.        , 0.        , 0.        , 0.        ,
       0.        , 0.        , 0.        , 0.        , 0.        ,
       0.        , 0.        , 0.        , 0.        , 0.        ,
       0.        , 0.        , 0.        , 0.        , 0.        ,
       0.        , 0.        , 0.        , 0.        , 0.        ,
       0.        , 0.        , 0.        , 0.        , 0.        ,
       0.        , 0.        , 0.        , 0.        , 0.        ,
       0.        , 0.        , 0.        , 0.        , 0.        ,
       0.        , 0.        , 0.        , 0.        , 0.        ,
       0.        , 0.        , 0.        , 0.        , 0.        ,
       0.        , 0.        , 0.        , 0.        , 0.        ,
       0.        , 0.        , 0.        , 0.06177773, 0.06177773,
       0.06177773, 0.06177773, 0.06177773, 0.06177773, 0.11512804,
       0.11512804, 0.11512804, 0.16421727, 0.21217966, 0.21217966,
       0.21217966, 0.21217966, 0.21217966, 0.21217966, 0.21217966,
       0.21217966, 0.21217966, 0.21217966, 0.21217966, 0.27476114,
       0.30533906, 0.30533906, 0.30533906, 0.30533906, 0.35347726,
       0.37665067, 0.41866591, 0.41866591, 0.50885592, 0.50885592,
       0.56862015, 0.58178714, 0.60676567, 0.62976871, 0.66628212,
       0.73900666, 0.80348733, 0.86027068, 0.90330237, 0.95962376,
       1.        ]), array([0.        , 0.        , 0.        , 0.        , 0.        ,
       0.        , 0.        , 0.        , 0.        , 0.        ,
       0.        , 0.        , 0.        , 0.        , 0.        ,
       0.        , 0.        , 0.        , 0.        , 0.        ,
       0.        , 0.        , 0.        , 0.        , 0.        ,
       0.        , 0.        , 0.        , 0.        , 0.        ,
       0.        , 0.        , 0.        , 0.        , 0.        ,
       0.        , 0.        , 0.        , 0.        , 0.        ,
       0.        , 0.        , 0.        , 0.        , 0.        ,
       0.        , 0.        , 0.        , 0.        , 0.        ,
       0.        , 0.        , 0.        , 0.        , 0.        ,
       0.        , 0.        , 0.        , 0.        , 0.        ,
       0.        , 0.        , 0.        , 0.        , 0.        ,
       0.        , 0.        , 0.        , 0.        , 0.        ,
       0.        , 0.        , 0.        , 0.        , 0.        ,
       0.        , 0.        , 0.        , 0.        , 0.        ,
       0.        , 0.0500329 , 0.0500329 , 0.0500329 , 0.0500329 ,
       0.0500329 , 0.06893909, 0.06893909, 0.08532226, 0.14443857,
       0.18429768, 0.25646967, 0.33284391, 0.40138141, 0.46715195,
       0.59605438, 0.7561145 , 0.86949651, 0.97784071, 1.        ,
       1.        ]), array([0.        , 0.        , 0.        , 0.        , 0.        ,
       0.        , 0.        , 0.        , 0.        , 0.        ,
       0.        , 0.        , 0.        , 0.        , 0.        ,
       0.        , 0.        , 0.        , 0.        , 0.        ,
       0.        , 0.        , 0.        , 0.        , 0.        ,
       0.        , 0.        , 0.        , 0.        , 0.        ,
       0.        , 0.        , 0.        , 0.        , 0.        ,
       0.        , 0.        , 0.        , 0.        , 0.        ,
       0.        , 0.        , 0.        , 0.        , 0.        ,
       0.        , 0.        , 0.        , 0.        , 0.07923834,
       0.07923834, 0.07923834, 0.07923834, 0.07923834, 0.07923834,
       0.14931218, 0.14931218, 0.14931218, 0.14931218, 0.14931218,
       0.14931218, 0.14931218, 0.14931218, 0.14931218, 0.14931218,
       0.14931218, 0.14931218, 0.14931218, 0.14931218, 0.14931218,
       0.14931218, 0.14931218, 0.14931218, 0.14931218, 0.14931218,
       0.14931218, 0.14931218, 0.14931218, 0.14931218, 0.2154416 ,
       0.27833476, 0.27833476, 0.27833476, 0.27833476, 0.30336232,
       0.30336232, 0.32606898, 0.34669093, 0.38439617, 0.42081369,
       0.4527227 , 0.52609516, 0.55238807, 0.57657419, 0.61675828,
       0.66075024, 0.71473559, 0.82167693, 0.89779907, 0.96823573,
       1.        ])]","[array([0.        , 0.        , 0.        , 0.        , 0.        ,
       0.        , 0.        , 0.        , 0.        , 0.        ,
       0.        , 0.        , 0.        , 0.        , 0.        ,
       0.        , 0.        , 0.        , 0.        , 0.        ,
       0.        , 0.        , 0.        , 0.        , 0.        ,
       0.        , 0.        , 0.        , 0.        , 0.        ,
       0.        , 0.        , 0.        , 0.        , 0.        ,
       0.        , 0.        , 0.        , 0.        , 0.        ,
       0.        , 0.        , 0.        , 0.        , 0.        ,
       0.        , 0.        , 0.        , 0.        , 0.        ,
       0.        , 0.00339416, 0.00339416, 0.00339416, 0.00339416,
       0.00339416, 0.00339416, 0.00339416, 0.00339416, 0.00339416,
       0.00339416, 0.00339416, 0.00339416, 0.00339416, 0.00339416,
       0.00339416, 0.00339416, 0.00339416, 0.00339416, 0.00339416,
       0.00339416, 0.00339416, 0.00339416, 0.00339416, 0.00339416,
       0.00339416, 0.00339416, 0.00339416, 0.00339416, 0.00869561,
       0.00869561, 0.00869561, 0.00869561, 0.00869561, 0.00869561,
       0.00869561, 0.00869561, 0.00869561, 0.00869561, 0.00869561,
       0.01477089, 0.01477089, 0.01477089, 0.02105304, 0.04017169,
       0.20066652, 0.79750558, 1.        , 1.        , 1.        ,
       1.        ]), array([0.        , 0.        , 0.        , 0.        , 0.        ,
       0.        , 0.        , 0.        , 0.        , 0.        ,
       0.        , 0.        , 0.        , 0.        , 0.        ,
       0.        , 0.        , 0.        , 0.        , 0.        ,
       0.        , 0.        , 0.        , 0.        , 0.        ,
       0.        , 0.        , 0.        , 0.        , 0.        ,
       0.        , 0.        , 0.        , 0.        , 0.        ,
       0.        , 0.        , 0.        , 0.        , 0.        ,
       0.        , 0.        , 0.        , 0.        , 0.        ,
       0.        , 0.        , 0.        , 0.        , 0.        ,
       0.        , 0.        , 0.        , 0.        , 0.        ,
       0.        , 0.00366437, 0.00366437, 0.00366437, 0.00366437,
       0.00366437, 0.00366437, 0.00366437, 0.00366437, 0.00366437,
       0.00366437, 0.00366437, 0.00366437, 0.00366437, 0.00366437,
       0.00829988, 0.01300942, 0.01300942, 0.01300942, 0.01300942,
       0.0179609 , 0.0179609 , 0.0179609 , 0.0179609 , 0.0179609 ,
       0.0232517 , 0.0232517 , 0.0232517 , 0.0232517 , 0.03435656,
       0.03435656, 0.03435656, 0.04008003, 0.05170901, 0.06349381,
       0.07543659, 0.07543659, 0.07543659, 0.07543659, 0.10647947,
       0.11274535, 0.12544596, 0.19606531, 0.26752459, 0.50352005,
       1.        ]), array([0.        , 0.        , 0.        , 0.        , 0.        ,
       0.        , 0.        , 0.        , 0.        , 0.        ,
       0.        , 0.        , 0.        , 0.        , 0.        ,
       0.        , 0.        , 0.        , 0.        , 0.        ,
       0.        , 0.        , 0.        , 0.        , 0.        ,
       0.        , 0.        , 0.        , 0.        , 0.        ,
       0.        , 0.        , 0.        , 0.        , 0.        ,
       0.        , 0.        , 0.        , 0.        , 0.        ,
       0.        , 0.        , 0.        , 0.        , 0.        ,
       0.        , 0.        , 0.        , 0.        , 0.        ,
       0.        , 0.        , 0.        , 0.        , 0.        ,
       0.        , 0.        , 0.        , 0.00388918, 0.00388918,
       0.00388918, 0.00388918, 0.00388918, 0.00388918, 0.00816867,
       0.00816867, 0.00816867, 0.01264552, 0.01717456, 0.01717456,
       0.01717456, 0.01717456, 0.01717456, 0.01717456, 0.01717456,
       0.01717456, 0.01717456, 0.01717456, 0.01717456, 0.02777693,
       0.03311113, 0.03311113, 0.03311113, 0.03311113, 0.04438244,
       0.05005958, 0.06161448, 0.06161448, 0.09118942, 0.09118942,
       0.11542311, 0.1215637 , 0.13390766, 0.14634311, 0.17165367,
       0.22903921, 0.29355698, 0.36518167, 0.44419369, 0.63734735,
       1.        ]), array([0.        , 0.        , 0.        , 0.        , 0.        ,
       0.        , 0.        , 0.        , 0.        , 0.        ,
       0.        , 0.        , 0.        , 0.        , 0.        ,
       0.        , 0.        , 0.        , 0.        , 0.        ,
       0.        , 0.        , 0.        , 0.        , 0.        ,
       0.        , 0.        , 0.        , 0.        , 0.        ,
       0.        , 0.        , 0.        , 0.        , 0.        ,
       0.        , 0.        , 0.        , 0.        , 0.        ,
       0.        , 0.        , 0.        , 0.        , 0.        ,
       0.        , 0.        , 0.        , 0.        , 0.        ,
       0.        , 0.        , 0.        , 0.        , 0.        ,
       0.        , 0.        , 0.        , 0.        , 0.        ,
       0.        , 0.        , 0.        , 0.        , 0.        ,
       0.        , 0.        , 0.        , 0.        , 0.        ,
       0.        , 0.        , 0.        , 0.        , 0.        ,
       0.        , 0.        , 0.        , 0.        , 0.        ,
       0.        , 0.01093575, 0.01093575, 0.01093575, 0.01093575,
       0.01093575, 0.0167274 , 0.0167274 , 0.02265275, 0.04669414,
       0.06496247, 0.101899  , 0.14540634, 0.18932894, 0.24019164,
       0.35564382, 0.53737977, 0.7080022 , 0.92644593, 1.        ,
       1.        ]), array([0.        , 0.        , 0.        , 0.        , 0.        ,
       0.        , 0.        , 0.        , 0.        , 0.        ,
       0.        , 0.        , 0.        , 0.        , 0.        ,
       0.        , 0.        , 0.        , 0.        , 0.        ,
       0.        , 0.        , 0.        , 0.        , 0.        ,
       0.        , 0.        , 0.        , 0.        , 0.        ,
       0.        , 0.        , 0.        , 0.        , 0.        ,
       0.        , 0.        , 0.        , 0.        , 0.        ,
       0.        , 0.        , 0.        , 0.        , 0.        ,
       0.        , 0.        , 0.        , 0.        , 0.00329356,
       0.00329356, 0.00329356, 0.00329356, 0.00329356, 0.00329356,
       0.00698474, 0.00698474, 0.00698474, 0.00698474, 0.00698474,
       0.00698474, 0.00698474, 0.00698474, 0.00698474, 0.00698474,
       0.00698474, 0.00698474, 0.00698474, 0.00698474, 0.00698474,
       0.00698474, 0.00698474, 0.00698474, 0.00698474, 0.00698474,
       0.00698474, 0.00698474, 0.00698474, 0.00698474, 0.0175786 ,
       0.02831287, 0.02831287, 0.02831287, 0.02831287, 0.03395851,
       0.03395851, 0.03970486, 0.04554165, 0.05736877, 0.06925176,
       0.08133037, 0.11180457, 0.12412685, 0.13654053, 0.16172317,
       0.19347213, 0.24498209, 0.37497283, 0.50630074, 0.71192221,
       1.        ])]","[{'lambda_reg': 0.3301647150911624, 'K_bin': 1, 'gamma': 0.0010391765357579117}, {'lambda_reg': 0.0071780858580210456, 'K_bin': 1, 'gamma': 0.0026066115055051707}, {'lambda_reg': 0.006267058094743333, 'K_bin': 1, 'gamma': 0.0010623828778041117}, {'lambda_reg': 0.12951505461009774, 'K_bin': 1, 'gamma': 0.003770205918821814}, {'lambda_reg': 0.0071780858580210456, 'K_bin': 1, 'gamma': 0.0026066115055051707}]",Campina_Grande,cauchy,4
"[np.float64(0.060361873143466756), np.float64(0.044265909807239295), np.float64(0.04753743648015918), np.float64(0.03347686465549864), np.float64(0.06816601999615492)]",0.0507616208165037,0.0122182681034753,"[np.float64(0.8018189827695885), np.float64(0.4452345732394745), np.float64(0.7801778161063773), np.float64(0.7311743496241595), np.float64(0.6576892929473106)]",0.6832190029373821,0.1288836970403971,"[np.float64(0.5292496707698632), np.float64(0.5026950229651327), np.float64(0.7736261806848526), np.float64(0.7346218067931165), np.float64(0.5023911243737964)]",0.6085167611173523,0.1199231133908243,"[array([0.        , 0.        , 0.        , 0.        , 0.        ,
       0.        , 0.        , 0.        , 0.        , 0.        ,
       0.        , 0.        , 0.        , 0.        , 0.        ,
       0.        , 0.        , 0.        , 0.        , 0.        ,
       0.        , 0.        , 0.        , 0.        , 0.        ,
       0.        , 0.        , 0.        , 0.        , 0.        ,
       0.        , 0.        , 0.        , 0.        , 0.        ,
       0.        , 0.        , 0.        , 0.        , 0.        ,
       0.        , 0.        , 0.        , 0.        , 0.        ,
       0.        , 0.        , 0.        , 0.        , 0.        ,
       0.        , 0.        , 0.06105952, 0.06105952, 0.06105952,
       0.06105952, 0.06105952, 0.06105952, 0.06105952, 0.06105952,
       0.06105952, 0.06105952, 0.06105952, 0.06105952, 0.06105952,
       0.06105952, 0.06105952, 0.06105952, 0.06105952, 0.06105952,
       0.06105952, 0.06105952, 0.06105952, 0.06105952, 0.06105952,
       0.06105952, 0.06105952, 0.06105952, 0.06105952, 0.06105952,
       0.06105952, 0.06105952, 0.06105952, 0.06105952, 0.06105952,
       0.06105952, 0.06105952, 0.06105952, 0.06105952, 0.06105952,
       0.06105952, 0.06105952, 0.06105952, 0.06105952, 0.06105952,
       0.07417632, 1.        , 1.        , 1.        , 1.        ,
       1.        ]), array([0.        , 0.        , 0.        , 0.        , 0.        ,
       0.        , 0.        , 0.        , 0.        , 0.        ,
       0.        , 0.        , 0.        , 0.        , 0.        ,
       0.        , 0.        , 0.        , 0.        , 0.        ,
       0.        , 0.        , 0.        , 0.        , 0.        ,
       0.        , 0.        , 0.        , 0.        , 0.        ,
       0.        , 0.        , 0.        , 0.        , 0.        ,
       0.        , 0.        , 0.        , 0.        , 0.        ,
       0.        , 0.        , 0.        , 0.        , 0.        ,
       0.        , 0.        , 0.        , 0.        , 0.        ,
       0.        , 0.        , 0.        , 0.        , 0.        ,
       0.        , 0.        , 0.        , 0.        , 0.        ,
       0.        , 0.        , 0.        , 0.        , 0.        ,
       0.        , 0.        , 0.        , 0.        , 0.        ,
       0.        , 0.        , 0.        , 0.        , 0.        ,
       0.        , 0.        , 0.        , 0.        , 0.        ,
       0.        , 0.        , 0.        , 0.        , 0.        ,
       0.        , 0.        , 0.        , 0.        , 0.        ,
       0.        , 0.        , 0.        , 0.        , 0.        ,
       0.08254899, 1.        , 1.        , 1.        , 1.        ,
       1.        ]), array([0.        , 0.        , 0.        , 0.        , 0.        ,
       0.        , 0.        , 0.        , 0.        , 0.        ,
       0.        , 0.        , 0.        , 0.        , 0.        ,
       0.        , 0.        , 0.        , 0.        , 0.        ,
       0.        , 0.        , 0.        , 0.        , 0.        ,
       0.        , 0.        , 0.        , 0.        , 0.        ,
       0.        , 0.        , 0.        , 0.        , 0.        ,
       0.        , 0.        , 0.        , 0.        , 0.        ,
       0.        , 0.        , 0.        , 0.        , 0.        ,
       0.        , 0.        , 0.        , 0.        , 0.        ,
       0.        , 0.        , 0.        , 0.        , 0.        ,
       0.        , 0.        , 0.        , 0.        , 0.        ,
       0.        , 0.        , 0.        , 0.        , 0.        ,
       0.        , 0.        , 0.        , 0.        , 0.        ,
       0.        , 0.        , 0.        , 0.        , 0.        ,
       0.        , 0.        , 0.04411095, 0.04411095, 0.04411095,
       0.0834378 , 0.0834378 , 0.11769562, 0.15118633, 0.15118633,
       0.15118633, 0.20586267, 0.23184827, 0.25480796, 0.34069101,
       0.34069101, 0.35776759, 0.40459512, 0.46005624, 0.48555442,
       0.57922874, 0.66473215, 0.73322492, 0.83919289, 0.95011132,
       1.        ]), array([0.        , 0.        , 0.        , 0.        , 0.        ,
       0.        , 0.        , 0.        , 0.        , 0.        ,
       0.        , 0.        , 0.        , 0.        , 0.        ,
       0.        , 0.        , 0.        , 0.        , 0.        ,
       0.        , 0.        , 0.        , 0.        , 0.        ,
       0.        , 0.        , 0.        , 0.        , 0.        ,
       0.        , 0.        , 0.        , 0.        , 0.        ,
       0.        , 0.        , 0.        , 0.        , 0.        ,
       0.        , 0.        , 0.        , 0.        , 0.        ,
       0.        , 0.        , 0.        , 0.        , 0.        ,
       0.        , 0.        , 0.        , 0.        , 0.        ,
       0.        , 0.        , 0.        , 0.        , 0.        ,
       0.        , 0.        , 0.        , 0.        , 0.        ,
       0.        , 0.        , 0.        , 0.        , 0.04635401,
       0.04635401, 0.04635401, 0.04635401, 0.04635401, 0.04635401,
       0.04635401, 0.08130943, 0.08130943, 0.08130943, 0.11224672,
       0.14176193, 0.14176193, 0.14176193, 0.16731728, 0.16731728,
       0.16731728, 0.18881322, 0.18881322, 0.20629528, 0.25683701,
       0.30208478, 0.37074516, 0.38373086, 0.4820066 , 0.54845965,
       0.62404447, 0.70693362, 0.80211207, 0.89979716, 0.98747063,
       1.        ]), array([0.        , 0.        , 0.        , 0.        , 0.        ,
       0.        , 0.        , 0.        , 0.        , 0.        ,
       0.        , 0.        , 0.        , 0.        , 0.        ,
       0.        , 0.        , 0.        , 0.        , 0.        ,
       0.        , 0.        , 0.        , 0.        , 0.        ,
       0.        , 0.        , 0.        , 0.        , 0.        ,
       0.        , 0.        , 0.        , 0.        , 0.        ,
       0.        , 0.        , 0.        , 0.        , 0.        ,
       0.        , 0.        , 0.        , 0.        , 0.        ,
       0.        , 0.        , 0.        , 0.        , 0.        ,
       0.        , 0.        , 0.        , 0.        , 0.        ,
       0.        , 0.        , 0.        , 0.        , 0.        ,
       0.        , 0.        , 0.        , 0.        , 0.        ,
       0.        , 0.        , 0.        , 0.        , 0.        ,
       0.        , 0.        , 0.        , 0.        , 0.        ,
       0.        , 0.        , 0.        , 0.        , 0.        ,
       0.        , 0.        , 0.        , 0.        , 0.        ,
       0.        , 0.        , 0.        , 0.        , 0.        ,
       0.        , 0.        , 0.        , 0.00827125, 0.86101271,
       1.        , 1.        , 1.        , 1.        , 1.        ,
       1.        ])]","[array([0.        , 0.        , 0.        , 0.        , 0.        ,
       0.        , 0.        , 0.        , 0.        , 0.        ,
       0.        , 0.        , 0.        , 0.        , 0.        ,
       0.        , 0.        , 0.        , 0.        , 0.        ,
       0.        , 0.        , 0.        , 0.        , 0.        ,
       0.        , 0.        , 0.        , 0.        , 0.        ,
       0.        , 0.        , 0.        , 0.        , 0.        ,
       0.        , 0.        , 0.        , 0.        , 0.        ,
       0.        , 0.        , 0.        , 0.        , 0.        ,
       0.        , 0.        , 0.        , 0.        , 0.        ,
       0.        , 0.        , 0.00352611, 0.00352611, 0.00352611,
       0.00352611, 0.00352611, 0.00352611, 0.00352611, 0.00352611,
       0.00352611, 0.00352611, 0.00352611, 0.00352611, 0.00352611,
       0.00352611, 0.00352611, 0.00352611, 0.00352611, 0.00352611,
       0.00352611, 0.00352611, 0.00352611, 0.00352611, 0.00352611,
       0.00352611, 0.00352611, 0.00352611, 0.00352611, 0.00352611,
       0.00352611, 0.00352611, 0.00352611, 0.00352611, 0.00352611,
       0.00352611, 0.00352611, 0.00352611, 0.00352611, 0.00352611,
       0.00352611, 0.00352611, 0.00352611, 0.00352611, 0.00352611,
       0.01641789, 1.        , 1.        , 1.        , 1.        ,
       1.        ]), array([0.        , 0.        , 0.        , 0.        , 0.        ,
       0.        , 0.        , 0.        , 0.        , 0.        ,
       0.        , 0.        , 0.        , 0.        , 0.        ,
       0.        , 0.        , 0.        , 0.        , 0.        ,
       0.        , 0.        , 0.        , 0.        , 0.        ,
       0.        , 0.        , 0.        , 0.        , 0.        ,
       0.        , 0.        , 0.        , 0.        , 0.        ,
       0.        , 0.        , 0.        , 0.        , 0.        ,
       0.        , 0.        , 0.        , 0.        , 0.        ,
       0.        , 0.        , 0.        , 0.        , 0.        ,
       0.        , 0.        , 0.        , 0.        , 0.        ,
       0.        , 0.        , 0.        , 0.        , 0.        ,
       0.        , 0.        , 0.        , 0.        , 0.        ,
       0.        , 0.        , 0.        , 0.        , 0.        ,
       0.        , 0.        , 0.        , 0.        , 0.        ,
       0.        , 0.        , 0.        , 0.        , 0.        ,
       0.        , 0.        , 0.        , 0.        , 0.        ,
       0.        , 0.        , 0.        , 0.        , 0.        ,
       0.        , 0.        , 0.        , 0.        , 0.        ,
       0.07715894, 1.        , 1.        , 1.        , 1.        ,
       1.        ]), array([0.        , 0.        , 0.        , 0.        , 0.        ,
       0.        , 0.        , 0.        , 0.        , 0.        ,
       0.        , 0.        , 0.        , 0.        , 0.        ,
       0.        , 0.        , 0.        , 0.        , 0.        ,
       0.        , 0.        , 0.        , 0.        , 0.        ,
       0.        , 0.        , 0.        , 0.        , 0.        ,
       0.        , 0.        , 0.        , 0.        , 0.        ,
       0.        , 0.        , 0.        , 0.        , 0.        ,
       0.        , 0.        , 0.        , 0.        , 0.        ,
       0.        , 0.        , 0.        , 0.        , 0.        ,
       0.        , 0.        , 0.        , 0.        , 0.        ,
       0.        , 0.        , 0.        , 0.        , 0.        ,
       0.        , 0.        , 0.        , 0.        , 0.        ,
       0.        , 0.        , 0.        , 0.        , 0.        ,
       0.        , 0.        , 0.        , 0.        , 0.        ,
       0.        , 0.        , 0.00511131, 0.00511131, 0.00511131,
       0.01039289, 0.01039289, 0.01585488, 0.02134417, 0.02134417,
       0.02134417, 0.03276068, 0.03851708, 0.04438117, 0.06804949,
       0.06804949, 0.07412296, 0.09250004, 0.11725108, 0.12970605,
       0.18650321, 0.2502724 , 0.31464699, 0.45786257, 0.72784526,
       1.        ]), array([0.        , 0.        , 0.        , 0.        , 0.        ,
       0.        , 0.        , 0.        , 0.        , 0.        ,
       0.        , 0.        , 0.        , 0.        , 0.        ,
       0.        , 0.        , 0.        , 0.        , 0.        ,
       0.        , 0.        , 0.        , 0.        , 0.        ,
       0.        , 0.        , 0.        , 0.        , 0.        ,
       0.        , 0.        , 0.        , 0.        , 0.        ,
       0.        , 0.        , 0.        , 0.        , 0.        ,
       0.        , 0.        , 0.        , 0.        , 0.        ,
       0.        , 0.        , 0.        , 0.        , 0.        ,
       0.        , 0.        , 0.        , 0.        , 0.        ,
       0.        , 0.        , 0.        , 0.        , 0.        ,
       0.        , 0.        , 0.        , 0.        , 0.        ,
       0.        , 0.        , 0.        , 0.        , 0.00459403,
       0.00459403, 0.00459403, 0.00459403, 0.00459403, 0.00459403,
       0.00459403, 0.0097187 , 0.0097187 , 0.0097187 , 0.01503042,
       0.02040835, 0.02040835, 0.02040835, 0.02597062, 0.02597062,
       0.02597062, 0.03172187, 0.03172187, 0.03765998, 0.05556297,
       0.07371241, 0.10427583, 0.11042326, 0.16661581, 0.2107859 ,
       0.27478675, 0.35870342, 0.48931168, 0.66706695, 0.92631176,
       1.        ]), array([0.        , 0.        , 0.        , 0.        , 0.        ,
       0.        , 0.        , 0.        , 0.        , 0.        ,
       0.        , 0.        , 0.        , 0.        , 0.        ,
       0.        , 0.        , 0.        , 0.        , 0.        ,
       0.        , 0.        , 0.        , 0.        , 0.        ,
       0.        , 0.        , 0.        , 0.        , 0.        ,
       0.        , 0.        , 0.        , 0.        , 0.        ,
       0.        , 0.        , 0.        , 0.        , 0.        ,
       0.        , 0.        , 0.        , 0.        , 0.        ,
       0.        , 0.        , 0.        , 0.        , 0.        ,
       0.        , 0.        , 0.        , 0.        , 0.        ,
       0.        , 0.        , 0.        , 0.        , 0.        ,
       0.        , 0.        , 0.        , 0.        , 0.        ,
       0.        , 0.        , 0.        , 0.        , 0.        ,
       0.        , 0.        , 0.        , 0.        , 0.        ,
       0.        , 0.        , 0.        , 0.        , 0.        ,
       0.        , 0.        , 0.        , 0.        , 0.        ,
       0.        , 0.        , 0.        , 0.        , 0.        ,
       0.        , 0.        , 0.        , 0.00633341, 0.857873  ,
       1.        , 1.        , 1.        , 1.        , 1.        ,
       1.        ])]","[{'lambda_reg': 0.870529764483982, 'K_bin': 1, 'gamma': 0.0010550558461247955}, {'lambda_reg': 0.3301647150911624, 'K_bin': 1, 'gamma': 0.0010391765357579117}, {'lambda_reg': 0.0038743555583417694, 'K_bin': 1, 'gamma': 0.003770205918821814}, {'lambda_reg': 0.04531525757298166, 'K_bin': 1, 'gamma': 0.03551213771944444}, {'lambda_reg': 0.3301647150911624, 'K_bin': 1, 'gamma': 0.0010391765357579117}]",Campina_Grande,exponential,3
"[np.float64(0.05591190061790464), np.float64(0.04549241649060079), np.float64(0.04827183620468112), np.float64(0.03390773482220814), np.float64(0.06511033611918844)]",0.0497388448509166,0.0104421997131006,"[np.float64(0.8421475559908193), np.float64(0.5965182541009661), np.float64(0.7501706951568632), np.float64(0.7110665549993583), np.float64(0.821829290977354)]",0.7443464702450722,0.0878217464237775,"[np.float64(0.7060533342512652), np.float64(0.7883320858892617), np.float64(0.8779230723273569), np.float64(0.7030989308888272), np.float64(0.7250554295433085)]",0.7600925705800039,0.0664493982624387,"[array([0.        , 0.        , 0.        , 0.        , 0.        ,
       0.        , 0.        , 0.        , 0.        , 0.        ,
       0.        , 0.        , 0.        , 0.        , 0.        ,
       0.        , 0.        , 0.        , 0.        , 0.        ,
       0.        , 0.        , 0.        , 0.        , 0.        ,
       0.        , 0.        , 0.        , 0.        , 0.        ,
       0.        , 0.        , 0.        , 0.        , 0.        ,
       0.        , 0.        , 0.        , 0.        , 0.        ,
       0.        , 0.        , 0.        , 0.        , 0.        ,
       0.        , 0.        , 0.        , 0.        , 0.        ,
       0.        , 0.06391775, 0.06391775, 0.06391775, 0.06391775,
       0.06391775, 0.06391775, 0.06391775, 0.06391775, 0.06391775,
       0.06391775, 0.06391775, 0.06391775, 0.06391775, 0.06391775,
       0.06391775, 0.06391775, 0.06391775, 0.06391775, 0.06391775,
       0.06391775, 0.06391775, 0.06391775, 0.06391775, 0.06391775,
       0.06391775, 0.06391775, 0.06391775, 0.06391775, 0.06391775,
       0.06391775, 0.06391775, 0.06391775, 0.08656987, 0.08656987,
       0.08656987, 0.17888035, 0.19557955, 0.21134688, 0.2704921 ,
       0.35201266, 0.41240681, 0.44452176, 0.47374847, 0.5392081 ,
       0.59515556, 0.70568671, 0.82488558, 0.96014136, 1.        ,
       1.        ]), array([0.        , 0.        , 0.        , 0.        , 0.        ,
       0.        , 0.        , 0.        , 0.        , 0.        ,
       0.        , 0.        , 0.        , 0.        , 0.        ,
       0.        , 0.        , 0.        , 0.        , 0.        ,
       0.        , 0.        , 0.        , 0.        , 0.        ,
       0.        , 0.        , 0.        , 0.        , 0.        ,
       0.        , 0.        , 0.        , 0.        , 0.        ,
       0.        , 0.        , 0.        , 0.        , 0.        ,
       0.        , 0.        , 0.        , 0.        , 0.        ,
       0.        , 0.        , 0.        , 0.        , 0.        ,
       0.        , 0.        , 0.        , 0.        , 0.        ,
       0.        , 0.        , 0.        , 0.        , 0.        ,
       0.        , 0.        , 0.        , 0.        , 0.        ,
       0.        , 0.        , 0.        , 0.        , 0.        ,
       0.        , 0.        , 0.        , 0.        , 0.        ,
       0.04939625, 0.04939625, 0.04939625, 0.0936843 , 0.13488327,
       0.17496368, 0.21292217, 0.24933467, 0.24933467, 0.31251736,
       0.31251736, 0.31251736, 0.31251736, 0.31251736, 0.33546514,
       0.33546514, 0.37360959, 0.38903971, 0.46075215, 0.52314275,
       0.56579502, 0.65123257, 0.69925022, 0.85331664, 0.94466524,
       1.        ]), array([0.        , 0.        , 0.        , 0.        , 0.        ,
       0.        , 0.        , 0.        , 0.        , 0.        ,
       0.        , 0.        , 0.        , 0.        , 0.        ,
       0.        , 0.        , 0.        , 0.        , 0.        ,
       0.        , 0.        , 0.        , 0.        , 0.        ,
       0.        , 0.        , 0.        , 0.        , 0.        ,
       0.        , 0.        , 0.        , 0.        , 0.        ,
       0.        , 0.        , 0.        , 0.        , 0.        ,
       0.        , 0.        , 0.        , 0.        , 0.        ,
       0.        , 0.        , 0.        , 0.        , 0.        ,
       0.        , 0.        , 0.        , 0.        , 0.        ,
       0.        , 0.05858018, 0.05858018, 0.05858018, 0.05858018,
       0.16524256, 0.16524256, 0.16524256, 0.16524256, 0.16524256,
       0.16524256, 0.21062653, 0.21062653, 0.21062653, 0.2522057 ,
       0.29189141, 0.33063772, 0.36772953, 0.40441518, 0.43866547,
       0.43866547, 0.43866547, 0.43866547, 0.468508  , 0.49653373,
       0.52366998, 0.52366998, 0.54732259, 0.54732259, 0.54732259,
       0.54732259, 0.54732259, 0.58302911, 0.64888375, 0.64888375,
       0.70390657, 0.7169596 , 0.72750711, 0.74633719, 0.78095496,
       0.80933908, 0.85218545, 0.9019813 , 0.93358333, 0.96163146,
       1.        ]), array([0.        , 0.        , 0.        , 0.        , 0.        ,
       0.        , 0.        , 0.        , 0.        , 0.        ,
       0.        , 0.        , 0.        , 0.        , 0.        ,
       0.        , 0.        , 0.        , 0.        , 0.        ,
       0.        , 0.        , 0.        , 0.        , 0.        ,
       0.        , 0.        , 0.        , 0.        , 0.        ,
       0.        , 0.        , 0.        , 0.        , 0.        ,
       0.        , 0.        , 0.        , 0.        , 0.        ,
       0.        , 0.        , 0.        , 0.        , 0.        ,
       0.        , 0.        , 0.        , 0.        , 0.        ,
       0.        , 0.        , 0.        , 0.        , 0.        ,
       0.        , 0.        , 0.        , 0.        , 0.        ,
       0.        , 0.        , 0.        , 0.        , 0.        ,
       0.        , 0.        , 0.        , 0.03979095, 0.03979095,
       0.03979095, 0.03979095, 0.03979095, 0.03979095, 0.03979095,
       0.03979095, 0.03979095, 0.03979095, 0.03979095, 0.03979095,
       0.06519471, 0.06519471, 0.06519471, 0.06519471, 0.06519471,
       0.08455925, 0.12063513, 0.21846538, 0.26329789, 0.27770416,
       0.29097183, 0.35977074, 0.40185945, 0.49261949, 0.5976648 ,
       0.65676483, 0.77933623, 0.87413432, 0.95853129, 0.99665789,
       1.        ]), array([0.        , 0.        , 0.        , 0.        , 0.        ,
       0.        , 0.        , 0.        , 0.        , 0.        ,
       0.        , 0.        , 0.        , 0.        , 0.        ,
       0.        , 0.        , 0.        , 0.        , 0.        ,
       0.        , 0.        , 0.        , 0.        , 0.        ,
       0.        , 0.        , 0.        , 0.        , 0.        ,
       0.        , 0.        , 0.        , 0.        , 0.        ,
       0.        , 0.        , 0.        , 0.        , 0.        ,
       0.        , 0.        , 0.        , 0.        , 0.        ,
       0.        , 0.        , 0.        , 0.        , 0.        ,
       0.        , 0.        , 0.        , 0.        , 0.        ,
       0.        , 0.        , 0.        , 0.        , 0.        ,
       0.        , 0.05364525, 0.05364525, 0.05364525, 0.05364525,
       0.05364525, 0.05364525, 0.05364525, 0.05364525, 0.05364525,
       0.05364525, 0.05364525, 0.05364525, 0.05364525, 0.05364525,
       0.05364525, 0.05364525, 0.05364525, 0.05364525, 0.05364525,
       0.05364525, 0.05364525, 0.05364525, 0.07721587, 0.09924549,
       0.09924549, 0.13919558, 0.1938741 , 0.21083282, 0.25733053,
       0.28608168, 0.38839073, 0.48031114, 0.52138852, 0.55437883,
       0.6338578 , 0.72823072, 0.84878101, 0.93197156, 0.98869906,
       1.        ])]","[array([0.        , 0.        , 0.        , 0.        , 0.        ,
       0.        , 0.        , 0.        , 0.        , 0.        ,
       0.        , 0.        , 0.        , 0.        , 0.        ,
       0.        , 0.        , 0.        , 0.        , 0.        ,
       0.        , 0.        , 0.        , 0.        , 0.        ,
       0.        , 0.        , 0.        , 0.        , 0.        ,
       0.        , 0.        , 0.        , 0.        , 0.        ,
       0.        , 0.        , 0.        , 0.        , 0.        ,
       0.        , 0.        , 0.        , 0.        , 0.        ,
       0.        , 0.        , 0.        , 0.        , 0.        ,
       0.        , 0.00339728, 0.00339728, 0.00339728, 0.00339728,
       0.00339728, 0.00339728, 0.00339728, 0.00339728, 0.00339728,
       0.00339728, 0.00339728, 0.00339728, 0.00339728, 0.00339728,
       0.00339728, 0.00339728, 0.00339728, 0.00339728, 0.00339728,
       0.00339728, 0.00339728, 0.00339728, 0.00339728, 0.00339728,
       0.00339728, 0.00339728, 0.00339728, 0.00339728, 0.00339728,
       0.00339728, 0.00339728, 0.00339728, 0.00898783, 0.00898783,
       0.00898783, 0.0380541 , 0.04396105, 0.04991753, 0.07395202,
       0.11038629, 0.14114891, 0.15982555, 0.1786557 , 0.22953264,
       0.28091517, 0.41093076, 0.58804729, 0.87302266, 1.        ,
       1.        ]), array([0.        , 0.        , 0.        , 0.        , 0.        ,
       0.        , 0.        , 0.        , 0.        , 0.        ,
       0.        , 0.        , 0.        , 0.        , 0.        ,
       0.        , 0.        , 0.        , 0.        , 0.        ,
       0.        , 0.        , 0.        , 0.        , 0.        ,
       0.        , 0.        , 0.        , 0.        , 0.        ,
       0.        , 0.        , 0.        , 0.        , 0.        ,
       0.        , 0.        , 0.        , 0.        , 0.        ,
       0.        , 0.        , 0.        , 0.        , 0.        ,
       0.        , 0.        , 0.        , 0.        , 0.        ,
       0.        , 0.        , 0.        , 0.        , 0.        ,
       0.        , 0.        , 0.        , 0.        , 0.        ,
       0.        , 0.        , 0.        , 0.        , 0.        ,
       0.        , 0.        , 0.        , 0.        , 0.        ,
       0.        , 0.        , 0.        , 0.        , 0.        ,
       0.00496357, 0.00496357, 0.00496357, 0.01010415, 0.01535176,
       0.02063813, 0.02599802, 0.03141148, 0.03141148, 0.04257252,
       0.04257252, 0.04257252, 0.04257252, 0.04257252, 0.04845253,
       0.04845253, 0.06048115, 0.06662165, 0.09751262, 0.12872658,
       0.15394932, 0.21774052, 0.26280284, 0.47106961, 0.6748344 ,
       1.        ]), array([0.        , 0.        , 0.        , 0.        , 0.        ,
       0.        , 0.        , 0.        , 0.        , 0.        ,
       0.        , 0.        , 0.        , 0.        , 0.        ,
       0.        , 0.        , 0.        , 0.        , 0.        ,
       0.        , 0.        , 0.        , 0.        , 0.        ,
       0.        , 0.        , 0.        , 0.        , 0.        ,
       0.        , 0.        , 0.        , 0.        , 0.        ,
       0.        , 0.        , 0.        , 0.        , 0.        ,
       0.        , 0.        , 0.        , 0.        , 0.        ,
       0.        , 0.        , 0.        , 0.        , 0.        ,
       0.        , 0.        , 0.        , 0.        , 0.        ,
       0.        , 0.00375778, 0.00375778, 0.00375778, 0.00375778,
       0.01181583, 0.01181583, 0.01181583, 0.01181583, 0.01181583,
       0.01181583, 0.01625554, 0.01625554, 0.01625554, 0.02089187,
       0.02562605, 0.03040878, 0.03527701, 0.04016622, 0.04518129,
       0.04518129, 0.04518129, 0.04518129, 0.05042413, 0.05576086,
       0.06114356, 0.06114356, 0.06670628, 0.06670628, 0.06670628,
       0.06670628, 0.06670628, 0.0784311 , 0.10216799, 0.10216799,
       0.12646464, 0.13257511, 0.13881506, 0.151412  , 0.17676311,
       0.20243636, 0.24771728, 0.31977912, 0.38599614, 0.49310689,
       1.        ]), array([0.        , 0.        , 0.        , 0.        , 0.        ,
       0.        , 0.        , 0.        , 0.        , 0.        ,
       0.        , 0.        , 0.        , 0.        , 0.        ,
       0.        , 0.        , 0.        , 0.        , 0.        ,
       0.        , 0.        , 0.        , 0.        , 0.        ,
       0.        , 0.        , 0.        , 0.        , 0.        ,
       0.        , 0.        , 0.        , 0.        , 0.        ,
       0.        , 0.        , 0.        , 0.        , 0.        ,
       0.        , 0.        , 0.        , 0.        , 0.        ,
       0.        , 0.        , 0.        , 0.        , 0.        ,
       0.        , 0.        , 0.        , 0.        , 0.        ,
       0.        , 0.        , 0.        , 0.        , 0.        ,
       0.        , 0.        , 0.        , 0.        , 0.        ,
       0.        , 0.        , 0.        , 0.00459618, 0.00459618,
       0.00459618, 0.00459618, 0.00459618, 0.00459618, 0.00459618,
       0.00459618, 0.00459618, 0.00459618, 0.00459618, 0.00459618,
       0.00999305, 0.00999305, 0.00999305, 0.00999305, 0.00999305,
       0.01572602, 0.02733962, 0.06275907, 0.080696  , 0.08670491,
       0.09277719, 0.12981231, 0.15471261, 0.21776819, 0.30046074,
       0.35846763, 0.50148078, 0.65285026, 0.83885192, 0.97975401,
       1.        ]), array([0.        , 0.        , 0.        , 0.        , 0.        ,
       0.        , 0.        , 0.        , 0.        , 0.        ,
       0.        , 0.        , 0.        , 0.        , 0.        ,
       0.        , 0.        , 0.        , 0.        , 0.        ,
       0.        , 0.        , 0.        , 0.        , 0.        ,
       0.        , 0.        , 0.        , 0.        , 0.        ,
       0.        , 0.        , 0.        , 0.        , 0.        ,
       0.        , 0.        , 0.        , 0.        , 0.        ,
       0.        , 0.        , 0.        , 0.        , 0.        ,
       0.        , 0.        , 0.        , 0.        , 0.        ,
       0.        , 0.        , 0.        , 0.        , 0.        ,
       0.        , 0.        , 0.        , 0.        , 0.        ,
       0.        , 0.00407926, 0.00407926, 0.00407926, 0.00407926,
       0.00407926, 0.00407926, 0.00407926, 0.00407926, 0.00407926,
       0.00407926, 0.00407926, 0.00407926, 0.00407926, 0.00407926,
       0.00407926, 0.00407926, 0.00407926, 0.00407926, 0.00407926,
       0.00407926, 0.00407926, 0.00407926, 0.00967032, 0.01533885,
       0.01533885, 0.02688247, 0.04446164, 0.05038508, 0.06837548,
       0.08048206, 0.12954654, 0.17913324, 0.20417205, 0.22961738,
       0.30015727, 0.4038281 , 0.57394229, 0.73915858, 0.9260329 ,
       1.        ])]","[{'lambda_reg': 0.10833638781816698, 'K_bin': 1, 'gamma': 0.0036695914618347296}, {'lambda_reg': 0.011151888992542523, 'K_bin': 1, 'gamma': 0.002296627301588247}, {'lambda_reg': 0.00730960104071404, 'K_bin': 1, 'gamma': 0.0029085116181838404}, {'lambda_reg': 0.1452824663751603, 'K_bin': 1, 'gamma': 0.0070689749506246055}, {'lambda_reg': 0.027786735107310716, 'K_bin': 1, 'gamma': 0.0026903779919434587}]",Campina_Grande,laplacian,2
"[np.float64(0.13092618022099675), np.float64(0.09340090334069132), np.float64(0.1077072540389308), np.float64(0.1254754524585083), np.float64(0.09439391856159961)]",0.1103807417241453,0.0154984276489179,"[np.float64(0.6439561990939283), np.float64(0.7071935734703837), np.float64(0.6921087933827264), np.float64(0.6942368674176593), np.float64(0.6753587392146647)]",0.6825708345158725,0.0218011588867965,"[np.float64(0.7088330644022776), np.float64(0.7289700838633327), np.float64(0.6896375915810391), np.float64(0.7016262259047426), np.float64(0.6732236506294823)]",0.7004581232761748,0.0186720990017141,"[array([0.        , 0.        , 0.        , 0.        , 0.        ,
       0.        , 0.        , 0.        , 0.        , 0.        ,
       0.        , 0.        , 0.        , 0.        , 0.        ,
       0.        , 0.        , 0.        , 0.        , 0.        ,
       0.        , 0.        , 0.        , 0.        , 0.        ,
       0.        , 0.        , 0.        , 0.        , 0.        ,
       0.        , 0.        , 0.        , 0.        , 0.        ,
       0.        , 0.        , 0.        , 0.        , 0.        ,
       0.        , 0.        , 0.        , 0.        , 0.        ,
       0.00609048, 0.01208052, 0.01791376, 0.01791376, 0.01791376,
       0.01791376, 0.02329083, 0.03383701, 0.03902386, 0.03902386,
       0.0539077 , 0.07328547, 0.07800237, 0.08265657, 0.08719197,
       0.09162083, 0.10031759, 0.10455048, 0.12093239, 0.12882541,
       0.13273725, 0.14407962, 0.14407962, 0.15465127, 0.1685368 ,
       0.17852106, 0.19782933, 0.20726468, 0.22541405, 0.25139492,
       0.26523499, 0.28400053, 0.3171698 , 0.34167995, 0.36279744,
       0.38752734, 0.4280297 , 0.4562577 , 0.48665703, 0.52261086,
       0.56330924, 0.61088434, 0.65199615, 0.69149579, 0.73801755,
       0.7903978 , 0.83091243, 0.8725772 , 0.9069947 , 0.93255129,
       0.96023981, 0.9772808 , 0.99348172, 0.99916285, 1.        ,
       1.        ]), array([0.        , 0.        , 0.        , 0.        , 0.        ,
       0.        , 0.        , 0.        , 0.        , 0.        ,
       0.        , 0.        , 0.        , 0.        , 0.        ,
       0.        , 0.        , 0.        , 0.        , 0.        ,
       0.        , 0.        , 0.        , 0.        , 0.        ,
       0.        , 0.        , 0.        , 0.        , 0.        ,
       0.        , 0.        , 0.        , 0.        , 0.        ,
       0.        , 0.        , 0.        , 0.        , 0.        ,
       0.        , 0.01217837, 0.01812378, 0.02404565, 0.02985235,
       0.02985235, 0.02985235, 0.03529536, 0.04065154, 0.05116688,
       0.05627565, 0.06134281, 0.07129562, 0.08093288, 0.09051583,
       0.09980125, 0.11346833, 0.13124432, 0.13124432, 0.13124432,
       0.13124432, 0.13527175, 0.15878988, 0.17798308, 0.18550657,
       0.18916909, 0.19978781, 0.20993466, 0.20993466, 0.22596392,
       0.25707064, 0.28113028, 0.30443479, 0.31845889, 0.3401273 ,
       0.35832743, 0.38082002, 0.39997243, 0.42993715, 0.44528876,
       0.46620696, 0.49203538, 0.52038568, 0.55252491, 0.58108788,
       0.61285234, 0.66449365, 0.69763266, 0.7424111 , 0.78567473,
       0.81460737, 0.83967917, 0.87015385, 0.90465791, 0.93690623,
       0.95643701, 0.97775937, 0.99309193, 0.99912631, 1.        ,
       1.        ]), array([0.        , 0.        , 0.        , 0.        , 0.        ,
       0.        , 0.        , 0.        , 0.        , 0.        ,
       0.        , 0.        , 0.        , 0.        , 0.        ,
       0.        , 0.        , 0.        , 0.        , 0.        ,
       0.        , 0.        , 0.        , 0.        , 0.        ,
       0.        , 0.        , 0.        , 0.        , 0.        ,
       0.        , 0.        , 0.        , 0.        , 0.        ,
       0.        , 0.        , 0.        , 0.        , 0.        ,
       0.        , 0.        , 0.        , 0.        , 0.        ,
       0.        , 0.        , 0.        , 0.00546844, 0.00546844,
       0.00546844, 0.01065126, 0.01065126, 0.02049068, 0.02049068,
       0.02525709, 0.02525709, 0.02525709, 0.02972774, 0.03843656,
       0.05533953, 0.06777498, 0.07986828, 0.0876554 , 0.09910744,
       0.10657296, 0.11020563, 0.12065479, 0.12402164, 0.15029314,
       0.17279772, 0.18208832, 0.20309907, 0.22887174, 0.24279521,
       0.25345694, 0.27909462, 0.3035983 , 0.34117265, 0.36591005,
       0.39175938, 0.43629405, 0.46134866, 0.49405467, 0.52509091,
       0.56085988, 0.61060363, 0.65569276, 0.68969064, 0.7352118 ,
       0.79122448, 0.83294919, 0.89274784, 0.92956018, 0.95140382,
       0.97478627, 0.99190348, 0.99864787, 1.        , 1.        ,
       1.        ]), array([0.        , 0.        , 0.        , 0.        , 0.        ,
       0.        , 0.        , 0.        , 0.        , 0.        ,
       0.        , 0.        , 0.        , 0.        , 0.        ,
       0.        , 0.        , 0.        , 0.        , 0.        ,
       0.        , 0.        , 0.        , 0.        , 0.        ,
       0.        , 0.        , 0.        , 0.        , 0.        ,
       0.        , 0.        , 0.        , 0.        , 0.        ,
       0.        , 0.        , 0.        , 0.        , 0.        ,
       0.        , 0.        , 0.        , 0.        , 0.        ,
       0.        , 0.        , 0.        , 0.        , 0.        ,
       0.00556267, 0.01096959, 0.01096959, 0.01620309, 0.01620309,
       0.02616565, 0.02616565, 0.030925  , 0.030925  , 0.04007676,
       0.04449916, 0.04879556, 0.05725   , 0.05725   , 0.07731636,
       0.08900165, 0.11936297, 0.13412645, 0.16259382, 0.17980946,
       0.20003995, 0.22277703, 0.22902438, 0.24709925, 0.28213129,
       0.29329913, 0.30948175, 0.3276487 , 0.36473445, 0.38834142,
       0.41767104, 0.44121277, 0.4715939 , 0.49854372, 0.53290225,
       0.56189116, 0.58427094, 0.61684637, 0.65535828, 0.68680196,
       0.73772023, 0.79712481, 0.83435364, 0.88654704, 0.93655859,
       0.96824897, 0.99129075, 0.9984182 , 1.        , 1.        ,
       1.        ]), array([0.        , 0.        , 0.        , 0.        , 0.        ,
       0.        , 0.        , 0.        , 0.        , 0.        ,
       0.        , 0.        , 0.        , 0.        , 0.        ,
       0.        , 0.        , 0.        , 0.        , 0.        ,
       0.        , 0.        , 0.        , 0.        , 0.        ,
       0.        , 0.        , 0.        , 0.        , 0.        ,
       0.        , 0.        , 0.        , 0.        , 0.        ,
       0.        , 0.        , 0.        , 0.        , 0.        ,
       0.        , 0.        , 0.        , 0.        , 0.        ,
       0.        , 0.        , 0.        , 0.        , 0.        ,
       0.        , 0.0050901 , 0.0050901 , 0.0050901 , 0.0050901 ,
       0.0050901 , 0.0050901 , 0.0050901 , 0.01366076, 0.01787434,
       0.02203475, 0.0300789 , 0.034014  , 0.0454126 , 0.05285116,
       0.06732296, 0.08491986, 0.10525725, 0.13154459, 0.15707296,
       0.1726134 , 0.18474115, 0.20215067, 0.21620062, 0.22704092,
       0.24525165, 0.27273797, 0.28951466, 0.33512353, 0.36996947,
       0.38871162, 0.4164938 , 0.44311531, 0.46985411, 0.50670327,
       0.5554189 , 0.60243347, 0.64237523, 0.6920544 , 0.7364855 ,
       0.80154219, 0.85628875, 0.90141951, 0.9374801 , 0.97088826,
       0.99413173, 0.99849121, 1.        , 1.        , 1.        ,
       1.        ])]","[array([0.00000000e+00, 0.00000000e+00, 0.00000000e+00, 0.00000000e+00,
       0.00000000e+00, 0.00000000e+00, 0.00000000e+00, 0.00000000e+00,
       0.00000000e+00, 0.00000000e+00, 0.00000000e+00, 0.00000000e+00,
       0.00000000e+00, 0.00000000e+00, 0.00000000e+00, 0.00000000e+00,
       0.00000000e+00, 0.00000000e+00, 0.00000000e+00, 0.00000000e+00,
       0.00000000e+00, 0.00000000e+00, 0.00000000e+00, 0.00000000e+00,
       0.00000000e+00, 0.00000000e+00, 0.00000000e+00, 0.00000000e+00,
       0.00000000e+00, 0.00000000e+00, 0.00000000e+00, 0.00000000e+00,
       0.00000000e+00, 0.00000000e+00, 0.00000000e+00, 0.00000000e+00,
       0.00000000e+00, 0.00000000e+00, 0.00000000e+00, 0.00000000e+00,
       0.00000000e+00, 0.00000000e+00, 0.00000000e+00, 0.00000000e+00,
       0.00000000e+00, 7.34939289e-04, 1.48518213e-03, 2.25931238e-03,
       2.25931238e-03, 2.25931238e-03, 2.25931238e-03, 3.10294211e-03,
       4.82188697e-03, 5.69449883e-03, 5.69449883e-03, 8.41543130e-03,
       1.21145435e-02, 1.30587543e-02, 1.40125169e-02, 1.49843780e-02,
       1.59724726e-02, 1.79731838e-02, 1.89911339e-02, 2.31466780e-02,
       2.52698420e-02, 2.63367063e-02, 2.95971966e-02, 2.95971966e-02,
       3.29751080e-02, 3.75109859e-02, 4.09783900e-02, 4.80137889e-02,
       5.15648217e-02, 5.87767830e-02, 6.97841300e-02, 7.59897823e-02,
       8.47707164e-02, 1.01334276e-01, 1.14228542e-01, 1.25976843e-01,
       1.40500477e-01, 1.65923902e-01, 1.84903133e-01, 2.06877248e-01,
       2.34656508e-01, 2.68364311e-01, 3.11001509e-01, 3.51297718e-01,
       3.93502395e-01, 4.47940013e-01, 5.16450702e-01, 5.75129228e-01,
       6.43609615e-01, 7.08205608e-01, 7.64174505e-01, 8.36447078e-01,
       8.90387665e-01, 9.59421874e-01, 9.91813301e-01, 1.00000000e+00,
       1.00000000e+00]), array([0.        , 0.        , 0.        , 0.        , 0.        ,
       0.        , 0.        , 0.        , 0.        , 0.        ,
       0.        , 0.        , 0.        , 0.        , 0.        ,
       0.        , 0.        , 0.        , 0.        , 0.        ,
       0.        , 0.        , 0.        , 0.        , 0.        ,
       0.        , 0.        , 0.        , 0.        , 0.        ,
       0.        , 0.        , 0.        , 0.        , 0.        ,
       0.        , 0.        , 0.        , 0.        , 0.        ,
       0.        , 0.00135784, 0.00206041, 0.00276684, 0.00349222,
       0.00349222, 0.00349222, 0.00427741, 0.00507687, 0.0067082 ,
       0.00754836, 0.00839536, 0.0101192 , 0.01189493, 0.0136796 ,
       0.0155132 , 0.01830652, 0.02210443, 0.02210443, 0.02210443,
       0.02210443, 0.02312242, 0.02933663, 0.03458178, 0.03670513,
       0.03778313, 0.04107777, 0.04445001, 0.04445001, 0.05021548,
       0.06190295, 0.07138873, 0.08099869, 0.08709392, 0.09697294,
       0.10574202, 0.11716581, 0.12745859, 0.14437479, 0.15361233,
       0.16697534, 0.18457177, 0.20511408, 0.23007422, 0.25394218,
       0.28232456, 0.33264275, 0.36752032, 0.41896713, 0.47402367,
       0.51463392, 0.55419878, 0.60799789, 0.67793744, 0.75328887,
       0.80888775, 0.88435568, 0.95408743, 0.99174214, 1.        ,
       1.        ]), array([0.00000000e+00, 0.00000000e+00, 0.00000000e+00, 0.00000000e+00,
       0.00000000e+00, 0.00000000e+00, 0.00000000e+00, 0.00000000e+00,
       0.00000000e+00, 0.00000000e+00, 0.00000000e+00, 0.00000000e+00,
       0.00000000e+00, 0.00000000e+00, 0.00000000e+00, 0.00000000e+00,
       0.00000000e+00, 0.00000000e+00, 0.00000000e+00, 0.00000000e+00,
       0.00000000e+00, 0.00000000e+00, 0.00000000e+00, 0.00000000e+00,
       0.00000000e+00, 0.00000000e+00, 0.00000000e+00, 0.00000000e+00,
       0.00000000e+00, 0.00000000e+00, 0.00000000e+00, 0.00000000e+00,
       0.00000000e+00, 0.00000000e+00, 0.00000000e+00, 0.00000000e+00,
       0.00000000e+00, 0.00000000e+00, 0.00000000e+00, 0.00000000e+00,
       0.00000000e+00, 0.00000000e+00, 0.00000000e+00, 0.00000000e+00,
       0.00000000e+00, 0.00000000e+00, 0.00000000e+00, 0.00000000e+00,
       7.97271148e-04, 7.97271148e-04, 7.97271148e-04, 1.64035890e-03,
       1.64035890e-03, 3.41094764e-03, 3.41094764e-03, 4.32083294e-03,
       4.32083294e-03, 4.32083294e-03, 5.27816219e-03, 7.23011387e-03,
       1.12165748e-02, 1.42452051e-02, 1.73287197e-02, 1.94285215e-02,
       2.26149030e-02, 2.47662947e-02, 2.58580465e-02, 2.92053020e-02,
       3.03396947e-02, 3.95212346e-02, 4.76325574e-02, 5.11656605e-02,
       5.95166134e-02, 7.04526478e-02, 7.65915351e-02, 8.15791681e-02,
       9.42113335e-02, 1.07025407e-01, 1.27789645e-01, 1.42240703e-01,
       1.58187871e-01, 1.87882447e-01, 2.05631575e-01, 2.30525707e-01,
       2.55687691e-01, 2.86788393e-01, 3.34066613e-01, 3.80417014e-01,
       4.18499728e-01, 4.74827687e-01, 5.51240874e-01, 6.14875736e-01,
       7.17473235e-01, 7.90268488e-01, 8.40347753e-01, 9.05250466e-01,
       9.62785817e-01, 9.91844514e-01, 1.00000000e+00, 1.00000000e+00,
       1.00000000e+00]), array([0.00000000e+00, 0.00000000e+00, 0.00000000e+00, 0.00000000e+00,
       0.00000000e+00, 0.00000000e+00, 0.00000000e+00, 0.00000000e+00,
       0.00000000e+00, 0.00000000e+00, 0.00000000e+00, 0.00000000e+00,
       0.00000000e+00, 0.00000000e+00, 0.00000000e+00, 0.00000000e+00,
       0.00000000e+00, 0.00000000e+00, 0.00000000e+00, 0.00000000e+00,
       0.00000000e+00, 0.00000000e+00, 0.00000000e+00, 0.00000000e+00,
       0.00000000e+00, 0.00000000e+00, 0.00000000e+00, 0.00000000e+00,
       0.00000000e+00, 0.00000000e+00, 0.00000000e+00, 0.00000000e+00,
       0.00000000e+00, 0.00000000e+00, 0.00000000e+00, 0.00000000e+00,
       0.00000000e+00, 0.00000000e+00, 0.00000000e+00, 0.00000000e+00,
       0.00000000e+00, 0.00000000e+00, 0.00000000e+00, 0.00000000e+00,
       0.00000000e+00, 0.00000000e+00, 0.00000000e+00, 0.00000000e+00,
       0.00000000e+00, 0.00000000e+00, 8.21390828e-04, 1.66628099e-03,
       1.66628099e-03, 2.53734038e-03, 2.53734038e-03, 4.35557113e-03,
       4.35557113e-03, 5.29817218e-03, 5.29817218e-03, 7.23874381e-03,
       8.23218857e-03, 9.24464316e-03, 1.12904325e-02, 1.12904325e-02,
       1.65663168e-02, 1.97853415e-02, 2.84900347e-02, 3.29053291e-02,
       4.18957978e-02, 4.76018237e-02, 5.45136763e-02, 6.27080462e-02,
       6.50868603e-02, 7.23239719e-02, 8.69668421e-02, 9.19246780e-02,
       9.94473079e-02, 1.08331260e-01, 1.27646451e-01, 1.40691767e-01,
       1.57855802e-01, 1.72571696e-01, 1.92898538e-01, 2.12082392e-01,
       2.38452025e-01, 2.62310406e-01, 2.82183826e-01, 3.13804712e-01,
       3.54494253e-01, 3.91268109e-01, 4.56657414e-01, 5.42355774e-01,
       6.03167726e-01, 6.99918575e-01, 8.08623777e-01, 8.90200225e-01,
       9.63117246e-01, 9.91935006e-01, 1.00000000e+00, 1.00000000e+00,
       1.00000000e+00]), array([0.00000000e+00, 0.00000000e+00, 0.00000000e+00, 0.00000000e+00,
       0.00000000e+00, 0.00000000e+00, 0.00000000e+00, 0.00000000e+00,
       0.00000000e+00, 0.00000000e+00, 0.00000000e+00, 0.00000000e+00,
       0.00000000e+00, 0.00000000e+00, 0.00000000e+00, 0.00000000e+00,
       0.00000000e+00, 0.00000000e+00, 0.00000000e+00, 0.00000000e+00,
       0.00000000e+00, 0.00000000e+00, 0.00000000e+00, 0.00000000e+00,
       0.00000000e+00, 0.00000000e+00, 0.00000000e+00, 0.00000000e+00,
       0.00000000e+00, 0.00000000e+00, 0.00000000e+00, 0.00000000e+00,
       0.00000000e+00, 0.00000000e+00, 0.00000000e+00, 0.00000000e+00,
       0.00000000e+00, 0.00000000e+00, 0.00000000e+00, 0.00000000e+00,
       0.00000000e+00, 0.00000000e+00, 0.00000000e+00, 0.00000000e+00,
       0.00000000e+00, 0.00000000e+00, 0.00000000e+00, 0.00000000e+00,
       0.00000000e+00, 0.00000000e+00, 0.00000000e+00, 8.40661074e-04,
       8.40661074e-04, 8.40661074e-04, 8.40661074e-04, 8.40661074e-04,
       8.40661074e-04, 8.40661074e-04, 2.78780702e-03, 3.77322984e-03,
       4.76743485e-03, 6.80153715e-03, 7.83295237e-03, 1.09943697e-02,
       1.31284890e-02, 1.74636682e-02, 2.29640410e-02, 2.96931274e-02,
       3.88021858e-02, 4.80365930e-02, 5.38766032e-02, 5.85989182e-02,
       6.58115608e-02, 7.18977337e-02, 7.68326788e-02, 8.55943184e-02,
       9.95493252e-02, 1.08547805e-01, 1.34641658e-01, 1.55787788e-01,
       1.67824303e-01, 1.86774413e-01, 2.05916214e-01, 2.26719966e-01,
       2.57623185e-01, 3.01698481e-01, 3.47736040e-01, 3.89897750e-01,
       4.47264490e-01, 5.03816657e-01, 5.95632788e-01, 6.82426416e-01,
       7.62401539e-01, 8.35468049e-01, 9.14016589e-01, 9.79111993e-01,
       9.93523897e-01, 1.00000000e+00, 1.00000000e+00, 1.00000000e+00,
       1.00000000e+00])]","[{'lambda_reg': 0.14879655658186847, 'K_bin': 1, 'gamma': 0.04255007010130248}, {'lambda_reg': 0.14879655658186847, 'K_bin': 1, 'gamma': 0.04255007010130248}, {'lambda_reg': 0.1862455022749636, 'K_bin': 1, 'gamma': 0.03299263281612611}, {'lambda_reg': 0.1862455022749636, 'K_bin': 1, 'gamma': 0.03299263281612611}, {'lambda_reg': 0.10833638781816698, 'K_bin': 1, 'gamma': 0.007583182468315394}]",Outros,exponential,17
"[np.float64(0.09573107468829355), np.float64(0.09449071680757123), np.float64(0.14016087308835792), np.float64(0.09305287880849654), np.float64(0.09972804297358887)]",0.1046327172732616,0.0179025012701257,"[np.float64(0.6176189869575405), np.float64(0.6121824287119263), np.float64(0.6185377595008295), np.float64(0.6213478045202709), np.float64(0.6643452232135181)]",0.626806440580817,0.0190031524922078,"[np.float64(0.6956954693087342), np.float64(0.6808843990390163), np.float64(0.6763862467951391), np.float64(0.7077211293930338), np.float64(0.6725197957975982)]",0.6866414080667044,0.0131458137435443,"[array([0.        , 0.        , 0.        , 0.        , 0.        ,
       0.        , 0.        , 0.        , 0.        , 0.        ,
       0.        , 0.        , 0.        , 0.        , 0.        ,
       0.        , 0.        , 0.        , 0.        , 0.        ,
       0.        , 0.        , 0.        , 0.        , 0.        ,
       0.        , 0.        , 0.        , 0.        , 0.        ,
       0.        , 0.        , 0.        , 0.        , 0.        ,
       0.        , 0.        , 0.        , 0.        , 0.        ,
       0.        , 0.        , 0.        , 0.        , 0.        ,
       0.        , 0.        , 0.01083455, 0.02153484, 0.02153484,
       0.02153484, 0.02153484, 0.02153484, 0.02153484, 0.02153484,
       0.03077849, 0.03985337, 0.03985337, 0.04860689, 0.05701976,
       0.06538931, 0.07348876, 0.08132427, 0.08132427, 0.08132427,
       0.08854599, 0.09554081, 0.10242166, 0.12238405, 0.15472984,
       0.16089131, 0.17902991, 0.18483807, 0.18483807, 0.21204813,
       0.2382123 , 0.26320157, 0.28256329, 0.30092534, 0.3231052 ,
       0.37357001, 0.41319196, 0.45472729, 0.4688787 , 0.49270324,
       0.53082992, 0.57201707, 0.61324874, 0.66205906, 0.71111651,
       0.76433771, 0.8186249 , 0.86323925, 0.90815258, 0.94015599,
       0.96391232, 0.98441297, 0.99526798, 0.99965529, 1.        ,
       1.        ]), array([0.01897412, 0.01897412, 0.01897412, 0.01897412, 0.01897412,
       0.01897412, 0.01897412, 0.01897412, 0.01897412, 0.01897412,
       0.01897412, 0.01897412, 0.01897412, 0.01897412, 0.01897412,
       0.01897412, 0.01897412, 0.01897412, 0.01897412, 0.01897412,
       0.01897412, 0.01897412, 0.01897412, 0.01897412, 0.01897412,
       0.01897412, 0.01897412, 0.01897412, 0.01897412, 0.01897412,
       0.01897412, 0.01897412, 0.01897412, 0.01897412, 0.01897412,
       0.01897412, 0.01897412, 0.01897412, 0.01897412, 0.01897412,
       0.01897412, 0.01897412, 0.01897412, 0.01897412, 0.01897412,
       0.01897412, 0.01897412, 0.01897412, 0.01897412, 0.01897412,
       0.01897412, 0.01897412, 0.01897412, 0.01897412, 0.02786966,
       0.02786966, 0.02786966, 0.02786966, 0.03585947, 0.03585947,
       0.03585947, 0.03585947, 0.04315065, 0.04315065, 0.05013698,
       0.0568598 , 0.0568598 , 0.06950294, 0.09412201, 0.10014152,
       0.12298523, 0.17299472, 0.20006211, 0.20522868, 0.2304718 ,
       0.26426967, 0.27826581, 0.2960593 , 0.32572665, 0.34616705,
       0.36568757, 0.39522734, 0.44108539, 0.48429406, 0.55047403,
       0.59430434, 0.64906105, 0.67466351, 0.70553701, 0.7290398 ,
       0.77277588, 0.83236317, 0.89363091, 0.94986388, 0.96839083,
       0.9816286 , 0.99869013, 1.        , 1.        , 1.        ,
       1.        ]), array([0.        , 0.        , 0.        , 0.        , 0.        ,
       0.        , 0.        , 0.        , 0.        , 0.        ,
       0.        , 0.        , 0.        , 0.        , 0.        ,
       0.        , 0.        , 0.        , 0.        , 0.        ,
       0.        , 0.        , 0.        , 0.        , 0.        ,
       0.        , 0.        , 0.        , 0.        , 0.        ,
       0.        , 0.        , 0.        , 0.        , 0.        ,
       0.        , 0.        , 0.        , 0.        , 0.        ,
       0.        , 0.        , 0.        , 0.        , 0.        ,
       0.        , 0.        , 0.        , 0.        , 0.        ,
       0.        , 0.        , 0.        , 0.        , 0.        ,
       0.        , 0.01017709, 0.01017709, 0.01017709, 0.01017709,
       0.01017709, 0.01017709, 0.01017709, 0.01017709, 0.01017709,
       0.01017709, 0.01017709, 0.0177852 , 0.0177852 , 0.03220245,
       0.03922076, 0.04601894, 0.06560096, 0.07810929, 0.08412797,
       0.1135169 , 0.16997426, 0.21305353, 0.22357607, 0.24356975,
       0.27192483, 0.28977658, 0.33217819, 0.36439107, 0.42117504,
       0.47103623, 0.51427418, 0.56683016, 0.6213486 , 0.66389051,
       0.70447309, 0.74806844, 0.81670081, 0.87142171, 0.91219056,
       0.95586727, 0.98724338, 0.99610248, 0.99971587, 1.        ,
       1.        ]), array([0.        , 0.        , 0.        , 0.        , 0.        ,
       0.        , 0.        , 0.        , 0.        , 0.        ,
       0.        , 0.        , 0.        , 0.        , 0.        ,
       0.        , 0.        , 0.        , 0.        , 0.        ,
       0.        , 0.        , 0.        , 0.        , 0.        ,
       0.        , 0.        , 0.        , 0.        , 0.        ,
       0.        , 0.        , 0.        , 0.        , 0.        ,
       0.        , 0.        , 0.        , 0.        , 0.        ,
       0.        , 0.        , 0.        , 0.        , 0.        ,
       0.        , 0.        , 0.        , 0.        , 0.        ,
       0.        , 0.        , 0.        , 0.        , 0.        ,
       0.        , 0.        , 0.00826767, 0.00826767, 0.00826767,
       0.00826767, 0.0157293 , 0.02297424, 0.02297424, 0.02297424,
       0.03637942, 0.04940378, 0.07459599, 0.09321174, 0.12285641,
       0.15735109, 0.20768976, 0.22940824, 0.27088361, 0.30091392,
       0.32986991, 0.37139322, 0.40246884, 0.42813074, 0.44445286,
       0.47170503, 0.50121643, 0.55382676, 0.59019849, 0.61830181,
       0.66488564, 0.70354128, 0.73170452, 0.75075097, 0.77853289,
       0.81640385, 0.85650428, 0.88237118, 0.90742648, 0.93111419,
       0.95431213, 0.97925653, 0.99344977, 0.9989887 , 1.        ,
       1.        ]), array([0.        , 0.        , 0.        , 0.        , 0.        ,
       0.        , 0.        , 0.        , 0.        , 0.        ,
       0.        , 0.        , 0.        , 0.        , 0.        ,
       0.        , 0.        , 0.        , 0.        , 0.        ,
       0.        , 0.        , 0.        , 0.        , 0.        ,
       0.        , 0.        , 0.        , 0.        , 0.        ,
       0.        , 0.        , 0.        , 0.        , 0.        ,
       0.        , 0.        , 0.        , 0.        , 0.        ,
       0.        , 0.        , 0.        , 0.        , 0.        ,
       0.        , 0.        , 0.        , 0.        , 0.        ,
       0.        , 0.        , 0.        , 0.        , 0.        ,
       0.        , 0.        , 0.        , 0.        , 0.        ,
       0.        , 0.        , 0.        , 0.00780997, 0.00780997,
       0.01535734, 0.02990467, 0.04403366, 0.04403366, 0.07055636,
       0.0897454 , 0.09600116, 0.10204386, 0.13686423, 0.14791397,
       0.17501498, 0.21642363, 0.24632043, 0.26055711, 0.27408539,
       0.30437102, 0.33302494, 0.36050427, 0.39741222, 0.45621027,
       0.5015966 , 0.55677797, 0.61306367, 0.65497815, 0.69873667,
       0.76792997, 0.80800656, 0.84884129, 0.90271085, 0.94015929,
       0.97227415, 0.99347091, 0.99952685, 1.        , 1.        ,
       1.        ])]","[array([0.        , 0.        , 0.        , 0.        , 0.        ,
       0.        , 0.        , 0.        , 0.        , 0.        ,
       0.        , 0.        , 0.        , 0.        , 0.        ,
       0.        , 0.        , 0.        , 0.        , 0.        ,
       0.        , 0.        , 0.        , 0.        , 0.        ,
       0.        , 0.        , 0.        , 0.        , 0.        ,
       0.        , 0.        , 0.        , 0.        , 0.        ,
       0.        , 0.        , 0.        , 0.        , 0.        ,
       0.        , 0.        , 0.        , 0.        , 0.        ,
       0.        , 0.        , 0.00143246, 0.00288493, 0.00288493,
       0.00288493, 0.00288493, 0.00288493, 0.00288493, 0.00288493,
       0.00455461, 0.00624946, 0.00624946, 0.00799223, 0.0097858 ,
       0.01158582, 0.01342612, 0.01530578, 0.01530578, 0.01530578,
       0.01727696, 0.01928198, 0.02130399, 0.02747145, 0.03788846,
       0.04001774, 0.04645715, 0.04863912, 0.04863912, 0.05982194,
       0.07116072, 0.0826747 , 0.09197978, 0.10143392, 0.11336682,
       0.14241836, 0.16699064, 0.19432565, 0.20440766, 0.22219142,
       0.25308277, 0.28961385, 0.32918634, 0.37982095, 0.43651481,
       0.50477999, 0.58203037, 0.65462701, 0.73632323, 0.80470425,
       0.86517089, 0.92917104, 0.97327316, 0.99700335, 1.        ,
       1.        ]), array([0.        , 0.        , 0.        , 0.        , 0.        ,
       0.        , 0.        , 0.        , 0.        , 0.        ,
       0.        , 0.        , 0.        , 0.        , 0.        ,
       0.        , 0.        , 0.        , 0.        , 0.        ,
       0.        , 0.        , 0.        , 0.        , 0.        ,
       0.        , 0.        , 0.        , 0.        , 0.        ,
       0.        , 0.        , 0.        , 0.        , 0.        ,
       0.        , 0.        , 0.        , 0.        , 0.        ,
       0.        , 0.        , 0.        , 0.        , 0.        ,
       0.        , 0.        , 0.        , 0.        , 0.        ,
       0.        , 0.        , 0.        , 0.        , 0.00164299,
       0.00164299, 0.00164299, 0.00164299, 0.00343364, 0.00343364,
       0.00343364, 0.00343364, 0.00533818, 0.00533818, 0.00729241,
       0.0092896 , 0.0092896 , 0.0134148 , 0.02177397, 0.02388582,
       0.0325344 , 0.05222014, 0.06327332, 0.06552421, 0.07687478,
       0.09301704, 0.10001482, 0.10948668, 0.1263023 , 0.1384358 ,
       0.15071927, 0.17064881, 0.20338385, 0.23655078, 0.29071804,
       0.3299699 , 0.38290623, 0.4096639 , 0.44484169, 0.47503478,
       0.53595395, 0.62831355, 0.73586489, 0.85042325, 0.89380004,
       0.93185278, 0.99093413, 0.99690687, 0.99690687, 0.99690687,
       1.        ]), array([0.        , 0.        , 0.        , 0.        , 0.        ,
       0.        , 0.        , 0.        , 0.        , 0.        ,
       0.        , 0.        , 0.        , 0.        , 0.        ,
       0.        , 0.        , 0.        , 0.        , 0.        ,
       0.        , 0.        , 0.        , 0.        , 0.        ,
       0.        , 0.        , 0.        , 0.        , 0.        ,
       0.        , 0.        , 0.        , 0.        , 0.        ,
       0.        , 0.        , 0.        , 0.        , 0.        ,
       0.        , 0.        , 0.        , 0.        , 0.        ,
       0.        , 0.        , 0.        , 0.        , 0.        ,
       0.        , 0.        , 0.        , 0.        , 0.        ,
       0.        , 0.00167616, 0.00167616, 0.00167616, 0.00167616,
       0.00167616, 0.00167616, 0.00167616, 0.00167616, 0.00167616,
       0.00167616, 0.00167616, 0.00368838, 0.00368838, 0.00781735,
       0.00990673, 0.01202491, 0.01848573, 0.02286442, 0.02508456,
       0.03627746, 0.05896682, 0.07739126, 0.08202972, 0.09144418,
       0.10577982, 0.11547448, 0.14000255, 0.1598485 , 0.19753258,
       0.23311479, 0.26655593, 0.31080808, 0.36081849, 0.40337316,
       0.44919163, 0.50363845, 0.59992238, 0.68900368, 0.76487269,
       0.86141374, 0.94753395, 0.97945743, 0.99702968, 1.        ,
       1.        ]), array([0.        , 0.        , 0.        , 0.        , 0.        ,
       0.        , 0.        , 0.        , 0.        , 0.        ,
       0.        , 0.        , 0.        , 0.        , 0.        ,
       0.        , 0.        , 0.        , 0.        , 0.        ,
       0.        , 0.        , 0.        , 0.        , 0.        ,
       0.        , 0.        , 0.        , 0.        , 0.        ,
       0.        , 0.        , 0.        , 0.        , 0.        ,
       0.        , 0.        , 0.        , 0.        , 0.        ,
       0.        , 0.        , 0.        , 0.        , 0.        ,
       0.        , 0.        , 0.        , 0.        , 0.        ,
       0.        , 0.        , 0.        , 0.        , 0.        ,
       0.        , 0.        , 0.00174229, 0.00174229, 0.00174229,
       0.00174229, 0.00361641, 0.00552598, 0.00552598, 0.00552598,
       0.00952254, 0.01358138, 0.02183916, 0.02807804, 0.03870215,
       0.05162755, 0.07124519, 0.08007115, 0.09804393, 0.11169955,
       0.12553089, 0.14659041, 0.16316964, 0.17753978, 0.1872484 ,
       0.20445301, 0.22438268, 0.26219629, 0.29028761, 0.31354218,
       0.3554361 , 0.39243762, 0.42187156, 0.44351293, 0.47919843,
       0.53180123, 0.59332314, 0.63860563, 0.69021004, 0.74513273,
       0.8094193 , 0.89508232, 0.95774715, 0.99088165, 1.        ,
       1.        ]), array([0.        , 0.        , 0.        , 0.        , 0.        ,
       0.        , 0.        , 0.        , 0.        , 0.        ,
       0.        , 0.        , 0.        , 0.        , 0.        ,
       0.        , 0.        , 0.        , 0.        , 0.        ,
       0.        , 0.        , 0.        , 0.        , 0.        ,
       0.        , 0.        , 0.        , 0.        , 0.        ,
       0.        , 0.        , 0.        , 0.        , 0.        ,
       0.        , 0.        , 0.        , 0.        , 0.        ,
       0.        , 0.        , 0.        , 0.        , 0.        ,
       0.        , 0.        , 0.        , 0.        , 0.        ,
       0.        , 0.        , 0.        , 0.        , 0.        ,
       0.        , 0.        , 0.        , 0.        , 0.        ,
       0.        , 0.        , 0.        , 0.00191522, 0.00191522,
       0.00386838, 0.00785383, 0.01189974, 0.01189974, 0.02024235,
       0.02660091, 0.02874075, 0.03091138, 0.04414267, 0.04863361,
       0.05993659, 0.07830361, 0.09224647, 0.09932077, 0.10649744,
       0.12342806, 0.14059451, 0.15793071, 0.18303608, 0.22628544,
       0.26234128, 0.30915728, 0.36190159, 0.40454709, 0.45301397,
       0.53737624, 0.59246316, 0.65657235, 0.75228111, 0.8290555 ,
       0.90964467, 0.97354808, 0.99702443, 1.        , 1.        ,
       1.        ])]","[{'lambda_reg': 3.855546860941396e-05, 'K_bin': 1, 'gamma': 0.002802871752696893, 'degree': 4, 'coef0': 4.19190981881161}, {'lambda_reg': 0.1452824663751603, 'K_bin': 1, 'gamma': 0.0070689749506246055, 'degree': 2, 'coef0': 0.9170225492671691}, {'lambda_reg': 0.0003334792728637581, 'K_bin': 1, 'gamma': 0.002458603276328005, 'degree': 5, 'coef0': 2.2007624686980067}, {'lambda_reg': 0.0003334792728637581, 'K_bin': 1, 'gamma': 0.002458603276328005, 'degree': 5, 'coef0': 2.2007624686980067}, {'lambda_reg': 0.0029400732011271133, 'K_bin': 1, 'gamma': 0.004198896529704677, 'degree': 3, 'coef0': 0.7319394936109267}]",Joao_Pessoa,polynomial,13
