test_ibs,mean_ibs,std_ibs,test_cindex,mean_cindex,std_cindex,test_auc,mean_auc,std_auc,test_tpr,test_fpr,best_params,city,kernel,task
"[np.float64(0.1321176892587823), np.float64(0.09688709963384717), np.float64(0.1060670037410513), np.float64(0.12618303320276977), np.float64(0.0925280532975581)]",0.1107565758268017,0.0157537693523805,"[np.float64(0.6429847436765015), np.float64(0.7139340529676458), np.float64(0.6970981122191876), np.float64(0.697516369848854), np.float64(0.6746366071469421)]",0.6852339771718262,0.0245463284560738,"[np.float64(0.7103613488487299), np.float64(0.7828559097323782), np.float64(0.6913334433167778), np.float64(0.7151864821778787), np.float64(0.6781483600647489)]",0.7155771088281027,0.0361730848667201,"[array([0.        , 0.        , 0.        , 0.        , 0.        ,
       0.        , 0.        , 0.        , 0.        , 0.        ,
       0.        , 0.        , 0.        , 0.        , 0.        ,
       0.        , 0.        , 0.        , 0.        , 0.        ,
       0.        , 0.        , 0.        , 0.        , 0.        ,
       0.        , 0.        , 0.        , 0.        , 0.        ,
       0.        , 0.        , 0.        , 0.        , 0.        ,
       0.        , 0.        , 0.        , 0.        , 0.        ,
       0.        , 0.        , 0.        , 0.        , 0.        ,
       0.        , 0.        , 0.        , 0.        , 0.006166  ,
       0.006166  , 0.006166  , 0.006166  , 0.01760368, 0.0232295 ,
       0.0232295 , 0.02858779, 0.03382622, 0.04399199, 0.04399199,
       0.05370485, 0.06788731, 0.07246662, 0.07246662, 0.09000856,
       0.09425282, 0.10674938, 0.11884363, 0.12270147, 0.13780729,
       0.13780729, 0.14840446, 0.15529287, 0.17500579, 0.20353661,
       0.22176487, 0.23948601, 0.26742988, 0.30248866, 0.33087624,
       0.34794582, 0.38757374, 0.42308581, 0.45647217, 0.49996084,
       0.52200821, 0.560313  , 0.60066038, 0.65636973, 0.710147  ,
       0.75045952, 0.79468747, 0.84427705, 0.88059777, 0.91696885,
       0.94861658, 0.97325008, 0.98801701, 0.99638303, 0.99961738,
       1.        ]), array([0.        , 0.01126455, 0.01126455, 0.01126455, 0.01126455,
       0.01126455, 0.01126455, 0.02184388, 0.02184388, 0.02184388,
       0.02184388, 0.02184388, 0.02184388, 0.02184388, 0.02184388,
       0.02184388, 0.02184388, 0.02184388, 0.02184388, 0.02184388,
       0.02184388, 0.02184388, 0.02184388, 0.02184388, 0.02184388,
       0.02184388, 0.02184388, 0.02184388, 0.02184388, 0.02184388,
       0.02184388, 0.02184388, 0.02965262, 0.03734022, 0.04493122,
       0.04493122, 0.05226012, 0.05226012, 0.05226012, 0.05924302,
       0.05924302, 0.06595098, 0.06595098, 0.06595098, 0.06595098,
       0.07859359, 0.07859359, 0.08460594, 0.09057719, 0.09637875,
       0.10211664, 0.10777609, 0.11330557, 0.124102  , 0.13461457,
       0.13978148, 0.14990398, 0.15486079, 0.16928273, 0.1739853 ,
       0.1831466 , 0.19200429, 0.19640273, 0.20068335, 0.21306797,
       0.22511218, 0.23285884, 0.23665581, 0.24030577, 0.24750539,
       0.2751468 , 0.28848438, 0.31441353, 0.34581417, 0.36082028,
       0.37817728, 0.40599143, 0.42746192, 0.45795312, 0.49217535,
       0.51778286, 0.54636076, 0.57772678, 0.6118106 , 0.64911015,
       0.68057091, 0.70033642, 0.72640833, 0.75869086, 0.8054974 ,
       0.82092375, 0.85197739, 0.87900586, 0.90847555, 0.93061886,
       0.95113275, 0.96221146, 0.97625133, 0.98666206, 0.99617368,
       1.        ]), array([0.        , 0.        , 0.        , 0.        , 0.        ,
       0.        , 0.        , 0.        , 0.        , 0.        ,
       0.        , 0.        , 0.        , 0.        , 0.        ,
       0.        , 0.        , 0.        , 0.        , 0.        ,
       0.        , 0.        , 0.        , 0.        , 0.        ,
       0.        , 0.        , 0.        , 0.        , 0.        ,
       0.        , 0.        , 0.        , 0.        , 0.        ,
       0.        , 0.        , 0.        , 0.        , 0.        ,
       0.        , 0.        , 0.        , 0.        , 0.        ,
       0.0065935 , 0.0065935 , 0.0065935 , 0.0065935 , 0.0065935 ,
       0.0065935 , 0.0065935 , 0.0065935 , 0.0065935 , 0.0065935 ,
       0.01200036, 0.01200036, 0.01200036, 0.02212176, 0.02707435,
       0.03185753, 0.03185753, 0.03642646, 0.04539311, 0.05404257,
       0.05404257, 0.06633319, 0.07033513, 0.08197326, 0.10047171,
       0.1150458 , 0.13948118, 0.15282165, 0.16266087, 0.18152337,
       0.19963376, 0.21709196, 0.23112382, 0.24170646, 0.28514371,
       0.31934594, 0.35159027, 0.38434796, 0.4298129 , 0.47289568,
       0.50581785, 0.55922217, 0.60085   , 0.64824701, 0.68492497,
       0.72728188, 0.7802868 , 0.83439129, 0.89058943, 0.92912928,
       0.95944896, 0.98105595, 0.99553191, 0.99894812, 1.        ,
       1.        ]), array([0.        , 0.        , 0.        , 0.        , 0.        ,
       0.        , 0.        , 0.        , 0.        , 0.        ,
       0.        , 0.        , 0.        , 0.        , 0.        ,
       0.        , 0.        , 0.        , 0.        , 0.        ,
       0.        , 0.        , 0.        , 0.        , 0.        ,
       0.        , 0.        , 0.        , 0.        , 0.        ,
       0.        , 0.        , 0.        , 0.        , 0.        ,
       0.        , 0.        , 0.00796265, 0.00796265, 0.00796265,
       0.00796265, 0.00796265, 0.00796265, 0.00796265, 0.00796265,
       0.00796265, 0.00796265, 0.00796265, 0.01451097, 0.01451097,
       0.01451097, 0.0207679 , 0.0207679 , 0.0207679 , 0.0207679 ,
       0.0207679 , 0.0263824 , 0.0318229 , 0.03720165, 0.04757372,
       0.04757372, 0.05745953, 0.06233774, 0.06233774, 0.06688206,
       0.08014211, 0.10171349, 0.10588917, 0.10588917, 0.12576627,
       0.12952762, 0.14789043, 0.15860915, 0.18278841, 0.20264632,
       0.2313078 , 0.25274518, 0.28808602, 0.3076336 , 0.32632817,
       0.36213768, 0.40618999, 0.42944195, 0.46892663, 0.49169925,
       0.52672608, 0.56301063, 0.595324  , 0.63119259, 0.66877059,
       0.70815777, 0.74500988, 0.78869491, 0.83641416, 0.89399866,
       0.93804984, 0.97109659, 0.98856749, 0.99758807, 1.        ,
       1.        ]), array([0.        , 0.        , 0.        , 0.        , 0.        ,
       0.        , 0.        , 0.        , 0.        , 0.        ,
       0.        , 0.        , 0.        , 0.        , 0.        ,
       0.        , 0.        , 0.        , 0.        , 0.        ,
       0.        , 0.        , 0.        , 0.        , 0.        ,
       0.        , 0.        , 0.        , 0.        , 0.        ,
       0.        , 0.        , 0.        , 0.        , 0.        ,
       0.        , 0.        , 0.        , 0.        , 0.        ,
       0.        , 0.        , 0.        , 0.        , 0.        ,
       0.00635253, 0.00635253, 0.00635253, 0.00635253, 0.00635253,
       0.00635253, 0.00635253, 0.00635253, 0.00635253, 0.00635253,
       0.00635253, 0.00635253, 0.00635253, 0.00635253, 0.00635253,
       0.0156107 , 0.02007894, 0.02007894, 0.02865526, 0.03283159,
       0.03283159, 0.04066427, 0.05986742, 0.08219953, 0.09296472,
       0.10350587, 0.11709357, 0.14294219, 0.15865976, 0.17992689,
       0.20909523, 0.22034837, 0.23927692, 0.26519497, 0.29221455,
       0.32750457, 0.36764362, 0.38872176, 0.43666413, 0.47243547,
       0.50771668, 0.54242028, 0.5764005 , 0.6333773 , 0.6762713 ,
       0.74307615, 0.79973834, 0.85565442, 0.89957197, 0.94445769,
       0.97337184, 0.99413579, 0.99867243, 0.99979354, 1.        ,
       1.        ])]","[array([0.00000000e+00, 0.00000000e+00, 0.00000000e+00, 0.00000000e+00,
       0.00000000e+00, 0.00000000e+00, 0.00000000e+00, 0.00000000e+00,
       0.00000000e+00, 0.00000000e+00, 0.00000000e+00, 0.00000000e+00,
       0.00000000e+00, 0.00000000e+00, 0.00000000e+00, 0.00000000e+00,
       0.00000000e+00, 0.00000000e+00, 0.00000000e+00, 0.00000000e+00,
       0.00000000e+00, 0.00000000e+00, 0.00000000e+00, 0.00000000e+00,
       0.00000000e+00, 0.00000000e+00, 0.00000000e+00, 0.00000000e+00,
       0.00000000e+00, 0.00000000e+00, 0.00000000e+00, 0.00000000e+00,
       0.00000000e+00, 0.00000000e+00, 0.00000000e+00, 0.00000000e+00,
       0.00000000e+00, 0.00000000e+00, 0.00000000e+00, 0.00000000e+00,
       0.00000000e+00, 0.00000000e+00, 0.00000000e+00, 0.00000000e+00,
       0.00000000e+00, 0.00000000e+00, 0.00000000e+00, 0.00000000e+00,
       0.00000000e+00, 7.97160450e-04, 7.97160450e-04, 7.97160450e-04,
       7.97160450e-04, 2.51377239e-03, 3.38479815e-03, 3.38479815e-03,
       4.29240825e-03, 5.21640775e-03, 7.10694568e-03, 7.10694568e-03,
       9.05941667e-03, 1.20410215e-02, 1.30551506e-02, 1.30551506e-02,
       1.72176891e-02, 1.82776358e-02, 2.14897755e-02, 2.47569295e-02,
       2.58697159e-02, 3.03653793e-02, 3.03653793e-02, 3.38372502e-02,
       3.61759476e-02, 4.33222631e-02, 5.41837541e-02, 6.15330896e-02,
       6.89517687e-02, 8.15338444e-02, 9.80639697e-02, 1.12225694e-01,
       1.21373794e-01, 1.43840410e-01, 1.65229519e-01, 1.86909306e-01,
       2.17049603e-01, 2.33718636e-01, 2.64567797e-01, 3.00058616e-01,
       3.53132657e-01, 4.09751544e-01, 4.56729391e-01, 5.14654091e-01,
       5.88248851e-01, 6.48895139e-01, 7.19376480e-01, 7.93784357e-01,
       8.64230419e-01, 9.19622442e-01, 9.64407489e-01, 9.91850704e-01,
       1.00000000e+00]), array([0.00000000e+00, 1.10463617e-05, 1.10463617e-05, 1.10463617e-05,
       1.10463617e-05, 1.10463617e-05, 1.10463617e-05, 1.21995265e-04,
       1.21995265e-04, 1.21995265e-04, 1.21995265e-04, 1.21995265e-04,
       1.21995265e-04, 1.21995265e-04, 1.21995265e-04, 1.21995265e-04,
       1.21995265e-04, 1.21995265e-04, 1.21995265e-04, 1.21995265e-04,
       1.21995265e-04, 1.21995265e-04, 1.21995265e-04, 1.21995265e-04,
       1.21995265e-04, 1.21995265e-04, 1.21995265e-04, 1.21995265e-04,
       1.21995265e-04, 1.21995265e-04, 1.21995265e-04, 1.21995265e-04,
       6.36889454e-04, 1.16944523e-03, 1.71608478e-03, 1.71608478e-03,
       2.30093889e-03, 2.30093889e-03, 2.30093889e-03, 2.93623792e-03,
       2.93623792e-03, 3.61162193e-03, 3.61162193e-03, 3.61162193e-03,
       3.61162193e-03, 5.07513776e-03, 5.07513776e-03, 5.85194114e-03,
       6.63473587e-03, 7.44227093e-03, 8.25909055e-03, 9.08734388e-03,
       9.93454910e-03, 1.16672329e-02, 1.34413019e-02, 1.43413674e-02,
       1.61723093e-02, 1.71030074e-02, 1.99604886e-02, 2.09282543e-02,
       2.28993357e-02, 2.49146826e-02, 2.59267883e-02, 2.69560736e-02,
       3.01105909e-02, 3.33147390e-02, 3.54920703e-02, 3.65918697e-02,
       3.77131021e-02, 3.99701918e-02, 4.91672459e-02, 5.38362122e-02,
       6.32829089e-02, 7.52386522e-02, 8.13177371e-02, 8.87074562e-02,
       1.01186101e-01, 1.11282859e-01, 1.26677969e-01, 1.44835881e-01,
       1.59289634e-01, 1.76617087e-01, 1.96844813e-01, 2.19983065e-01,
       2.47612634e-01, 2.72786710e-01, 2.89745598e-01, 3.14051965e-01,
       3.47373164e-01, 4.00070835e-01, 4.19315748e-01, 4.62736438e-01,
       5.05090600e-01, 5.58662550e-01, 6.05035730e-01, 6.56606636e-01,
       6.91365908e-01, 7.48840871e-01, 8.08498339e-01, 8.98047863e-01,
       1.00000000e+00]), array([0.00000000e+00, 0.00000000e+00, 0.00000000e+00, 0.00000000e+00,
       0.00000000e+00, 0.00000000e+00, 0.00000000e+00, 0.00000000e+00,
       0.00000000e+00, 0.00000000e+00, 0.00000000e+00, 0.00000000e+00,
       0.00000000e+00, 0.00000000e+00, 0.00000000e+00, 0.00000000e+00,
       0.00000000e+00, 0.00000000e+00, 0.00000000e+00, 0.00000000e+00,
       0.00000000e+00, 0.00000000e+00, 0.00000000e+00, 0.00000000e+00,
       0.00000000e+00, 0.00000000e+00, 0.00000000e+00, 0.00000000e+00,
       0.00000000e+00, 0.00000000e+00, 0.00000000e+00, 0.00000000e+00,
       0.00000000e+00, 0.00000000e+00, 0.00000000e+00, 0.00000000e+00,
       0.00000000e+00, 0.00000000e+00, 0.00000000e+00, 0.00000000e+00,
       0.00000000e+00, 0.00000000e+00, 0.00000000e+00, 0.00000000e+00,
       0.00000000e+00, 7.28955786e-04, 7.28955786e-04, 7.28955786e-04,
       7.28955786e-04, 7.28955786e-04, 7.28955786e-04, 7.28955786e-04,
       7.28955786e-04, 7.28955786e-04, 7.28955786e-04, 1.62242177e-03,
       1.62242177e-03, 1.62242177e-03, 3.50533695e-03, 4.46178105e-03,
       5.44171335e-03, 5.44171335e-03, 6.45134773e-03, 8.49435122e-03,
       1.05813296e-02, 1.05813296e-02, 1.38065653e-02, 1.48948044e-02,
       1.82104997e-02, 2.38612110e-02, 2.84129292e-02, 3.65266749e-02,
       4.12494169e-02, 4.48145052e-02, 5.20578009e-02, 5.94053667e-02,
       6.68433495e-02, 7.31132927e-02, 7.82183702e-02, 1.00128306e-01,
       1.18389389e-01, 1.36921908e-01, 1.57026310e-01, 1.86870403e-01,
       2.17044750e-01, 2.42055511e-01, 2.85586402e-01, 3.22534673e-01,
       3.68541450e-01, 4.07819006e-01, 4.57810631e-01, 5.27685755e-01,
       6.08909815e-01, 7.04631104e-01, 7.81440773e-01, 8.52817840e-01,
       9.17187534e-01, 9.72687525e-01, 9.90287506e-01, 1.00000000e+00,
       1.00000000e+00]), array([0.00000000e+00, 0.00000000e+00, 0.00000000e+00, 0.00000000e+00,
       0.00000000e+00, 0.00000000e+00, 0.00000000e+00, 0.00000000e+00,
       0.00000000e+00, 0.00000000e+00, 0.00000000e+00, 0.00000000e+00,
       0.00000000e+00, 0.00000000e+00, 0.00000000e+00, 0.00000000e+00,
       0.00000000e+00, 0.00000000e+00, 0.00000000e+00, 0.00000000e+00,
       0.00000000e+00, 0.00000000e+00, 0.00000000e+00, 0.00000000e+00,
       0.00000000e+00, 0.00000000e+00, 0.00000000e+00, 0.00000000e+00,
       0.00000000e+00, 0.00000000e+00, 0.00000000e+00, 0.00000000e+00,
       0.00000000e+00, 0.00000000e+00, 0.00000000e+00, 0.00000000e+00,
       0.00000000e+00, 5.93759191e-04, 5.93759191e-04, 5.93759191e-04,
       5.93759191e-04, 5.93759191e-04, 5.93759191e-04, 5.93759191e-04,
       5.93759191e-04, 5.93759191e-04, 5.93759191e-04, 5.93759191e-04,
       1.37174914e-03, 1.37174914e-03, 1.37174914e-03, 2.18769398e-03,
       2.18769398e-03, 2.18769398e-03, 2.18769398e-03, 2.18769398e-03,
       3.08731978e-03, 4.00961194e-03, 4.93994772e-03, 6.85082474e-03,
       6.85082474e-03, 8.82504093e-03, 9.82057625e-03, 9.82057625e-03,
       1.08596032e-02, 1.40252608e-02, 1.93702240e-02, 2.04572693e-02,
       2.04572693e-02, 2.60229281e-02, 2.71639434e-02, 3.29268509e-02,
       3.64235389e-02, 4.46907336e-02, 5.18898553e-02, 6.28351311e-02,
       7.14594796e-02, 8.64276054e-02, 9.52981160e-02, 1.04279739e-01,
       1.22448746e-01, 1.46067917e-01, 1.59348795e-01, 1.83562940e-01,
       1.98537221e-01, 2.23332039e-01, 2.51224959e-01, 2.78004195e-01,
       3.10844192e-01, 3.48354419e-01, 3.92152844e-01, 4.37912450e-01,
       4.99091659e-01, 5.76055026e-01, 6.84352659e-01, 7.82996371e-01,
       8.73287716e-01, 9.36250581e-01, 9.80742594e-01, 1.00000000e+00,
       1.00000000e+00]), array([0.00000000e+00, 0.00000000e+00, 0.00000000e+00, 0.00000000e+00,
       0.00000000e+00, 0.00000000e+00, 0.00000000e+00, 0.00000000e+00,
       0.00000000e+00, 0.00000000e+00, 0.00000000e+00, 0.00000000e+00,
       0.00000000e+00, 0.00000000e+00, 0.00000000e+00, 0.00000000e+00,
       0.00000000e+00, 0.00000000e+00, 0.00000000e+00, 0.00000000e+00,
       0.00000000e+00, 0.00000000e+00, 0.00000000e+00, 0.00000000e+00,
       0.00000000e+00, 0.00000000e+00, 0.00000000e+00, 0.00000000e+00,
       0.00000000e+00, 0.00000000e+00, 0.00000000e+00, 0.00000000e+00,
       0.00000000e+00, 0.00000000e+00, 0.00000000e+00, 0.00000000e+00,
       0.00000000e+00, 0.00000000e+00, 0.00000000e+00, 0.00000000e+00,
       0.00000000e+00, 0.00000000e+00, 0.00000000e+00, 0.00000000e+00,
       0.00000000e+00, 7.33956860e-04, 7.33956860e-04, 7.33956860e-04,
       7.33956860e-04, 7.33956860e-04, 7.33956860e-04, 7.33956860e-04,
       7.33956860e-04, 7.33956860e-04, 7.33956860e-04, 7.33956860e-04,
       7.33956860e-04, 7.33956860e-04, 7.33956860e-04, 7.33956860e-04,
       2.69967645e-03, 3.70576705e-03, 3.70576705e-03, 5.76996141e-03,
       6.81820917e-03, 6.81820917e-03, 8.98980202e-03, 1.44734545e-02,
       2.11566188e-02, 2.45560950e-02, 2.79879275e-02, 3.26311726e-02,
       4.21092805e-02, 4.80963298e-02, 5.65847030e-02, 6.88861762e-02,
       7.38665842e-02, 8.26927005e-02, 9.54635874e-02, 1.09726791e-01,
       1.29401173e-01, 1.53329454e-01, 1.66799331e-01, 1.99509058e-01,
       2.25719537e-01, 2.53652204e-01, 2.83319694e-01, 3.14743060e-01,
       3.72570461e-01, 4.20871909e-01, 5.03702369e-01, 5.81392041e-01,
       6.69097885e-01, 7.46976764e-01, 8.39578445e-01, 9.11367133e-01,
       9.74424476e-01, 9.91934716e-01, 9.98378414e-01, 1.00000000e+00,
       1.00000000e+00])]","[{'lambda_reg': 0.10833638781816698, 'gamma': 0.007583182468315394}, {'lambda_reg': 0.00438340760963184, 'gamma': 0.002584971091976724}, {'lambda_reg': 0.10833638781816698, 'gamma': 0.0036695914618347296}, {'lambda_reg': 0.10833638781816698, 'gamma': 0.007583182468315394}, {'lambda_reg': 0.20845058190648655, 'gamma': 0.0026903779919434587}]",Outros,rbf,78
"[np.float64(0.06160610024287745), np.float64(0.04427474439920952), np.float64(0.04853152226874539), np.float64(0.03389694656798195), np.float64(0.06820022615640209)]",0.0513019079270432,0.0122614704021615,"[np.float64(0.8048074461444413), np.float64(0.4469521084825873), np.float64(0.7683242407444969), np.float64(0.7214647170232402), np.float64(0.6494802804426797)]",0.6782057585674891,0.1267470468176559,"[np.float64(0.5333096495511744), np.float64(0.5016532362534387), np.float64(0.7948825408961337), np.float64(0.7175402044254027), np.float64(0.5032388685201805)]",0.6101248999292661,0.1222822487176895,"[array([0.        , 0.        , 0.        , 0.        , 0.        ,
       0.        , 0.        , 0.        , 0.        , 0.        ,
       0.        , 0.        , 0.        , 0.        , 0.        ,
       0.        , 0.        , 0.        , 0.        , 0.        ,
       0.        , 0.        , 0.        , 0.        , 0.        ,
       0.        , 0.        , 0.        , 0.        , 0.        ,
       0.        , 0.        , 0.        , 0.        , 0.        ,
       0.        , 0.        , 0.        , 0.        , 0.        ,
       0.        , 0.        , 0.        , 0.        , 0.        ,
       0.        , 0.        , 0.06909777, 0.06909777, 0.06909777,
       0.06909777, 0.06909777, 0.06909777, 0.06909777, 0.06909777,
       0.06909777, 0.06909777, 0.06909777, 0.06909777, 0.06909777,
       0.06909777, 0.06909777, 0.06909777, 0.06909777, 0.06909777,
       0.06909777, 0.06909777, 0.06909777, 0.06909777, 0.06909777,
       0.06909777, 0.06909777, 0.06909777, 0.06909777, 0.06909777,
       0.06909777, 0.06909777, 0.06909777, 0.06909777, 0.06909777,
       0.06909777, 0.06909777, 0.06909777, 0.06909777, 0.06909777,
       0.06909777, 0.06909777, 0.06909777, 0.06909777, 0.06909777,
       0.06909777, 0.06909777, 0.06909777, 0.06909777, 0.06909777,
       0.07580459, 1.        , 1.        , 1.        , 1.        ,
       1.        ]), array([0.       , 0.       , 0.       , 0.       , 0.       , 0.       ,
       0.       , 0.       , 0.       , 0.       , 0.       , 0.       ,
       0.       , 0.       , 0.       , 0.       , 0.       , 0.       ,
       0.       , 0.       , 0.       , 0.       , 0.       , 0.       ,
       0.       , 0.       , 0.       , 0.       , 0.       , 0.       ,
       0.       , 0.       , 0.       , 0.       , 0.       , 0.       ,
       0.       , 0.       , 0.       , 0.       , 0.       , 0.       ,
       0.       , 0.       , 0.       , 0.       , 0.       , 0.       ,
       0.       , 0.       , 0.       , 0.       , 0.       , 0.       ,
       0.       , 0.       , 0.       , 0.       , 0.       , 0.       ,
       0.       , 0.       , 0.       , 0.       , 0.       , 0.       ,
       0.       , 0.       , 0.       , 0.       , 0.       , 0.       ,
       0.       , 0.       , 0.       , 0.       , 0.       , 0.       ,
       0.       , 0.       , 0.       , 0.       , 0.       , 0.       ,
       0.       , 0.       , 0.       , 0.       , 0.       , 0.       ,
       0.       , 0.       , 0.       , 0.       , 0.       , 0.0418616,
       1.       , 1.       , 1.       , 1.       , 1.       ]), array([0.        , 0.        , 0.        , 0.        , 0.        ,
       0.        , 0.        , 0.        , 0.        , 0.        ,
       0.        , 0.        , 0.        , 0.        , 0.        ,
       0.        , 0.        , 0.        , 0.        , 0.        ,
       0.        , 0.        , 0.        , 0.        , 0.        ,
       0.        , 0.        , 0.        , 0.        , 0.        ,
       0.        , 0.        , 0.        , 0.        , 0.        ,
       0.        , 0.        , 0.        , 0.        , 0.        ,
       0.        , 0.        , 0.        , 0.        , 0.        ,
       0.        , 0.        , 0.        , 0.        , 0.        ,
       0.        , 0.        , 0.        , 0.        , 0.        ,
       0.        , 0.        , 0.        , 0.        , 0.        ,
       0.        , 0.        , 0.        , 0.        , 0.        ,
       0.        , 0.        , 0.        , 0.        , 0.        ,
       0.        , 0.        , 0.        , 0.        , 0.        ,
       0.        , 0.        , 0.05985396, 0.05985396, 0.05985396,
       0.05985396, 0.05985396, 0.05985396, 0.05985396, 0.10170646,
       0.10170646, 0.10170646, 0.17137698, 0.23526594, 0.26391776,
       0.26391776, 0.33531002, 0.40123258, 0.42028774, 0.46751134,
       0.53906023, 0.57341687, 0.69177993, 0.78800392, 0.90071755,
       1.        ]), array([0.        , 0.        , 0.        , 0.        , 0.        ,
       0.        , 0.        , 0.        , 0.        , 0.        ,
       0.        , 0.        , 0.        , 0.        , 0.        ,
       0.        , 0.        , 0.        , 0.        , 0.        ,
       0.        , 0.        , 0.        , 0.        , 0.        ,
       0.        , 0.        , 0.        , 0.        , 0.        ,
       0.        , 0.        , 0.        , 0.        , 0.        ,
       0.        , 0.        , 0.        , 0.        , 0.        ,
       0.        , 0.        , 0.        , 0.        , 0.        ,
       0.        , 0.        , 0.        , 0.        , 0.        ,
       0.        , 0.        , 0.        , 0.        , 0.        ,
       0.        , 0.        , 0.        , 0.        , 0.        ,
       0.        , 0.        , 0.        , 0.        , 0.        ,
       0.        , 0.        , 0.        , 0.        , 0.        ,
       0.        , 0.        , 0.        , 0.        , 0.        ,
       0.        , 0.        , 0.0400093 , 0.0400093 , 0.0400093 ,
       0.0400093 , 0.07239668, 0.10351789, 0.10351789, 0.10351789,
       0.15652506, 0.15652506, 0.17890379, 0.17890379, 0.17890379,
       0.17890379, 0.22692391, 0.3271161 , 0.3528405 , 0.41826211,
       0.524587  , 0.64204773, 0.7239714 , 0.86942136, 0.98724346,
       1.        ]), array([0.        , 0.        , 0.        , 0.        , 0.        ,
       0.        , 0.        , 0.        , 0.        , 0.        ,
       0.        , 0.        , 0.        , 0.        , 0.        ,
       0.        , 0.        , 0.        , 0.        , 0.        ,
       0.        , 0.        , 0.        , 0.        , 0.        ,
       0.        , 0.        , 0.        , 0.        , 0.        ,
       0.        , 0.        , 0.        , 0.        , 0.        ,
       0.        , 0.        , 0.        , 0.        , 0.        ,
       0.        , 0.        , 0.        , 0.        , 0.        ,
       0.        , 0.        , 0.        , 0.        , 0.        ,
       0.        , 0.        , 0.        , 0.        , 0.        ,
       0.        , 0.        , 0.        , 0.        , 0.        ,
       0.        , 0.        , 0.        , 0.        , 0.        ,
       0.        , 0.        , 0.        , 0.        , 0.        ,
       0.        , 0.        , 0.        , 0.        , 0.        ,
       0.        , 0.        , 0.        , 0.        , 0.        ,
       0.        , 0.        , 0.        , 0.        , 0.        ,
       0.        , 0.        , 0.        , 0.        , 0.        ,
       0.        , 0.        , 0.        , 0.00810693, 0.40546247,
       1.        , 1.        , 1.        , 1.        , 1.        ,
       1.        ])]","[array([0.        , 0.        , 0.        , 0.        , 0.        ,
       0.        , 0.        , 0.        , 0.        , 0.        ,
       0.        , 0.        , 0.        , 0.        , 0.        ,
       0.        , 0.        , 0.        , 0.        , 0.        ,
       0.        , 0.        , 0.        , 0.        , 0.        ,
       0.        , 0.        , 0.        , 0.        , 0.        ,
       0.        , 0.        , 0.        , 0.        , 0.        ,
       0.        , 0.        , 0.        , 0.        , 0.        ,
       0.        , 0.        , 0.        , 0.        , 0.        ,
       0.        , 0.        , 0.00317065, 0.00317065, 0.00317065,
       0.00317065, 0.00317065, 0.00317065, 0.00317065, 0.00317065,
       0.00317065, 0.00317065, 0.00317065, 0.00317065, 0.00317065,
       0.00317065, 0.00317065, 0.00317065, 0.00317065, 0.00317065,
       0.00317065, 0.00317065, 0.00317065, 0.00317065, 0.00317065,
       0.00317065, 0.00317065, 0.00317065, 0.00317065, 0.00317065,
       0.00317065, 0.00317065, 0.00317065, 0.00317065, 0.00317065,
       0.00317065, 0.00317065, 0.00317065, 0.00317065, 0.00317065,
       0.00317065, 0.00317065, 0.00317065, 0.00317065, 0.00317065,
       0.00317065, 0.00317065, 0.00317065, 0.00317065, 0.00317065,
       0.0096089 , 1.        , 1.        , 1.        , 1.        ,
       1.        ]), array([0.        , 0.        , 0.        , 0.        , 0.        ,
       0.        , 0.        , 0.        , 0.        , 0.        ,
       0.        , 0.        , 0.        , 0.        , 0.        ,
       0.        , 0.        , 0.        , 0.        , 0.        ,
       0.        , 0.        , 0.        , 0.        , 0.        ,
       0.        , 0.        , 0.        , 0.        , 0.        ,
       0.        , 0.        , 0.        , 0.        , 0.        ,
       0.        , 0.        , 0.        , 0.        , 0.        ,
       0.        , 0.        , 0.        , 0.        , 0.        ,
       0.        , 0.        , 0.        , 0.        , 0.        ,
       0.        , 0.        , 0.        , 0.        , 0.        ,
       0.        , 0.        , 0.        , 0.        , 0.        ,
       0.        , 0.        , 0.        , 0.        , 0.        ,
       0.        , 0.        , 0.        , 0.        , 0.        ,
       0.        , 0.        , 0.        , 0.        , 0.        ,
       0.        , 0.        , 0.        , 0.        , 0.        ,
       0.        , 0.        , 0.        , 0.        , 0.        ,
       0.        , 0.        , 0.        , 0.        , 0.        ,
       0.        , 0.        , 0.        , 0.        , 0.        ,
       0.03855512, 1.        , 1.        , 1.        , 1.        ,
       1.        ]), array([0.        , 0.        , 0.        , 0.        , 0.        ,
       0.        , 0.        , 0.        , 0.        , 0.        ,
       0.        , 0.        , 0.        , 0.        , 0.        ,
       0.        , 0.        , 0.        , 0.        , 0.        ,
       0.        , 0.        , 0.        , 0.        , 0.        ,
       0.        , 0.        , 0.        , 0.        , 0.        ,
       0.        , 0.        , 0.        , 0.        , 0.        ,
       0.        , 0.        , 0.        , 0.        , 0.        ,
       0.        , 0.        , 0.        , 0.        , 0.        ,
       0.        , 0.        , 0.        , 0.        , 0.        ,
       0.        , 0.        , 0.        , 0.        , 0.        ,
       0.        , 0.        , 0.        , 0.        , 0.        ,
       0.        , 0.        , 0.        , 0.        , 0.        ,
       0.        , 0.        , 0.        , 0.        , 0.        ,
       0.        , 0.        , 0.        , 0.        , 0.        ,
       0.        , 0.        , 0.00506508, 0.00506508, 0.00506508,
       0.00506508, 0.00506508, 0.00506508, 0.00506508, 0.01059754,
       0.01059754, 0.01059754, 0.02202686, 0.0336063 , 0.0394815 ,
       0.0394815 , 0.05748524, 0.075631  , 0.08175537, 0.10038663,
       0.13162455, 0.15058988, 0.23356529, 0.33035377, 0.52600095,
       1.        ]), array([0.        , 0.        , 0.        , 0.        , 0.        ,
       0.        , 0.        , 0.        , 0.        , 0.        ,
       0.        , 0.        , 0.        , 0.        , 0.        ,
       0.        , 0.        , 0.        , 0.        , 0.        ,
       0.        , 0.        , 0.        , 0.        , 0.        ,
       0.        , 0.        , 0.        , 0.        , 0.        ,
       0.        , 0.        , 0.        , 0.        , 0.        ,
       0.        , 0.        , 0.        , 0.        , 0.        ,
       0.        , 0.        , 0.        , 0.        , 0.        ,
       0.        , 0.        , 0.        , 0.        , 0.        ,
       0.        , 0.        , 0.        , 0.        , 0.        ,
       0.        , 0.        , 0.        , 0.        , 0.        ,
       0.        , 0.        , 0.        , 0.        , 0.        ,
       0.        , 0.        , 0.        , 0.        , 0.        ,
       0.        , 0.        , 0.        , 0.        , 0.        ,
       0.        , 0.        , 0.00513004, 0.00513004, 0.00513004,
       0.00513004, 0.01056026, 0.01604033, 0.01604033, 0.01604033,
       0.02736418, 0.02736418, 0.03318855, 0.03318855, 0.03318855,
       0.03318855, 0.0514145 , 0.09440856, 0.10680686, 0.14446457,
       0.21403988, 0.31670509, 0.40735843, 0.62962379, 0.93344548,
       1.        ]), array([0.        , 0.        , 0.        , 0.        , 0.        ,
       0.        , 0.        , 0.        , 0.        , 0.        ,
       0.        , 0.        , 0.        , 0.        , 0.        ,
       0.        , 0.        , 0.        , 0.        , 0.        ,
       0.        , 0.        , 0.        , 0.        , 0.        ,
       0.        , 0.        , 0.        , 0.        , 0.        ,
       0.        , 0.        , 0.        , 0.        , 0.        ,
       0.        , 0.        , 0.        , 0.        , 0.        ,
       0.        , 0.        , 0.        , 0.        , 0.        ,
       0.        , 0.        , 0.        , 0.        , 0.        ,
       0.        , 0.        , 0.        , 0.        , 0.        ,
       0.        , 0.        , 0.        , 0.        , 0.        ,
       0.        , 0.        , 0.        , 0.        , 0.        ,
       0.        , 0.        , 0.        , 0.        , 0.        ,
       0.        , 0.        , 0.        , 0.        , 0.        ,
       0.        , 0.        , 0.        , 0.        , 0.        ,
       0.        , 0.        , 0.        , 0.        , 0.        ,
       0.        , 0.        , 0.        , 0.        , 0.        ,
       0.        , 0.        , 0.        , 0.00634604, 0.39965161,
       1.        , 1.        , 1.        , 1.        , 1.        ,
       1.        ])]","[{'lambda_reg': 0.870529764483982, 'gamma': 0.0010550558461247955}, {'lambda_reg': 0.3301647150911624, 'gamma': 0.0010391765357579117}, {'lambda_reg': 0.000573562346138192, 'gamma': 0.001038478792091832}, {'lambda_reg': 0.04531525757298166, 'gamma': 0.03551213771944444}, {'lambda_reg': 0.3301647150911624, 'gamma': 0.0010391765357579117}]",Campina_Grande,exponential,66
"[np.float64(0.13112550682627866), np.float64(0.09550660629104236), np.float64(0.11063977098476258), np.float64(0.12559341842830699), np.float64(0.10306005885634072)]",0.1131850722773462,0.0133966328686059,"[np.float64(0.6681194707053402), np.float64(0.6683239404879103), np.float64(0.6596319276611458), np.float64(0.6829322099990242), np.float64(0.0)]",0.5358015097706841,0.2680055636162278,"[np.float64(0.707681105730233), np.float64(0.705468673250452), np.float64(0.6834754730937004), np.float64(0.6832119272939399), np.float64(0.5)]",0.655967435873665,0.0786758814749745,"[array([0.        , 0.        , 0.        , 0.        , 0.        ,
       0.        , 0.        , 0.        , 0.        , 0.        ,
       0.        , 0.        , 0.        , 0.        , 0.        ,
       0.        , 0.        , 0.        , 0.        , 0.        ,
       0.        , 0.        , 0.        , 0.        , 0.        ,
       0.        , 0.        , 0.        , 0.        , 0.        ,
       0.        , 0.        , 0.        , 0.        , 0.        ,
       0.        , 0.        , 0.        , 0.        , 0.        ,
       0.        , 0.        , 0.        , 0.        , 0.        ,
       0.        , 0.        , 0.        , 0.        , 0.        ,
       0.        , 0.00614128, 0.00614128, 0.00614128, 0.00614128,
       0.00614128, 0.01160418, 0.01701923, 0.02738746, 0.02738746,
       0.02738746, 0.03223452, 0.03694523, 0.04611129, 0.07296586,
       0.08616269, 0.10316794, 0.10316794, 0.13530883, 0.14684309,
       0.16178392, 0.1797652 , 0.18682274, 0.19356025, 0.20994624,
       0.22878295, 0.24099363, 0.25257481, 0.26916054, 0.29274159,
       0.32320272, 0.37102495, 0.39830792, 0.42640118, 0.46705241,
       0.51080732, 0.53935121, 0.59063919, 0.63835504, 0.68643356,
       0.72769346, 0.77348171, 0.82239651, 0.87231698, 0.90683508,
       0.94252114, 0.96827922, 0.98845059, 0.99848966, 1.        ,
       1.        ]), array([0.01136566, 0.01136566, 0.01136566, 0.01136566, 0.01136566,
       0.01136566, 0.01136566, 0.01136566, 0.01136566, 0.01136566,
       0.01136566, 0.01136566, 0.01136566, 0.01136566, 0.01136566,
       0.01136566, 0.01136566, 0.01136566, 0.01136566, 0.01136566,
       0.01136566, 0.01136566, 0.01136566, 0.01136566, 0.01136566,
       0.01136566, 0.01136566, 0.01136566, 0.01136566, 0.01136566,
       0.01136566, 0.01136566, 0.01136566, 0.01136566, 0.01136566,
       0.01136566, 0.01136566, 0.01136566, 0.01136566, 0.01136566,
       0.01136566, 0.01136566, 0.01136566, 0.01136566, 0.01136566,
       0.01136566, 0.01136566, 0.01136566, 0.01136566, 0.01136566,
       0.01136566, 0.01136566, 0.01136566, 0.01136566, 0.02202466,
       0.02202466, 0.02202466, 0.02697302, 0.03660387, 0.04598448,
       0.05056716, 0.06395964, 0.07269482, 0.07699645, 0.08945577,
       0.10975847, 0.11765287, 0.1252355 , 0.12898553, 0.13971288,
       0.1500781 , 0.16678295, 0.18954299, 0.2114889 , 0.22347605,
       0.24384131, 0.26627076, 0.28500425, 0.30540111, 0.32495794,
       0.37149781, 0.40253258, 0.43606197, 0.4639425 , 0.50324526,
       0.53867576, 0.58951439, 0.63388472, 0.69209232, 0.72488528,
       0.77865251, 0.80969886, 0.84169627, 0.88888284, 0.91862757,
       0.95574957, 0.97938178, 0.99377569, 0.99933984, 0.99998541,
       1.        ]), array([0.        , 0.        , 0.        , 0.        , 0.        ,
       0.        , 0.        , 0.        , 0.        , 0.        ,
       0.        , 0.        , 0.        , 0.        , 0.        ,
       0.        , 0.        , 0.        , 0.        , 0.        ,
       0.        , 0.        , 0.        , 0.        , 0.        ,
       0.        , 0.        , 0.        , 0.        , 0.        ,
       0.        , 0.        , 0.        , 0.        , 0.        ,
       0.        , 0.        , 0.        , 0.        , 0.        ,
       0.        , 0.        , 0.        , 0.        , 0.        ,
       0.        , 0.        , 0.        , 0.        , 0.        ,
       0.        , 0.        , 0.        , 0.        , 0.        ,
       0.        , 0.        , 0.        , 0.        , 0.        ,
       0.        , 0.        , 0.        , 0.00433829, 0.00857863,
       0.00857863, 0.0164413 , 0.02030759, 0.03511855, 0.04960845,
       0.07054085, 0.0773985 , 0.11007233, 0.13222246, 0.17788761,
       0.19844804, 0.22362805, 0.25071338, 0.29190818, 0.3242344 ,
       0.33855972, 0.37462296, 0.39594704, 0.4182344 , 0.46556206,
       0.52785451, 0.59663913, 0.62904882, 0.68072761, 0.73516819,
       0.77508126, 0.80223901, 0.83728891, 0.89302056, 0.93024668,
       0.96202557, 0.9844027 , 0.99713926, 0.99980773, 1.        ,
       1.        ]), array([0.        , 0.        , 0.        , 0.        , 0.        ,
       0.        , 0.        , 0.        , 0.        , 0.        ,
       0.        , 0.        , 0.        , 0.        , 0.        ,
       0.        , 0.        , 0.        , 0.        , 0.        ,
       0.        , 0.        , 0.        , 0.        , 0.        ,
       0.        , 0.        , 0.        , 0.        , 0.        ,
       0.        , 0.        , 0.        , 0.        , 0.        ,
       0.        , 0.        , 0.        , 0.        , 0.        ,
       0.        , 0.        , 0.        , 0.        , 0.        ,
       0.        , 0.        , 0.        , 0.        , 0.        ,
       0.        , 0.        , 0.        , 0.        , 0.        ,
       0.        , 0.        , 0.        , 0.        , 0.        ,
       0.        , 0.00491204, 0.00491204, 0.00491204, 0.01397608,
       0.01842167, 0.02707464, 0.04383115, 0.05204438, 0.05993874,
       0.07889833, 0.09357951, 0.11137094, 0.13193104, 0.14508823,
       0.17384818, 0.19218688, 0.21577565, 0.23810073, 0.25695577,
       0.27996501, 0.31158868, 0.35563459, 0.38841246, 0.41288202,
       0.46685444, 0.51950386, 0.55987917, 0.60349001, 0.63799496,
       0.70385565, 0.74880924, 0.81085903, 0.87074608, 0.91671402,
       0.9534436 , 0.97837955, 0.99757752, 0.9997556 , 1.        ,
       1.        ]), array([0., 0., 0., 0., 0., 0., 0., 0., 0., 0., 0., 0., 0., 0., 0., 0., 0.,
       0., 0., 0., 0., 0., 0., 0., 0., 0., 0., 0., 0., 0., 0., 0., 0., 0.,
       0., 0., 0., 0., 0., 0., 0., 0., 0., 0., 0., 0., 0., 0., 0., 0., 0.,
       0., 0., 0., 0., 0., 0., 0., 0., 0., 0., 0., 0., 0., 0., 0., 0., 0.,
       0., 0., 0., 0., 0., 0., 0., 0., 0., 0., 0., 0., 0., 0., 0., 1., 1.,
       1., 1., 1., 1., 1., 1., 1., 1., 1., 1., 1., 1., 1., 1., 1., 1.])]","[array([0.00000000e+00, 0.00000000e+00, 0.00000000e+00, 0.00000000e+00,
       0.00000000e+00, 0.00000000e+00, 0.00000000e+00, 0.00000000e+00,
       0.00000000e+00, 0.00000000e+00, 0.00000000e+00, 0.00000000e+00,
       0.00000000e+00, 0.00000000e+00, 0.00000000e+00, 0.00000000e+00,
       0.00000000e+00, 0.00000000e+00, 0.00000000e+00, 0.00000000e+00,
       0.00000000e+00, 0.00000000e+00, 0.00000000e+00, 0.00000000e+00,
       0.00000000e+00, 0.00000000e+00, 0.00000000e+00, 0.00000000e+00,
       0.00000000e+00, 0.00000000e+00, 0.00000000e+00, 0.00000000e+00,
       0.00000000e+00, 0.00000000e+00, 0.00000000e+00, 0.00000000e+00,
       0.00000000e+00, 0.00000000e+00, 0.00000000e+00, 0.00000000e+00,
       0.00000000e+00, 0.00000000e+00, 0.00000000e+00, 0.00000000e+00,
       0.00000000e+00, 0.00000000e+00, 0.00000000e+00, 0.00000000e+00,
       0.00000000e+00, 0.00000000e+00, 0.00000000e+00, 8.19057549e-04,
       8.19057549e-04, 8.19057549e-04, 8.19057549e-04, 8.19057549e-04,
       1.72820562e-03, 2.64370787e-03, 4.53605151e-03, 4.53605151e-03,
       4.53605151e-03, 5.52698506e-03, 6.53602618e-03, 8.58802070e-03,
       1.48294775e-02, 1.79808102e-02, 2.22610110e-02, 2.22610110e-02,
       3.10697022e-02, 3.44418292e-02, 3.89961910e-02, 4.47814078e-02,
       4.71134205e-02, 4.94879325e-02, 5.54850082e-02, 6.27912589e-02,
       6.77081905e-02, 7.27087235e-02, 8.03139095e-02, 9.18940061e-02,
       1.07464316e-01, 1.33806115e-01, 1.49798495e-01, 1.67317901e-01,
       1.94612026e-01, 2.26397882e-01, 2.48761353e-01, 2.92623884e-01,
       3.36960803e-01, 3.86153468e-01, 4.32982391e-01, 4.90652389e-01,
       5.60984261e-01, 6.42625027e-01, 7.08330274e-01, 7.90226772e-01,
       8.61999282e-01, 9.36148357e-01, 9.87123490e-01, 1.00000000e+00,
       1.00000000e+00]), array([0.        , 0.        , 0.        , 0.        , 0.        ,
       0.        , 0.        , 0.        , 0.        , 0.        ,
       0.        , 0.        , 0.        , 0.        , 0.        ,
       0.        , 0.        , 0.        , 0.        , 0.        ,
       0.        , 0.        , 0.        , 0.        , 0.        ,
       0.        , 0.        , 0.        , 0.        , 0.        ,
       0.        , 0.        , 0.        , 0.        , 0.        ,
       0.        , 0.        , 0.        , 0.        , 0.        ,
       0.        , 0.        , 0.        , 0.        , 0.        ,
       0.        , 0.        , 0.        , 0.        , 0.        ,
       0.        , 0.        , 0.        , 0.        , 0.00175561,
       0.00175561, 0.00175561, 0.00268885, 0.00459398, 0.00653551,
       0.00752192, 0.01053287, 0.01256826, 0.01359555, 0.0167422 ,
       0.02205393, 0.02421159, 0.02641458, 0.02752209, 0.03092061,
       0.0343718 , 0.04020675, 0.04846682, 0.05684529, 0.06171346,
       0.07032179, 0.08028279, 0.08912842, 0.09938501, 0.10976375,
       0.13605269, 0.15467936, 0.17624895, 0.19533432, 0.22432857,
       0.25223309, 0.29607823, 0.33755832, 0.39686033, 0.43341266,
       0.49997181, 0.54338954, 0.59328036, 0.677325  , 0.73911336,
       0.83123304, 0.90382742, 0.96123677, 0.9934846 , 0.99834927,
       1.        ]), array([0.        , 0.        , 0.        , 0.        , 0.        ,
       0.        , 0.        , 0.        , 0.        , 0.        ,
       0.        , 0.        , 0.        , 0.        , 0.        ,
       0.        , 0.        , 0.        , 0.        , 0.        ,
       0.        , 0.        , 0.        , 0.        , 0.        ,
       0.        , 0.        , 0.        , 0.        , 0.        ,
       0.        , 0.        , 0.        , 0.        , 0.        ,
       0.        , 0.        , 0.        , 0.        , 0.        ,
       0.        , 0.        , 0.        , 0.        , 0.        ,
       0.        , 0.        , 0.        , 0.        , 0.        ,
       0.        , 0.        , 0.        , 0.        , 0.        ,
       0.        , 0.        , 0.        , 0.        , 0.        ,
       0.        , 0.        , 0.        , 0.00102733, 0.00206871,
       0.00206871, 0.00424022, 0.00533531, 0.00980959, 0.01432997,
       0.02122575, 0.02354154, 0.0353523 , 0.04372342, 0.06191988,
       0.07051923, 0.0817557 , 0.09436879, 0.11485723, 0.13166841,
       0.13951276, 0.16073794, 0.17417817, 0.18913028, 0.22358978,
       0.27240252, 0.33018421, 0.36018479, 0.4121715 , 0.47201256,
       0.52073796, 0.55809325, 0.61246736, 0.71172721, 0.78889131,
       0.86683746, 0.93458221, 0.98390899, 0.99837743, 1.        ,
       1.        ]), array([0.00000000e+00, 0.00000000e+00, 0.00000000e+00, 0.00000000e+00,
       0.00000000e+00, 0.00000000e+00, 0.00000000e+00, 0.00000000e+00,
       0.00000000e+00, 0.00000000e+00, 0.00000000e+00, 0.00000000e+00,
       0.00000000e+00, 0.00000000e+00, 0.00000000e+00, 0.00000000e+00,
       0.00000000e+00, 0.00000000e+00, 0.00000000e+00, 0.00000000e+00,
       0.00000000e+00, 0.00000000e+00, 0.00000000e+00, 0.00000000e+00,
       0.00000000e+00, 0.00000000e+00, 0.00000000e+00, 0.00000000e+00,
       0.00000000e+00, 0.00000000e+00, 0.00000000e+00, 0.00000000e+00,
       0.00000000e+00, 0.00000000e+00, 0.00000000e+00, 0.00000000e+00,
       0.00000000e+00, 0.00000000e+00, 0.00000000e+00, 0.00000000e+00,
       0.00000000e+00, 0.00000000e+00, 0.00000000e+00, 0.00000000e+00,
       0.00000000e+00, 0.00000000e+00, 0.00000000e+00, 0.00000000e+00,
       0.00000000e+00, 0.00000000e+00, 0.00000000e+00, 0.00000000e+00,
       0.00000000e+00, 0.00000000e+00, 0.00000000e+00, 0.00000000e+00,
       0.00000000e+00, 0.00000000e+00, 0.00000000e+00, 0.00000000e+00,
       0.00000000e+00, 9.90746968e-04, 9.90746968e-04, 9.90746968e-04,
       3.07132688e-03, 4.12288459e-03, 6.25705546e-03, 1.05970254e-02,
       1.27885244e-02, 1.50215944e-02, 2.07054747e-02, 2.53160032e-02,
       3.11521754e-02, 3.82585240e-02, 4.30677315e-02, 5.39984474e-02,
       6.13943965e-02, 7.13681482e-02, 8.15066446e-02, 9.04664036e-02,
       1.02146831e-01, 1.19228702e-01, 1.44477843e-01, 1.64671489e-01,
       1.81054908e-01, 2.19690056e-01, 2.60128805e-01, 2.94012097e-01,
       3.33998070e-01, 3.68646673e-01, 4.41616684e-01, 4.97738842e-01,
       5.85885790e-01, 6.82470308e-01, 7.69451577e-01, 8.51112745e-01,
       9.19631321e-01, 9.87266826e-01, 9.98400739e-01, 1.00000000e+00,
       1.00000000e+00]), array([0., 0., 0., 0., 0., 0., 0., 0., 0., 0., 0., 0., 0., 0., 0., 0., 0.,
       0., 0., 0., 0., 0., 0., 0., 0., 0., 0., 0., 0., 0., 0., 0., 0., 0.,
       0., 0., 0., 0., 0., 0., 0., 0., 0., 0., 0., 0., 0., 0., 0., 0., 0.,
       0., 0., 0., 0., 0., 0., 0., 0., 0., 0., 0., 0., 0., 0., 0., 0., 0.,
       0., 0., 0., 0., 0., 0., 0., 0., 0., 0., 0., 0., 0., 0., 0., 1., 1.,
       1., 1., 1., 1., 1., 1., 1., 1., 1., 1., 1., 1., 1., 1., 1., 1.])]","[{'lambda_reg': 0.00012952810042823998, 'gamma': 0.0010652844484419434, 'degree': 5, 'coef0': 3.0872723649651057}, {'lambda_reg': 0.0003334792728637581, 'gamma': 0.002458603276328005, 'degree': 5, 'coef0': 2.2007624686980067}, {'lambda_reg': 0.009163741808778781, 'gamma': 0.0015339162591163618, 'degree': 5, 'coef0': 0.8526206184364576}, {'lambda_reg': 0.7403449549740685, 'gamma': 0.002093416150700769, 'degree': 6, 'coef0': 3.5598890110670576}, {'lambda_reg': 0.0007459343285726547, 'gamma': 6.351221010640703, 'degree': 5, 'coef0': 2.993292420985183}]",Outros,polynomial,83
"[np.float64(0.09843300003207334), np.float64(0.09512971488890001), np.float64(0.14176801889754007), np.float64(0.09291705307949515), np.float64(0.10163220048101022)]",0.1059759974758037,0.018138423608037,"[np.float64(0.6114743717606291), np.float64(0.6161889235710312), np.float64(0.6168377057687767), np.float64(0.5989592449710556), np.float64(0.6406678476300282)]",0.6168256187403041,0.0135403143328712,"[np.float64(0.6511666419730325), np.float64(0.5944746857182853), np.float64(0.6612333104098195), np.float64(0.5638331222166527), np.float64(0.6051031802694622)]",0.6151621881174505,0.0362841519326742,"[array([0.        , 0.        , 0.        , 0.        , 0.        ,
       0.        , 0.        , 0.        , 0.        , 0.        ,
       0.        , 0.        , 0.        , 0.        , 0.        ,
       0.        , 0.        , 0.        , 0.        , 0.        ,
       0.        , 0.        , 0.        , 0.        , 0.        ,
       0.        , 0.        , 0.        , 0.        , 0.        ,
       0.        , 0.        , 0.        , 0.        , 0.        ,
       0.        , 0.        , 0.        , 0.        , 0.        ,
       0.        , 0.        , 0.        , 0.        , 0.        ,
       0.        , 0.        , 0.        , 0.        , 0.        ,
       0.        , 0.        , 0.        , 0.        , 0.        ,
       0.        , 0.        , 0.        , 0.        , 0.        ,
       0.        , 0.        , 0.        , 0.        , 0.        ,
       0.        , 0.0076972 , 0.0076972 , 0.0076972 , 0.0076972 ,
       0.0144743 , 0.0144743 , 0.02070895, 0.03880344, 0.04473058,
       0.07825427, 0.08902631, 0.11467112, 0.15901366, 0.20139579,
       0.2421979 , 0.2809334 , 0.3215525 , 0.34080134, 0.39853638,
       0.46654067, 0.50478511, 0.55227728, 0.60144512, 0.64952435,
       0.72789247, 0.80720665, 0.86298677, 0.9095263 , 0.95124197,
       0.98052313, 0.99538445, 0.99860626, 0.99926454, 1.        ,
       1.        ]), array([0.        , 0.02114374, 0.02114374, 0.02114374, 0.02114374,
       0.02114374, 0.02114374, 0.02114374, 0.02114374, 0.02114374,
       0.02114374, 0.02114374, 0.02114374, 0.02114374, 0.02114374,
       0.02114374, 0.02114374, 0.02114374, 0.02114374, 0.02114374,
       0.02114374, 0.02114374, 0.02114374, 0.02114374, 0.02114374,
       0.02114374, 0.02114374, 0.02114374, 0.02114374, 0.02114374,
       0.02114374, 0.02114374, 0.02114374, 0.02114374, 0.02114374,
       0.02114374, 0.02114374, 0.02114374, 0.02114374, 0.02114374,
       0.02114374, 0.02114374, 0.02114374, 0.02114374, 0.02114374,
       0.02114374, 0.02114374, 0.02114374, 0.02114374, 0.02114374,
       0.02114374, 0.02114374, 0.02114374, 0.02114374, 0.02114374,
       0.02114374, 0.03046169, 0.03046169, 0.03046169, 0.03046169,
       0.03046169, 0.03046169, 0.03046169, 0.04638347, 0.04638347,
       0.04638347, 0.04638347, 0.05341534, 0.06023201, 0.06023201,
       0.06023201, 0.06023201, 0.06023201, 0.06023201, 0.06023201,
       0.06023201, 0.06023201, 0.06511155, 0.06511155, 0.06966941,
       0.07824343, 0.08231371, 0.09794821, 0.1418541 , 0.19413662,
       0.2502465 , 0.35698835, 0.47718416, 0.55096163, 0.70141206,
       0.82791753, 0.92021812, 0.97295171, 0.99724441, 1.        ,
       1.        , 1.        , 1.        , 1.        , 1.        ,
       1.        ]), array([0.        , 0.        , 0.        , 0.        , 0.        ,
       0.        , 0.        , 0.        , 0.        , 0.        ,
       0.        , 0.        , 0.        , 0.        , 0.        ,
       0.        , 0.        , 0.        , 0.        , 0.        ,
       0.        , 0.        , 0.        , 0.        , 0.        ,
       0.        , 0.        , 0.        , 0.        , 0.        ,
       0.        , 0.        , 0.        , 0.        , 0.        ,
       0.        , 0.        , 0.        , 0.        , 0.        ,
       0.        , 0.        , 0.        , 0.        , 0.        ,
       0.        , 0.        , 0.        , 0.        , 0.        ,
       0.        , 0.        , 0.        , 0.        , 0.        ,
       0.        , 0.        , 0.        , 0.        , 0.        ,
       0.        , 0.        , 0.        , 0.        , 0.00938382,
       0.00938382, 0.00938382, 0.00938382, 0.00938382, 0.00938382,
       0.00938382, 0.00938382, 0.00938382, 0.03033073, 0.03033073,
       0.043455  , 0.06223332, 0.06835544, 0.09147176, 0.15191682,
       0.18837951, 0.22377432, 0.23790411, 0.26485086, 0.30726226,
       0.36648586, 0.39222086, 0.46142322, 0.52530341, 0.58711692,
       0.64346411, 0.70100043, 0.76098439, 0.83249446, 0.89467008,
       0.95116056, 0.98711291, 0.99331215, 0.99963156, 1.        ,
       1.        ]), array([0.        , 0.        , 0.        , 0.        , 0.        ,
       0.        , 0.        , 0.        , 0.        , 0.        ,
       0.        , 0.        , 0.        , 0.        , 0.        ,
       0.        , 0.        , 0.        , 0.        , 0.        ,
       0.        , 0.        , 0.        , 0.        , 0.        ,
       0.        , 0.        , 0.        , 0.        , 0.        ,
       0.        , 0.        , 0.        , 0.        , 0.        ,
       0.        , 0.        , 0.        , 0.        , 0.        ,
       0.        , 0.        , 0.        , 0.        , 0.        ,
       0.        , 0.        , 0.        , 0.        , 0.        ,
       0.        , 0.        , 0.        , 0.        , 0.        ,
       0.        , 0.        , 0.        , 0.        , 0.        ,
       0.        , 0.        , 0.        , 0.        , 0.        ,
       0.        , 0.        , 0.        , 0.        , 0.        ,
       0.        , 0.        , 0.        , 0.01177543, 0.01177543,
       0.01716644, 0.02239549, 0.02239549, 0.02239549, 0.02239549,
       0.02239549, 0.03071684, 0.03071684, 0.04554791, 0.11591868,
       0.20241223, 0.29600523, 0.43720229, 0.58019005, 0.74054717,
       0.86956638, 0.96372375, 0.99190672, 0.99864632, 1.        ,
       1.        , 1.        , 1.        , 1.        , 1.        ,
       1.        ]), array([0.        , 0.        , 0.        , 0.        , 0.        ,
       0.        , 0.        , 0.        , 0.        , 0.        ,
       0.        , 0.        , 0.        , 0.        , 0.        ,
       0.        , 0.        , 0.        , 0.        , 0.        ,
       0.        , 0.        , 0.        , 0.        , 0.        ,
       0.        , 0.        , 0.        , 0.        , 0.        ,
       0.        , 0.        , 0.        , 0.        , 0.        ,
       0.        , 0.        , 0.        , 0.        , 0.        ,
       0.        , 0.        , 0.        , 0.        , 0.01284522,
       0.01284522, 0.01284522, 0.01284522, 0.01284522, 0.01284522,
       0.01284522, 0.01284522, 0.01284522, 0.01284522, 0.01284522,
       0.01284522, 0.01284522, 0.01284522, 0.01284522, 0.01284522,
       0.01284522, 0.01284522, 0.01284522, 0.01284522, 0.01284522,
       0.01284522, 0.01284522, 0.01284522, 0.01284522, 0.01284522,
       0.01284522, 0.01284522, 0.01284522, 0.01284522, 0.01284522,
       0.01284522, 0.01284522, 0.01284522, 0.03336085, 0.04315603,
       0.05718593, 0.08821123, 0.15581961, 0.18786651, 0.23307274,
       0.27210972, 0.33491423, 0.42777095, 0.50458369, 0.58852675,
       0.72068634, 0.83913651, 0.91129305, 0.9685567 , 0.9862917 ,
       0.99533325, 0.99853933, 0.99936811, 0.99936811, 0.99979342,
       1.        ])]","[array([0.        , 0.        , 0.        , 0.        , 0.        ,
       0.        , 0.        , 0.        , 0.        , 0.        ,
       0.        , 0.        , 0.        , 0.        , 0.        ,
       0.        , 0.        , 0.        , 0.        , 0.        ,
       0.        , 0.        , 0.        , 0.        , 0.        ,
       0.        , 0.        , 0.        , 0.        , 0.        ,
       0.        , 0.        , 0.        , 0.        , 0.        ,
       0.        , 0.        , 0.        , 0.        , 0.        ,
       0.        , 0.        , 0.        , 0.        , 0.        ,
       0.        , 0.        , 0.        , 0.        , 0.        ,
       0.        , 0.        , 0.        , 0.        , 0.        ,
       0.        , 0.        , 0.        , 0.        , 0.        ,
       0.        , 0.        , 0.        , 0.        , 0.        ,
       0.        , 0.00196078, 0.00196078, 0.00196078, 0.00196078,
       0.00404772, 0.00404772, 0.00620905, 0.0127766 , 0.01498009,
       0.02848066, 0.03303605, 0.04460076, 0.06566655, 0.08700115,
       0.10855241, 0.13038705, 0.15497964, 0.16742139, 0.20776445,
       0.25876432, 0.28971502, 0.33146261, 0.37901291, 0.42972873,
       0.52153487, 0.62527625, 0.70811476, 0.78618789, 0.86793872,
       0.9363134 , 0.9795192 , 0.99114239, 0.99406836, 1.        ,
       1.        ]), array([0.00000000e+000, 6.94608813e-143, 6.94608813e-143, 6.94608813e-143,
       6.94608813e-143, 6.94608813e-143, 6.94608813e-143, 6.94608813e-143,
       6.94608813e-143, 6.94608813e-143, 6.94608813e-143, 6.94608813e-143,
       6.94608813e-143, 6.94608813e-143, 6.94608813e-143, 6.94608813e-143,
       6.94608813e-143, 6.94608813e-143, 6.94608813e-143, 6.94608813e-143,
       6.94608813e-143, 6.94608813e-143, 6.94608813e-143, 6.94608813e-143,
       6.94608813e-143, 6.94608813e-143, 6.94608813e-143, 6.94608813e-143,
       6.94608813e-143, 6.94608813e-143, 6.94608813e-143, 6.94608813e-143,
       6.94608813e-143, 6.94608813e-143, 6.94608813e-143, 6.94608813e-143,
       6.94608813e-143, 6.94608813e-143, 6.94608813e-143, 6.94608813e-143,
       6.94608813e-143, 6.94608813e-143, 6.94608813e-143, 6.94608813e-143,
       6.94608813e-143, 6.94608813e-143, 6.94608813e-143, 6.94608813e-143,
       6.94608813e-143, 6.94608813e-143, 6.94608813e-143, 6.94608813e-143,
       6.94608813e-143, 6.94608813e-143, 6.94608813e-143, 6.94608813e-143,
       1.70154130e-003, 1.70154130e-003, 1.70154130e-003, 1.70154130e-003,
       1.70154130e-003, 1.70154130e-003, 1.70154130e-003, 5.49514088e-003,
       5.49514088e-003, 5.49514088e-003, 5.49514088e-003, 7.52561249e-003,
       9.58704727e-003, 9.58704727e-003, 9.58704727e-003, 9.58704727e-003,
       9.58704727e-003, 9.58704727e-003, 9.58704727e-003, 9.58704727e-003,
       9.58704727e-003, 1.19272044e-002, 1.19272044e-002, 1.43136461e-002,
       1.91644714e-002, 2.16210682e-002, 3.15404938e-002, 6.17300744e-002,
       9.98411277e-002, 1.43485974e-001, 2.34606094e-001, 3.45086116e-001,
       4.19653571e-001, 5.86625330e-001, 7.41831162e-001, 8.68493839e-001,
       9.49131412e-001, 9.91269751e-001, 9.96957755e-001, 9.96957755e-001,
       9.96957755e-001, 9.96957755e-001, 9.96957755e-001, 9.96957755e-001,
       1.00000000e+000]), array([0.        , 0.        , 0.        , 0.        , 0.        ,
       0.        , 0.        , 0.        , 0.        , 0.        ,
       0.        , 0.        , 0.        , 0.        , 0.        ,
       0.        , 0.        , 0.        , 0.        , 0.        ,
       0.        , 0.        , 0.        , 0.        , 0.        ,
       0.        , 0.        , 0.        , 0.        , 0.        ,
       0.        , 0.        , 0.        , 0.        , 0.        ,
       0.        , 0.        , 0.        , 0.        , 0.        ,
       0.        , 0.        , 0.        , 0.        , 0.        ,
       0.        , 0.        , 0.        , 0.        , 0.        ,
       0.        , 0.        , 0.        , 0.        , 0.        ,
       0.        , 0.        , 0.        , 0.        , 0.        ,
       0.        , 0.        , 0.        , 0.        , 0.00187946,
       0.00187946, 0.00187946, 0.00187946, 0.00187946, 0.00187946,
       0.00187946, 0.00187946, 0.00187946, 0.00835366, 0.00835366,
       0.0127673 , 0.01949309, 0.02175096, 0.03094161, 0.05657842,
       0.07312507, 0.0897956 , 0.0970607 , 0.11174321, 0.13650409,
       0.17415513, 0.19194635, 0.24328032, 0.29523176, 0.35039108,
       0.40618459, 0.47074452, 0.54689299, 0.64841739, 0.75102475,
       0.86319604, 0.95103694, 0.97109462, 0.99707462, 1.        ,
       1.        ]), array([0.        , 0.        , 0.        , 0.        , 0.        ,
       0.        , 0.        , 0.        , 0.        , 0.        ,
       0.        , 0.        , 0.        , 0.        , 0.        ,
       0.        , 0.        , 0.        , 0.        , 0.        ,
       0.        , 0.        , 0.        , 0.        , 0.        ,
       0.        , 0.        , 0.        , 0.        , 0.        ,
       0.        , 0.        , 0.        , 0.        , 0.        ,
       0.        , 0.        , 0.        , 0.        , 0.        ,
       0.        , 0.        , 0.        , 0.        , 0.        ,
       0.        , 0.        , 0.        , 0.        , 0.        ,
       0.        , 0.        , 0.        , 0.        , 0.        ,
       0.        , 0.        , 0.        , 0.        , 0.        ,
       0.        , 0.        , 0.        , 0.        , 0.        ,
       0.        , 0.        , 0.        , 0.        , 0.        ,
       0.        , 0.        , 0.        , 0.00440728, 0.00440728,
       0.00668108, 0.00897774, 0.00897774, 0.00897774, 0.00897774,
       0.00897774, 0.01387287, 0.01387287, 0.02391899, 0.07468413,
       0.14138336, 0.2192207 , 0.34800348, 0.48867418, 0.66331413,
       0.81809852, 0.94441945, 0.98596705, 0.99715599, 1.        ,
       1.        , 1.        , 1.        , 1.        , 1.        ,
       1.        ]), array([0.        , 0.        , 0.        , 0.        , 0.        ,
       0.        , 0.        , 0.        , 0.        , 0.        ,
       0.        , 0.        , 0.        , 0.        , 0.        ,
       0.        , 0.        , 0.        , 0.        , 0.        ,
       0.        , 0.        , 0.        , 0.        , 0.        ,
       0.        , 0.        , 0.        , 0.        , 0.        ,
       0.        , 0.        , 0.        , 0.        , 0.        ,
       0.        , 0.        , 0.        , 0.        , 0.        ,
       0.        , 0.        , 0.        , 0.        , 0.001319  ,
       0.001319  , 0.001319  , 0.001319  , 0.001319  , 0.001319  ,
       0.001319  , 0.001319  , 0.001319  , 0.001319  , 0.001319  ,
       0.001319  , 0.001319  , 0.001319  , 0.001319  , 0.001319  ,
       0.001319  , 0.001319  , 0.001319  , 0.001319  , 0.001319  ,
       0.001319  , 0.001319  , 0.001319  , 0.001319  , 0.001319  ,
       0.001319  , 0.001319  , 0.001319  , 0.001319  , 0.001319  ,
       0.001319  , 0.001319  , 0.001319  , 0.0106573 , 0.01538735,
       0.02256965, 0.03955357, 0.07880915, 0.09866822, 0.12883379,
       0.15680171, 0.20571838, 0.28378548, 0.35493537, 0.44019486,
       0.58832945, 0.73525878, 0.8371176 , 0.92889809, 0.96267925,
       0.98255654, 0.99116341, 0.99406394, 0.99406394, 0.99701758,
       1.        ])]","[{'lambda_reg': 0.034702669886504146}, {'lambda_reg': 0.09269284369316869}, {'lambda_reg': 0.0003603517820107172}, {'lambda_reg': 0.034702669886504146}, {'lambda_reg': 0.0027935371460520333}]",Joao_Pessoa,linear,70
"[np.float64(0.09593316400869577), np.float64(0.0954336179257177), np.float64(0.1391341315876509), np.float64(0.08872555295775762), np.float64(0.0996965814326194)]",0.1037846095824882,0.0180247614454345,"[np.float64(0.6405467704830712), np.float64(0.5770074965158788), np.float64(0.6437714415056152), np.float64(0.646141556596411), np.float64(0.64609151562759)]",0.6307117561457132,0.0269297090024124,"[np.float64(0.6708009728468668), np.float64(0.6677700587812289), np.float64(0.6639670661711048), np.float64(0.6837653687843145), np.float64(0.666675968790319)]",0.6705958870747667,0.006939303137148,"[array([0.        , 0.        , 0.        , 0.        , 0.        ,
       0.        , 0.        , 0.        , 0.        , 0.        ,
       0.        , 0.        , 0.        , 0.        , 0.        ,
       0.        , 0.        , 0.        , 0.        , 0.        ,
       0.        , 0.        , 0.        , 0.        , 0.        ,
       0.        , 0.        , 0.        , 0.        , 0.        ,
       0.        , 0.        , 0.        , 0.        , 0.        ,
       0.        , 0.        , 0.        , 0.        , 0.        ,
       0.        , 0.        , 0.        , 0.        , 0.        ,
       0.        , 0.        , 0.        , 0.        , 0.        ,
       0.        , 0.        , 0.        , 0.        , 0.        ,
       0.        , 0.        , 0.        , 0.        , 0.00931511,
       0.00931511, 0.00931511, 0.02659646, 0.02659646, 0.02659646,
       0.03453501, 0.04230913, 0.04230913, 0.04230913, 0.04936963,
       0.05617699, 0.06948736, 0.0951317 , 0.0951317 , 0.0951317 ,
       0.12389928, 0.14047424, 0.17214174, 0.18713245, 0.21598352,
       0.25284269, 0.27485802, 0.29978973, 0.34298701, 0.40293477,
       0.47634873, 0.52532881, 0.56459529, 0.60400571, 0.66349377,
       0.72067193, 0.7744286 , 0.83771628, 0.88663117, 0.92745604,
       0.96339361, 0.98640111, 0.99883087, 1.        , 1.        ,
       1.        ]), array([0.        , 0.        , 0.        , 0.        , 0.        ,
       0.        , 0.        , 0.        , 0.        , 0.        ,
       0.        , 0.        , 0.        , 0.        , 0.        ,
       0.        , 0.        , 0.        , 0.        , 0.        ,
       0.        , 0.        , 0.        , 0.        , 0.        ,
       0.        , 0.        , 0.        , 0.        , 0.        ,
       0.        , 0.        , 0.        , 0.        , 0.        ,
       0.        , 0.        , 0.        , 0.        , 0.        ,
       0.        , 0.        , 0.        , 0.        , 0.        ,
       0.02381962, 0.02381962, 0.02381962, 0.02381962, 0.02381962,
       0.02381962, 0.02381962, 0.02381962, 0.02381962, 0.02381962,
       0.02381962, 0.02381962, 0.02381962, 0.03300678, 0.04183083,
       0.04183083, 0.04183083, 0.04183083, 0.04183083, 0.0495971 ,
       0.0495971 , 0.05695545, 0.0784933 , 0.08543835, 0.08543835,
       0.08543835, 0.11073295, 0.11674444, 0.15763442, 0.15763442,
       0.18496634, 0.20048089, 0.21055863, 0.22972593, 0.26645215,
       0.28398425, 0.30059139, 0.32438938, 0.35795698, 0.39705672,
       0.44993285, 0.49962823, 0.55712876, 0.60804991, 0.66185472,
       0.72943942, 0.78464883, 0.85918449, 0.90755955, 0.94963753,
       0.97943588, 0.9975316 , 1.        , 1.        , 1.        ,
       1.        ]), array([0.        , 0.        , 0.        , 0.        , 0.        ,
       0.        , 0.        , 0.        , 0.        , 0.        ,
       0.        , 0.        , 0.        , 0.        , 0.        ,
       0.        , 0.        , 0.        , 0.        , 0.        ,
       0.        , 0.        , 0.        , 0.        , 0.        ,
       0.        , 0.        , 0.        , 0.        , 0.        ,
       0.        , 0.        , 0.        , 0.        , 0.        ,
       0.        , 0.        , 0.        , 0.        , 0.        ,
       0.        , 0.        , 0.        , 0.        , 0.        ,
       0.        , 0.        , 0.        , 0.        , 0.        ,
       0.        , 0.        , 0.        , 0.        , 0.        ,
       0.        , 0.        , 0.        , 0.        , 0.        ,
       0.        , 0.        , 0.        , 0.        , 0.        ,
       0.        , 0.        , 0.        , 0.        , 0.00797429,
       0.01565989, 0.01565989, 0.02280966, 0.03655196, 0.04330865,
       0.04330865, 0.05555712, 0.07330021, 0.08455217, 0.10059141,
       0.15700507, 0.20070783, 0.22873801, 0.26839692, 0.30995158,
       0.38778692, 0.45719651, 0.51472423, 0.57393983, 0.6311662 ,
       0.69924018, 0.73527673, 0.77805025, 0.8380679 , 0.89713431,
       0.94846435, 0.97516031, 0.99490857, 1.        , 1.        ,
       1.        ]), array([0.        , 0.        , 0.        , 0.        , 0.        ,
       0.        , 0.        , 0.        , 0.        , 0.        ,
       0.        , 0.        , 0.        , 0.        , 0.        ,
       0.        , 0.        , 0.        , 0.        , 0.        ,
       0.        , 0.        , 0.        , 0.        , 0.        ,
       0.        , 0.        , 0.        , 0.        , 0.        ,
       0.        , 0.        , 0.        , 0.        , 0.        ,
       0.        , 0.        , 0.        , 0.        , 0.        ,
       0.        , 0.        , 0.        , 0.        , 0.        ,
       0.        , 0.        , 0.        , 0.        , 0.        ,
       0.        , 0.        , 0.        , 0.        , 0.        ,
       0.        , 0.        , 0.        , 0.        , 0.        ,
       0.0091802 , 0.0091802 , 0.0091802 , 0.0091802 , 0.01730471,
       0.01730471, 0.01730471, 0.02487096, 0.0396006 , 0.0536459 ,
       0.06740369, 0.06740369, 0.0930432 , 0.11137553, 0.12336253,
       0.14066265, 0.16256865, 0.18875833, 0.22444945, 0.24371455,
       0.27112687, 0.32791757, 0.38230974, 0.43310234, 0.47039541,
       0.51226474, 0.54811708, 0.60206232, 0.65241223, 0.69925202,
       0.73737064, 0.77155111, 0.81774091, 0.85995483, 0.90688069,
       0.94674116, 0.98093374, 1.        , 1.        , 1.        ,
       1.        ]), array([0.        , 0.        , 0.        , 0.        , 0.        ,
       0.        , 0.        , 0.        , 0.        , 0.        ,
       0.        , 0.        , 0.        , 0.        , 0.        ,
       0.        , 0.        , 0.        , 0.        , 0.        ,
       0.        , 0.        , 0.        , 0.        , 0.        ,
       0.        , 0.        , 0.        , 0.        , 0.        ,
       0.        , 0.        , 0.        , 0.        , 0.        ,
       0.        , 0.        , 0.        , 0.        , 0.        ,
       0.        , 0.        , 0.        , 0.        , 0.        ,
       0.        , 0.        , 0.        , 0.        , 0.        ,
       0.        , 0.        , 0.        , 0.        , 0.        ,
       0.        , 0.        , 0.        , 0.        , 0.        ,
       0.        , 0.        , 0.        , 0.00900067, 0.00900067,
       0.00900067, 0.00900067, 0.00900067, 0.00900067, 0.00900067,
       0.02355554, 0.03057029, 0.03057029, 0.03705561, 0.05612685,
       0.06222822, 0.07394646, 0.0907584 , 0.1229736 , 0.14882876,
       0.19340201, 0.24028268, 0.27582713, 0.34280426, 0.39442177,
       0.44301567, 0.48428602, 0.54530731, 0.59613832, 0.63973304,
       0.69967614, 0.74681232, 0.81145548, 0.8649202 , 0.91336375,
       0.95770481, 0.9815564 , 0.99546086, 1.        , 1.        ,
       1.        ])]","[array([0.        , 0.        , 0.        , 0.        , 0.        ,
       0.        , 0.        , 0.        , 0.        , 0.        ,
       0.        , 0.        , 0.        , 0.        , 0.        ,
       0.        , 0.        , 0.        , 0.        , 0.        ,
       0.        , 0.        , 0.        , 0.        , 0.        ,
       0.        , 0.        , 0.        , 0.        , 0.        ,
       0.        , 0.        , 0.        , 0.        , 0.        ,
       0.        , 0.        , 0.        , 0.        , 0.        ,
       0.        , 0.        , 0.        , 0.        , 0.        ,
       0.        , 0.        , 0.        , 0.        , 0.        ,
       0.        , 0.        , 0.        , 0.        , 0.        ,
       0.        , 0.        , 0.        , 0.        , 0.00176472,
       0.00176472, 0.00176472, 0.00547389, 0.00547389, 0.00547389,
       0.00742204, 0.00939209, 0.00939209, 0.00939209, 0.01145724,
       0.01355612, 0.01779443, 0.02640117, 0.02640117, 0.02640117,
       0.0375977 , 0.04440697, 0.05822305, 0.06524343, 0.07943481,
       0.09857104, 0.11066732, 0.12538096, 0.15269055, 0.19279796,
       0.24614085, 0.28470376, 0.31854908, 0.35538119, 0.41659167,
       0.48111593, 0.54910209, 0.639866  , 0.72052122, 0.79924849,
       0.88163296, 0.94770456, 0.99414384, 1.        , 1.        ,
       1.        ]), array([0.        , 0.        , 0.        , 0.        , 0.        ,
       0.        , 0.        , 0.        , 0.        , 0.        ,
       0.        , 0.        , 0.        , 0.        , 0.        ,
       0.        , 0.        , 0.        , 0.        , 0.        ,
       0.        , 0.        , 0.        , 0.        , 0.        ,
       0.        , 0.        , 0.        , 0.        , 0.        ,
       0.        , 0.        , 0.        , 0.        , 0.        ,
       0.        , 0.        , 0.        , 0.        , 0.        ,
       0.        , 0.        , 0.        , 0.        , 0.        ,
       0.0026989 , 0.0026989 , 0.0026989 , 0.0026989 , 0.0026989 ,
       0.0026989 , 0.0026989 , 0.0026989 , 0.0026989 , 0.0026989 ,
       0.0026989 , 0.0026989 , 0.0026989 , 0.00443397, 0.00622046,
       0.00622046, 0.00622046, 0.00622046, 0.00622046, 0.00815676,
       0.00815676, 0.01015084, 0.01620917, 0.01826179, 0.01826179,
       0.01826179, 0.02682429, 0.02900913, 0.0444716 , 0.0444716 ,
       0.05578181, 0.06269323, 0.06733841, 0.07676874, 0.09585718,
       0.1055191 , 0.11531202, 0.130159  , 0.15273106, 0.1805921 ,
       0.22168324, 0.26322487, 0.31580607, 0.36628286, 0.42545999,
       0.50697548, 0.58113495, 0.69506476, 0.77930094, 0.86442899,
       0.93611495, 0.99124084, 1.        , 1.        , 1.        ,
       1.        ]), array([0.        , 0.        , 0.        , 0.        , 0.        ,
       0.        , 0.        , 0.        , 0.        , 0.        ,
       0.        , 0.        , 0.        , 0.        , 0.        ,
       0.        , 0.        , 0.        , 0.        , 0.        ,
       0.        , 0.        , 0.        , 0.        , 0.        ,
       0.        , 0.        , 0.        , 0.        , 0.        ,
       0.        , 0.        , 0.        , 0.        , 0.        ,
       0.        , 0.        , 0.        , 0.        , 0.        ,
       0.        , 0.        , 0.        , 0.        , 0.        ,
       0.        , 0.        , 0.        , 0.        , 0.        ,
       0.        , 0.        , 0.        , 0.        , 0.        ,
       0.        , 0.        , 0.        , 0.        , 0.        ,
       0.        , 0.        , 0.        , 0.        , 0.        ,
       0.        , 0.        , 0.        , 0.        , 0.00202996,
       0.00409412, 0.00409412, 0.00622176, 0.01054305, 0.01271725,
       0.01271725, 0.01721551, 0.02403749, 0.0286538 , 0.03567762,
       0.0617156 , 0.08331009, 0.09783733, 0.11991088, 0.1447345 ,
       0.19500653, 0.24330207, 0.28705593, 0.33655913, 0.38927262,
       0.4585489 , 0.49889945, 0.55332512, 0.64140367, 0.74149348,
       0.84547445, 0.91370334, 0.97680601, 1.        , 1.        ,
       1.        ]), array([0.        , 0.        , 0.        , 0.        , 0.        ,
       0.        , 0.        , 0.        , 0.        , 0.        ,
       0.        , 0.        , 0.        , 0.        , 0.        ,
       0.        , 0.        , 0.        , 0.        , 0.        ,
       0.        , 0.        , 0.        , 0.        , 0.        ,
       0.        , 0.        , 0.        , 0.        , 0.        ,
       0.        , 0.        , 0.        , 0.        , 0.        ,
       0.        , 0.        , 0.        , 0.        , 0.        ,
       0.        , 0.        , 0.        , 0.        , 0.        ,
       0.        , 0.        , 0.        , 0.        , 0.        ,
       0.        , 0.        , 0.        , 0.        , 0.        ,
       0.        , 0.        , 0.        , 0.        , 0.        ,
       0.00178529, 0.00178529, 0.00178529, 0.00178529, 0.00371213,
       0.00371213, 0.00371213, 0.00571382, 0.00977122, 0.01392037,
       0.01810807, 0.01810807, 0.02673502, 0.03332553, 0.03775066,
       0.04447958, 0.05360711, 0.06517646, 0.08150419, 0.09098581,
       0.1054074 , 0.13700313, 0.16892045, 0.2013204 , 0.22648185,
       0.25706206, 0.28543286, 0.33249095, 0.3800311 , 0.42804188,
       0.47118966, 0.51486546, 0.5810604 , 0.6508046 , 0.74103021,
       0.83220313, 0.93016835, 1.        , 1.        , 1.        ,
       1.        ]), array([0.        , 0.        , 0.        , 0.        , 0.        ,
       0.        , 0.        , 0.        , 0.        , 0.        ,
       0.        , 0.        , 0.        , 0.        , 0.        ,
       0.        , 0.        , 0.        , 0.        , 0.        ,
       0.        , 0.        , 0.        , 0.        , 0.        ,
       0.        , 0.        , 0.        , 0.        , 0.        ,
       0.        , 0.        , 0.        , 0.        , 0.        ,
       0.        , 0.        , 0.        , 0.        , 0.        ,
       0.        , 0.        , 0.        , 0.        , 0.        ,
       0.        , 0.        , 0.        , 0.        , 0.        ,
       0.        , 0.        , 0.        , 0.        , 0.        ,
       0.        , 0.        , 0.        , 0.        , 0.        ,
       0.        , 0.        , 0.        , 0.00186907, 0.00186907,
       0.00186907, 0.00186907, 0.00186907, 0.00186907, 0.00186907,
       0.00603685, 0.00815349, 0.00815349, 0.01033613, 0.01693202,
       0.01916252, 0.02368393, 0.03056147, 0.04449216, 0.05622459,
       0.07758805, 0.101655  , 0.1211529 , 0.1606613 , 0.19311111,
       0.22593786, 0.25668646, 0.30591073, 0.3504231 , 0.39284645,
       0.45716077, 0.51409827, 0.60175568, 0.68482439, 0.77151019,
       0.8676808 , 0.93051218, 0.97962797, 1.        , 1.        ,
       1.        ])]","[{'lambda_reg': 0.1452824663751603, 'gamma': 0.0070689749506246055}, {'lambda_reg': 0.8192602279031006, 'gamma': 0.023739423955292542}, {'lambda_reg': 0.8192602279031006, 'gamma': 0.023739423955292542}, {'lambda_reg': 0.1452824663751603, 'gamma': 0.0070689749506246055}, {'lambda_reg': 0.1452824663751603, 'gamma': 0.0070689749506246055}]",Joao_Pessoa,laplacian,72
"[np.float64(0.06616853577448709), np.float64(0.04567077551466687), np.float64(0.04979372358077523), np.float64(0.03545295367129385), np.float64(0.06975581767118373)]",0.0533683612424813,0.0128482363392313,"[np.float64(0.7701287752505902), np.float64(0.5176087551155705), np.float64(0.6356007418693741), np.float64(0.6299555390706358), np.float64(0.6277064934019366)]",0.6362000609416214,0.0801402424007815,"[np.float64(0.5934137037476956), np.float64(0.7499276287061425), np.float64(0.5215548099209811), np.float64(0.5444796879211423), np.float64(0.5173559753652044)]",0.5853463611322332,0.0866189531166698,"[array([0.        , 0.        , 0.        , 0.        , 0.        ,
       0.        , 0.        , 0.        , 0.        , 0.        ,
       0.        , 0.        , 0.        , 0.        , 0.        ,
       0.        , 0.        , 0.        , 0.        , 0.        ,
       0.        , 0.        , 0.        , 0.        , 0.        ,
       0.        , 0.        , 0.        , 0.        , 0.        ,
       0.        , 0.        , 0.        , 0.        , 0.        ,
       0.        , 0.        , 0.        , 0.        , 0.        ,
       0.        , 0.        , 0.        , 0.        , 0.        ,
       0.07238596, 0.07238596, 0.07238596, 0.07238596, 0.07238596,
       0.07238596, 0.07238596, 0.07238596, 0.07238596, 0.07238596,
       0.07238596, 0.07238596, 0.07238596, 0.07238596, 0.07238596,
       0.07238596, 0.07238596, 0.1219246 , 0.1219246 , 0.1219246 ,
       0.1219246 , 0.1219246 , 0.1219246 , 0.1219246 , 0.1219246 ,
       0.1219246 , 0.1219246 , 0.1219246 , 0.1219246 , 0.1219246 ,
       0.1219246 , 0.1219246 , 0.1219246 , 0.1219246 , 0.1219246 ,
       0.1219246 , 0.1219246 , 0.1219246 , 0.1219246 , 0.1219246 ,
       0.1219246 , 0.1219246 , 0.13905368, 0.13905368, 0.13905368,
       0.13905368, 0.13905368, 0.15018332, 0.15018332, 0.15018332,
       0.30523654, 0.76679993, 0.99611803, 1.        , 1.        ,
       1.        ]), array([0.        , 0.        , 0.        , 0.        , 0.        ,
       0.        , 0.        , 0.        , 0.        , 0.        ,
       0.        , 0.        , 0.        , 0.        , 0.        ,
       0.        , 0.        , 0.        , 0.        , 0.        ,
       0.        , 0.        , 0.        , 0.        , 0.        ,
       0.        , 0.        , 0.        , 0.        , 0.        ,
       0.        , 0.        , 0.        , 0.        , 0.        ,
       0.        , 0.        , 0.        , 0.        , 0.        ,
       0.        , 0.        , 0.        , 0.        , 0.        ,
       0.        , 0.        , 0.        , 0.        , 0.        ,
       0.        , 0.        , 0.        , 0.        , 0.        ,
       0.        , 0.        , 0.        , 0.        , 0.        ,
       0.        , 0.        , 0.        , 0.        , 0.        ,
       0.        , 0.        , 0.        , 0.        , 0.        ,
       0.        , 0.        , 0.        , 0.        , 0.        ,
       0.        , 0.        , 0.        , 0.        , 0.        ,
       0.        , 0.        , 0.        , 0.07921658, 0.07921658,
       0.11443495, 0.14572536, 0.20515883, 0.20515883, 0.20515883,
       0.25216678, 0.31473273, 0.33280498, 0.36598365, 0.40919409,
       0.45693797, 0.50603483, 0.63689845, 0.82055457, 0.93509518,
       1.        ]), array([0.        , 0.        , 0.        , 0.        , 0.        ,
       0.        , 0.        , 0.        , 0.        , 0.        ,
       0.        , 0.        , 0.        , 0.        , 0.        ,
       0.        , 0.        , 0.        , 0.        , 0.        ,
       0.        , 0.        , 0.        , 0.        , 0.        ,
       0.        , 0.        , 0.        , 0.        , 0.        ,
       0.        , 0.        , 0.        , 0.        , 0.        ,
       0.        , 0.        , 0.        , 0.        , 0.        ,
       0.        , 0.        , 0.        , 0.        , 0.        ,
       0.        , 0.        , 0.        , 0.        , 0.        ,
       0.        , 0.        , 0.        , 0.        , 0.        ,
       0.        , 0.        , 0.        , 0.        , 0.        ,
       0.        , 0.        , 0.        , 0.        , 0.        ,
       0.        , 0.        , 0.        , 0.        , 0.        ,
       0.        , 0.        , 0.        , 0.        , 0.        ,
       0.        , 0.        , 0.        , 0.        , 0.        ,
       0.        , 0.        , 0.        , 0.        , 0.        ,
       0.        , 0.01918218, 0.01918218, 0.01918218, 0.01918218,
       0.03314358, 0.03314358, 0.03314358, 0.03314358, 0.03314358,
       0.21791046, 0.99456178, 1.        , 1.        , 1.        ,
       1.        ]), array([0.        , 0.        , 0.        , 0.        , 0.        ,
       0.        , 0.        , 0.        , 0.        , 0.        ,
       0.        , 0.        , 0.        , 0.        , 0.        ,
       0.        , 0.        , 0.        , 0.        , 0.        ,
       0.        , 0.        , 0.        , 0.        , 0.        ,
       0.        , 0.        , 0.        , 0.        , 0.        ,
       0.        , 0.        , 0.        , 0.        , 0.        ,
       0.        , 0.        , 0.        , 0.        , 0.        ,
       0.        , 0.        , 0.        , 0.        , 0.        ,
       0.        , 0.        , 0.        , 0.        , 0.        ,
       0.        , 0.        , 0.        , 0.        , 0.        ,
       0.        , 0.        , 0.        , 0.        , 0.        ,
       0.        , 0.        , 0.        , 0.        , 0.        ,
       0.        , 0.        , 0.        , 0.        , 0.        ,
       0.        , 0.        , 0.        , 0.        , 0.        ,
       0.        , 0.        , 0.        , 0.        , 0.        ,
       0.        , 0.        , 0.        , 0.        , 0.        ,
       0.        , 0.        , 0.        , 0.        , 0.        ,
       0.        , 0.        , 0.01123414, 0.05042369, 0.13621144,
       0.35580814, 0.89031517, 1.        , 1.        , 1.        ,
       1.        ]), array([0.        , 0.        , 0.        , 0.        , 0.        ,
       0.        , 0.        , 0.        , 0.        , 0.        ,
       0.        , 0.        , 0.        , 0.        , 0.        ,
       0.        , 0.        , 0.        , 0.        , 0.        ,
       0.        , 0.        , 0.        , 0.        , 0.        ,
       0.        , 0.        , 0.        , 0.        , 0.        ,
       0.        , 0.        , 0.        , 0.        , 0.        ,
       0.        , 0.        , 0.        , 0.        , 0.        ,
       0.        , 0.        , 0.        , 0.        , 0.        ,
       0.        , 0.        , 0.        , 0.        , 0.        ,
       0.        , 0.        , 0.        , 0.        , 0.        ,
       0.        , 0.        , 0.        , 0.        , 0.        ,
       0.        , 0.        , 0.        , 0.        , 0.        ,
       0.        , 0.        , 0.        , 0.        , 0.        ,
       0.        , 0.        , 0.        , 0.        , 0.        ,
       0.        , 0.        , 0.02399104, 0.02399104, 0.02399104,
       0.02399104, 0.02399104, 0.02399104, 0.02399104, 0.02399104,
       0.02399104, 0.02399104, 0.02399104, 0.02399104, 0.02399104,
       0.02399104, 0.02399104, 0.03276377, 0.04021617, 0.73386064,
       1.        , 1.        , 1.        , 1.        , 1.        ,
       1.        ])]","[array([0.        , 0.        , 0.        , 0.        , 0.        ,
       0.        , 0.        , 0.        , 0.        , 0.        ,
       0.        , 0.        , 0.        , 0.        , 0.        ,
       0.        , 0.        , 0.        , 0.        , 0.        ,
       0.        , 0.        , 0.        , 0.        , 0.        ,
       0.        , 0.        , 0.        , 0.        , 0.        ,
       0.        , 0.        , 0.        , 0.        , 0.        ,
       0.        , 0.        , 0.        , 0.        , 0.        ,
       0.        , 0.        , 0.        , 0.        , 0.        ,
       0.00301676, 0.00301676, 0.00301676, 0.00301676, 0.00301676,
       0.00301676, 0.00301676, 0.00301676, 0.00301676, 0.00301676,
       0.00301676, 0.00301676, 0.00301676, 0.00301676, 0.00301676,
       0.00301676, 0.00301676, 0.00722375, 0.00722375, 0.00722375,
       0.00722375, 0.00722375, 0.00722375, 0.00722375, 0.00722375,
       0.00722375, 0.00722375, 0.00722375, 0.00722375, 0.00722375,
       0.00722375, 0.00722375, 0.00722375, 0.00722375, 0.00722375,
       0.00722375, 0.00722375, 0.00722375, 0.00722375, 0.00722375,
       0.00722375, 0.00722375, 0.01311912, 0.01311912, 0.01311912,
       0.01311912, 0.01311912, 0.01932703, 0.01932703, 0.01932703,
       0.16057915, 0.68633849, 0.99341452, 1.        , 1.        ,
       1.        ]), array([0.        , 0.        , 0.        , 0.        , 0.        ,
       0.        , 0.        , 0.        , 0.        , 0.        ,
       0.        , 0.        , 0.        , 0.        , 0.        ,
       0.        , 0.        , 0.        , 0.        , 0.        ,
       0.        , 0.        , 0.        , 0.        , 0.        ,
       0.        , 0.        , 0.        , 0.        , 0.        ,
       0.        , 0.        , 0.        , 0.        , 0.        ,
       0.        , 0.        , 0.        , 0.        , 0.        ,
       0.        , 0.        , 0.        , 0.        , 0.        ,
       0.        , 0.        , 0.        , 0.        , 0.        ,
       0.        , 0.        , 0.        , 0.        , 0.        ,
       0.        , 0.        , 0.        , 0.        , 0.        ,
       0.        , 0.        , 0.        , 0.        , 0.        ,
       0.        , 0.        , 0.        , 0.        , 0.        ,
       0.        , 0.        , 0.        , 0.        , 0.        ,
       0.        , 0.        , 0.        , 0.        , 0.        ,
       0.        , 0.        , 0.        , 0.01091253, 0.01091253,
       0.01650057, 0.02220654, 0.03371294, 0.03371294, 0.03371294,
       0.04559236, 0.06365002, 0.06975278, 0.08204735, 0.10068605,
       0.12583395, 0.15758652, 0.26662794, 0.48705444, 0.71620105,
       1.        ]), array([0.        , 0.        , 0.        , 0.        , 0.        ,
       0.        , 0.        , 0.        , 0.        , 0.        ,
       0.        , 0.        , 0.        , 0.        , 0.        ,
       0.        , 0.        , 0.        , 0.        , 0.        ,
       0.        , 0.        , 0.        , 0.        , 0.        ,
       0.        , 0.        , 0.        , 0.        , 0.        ,
       0.        , 0.        , 0.        , 0.        , 0.        ,
       0.        , 0.        , 0.        , 0.        , 0.        ,
       0.        , 0.        , 0.        , 0.        , 0.        ,
       0.        , 0.        , 0.        , 0.        , 0.        ,
       0.        , 0.        , 0.        , 0.        , 0.        ,
       0.        , 0.        , 0.        , 0.        , 0.        ,
       0.        , 0.        , 0.        , 0.        , 0.        ,
       0.        , 0.        , 0.        , 0.        , 0.        ,
       0.        , 0.        , 0.        , 0.        , 0.        ,
       0.        , 0.        , 0.        , 0.        , 0.        ,
       0.        , 0.        , 0.        , 0.        , 0.        ,
       0.        , 0.00581755, 0.00581755, 0.00581755, 0.00581755,
       0.01189513, 0.01189513, 0.01189513, 0.01189513, 0.01189513,
       0.17878912, 0.99349791, 1.        , 1.        , 1.        ,
       1.        ]), array([0.        , 0.        , 0.        , 0.        , 0.        ,
       0.        , 0.        , 0.        , 0.        , 0.        ,
       0.        , 0.        , 0.        , 0.        , 0.        ,
       0.        , 0.        , 0.        , 0.        , 0.        ,
       0.        , 0.        , 0.        , 0.        , 0.        ,
       0.        , 0.        , 0.        , 0.        , 0.        ,
       0.        , 0.        , 0.        , 0.        , 0.        ,
       0.        , 0.        , 0.        , 0.        , 0.        ,
       0.        , 0.        , 0.        , 0.        , 0.        ,
       0.        , 0.        , 0.        , 0.        , 0.        ,
       0.        , 0.        , 0.        , 0.        , 0.        ,
       0.        , 0.        , 0.        , 0.        , 0.        ,
       0.        , 0.        , 0.        , 0.        , 0.        ,
       0.        , 0.        , 0.        , 0.        , 0.        ,
       0.        , 0.        , 0.        , 0.        , 0.        ,
       0.        , 0.        , 0.        , 0.        , 0.        ,
       0.        , 0.        , 0.        , 0.        , 0.        ,
       0.        , 0.        , 0.        , 0.        , 0.        ,
       0.        , 0.        , 0.00621191, 0.03134759, 0.09479757,
       0.2870404 , 0.85644809, 1.        , 1.        , 1.        ,
       1.        ]), array([0.        , 0.        , 0.        , 0.        , 0.        ,
       0.        , 0.        , 0.        , 0.        , 0.        ,
       0.        , 0.        , 0.        , 0.        , 0.        ,
       0.        , 0.        , 0.        , 0.        , 0.        ,
       0.        , 0.        , 0.        , 0.        , 0.        ,
       0.        , 0.        , 0.        , 0.        , 0.        ,
       0.        , 0.        , 0.        , 0.        , 0.        ,
       0.        , 0.        , 0.        , 0.        , 0.        ,
       0.        , 0.        , 0.        , 0.        , 0.        ,
       0.        , 0.        , 0.        , 0.        , 0.        ,
       0.        , 0.        , 0.        , 0.        , 0.        ,
       0.        , 0.        , 0.        , 0.        , 0.        ,
       0.        , 0.        , 0.        , 0.        , 0.        ,
       0.        , 0.        , 0.        , 0.        , 0.        ,
       0.        , 0.        , 0.        , 0.        , 0.        ,
       0.        , 0.        , 0.00528161, 0.00528161, 0.00528161,
       0.00528161, 0.00528161, 0.00528161, 0.00528161, 0.00528161,
       0.00528161, 0.00528161, 0.00528161, 0.00528161, 0.00528161,
       0.00528161, 0.00528161, 0.01157839, 0.01796324, 0.71494621,
       1.        , 1.        , 1.        , 1.        , 1.        ,
       1.        ])]","[{'lambda_reg': 0.3301647150911624, 'gamma': 0.0010391765357579117}, {'lambda_reg': 0.008010237161237523, 'gamma': 0.0010624118762247205}, {'lambda_reg': 0.7041830285015993, 'gamma': 0.0010499980275967115}, {'lambda_reg': 0.3301647150911624, 'gamma': 0.0010391765357579117}, {'lambda_reg': 0.870529764483982, 'gamma': 0.0010550558461247955}]",Campina_Grande,rbf,64
"[np.float64(0.13273719389674116), np.float64(0.09191001726809148), np.float64(0.10740046647759409), np.float64(0.12523004871859286), np.float64(0.09225092804328303)]",0.1099057308808605,0.0167207926967244,"[np.float64(0.6343252347335793), np.float64(0.7042025524262605), np.float64(0.692004269913808), np.float64(0.700225324721158), np.float64(0.6812856475955233)]",0.6824086058780658,0.025289365198395,"[np.float64(0.7063801467593221), np.float64(0.723577028031725), np.float64(0.6738028488938188), np.float64(0.7046553066450996), np.float64(0.6908446317806027)]",0.6998519924221136,0.0166628710943607,"[array([0.        , 0.        , 0.        , 0.        , 0.        ,
       0.        , 0.        , 0.        , 0.        , 0.        ,
       0.        , 0.        , 0.        , 0.        , 0.        ,
       0.        , 0.        , 0.        , 0.        , 0.        ,
       0.        , 0.        , 0.        , 0.        , 0.        ,
       0.        , 0.        , 0.        , 0.        , 0.        ,
       0.        , 0.        , 0.        , 0.        , 0.        ,
       0.        , 0.        , 0.        , 0.        , 0.        ,
       0.        , 0.        , 0.        , 0.        , 0.        ,
       0.        , 0.        , 0.        , 0.00665315, 0.00665315,
       0.00665315, 0.00665315, 0.00665315, 0.01272594, 0.01272594,
       0.01272594, 0.01272594, 0.01826778, 0.02369246, 0.02895319,
       0.03413666, 0.05426544, 0.05916443, 0.06862911, 0.0732316 ,
       0.09134281, 0.10458322, 0.11737997, 0.12154645, 0.12952158,
       0.14111008, 0.14481473, 0.14481473, 0.155379  , 0.17234802,
       0.18871598, 0.20457706, 0.22259163, 0.25407656, 0.28446966,
       0.3186839 , 0.33594802, 0.36655382, 0.40867918, 0.4424271 ,
       0.48023738, 0.51536476, 0.560037  , 0.59959787, 0.66132757,
       0.71231677, 0.76338132, 0.81679534, 0.86527713, 0.90406022,
       0.94006885, 0.96750249, 0.98365036, 0.99760101, 0.99977844,
       1.        ]), array([0.        , 0.        , 0.        , 0.        , 0.        ,
       0.        , 0.        , 0.        , 0.        , 0.        ,
       0.        , 0.        , 0.        , 0.        , 0.        ,
       0.        , 0.        , 0.        , 0.        , 0.        ,
       0.        , 0.        , 0.        , 0.        , 0.        ,
       0.        , 0.        , 0.        , 0.        , 0.        ,
       0.        , 0.        , 0.        , 0.        , 0.        ,
       0.        , 0.        , 0.        , 0.        , 0.        ,
       0.        , 0.        , 0.        , 0.        , 0.        ,
       0.00680704, 0.01348302, 0.01348302, 0.02631332, 0.03259373,
       0.03259373, 0.03868099, 0.03868099, 0.04447406, 0.04447406,
       0.0500984 , 0.05550423, 0.06080609, 0.06080609, 0.06080609,
       0.06581325, 0.07548332, 0.08500068, 0.10333846, 0.10333846,
       0.10333846, 0.12432181, 0.12848481, 0.14435461, 0.15980097,
       0.15980097, 0.17420652, 0.18812621, 0.20839853, 0.22463614,
       0.2464888 , 0.27356924, 0.29373027, 0.32390183, 0.35282804,
       0.38565497, 0.4142776 , 0.43920572, 0.46703978, 0.49919912,
       0.51999185, 0.54840605, 0.59824837, 0.65891317, 0.70970623,
       0.75193669, 0.79155444, 0.82794666, 0.86044431, 0.89553194,
       0.93488105, 0.962697  , 0.98261225, 0.99653674, 1.        ,
       1.        ]), array([0.        , 0.        , 0.        , 0.        , 0.        ,
       0.        , 0.        , 0.        , 0.        , 0.        ,
       0.        , 0.        , 0.        , 0.        , 0.        ,
       0.        , 0.        , 0.        , 0.        , 0.        ,
       0.        , 0.        , 0.        , 0.        , 0.        ,
       0.        , 0.        , 0.        , 0.        , 0.        ,
       0.        , 0.        , 0.        , 0.        , 0.        ,
       0.        , 0.        , 0.        , 0.        , 0.        ,
       0.        , 0.        , 0.        , 0.        , 0.        ,
       0.        , 0.        , 0.        , 0.        , 0.        ,
       0.        , 0.        , 0.        , 0.        , 0.        ,
       0.        , 0.        , 0.00526944, 0.00526944, 0.01028662,
       0.01522837, 0.02005866, 0.02005866, 0.02908934, 0.02908934,
       0.02908934, 0.04569777, 0.04970217, 0.05761418, 0.06911836,
       0.07651636, 0.09792387, 0.10488082, 0.11151234, 0.12123186,
       0.13978854, 0.16632832, 0.18344587, 0.22156415, 0.24227503,
       0.26451125, 0.29770579, 0.33357664, 0.38012174, 0.42417781,
       0.472613  , 0.50926382, 0.55172912, 0.6109625 , 0.66396644,
       0.70710635, 0.77159487, 0.83387212, 0.89664326, 0.93631467,
       0.95898798, 0.9860884 , 0.99749443, 1.        , 1.        ,
       1.        ]), array([0.        , 0.        , 0.        , 0.        , 0.        ,
       0.        , 0.        , 0.        , 0.        , 0.        ,
       0.        , 0.        , 0.        , 0.        , 0.        ,
       0.        , 0.        , 0.        , 0.        , 0.        ,
       0.        , 0.        , 0.        , 0.        , 0.        ,
       0.        , 0.        , 0.        , 0.        , 0.        ,
       0.        , 0.        , 0.        , 0.        , 0.        ,
       0.        , 0.        , 0.        , 0.        , 0.        ,
       0.        , 0.        , 0.        , 0.        , 0.        ,
       0.        , 0.        , 0.        , 0.        , 0.        ,
       0.        , 0.        , 0.        , 0.        , 0.01237117,
       0.01237117, 0.01831288, 0.01831288, 0.01831288, 0.01831288,
       0.0291806 , 0.0291806 , 0.0291806 , 0.03414983, 0.03896872,
       0.04372261, 0.0574031 , 0.06635252, 0.07064334, 0.07903609,
       0.08716801, 0.10280918, 0.11795333, 0.12882364, 0.13943046,
       0.17340313, 0.19621464, 0.221222  , 0.24518541, 0.2910022 ,
       0.32634295, 0.34968608, 0.38406076, 0.41664222, 0.46114526,
       0.49215877, 0.51903372, 0.56253467, 0.59262799, 0.62163202,
       0.66773653, 0.71339152, 0.76061997, 0.81901076, 0.87252875,
       0.9279384 , 0.96649966, 0.98986447, 0.99852952, 1.        ,
       1.        ]), array([0.        , 0.        , 0.        , 0.        , 0.        ,
       0.        , 0.        , 0.        , 0.        , 0.        ,
       0.        , 0.        , 0.        , 0.        , 0.        ,
       0.        , 0.        , 0.        , 0.        , 0.        ,
       0.        , 0.        , 0.        , 0.        , 0.        ,
       0.        , 0.        , 0.        , 0.        , 0.        ,
       0.        , 0.        , 0.        , 0.        , 0.        ,
       0.        , 0.        , 0.        , 0.        , 0.        ,
       0.        , 0.        , 0.        , 0.        , 0.        ,
       0.00657799, 0.00657799, 0.00657799, 0.00657799, 0.00657799,
       0.00657799, 0.00657799, 0.00657799, 0.00657799, 0.00657799,
       0.00657799, 0.00657799, 0.00657799, 0.00657799, 0.01642015,
       0.02117238, 0.02590797, 0.03497273, 0.04384684, 0.04384684,
       0.04805219, 0.06032628, 0.0762297 , 0.08776878, 0.11012722,
       0.12816294, 0.13513309, 0.14519867, 0.17438395, 0.19643499,
       0.21756269, 0.23503806, 0.26297383, 0.28411434, 0.29938789,
       0.33577224, 0.37505932, 0.40805026, 0.44118406, 0.47067938,
       0.50552964, 0.54186435, 0.58353428, 0.62633807, 0.66277009,
       0.71369112, 0.77356634, 0.81697002, 0.87912815, 0.92458551,
       0.95836292, 0.98831283, 0.99825744, 1.        , 1.        ,
       1.        ])]","[array([0.00000000e+00, 0.00000000e+00, 0.00000000e+00, 0.00000000e+00,
       0.00000000e+00, 0.00000000e+00, 0.00000000e+00, 0.00000000e+00,
       0.00000000e+00, 0.00000000e+00, 0.00000000e+00, 0.00000000e+00,
       0.00000000e+00, 0.00000000e+00, 0.00000000e+00, 0.00000000e+00,
       0.00000000e+00, 0.00000000e+00, 0.00000000e+00, 0.00000000e+00,
       0.00000000e+00, 0.00000000e+00, 0.00000000e+00, 0.00000000e+00,
       0.00000000e+00, 0.00000000e+00, 0.00000000e+00, 0.00000000e+00,
       0.00000000e+00, 0.00000000e+00, 0.00000000e+00, 0.00000000e+00,
       0.00000000e+00, 0.00000000e+00, 0.00000000e+00, 0.00000000e+00,
       0.00000000e+00, 0.00000000e+00, 0.00000000e+00, 0.00000000e+00,
       0.00000000e+00, 0.00000000e+00, 0.00000000e+00, 0.00000000e+00,
       0.00000000e+00, 0.00000000e+00, 0.00000000e+00, 0.00000000e+00,
       7.78912229e-04, 7.78912229e-04, 7.78912229e-04, 7.78912229e-04,
       7.78912229e-04, 1.63179903e-03, 1.63179903e-03, 1.63179903e-03,
       1.63179903e-03, 2.55235876e-03, 3.48785343e-03, 4.44424452e-03,
       5.41048444e-03, 9.35256588e-03, 1.03550652e-02, 1.24025467e-02,
       1.34428374e-02, 1.76420800e-02, 2.08352320e-02, 2.40849316e-02,
       2.51807974e-02, 2.74181366e-02, 3.08218406e-02, 3.19765718e-02,
       3.19765718e-02, 3.55108252e-02, 4.14825792e-02, 4.75309463e-02,
       5.36439195e-02, 6.11093341e-02, 7.49924468e-02, 8.90147229e-02,
       1.05803810e-01, 1.14991805e-01, 1.32240826e-01, 1.57783121e-01,
       1.79512427e-01, 2.05604724e-01, 2.32038985e-01, 2.68645143e-01,
       3.04275872e-01, 3.64738714e-01, 4.20062836e-01, 4.81885064e-01,
       5.54796318e-01, 6.31590090e-01, 7.03112357e-01, 7.81495966e-01,
       8.56091768e-01, 9.12602934e-01, 9.80782649e-01, 9.96774386e-01,
       1.00000000e+00]), array([0.00000000e+00, 0.00000000e+00, 0.00000000e+00, 0.00000000e+00,
       0.00000000e+00, 0.00000000e+00, 0.00000000e+00, 0.00000000e+00,
       0.00000000e+00, 0.00000000e+00, 0.00000000e+00, 0.00000000e+00,
       0.00000000e+00, 0.00000000e+00, 0.00000000e+00, 0.00000000e+00,
       0.00000000e+00, 0.00000000e+00, 0.00000000e+00, 0.00000000e+00,
       0.00000000e+00, 0.00000000e+00, 0.00000000e+00, 0.00000000e+00,
       0.00000000e+00, 0.00000000e+00, 0.00000000e+00, 0.00000000e+00,
       0.00000000e+00, 0.00000000e+00, 0.00000000e+00, 0.00000000e+00,
       0.00000000e+00, 0.00000000e+00, 0.00000000e+00, 0.00000000e+00,
       0.00000000e+00, 0.00000000e+00, 0.00000000e+00, 0.00000000e+00,
       0.00000000e+00, 0.00000000e+00, 0.00000000e+00, 0.00000000e+00,
       0.00000000e+00, 7.26946709e-04, 1.47138903e-03, 1.47138903e-03,
       3.02991226e-03, 3.82716011e-03, 3.82716011e-03, 4.65019095e-03,
       4.65019095e-03, 5.51249519e-03, 5.51249519e-03, 6.39732239e-03,
       7.31131970e-03, 8.23919496e-03, 8.23919496e-03, 8.23919496e-03,
       9.20641103e-03, 1.11867978e-02, 1.31875697e-02, 1.72821500e-02,
       1.72821500e-02, 1.72821500e-02, 2.26591984e-02, 2.37391025e-02,
       2.81631367e-02, 3.26436972e-02, 3.26436972e-02, 3.72631963e-02,
       4.19475551e-02, 4.90551490e-02, 5.50657148e-02, 6.35979771e-02,
       7.47036353e-02, 8.34617165e-02, 9.74259958e-02, 1.11556519e-01,
       1.28437590e-01, 1.44244269e-01, 1.58908504e-01, 1.76456080e-01,
       1.98333158e-01, 2.13549433e-01, 2.35926457e-01, 2.78341826e-01,
       3.35668784e-01, 3.87771017e-01, 4.36109397e-01, 4.86432181e-01,
       5.38821177e-01, 5.91730065e-01, 6.60649514e-01, 7.50263282e-01,
       8.29967219e-01, 9.02547684e-01, 9.72656605e-01, 1.00000000e+00,
       1.00000000e+00]), array([0.00000000e+00, 0.00000000e+00, 0.00000000e+00, 0.00000000e+00,
       0.00000000e+00, 0.00000000e+00, 0.00000000e+00, 0.00000000e+00,
       0.00000000e+00, 0.00000000e+00, 0.00000000e+00, 0.00000000e+00,
       0.00000000e+00, 0.00000000e+00, 0.00000000e+00, 0.00000000e+00,
       0.00000000e+00, 0.00000000e+00, 0.00000000e+00, 0.00000000e+00,
       0.00000000e+00, 0.00000000e+00, 0.00000000e+00, 0.00000000e+00,
       0.00000000e+00, 0.00000000e+00, 0.00000000e+00, 0.00000000e+00,
       0.00000000e+00, 0.00000000e+00, 0.00000000e+00, 0.00000000e+00,
       0.00000000e+00, 0.00000000e+00, 0.00000000e+00, 0.00000000e+00,
       0.00000000e+00, 0.00000000e+00, 0.00000000e+00, 0.00000000e+00,
       0.00000000e+00, 0.00000000e+00, 0.00000000e+00, 0.00000000e+00,
       0.00000000e+00, 0.00000000e+00, 0.00000000e+00, 0.00000000e+00,
       0.00000000e+00, 0.00000000e+00, 0.00000000e+00, 0.00000000e+00,
       0.00000000e+00, 0.00000000e+00, 0.00000000e+00, 0.00000000e+00,
       0.00000000e+00, 9.25531179e-04, 9.25531179e-04, 1.88517697e-03,
       2.85502404e-03, 3.83994439e-03, 3.83994439e-03, 5.89496904e-03,
       5.89496904e-03, 5.89496904e-03, 1.02015059e-02, 1.12981158e-02,
       1.35044239e-02, 1.68630907e-02, 1.91389108e-02, 2.60727349e-02,
       2.84082020e-02, 3.07876791e-02, 3.43876941e-02, 4.17070508e-02,
       5.28612498e-02, 6.03752285e-02, 7.81543357e-02, 8.84586625e-02,
       1.00194855e-01, 1.18639825e-01, 1.39999158e-01, 1.69743830e-01,
       1.99825109e-01, 2.35866761e-01, 2.65311344e-01, 3.02160337e-01,
       3.58037594e-01, 4.13119144e-01, 4.62982077e-01, 5.45997141e-01,
       6.35863833e-01, 7.40407049e-01, 8.16949388e-01, 8.69580129e-01,
       9.46184365e-01, 9.87233671e-01, 1.00000000e+00, 1.00000000e+00,
       1.00000000e+00]), array([0.        , 0.        , 0.        , 0.        , 0.        ,
       0.        , 0.        , 0.        , 0.        , 0.        ,
       0.        , 0.        , 0.        , 0.        , 0.        ,
       0.        , 0.        , 0.        , 0.        , 0.        ,
       0.        , 0.        , 0.        , 0.        , 0.        ,
       0.        , 0.        , 0.        , 0.        , 0.        ,
       0.        , 0.        , 0.        , 0.        , 0.        ,
       0.        , 0.        , 0.        , 0.        , 0.        ,
       0.        , 0.        , 0.        , 0.        , 0.        ,
       0.        , 0.        , 0.        , 0.        , 0.        ,
       0.        , 0.        , 0.        , 0.        , 0.00173427,
       0.00173427, 0.00263102, 0.00263102, 0.00263102, 0.00263102,
       0.00454785, 0.00454785, 0.00454785, 0.00556268, 0.00659577,
       0.00763675, 0.01083026, 0.01298001, 0.01407722, 0.01629457,
       0.01854359, 0.02311724, 0.02775124, 0.03128597, 0.0348527 ,
       0.04690976, 0.05546741, 0.06537664, 0.07541264, 0.09574084,
       0.11248643, 0.12421596, 0.14269708, 0.16139593, 0.18835652,
       0.20886398, 0.22825575, 0.26181088, 0.28728472, 0.31450905,
       0.362312  , 0.41502418, 0.47725461, 0.56402113, 0.65785219,
       0.77410859, 0.87299219, 0.95106598, 0.99046925, 1.        ,
       1.        ]), array([0.00000000e+00, 0.00000000e+00, 0.00000000e+00, 0.00000000e+00,
       0.00000000e+00, 0.00000000e+00, 0.00000000e+00, 0.00000000e+00,
       0.00000000e+00, 0.00000000e+00, 0.00000000e+00, 0.00000000e+00,
       0.00000000e+00, 0.00000000e+00, 0.00000000e+00, 0.00000000e+00,
       0.00000000e+00, 0.00000000e+00, 0.00000000e+00, 0.00000000e+00,
       0.00000000e+00, 0.00000000e+00, 0.00000000e+00, 0.00000000e+00,
       0.00000000e+00, 0.00000000e+00, 0.00000000e+00, 0.00000000e+00,
       0.00000000e+00, 0.00000000e+00, 0.00000000e+00, 0.00000000e+00,
       0.00000000e+00, 0.00000000e+00, 0.00000000e+00, 0.00000000e+00,
       0.00000000e+00, 0.00000000e+00, 0.00000000e+00, 0.00000000e+00,
       0.00000000e+00, 0.00000000e+00, 0.00000000e+00, 0.00000000e+00,
       0.00000000e+00, 7.30341622e-04, 7.30341622e-04, 7.30341622e-04,
       7.30341622e-04, 7.30341622e-04, 7.30341622e-04, 7.30341622e-04,
       7.30341622e-04, 7.30341622e-04, 7.30341622e-04, 7.30341622e-04,
       7.30341622e-04, 7.30341622e-04, 7.30341622e-04, 2.65093322e-03,
       3.63466269e-03, 4.62070076e-03, 6.64918395e-03, 8.70412698e-03,
       8.70412698e-03, 9.76375535e-03, 1.29900990e-02, 1.73560152e-02,
       2.06843675e-02, 2.74409601e-02, 3.31542117e-02, 3.54733954e-02,
       3.90062482e-02, 4.97451824e-02, 5.81877055e-02, 6.67583747e-02,
       7.41926645e-02, 8.67482802e-02, 9.69604392e-02, 1.04700309e-01,
       1.24299730e-01, 1.46782834e-01, 1.66853210e-01, 1.88547028e-01,
       2.09102545e-01, 2.35487950e-01, 2.64953872e-01, 3.01895689e-01,
       3.43609949e-01, 3.82921977e-01, 4.43228908e-01, 5.22012354e-01,
       5.86649119e-01, 6.93051297e-01, 7.83695339e-01, 8.64457506e-01,
       9.52323947e-01, 9.90382229e-01, 1.00000000e+00, 1.00000000e+00,
       1.00000000e+00])]","[{'lambda_reg': 0.08282245617333744, 'gamma': 0.034147326650503906}, {'lambda_reg': 0.08282245617333744, 'gamma': 0.034147326650503906}, {'lambda_reg': 0.1247117403453705, 'gamma': 0.024020392351233304}, {'lambda_reg': 0.08282245617333744, 'gamma': 0.034147326650503906}, {'lambda_reg': 0.1247117403453705, 'gamma': 0.024020392351233304}]",Outros,exponential,80
"[np.float64(0.09716049877847603), np.float64(0.09639882176753505), np.float64(0.13966631940307747), np.float64(0.09011397939215103), np.float64(0.10171831990950543)]",0.105011587850149,0.0177175286634868,"[np.float64(0.6154005452236097), np.float64(0.5759396750388933), np.float64(0.6408956918853171), np.float64(0.6398485010849537), np.float64(0.6326760994776671)]",0.6209521025420882,0.0242866677678036,"[np.float64(0.6732879558518317), np.float64(0.668565010820983), np.float64(0.6678890452738454), np.float64(0.6655563668246736), np.float64(0.6624381168362116)]",0.667547299121509,0.0035826030275837,"[array([0.        , 0.        , 0.        , 0.        , 0.        ,
       0.        , 0.        , 0.        , 0.        , 0.        ,
       0.        , 0.        , 0.        , 0.        , 0.        ,
       0.        , 0.        , 0.        , 0.        , 0.        ,
       0.        , 0.        , 0.        , 0.        , 0.        ,
       0.        , 0.        , 0.        , 0.        , 0.        ,
       0.        , 0.        , 0.        , 0.        , 0.        ,
       0.        , 0.        , 0.        , 0.        , 0.        ,
       0.        , 0.        , 0.        , 0.        , 0.        ,
       0.        , 0.        , 0.        , 0.        , 0.        ,
       0.        , 0.        , 0.        , 0.        , 0.        ,
       0.        , 0.        , 0.        , 0.        , 0.        ,
       0.0092305 , 0.0092305 , 0.01797761, 0.01797761, 0.01797761,
       0.02601676, 0.02601676, 0.03354053, 0.03354053, 0.03354053,
       0.03354053, 0.05364882, 0.06655063, 0.07907226, 0.10305411,
       0.10892095, 0.13113387, 0.17386974, 0.19433014, 0.22845038,
       0.24734267, 0.2696346 , 0.31992739, 0.37971713, 0.40961162,
       0.45192223, 0.51446826, 0.57586898, 0.62709052, 0.67369641,
       0.72107263, 0.78126081, 0.83514788, 0.87446991, 0.92200334,
       0.95489235, 0.98177063, 0.99681698, 1.        , 1.        ,
       1.        ]), array([0.        , 0.        , 0.        , 0.        , 0.        ,
       0.        , 0.        , 0.        , 0.        , 0.        ,
       0.        , 0.        , 0.        , 0.        , 0.        ,
       0.        , 0.        , 0.        , 0.        , 0.        ,
       0.        , 0.        , 0.        , 0.        , 0.        ,
       0.        , 0.        , 0.        , 0.        , 0.        ,
       0.        , 0.        , 0.        , 0.        , 0.        ,
       0.        , 0.        , 0.        , 0.        , 0.        ,
       0.        , 0.        , 0.        , 0.        , 0.        ,
       0.02438616, 0.02438616, 0.02438616, 0.02438616, 0.02438616,
       0.02438616, 0.02438616, 0.02438616, 0.02438616, 0.02438616,
       0.02438616, 0.03405671, 0.03405671, 0.03405671, 0.03405671,
       0.03405671, 0.03405671, 0.03405671, 0.04226073, 0.04226073,
       0.05002844, 0.06509146, 0.07979275, 0.10132809, 0.10132809,
       0.11466434, 0.1210838 , 0.1210838 , 0.12701836, 0.13276946,
       0.14402543, 0.17098019, 0.19695135, 0.21193667, 0.22613194,
       0.23990234, 0.28274321, 0.30327762, 0.33790823, 0.38883769,
       0.42654222, 0.47477563, 0.55473001, 0.60116845, 0.66131189,
       0.72610104, 0.77812205, 0.83610414, 0.89212667, 0.94927658,
       0.9757361 , 0.99409667, 1.        , 1.        , 1.        ,
       1.        ]), array([0.        , 0.        , 0.        , 0.        , 0.        ,
       0.        , 0.        , 0.        , 0.        , 0.        ,
       0.        , 0.        , 0.        , 0.        , 0.        ,
       0.        , 0.        , 0.        , 0.        , 0.        ,
       0.        , 0.        , 0.        , 0.        , 0.        ,
       0.        , 0.        , 0.        , 0.        , 0.        ,
       0.        , 0.        , 0.        , 0.        , 0.        ,
       0.        , 0.        , 0.        , 0.        , 0.        ,
       0.        , 0.        , 0.        , 0.        , 0.        ,
       0.        , 0.        , 0.        , 0.        , 0.        ,
       0.        , 0.        , 0.        , 0.        , 0.        ,
       0.        , 0.        , 0.        , 0.        , 0.        ,
       0.        , 0.        , 0.        , 0.        , 0.        ,
       0.        , 0.        , 0.        , 0.00794649, 0.00794649,
       0.01554973, 0.01554973, 0.02250919, 0.0292849 , 0.0292849 ,
       0.05446151, 0.07252348, 0.10164134, 0.12387639, 0.13443901,
       0.15990025, 0.21268579, 0.25373884, 0.31028432, 0.35946843,
       0.40568866, 0.46703473, 0.52365447, 0.60450618, 0.64391007,
       0.69809256, 0.74541893, 0.77732302, 0.82877502, 0.89172835,
       0.94375119, 0.97646482, 0.99475114, 1.        , 1.        ,
       1.        ]), array([0.        , 0.        , 0.        , 0.        , 0.        ,
       0.        , 0.        , 0.        , 0.        , 0.        ,
       0.        , 0.        , 0.        , 0.        , 0.        ,
       0.        , 0.        , 0.        , 0.        , 0.        ,
       0.        , 0.        , 0.        , 0.        , 0.        ,
       0.        , 0.        , 0.        , 0.        , 0.        ,
       0.        , 0.        , 0.        , 0.        , 0.        ,
       0.        , 0.        , 0.        , 0.        , 0.        ,
       0.        , 0.        , 0.        , 0.        , 0.        ,
       0.        , 0.        , 0.        , 0.        , 0.        ,
       0.        , 0.        , 0.        , 0.        , 0.        ,
       0.        , 0.        , 0.        , 0.        , 0.00903307,
       0.00903307, 0.00903307, 0.00903307, 0.00903307, 0.01694716,
       0.01694716, 0.01694716, 0.01694716, 0.01694716, 0.01694716,
       0.02356898, 0.03000668, 0.04226733, 0.04833467, 0.05984893,
       0.09317874, 0.10909189, 0.13456617, 0.19337091, 0.22157358,
       0.26646963, 0.3176524 , 0.3613734 , 0.41457642, 0.46510484,
       0.5157857 , 0.56614828, 0.61304554, 0.65930512, 0.70975584,
       0.74179624, 0.78330204, 0.82211544, 0.88148632, 0.93071466,
       0.96677658, 0.99750764, 1.        , 1.        , 1.        ,
       1.        ]), array([0.        , 0.        , 0.        , 0.        , 0.        ,
       0.        , 0.        , 0.        , 0.        , 0.        ,
       0.        , 0.        , 0.        , 0.        , 0.        ,
       0.        , 0.        , 0.        , 0.        , 0.        ,
       0.        , 0.        , 0.        , 0.        , 0.        ,
       0.        , 0.        , 0.        , 0.        , 0.        ,
       0.        , 0.        , 0.        , 0.        , 0.        ,
       0.        , 0.        , 0.        , 0.        , 0.        ,
       0.        , 0.        , 0.        , 0.        , 0.        ,
       0.        , 0.        , 0.        , 0.        , 0.        ,
       0.        , 0.        , 0.        , 0.        , 0.        ,
       0.        , 0.        , 0.        , 0.        , 0.        ,
       0.        , 0.        , 0.        , 0.        , 0.00908225,
       0.00908225, 0.00908225, 0.00908225, 0.00908225, 0.00908225,
       0.00908225, 0.00908225, 0.016078  , 0.016078  , 0.02258271,
       0.03515548, 0.05322913, 0.08211762, 0.10985586, 0.13613836,
       0.17170756, 0.20084277, 0.23289425, 0.30581813, 0.35840638,
       0.4000192 , 0.46799934, 0.52123313, 0.57023988, 0.61867808,
       0.68367267, 0.73463052, 0.7914438 , 0.84507123, 0.90787419,
       0.95505539, 0.97951597, 0.99382949, 1.        , 1.        ,
       1.        ])]","[array([0.        , 0.        , 0.        , 0.        , 0.        ,
       0.        , 0.        , 0.        , 0.        , 0.        ,
       0.        , 0.        , 0.        , 0.        , 0.        ,
       0.        , 0.        , 0.        , 0.        , 0.        ,
       0.        , 0.        , 0.        , 0.        , 0.        ,
       0.        , 0.        , 0.        , 0.        , 0.        ,
       0.        , 0.        , 0.        , 0.        , 0.        ,
       0.        , 0.        , 0.        , 0.        , 0.        ,
       0.        , 0.        , 0.        , 0.        , 0.        ,
       0.        , 0.        , 0.        , 0.        , 0.        ,
       0.        , 0.        , 0.        , 0.        , 0.        ,
       0.        , 0.        , 0.        , 0.        , 0.        ,
       0.00178341, 0.00178341, 0.00363069, 0.00363069, 0.00363069,
       0.0055715 , 0.0055715 , 0.00758041, 0.00758041, 0.00758041,
       0.00758041, 0.01393257, 0.01823389, 0.02258544, 0.03142879,
       0.03365662, 0.04273368, 0.0611111 , 0.07041971, 0.08693247,
       0.09644827, 0.10851788, 0.13790877, 0.17505383, 0.1951279 ,
       0.22557343, 0.27436624, 0.32631336, 0.37359943, 0.42149534,
       0.47529543, 0.55142661, 0.62839032, 0.69226351, 0.78207862,
       0.85581072, 0.93033698, 0.98540564, 1.        , 1.        ,
       1.        ]), array([0.        , 0.        , 0.        , 0.        , 0.        ,
       0.        , 0.        , 0.        , 0.        , 0.        ,
       0.        , 0.        , 0.        , 0.        , 0.        ,
       0.        , 0.        , 0.        , 0.        , 0.        ,
       0.        , 0.        , 0.        , 0.        , 0.        ,
       0.        , 0.        , 0.        , 0.        , 0.        ,
       0.        , 0.        , 0.        , 0.        , 0.        ,
       0.        , 0.        , 0.        , 0.        , 0.        ,
       0.        , 0.        , 0.        , 0.        , 0.        ,
       0.00269099, 0.00269099, 0.00269099, 0.00269099, 0.00269099,
       0.00269099, 0.00269099, 0.00269099, 0.00269099, 0.00269099,
       0.00269099, 0.00438419, 0.00438419, 0.00438419, 0.00438419,
       0.00438419, 0.00438419, 0.00438419, 0.00627953, 0.00627953,
       0.00823501, 0.01221108, 0.01623701, 0.02234712, 0.02234712,
       0.02656121, 0.02870253, 0.02870253, 0.03091069, 0.03314413,
       0.03764496, 0.0490604 , 0.06061141, 0.06762436, 0.07474621,
       0.08192662, 0.10628317, 0.11858357, 0.14104564, 0.17639194,
       0.20448263, 0.24322671, 0.31391241, 0.35895623, 0.42329414,
       0.49909635, 0.56758   , 0.65339897, 0.74856654, 0.86173571,
       0.9246642 , 0.97963055, 1.        , 1.        , 1.        ,
       1.        ]), array([0.        , 0.        , 0.        , 0.        , 0.        ,
       0.        , 0.        , 0.        , 0.        , 0.        ,
       0.        , 0.        , 0.        , 0.        , 0.        ,
       0.        , 0.        , 0.        , 0.        , 0.        ,
       0.        , 0.        , 0.        , 0.        , 0.        ,
       0.        , 0.        , 0.        , 0.        , 0.        ,
       0.        , 0.        , 0.        , 0.        , 0.        ,
       0.        , 0.        , 0.        , 0.        , 0.        ,
       0.        , 0.        , 0.        , 0.        , 0.        ,
       0.        , 0.        , 0.        , 0.        , 0.        ,
       0.        , 0.        , 0.        , 0.        , 0.        ,
       0.        , 0.        , 0.        , 0.        , 0.        ,
       0.        , 0.        , 0.        , 0.        , 0.        ,
       0.        , 0.        , 0.        , 0.00202457, 0.00202457,
       0.00409037, 0.00409037, 0.00623349, 0.00839868, 0.00839868,
       0.0172908 , 0.02405844, 0.0354562 , 0.04470162, 0.04939099,
       0.06122793, 0.08765707, 0.10953736, 0.14147292, 0.17131363,
       0.20151033, 0.24478534, 0.28862803, 0.35637137, 0.39334479,
       0.44939627, 0.50329221, 0.54414543, 0.62137795, 0.72999819,
       0.83695227, 0.91941443, 0.97679833, 1.        , 1.        ,
       1.        ]), array([0.        , 0.        , 0.        , 0.        , 0.        ,
       0.        , 0.        , 0.        , 0.        , 0.        ,
       0.        , 0.        , 0.        , 0.        , 0.        ,
       0.        , 0.        , 0.        , 0.        , 0.        ,
       0.        , 0.        , 0.        , 0.        , 0.        ,
       0.        , 0.        , 0.        , 0.        , 0.        ,
       0.        , 0.        , 0.        , 0.        , 0.        ,
       0.        , 0.        , 0.        , 0.        , 0.        ,
       0.        , 0.        , 0.        , 0.        , 0.        ,
       0.        , 0.        , 0.        , 0.        , 0.        ,
       0.        , 0.        , 0.        , 0.        , 0.        ,
       0.        , 0.        , 0.        , 0.        , 0.0017729 ,
       0.0017729 , 0.0017729 , 0.0017729 , 0.0017729 , 0.00370148,
       0.00370148, 0.00370148, 0.00370148, 0.00370148, 0.00370148,
       0.00580983, 0.0079438 , 0.01229726, 0.01448275, 0.01894005,
       0.03248068, 0.03935557, 0.05095948, 0.07913351, 0.09338742,
       0.11743725, 0.14667163, 0.17391451, 0.20892697, 0.24431152,
       0.28270443, 0.3241712 , 0.36612005, 0.41118718, 0.46475996,
       0.50271654, 0.55753372, 0.61575504, 0.71655998, 0.81574637,
       0.9016166 , 0.99125802, 1.        , 1.        , 1.        ,
       1.        ]), array([0.        , 0.        , 0.        , 0.        , 0.        ,
       0.        , 0.        , 0.        , 0.        , 0.        ,
       0.        , 0.        , 0.        , 0.        , 0.        ,
       0.        , 0.        , 0.        , 0.        , 0.        ,
       0.        , 0.        , 0.        , 0.        , 0.        ,
       0.        , 0.        , 0.        , 0.        , 0.        ,
       0.        , 0.        , 0.        , 0.        , 0.        ,
       0.        , 0.        , 0.        , 0.        , 0.        ,
       0.        , 0.        , 0.        , 0.        , 0.        ,
       0.        , 0.        , 0.        , 0.        , 0.        ,
       0.        , 0.        , 0.        , 0.        , 0.        ,
       0.        , 0.        , 0.        , 0.        , 0.        ,
       0.        , 0.        , 0.        , 0.        , 0.00188108,
       0.00188108, 0.00188108, 0.00188108, 0.00188108, 0.00188108,
       0.00188108, 0.00188108, 0.00401506, 0.00401506, 0.00620856,
       0.01064849, 0.0174036 , 0.02881172, 0.04035926, 0.05208325,
       0.06864548, 0.08300564, 0.09999426, 0.14184813, 0.17423913,
       0.20199659, 0.25041358, 0.29167217, 0.33344312, 0.37826493,
       0.44493547, 0.50436159, 0.57798769, 0.65796383, 0.76664724,
       0.86529641, 0.92793429, 0.97391044, 1.        , 1.        ,
       1.        ])]","[{'lambda_reg': 0.1452824663751603, 'gamma': 0.0070689749506246055}, {'lambda_reg': 0.8192602279031006, 'gamma': 0.023739423955292542}, {'lambda_reg': 0.8192602279031006, 'gamma': 0.023739423955292542}, {'lambda_reg': 0.8192602279031006, 'gamma': 0.023739423955292542}, {'lambda_reg': 0.1452824663751603, 'gamma': 0.0070689749506246055}]",Joao_Pessoa,cauchy,74
"[np.float64(0.05766353852142039), np.float64(0.04510521578618245), np.float64(0.04754832565748229), np.float64(0.03396449113991174), np.float64(0.06629991648437426)]",0.0501162975178742,0.0110585409389043,"[np.float64(0.8438626665163816), np.float64(0.5979332261084743), np.float64(0.7577103734290107), np.float64(0.7185871474585042), np.float64(0.7901379672748683)]",0.7416462761574478,0.0827560921712966,"[np.float64(0.704123281797956), np.float64(0.7718106975024885), np.float64(0.8374283239719804), np.float64(0.6933509903566253), np.float64(0.7684909498179953)]",0.7550408486894091,0.0522457010141189,"[array([0.        , 0.        , 0.        , 0.        , 0.        ,
       0.        , 0.        , 0.        , 0.        , 0.        ,
       0.        , 0.        , 0.        , 0.        , 0.        ,
       0.        , 0.        , 0.        , 0.        , 0.        ,
       0.        , 0.        , 0.        , 0.        , 0.        ,
       0.        , 0.        , 0.        , 0.        , 0.        ,
       0.        , 0.        , 0.        , 0.        , 0.        ,
       0.        , 0.        , 0.        , 0.        , 0.        ,
       0.        , 0.        , 0.        , 0.        , 0.        ,
       0.07465328, 0.07465328, 0.07465328, 0.07465328, 0.07465328,
       0.07465328, 0.07465328, 0.07465328, 0.07465328, 0.07465328,
       0.07465328, 0.07465328, 0.07465328, 0.07465328, 0.07465328,
       0.07465328, 0.07465328, 0.07465328, 0.07465328, 0.07465328,
       0.07465328, 0.07465328, 0.07465328, 0.07465328, 0.07465328,
       0.07465328, 0.07465328, 0.07465328, 0.07465328, 0.07465328,
       0.07465328, 0.07465328, 0.07465328, 0.07465328, 0.07465328,
       0.07465328, 0.07465328, 0.07465328, 0.07465328, 0.09638953,
       0.09638953, 0.09638953, 0.15006934, 0.2010168 , 0.21657061,
       0.30095747, 0.35296114, 0.43343855, 0.47238981, 0.5059518 ,
       0.57312205, 0.66141337, 0.80698731, 0.95389933, 1.        ,
       1.        ]), array([0.        , 0.        , 0.        , 0.        , 0.        ,
       0.        , 0.        , 0.        , 0.        , 0.        ,
       0.        , 0.        , 0.        , 0.        , 0.        ,
       0.        , 0.        , 0.        , 0.        , 0.        ,
       0.        , 0.        , 0.        , 0.        , 0.        ,
       0.        , 0.        , 0.        , 0.        , 0.        ,
       0.        , 0.        , 0.        , 0.        , 0.        ,
       0.        , 0.        , 0.        , 0.        , 0.        ,
       0.        , 0.        , 0.        , 0.        , 0.        ,
       0.        , 0.        , 0.        , 0.        , 0.        ,
       0.        , 0.        , 0.        , 0.        , 0.        ,
       0.        , 0.        , 0.        , 0.        , 0.        ,
       0.        , 0.        , 0.        , 0.        , 0.        ,
       0.        , 0.        , 0.        , 0.        , 0.        ,
       0.        , 0.        , 0.        , 0.        , 0.        ,
       0.        , 0.        , 0.        , 0.        , 0.        ,
       0.04322767, 0.04322767, 0.08342875, 0.12003599, 0.1544152 ,
       0.22127512, 0.25221339, 0.28140965, 0.28140965, 0.28140965,
       0.32538569, 0.32538569, 0.32538569, 0.41961223, 0.44635379,
       0.51696935, 0.574621  , 0.67963517, 0.82581929, 0.93499399,
       1.        ]), array([0.        , 0.        , 0.        , 0.        , 0.        ,
       0.        , 0.        , 0.        , 0.        , 0.        ,
       0.        , 0.        , 0.        , 0.        , 0.        ,
       0.        , 0.        , 0.        , 0.        , 0.        ,
       0.        , 0.        , 0.        , 0.        , 0.        ,
       0.        , 0.        , 0.        , 0.        , 0.        ,
       0.        , 0.        , 0.        , 0.        , 0.        ,
       0.        , 0.        , 0.        , 0.        , 0.        ,
       0.        , 0.        , 0.        , 0.        , 0.        ,
       0.        , 0.        , 0.        , 0.        , 0.        ,
       0.        , 0.        , 0.        , 0.        , 0.        ,
       0.        , 0.        , 0.        , 0.        , 0.        ,
       0.        , 0.        , 0.        , 0.        , 0.        ,
       0.        , 0.05346367, 0.05346367, 0.05346367, 0.1018269 ,
       0.14814982, 0.14814982, 0.14814982, 0.14814982, 0.14814982,
       0.18750823, 0.18750823, 0.22338327, 0.22338327, 0.22338327,
       0.22338327, 0.34310417, 0.37157229, 0.37157229, 0.4219922 ,
       0.44584949, 0.46802714, 0.46802714, 0.48731428, 0.50475501,
       0.53710729, 0.59451821, 0.61990863, 0.65418914, 0.69395461,
       0.73585795, 0.78313508, 0.83697475, 0.89654145, 0.95802128,
       1.        ]), array([0.        , 0.        , 0.        , 0.        , 0.        ,
       0.        , 0.        , 0.        , 0.        , 0.        ,
       0.        , 0.        , 0.        , 0.        , 0.        ,
       0.        , 0.        , 0.        , 0.        , 0.        ,
       0.        , 0.        , 0.        , 0.        , 0.        ,
       0.        , 0.        , 0.        , 0.        , 0.        ,
       0.        , 0.        , 0.        , 0.        , 0.        ,
       0.        , 0.        , 0.        , 0.        , 0.        ,
       0.        , 0.        , 0.        , 0.        , 0.        ,
       0.        , 0.        , 0.        , 0.        , 0.        ,
       0.        , 0.        , 0.        , 0.        , 0.        ,
       0.        , 0.        , 0.        , 0.        , 0.        ,
       0.        , 0.        , 0.        , 0.        , 0.        ,
       0.        , 0.        , 0.        , 0.        , 0.        ,
       0.        , 0.        , 0.03867658, 0.03867658, 0.03867658,
       0.03867658, 0.03867658, 0.03867658, 0.03867658, 0.03867658,
       0.03867658, 0.03867658, 0.06297436, 0.06297436, 0.06297436,
       0.06297436, 0.06297436, 0.09960515, 0.14961084, 0.22686935,
       0.26950465, 0.28207829, 0.34958684, 0.40013636, 0.54643025,
       0.60612834, 0.75924557, 0.82729972, 0.94487582, 0.99632037,
       1.        ]), array([0.        , 0.        , 0.        , 0.        , 0.        ,
       0.        , 0.        , 0.        , 0.        , 0.        ,
       0.        , 0.        , 0.        , 0.        , 0.        ,
       0.        , 0.        , 0.        , 0.        , 0.        ,
       0.        , 0.        , 0.        , 0.        , 0.        ,
       0.        , 0.        , 0.        , 0.        , 0.        ,
       0.        , 0.        , 0.        , 0.        , 0.        ,
       0.        , 0.        , 0.        , 0.        , 0.        ,
       0.086194  , 0.086194  , 0.086194  , 0.086194  , 0.086194  ,
       0.086194  , 0.086194  , 0.086194  , 0.086194  , 0.086194  ,
       0.086194  , 0.086194  , 0.086194  , 0.086194  , 0.086194  ,
       0.086194  , 0.086194  , 0.086194  , 0.086194  , 0.086194  ,
       0.086194  , 0.086194  , 0.086194  , 0.086194  , 0.086194  ,
       0.086194  , 0.086194  , 0.086194  , 0.086194  , 0.086194  ,
       0.086194  , 0.086194  , 0.086194  , 0.086194  , 0.086194  ,
       0.086194  , 0.086194  , 0.086194  , 0.086194  , 0.086194  ,
       0.11627675, 0.11627675, 0.16891812, 0.19408747, 0.21714571,
       0.21714571, 0.23771482, 0.27583011, 0.27583011, 0.32419206,
       0.35447334, 0.4647759 , 0.53893746, 0.58065549, 0.59020572,
       0.61981183, 0.71033131, 0.82581089, 0.91746108, 0.97188746,
       1.        ])]","[array([0.        , 0.        , 0.        , 0.        , 0.        ,
       0.        , 0.        , 0.        , 0.        , 0.        ,
       0.        , 0.        , 0.        , 0.        , 0.        ,
       0.        , 0.        , 0.        , 0.        , 0.        ,
       0.        , 0.        , 0.        , 0.        , 0.        ,
       0.        , 0.        , 0.        , 0.        , 0.        ,
       0.        , 0.        , 0.        , 0.        , 0.        ,
       0.        , 0.        , 0.        , 0.        , 0.        ,
       0.        , 0.        , 0.        , 0.        , 0.        ,
       0.00301201, 0.00301201, 0.00301201, 0.00301201, 0.00301201,
       0.00301201, 0.00301201, 0.00301201, 0.00301201, 0.00301201,
       0.00301201, 0.00301201, 0.00301201, 0.00301201, 0.00301201,
       0.00301201, 0.00301201, 0.00301201, 0.00301201, 0.00301201,
       0.00301201, 0.00301201, 0.00301201, 0.00301201, 0.00301201,
       0.00301201, 0.00301201, 0.00301201, 0.00301201, 0.00301201,
       0.00301201, 0.00301201, 0.00301201, 0.00301201, 0.00301201,
       0.00301201, 0.00301201, 0.00301201, 0.00301201, 0.00869278,
       0.00869278, 0.00869278, 0.02631652, 0.04407805, 0.05007062,
       0.08647667, 0.11096192, 0.15434212, 0.17948565, 0.20490097,
       0.26250625, 0.35970826, 0.56245312, 0.86000829, 1.        ,
       1.        ]), array([0.        , 0.        , 0.        , 0.        , 0.        ,
       0.        , 0.        , 0.        , 0.        , 0.        ,
       0.        , 0.        , 0.        , 0.        , 0.        ,
       0.        , 0.        , 0.        , 0.        , 0.        ,
       0.        , 0.        , 0.        , 0.        , 0.        ,
       0.        , 0.        , 0.        , 0.        , 0.        ,
       0.        , 0.        , 0.        , 0.        , 0.        ,
       0.        , 0.        , 0.        , 0.        , 0.        ,
       0.        , 0.        , 0.        , 0.        , 0.        ,
       0.        , 0.        , 0.        , 0.        , 0.        ,
       0.        , 0.        , 0.        , 0.        , 0.        ,
       0.        , 0.        , 0.        , 0.        , 0.        ,
       0.        , 0.        , 0.        , 0.        , 0.        ,
       0.        , 0.        , 0.        , 0.        , 0.        ,
       0.        , 0.        , 0.        , 0.        , 0.        ,
       0.        , 0.        , 0.        , 0.        , 0.        ,
       0.00530802, 0.00530802, 0.01071015, 0.01622404, 0.02180721,
       0.03303259, 0.03872276, 0.0444671 , 0.0444671 , 0.0444671 ,
       0.05640408, 0.05640408, 0.05640408, 0.0933874 , 0.10586031,
       0.14357783, 0.18169849, 0.27156422, 0.45328098, 0.66940977,
       1.        ]), array([0.        , 0.        , 0.        , 0.        , 0.        ,
       0.        , 0.        , 0.        , 0.        , 0.        ,
       0.        , 0.        , 0.        , 0.        , 0.        ,
       0.        , 0.        , 0.        , 0.        , 0.        ,
       0.        , 0.        , 0.        , 0.        , 0.        ,
       0.        , 0.        , 0.        , 0.        , 0.        ,
       0.        , 0.        , 0.        , 0.        , 0.        ,
       0.        , 0.        , 0.        , 0.        , 0.        ,
       0.        , 0.        , 0.        , 0.        , 0.        ,
       0.        , 0.        , 0.        , 0.        , 0.        ,
       0.        , 0.        , 0.        , 0.        , 0.        ,
       0.        , 0.        , 0.        , 0.        , 0.        ,
       0.        , 0.        , 0.        , 0.        , 0.        ,
       0.        , 0.00438247, 0.00438247, 0.00438247, 0.00898942,
       0.01368618, 0.01368618, 0.01368618, 0.01368618, 0.01368618,
       0.01868946, 0.01868946, 0.02384606, 0.02384606, 0.02384606,
       0.02384606, 0.04551905, 0.05100165, 0.05100165, 0.06225365,
       0.06793918, 0.07369865, 0.07369865, 0.07958533, 0.08555328,
       0.09760049, 0.12201593, 0.13436956, 0.15306747, 0.17825954,
       0.21009309, 0.25516126, 0.32014729, 0.4185591 , 0.60444909,
       1.        ]), array([0.        , 0.        , 0.        , 0.        , 0.        ,
       0.        , 0.        , 0.        , 0.        , 0.        ,
       0.        , 0.        , 0.        , 0.        , 0.        ,
       0.        , 0.        , 0.        , 0.        , 0.        ,
       0.        , 0.        , 0.        , 0.        , 0.        ,
       0.        , 0.        , 0.        , 0.        , 0.        ,
       0.        , 0.        , 0.        , 0.        , 0.        ,
       0.        , 0.        , 0.        , 0.        , 0.        ,
       0.        , 0.        , 0.        , 0.        , 0.        ,
       0.        , 0.        , 0.        , 0.        , 0.        ,
       0.        , 0.        , 0.        , 0.        , 0.        ,
       0.        , 0.        , 0.        , 0.        , 0.        ,
       0.        , 0.        , 0.        , 0.        , 0.        ,
       0.        , 0.        , 0.        , 0.        , 0.        ,
       0.        , 0.        , 0.00482442, 0.00482442, 0.00482442,
       0.00482442, 0.00482442, 0.00482442, 0.00482442, 0.00482442,
       0.00482442, 0.00482442, 0.01037489, 0.01037489, 0.01037489,
       0.01037489, 0.01037489, 0.02207999, 0.03988712, 0.06987289,
       0.08805218, 0.09419466, 0.13145014, 0.16278458, 0.27061306,
       0.3218177 , 0.49029811, 0.58852252, 0.81301667, 0.97985364,
       1.        ]), array([0.        , 0.        , 0.        , 0.        , 0.        ,
       0.        , 0.        , 0.        , 0.        , 0.        ,
       0.        , 0.        , 0.        , 0.        , 0.        ,
       0.        , 0.        , 0.        , 0.        , 0.        ,
       0.        , 0.        , 0.        , 0.        , 0.        ,
       0.        , 0.        , 0.        , 0.        , 0.        ,
       0.        , 0.        , 0.        , 0.        , 0.        ,
       0.        , 0.        , 0.        , 0.        , 0.        ,
       0.00269608, 0.00269608, 0.00269608, 0.00269608, 0.00269608,
       0.00269608, 0.00269608, 0.00269608, 0.00269608, 0.00269608,
       0.00269608, 0.00269608, 0.00269608, 0.00269608, 0.00269608,
       0.00269608, 0.00269608, 0.00269608, 0.00269608, 0.00269608,
       0.00269608, 0.00269608, 0.00269608, 0.00269608, 0.00269608,
       0.00269608, 0.00269608, 0.00269608, 0.00269608, 0.00269608,
       0.00269608, 0.00269608, 0.00269608, 0.00269608, 0.00269608,
       0.00269608, 0.00269608, 0.00269608, 0.00269608, 0.00269608,
       0.00803477, 0.00803477, 0.0190665 , 0.02463658, 0.0303061 ,
       0.0303061 , 0.03609283, 0.04780868, 0.04780868, 0.06579741,
       0.0778822 , 0.12673107, 0.16377111, 0.18882819, 0.19513388,
       0.22076138, 0.31107469, 0.46776704, 0.63909258, 0.8121712 ,
       1.        ])]","[{'lambda_reg': 0.10833638781816698, 'gamma': 0.0036695914618347296}, {'lambda_reg': 0.009408875428624324, 'gamma': 0.002114266700135034}, {'lambda_reg': 0.014619229330923581, 'gamma': 0.0031784244157476295}, {'lambda_reg': 0.1452824663751603, 'gamma': 0.0070689749506246055}, {'lambda_reg': 0.013674743388901471, 'gamma': 0.002156429290540136}]",Campina_Grande,laplacian,65
"[np.float64(0.07099879421079404), np.float64(0.04355945217311452), np.float64(0.04879180403379847), np.float64(0.03431647217670674), np.float64(0.06883082882422975)]",0.0532994702837287,0.0143529118337418,"[np.float64(0.8683411970851245), np.float64(0.6820259694473557), np.float64(0.6018502892148627), np.float64(0.7226773612556431), np.float64(0.6550359742860884)]",0.705986158257815,0.0901687817440697,"[np.float64(0.8227136328965723), np.float64(0.7579592320619271), np.float64(0.5908661008155035), np.float64(0.7688090619981305), np.float64(0.5)]",0.6880696055544266,0.1219435374966813,"[array([0.12892788, 0.12892788, 0.12892788, 0.12892788, 0.12892788,
       0.12892788, 0.12892788, 0.12892788, 0.12892788, 0.12892788,
       0.12892788, 0.12892788, 0.12892788, 0.12892788, 0.12892788,
       0.12892788, 0.12892788, 0.12892788, 0.12892788, 0.12892788,
       0.12892788, 0.12892788, 0.12892788, 0.12892788, 0.12892788,
       0.12892788, 0.12892788, 0.12892788, 0.12892788, 0.12892788,
       0.12892788, 0.12892788, 0.12892788, 0.12892788, 0.12892788,
       0.12892788, 0.12892788, 0.12892788, 0.12892788, 0.12892788,
       0.12892788, 0.12892788, 0.12892788, 0.12892788, 0.12892788,
       0.12892788, 0.12892788, 0.12892788, 0.12892788, 0.12892788,
       0.12892788, 0.12892788, 0.12892788, 0.12892788, 0.12892788,
       0.12892788, 0.12892788, 0.12892788, 0.12892788, 0.12892788,
       0.12892788, 0.12892788, 0.12892788, 0.12892788, 0.12892788,
       0.12892788, 0.12892788, 0.12892788, 0.12892788, 0.12892788,
       0.12892788, 0.12892788, 0.12892788, 0.20034014, 0.20034014,
       0.23367481, 0.23367481, 0.23367481, 0.26282408, 0.26282408,
       0.26282408, 0.26282408, 0.31126263, 0.31126263, 0.35400997,
       0.39498416, 0.41313133, 0.4647589 , 0.48075086, 0.55555585,
       0.55555585, 0.60552799, 0.63927834, 0.65919483, 0.68398941,
       0.7536663 , 0.75900619, 0.83025731, 0.90201046, 0.97408842,
       1.        ]), array([0.        , 0.        , 0.        , 0.        , 0.        ,
       0.        , 0.        , 0.        , 0.        , 0.        ,
       0.        , 0.        , 0.        , 0.        , 0.        ,
       0.        , 0.        , 0.        , 0.        , 0.        ,
       0.        , 0.        , 0.        , 0.        , 0.        ,
       0.        , 0.        , 0.        , 0.        , 0.        ,
       0.        , 0.        , 0.        , 0.        , 0.        ,
       0.        , 0.        , 0.        , 0.        , 0.        ,
       0.        , 0.        , 0.        , 0.        , 0.        ,
       0.        , 0.        , 0.        , 0.        , 0.        ,
       0.        , 0.        , 0.        , 0.        , 0.        ,
       0.        , 0.        , 0.        , 0.        , 0.        ,
       0.        , 0.        , 0.        , 0.        , 0.        ,
       0.        , 0.        , 0.        , 0.        , 0.        ,
       0.        , 0.        , 0.        , 0.        , 0.        ,
       0.04874061, 0.04874061, 0.04874061, 0.04874061, 0.04874061,
       0.04874061, 0.08697387, 0.12200475, 0.12200475, 0.12200475,
       0.15260042, 0.15260042, 0.20431145, 0.20431145, 0.22557075,
       0.22557075, 0.31679063, 0.31679063, 0.35926284, 0.4459707 ,
       0.5315636 , 0.6361613 , 0.73726694, 0.85622058, 0.95883011,
       1.        ]), array([0.        , 0.        , 0.        , 0.        , 0.        ,
       0.        , 0.        , 0.        , 0.        , 0.        ,
       0.        , 0.        , 0.        , 0.        , 0.        ,
       0.        , 0.        , 0.        , 0.        , 0.        ,
       0.        , 0.        , 0.        , 0.        , 0.        ,
       0.        , 0.        , 0.        , 0.        , 0.        ,
       0.        , 0.        , 0.        , 0.        , 0.        ,
       0.        , 0.        , 0.        , 0.        , 0.        ,
       0.        , 0.        , 0.        , 0.        , 0.        ,
       0.        , 0.        , 0.        , 0.        , 0.        ,
       0.        , 0.        , 0.        , 0.        , 0.        ,
       0.        , 0.        , 0.        , 0.        , 0.        ,
       0.        , 0.        , 0.        , 0.        , 0.        ,
       0.        , 0.        , 0.        , 0.        , 0.        ,
       0.        , 0.        , 0.        , 0.        , 0.        ,
       0.        , 0.        , 0.        , 0.        , 0.        ,
       0.        , 0.        , 0.        , 0.        , 0.        ,
       0.        , 0.        , 0.        , 0.        , 0.        ,
       0.        , 0.01366688, 0.0499257 , 0.11432946, 0.22793176,
       0.40521278, 0.64766446, 0.88628164, 0.99713674, 1.        ,
       1.        ]), array([0.        , 0.        , 0.        , 0.        , 0.        ,
       0.        , 0.        , 0.        , 0.        , 0.        ,
       0.        , 0.        , 0.        , 0.        , 0.        ,
       0.        , 0.        , 0.        , 0.        , 0.        ,
       0.        , 0.        , 0.        , 0.        , 0.        ,
       0.        , 0.        , 0.        , 0.        , 0.        ,
       0.        , 0.        , 0.        , 0.        , 0.        ,
       0.        , 0.        , 0.        , 0.        , 0.        ,
       0.        , 0.        , 0.        , 0.        , 0.        ,
       0.        , 0.        , 0.        , 0.        , 0.        ,
       0.        , 0.        , 0.        , 0.        , 0.        ,
       0.        , 0.        , 0.        , 0.        , 0.        ,
       0.        , 0.        , 0.        , 0.        , 0.        ,
       0.        , 0.05309312, 0.05309312, 0.05309312, 0.05309312,
       0.05309312, 0.05309312, 0.09726488, 0.09726488, 0.09726488,
       0.09726488, 0.09726488, 0.09726488, 0.09726488, 0.09726488,
       0.09726488, 0.09726488, 0.09726488, 0.15120476, 0.17657601,
       0.17657601, 0.22098642, 0.26244115, 0.29951329, 0.29951329,
       0.34797885, 0.40690627, 0.44544711, 0.49044794, 0.53936571,
       0.6477523 , 0.72302727, 0.84040936, 0.91800562, 0.97397379,
       1.        ]), array([0., 0., 0., 0., 0., 0., 0., 0., 0., 0., 0., 0., 0., 0., 0., 0., 0.,
       0., 0., 0., 0., 0., 0., 0., 0., 0., 0., 0., 0., 0., 0., 0., 0., 0.,
       0., 0., 0., 0., 0., 0., 0., 0., 0., 0., 0., 0., 0., 0., 0., 0., 0.,
       0., 0., 0., 0., 0., 0., 0., 0., 0., 0., 0., 0., 0., 0., 0., 0., 0.,
       0., 0., 0., 0., 0., 0., 0., 0., 0., 0., 0., 0., 0., 0., 0., 0., 0.,
       0., 0., 0., 0., 0., 0., 0., 0., 0., 0., 0., 1., 1., 1., 1., 1.])]","[array([0.        , 0.        , 0.        , 0.        , 0.        ,
       0.        , 0.        , 0.        , 0.        , 0.        ,
       0.        , 0.        , 0.        , 0.        , 0.        ,
       0.        , 0.        , 0.        , 0.        , 0.        ,
       0.        , 0.        , 0.        , 0.        , 0.        ,
       0.        , 0.        , 0.        , 0.        , 0.        ,
       0.        , 0.        , 0.        , 0.        , 0.        ,
       0.        , 0.        , 0.        , 0.        , 0.        ,
       0.        , 0.        , 0.        , 0.        , 0.        ,
       0.        , 0.        , 0.        , 0.        , 0.        ,
       0.        , 0.        , 0.        , 0.        , 0.        ,
       0.        , 0.        , 0.        , 0.        , 0.        ,
       0.        , 0.        , 0.        , 0.        , 0.        ,
       0.        , 0.        , 0.        , 0.        , 0.        ,
       0.        , 0.        , 0.        , 0.00982118, 0.00982118,
       0.01485669, 0.01485669, 0.01485669, 0.02011267, 0.02011267,
       0.02011267, 0.02011267, 0.03114402, 0.03114402, 0.04247516,
       0.05389971, 0.05973525, 0.07739007, 0.08333913, 0.11335598,
       0.11335598, 0.13788947, 0.156486  , 0.16901979, 0.18808809,
       0.25233236, 0.25884254, 0.36375266, 0.51617656, 0.75687234,
       1.        ]), array([0.        , 0.        , 0.        , 0.        , 0.        ,
       0.        , 0.        , 0.        , 0.        , 0.        ,
       0.        , 0.        , 0.        , 0.        , 0.        ,
       0.        , 0.        , 0.        , 0.        , 0.        ,
       0.        , 0.        , 0.        , 0.        , 0.        ,
       0.        , 0.        , 0.        , 0.        , 0.        ,
       0.        , 0.        , 0.        , 0.        , 0.        ,
       0.        , 0.        , 0.        , 0.        , 0.        ,
       0.        , 0.        , 0.        , 0.        , 0.        ,
       0.        , 0.        , 0.        , 0.        , 0.        ,
       0.        , 0.        , 0.        , 0.        , 0.        ,
       0.        , 0.        , 0.        , 0.        , 0.        ,
       0.        , 0.        , 0.        , 0.        , 0.        ,
       0.        , 0.        , 0.        , 0.        , 0.        ,
       0.        , 0.        , 0.        , 0.        , 0.        ,
       0.00498017, 0.00498017, 0.00498017, 0.00498017, 0.00498017,
       0.00498017, 0.01032595, 0.01578315, 0.01578315, 0.01578315,
       0.02139468, 0.02139468, 0.03294759, 0.03294759, 0.03888398,
       0.03888398, 0.06909047, 0.06909047, 0.08764095, 0.13135663,
       0.18178721, 0.2582609 , 0.35488438, 0.5176478 , 0.75441696,
       1.        ]), array([0.        , 0.        , 0.        , 0.        , 0.        ,
       0.        , 0.        , 0.        , 0.        , 0.        ,
       0.        , 0.        , 0.        , 0.        , 0.        ,
       0.        , 0.        , 0.        , 0.        , 0.        ,
       0.        , 0.        , 0.        , 0.        , 0.        ,
       0.        , 0.        , 0.        , 0.        , 0.        ,
       0.        , 0.        , 0.        , 0.        , 0.        ,
       0.        , 0.        , 0.        , 0.        , 0.        ,
       0.        , 0.        , 0.        , 0.        , 0.        ,
       0.        , 0.        , 0.        , 0.        , 0.        ,
       0.        , 0.        , 0.        , 0.        , 0.        ,
       0.        , 0.        , 0.        , 0.        , 0.        ,
       0.        , 0.        , 0.        , 0.        , 0.        ,
       0.        , 0.        , 0.        , 0.        , 0.        ,
       0.        , 0.        , 0.        , 0.        , 0.        ,
       0.        , 0.        , 0.        , 0.        , 0.        ,
       0.        , 0.        , 0.        , 0.        , 0.        ,
       0.        , 0.        , 0.        , 0.        , 0.        ,
       0.        , 0.00612348, 0.02470956, 0.06225073, 0.13802456,
       0.27835261, 0.51689211, 0.80956614, 0.9933852 , 1.        ,
       1.        ]), array([0.        , 0.        , 0.        , 0.        , 0.        ,
       0.        , 0.        , 0.        , 0.        , 0.        ,
       0.        , 0.        , 0.        , 0.        , 0.        ,
       0.        , 0.        , 0.        , 0.        , 0.        ,
       0.        , 0.        , 0.        , 0.        , 0.        ,
       0.        , 0.        , 0.        , 0.        , 0.        ,
       0.        , 0.        , 0.        , 0.        , 0.        ,
       0.        , 0.        , 0.        , 0.        , 0.        ,
       0.        , 0.        , 0.        , 0.        , 0.        ,
       0.        , 0.        , 0.        , 0.        , 0.        ,
       0.        , 0.        , 0.        , 0.        , 0.        ,
       0.        , 0.        , 0.        , 0.        , 0.        ,
       0.        , 0.        , 0.        , 0.        , 0.        ,
       0.        , 0.00439732, 0.00439732, 0.00439732, 0.00439732,
       0.00439732, 0.00439732, 0.00918757, 0.00918757, 0.00918757,
       0.00918757, 0.00918757, 0.00918757, 0.00918757, 0.00918757,
       0.00918757, 0.00918757, 0.00918757, 0.02028337, 0.02590168,
       0.02590168, 0.03741719, 0.04906289, 0.06090161, 0.06090161,
       0.07897429, 0.10332195, 0.12183175, 0.1467928 , 0.1783171 ,
       0.26110829, 0.33188633, 0.47490325, 0.60620097, 0.77213013,
       1.        ]), array([0., 0., 0., 0., 0., 0., 0., 0., 0., 0., 0., 0., 0., 0., 0., 0., 0.,
       0., 0., 0., 0., 0., 0., 0., 0., 0., 0., 0., 0., 0., 0., 0., 0., 0.,
       0., 0., 0., 0., 0., 0., 0., 0., 0., 0., 0., 0., 0., 0., 0., 0., 0.,
       0., 0., 0., 0., 0., 0., 0., 0., 0., 0., 0., 0., 0., 0., 0., 0., 0.,
       0., 0., 0., 0., 0., 0., 0., 0., 0., 0., 0., 0., 0., 0., 0., 0., 0.,
       0., 0., 0., 0., 0., 0., 0., 0., 0., 0., 0., 1., 1., 1., 1., 1.])]","[{'lambda_reg': 0.001007891495953724}, {'lambda_reg': 0.0013312252180853613}, {'lambda_reg': 0.034702669886504146}, {'lambda_reg': 0.0457056309980145}, {'lambda_reg': 0.13166205358344188}]",Campina_Grande,linear,63
"[np.float64(0.1311778668704023), np.float64(0.09177648977561682), np.float64(0.10673847522083808), np.float64(0.12345809299092907), np.float64(0.09097673526530019)]",0.1088255320246172,0.0162932127400137,"[np.float64(0.651845795619342), np.float64(0.7141682684409927), np.float64(0.7034741045194474), np.float64(0.7099370740120347), np.float64(0.689762243847665)]",0.6938374972878963,0.0225624091130985,"[np.float64(0.7190430922975903), np.float64(0.732204884952047), np.float64(0.7026977531109234), np.float64(0.7061357194347746), np.float64(0.712303559582019)]",0.7144770018754708,0.0104707073852271,"[array([0.        , 0.        , 0.        , 0.        , 0.        ,
       0.        , 0.        , 0.        , 0.        , 0.        ,
       0.        , 0.        , 0.        , 0.        , 0.        ,
       0.        , 0.        , 0.        , 0.        , 0.        ,
       0.        , 0.        , 0.        , 0.        , 0.        ,
       0.        , 0.        , 0.        , 0.        , 0.        ,
       0.        , 0.        , 0.        , 0.        , 0.        ,
       0.        , 0.        , 0.        , 0.        , 0.        ,
       0.        , 0.        , 0.        , 0.        , 0.        ,
       0.        , 0.        , 0.01282986, 0.01282986, 0.01282986,
       0.01282986, 0.01874903, 0.02451864, 0.02451864, 0.02451864,
       0.04092036, 0.05159823, 0.05679027, 0.05679027, 0.07663526,
       0.08152483, 0.09101274, 0.10941064, 0.11842012, 0.12277453,
       0.12703905, 0.13529186, 0.15126387, 0.15126387, 0.15498072,
       0.16228755, 0.1658069 , 0.18276479, 0.20245646, 0.23094691,
       0.25842066, 0.26428036, 0.29526579, 0.31693092, 0.33755154,
       0.36458365, 0.40897649, 0.43550083, 0.47531709, 0.51088732,
       0.53862016, 0.56810632, 0.59757709, 0.65309277, 0.69723794,
       0.7488132 , 0.78516834, 0.83372133, 0.87206179, 0.91780966,
       0.95005373, 0.97132422, 0.98714002, 0.99642658, 0.9993681 ,
       1.        ]), array([0.        , 0.        , 0.        , 0.        , 0.        ,
       0.        , 0.        , 0.        , 0.        , 0.        ,
       0.        , 0.        , 0.        , 0.        , 0.        ,
       0.        , 0.        , 0.        , 0.        , 0.        ,
       0.        , 0.        , 0.        , 0.        , 0.        ,
       0.        , 0.        , 0.        , 0.        , 0.        ,
       0.        , 0.        , 0.        , 0.        , 0.        ,
       0.        , 0.        , 0.        , 0.        , 0.        ,
       0.00681296, 0.00681296, 0.0134296 , 0.0134296 , 0.01983113,
       0.0323817 , 0.0323817 , 0.0323817 , 0.0323817 , 0.04988437,
       0.05564482, 0.05564482, 0.05564482, 0.05564482, 0.06089295,
       0.07118361, 0.07618265, 0.08594459, 0.10035603, 0.10500435,
       0.11413835, 0.12315928, 0.13627709, 0.13627709, 0.14446937,
       0.15254869, 0.16041281, 0.17930859, 0.19389037, 0.20097486,
       0.2217213 , 0.23171283, 0.25767095, 0.27320918, 0.28820624,
       0.30265975, 0.33040435, 0.35423714, 0.37452813, 0.40131199,
       0.43846931, 0.47364099, 0.49057163, 0.51042225, 0.53860599,
       0.5769835 , 0.61457621, 0.66316372, 0.70420255, 0.73528828,
       0.77323191, 0.81004241, 0.8428526 , 0.8752026 , 0.9111264 ,
       0.94245255, 0.97018542, 0.98838909, 0.99757592, 0.99982446,
       1.        ]), array([0.        , 0.        , 0.        , 0.        , 0.        ,
       0.        , 0.        , 0.        , 0.        , 0.        ,
       0.        , 0.        , 0.        , 0.        , 0.        ,
       0.        , 0.        , 0.        , 0.        , 0.        ,
       0.        , 0.        , 0.        , 0.        , 0.        ,
       0.        , 0.        , 0.        , 0.        , 0.        ,
       0.        , 0.        , 0.        , 0.        , 0.        ,
       0.        , 0.        , 0.        , 0.        , 0.        ,
       0.        , 0.        , 0.        , 0.        , 0.        ,
       0.        , 0.        , 0.        , 0.00637305, 0.00637305,
       0.00637305, 0.00637305, 0.01218572, 0.01218572, 0.02335371,
       0.02884338, 0.02884338, 0.02884338, 0.03399344, 0.03399344,
       0.03884074, 0.04843271, 0.04843271, 0.05744146, 0.06618947,
       0.07044945, 0.08287709, 0.08690353, 0.094741  , 0.10618456,
       0.11717802, 0.12792085, 0.15881125, 0.16868183, 0.19426446,
       0.21591665, 0.23360784, 0.25059111, 0.26410486, 0.2850215 ,
       0.32465423, 0.37408461, 0.40336411, 0.44770807, 0.48746522,
       0.5208538 , 0.56822363, 0.60409014, 0.64787313, 0.68282764,
       0.72456994, 0.77821777, 0.83963228, 0.87841541, 0.92076563,
       0.95111037, 0.97274892, 0.98905471, 0.9985763 , 0.9997778 ,
       1.        ]), array([0.        , 0.        , 0.        , 0.        , 0.        ,
       0.        , 0.        , 0.        , 0.        , 0.        ,
       0.        , 0.        , 0.        , 0.        , 0.        ,
       0.        , 0.        , 0.        , 0.        , 0.        ,
       0.        , 0.        , 0.        , 0.        , 0.        ,
       0.        , 0.        , 0.        , 0.        , 0.        ,
       0.        , 0.        , 0.        , 0.        , 0.        ,
       0.        , 0.        , 0.        , 0.        , 0.        ,
       0.        , 0.        , 0.        , 0.        , 0.00719863,
       0.00719863, 0.00719863, 0.00719863, 0.00719863, 0.00719863,
       0.00719863, 0.00719863, 0.00719863, 0.01322927, 0.01921083,
       0.02495839, 0.02495839, 0.02495839, 0.02495839, 0.02495839,
       0.03525644, 0.04537693, 0.04537693, 0.04537693, 0.05002189,
       0.05455808, 0.06332259, 0.07612454, 0.0926909 , 0.10069642,
       0.10854432, 0.1272559 , 0.13441804, 0.14492366, 0.16191268,
       0.18154768, 0.21581367, 0.25460322, 0.2689577 , 0.29634623,
       0.33045857, 0.35759313, 0.41425489, 0.44343016, 0.47907732,
       0.51271272, 0.54624017, 0.58199852, 0.61539012, 0.6577961 ,
       0.7019546 , 0.73341792, 0.78501893, 0.83836201, 0.88343769,
       0.94160319, 0.97156771, 0.98912846, 0.99874657, 1.        ,
       1.        ]), array([0.        , 0.        , 0.        , 0.        , 0.        ,
       0.        , 0.        , 0.        , 0.        , 0.        ,
       0.        , 0.        , 0.        , 0.        , 0.        ,
       0.        , 0.        , 0.        , 0.        , 0.        ,
       0.        , 0.        , 0.        , 0.        , 0.        ,
       0.        , 0.        , 0.        , 0.        , 0.        ,
       0.        , 0.        , 0.        , 0.        , 0.        ,
       0.        , 0.        , 0.        , 0.        , 0.        ,
       0.        , 0.        , 0.        , 0.        , 0.        ,
       0.00668441, 0.00668441, 0.013159  , 0.013159  , 0.013159  ,
       0.013159  , 0.013159  , 0.013159  , 0.013159  , 0.0187649 ,
       0.0187649 , 0.0187649 , 0.02923386, 0.02923386, 0.02923386,
       0.03893741, 0.04843511, 0.05767343, 0.05767343, 0.07093562,
       0.08364619, 0.08364619, 0.09986673, 0.11933559, 0.12690299,
       0.14913594, 0.16338189, 0.19071901, 0.20736815, 0.22971429,
       0.25111221, 0.28655191, 0.30634739, 0.33337918, 0.35674068,
       0.37891241, 0.41418969, 0.4365935 , 0.47443544, 0.49826613,
       0.52430975, 0.56641154, 0.61170617, 0.63893582, 0.68045531,
       0.73460623, 0.76216711, 0.81140476, 0.86010451, 0.90241979,
       0.94557871, 0.97670571, 0.99119779, 0.99795578, 1.        ,
       1.        ])]","[array([0.        , 0.        , 0.        , 0.        , 0.        ,
       0.        , 0.        , 0.        , 0.        , 0.        ,
       0.        , 0.        , 0.        , 0.        , 0.        ,
       0.        , 0.        , 0.        , 0.        , 0.        ,
       0.        , 0.        , 0.        , 0.        , 0.        ,
       0.        , 0.        , 0.        , 0.        , 0.        ,
       0.        , 0.        , 0.        , 0.        , 0.        ,
       0.        , 0.        , 0.        , 0.        , 0.        ,
       0.        , 0.        , 0.        , 0.        , 0.        ,
       0.        , 0.        , 0.00152345, 0.00152345, 0.00152345,
       0.00152345, 0.0023531 , 0.00320325, 0.00320325, 0.00320325,
       0.005878  , 0.00769632, 0.00862561, 0.00862561, 0.01246927,
       0.01344   , 0.01542138, 0.01946333, 0.02151026, 0.02255433,
       0.02361071, 0.02576133, 0.03013568, 0.03013568, 0.03126711,
       0.03354735, 0.03470584, 0.04058583, 0.04773196, 0.05859461,
       0.06959659, 0.07207512, 0.08587736, 0.09603453, 0.10633482,
       0.12067876, 0.14576968, 0.16182393, 0.18754196, 0.21220107,
       0.2330119 , 0.25686395, 0.28235884, 0.33545877, 0.38191309,
       0.44211587, 0.48963762, 0.56173962, 0.62703735, 0.71757173,
       0.79354919, 0.85462301, 0.9131628 , 0.96439362, 0.98860149,
       1.        ]), array([0.00000000e+00, 0.00000000e+00, 0.00000000e+00, 0.00000000e+00,
       0.00000000e+00, 0.00000000e+00, 0.00000000e+00, 0.00000000e+00,
       0.00000000e+00, 0.00000000e+00, 0.00000000e+00, 0.00000000e+00,
       0.00000000e+00, 0.00000000e+00, 0.00000000e+00, 0.00000000e+00,
       0.00000000e+00, 0.00000000e+00, 0.00000000e+00, 0.00000000e+00,
       0.00000000e+00, 0.00000000e+00, 0.00000000e+00, 0.00000000e+00,
       0.00000000e+00, 0.00000000e+00, 0.00000000e+00, 0.00000000e+00,
       0.00000000e+00, 0.00000000e+00, 0.00000000e+00, 0.00000000e+00,
       0.00000000e+00, 0.00000000e+00, 0.00000000e+00, 0.00000000e+00,
       0.00000000e+00, 0.00000000e+00, 0.00000000e+00, 0.00000000e+00,
       6.58546385e-04, 6.58546385e-04, 1.34577118e-03, 1.34577118e-03,
       2.06442116e-03, 3.53860348e-03, 3.53860348e-03, 3.53860348e-03,
       3.53860348e-03, 5.94317042e-03, 6.75547075e-03, 6.75547075e-03,
       6.75547075e-03, 6.75547075e-03, 7.64260993e-03, 9.44692522e-03,
       1.03704528e-02, 1.22520045e-02, 1.51081447e-02, 1.60829068e-02,
       1.80561891e-02, 2.00459881e-02, 2.30911052e-02, 2.30911052e-02,
       2.52019562e-02, 2.73293086e-02, 2.94880974e-02, 3.49967527e-02,
       3.94818074e-02, 4.17544876e-02, 4.86465918e-02, 5.21484028e-02,
       6.15867702e-02, 6.75859032e-02, 7.36640929e-02, 7.98216835e-02,
       9.23066749e-02, 1.03709314e-01, 1.13975548e-01, 1.28254685e-01,
       1.49287436e-01, 1.70610252e-01, 1.81367374e-01, 1.95005535e-01,
       2.15695367e-01, 2.46472658e-01, 2.79018393e-01, 3.24842166e-01,
       3.66807275e-01, 4.01957361e-01, 4.49336015e-01, 5.00187797e-01,
       5.51623952e-01, 6.09742525e-01, 6.85530809e-01, 7.63644527e-01,
       8.50552149e-01, 9.23967633e-01, 9.73893345e-01, 9.96718047e-01,
       1.00000000e+00]), array([0.00000000e+00, 0.00000000e+00, 0.00000000e+00, 0.00000000e+00,
       0.00000000e+00, 0.00000000e+00, 0.00000000e+00, 0.00000000e+00,
       0.00000000e+00, 0.00000000e+00, 0.00000000e+00, 0.00000000e+00,
       0.00000000e+00, 0.00000000e+00, 0.00000000e+00, 0.00000000e+00,
       0.00000000e+00, 0.00000000e+00, 0.00000000e+00, 0.00000000e+00,
       0.00000000e+00, 0.00000000e+00, 0.00000000e+00, 0.00000000e+00,
       0.00000000e+00, 0.00000000e+00, 0.00000000e+00, 0.00000000e+00,
       0.00000000e+00, 0.00000000e+00, 0.00000000e+00, 0.00000000e+00,
       0.00000000e+00, 0.00000000e+00, 0.00000000e+00, 0.00000000e+00,
       0.00000000e+00, 0.00000000e+00, 0.00000000e+00, 0.00000000e+00,
       0.00000000e+00, 0.00000000e+00, 0.00000000e+00, 0.00000000e+00,
       0.00000000e+00, 0.00000000e+00, 0.00000000e+00, 0.00000000e+00,
       7.73768828e-04, 7.73768828e-04, 7.73768828e-04, 7.73768828e-04,
       1.62360855e-03, 1.62360855e-03, 3.38536775e-03, 4.27905229e-03,
       4.27905229e-03, 4.27905229e-03, 5.21883817e-03, 5.21883817e-03,
       6.19972073e-03, 8.17541834e-03, 8.17541834e-03, 1.02302862e-02,
       1.23205474e-02, 1.33811574e-02, 1.66108078e-02, 1.77031186e-02,
       1.99169827e-02, 2.32802185e-02, 2.67045530e-02, 3.01629087e-02,
       4.07196166e-02, 4.42963771e-02, 5.39347096e-02, 6.24676986e-02,
       6.98994943e-02, 7.74273859e-02, 8.37873664e-02, 9.40590857e-02,
       1.14901240e-01, 1.42607818e-01, 1.59938729e-01, 1.88335765e-01,
       2.15716560e-01, 2.40684093e-01, 2.78503676e-01, 3.09690371e-01,
       3.51274617e-01, 3.87501759e-01, 4.35918549e-01, 5.05663571e-01,
       5.95659770e-01, 6.60867078e-01, 7.43617877e-01, 8.14887305e-01,
       8.77505265e-01, 9.39208242e-01, 9.87082202e-01, 9.96752398e-01,
       1.00000000e+00]), array([0.00000000e+00, 0.00000000e+00, 0.00000000e+00, 0.00000000e+00,
       0.00000000e+00, 0.00000000e+00, 0.00000000e+00, 0.00000000e+00,
       0.00000000e+00, 0.00000000e+00, 0.00000000e+00, 0.00000000e+00,
       0.00000000e+00, 0.00000000e+00, 0.00000000e+00, 0.00000000e+00,
       0.00000000e+00, 0.00000000e+00, 0.00000000e+00, 0.00000000e+00,
       0.00000000e+00, 0.00000000e+00, 0.00000000e+00, 0.00000000e+00,
       0.00000000e+00, 0.00000000e+00, 0.00000000e+00, 0.00000000e+00,
       0.00000000e+00, 0.00000000e+00, 0.00000000e+00, 0.00000000e+00,
       0.00000000e+00, 0.00000000e+00, 0.00000000e+00, 0.00000000e+00,
       0.00000000e+00, 0.00000000e+00, 0.00000000e+00, 0.00000000e+00,
       0.00000000e+00, 0.00000000e+00, 0.00000000e+00, 0.00000000e+00,
       7.08128511e-04, 7.08128511e-04, 7.08128511e-04, 7.08128511e-04,
       7.08128511e-04, 7.08128511e-04, 7.08128511e-04, 7.08128511e-04,
       7.08128511e-04, 1.56538455e-03, 2.42890703e-03, 3.32230621e-03,
       3.32230621e-03, 3.32230621e-03, 3.32230621e-03, 3.32230621e-03,
       5.26194586e-03, 7.22425609e-03, 7.22425609e-03, 7.22425609e-03,
       8.25843482e-03, 9.30650053e-03, 1.14419406e-02, 1.46891271e-02,
       1.90829193e-02, 2.13152674e-02, 2.35677396e-02, 2.93148756e-02,
       3.16549053e-02, 3.51952850e-02, 4.11623556e-02, 4.84188324e-02,
       6.19434505e-02, 7.81449893e-02, 8.44484345e-02, 9.72239182e-02,
       1.14022639e-01, 1.28457791e-01, 1.60277091e-01, 1.77706173e-01,
       2.00817899e-01, 2.24186486e-01, 2.49196098e-01, 2.78802597e-01,
       3.08711282e-01, 3.50486960e-01, 3.98547846e-01, 4.36838945e-01,
       5.08358217e-01, 5.92673003e-01, 6.74788879e-01, 8.02423492e-01,
       8.84841504e-01, 9.44434580e-01, 9.90396581e-01, 1.00000000e+00,
       1.00000000e+00]), array([0.00000000e+00, 0.00000000e+00, 0.00000000e+00, 0.00000000e+00,
       0.00000000e+00, 0.00000000e+00, 0.00000000e+00, 0.00000000e+00,
       0.00000000e+00, 0.00000000e+00, 0.00000000e+00, 0.00000000e+00,
       0.00000000e+00, 0.00000000e+00, 0.00000000e+00, 0.00000000e+00,
       0.00000000e+00, 0.00000000e+00, 0.00000000e+00, 0.00000000e+00,
       0.00000000e+00, 0.00000000e+00, 0.00000000e+00, 0.00000000e+00,
       0.00000000e+00, 0.00000000e+00, 0.00000000e+00, 0.00000000e+00,
       0.00000000e+00, 0.00000000e+00, 0.00000000e+00, 0.00000000e+00,
       0.00000000e+00, 0.00000000e+00, 0.00000000e+00, 0.00000000e+00,
       0.00000000e+00, 0.00000000e+00, 0.00000000e+00, 0.00000000e+00,
       0.00000000e+00, 0.00000000e+00, 0.00000000e+00, 0.00000000e+00,
       0.00000000e+00, 7.28731435e-04, 7.28731435e-04, 1.48605573e-03,
       1.48605573e-03, 1.48605573e-03, 1.48605573e-03, 1.48605573e-03,
       1.48605573e-03, 1.48605573e-03, 2.36175935e-03, 2.36175935e-03,
       2.36175935e-03, 4.21439968e-03, 4.21439968e-03, 4.21439968e-03,
       6.17134445e-03, 8.15634120e-03, 1.01766860e-02, 1.01766860e-02,
       1.32883248e-02, 1.64751355e-02, 1.64751355e-02, 2.08232724e-02,
       2.63683918e-02, 2.86164396e-02, 3.54245300e-02, 4.00417536e-02,
       4.94335673e-02, 5.53629430e-02, 6.37952540e-02, 7.23567838e-02,
       8.72030054e-02, 9.59829069e-02, 1.08695621e-01, 1.20268855e-01,
       1.32004227e-01, 1.51791519e-01, 1.65134908e-01, 1.89491641e-01,
       2.05919874e-01, 2.25325833e-01, 2.58939930e-01, 2.98677509e-01,
       3.24480425e-01, 3.68011750e-01, 4.31137127e-01, 4.66732779e-01,
       5.38725939e-01, 6.20630275e-01, 7.03404651e-01, 8.04100163e-01,
       8.93318154e-01, 9.47091208e-01, 9.82242472e-01, 1.00000000e+00,
       1.00000000e+00])]","[{'lambda_reg': 0.10833638781816698, 'gamma': 0.007583182468315394}, {'lambda_reg': 0.10833638781816698, 'gamma': 0.007583182468315394}, {'lambda_reg': 0.1452824663751603, 'gamma': 0.0070689749506246055}, {'lambda_reg': 0.1452824663751603, 'gamma': 0.0070689749506246055}, {'lambda_reg': 0.1452824663751603, 'gamma': 0.0070689749506246055}]",Outros,laplacian,79
"[np.float64(0.09719517422293618), np.float64(0.09593451036454378), np.float64(0.1406632678607478), np.float64(0.09002268727810285), np.float64(0.10081692558870517)]",0.1049265130630071,0.0182030661620437,"[np.float64(0.6235131799320257), np.float64(0.5704537672169676), np.float64(0.6401446327058328), np.float64(0.6398958963968258), np.float64(0.6486204671040616)]",0.6245255886711426,0.0282331397816968,"[np.float64(0.6549181724967921), np.float64(0.6717046747128933), np.float64(0.6355312467860994), np.float64(0.6693366300656595), np.float64(0.644250773976342)]",0.6551482996075573,0.0139932845507184,"[array([0.        , 0.        , 0.        , 0.        , 0.        ,
       0.        , 0.        , 0.        , 0.        , 0.        ,
       0.        , 0.        , 0.        , 0.        , 0.        ,
       0.        , 0.        , 0.        , 0.        , 0.        ,
       0.        , 0.        , 0.        , 0.        , 0.        ,
       0.        , 0.        , 0.        , 0.        , 0.        ,
       0.        , 0.        , 0.        , 0.        , 0.        ,
       0.        , 0.        , 0.        , 0.        , 0.        ,
       0.        , 0.        , 0.        , 0.        , 0.        ,
       0.        , 0.        , 0.        , 0.        , 0.        ,
       0.        , 0.        , 0.        , 0.        , 0.        ,
       0.        , 0.        , 0.        , 0.        , 0.        ,
       0.        , 0.        , 0.        , 0.        , 0.        ,
       0.        , 0.00806187, 0.00806187, 0.00806187, 0.01544336,
       0.01544336, 0.01544336, 0.02879972, 0.04153304, 0.04764101,
       0.05346177, 0.05917448, 0.08098842, 0.10718684, 0.13226499,
       0.18946892, 0.22999122, 0.26877814, 0.30958942, 0.35957106,
       0.42042847, 0.49141843, 0.54796811, 0.59430206, 0.64544894,
       0.7063253 , 0.76113018, 0.83447171, 0.88631006, 0.92935251,
       0.96626571, 0.98661895, 1.        , 1.        , 1.        ,
       1.        ]), array([0.        , 0.        , 0.        , 0.        , 0.        ,
       0.        , 0.        , 0.        , 0.        , 0.        ,
       0.        , 0.        , 0.        , 0.        , 0.        ,
       0.        , 0.        , 0.        , 0.        , 0.        ,
       0.        , 0.        , 0.        , 0.        , 0.        ,
       0.        , 0.        , 0.        , 0.        , 0.        ,
       0.        , 0.        , 0.        , 0.        , 0.        ,
       0.        , 0.        , 0.        , 0.        , 0.        ,
       0.        , 0.        , 0.        , 0.        , 0.        ,
       0.02528889, 0.02528889, 0.02528889, 0.02528889, 0.02528889,
       0.02528889, 0.02528889, 0.02528889, 0.02528889, 0.02528889,
       0.02528889, 0.02528889, 0.02528889, 0.035008  , 0.035008  ,
       0.035008  , 0.035008  , 0.035008  , 0.035008  , 0.035008  ,
       0.04302108, 0.05091884, 0.05091884, 0.05824207, 0.05824207,
       0.06527994, 0.0719473 , 0.07845999, 0.09111532, 0.11498833,
       0.15575536, 0.18362994, 0.20514863, 0.21029648, 0.2249498 ,
       0.24342638, 0.28316012, 0.30420358, 0.3280695 , 0.38439001,
       0.42007357, 0.48864381, 0.53540728, 0.57855192, 0.64106906,
       0.70581825, 0.75583575, 0.82143683, 0.87267241, 0.92914959,
       0.96596291, 0.98662119, 1.        , 1.        , 1.        ,
       1.        ]), array([0.        , 0.        , 0.        , 0.        , 0.        ,
       0.        , 0.        , 0.        , 0.        , 0.        ,
       0.        , 0.        , 0.        , 0.        , 0.        ,
       0.        , 0.        , 0.        , 0.        , 0.        ,
       0.        , 0.        , 0.        , 0.        , 0.        ,
       0.        , 0.        , 0.        , 0.        , 0.        ,
       0.        , 0.        , 0.        , 0.        , 0.        ,
       0.        , 0.        , 0.        , 0.        , 0.        ,
       0.        , 0.        , 0.        , 0.        , 0.        ,
       0.        , 0.        , 0.        , 0.        , 0.        ,
       0.        , 0.        , 0.        , 0.        , 0.        ,
       0.        , 0.        , 0.        , 0.        , 0.        ,
       0.        , 0.        , 0.        , 0.        , 0.        ,
       0.        , 0.        , 0.        , 0.        , 0.        ,
       0.        , 0.        , 0.        , 0.        , 0.        ,
       0.        , 0.00621033, 0.01836422, 0.02412711, 0.04605957,
       0.0565933 , 0.09666351, 0.13438347, 0.1748174 , 0.24239902,
       0.31320092, 0.36821979, 0.4335633 , 0.52542146, 0.58943581,
       0.65573869, 0.71426905, 0.77051382, 0.85587234, 0.92149083,
       0.96822313, 0.9947621 , 1.        , 1.        , 1.        ,
       1.        ]), array([0.        , 0.        , 0.        , 0.        , 0.        ,
       0.        , 0.        , 0.        , 0.        , 0.        ,
       0.        , 0.        , 0.        , 0.        , 0.        ,
       0.        , 0.        , 0.        , 0.        , 0.        ,
       0.        , 0.        , 0.        , 0.        , 0.        ,
       0.        , 0.        , 0.        , 0.        , 0.        ,
       0.        , 0.        , 0.        , 0.        , 0.        ,
       0.        , 0.        , 0.        , 0.        , 0.        ,
       0.        , 0.        , 0.        , 0.        , 0.        ,
       0.        , 0.        , 0.        , 0.        , 0.        ,
       0.        , 0.        , 0.        , 0.        , 0.        ,
       0.        , 0.        , 0.        , 0.        , 0.        ,
       0.        , 0.        , 0.00886756, 0.00886756, 0.00886756,
       0.00886756, 0.00886756, 0.00886756, 0.00886756, 0.00886756,
       0.01579117, 0.01579117, 0.02224074, 0.02850377, 0.04077191,
       0.05821421, 0.09709203, 0.12923949, 0.17023332, 0.19481725,
       0.24673284, 0.28653492, 0.33306229, 0.40900989, 0.43904589,
       0.48877419, 0.55493421, 0.5792965 , 0.63669547, 0.68925261,
       0.73001578, 0.76709246, 0.81172784, 0.86966564, 0.90668624,
       0.953396  , 0.98811098, 1.        , 1.        , 1.        ,
       1.        ]), array([0.        , 0.        , 0.        , 0.        , 0.        ,
       0.        , 0.        , 0.        , 0.        , 0.        ,
       0.        , 0.        , 0.        , 0.        , 0.        ,
       0.        , 0.        , 0.        , 0.        , 0.        ,
       0.        , 0.        , 0.        , 0.        , 0.        ,
       0.        , 0.        , 0.        , 0.        , 0.        ,
       0.        , 0.        , 0.        , 0.        , 0.        ,
       0.        , 0.        , 0.        , 0.        , 0.        ,
       0.        , 0.        , 0.        , 0.        , 0.        ,
       0.        , 0.        , 0.        , 0.        , 0.        ,
       0.        , 0.        , 0.        , 0.        , 0.        ,
       0.        , 0.        , 0.        , 0.        , 0.        ,
       0.        , 0.        , 0.        , 0.        , 0.        ,
       0.        , 0.        , 0.        , 0.0081348 , 0.0081348 ,
       0.0081348 , 0.0081348 , 0.0081348 , 0.0081348 , 0.01475955,
       0.01475955, 0.02078721, 0.03247273, 0.05519458, 0.09224498,
       0.12284834, 0.14684644, 0.17443999, 0.21339487, 0.29920656,
       0.35291025, 0.41761236, 0.47458205, 0.54578076, 0.60795364,
       0.66737649, 0.72845547, 0.79765599, 0.86386971, 0.91941968,
       0.96581349, 0.98948979, 1.        , 1.        , 1.        ,
       1.        ])]","[array([0.        , 0.        , 0.        , 0.        , 0.        ,
       0.        , 0.        , 0.        , 0.        , 0.        ,
       0.        , 0.        , 0.        , 0.        , 0.        ,
       0.        , 0.        , 0.        , 0.        , 0.        ,
       0.        , 0.        , 0.        , 0.        , 0.        ,
       0.        , 0.        , 0.        , 0.        , 0.        ,
       0.        , 0.        , 0.        , 0.        , 0.        ,
       0.        , 0.        , 0.        , 0.        , 0.        ,
       0.        , 0.        , 0.        , 0.        , 0.        ,
       0.        , 0.        , 0.        , 0.        , 0.        ,
       0.        , 0.        , 0.        , 0.        , 0.        ,
       0.        , 0.        , 0.        , 0.        , 0.        ,
       0.        , 0.        , 0.        , 0.        , 0.        ,
       0.        , 0.00195571, 0.00195571, 0.00195571, 0.00399907,
       0.00399907, 0.00399907, 0.00826698, 0.01261515, 0.01482256,
       0.01706696, 0.01932528, 0.02849213, 0.04008841, 0.05182899,
       0.08039072, 0.10211868, 0.12407018, 0.14875512, 0.18124139,
       0.22430351, 0.27803723, 0.32464846, 0.36658722, 0.41688862,
       0.48390194, 0.55169735, 0.65303542, 0.73618398, 0.81747139,
       0.89954834, 0.95381641, 1.        , 1.        , 1.        ,
       1.        ]), array([0.        , 0.        , 0.        , 0.        , 0.        ,
       0.        , 0.        , 0.        , 0.        , 0.        ,
       0.        , 0.        , 0.        , 0.        , 0.        ,
       0.        , 0.        , 0.        , 0.        , 0.        ,
       0.        , 0.        , 0.        , 0.        , 0.        ,
       0.        , 0.        , 0.        , 0.        , 0.        ,
       0.        , 0.        , 0.        , 0.        , 0.        ,
       0.        , 0.        , 0.        , 0.        , 0.        ,
       0.        , 0.        , 0.        , 0.        , 0.        ,
       0.00267688, 0.00267688, 0.00267688, 0.00267688, 0.00267688,
       0.00267688, 0.00267688, 0.00267688, 0.00267688, 0.00267688,
       0.00267688, 0.00267688, 0.00267688, 0.00440238, 0.00440238,
       0.00440238, 0.00440238, 0.00440238, 0.00440238, 0.00440238,
       0.00635362, 0.00832011, 0.00832011, 0.01036262, 0.01036262,
       0.01244289, 0.01457218, 0.01672193, 0.0210704 , 0.02995757,
       0.04564385, 0.05701302, 0.0662117 , 0.06854204, 0.07563762,
       0.08523881, 0.10708475, 0.11935777, 0.13426882, 0.17198894,
       0.19738224, 0.25155039, 0.29053503, 0.32999849, 0.39400196,
       0.46674452, 0.52939038, 0.62310053, 0.70666553, 0.81362878,
       0.89609057, 0.95358664, 1.        , 1.        , 1.        ,
       1.        ]), array([0.        , 0.        , 0.        , 0.        , 0.        ,
       0.        , 0.        , 0.        , 0.        , 0.        ,
       0.        , 0.        , 0.        , 0.        , 0.        ,
       0.        , 0.        , 0.        , 0.        , 0.        ,
       0.        , 0.        , 0.        , 0.        , 0.        ,
       0.        , 0.        , 0.        , 0.        , 0.        ,
       0.        , 0.        , 0.        , 0.        , 0.        ,
       0.        , 0.        , 0.        , 0.        , 0.        ,
       0.        , 0.        , 0.        , 0.        , 0.        ,
       0.        , 0.        , 0.        , 0.        , 0.        ,
       0.        , 0.        , 0.        , 0.        , 0.        ,
       0.        , 0.        , 0.        , 0.        , 0.        ,
       0.        , 0.        , 0.        , 0.        , 0.        ,
       0.        , 0.        , 0.        , 0.        , 0.        ,
       0.        , 0.        , 0.        , 0.        , 0.        ,
       0.        , 0.00224586, 0.00676866, 0.00906665, 0.01838901,
       0.02310059, 0.04218745, 0.06154815, 0.08356209, 0.1231991 ,
       0.16839981, 0.20653111, 0.25533725, 0.33074859, 0.38861797,
       0.45512906, 0.51957631, 0.59022877, 0.71390868, 0.82504132,
       0.9175883 , 0.98279357, 1.        , 1.        , 1.        ,
       1.        ]), array([0.        , 0.        , 0.        , 0.        , 0.        ,
       0.        , 0.        , 0.        , 0.        , 0.        ,
       0.        , 0.        , 0.        , 0.        , 0.        ,
       0.        , 0.        , 0.        , 0.        , 0.        ,
       0.        , 0.        , 0.        , 0.        , 0.        ,
       0.        , 0.        , 0.        , 0.        , 0.        ,
       0.        , 0.        , 0.        , 0.        , 0.        ,
       0.        , 0.        , 0.        , 0.        , 0.        ,
       0.        , 0.        , 0.        , 0.        , 0.        ,
       0.        , 0.        , 0.        , 0.        , 0.        ,
       0.        , 0.        , 0.        , 0.        , 0.        ,
       0.        , 0.        , 0.        , 0.        , 0.        ,
       0.        , 0.        , 0.00184007, 0.00184007, 0.00184007,
       0.00184007, 0.00184007, 0.00184007, 0.00184007, 0.00184007,
       0.00393676, 0.00393676, 0.00609603, 0.00827992, 0.01268174,
       0.0194112 , 0.03535364, 0.04917388, 0.06784765, 0.07965567,
       0.10591966, 0.1277614 , 0.15473668, 0.20191352, 0.22203381,
       0.25761851, 0.30909805, 0.32996731, 0.38260338, 0.43587861,
       0.48167876, 0.52796555, 0.59131849, 0.68603266, 0.75641213,
       0.86164046, 0.95942022, 1.        , 1.        , 1.        ,
       1.        ]), array([0.        , 0.        , 0.        , 0.        , 0.        ,
       0.        , 0.        , 0.        , 0.        , 0.        ,
       0.        , 0.        , 0.        , 0.        , 0.        ,
       0.        , 0.        , 0.        , 0.        , 0.        ,
       0.        , 0.        , 0.        , 0.        , 0.        ,
       0.        , 0.        , 0.        , 0.        , 0.        ,
       0.        , 0.        , 0.        , 0.        , 0.        ,
       0.        , 0.        , 0.        , 0.        , 0.        ,
       0.        , 0.        , 0.        , 0.        , 0.        ,
       0.        , 0.        , 0.        , 0.        , 0.        ,
       0.        , 0.        , 0.        , 0.        , 0.        ,
       0.        , 0.        , 0.        , 0.        , 0.        ,
       0.        , 0.        , 0.        , 0.        , 0.        ,
       0.        , 0.        , 0.        , 0.00200295, 0.00200295,
       0.00200295, 0.00200295, 0.00200295, 0.00200295, 0.00418699,
       0.00418699, 0.00644264, 0.01099829, 0.02018745, 0.03659382,
       0.05079483, 0.06280946, 0.07737142, 0.09950645, 0.15176443,
       0.18702332, 0.23287732, 0.27668012, 0.33664765, 0.39471909,
       0.45609886, 0.5262156 , 0.61620804, 0.71549428, 0.81010232,
       0.90580843, 0.96551811, 1.        , 1.        , 1.        ,
       1.        ])]","[{'lambda_reg': 0.1247117403453705, 'gamma': 0.024020392351233304}, {'lambda_reg': 0.1247117403453705, 'gamma': 0.024020392351233304}, {'lambda_reg': 0.10833638781816698, 'gamma': 0.007583182468315394}, {'lambda_reg': 0.1247117403453705, 'gamma': 0.024020392351233304}, {'lambda_reg': 0.1247117403453705, 'gamma': 0.024020392351233304}]",Joao_Pessoa,exponential,73
"[np.float64(0.09748517438208587), np.float64(0.09680857875994699), np.float64(0.14236932689117954), np.float64(0.0903044299705993), np.float64(0.10262377818258324)]",0.1059182576372789,0.0186409699397427,"[np.float64(0.6143884477592056), np.float64(0.5639898332607328), np.float64(0.6400706166381898), np.float64(0.6318843221717169), np.float64(0.6328836247158512)]",0.6166433689091393,0.0276490433355233,"[np.float64(0.6464723705952816), np.float64(0.6920272532943803), np.float64(0.5677207243583982), np.float64(0.6909276030561976), np.float64(0.6673464658507632)]",0.6528988834310041,0.0457876933957113,"[array([0.        , 0.        , 0.        , 0.        , 0.        ,
       0.        , 0.        , 0.        , 0.        , 0.        ,
       0.        , 0.        , 0.        , 0.        , 0.        ,
       0.        , 0.        , 0.        , 0.        , 0.        ,
       0.        , 0.        , 0.        , 0.        , 0.        ,
       0.        , 0.        , 0.        , 0.        , 0.        ,
       0.        , 0.        , 0.        , 0.        , 0.        ,
       0.        , 0.        , 0.        , 0.        , 0.        ,
       0.        , 0.        , 0.        , 0.        , 0.        ,
       0.        , 0.        , 0.        , 0.        , 0.        ,
       0.        , 0.        , 0.        , 0.        , 0.01021154,
       0.01021154, 0.01021154, 0.01021154, 0.01959842, 0.01959842,
       0.01959842, 0.01959842, 0.01959842, 0.01959842, 0.01959842,
       0.01959842, 0.01959842, 0.01959842, 0.02678338, 0.03377216,
       0.04059957, 0.04059957, 0.05316978, 0.05316978, 0.06485546,
       0.08189109, 0.09805057, 0.11342254, 0.1484605 , 0.1766234 ,
       0.18561636, 0.21561627, 0.26449075, 0.30708099, 0.35441207,
       0.41590529, 0.47647219, 0.54482044, 0.59422994, 0.65252787,
       0.74730717, 0.8076275 , 0.86372811, 0.90724775, 0.9552864 ,
       0.97993541, 0.99498815, 1.        , 1.        , 1.        ,
       1.        ]), array([0.        , 0.        , 0.        , 0.        , 0.        ,
       0.        , 0.        , 0.        , 0.        , 0.        ,
       0.        , 0.        , 0.        , 0.        , 0.        ,
       0.        , 0.        , 0.        , 0.        , 0.        ,
       0.        , 0.        , 0.        , 0.        , 0.        ,
       0.        , 0.        , 0.        , 0.        , 0.        ,
       0.        , 0.        , 0.01530676, 0.01530676, 0.01530676,
       0.01530676, 0.01530676, 0.01530676, 0.01530676, 0.01530676,
       0.01530676, 0.01530676, 0.01530676, 0.01530676, 0.01530676,
       0.03998143, 0.03998143, 0.03998143, 0.03998143, 0.03998143,
       0.05124801, 0.05124801, 0.062128  , 0.062128  , 0.062128  ,
       0.062128  , 0.062128  , 0.07170153, 0.07170153, 0.07170153,
       0.08060055, 0.08060055, 0.08060055, 0.08060055, 0.08870725,
       0.08870725, 0.09641211, 0.09641211, 0.1036012 , 0.11759107,
       0.12431456, 0.13734832, 0.16272669, 0.16892556, 0.18672778,
       0.2094186 , 0.220101  , 0.2357684 , 0.25572573, 0.27955741,
       0.30233071, 0.32380648, 0.35283135, 0.37236304, 0.4197878 ,
       0.45393168, 0.51465835, 0.55677987, 0.60942668, 0.65795172,
       0.72819195, 0.76771965, 0.81646306, 0.88178312, 0.92468543,
       0.96807148, 0.97960828, 0.99689362, 1.        , 1.        ,
       1.        ]), array([0.        , 0.        , 0.        , 0.        , 0.        ,
       0.        , 0.        , 0.        , 0.        , 0.        ,
       0.        , 0.        , 0.        , 0.        , 0.        ,
       0.        , 0.        , 0.        , 0.        , 0.        ,
       0.        , 0.        , 0.        , 0.        , 0.        ,
       0.        , 0.        , 0.        , 0.        , 0.        ,
       0.        , 0.        , 0.        , 0.        , 0.        ,
       0.        , 0.        , 0.        , 0.        , 0.        ,
       0.        , 0.        , 0.        , 0.        , 0.        ,
       0.        , 0.        , 0.        , 0.        , 0.        ,
       0.        , 0.        , 0.        , 0.        , 0.        ,
       0.        , 0.        , 0.        , 0.        , 0.        ,
       0.        , 0.        , 0.        , 0.        , 0.        ,
       0.        , 0.        , 0.        , 0.        , 0.        ,
       0.        , 0.        , 0.        , 0.        , 0.        ,
       0.        , 0.00590772, 0.00590772, 0.00590772, 0.00590772,
       0.00590772, 0.00590772, 0.00590772, 0.0187641 , 0.03087892,
       0.07259256, 0.14366668, 0.26572752, 0.38234295, 0.520175  ,
       0.66323433, 0.81941396, 0.93987989, 0.99041647, 1.        ,
       1.        , 1.        , 1.        , 1.        , 1.        ,
       1.        ]), array([0.        , 0.        , 0.        , 0.        , 0.        ,
       0.        , 0.        , 0.        , 0.        , 0.        ,
       0.        , 0.        , 0.        , 0.        , 0.        ,
       0.        , 0.        , 0.        , 0.        , 0.        ,
       0.        , 0.        , 0.        , 0.        , 0.        ,
       0.        , 0.        , 0.        , 0.        , 0.        ,
       0.        , 0.        , 0.        , 0.        , 0.        ,
       0.        , 0.        , 0.        , 0.        , 0.        ,
       0.        , 0.        , 0.        , 0.        , 0.        ,
       0.        , 0.        , 0.        , 0.        , 0.        ,
       0.        , 0.        , 0.        , 0.        , 0.        ,
       0.        , 0.        , 0.        , 0.        , 0.        ,
       0.        , 0.00884024, 0.00884024, 0.00884024, 0.00884024,
       0.00884024, 0.01644627, 0.03891349, 0.03891349, 0.03891349,
       0.07290252, 0.0793633 , 0.09830923, 0.09830923, 0.13326053,
       0.14453073, 0.16058981, 0.21292687, 0.2627383 , 0.28197649,
       0.32772064, 0.36243148, 0.42789314, 0.45888909, 0.49876824,
       0.53973394, 0.5846314 , 0.63570692, 0.67147462, 0.71006828,
       0.74490017, 0.78660313, 0.82640469, 0.86916241, 0.9100708 ,
       0.94501185, 0.9739591 , 0.9958432 , 1.        , 1.        ,
       1.        ]), array([0.        , 0.        , 0.        , 0.        , 0.        ,
       0.        , 0.        , 0.        , 0.        , 0.        ,
       0.        , 0.        , 0.        , 0.        , 0.        ,
       0.        , 0.        , 0.        , 0.        , 0.        ,
       0.        , 0.        , 0.        , 0.        , 0.        ,
       0.        , 0.        , 0.        , 0.        , 0.        ,
       0.        , 0.        , 0.        , 0.        , 0.        ,
       0.        , 0.        , 0.        , 0.        , 0.        ,
       0.        , 0.        , 0.        , 0.        , 0.        ,
       0.        , 0.        , 0.        , 0.        , 0.        ,
       0.        , 0.        , 0.        , 0.        , 0.        ,
       0.        , 0.        , 0.        , 0.        , 0.01005039,
       0.01005039, 0.01005039, 0.01005039, 0.01005039, 0.01908488,
       0.01908488, 0.01908488, 0.01908488, 0.01908488, 0.02675274,
       0.02675274, 0.02675274, 0.02675274, 0.02675274, 0.03959306,
       0.05821674, 0.07038797, 0.09907654, 0.12647721, 0.15274609,
       0.19257803, 0.23071991, 0.26252254, 0.32705107, 0.36340079,
       0.41265523, 0.46948098, 0.52861534, 0.57419748, 0.61927743,
       0.68648709, 0.72776292, 0.78626397, 0.85023893, 0.90446067,
       0.95945895, 0.97810039, 0.99329197, 1.        , 1.        ,
       1.        ])]","[array([0.        , 0.        , 0.        , 0.        , 0.        ,
       0.        , 0.        , 0.        , 0.        , 0.        ,
       0.        , 0.        , 0.        , 0.        , 0.        ,
       0.        , 0.        , 0.        , 0.        , 0.        ,
       0.        , 0.        , 0.        , 0.        , 0.        ,
       0.        , 0.        , 0.        , 0.        , 0.        ,
       0.        , 0.        , 0.        , 0.        , 0.        ,
       0.        , 0.        , 0.        , 0.        , 0.        ,
       0.        , 0.        , 0.        , 0.        , 0.        ,
       0.        , 0.        , 0.        , 0.        , 0.        ,
       0.        , 0.        , 0.        , 0.        , 0.00161821,
       0.00161821, 0.00161821, 0.00161821, 0.00334926, 0.00334926,
       0.00334926, 0.00334926, 0.00334926, 0.00334926, 0.00334926,
       0.00334926, 0.00334926, 0.00334926, 0.0053816 , 0.00744078,
       0.00952204, 0.00952204, 0.01383298, 0.01383298, 0.01826495,
       0.02498034, 0.03181562, 0.03875866, 0.05507264, 0.06931188,
       0.07411229, 0.09111564, 0.12061369, 0.14795616, 0.18068086,
       0.22654508, 0.27555152, 0.33555509, 0.38307274, 0.44445152,
       0.55511692, 0.63431177, 0.71709948, 0.7895468 , 0.88248404,
       0.93942064, 0.98259297, 1.        , 1.        , 1.        ,
       1.        ]), array([0.00000000e+00, 0.00000000e+00, 0.00000000e+00, 0.00000000e+00,
       0.00000000e+00, 0.00000000e+00, 0.00000000e+00, 0.00000000e+00,
       0.00000000e+00, 0.00000000e+00, 0.00000000e+00, 0.00000000e+00,
       0.00000000e+00, 0.00000000e+00, 0.00000000e+00, 0.00000000e+00,
       0.00000000e+00, 0.00000000e+00, 0.00000000e+00, 0.00000000e+00,
       0.00000000e+00, 0.00000000e+00, 0.00000000e+00, 0.00000000e+00,
       0.00000000e+00, 0.00000000e+00, 0.00000000e+00, 0.00000000e+00,
       0.00000000e+00, 0.00000000e+00, 0.00000000e+00, 0.00000000e+00,
       9.38846287e-04, 9.38846287e-04, 9.38846287e-04, 9.38846287e-04,
       9.38846287e-04, 9.38846287e-04, 9.38846287e-04, 9.38846287e-04,
       9.38846287e-04, 9.38846287e-04, 9.38846287e-04, 9.38846287e-04,
       9.38846287e-04, 3.62455827e-03, 3.62455827e-03, 3.62455827e-03,
       3.62455827e-03, 3.62455827e-03, 5.11309630e-03, 5.11309630e-03,
       6.65423154e-03, 6.65423154e-03, 6.65423154e-03, 6.65423154e-03,
       6.65423154e-03, 8.37312077e-03, 8.37312077e-03, 8.37312077e-03,
       1.01837798e-02, 1.01837798e-02, 1.01837798e-02, 1.01837798e-02,
       1.21022393e-02, 1.21022393e-02, 1.40753712e-02, 1.40753712e-02,
       1.61186778e-02, 2.02581217e-02, 2.23647749e-02, 2.66343028e-02,
       3.52671240e-02, 3.74451555e-02, 4.40873312e-02, 5.30858084e-02,
       5.76752549e-02, 6.46078864e-02, 7.39782718e-02, 8.58429550e-02,
       9.78516373e-02, 1.10036856e-01, 1.27237824e-01, 1.39687548e-01,
       1.72513654e-01, 1.98082428e-01, 2.47227284e-01, 2.83796356e-01,
       3.34040526e-01, 3.84845488e-01, 4.65931651e-01, 5.17960757e-01,
       5.89885991e-01, 6.98834408e-01, 7.83640063e-01, 8.86508459e-01,
       9.21195917e-01, 9.85315512e-01, 1.00000000e+00, 1.00000000e+00,
       1.00000000e+00]), array([0.        , 0.        , 0.        , 0.        , 0.        ,
       0.        , 0.        , 0.        , 0.        , 0.        ,
       0.        , 0.        , 0.        , 0.        , 0.        ,
       0.        , 0.        , 0.        , 0.        , 0.        ,
       0.        , 0.        , 0.        , 0.        , 0.        ,
       0.        , 0.        , 0.        , 0.        , 0.        ,
       0.        , 0.        , 0.        , 0.        , 0.        ,
       0.        , 0.        , 0.        , 0.        , 0.        ,
       0.        , 0.        , 0.        , 0.        , 0.        ,
       0.        , 0.        , 0.        , 0.        , 0.        ,
       0.        , 0.        , 0.        , 0.        , 0.        ,
       0.        , 0.        , 0.        , 0.        , 0.        ,
       0.        , 0.        , 0.        , 0.        , 0.        ,
       0.        , 0.        , 0.        , 0.        , 0.        ,
       0.        , 0.        , 0.        , 0.        , 0.        ,
       0.        , 0.00226404, 0.00226404, 0.00226404, 0.00226404,
       0.00226404, 0.00226404, 0.00226404, 0.0096488 , 0.01712385,
       0.04486209, 0.09587596, 0.19139948, 0.29056955, 0.41997383,
       0.56962564, 0.75049758, 0.90886753, 0.98326638, 1.        ,
       1.        , 1.        , 1.        , 1.        , 1.        ,
       1.        ]), array([0.        , 0.        , 0.        , 0.        , 0.        ,
       0.        , 0.        , 0.        , 0.        , 0.        ,
       0.        , 0.        , 0.        , 0.        , 0.        ,
       0.        , 0.        , 0.        , 0.        , 0.        ,
       0.        , 0.        , 0.        , 0.        , 0.        ,
       0.        , 0.        , 0.        , 0.        , 0.        ,
       0.        , 0.        , 0.        , 0.        , 0.        ,
       0.        , 0.        , 0.        , 0.        , 0.        ,
       0.        , 0.        , 0.        , 0.        , 0.        ,
       0.        , 0.        , 0.        , 0.        , 0.        ,
       0.        , 0.        , 0.        , 0.        , 0.        ,
       0.        , 0.        , 0.        , 0.        , 0.        ,
       0.        , 0.00181612, 0.00181612, 0.00181612, 0.00181612,
       0.00181612, 0.00380067, 0.0098022 , 0.0098022 , 0.0098022 ,
       0.02027643, 0.02241726, 0.02889933, 0.02889933, 0.04226476,
       0.04677179, 0.05364782, 0.07673074, 0.10015832, 0.10962302,
       0.13360565, 0.15304893, 0.19247588, 0.21242611, 0.24023164,
       0.2709114 , 0.30709964, 0.35151234, 0.38592397, 0.42599499,
       0.46657936, 0.52133865, 0.57937993, 0.65213038, 0.73117824,
       0.81406295, 0.89776561, 0.97940964, 1.        , 1.        ,
       1.        ]), array([0.        , 0.        , 0.        , 0.        , 0.        ,
       0.        , 0.        , 0.        , 0.        , 0.        ,
       0.        , 0.        , 0.        , 0.        , 0.        ,
       0.        , 0.        , 0.        , 0.        , 0.        ,
       0.        , 0.        , 0.        , 0.        , 0.        ,
       0.        , 0.        , 0.        , 0.        , 0.        ,
       0.        , 0.        , 0.        , 0.        , 0.        ,
       0.        , 0.        , 0.        , 0.        , 0.        ,
       0.        , 0.        , 0.        , 0.        , 0.        ,
       0.        , 0.        , 0.        , 0.        , 0.        ,
       0.        , 0.        , 0.        , 0.        , 0.        ,
       0.        , 0.        , 0.        , 0.        , 0.00175692,
       0.00175692, 0.00175692, 0.00175692, 0.00175692, 0.0036379 ,
       0.0036379 , 0.0036379 , 0.0036379 , 0.0036379 , 0.0056858 ,
       0.0056858 , 0.0056858 , 0.0056858 , 0.0056858 , 0.01008637,
       0.016765  , 0.02124729, 0.03266545, 0.04424092, 0.0559546 ,
       0.07496499, 0.09418178, 0.11118841, 0.1480733 , 0.17049338,
       0.20327494, 0.24408499, 0.29058187, 0.32978073, 0.37202533,
       0.44141111, 0.4900891 , 0.56650728, 0.66314768, 0.75799488,
       0.873638  , 0.92209599, 0.97097532, 1.        , 1.        ,
       1.        ])]","[{'lambda_reg': 0.20845058190648655, 'gamma': 0.0026903779919434587}, {'lambda_reg': 0.1452824663751603, 'gamma': 0.0070689749506246055}, {'lambda_reg': 0.9008292046338945, 'gamma': 0.0014285676124002407}, {'lambda_reg': 0.1452824663751603, 'gamma': 0.0070689749506246055}, {'lambda_reg': 0.1452824663751603, 'gamma': 0.0070689749506246055}]",Joao_Pessoa,rbf,71
"[np.float64(0.09715460384160096), np.float64(0.09511677483102357), np.float64(0.1407758872610225), np.float64(0.09073980369554652), np.float64(0.09929566338997055)]",0.1046165466038328,0.018299180102962,"[np.float64(0.6095775840386595), np.float64(0.5823055738518533), np.float64(0.6317922132407909), np.float64(0.6105375122611025), np.float64(0.6625688630899702)]",0.6193563492964753,0.0267137723209068,"[np.float64(0.6544112902143998), np.float64(0.6851304163203153), np.float64(0.6646416341968229), np.float64(0.6929583796639631), np.float64(0.6620576184425587)]",0.6718398677676121,0.0146553233295861,"[array([0.        , 0.        , 0.        , 0.        , 0.        ,
       0.        , 0.        , 0.        , 0.        , 0.        ,
       0.        , 0.        , 0.        , 0.        , 0.        ,
       0.        , 0.        , 0.        , 0.        , 0.        ,
       0.        , 0.        , 0.        , 0.        , 0.        ,
       0.        , 0.        , 0.        , 0.        , 0.        ,
       0.        , 0.        , 0.        , 0.        , 0.        ,
       0.        , 0.        , 0.        , 0.        , 0.        ,
       0.        , 0.        , 0.        , 0.        , 0.        ,
       0.        , 0.        , 0.        , 0.        , 0.        ,
       0.        , 0.        , 0.        , 0.        , 0.        ,
       0.        , 0.        , 0.        , 0.        , 0.        ,
       0.        , 0.        , 0.        , 0.        , 0.        ,
       0.        , 0.        , 0.        , 0.        , 0.        ,
       0.        , 0.        , 0.01255996, 0.01853838, 0.02450917,
       0.03589627, 0.0737007 , 0.12070374, 0.13562104, 0.16383663,
       0.21358339, 0.25233776, 0.32571602, 0.36476092, 0.42265399,
       0.49122951, 0.52347301, 0.58311191, 0.6328914 , 0.68079646,
       0.75747524, 0.80986335, 0.85724475, 0.90537752, 0.93845877,
       0.97093401, 0.9887209 , 0.9975523 , 1.        , 1.        ,
       1.        ]), array([0.        , 0.02095547, 0.02095547, 0.02095547, 0.02095547,
       0.02095547, 0.02095547, 0.02095547, 0.02095547, 0.02095547,
       0.02095547, 0.02095547, 0.02095547, 0.02095547, 0.02095547,
       0.02095547, 0.02095547, 0.02095547, 0.02095547, 0.02095547,
       0.02095547, 0.02095547, 0.02095547, 0.02095547, 0.02095547,
       0.02095547, 0.02095547, 0.02095547, 0.02095547, 0.02095547,
       0.02095547, 0.02095547, 0.02095547, 0.02095547, 0.02095547,
       0.02095547, 0.03453045, 0.03453045, 0.03453045, 0.03453045,
       0.03453045, 0.03453045, 0.03453045, 0.03453045, 0.03453045,
       0.03453045, 0.03453045, 0.03453045, 0.03453045, 0.03453045,
       0.03453045, 0.03453045, 0.03453045, 0.03453045, 0.03453045,
       0.03453045, 0.03453045, 0.03453045, 0.03453045, 0.03453045,
       0.03453045, 0.04280339, 0.04280339, 0.04280339, 0.04280339,
       0.04280339, 0.05013379, 0.05013379, 0.07055296, 0.07055296,
       0.08967475, 0.10195208, 0.10802635, 0.10802635, 0.12447106,
       0.16218761, 0.18783342, 0.22210075, 0.24575186, 0.26838848,
       0.29403976, 0.3390514 , 0.38137249, 0.4440031 , 0.49584861,
       0.53160987, 0.57109343, 0.62168812, 0.67123404, 0.73393685,
       0.76891963, 0.84451839, 0.87631836, 0.91123834, 0.93959975,
       0.96618995, 0.98298581, 0.99355406, 0.99964134, 1.        ,
       1.        ]), array([0.        , 0.        , 0.        , 0.        , 0.        ,
       0.        , 0.        , 0.        , 0.        , 0.        ,
       0.        , 0.        , 0.        , 0.        , 0.        ,
       0.        , 0.        , 0.        , 0.        , 0.        ,
       0.        , 0.        , 0.        , 0.        , 0.        ,
       0.        , 0.        , 0.        , 0.        , 0.        ,
       0.        , 0.        , 0.        , 0.        , 0.        ,
       0.        , 0.        , 0.        , 0.        , 0.        ,
       0.        , 0.        , 0.        , 0.        , 0.        ,
       0.        , 0.        , 0.        , 0.        , 0.        ,
       0.        , 0.        , 0.        , 0.        , 0.        ,
       0.        , 0.        , 0.        , 0.        , 0.        ,
       0.        , 0.        , 0.        , 0.        , 0.        ,
       0.        , 0.        , 0.        , 0.        , 0.00804149,
       0.00804149, 0.00804149, 0.00804149, 0.01507747, 0.02861773,
       0.03509985, 0.053744  , 0.06558491, 0.11672091, 0.16020508,
       0.20183318, 0.22667532, 0.25019673, 0.29885604, 0.33629765,
       0.37960686, 0.42755892, 0.47571303, 0.54545464, 0.60072541,
       0.64898108, 0.69697166, 0.7682217 , 0.84753732, 0.89568146,
       0.94957715, 0.98447385, 0.9953486 , 0.99973563, 1.        ,
       1.        ]), array([0.        , 0.        , 0.        , 0.        , 0.        ,
       0.        , 0.        , 0.        , 0.        , 0.        ,
       0.        , 0.        , 0.        , 0.        , 0.        ,
       0.        , 0.        , 0.        , 0.        , 0.        ,
       0.        , 0.        , 0.        , 0.        , 0.        ,
       0.        , 0.        , 0.        , 0.        , 0.        ,
       0.        , 0.        , 0.        , 0.        , 0.        ,
       0.        , 0.        , 0.        , 0.        , 0.        ,
       0.        , 0.        , 0.        , 0.        , 0.        ,
       0.        , 0.        , 0.        , 0.        , 0.        ,
       0.        , 0.01057706, 0.01057706, 0.01057706, 0.01057706,
       0.01057706, 0.01057706, 0.01974008, 0.01974008, 0.01974008,
       0.02842064, 0.03675417, 0.03675417, 0.03675417, 0.03675417,
       0.03675417, 0.05873477, 0.06584603, 0.07264741, 0.08602581,
       0.08602581, 0.1047446 , 0.11678403, 0.134264  , 0.15670991,
       0.20508627, 0.23606815, 0.27583671, 0.32352715, 0.34645891,
       0.37251668, 0.40130914, 0.42896794, 0.45141671, 0.49705059,
       0.52982104, 0.58207539, 0.63908806, 0.67061339, 0.71174845,
       0.75391141, 0.80383053, 0.85856187, 0.89195344, 0.92475495,
       0.95438797, 0.9823044 , 0.99511968, 0.99923243, 1.        ,
       1.        ]), array([0.        , 0.        , 0.        , 0.        , 0.        ,
       0.        , 0.        , 0.        , 0.        , 0.        ,
       0.        , 0.        , 0.        , 0.        , 0.        ,
       0.        , 0.        , 0.        , 0.        , 0.        ,
       0.        , 0.        , 0.        , 0.        , 0.        ,
       0.        , 0.        , 0.        , 0.        , 0.        ,
       0.        , 0.        , 0.        , 0.        , 0.        ,
       0.        , 0.        , 0.        , 0.        , 0.        ,
       0.        , 0.        , 0.        , 0.        , 0.        ,
       0.        , 0.        , 0.        , 0.        , 0.        ,
       0.        , 0.        , 0.        , 0.        , 0.        ,
       0.        , 0.        , 0.        , 0.        , 0.        ,
       0.        , 0.        , 0.        , 0.        , 0.        ,
       0.        , 0.        , 0.        , 0.        , 0.        ,
       0.01444698, 0.03538528, 0.0420617 , 0.04851775, 0.04851775,
       0.06049053, 0.10128222, 0.10128222, 0.12254693, 0.16844094,
       0.19733629, 0.2387663 , 0.26955608, 0.30279192, 0.36182406,
       0.39830129, 0.46039855, 0.53403193, 0.57869171, 0.67145741,
       0.73308872, 0.78268388, 0.81309985, 0.85561744, 0.9186984 ,
       0.94750887, 0.98609693, 0.99803397, 1.        , 1.        ,
       1.        ])]","[array([0.        , 0.        , 0.        , 0.        , 0.        ,
       0.        , 0.        , 0.        , 0.        , 0.        ,
       0.        , 0.        , 0.        , 0.        , 0.        ,
       0.        , 0.        , 0.        , 0.        , 0.        ,
       0.        , 0.        , 0.        , 0.        , 0.        ,
       0.        , 0.        , 0.        , 0.        , 0.        ,
       0.        , 0.        , 0.        , 0.        , 0.        ,
       0.        , 0.        , 0.        , 0.        , 0.        ,
       0.        , 0.        , 0.        , 0.        , 0.        ,
       0.        , 0.        , 0.        , 0.        , 0.        ,
       0.        , 0.        , 0.        , 0.        , 0.        ,
       0.        , 0.        , 0.        , 0.        , 0.        ,
       0.        , 0.        , 0.        , 0.        , 0.        ,
       0.        , 0.        , 0.        , 0.        , 0.        ,
       0.        , 0.        , 0.00431738, 0.00651712, 0.0087179 ,
       0.01319495, 0.02914376, 0.04986755, 0.05687763, 0.0711182 ,
       0.09749572, 0.11934246, 0.16359824, 0.18841905, 0.22875568,
       0.27969254, 0.30543927, 0.35759273, 0.40506116, 0.45579841,
       0.54480924, 0.61301793, 0.68190821, 0.7627507 , 0.82756051,
       0.90450732, 0.95633112, 0.98827872, 1.        , 1.        ,
       1.        ]), array([0.00000000e+000, 3.27488463e-265, 3.27488463e-265, 3.27488463e-265,
       3.27488463e-265, 3.27488463e-265, 3.27488463e-265, 3.27488463e-265,
       3.27488463e-265, 3.27488463e-265, 3.27488463e-265, 3.27488463e-265,
       3.27488463e-265, 3.27488463e-265, 3.27488463e-265, 3.27488463e-265,
       3.27488463e-265, 3.27488463e-265, 3.27488463e-265, 3.27488463e-265,
       3.27488463e-265, 3.27488463e-265, 3.27488463e-265, 3.27488463e-265,
       3.27488463e-265, 3.27488463e-265, 3.27488463e-265, 3.27488463e-265,
       3.27488463e-265, 3.27488463e-265, 3.27488463e-265, 3.27488463e-265,
       3.27488463e-265, 3.27488463e-265, 3.27488463e-265, 3.27488463e-265,
       1.07286242e-003, 1.07286242e-003, 1.07286242e-003, 1.07286242e-003,
       1.07286242e-003, 1.07286242e-003, 1.07286242e-003, 1.07286242e-003,
       1.07286242e-003, 1.07286242e-003, 1.07286242e-003, 1.07286242e-003,
       1.07286242e-003, 1.07286242e-003, 1.07286242e-003, 1.07286242e-003,
       1.07286242e-003, 1.07286242e-003, 1.07286242e-003, 1.07286242e-003,
       1.07286242e-003, 1.07286242e-003, 1.07286242e-003, 1.07286242e-003,
       1.07286242e-003, 2.91645250e-003, 2.91645250e-003, 2.91645250e-003,
       2.91645250e-003, 2.91645250e-003, 4.89705496e-003, 4.89705496e-003,
       1.10673793e-002, 1.10673793e-002, 1.74262969e-002, 2.17339724e-002,
       2.38971710e-002, 2.38971710e-002, 3.06452405e-002, 4.64858683e-002,
       5.79887896e-002, 7.43308112e-002, 8.61236908e-002, 9.80640405e-002,
       1.12612349e-001, 1.39577257e-001, 1.66933278e-001, 2.09614107e-001,
       2.47770342e-001, 2.76079929e-001, 3.09940789e-001, 3.57417397e-001,
       4.08092641e-001, 4.78178615e-001, 5.21832275e-001, 6.26597823e-001,
       6.76806515e-001, 7.38746397e-001, 7.98593481e-001, 8.64790400e-001,
       9.17180158e-001, 9.58290460e-001, 9.93959773e-001, 9.96953818e-001,
       1.00000000e+000]), array([0.        , 0.        , 0.        , 0.        , 0.        ,
       0.        , 0.        , 0.        , 0.        , 0.        ,
       0.        , 0.        , 0.        , 0.        , 0.        ,
       0.        , 0.        , 0.        , 0.        , 0.        ,
       0.        , 0.        , 0.        , 0.        , 0.        ,
       0.        , 0.        , 0.        , 0.        , 0.        ,
       0.        , 0.        , 0.        , 0.        , 0.        ,
       0.        , 0.        , 0.        , 0.        , 0.        ,
       0.        , 0.        , 0.        , 0.        , 0.        ,
       0.        , 0.        , 0.        , 0.        , 0.        ,
       0.        , 0.        , 0.        , 0.        , 0.        ,
       0.        , 0.        , 0.        , 0.        , 0.        ,
       0.        , 0.        , 0.        , 0.        , 0.        ,
       0.        , 0.        , 0.        , 0.        , 0.00202783,
       0.00202783, 0.00202783, 0.00202783, 0.00417369, 0.00852783,
       0.0107387 , 0.01746549, 0.0220191 , 0.04276248, 0.0614323 ,
       0.08031998, 0.09226276, 0.10436057, 0.1313382 , 0.15368907,
       0.1812947 , 0.21429888, 0.25025109, 0.30744341, 0.35741907,
       0.40524641, 0.4590484 , 0.54875303, 0.66425677, 0.74478659,
       0.8543589 , 0.94238726, 0.9767719 , 0.99705927, 1.        ,
       1.        ]), array([0.        , 0.        , 0.        , 0.        , 0.        ,
       0.        , 0.        , 0.        , 0.        , 0.        ,
       0.        , 0.        , 0.        , 0.        , 0.        ,
       0.        , 0.        , 0.        , 0.        , 0.        ,
       0.        , 0.        , 0.        , 0.        , 0.        ,
       0.        , 0.        , 0.        , 0.        , 0.        ,
       0.        , 0.        , 0.        , 0.        , 0.        ,
       0.        , 0.        , 0.        , 0.        , 0.        ,
       0.        , 0.        , 0.        , 0.        , 0.        ,
       0.        , 0.        , 0.        , 0.        , 0.        ,
       0.        , 0.00152253, 0.00152253, 0.00152253, 0.00152253,
       0.00152253, 0.00152253, 0.00324813, 0.00324813, 0.00324813,
       0.00504302, 0.00688774, 0.00688774, 0.00688774, 0.00688774,
       0.00688774, 0.01285563, 0.01487588, 0.01694064, 0.02110239,
       0.02110239, 0.02753871, 0.03189274, 0.03850697, 0.04744955,
       0.06787581, 0.08167557, 0.10029649, 0.12386278, 0.13577711,
       0.15028403, 0.16743973, 0.18475825, 0.19978346, 0.23276966,
       0.25847864, 0.30268015, 0.35532287, 0.38729371, 0.43309209,
       0.48482589, 0.55369494, 0.6370805 , 0.69615702, 0.76444285,
       0.83926675, 0.92346174, 0.97332718, 0.99402719, 1.        ,
       1.        ]), array([0.        , 0.        , 0.        , 0.        , 0.        ,
       0.        , 0.        , 0.        , 0.        , 0.        ,
       0.        , 0.        , 0.        , 0.        , 0.        ,
       0.        , 0.        , 0.        , 0.        , 0.        ,
       0.        , 0.        , 0.        , 0.        , 0.        ,
       0.        , 0.        , 0.        , 0.        , 0.        ,
       0.        , 0.        , 0.        , 0.        , 0.        ,
       0.        , 0.        , 0.        , 0.        , 0.        ,
       0.        , 0.        , 0.        , 0.        , 0.        ,
       0.        , 0.        , 0.        , 0.        , 0.        ,
       0.        , 0.        , 0.        , 0.        , 0.        ,
       0.        , 0.        , 0.        , 0.        , 0.        ,
       0.        , 0.        , 0.        , 0.        , 0.        ,
       0.        , 0.        , 0.        , 0.        , 0.        ,
       0.00416564, 0.01050662, 0.01265857, 0.01483838, 0.01483838,
       0.01931668, 0.03513143, 0.03513143, 0.04442683, 0.06558812,
       0.07991057, 0.10163599, 0.1187147 , 0.13847997, 0.175955  ,
       0.20130199, 0.24737668, 0.30697189, 0.34626319, 0.43639299,
       0.50349628, 0.56313359, 0.60422493, 0.670748  , 0.78559886,
       0.8478628 , 0.95083053, 0.99126143, 1.        , 1.        ,
       1.        ])]","[{'lambda_reg': 0.1087419122630374, 'gamma': 0.054629230988272014, 'degree': 3, 'coef0': 0.05474256969969192}, {'lambda_reg': 6.0268891286825045e-05, 'gamma': 0.004207053950287938, 'degree': 2, 'coef0': 4.330880728874676}, {'lambda_reg': 0.00020696938694648396, 'gamma': 0.03250629555019764, 'degree': 3, 'coef0': 3.351113860768744}, {'lambda_reg': 0.07121933076720244, 'gamma': 0.0010372890417754044, 'degree': 5, 'coef0': 0.07735594866364609}, {'lambda_reg': 0.01146210740342503, 'gamma': 0.003613894271216527, 'degree': 3, 'coef0': 1.8318092164684585}]",Joao_Pessoa,polynomial,76
"[np.float64(0.1321315985878474), np.float64(0.0927550908702177), np.float64(0.10616191097383525), np.float64(0.12516827791781254), np.float64(0.09250297788007973)]",0.1097439712459585,0.0163573846244644,"[np.float64(0.6404610205440642), np.float64(0.7086138749893165), np.float64(0.7008593197435912), np.float64(0.6997129757616688), np.float64(0.6768568592466239)]",0.6853008100570529,0.0247999345537742,"[np.float64(0.711701828498229), np.float64(0.7316549961491328), np.float64(0.6931542303469211), np.float64(0.7031752659154255), np.float64(0.7104082621609904)]",0.7100189166141397,0.0126677300080695,"[array([0.        , 0.        , 0.        , 0.        , 0.        ,
       0.        , 0.        , 0.        , 0.        , 0.        ,
       0.        , 0.        , 0.        , 0.        , 0.        ,
       0.        , 0.        , 0.        , 0.        , 0.        ,
       0.        , 0.        , 0.        , 0.        , 0.        ,
       0.        , 0.        , 0.        , 0.        , 0.        ,
       0.        , 0.        , 0.        , 0.        , 0.        ,
       0.        , 0.        , 0.        , 0.        , 0.        ,
       0.        , 0.        , 0.        , 0.        , 0.        ,
       0.        , 0.        , 0.        , 0.        , 0.        ,
       0.00614914, 0.00614914, 0.01199278, 0.01776573, 0.02344842,
       0.0289735 , 0.0343573 , 0.03964765, 0.04474874, 0.05487311,
       0.05487311, 0.06926301, 0.07389703, 0.08754651, 0.09640324,
       0.10927323, 0.12169945, 0.12169945, 0.12564758, 0.12941721,
       0.13674515, 0.15098249, 0.16826566, 0.1782711 , 0.19438575,
       0.2222633 , 0.24612753, 0.27162139, 0.29890391, 0.30681351,
       0.34401115, 0.37475153, 0.41957677, 0.4534624 , 0.49138366,
       0.51398111, 0.55075159, 0.58840472, 0.64610919, 0.7049446 ,
       0.74305688, 0.79598116, 0.83623329, 0.87795916, 0.91236241,
       0.94718579, 0.97154245, 0.98590462, 0.99639857, 0.9996549 ,
       1.        ]), array([0.        , 0.        , 0.        , 0.        , 0.        ,
       0.        , 0.        , 0.        , 0.        , 0.        ,
       0.        , 0.        , 0.        , 0.        , 0.        ,
       0.        , 0.        , 0.        , 0.        , 0.        ,
       0.        , 0.        , 0.        , 0.        , 0.        ,
       0.        , 0.        , 0.        , 0.        , 0.        ,
       0.        , 0.        , 0.        , 0.        , 0.        ,
       0.        , 0.        , 0.        , 0.        , 0.        ,
       0.00707579, 0.00707579, 0.00707579, 0.00707579, 0.00707579,
       0.02001694, 0.02629421, 0.02629421, 0.03234054, 0.03234054,
       0.03234054, 0.03807338, 0.04375714, 0.04928348, 0.05473805,
       0.05473805, 0.06505236, 0.0701022 , 0.07999467, 0.08481782,
       0.09417285, 0.09417285, 0.10764494, 0.11204001, 0.12479737,
       0.14123579, 0.14926958, 0.15313808, 0.16449137, 0.18639172,
       0.1970361 , 0.2106764 , 0.22382637, 0.23344906, 0.24886924,
       0.26961657, 0.29522029, 0.32512817, 0.36184548, 0.38695055,
       0.41294066, 0.44922281, 0.47709743, 0.50738479, 0.53990002,
       0.56517609, 0.61703838, 0.65776023, 0.70877073, 0.74481863,
       0.79134065, 0.81850409, 0.85021615, 0.87912029, 0.90932109,
       0.9423256 , 0.96171563, 0.98410971, 0.99574485, 0.99981419,
       1.        ]), array([0.        , 0.        , 0.        , 0.        , 0.        ,
       0.        , 0.        , 0.        , 0.        , 0.        ,
       0.        , 0.        , 0.        , 0.        , 0.        ,
       0.        , 0.        , 0.        , 0.        , 0.        ,
       0.        , 0.        , 0.        , 0.        , 0.        ,
       0.        , 0.        , 0.        , 0.        , 0.        ,
       0.        , 0.        , 0.        , 0.        , 0.        ,
       0.        , 0.        , 0.        , 0.        , 0.        ,
       0.        , 0.        , 0.        , 0.        , 0.        ,
       0.        , 0.        , 0.        , 0.        , 0.00618576,
       0.00618576, 0.00618576, 0.00618576, 0.00618576, 0.00618576,
       0.01157003, 0.0222333 , 0.0222333 , 0.0222333 , 0.0222333 ,
       0.0222333 , 0.02700873, 0.0316574 , 0.04061593, 0.04495944,
       0.06197286, 0.06613223, 0.07807908, 0.08591255, 0.09352941,
       0.10091874, 0.12210653, 0.14250579, 0.14902665, 0.17120307,
       0.18026892, 0.20389093, 0.22912245, 0.25594685, 0.27393914,
       0.31060722, 0.3501837 , 0.38555464, 0.42919055, 0.46479223,
       0.52067807, 0.55883393, 0.59901491, 0.65871802, 0.69165459,
       0.73797926, 0.78556154, 0.83156649, 0.88262977, 0.92890144,
       0.95627865, 0.97739967, 0.99381671, 0.9987533 , 1.        ,
       1.        ]), array([0.        , 0.        , 0.        , 0.        , 0.        ,
       0.        , 0.        , 0.        , 0.        , 0.        ,
       0.        , 0.        , 0.        , 0.        , 0.        ,
       0.        , 0.        , 0.        , 0.        , 0.        ,
       0.        , 0.        , 0.        , 0.        , 0.        ,
       0.        , 0.        , 0.        , 0.        , 0.        ,
       0.        , 0.        , 0.        , 0.        , 0.        ,
       0.        , 0.        , 0.        , 0.        , 0.        ,
       0.        , 0.        , 0.        , 0.        , 0.        ,
       0.        , 0.        , 0.        , 0.        , 0.        ,
       0.        , 0.        , 0.00612691, 0.00612691, 0.00612691,
       0.00612691, 0.01167515, 0.01714254, 0.01714254, 0.02757714,
       0.03263587, 0.03763075, 0.04244154, 0.04720008, 0.04720008,
       0.04720008, 0.05593797, 0.0643433 , 0.0806973 , 0.09649909,
       0.11554389, 0.11922795, 0.14416334, 0.16145715, 0.18486297,
       0.21670405, 0.22585966, 0.25834229, 0.29228536, 0.30588403,
       0.33675294, 0.38308629, 0.41304481, 0.45243377, 0.47719484,
       0.51033209, 0.54835648, 0.5788386 , 0.61197063, 0.64981095,
       0.6918171 , 0.73845543, 0.78754626, 0.83906748, 0.89646108,
       0.94758901, 0.9751772 , 0.99298693, 0.99882536, 1.        ,
       1.        ]), array([0.        , 0.        , 0.        , 0.        , 0.        ,
       0.        , 0.        , 0.        , 0.        , 0.        ,
       0.        , 0.        , 0.        , 0.        , 0.        ,
       0.        , 0.        , 0.        , 0.        , 0.        ,
       0.        , 0.        , 0.        , 0.        , 0.        ,
       0.        , 0.        , 0.        , 0.        , 0.        ,
       0.        , 0.        , 0.        , 0.        , 0.        ,
       0.        , 0.        , 0.        , 0.        , 0.        ,
       0.        , 0.        , 0.        , 0.        , 0.        ,
       0.00653849, 0.00653849, 0.00653849, 0.00653849, 0.00653849,
       0.00653849, 0.00653849, 0.00653849, 0.01215646, 0.01215646,
       0.01754562, 0.01754562, 0.02271303, 0.03276509, 0.04250509,
       0.04250509, 0.04714828, 0.05170796, 0.0605185 , 0.07333566,
       0.08594   , 0.09406189, 0.11382091, 0.12520916, 0.12888574,
       0.15401032, 0.17481533, 0.18476164, 0.20737726, 0.23544075,
       0.25943861, 0.27096327, 0.30115906, 0.31727268, 0.36057392,
       0.39161318, 0.4169019 , 0.44745392, 0.48233249, 0.50948527,
       0.54961226, 0.58366111, 0.61845682, 0.65098585, 0.69824826,
       0.73761774, 0.78588763, 0.82325623, 0.86831855, 0.91363008,
       0.94569161, 0.97447856, 0.99291319, 0.99874536, 1.        ,
       1.        ])]","[array([0.00000000e+00, 0.00000000e+00, 0.00000000e+00, 0.00000000e+00,
       0.00000000e+00, 0.00000000e+00, 0.00000000e+00, 0.00000000e+00,
       0.00000000e+00, 0.00000000e+00, 0.00000000e+00, 0.00000000e+00,
       0.00000000e+00, 0.00000000e+00, 0.00000000e+00, 0.00000000e+00,
       0.00000000e+00, 0.00000000e+00, 0.00000000e+00, 0.00000000e+00,
       0.00000000e+00, 0.00000000e+00, 0.00000000e+00, 0.00000000e+00,
       0.00000000e+00, 0.00000000e+00, 0.00000000e+00, 0.00000000e+00,
       0.00000000e+00, 0.00000000e+00, 0.00000000e+00, 0.00000000e+00,
       0.00000000e+00, 0.00000000e+00, 0.00000000e+00, 0.00000000e+00,
       0.00000000e+00, 0.00000000e+00, 0.00000000e+00, 0.00000000e+00,
       0.00000000e+00, 0.00000000e+00, 0.00000000e+00, 0.00000000e+00,
       0.00000000e+00, 0.00000000e+00, 0.00000000e+00, 0.00000000e+00,
       0.00000000e+00, 0.00000000e+00, 8.07754433e-04, 8.07754433e-04,
       1.65674636e-03, 2.51528049e-03, 3.38599820e-03, 4.27799030e-03,
       5.18905180e-03, 6.11272919e-03, 7.06195123e-03, 8.97090123e-03,
       8.97090123e-03, 1.19418599e-02, 1.29541296e-02, 1.60250328e-02,
       1.81050914e-02, 2.12812116e-02, 2.45172320e-02, 2.45172320e-02,
       2.56220850e-02, 2.67510329e-02, 2.90374513e-02, 3.36667843e-02,
       3.95227648e-02, 4.30855488e-02, 4.90992605e-02, 6.00763100e-02,
       6.99573066e-02, 8.12561128e-02, 9.39512631e-02, 9.77969499e-02,
       1.17342639e-01, 1.34484382e-01, 1.61189386e-01, 1.82819921e-01,
       2.08819060e-01, 2.25422176e-01, 2.54852212e-01, 2.87438672e-01,
       3.41885270e-01, 4.02730337e-01, 4.46719289e-01, 5.14913381e-01,
       5.73353523e-01, 6.43059207e-01, 7.08839971e-01, 7.89304060e-01,
       8.58078721e-01, 9.11824648e-01, 9.67730500e-01, 9.93495456e-01,
       1.00000000e+00]), array([0.00000000e+00, 0.00000000e+00, 0.00000000e+00, 0.00000000e+00,
       0.00000000e+00, 0.00000000e+00, 0.00000000e+00, 0.00000000e+00,
       0.00000000e+00, 0.00000000e+00, 0.00000000e+00, 0.00000000e+00,
       0.00000000e+00, 0.00000000e+00, 0.00000000e+00, 0.00000000e+00,
       0.00000000e+00, 0.00000000e+00, 0.00000000e+00, 0.00000000e+00,
       0.00000000e+00, 0.00000000e+00, 0.00000000e+00, 0.00000000e+00,
       0.00000000e+00, 0.00000000e+00, 0.00000000e+00, 0.00000000e+00,
       0.00000000e+00, 0.00000000e+00, 0.00000000e+00, 0.00000000e+00,
       0.00000000e+00, 0.00000000e+00, 0.00000000e+00, 0.00000000e+00,
       0.00000000e+00, 0.00000000e+00, 0.00000000e+00, 0.00000000e+00,
       6.44238157e-04, 6.44238157e-04, 6.44238157e-04, 6.44238157e-04,
       6.44238157e-04, 2.10436041e-03, 2.86183377e-03, 2.86183377e-03,
       3.65205500e-03, 3.65205500e-03, 3.65205500e-03, 4.48673143e-03,
       5.32836796e-03, 6.19232810e-03, 7.06646417e-03, 7.06646417e-03,
       8.89908798e-03, 9.83061846e-03, 1.17230619e-02, 1.26867380e-02,
       1.46553934e-02, 1.46553934e-02, 1.76878537e-02, 1.87122343e-02,
       2.18460465e-02, 2.61054910e-02, 2.82615058e-02, 2.93605568e-02,
       3.26934750e-02, 3.94736405e-02, 4.29070866e-02, 4.75633201e-02,
       5.22890858e-02, 5.58674146e-02, 6.19188784e-02, 7.05101761e-02,
       8.17080640e-02, 9.55908515e-02, 1.13450905e-01, 1.26367131e-01,
       1.40805482e-01, 1.62022499e-01, 1.79488871e-01, 1.99908356e-01,
       2.23307172e-01, 2.42789662e-01, 2.86511736e-01, 3.23575454e-01,
       3.74008828e-01, 4.13382968e-01, 4.69395720e-01, 5.06734474e-01,
       5.54961600e-01, 6.05234535e-01, 6.66856990e-01, 7.47853394e-01,
       8.06065997e-01, 8.93509908e-01, 9.59412712e-01, 9.96731094e-01,
       1.00000000e+00]), array([0.00000000e+00, 0.00000000e+00, 0.00000000e+00, 0.00000000e+00,
       0.00000000e+00, 0.00000000e+00, 0.00000000e+00, 0.00000000e+00,
       0.00000000e+00, 0.00000000e+00, 0.00000000e+00, 0.00000000e+00,
       0.00000000e+00, 0.00000000e+00, 0.00000000e+00, 0.00000000e+00,
       0.00000000e+00, 0.00000000e+00, 0.00000000e+00, 0.00000000e+00,
       0.00000000e+00, 0.00000000e+00, 0.00000000e+00, 0.00000000e+00,
       0.00000000e+00, 0.00000000e+00, 0.00000000e+00, 0.00000000e+00,
       0.00000000e+00, 0.00000000e+00, 0.00000000e+00, 0.00000000e+00,
       0.00000000e+00, 0.00000000e+00, 0.00000000e+00, 0.00000000e+00,
       0.00000000e+00, 0.00000000e+00, 0.00000000e+00, 0.00000000e+00,
       0.00000000e+00, 0.00000000e+00, 0.00000000e+00, 0.00000000e+00,
       0.00000000e+00, 0.00000000e+00, 0.00000000e+00, 0.00000000e+00,
       0.00000000e+00, 7.91712410e-04, 7.91712410e-04, 7.91712410e-04,
       7.91712410e-04, 7.91712410e-04, 7.91712410e-04, 1.69348929e-03,
       3.51149635e-03, 3.51149635e-03, 3.51149635e-03, 3.51149635e-03,
       3.51149635e-03, 4.49687924e-03, 5.49966991e-03, 7.55177729e-03,
       8.59647318e-03, 1.28247767e-02, 1.38947595e-02, 1.71776596e-02,
       1.93842636e-02, 2.16206119e-02, 2.38882055e-02, 3.08255907e-02,
       3.78712595e-02, 4.02581136e-02, 4.87008959e-02, 5.23794242e-02,
       6.22648516e-02, 7.35704154e-02, 8.62983998e-02, 9.53157575e-02,
       1.14897772e-01, 1.37362713e-01, 1.58764014e-01, 1.87236136e-01,
       2.11888067e-01, 2.53448422e-01, 2.84314237e-01, 3.19825434e-01,
       3.77273175e-01, 4.12138034e-01, 4.66499463e-01, 5.28893985e-01,
       5.96428584e-01, 6.82962460e-01, 7.73436649e-01, 8.36964628e-01,
       8.99710565e-01, 9.63102465e-01, 9.88683092e-01, 1.00000000e+00,
       1.00000000e+00]), array([0.00000000e+00, 0.00000000e+00, 0.00000000e+00, 0.00000000e+00,
       0.00000000e+00, 0.00000000e+00, 0.00000000e+00, 0.00000000e+00,
       0.00000000e+00, 0.00000000e+00, 0.00000000e+00, 0.00000000e+00,
       0.00000000e+00, 0.00000000e+00, 0.00000000e+00, 0.00000000e+00,
       0.00000000e+00, 0.00000000e+00, 0.00000000e+00, 0.00000000e+00,
       0.00000000e+00, 0.00000000e+00, 0.00000000e+00, 0.00000000e+00,
       0.00000000e+00, 0.00000000e+00, 0.00000000e+00, 0.00000000e+00,
       0.00000000e+00, 0.00000000e+00, 0.00000000e+00, 0.00000000e+00,
       0.00000000e+00, 0.00000000e+00, 0.00000000e+00, 0.00000000e+00,
       0.00000000e+00, 0.00000000e+00, 0.00000000e+00, 0.00000000e+00,
       0.00000000e+00, 0.00000000e+00, 0.00000000e+00, 0.00000000e+00,
       0.00000000e+00, 0.00000000e+00, 0.00000000e+00, 0.00000000e+00,
       0.00000000e+00, 0.00000000e+00, 0.00000000e+00, 0.00000000e+00,
       8.34196331e-04, 8.34196331e-04, 8.34196331e-04, 8.34196331e-04,
       1.74360562e-03, 2.66352474e-03, 2.66352474e-03, 4.56837502e-03,
       5.54141172e-03, 6.52274668e-03, 7.52800933e-03, 8.54006303e-03,
       8.54006303e-03, 8.54006303e-03, 1.06654491e-02, 1.28340598e-02,
       1.72306383e-02, 2.16989907e-02, 2.73763842e-02, 2.85280970e-02,
       3.67009629e-02, 4.26059463e-02, 5.09776218e-02, 6.31445782e-02,
       6.68462295e-02, 8.05603591e-02, 9.57152241e-02, 1.02100495e-01,
       1.17654933e-01, 1.42613251e-01, 1.59916581e-01, 1.84146959e-01,
       2.00495282e-01, 2.23907686e-01, 2.53207108e-01, 2.78595180e-01,
       3.08530503e-01, 3.46006651e-01, 3.92724693e-01, 4.50254572e-01,
       5.18879600e-01, 6.01863773e-01, 7.08543064e-01, 8.22558995e-01,
       8.98870578e-01, 9.63408664e-01, 9.91999878e-01, 1.00000000e+00,
       1.00000000e+00]), array([0.00000000e+00, 0.00000000e+00, 0.00000000e+00, 0.00000000e+00,
       0.00000000e+00, 0.00000000e+00, 0.00000000e+00, 0.00000000e+00,
       0.00000000e+00, 0.00000000e+00, 0.00000000e+00, 0.00000000e+00,
       0.00000000e+00, 0.00000000e+00, 0.00000000e+00, 0.00000000e+00,
       0.00000000e+00, 0.00000000e+00, 0.00000000e+00, 0.00000000e+00,
       0.00000000e+00, 0.00000000e+00, 0.00000000e+00, 0.00000000e+00,
       0.00000000e+00, 0.00000000e+00, 0.00000000e+00, 0.00000000e+00,
       0.00000000e+00, 0.00000000e+00, 0.00000000e+00, 0.00000000e+00,
       0.00000000e+00, 0.00000000e+00, 0.00000000e+00, 0.00000000e+00,
       0.00000000e+00, 0.00000000e+00, 0.00000000e+00, 0.00000000e+00,
       0.00000000e+00, 0.00000000e+00, 0.00000000e+00, 0.00000000e+00,
       0.00000000e+00, 7.31020462e-04, 7.31020462e-04, 7.31020462e-04,
       7.31020462e-04, 7.31020462e-04, 7.31020462e-04, 7.31020462e-04,
       7.31020462e-04, 1.59066144e-03, 1.59066144e-03, 2.48227568e-03,
       2.48227568e-03, 3.40487298e-03, 5.28957793e-03, 7.21788620e-03,
       7.21788620e-03, 8.21373249e-03, 9.22124707e-03, 1.12794274e-02,
       1.44224001e-02, 1.75951092e-02, 1.97495137e-02, 2.52117722e-02,
       2.85544043e-02, 2.96853124e-02, 3.76871109e-02, 4.46478461e-02,
       4.81919563e-02, 5.65443269e-02, 6.74247356e-02, 7.72285978e-02,
       8.21967984e-02, 9.60685240e-02, 1.03684776e-01, 1.25593079e-01,
       1.42636206e-01, 1.57193586e-01, 1.75949423e-01, 1.99034608e-01,
       2.18265413e-01, 2.48840391e-01, 2.76975398e-01, 3.08295304e-01,
       3.39931929e-01, 3.90890066e-01, 4.38017180e-01, 5.01991576e-01,
       5.57621412e-01, 6.35201026e-01, 7.25902850e-01, 8.03654407e-01,
       8.88442031e-01, 9.58229873e-01, 9.88662906e-01, 1.00000000e+00,
       1.00000000e+00])]","[{'lambda_reg': 0.10833638781816698, 'gamma': 0.007583182468315394}, {'lambda_reg': 0.10833638781816698, 'gamma': 0.007583182468315394}, {'lambda_reg': 0.1452824663751603, 'gamma': 0.0070689749506246055}, {'lambda_reg': 0.1452824663751603, 'gamma': 0.0070689749506246055}, {'lambda_reg': 0.1452824663751603, 'gamma': 0.0070689749506246055}]",Outros,cauchy,81
"[np.float64(0.05509582161387415), np.float64(0.044226035770013286), np.float64(0.04929178755977308), np.float64(0.03567017926566027), np.float64(0.0682520891311316)]",0.0505071826680904,0.0109270670753419,"[np.float64(0.0), np.float64(0.0), np.float64(0.0), np.float64(0.0), np.float64(0.0)]",0.0,0.0,"[np.float64(0.5), np.float64(0.5), np.float64(0.5), np.float64(0.5), np.float64(0.5)]",0.5,0.0,"[array([0., 0., 0., 0., 0., 0., 0., 0., 0., 0., 0., 0., 0., 0., 0., 0., 0.,
       0., 0., 0., 0., 0., 0., 0., 0., 0., 0., 0., 0., 0., 0., 0., 0., 0.,
       0., 0., 0., 0., 0., 0., 0., 0., 0., 0., 0., 0., 0., 0., 0., 0., 0.,
       0., 0., 0., 0., 0., 0., 0., 0., 0., 0., 0., 0., 0., 0., 0., 0., 0.,
       0., 0., 0., 0., 0., 0., 0., 0., 0., 0., 0., 0., 0., 0., 0., 0., 0.,
       0., 0., 0., 0., 0., 0., 0., 0., 0., 0., 0., 1., 1., 1., 1., 1.]), array([0., 0., 0., 0., 0., 0., 0., 0., 0., 0., 0., 0., 0., 0., 0., 0., 0.,
       0., 0., 0., 0., 0., 0., 0., 0., 0., 0., 0., 0., 0., 0., 0., 0., 0.,
       0., 0., 0., 0., 0., 0., 0., 0., 0., 0., 0., 0., 0., 0., 0., 0., 0.,
       0., 0., 0., 0., 0., 0., 0., 0., 0., 0., 0., 0., 0., 0., 0., 0., 0.,
       0., 0., 0., 0., 0., 0., 0., 0., 0., 0., 0., 0., 0., 0., 0., 0., 0.,
       0., 0., 0., 0., 0., 0., 0., 0., 0., 0., 0., 1., 1., 1., 1., 1.]), array([0., 0., 0., 0., 0., 0., 0., 0., 0., 0., 0., 0., 0., 0., 0., 0., 0.,
       0., 0., 0., 0., 0., 0., 0., 0., 0., 0., 0., 0., 0., 0., 0., 0., 0.,
       0., 0., 0., 0., 0., 0., 0., 0., 0., 0., 0., 0., 0., 0., 0., 0., 0.,
       0., 0., 0., 0., 0., 0., 0., 0., 0., 0., 0., 0., 0., 0., 0., 0., 0.,
       0., 0., 0., 0., 0., 0., 0., 0., 0., 0., 0., 0., 0., 0., 0., 0., 0.,
       0., 0., 0., 0., 0., 0., 0., 0., 0., 0., 0., 1., 1., 1., 1., 1.]), array([0., 0., 0., 0., 0., 0., 0., 0., 0., 0., 0., 0., 0., 0., 0., 0., 0.,
       0., 0., 0., 0., 0., 0., 0., 0., 0., 0., 0., 0., 0., 0., 0., 0., 0.,
       0., 0., 0., 0., 0., 0., 0., 0., 0., 0., 0., 0., 0., 0., 0., 0., 0.,
       0., 0., 0., 0., 0., 0., 0., 0., 0., 0., 0., 0., 0., 0., 0., 0., 0.,
       0., 0., 0., 0., 0., 0., 0., 0., 0., 0., 0., 0., 0., 0., 0., 0., 0.,
       0., 0., 0., 0., 0., 0., 0., 0., 0., 0., 1., 1., 1., 1., 1., 1.]), array([0., 0., 0., 0., 0., 0., 0., 0., 0., 0., 0., 0., 0., 0., 0., 0., 0.,
       0., 0., 0., 0., 0., 0., 0., 0., 0., 0., 0., 0., 0., 0., 0., 0., 0.,
       0., 0., 0., 0., 0., 0., 0., 0., 0., 0., 0., 0., 0., 0., 0., 0., 0.,
       0., 0., 0., 0., 0., 0., 0., 0., 0., 0., 0., 0., 0., 0., 0., 0., 0.,
       0., 0., 0., 0., 0., 0., 0., 0., 0., 0., 0., 0., 0., 0., 0., 0., 0.,
       0., 0., 0., 0., 0., 0., 0., 0., 0., 0., 1., 1., 1., 1., 1., 1.])]","[array([0., 0., 0., 0., 0., 0., 0., 0., 0., 0., 0., 0., 0., 0., 0., 0., 0.,
       0., 0., 0., 0., 0., 0., 0., 0., 0., 0., 0., 0., 0., 0., 0., 0., 0.,
       0., 0., 0., 0., 0., 0., 0., 0., 0., 0., 0., 0., 0., 0., 0., 0., 0.,
       0., 0., 0., 0., 0., 0., 0., 0., 0., 0., 0., 0., 0., 0., 0., 0., 0.,
       0., 0., 0., 0., 0., 0., 0., 0., 0., 0., 0., 0., 0., 0., 0., 0., 0.,
       0., 0., 0., 0., 0., 0., 0., 0., 0., 0., 0., 1., 1., 1., 1., 1.]), array([0., 0., 0., 0., 0., 0., 0., 0., 0., 0., 0., 0., 0., 0., 0., 0., 0.,
       0., 0., 0., 0., 0., 0., 0., 0., 0., 0., 0., 0., 0., 0., 0., 0., 0.,
       0., 0., 0., 0., 0., 0., 0., 0., 0., 0., 0., 0., 0., 0., 0., 0., 0.,
       0., 0., 0., 0., 0., 0., 0., 0., 0., 0., 0., 0., 0., 0., 0., 0., 0.,
       0., 0., 0., 0., 0., 0., 0., 0., 0., 0., 0., 0., 0., 0., 0., 0., 0.,
       0., 0., 0., 0., 0., 0., 0., 0., 0., 0., 0., 1., 1., 1., 1., 1.]), array([0., 0., 0., 0., 0., 0., 0., 0., 0., 0., 0., 0., 0., 0., 0., 0., 0.,
       0., 0., 0., 0., 0., 0., 0., 0., 0., 0., 0., 0., 0., 0., 0., 0., 0.,
       0., 0., 0., 0., 0., 0., 0., 0., 0., 0., 0., 0., 0., 0., 0., 0., 0.,
       0., 0., 0., 0., 0., 0., 0., 0., 0., 0., 0., 0., 0., 0., 0., 0., 0.,
       0., 0., 0., 0., 0., 0., 0., 0., 0., 0., 0., 0., 0., 0., 0., 0., 0.,
       0., 0., 0., 0., 0., 0., 0., 0., 0., 0., 0., 1., 1., 1., 1., 1.]), array([0., 0., 0., 0., 0., 0., 0., 0., 0., 0., 0., 0., 0., 0., 0., 0., 0.,
       0., 0., 0., 0., 0., 0., 0., 0., 0., 0., 0., 0., 0., 0., 0., 0., 0.,
       0., 0., 0., 0., 0., 0., 0., 0., 0., 0., 0., 0., 0., 0., 0., 0., 0.,
       0., 0., 0., 0., 0., 0., 0., 0., 0., 0., 0., 0., 0., 0., 0., 0., 0.,
       0., 0., 0., 0., 0., 0., 0., 0., 0., 0., 0., 0., 0., 0., 0., 0., 0.,
       0., 0., 0., 0., 0., 0., 0., 0., 0., 0., 1., 1., 1., 1., 1., 1.]), array([0., 0., 0., 0., 0., 0., 0., 0., 0., 0., 0., 0., 0., 0., 0., 0., 0.,
       0., 0., 0., 0., 0., 0., 0., 0., 0., 0., 0., 0., 0., 0., 0., 0., 0.,
       0., 0., 0., 0., 0., 0., 0., 0., 0., 0., 0., 0., 0., 0., 0., 0., 0.,
       0., 0., 0., 0., 0., 0., 0., 0., 0., 0., 0., 0., 0., 0., 0., 0., 0.,
       0., 0., 0., 0., 0., 0., 0., 0., 0., 0., 0., 0., 0., 0., 0., 0., 0.,
       0., 0., 0., 0., 0., 0., 0., 0., 0., 0., 1., 1., 1., 1., 1., 1.])]","[{'lambda_reg': 0.8398458557192927, 'gamma': 0.20473559944166517, 'coef0': -1.6520482377676382}, {'lambda_reg': 0.5797039823228968, 'gamma': 0.1617831083999835, 'coef0': -1.6394328092202446}, {'lambda_reg': 0.03129273150205428, 'gamma': 0.0011520489947554333, 'coef0': 4.0766479528251764}, {'lambda_reg': 0.9858911056869908, 'gamma': 0.04920853100507526, 'coef0': -2.2551502671751917}, {'lambda_reg': 0.0014445251022763056, 'gamma': 0.014618962793704957, 'coef0': 1.118528947223795}]",Campina_Grande,sigmoid,68
"[np.float64(0.1349052591133005), np.float64(0.09644319223841918), np.float64(0.11127367753906166), np.float64(0.13010135312101914), np.float64(0.097190906743338)]",0.1139828777510277,0.0160903816866736,"[np.float64(0.6510008905842741), np.float64(0.6262892196606552), np.float64(0.6571808098284982), np.float64(0.6328494708698679), np.float64(0.6311843041336053)]",0.6397009390153802,0.0121044181240651,"[np.float64(0.6480775425892803), np.float64(0.6708635530122814), np.float64(0.6516535949550631), np.float64(0.6677826440635094), np.float64(0.5850844311998737)]",0.6446923531640016,0.0310841309703928,"[array([0.        , 0.        , 0.        , 0.        , 0.        ,
       0.        , 0.        , 0.        , 0.        , 0.        ,
       0.        , 0.        , 0.        , 0.        , 0.        ,
       0.        , 0.        , 0.        , 0.        , 0.        ,
       0.        , 0.        , 0.        , 0.        , 0.        ,
       0.        , 0.        , 0.        , 0.        , 0.        ,
       0.        , 0.        , 0.        , 0.        , 0.        ,
       0.        , 0.        , 0.        , 0.        , 0.        ,
       0.        , 0.        , 0.        , 0.        , 0.        ,
       0.        , 0.        , 0.        , 0.        , 0.        ,
       0.        , 0.        , 0.00580327, 0.00580327, 0.00580327,
       0.00580327, 0.00580327, 0.00580327, 0.00580327, 0.00580327,
       0.00580327, 0.00580327, 0.00580327, 0.00580327, 0.00580327,
       0.00580327, 0.00580327, 0.00580327, 0.00580327, 0.00580327,
       0.00580327, 0.00580327, 0.00923783, 0.02565738, 0.0319761 ,
       0.07453688, 0.10976065, 0.13509231, 0.18373774, 0.23514287,
       0.2645131 , 0.30411772, 0.35275113, 0.38823566, 0.40799699,
       0.43408203, 0.45498982, 0.49362731, 0.5543211 , 0.64669187,
       0.72951663, 0.78628737, 0.83100737, 0.89286461, 0.96791769,
       0.99475507, 0.9992431 , 0.99965489, 1.        , 1.        ,
       1.        ]), array([0.01150182, 0.01150182, 0.01150182, 0.01150182, 0.01150182,
       0.01150182, 0.01150182, 0.01150182, 0.01150182, 0.01150182,
       0.01150182, 0.01150182, 0.01150182, 0.01150182, 0.01150182,
       0.01150182, 0.01150182, 0.01150182, 0.01150182, 0.01150182,
       0.01150182, 0.01150182, 0.01150182, 0.01150182, 0.01150182,
       0.01150182, 0.01150182, 0.01150182, 0.01150182, 0.01150182,
       0.01150182, 0.01150182, 0.01150182, 0.01150182, 0.01150182,
       0.01150182, 0.01150182, 0.01150182, 0.01150182, 0.01150182,
       0.01150182, 0.01150182, 0.01150182, 0.01150182, 0.01150182,
       0.01150182, 0.01150182, 0.01150182, 0.01150182, 0.01150182,
       0.01150182, 0.01150182, 0.01150182, 0.01150182, 0.01150182,
       0.01150182, 0.01150182, 0.01150182, 0.01150182, 0.01150182,
       0.01150182, 0.01601976, 0.01601976, 0.01601976, 0.01601976,
       0.01601976, 0.01601976, 0.01601976, 0.01971462, 0.01971462,
       0.03031161, 0.04383557, 0.07325824, 0.10798238, 0.12930952,
       0.17625627, 0.1988979 , 0.22317729, 0.24642509, 0.27354335,
       0.30876495, 0.34687606, 0.37025602, 0.40445295, 0.45914983,
       0.49317155, 0.55993723, 0.61079849, 0.64407838, 0.69033442,
       0.7372308 , 0.80176862, 0.84677771, 0.90877506, 0.94936739,
       0.97753659, 0.99281464, 0.99724752, 0.99943069, 1.        ,
       1.        ]), array([0.        , 0.        , 0.        , 0.        , 0.        ,
       0.        , 0.        , 0.        , 0.        , 0.        ,
       0.        , 0.        , 0.        , 0.        , 0.        ,
       0.        , 0.        , 0.        , 0.        , 0.        ,
       0.        , 0.        , 0.        , 0.        , 0.        ,
       0.        , 0.        , 0.        , 0.        , 0.        ,
       0.        , 0.        , 0.        , 0.        , 0.        ,
       0.        , 0.        , 0.        , 0.        , 0.        ,
       0.        , 0.        , 0.        , 0.        , 0.        ,
       0.        , 0.        , 0.        , 0.        , 0.        ,
       0.        , 0.        , 0.        , 0.        , 0.        ,
       0.        , 0.        , 0.        , 0.        , 0.        ,
       0.        , 0.        , 0.        , 0.        , 0.        ,
       0.        , 0.        , 0.        , 0.        , 0.        ,
       0.        , 0.        , 0.        , 0.03209607, 0.06270311,
       0.09502226, 0.14878297, 0.18146386, 0.21552313, 0.25772549,
       0.29827671, 0.322969  , 0.34863705, 0.38720201, 0.42353919,
       0.45402643, 0.49920491, 0.56326068, 0.63120475, 0.68825592,
       0.73934755, 0.7839235 , 0.86903084, 0.93416654, 0.96470303,
       0.98403735, 0.99762964, 0.99932827, 0.99993657, 0.99993657,
       1.        ]), array([0.        , 0.        , 0.        , 0.        , 0.        ,
       0.        , 0.        , 0.        , 0.        , 0.        ,
       0.        , 0.        , 0.        , 0.        , 0.        ,
       0.        , 0.        , 0.        , 0.        , 0.        ,
       0.        , 0.        , 0.        , 0.        , 0.        ,
       0.        , 0.        , 0.        , 0.        , 0.        ,
       0.        , 0.        , 0.        , 0.        , 0.        ,
       0.        , 0.        , 0.        , 0.00767874, 0.00767874,
       0.00767874, 0.00767874, 0.00767874, 0.00767874, 0.00767874,
       0.00767874, 0.00767874, 0.00767874, 0.00767874, 0.00767874,
       0.00767874, 0.00767874, 0.00767874, 0.00767874, 0.00767874,
       0.00767874, 0.00767874, 0.00767874, 0.00767874, 0.00767874,
       0.00767874, 0.00767874, 0.00767874, 0.00767874, 0.00767874,
       0.00767874, 0.00767874, 0.00767874, 0.00767874, 0.00767874,
       0.01142605, 0.02598938, 0.04686335, 0.08076925, 0.10357669,
       0.13171082, 0.17980164, 0.23198911, 0.26511225, 0.29937469,
       0.3245738 , 0.34619227, 0.36662358, 0.39026121, 0.42247614,
       0.44349417, 0.45792058, 0.48790434, 0.55664806, 0.63318194,
       0.68496416, 0.73674972, 0.79935478, 0.87711049, 0.9343822 ,
       0.9802305 , 0.9971847 , 0.99936095, 0.99971019, 0.99995025,
       1.        ]), array([0.        , 0.01107435, 0.01107435, 0.01107435, 0.01107435,
       0.01107435, 0.01107435, 0.01107435, 0.01107435, 0.01107435,
       0.01107435, 0.01107435, 0.01107435, 0.01107435, 0.01107435,
       0.01107435, 0.01107435, 0.01107435, 0.01107435, 0.01107435,
       0.01107435, 0.01107435, 0.01107435, 0.01107435, 0.01107435,
       0.01107435, 0.01107435, 0.01107435, 0.01107435, 0.01107435,
       0.01107435, 0.01107435, 0.01107435, 0.01107435, 0.01107435,
       0.01107435, 0.01107435, 0.01107435, 0.01107435, 0.01107435,
       0.01107435, 0.01107435, 0.01107435, 0.01107435, 0.01107435,
       0.01724001, 0.01724001, 0.01724001, 0.01724001, 0.01724001,
       0.01724001, 0.01724001, 0.01724001, 0.01724001, 0.01724001,
       0.01724001, 0.01724001, 0.01724001, 0.01724001, 0.01724001,
       0.01724001, 0.01724001, 0.01724001, 0.01724001, 0.01724001,
       0.01724001, 0.01724001, 0.01724001, 0.02086298, 0.02439553,
       0.02439553, 0.02439553, 0.02439553, 0.03043521, 0.03627812,
       0.0419397 , 0.0446027 , 0.04976486, 0.0546975 , 0.06183621,
       0.06635688, 0.08129327, 0.08947109, 0.10699203, 0.13968501,
       0.25728644, 0.41248905, 0.63245515, 0.76731026, 0.86706736,
       0.90677166, 0.9321463 , 0.93953468, 0.96910832, 0.99439215,
       0.99805992, 0.99956053, 1.        , 1.        , 1.        ,
       1.        ])]","[array([0.00000000e+00, 0.00000000e+00, 0.00000000e+00, 0.00000000e+00,
       0.00000000e+00, 0.00000000e+00, 0.00000000e+00, 0.00000000e+00,
       0.00000000e+00, 0.00000000e+00, 0.00000000e+00, 0.00000000e+00,
       0.00000000e+00, 0.00000000e+00, 0.00000000e+00, 0.00000000e+00,
       0.00000000e+00, 0.00000000e+00, 0.00000000e+00, 0.00000000e+00,
       0.00000000e+00, 0.00000000e+00, 0.00000000e+00, 0.00000000e+00,
       0.00000000e+00, 0.00000000e+00, 0.00000000e+00, 0.00000000e+00,
       0.00000000e+00, 0.00000000e+00, 0.00000000e+00, 0.00000000e+00,
       0.00000000e+00, 0.00000000e+00, 0.00000000e+00, 0.00000000e+00,
       0.00000000e+00, 0.00000000e+00, 0.00000000e+00, 0.00000000e+00,
       0.00000000e+00, 0.00000000e+00, 0.00000000e+00, 0.00000000e+00,
       0.00000000e+00, 0.00000000e+00, 0.00000000e+00, 0.00000000e+00,
       0.00000000e+00, 0.00000000e+00, 0.00000000e+00, 0.00000000e+00,
       8.45079970e-04, 8.45079970e-04, 8.45079970e-04, 8.45079970e-04,
       8.45079970e-04, 8.45079970e-04, 8.45079970e-04, 8.45079970e-04,
       8.45079970e-04, 8.45079970e-04, 8.45079970e-04, 8.45079970e-04,
       8.45079970e-04, 8.45079970e-04, 8.45079970e-04, 8.45079970e-04,
       8.45079970e-04, 8.45079970e-04, 8.45079970e-04, 8.45079970e-04,
       2.01497959e-03, 7.96777118e-03, 1.03830468e-02, 2.75190186e-02,
       4.23793527e-02, 5.36735500e-02, 7.65386553e-02, 1.02307083e-01,
       1.17970111e-01, 1.40434099e-01, 1.69864372e-01, 1.92893346e-01,
       2.06592279e-01, 2.25987563e-01, 2.42811042e-01, 2.76893810e-01,
       3.35846961e-01, 4.33119131e-01, 5.30059462e-01, 6.04318496e-01,
       6.70384764e-01, 7.75123003e-01, 9.22355451e-01, 9.84310439e-01,
       9.96822034e-01, 9.98406446e-01, 1.00000000e+00, 1.00000000e+00,
       1.00000000e+00]), array([0.        , 0.        , 0.        , 0.        , 0.        ,
       0.        , 0.        , 0.        , 0.        , 0.        ,
       0.        , 0.        , 0.        , 0.        , 0.        ,
       0.        , 0.        , 0.        , 0.        , 0.        ,
       0.        , 0.        , 0.        , 0.        , 0.        ,
       0.        , 0.        , 0.        , 0.        , 0.        ,
       0.        , 0.        , 0.        , 0.        , 0.        ,
       0.        , 0.        , 0.        , 0.        , 0.        ,
       0.        , 0.        , 0.        , 0.        , 0.        ,
       0.        , 0.        , 0.        , 0.        , 0.        ,
       0.        , 0.        , 0.        , 0.        , 0.        ,
       0.        , 0.        , 0.        , 0.        , 0.        ,
       0.        , 0.00100188, 0.00100188, 0.00100188, 0.00100188,
       0.00100188, 0.00100188, 0.00100188, 0.00212184, 0.00212184,
       0.00555166, 0.0102116 , 0.02084081, 0.03400951, 0.04250006,
       0.0621654 , 0.07211738, 0.08348443, 0.09499947, 0.10925928,
       0.12895666, 0.15153953, 0.16633563, 0.18948002, 0.22948367,
       0.25595321, 0.31237561, 0.35952955, 0.39270554, 0.44382014,
       0.50144292, 0.5895351 , 0.65897868, 0.76888543, 0.8521627 ,
       0.92072206, 0.96638059, 0.98389477, 0.99513164, 1.        ,
       1.        ]), array([0.        , 0.        , 0.        , 0.        , 0.        ,
       0.        , 0.        , 0.        , 0.        , 0.        ,
       0.        , 0.        , 0.        , 0.        , 0.        ,
       0.        , 0.        , 0.        , 0.        , 0.        ,
       0.        , 0.        , 0.        , 0.        , 0.        ,
       0.        , 0.        , 0.        , 0.        , 0.        ,
       0.        , 0.        , 0.        , 0.        , 0.        ,
       0.        , 0.        , 0.        , 0.        , 0.        ,
       0.        , 0.        , 0.        , 0.        , 0.        ,
       0.        , 0.        , 0.        , 0.        , 0.        ,
       0.        , 0.        , 0.        , 0.        , 0.        ,
       0.        , 0.        , 0.        , 0.        , 0.        ,
       0.        , 0.        , 0.        , 0.        , 0.        ,
       0.        , 0.        , 0.        , 0.        , 0.        ,
       0.        , 0.        , 0.        , 0.01191704, 0.02404589,
       0.03757946, 0.06124913, 0.07637952, 0.09296209, 0.11497939,
       0.13723156, 0.15185005, 0.167978  , 0.19380924, 0.21995739,
       0.24364115, 0.28171777, 0.34018484, 0.40798841, 0.47074842,
       0.5327079 , 0.59394595, 0.72523874, 0.83959326, 0.90118015,
       0.94787787, 0.98879931, 0.99515075, 0.99836076, 0.99836076,
       1.        ]), array([0.00000000e+00, 0.00000000e+00, 0.00000000e+00, 0.00000000e+00,
       0.00000000e+00, 0.00000000e+00, 0.00000000e+00, 0.00000000e+00,
       0.00000000e+00, 0.00000000e+00, 0.00000000e+00, 0.00000000e+00,
       0.00000000e+00, 0.00000000e+00, 0.00000000e+00, 0.00000000e+00,
       0.00000000e+00, 0.00000000e+00, 0.00000000e+00, 0.00000000e+00,
       0.00000000e+00, 0.00000000e+00, 0.00000000e+00, 0.00000000e+00,
       0.00000000e+00, 0.00000000e+00, 0.00000000e+00, 0.00000000e+00,
       0.00000000e+00, 0.00000000e+00, 0.00000000e+00, 0.00000000e+00,
       0.00000000e+00, 0.00000000e+00, 0.00000000e+00, 0.00000000e+00,
       0.00000000e+00, 0.00000000e+00, 6.16021704e-04, 6.16021704e-04,
       6.16021704e-04, 6.16021704e-04, 6.16021704e-04, 6.16021704e-04,
       6.16021704e-04, 6.16021704e-04, 6.16021704e-04, 6.16021704e-04,
       6.16021704e-04, 6.16021704e-04, 6.16021704e-04, 6.16021704e-04,
       6.16021704e-04, 6.16021704e-04, 6.16021704e-04, 6.16021704e-04,
       6.16021704e-04, 6.16021704e-04, 6.16021704e-04, 6.16021704e-04,
       6.16021704e-04, 6.16021704e-04, 6.16021704e-04, 6.16021704e-04,
       6.16021704e-04, 6.16021704e-04, 6.16021704e-04, 6.16021704e-04,
       6.16021704e-04, 6.16021704e-04, 1.75342702e-03, 6.35953280e-03,
       1.33974677e-02, 2.52446028e-02, 3.36604942e-02, 4.46387055e-02,
       6.44108739e-02, 8.69084879e-02, 1.02128175e-01, 1.18831140e-01,
       1.31832964e-01, 1.43675277e-01, 1.55675033e-01, 1.70518310e-01,
       1.92395929e-01, 2.07586615e-01, 2.18748366e-01, 2.44190623e-01,
       3.08620587e-01, 3.86726766e-01, 4.45234296e-01, 5.10278869e-01,
       6.00038509e-01, 7.27013792e-01, 8.37093195e-01, 9.40515706e-01,
       9.87298392e-01, 9.95181636e-01, 9.96769692e-01, 9.98372226e-01,
       1.00000000e+00]), array([0.00000000e+000, 4.54566334e-153, 4.54566334e-153, 4.54566334e-153,
       4.54566334e-153, 4.54566334e-153, 4.54566334e-153, 4.54566334e-153,
       4.54566334e-153, 4.54566334e-153, 4.54566334e-153, 4.54566334e-153,
       4.54566334e-153, 4.54566334e-153, 4.54566334e-153, 4.54566334e-153,
       4.54566334e-153, 4.54566334e-153, 4.54566334e-153, 4.54566334e-153,
       4.54566334e-153, 4.54566334e-153, 4.54566334e-153, 4.54566334e-153,
       4.54566334e-153, 4.54566334e-153, 4.54566334e-153, 4.54566334e-153,
       4.54566334e-153, 4.54566334e-153, 4.54566334e-153, 4.54566334e-153,
       4.54566334e-153, 4.54566334e-153, 4.54566334e-153, 4.54566334e-153,
       4.54566334e-153, 4.54566334e-153, 4.54566334e-153, 4.54566334e-153,
       4.54566334e-153, 4.54566334e-153, 4.54566334e-153, 4.54566334e-153,
       4.54566334e-153, 7.35435444e-004, 7.35435444e-004, 7.35435444e-004,
       7.35435444e-004, 7.35435444e-004, 7.35435444e-004, 7.35435444e-004,
       7.35435444e-004, 7.35435444e-004, 7.35435444e-004, 7.35435444e-004,
       7.35435444e-004, 7.35435444e-004, 7.35435444e-004, 7.35435444e-004,
       7.35435444e-004, 7.35435444e-004, 7.35435444e-004, 7.35435444e-004,
       7.35435444e-004, 7.35435444e-004, 7.35435444e-004, 7.35435444e-004,
       1.85182734e-003, 2.98176531e-003, 2.98176531e-003, 2.98176531e-003,
       2.98176531e-003, 5.39527239e-003, 7.83826112e-003, 1.03084182e-002,
       1.15686353e-002, 1.41136166e-002, 1.66929851e-002, 2.06010301e-002,
       2.32421211e-002, 3.26186777e-002, 3.80302366e-002, 5.03379605e-002,
       7.53053298e-002, 1.72170463e-001, 3.09859571e-001, 5.20805435e-001,
       6.61543076e-001, 7.76014481e-001, 8.26478541e-001, 8.62497551e-001,
       8.74664173e-001, 9.29964438e-001, 9.84248218e-001, 9.93653881e-001,
       9.98406646e-001, 1.00000000e+000, 1.00000000e+000, 1.00000000e+000,
       1.00000000e+000])]","[{'lambda_reg': 0.8022983593962352}, {'lambda_reg': 0.010129197956845729}, {'lambda_reg': 0.21423021757741043}, {'lambda_reg': 0.12188739151246072}, {'lambda_reg': 0.010129197956845729}]",Outros,linear,77
"[np.float64(0.05252418874599014), np.float64(0.045168920225734925), np.float64(0.049693829313427994), np.float64(0.035871756391146724), np.float64(0.058943950443280074)]",0.0484405290239159,0.0077103355241743,"[np.float64(0.889893491120809), np.float64(0.6353660229317268), np.float64(0.6055197793259318), np.float64(0.6414787104262175), np.float64(0.8546295364795871)]",0.7253775080568545,0.1210607668650115,"[np.float64(0.8172006761771012), np.float64(0.7680815189889945), np.float64(0.7372443286797852), np.float64(0.7041103989528141), np.float64(0.7942448460983893)]",0.764176353779417,0.0401601698616488,"[array([0.        , 0.        , 0.        , 0.        , 0.        ,
       0.        , 0.        , 0.        , 0.        , 0.        ,
       0.        , 0.        , 0.        , 0.        , 0.        ,
       0.        , 0.        , 0.        , 0.        , 0.        ,
       0.        , 0.        , 0.        , 0.        , 0.        ,
       0.        , 0.        , 0.        , 0.        , 0.        ,
       0.        , 0.        , 0.        , 0.        , 0.        ,
       0.        , 0.        , 0.        , 0.        , 0.        ,
       0.        , 0.        , 0.        , 0.        , 0.        ,
       0.        , 0.        , 0.        , 0.        , 0.        ,
       0.        , 0.        , 0.        , 0.        , 0.        ,
       0.        , 0.        , 0.        , 0.        , 0.        ,
       0.        , 0.        , 0.        , 0.        , 0.        ,
       0.        , 0.        , 0.        , 0.        , 0.        ,
       0.        , 0.        , 0.        , 0.        , 0.        ,
       0.        , 0.        , 0.        , 0.        , 0.        ,
       0.        , 0.        , 0.        , 0.        , 0.        ,
       0.        , 0.        , 0.        , 0.        , 0.        ,
       0.        , 0.        , 0.09936106, 0.18348455, 0.28208745,
       0.51359202, 0.61618455, 0.68800863, 0.78654321, 0.92029792,
       1.        ]), array([0.        , 0.        , 0.        , 0.        , 0.        ,
       0.        , 0.        , 0.        , 0.        , 0.        ,
       0.        , 0.        , 0.        , 0.        , 0.        ,
       0.        , 0.        , 0.        , 0.        , 0.        ,
       0.        , 0.        , 0.        , 0.        , 0.        ,
       0.        , 0.        , 0.        , 0.        , 0.        ,
       0.        , 0.        , 0.        , 0.        , 0.        ,
       0.        , 0.        , 0.        , 0.        , 0.        ,
       0.        , 0.        , 0.        , 0.        , 0.        ,
       0.        , 0.        , 0.        , 0.        , 0.        ,
       0.        , 0.        , 0.        , 0.        , 0.        ,
       0.        , 0.        , 0.        , 0.        , 0.        ,
       0.        , 0.        , 0.        , 0.        , 0.        ,
       0.        , 0.        , 0.        , 0.        , 0.        ,
       0.        , 0.        , 0.        , 0.        , 0.        ,
       0.        , 0.        , 0.        , 0.        , 0.        ,
       0.        , 0.        , 0.        , 0.        , 0.        ,
       0.        , 0.        , 0.        , 0.        , 0.        ,
       0.        , 0.        , 0.        , 0.03578969, 0.13009343,
       0.18437316, 0.29212909, 0.42814329, 0.6779077 , 0.84887628,
       1.        ]), array([0.        , 0.        , 0.        , 0.        , 0.        ,
       0.        , 0.        , 0.        , 0.        , 0.        ,
       0.        , 0.        , 0.        , 0.        , 0.        ,
       0.        , 0.        , 0.        , 0.        , 0.        ,
       0.        , 0.        , 0.        , 0.        , 0.        ,
       0.        , 0.        , 0.        , 0.        , 0.        ,
       0.        , 0.        , 0.        , 0.        , 0.        ,
       0.        , 0.        , 0.        , 0.        , 0.        ,
       0.        , 0.        , 0.        , 0.        , 0.        ,
       0.        , 0.        , 0.        , 0.        , 0.        ,
       0.        , 0.        , 0.        , 0.        , 0.        ,
       0.        , 0.        , 0.        , 0.        , 0.        ,
       0.        , 0.        , 0.        , 0.        , 0.        ,
       0.        , 0.        , 0.        , 0.        , 0.        ,
       0.        , 0.        , 0.        , 0.        , 0.        ,
       0.        , 0.        , 0.        , 0.        , 0.        ,
       0.        , 0.        , 0.        , 0.        , 0.        ,
       0.        , 0.        , 0.        , 0.        , 0.        ,
       0.        , 0.        , 0.        , 0.        , 0.04510489,
       0.17980644, 0.32723329, 0.48420272, 0.73298216, 0.90509095,
       1.        ]), array([0.        , 0.        , 0.        , 0.        , 0.        ,
       0.        , 0.        , 0.        , 0.        , 0.        ,
       0.        , 0.        , 0.        , 0.        , 0.        ,
       0.        , 0.        , 0.        , 0.        , 0.        ,
       0.        , 0.        , 0.        , 0.        , 0.        ,
       0.        , 0.        , 0.        , 0.        , 0.        ,
       0.        , 0.        , 0.        , 0.        , 0.        ,
       0.        , 0.        , 0.        , 0.        , 0.        ,
       0.        , 0.        , 0.        , 0.        , 0.        ,
       0.        , 0.        , 0.        , 0.        , 0.        ,
       0.        , 0.        , 0.        , 0.        , 0.        ,
       0.        , 0.        , 0.        , 0.        , 0.        ,
       0.        , 0.        , 0.        , 0.        , 0.        ,
       0.        , 0.        , 0.        , 0.        , 0.        ,
       0.        , 0.        , 0.        , 0.        , 0.        ,
       0.        , 0.        , 0.        , 0.        , 0.        ,
       0.        , 0.        , 0.        , 0.        , 0.        ,
       0.        , 0.        , 0.        , 0.        , 0.        ,
       0.        , 0.        , 0.        , 0.        , 0.02571761,
       0.08780522, 0.15652422, 0.38696009, 0.63193026, 0.90214175,
       1.        ]), array([0.        , 0.        , 0.        , 0.        , 0.        ,
       0.        , 0.        , 0.        , 0.        , 0.        ,
       0.        , 0.        , 0.        , 0.        , 0.        ,
       0.        , 0.        , 0.        , 0.        , 0.        ,
       0.        , 0.        , 0.        , 0.        , 0.        ,
       0.        , 0.        , 0.        , 0.        , 0.        ,
       0.        , 0.        , 0.        , 0.        , 0.        ,
       0.        , 0.        , 0.        , 0.        , 0.        ,
       0.        , 0.        , 0.        , 0.        , 0.        ,
       0.        , 0.        , 0.        , 0.        , 0.        ,
       0.        , 0.        , 0.        , 0.        , 0.        ,
       0.        , 0.        , 0.        , 0.        , 0.        ,
       0.        , 0.        , 0.        , 0.        , 0.        ,
       0.        , 0.        , 0.        , 0.        , 0.        ,
       0.03415283, 0.06775824, 0.06775824, 0.06775824, 0.12838109,
       0.12838109, 0.12838109, 0.15503505, 0.20550471, 0.22980534,
       0.25358383, 0.29879105, 0.29879105, 0.31860067, 0.33794501,
       0.3736937 , 0.40651064, 0.43710377, 0.49319367, 0.51914267,
       0.54243878, 0.59630257, 0.64530741, 0.67038081, 0.72907983,
       0.79022068, 0.8365472 , 0.89153387, 0.94399137, 0.9800734 ,
       1.        ])]","[array([0.        , 0.        , 0.        , 0.        , 0.        ,
       0.        , 0.        , 0.        , 0.        , 0.        ,
       0.        , 0.        , 0.        , 0.        , 0.        ,
       0.        , 0.        , 0.        , 0.        , 0.        ,
       0.        , 0.        , 0.        , 0.        , 0.        ,
       0.        , 0.        , 0.        , 0.        , 0.        ,
       0.        , 0.        , 0.        , 0.        , 0.        ,
       0.        , 0.        , 0.        , 0.        , 0.        ,
       0.        , 0.        , 0.        , 0.        , 0.        ,
       0.        , 0.        , 0.        , 0.        , 0.        ,
       0.        , 0.        , 0.        , 0.        , 0.        ,
       0.        , 0.        , 0.        , 0.        , 0.        ,
       0.        , 0.        , 0.        , 0.        , 0.        ,
       0.        , 0.        , 0.        , 0.        , 0.        ,
       0.        , 0.        , 0.        , 0.        , 0.        ,
       0.        , 0.        , 0.        , 0.        , 0.        ,
       0.        , 0.        , 0.        , 0.        , 0.        ,
       0.        , 0.        , 0.        , 0.        , 0.        ,
       0.        , 0.        , 0.01798524, 0.03623133, 0.0607916 ,
       0.12901118, 0.16662727, 0.19820801, 0.26214179, 0.41734143,
       1.        ]), array([0.        , 0.        , 0.        , 0.        , 0.        ,
       0.        , 0.        , 0.        , 0.        , 0.        ,
       0.        , 0.        , 0.        , 0.        , 0.        ,
       0.        , 0.        , 0.        , 0.        , 0.        ,
       0.        , 0.        , 0.        , 0.        , 0.        ,
       0.        , 0.        , 0.        , 0.        , 0.        ,
       0.        , 0.        , 0.        , 0.        , 0.        ,
       0.        , 0.        , 0.        , 0.        , 0.        ,
       0.        , 0.        , 0.        , 0.        , 0.        ,
       0.        , 0.        , 0.        , 0.        , 0.        ,
       0.        , 0.        , 0.        , 0.        , 0.        ,
       0.        , 0.        , 0.        , 0.        , 0.        ,
       0.        , 0.        , 0.        , 0.        , 0.        ,
       0.        , 0.        , 0.        , 0.        , 0.        ,
       0.        , 0.        , 0.        , 0.        , 0.        ,
       0.        , 0.        , 0.        , 0.        , 0.        ,
       0.        , 0.        , 0.        , 0.        , 0.        ,
       0.        , 0.        , 0.        , 0.        , 0.        ,
       0.        , 0.        , 0.        , 0.0060576 , 0.02440588,
       0.03675342, 0.06799754, 0.11847694, 0.25896428, 0.40704811,
       1.        ]), array([0.        , 0.        , 0.        , 0.        , 0.        ,
       0.        , 0.        , 0.        , 0.        , 0.        ,
       0.        , 0.        , 0.        , 0.        , 0.        ,
       0.        , 0.        , 0.        , 0.        , 0.        ,
       0.        , 0.        , 0.        , 0.        , 0.        ,
       0.        , 0.        , 0.        , 0.        , 0.        ,
       0.        , 0.        , 0.        , 0.        , 0.        ,
       0.        , 0.        , 0.        , 0.        , 0.        ,
       0.        , 0.        , 0.        , 0.        , 0.        ,
       0.        , 0.        , 0.        , 0.        , 0.        ,
       0.        , 0.        , 0.        , 0.        , 0.        ,
       0.        , 0.        , 0.        , 0.        , 0.        ,
       0.        , 0.        , 0.        , 0.        , 0.        ,
       0.        , 0.        , 0.        , 0.        , 0.        ,
       0.        , 0.        , 0.        , 0.        , 0.        ,
       0.        , 0.        , 0.        , 0.        , 0.        ,
       0.        , 0.        , 0.        , 0.        , 0.        ,
       0.        , 0.        , 0.        , 0.        , 0.        ,
       0.        , 0.        , 0.        , 0.        , 0.01232596,
       0.05588209, 0.11234464, 0.18833792, 0.3611944 , 0.56169439,
       1.        ]), array([0.        , 0.        , 0.        , 0.        , 0.        ,
       0.        , 0.        , 0.        , 0.        , 0.        ,
       0.        , 0.        , 0.        , 0.        , 0.        ,
       0.        , 0.        , 0.        , 0.        , 0.        ,
       0.        , 0.        , 0.        , 0.        , 0.        ,
       0.        , 0.        , 0.        , 0.        , 0.        ,
       0.        , 0.        , 0.        , 0.        , 0.        ,
       0.        , 0.        , 0.        , 0.        , 0.        ,
       0.        , 0.        , 0.        , 0.        , 0.        ,
       0.        , 0.        , 0.        , 0.        , 0.        ,
       0.        , 0.        , 0.        , 0.        , 0.        ,
       0.        , 0.        , 0.        , 0.        , 0.        ,
       0.        , 0.        , 0.        , 0.        , 0.        ,
       0.        , 0.        , 0.        , 0.        , 0.        ,
       0.        , 0.        , 0.        , 0.        , 0.        ,
       0.        , 0.        , 0.        , 0.        , 0.        ,
       0.        , 0.        , 0.        , 0.        , 0.        ,
       0.        , 0.        , 0.        , 0.        , 0.        ,
       0.        , 0.        , 0.        , 0.        , 0.00612813,
       0.02476548, 0.04985142, 0.15750128, 0.32394654, 0.6342866 ,
       1.        ]), array([0.        , 0.        , 0.        , 0.        , 0.        ,
       0.        , 0.        , 0.        , 0.        , 0.        ,
       0.        , 0.        , 0.        , 0.        , 0.        ,
       0.        , 0.        , 0.        , 0.        , 0.        ,
       0.        , 0.        , 0.        , 0.        , 0.        ,
       0.        , 0.        , 0.        , 0.        , 0.        ,
       0.        , 0.        , 0.        , 0.        , 0.        ,
       0.        , 0.        , 0.        , 0.        , 0.        ,
       0.        , 0.        , 0.        , 0.        , 0.        ,
       0.        , 0.        , 0.        , 0.        , 0.        ,
       0.        , 0.        , 0.        , 0.        , 0.        ,
       0.        , 0.        , 0.        , 0.        , 0.        ,
       0.        , 0.        , 0.        , 0.        , 0.        ,
       0.        , 0.        , 0.        , 0.        , 0.        ,
       0.00478675, 0.0096064 , 0.0096064 , 0.0096064 , 0.01964164,
       0.01964164, 0.01964164, 0.02487907, 0.03552453, 0.0409034 ,
       0.04631365, 0.05727539, 0.05727539, 0.06292417, 0.06860092,
       0.08013112, 0.09183751, 0.10367756, 0.12766396, 0.13978312,
       0.15206173, 0.18302127, 0.21427284, 0.23328399, 0.28447101,
       0.34919   , 0.40795998, 0.50040627, 0.62720137, 0.76865937,
       1.        ])]","[{'lambda_reg': 0.07238024718020862, 'gamma': 2.838205106097033, 'degree': 6, 'coef0': 4.099909511089855}, {'lambda_reg': 0.00033205591037519585, 'gamma': 0.12561043700013558, 'degree': 4, 'coef0': 1.4561457009902097}, {'lambda_reg': 2.1147447960615714e-05, 'gamma': 6.245139574743075, 'degree': 6, 'coef0': 4.041986740582305}, {'lambda_reg': 0.05311053745685014, 'gamma': 0.2822884867154166, 'degree': 6, 'coef0': 3.6131805470958973}, {'lambda_reg': 0.047614366580231514, 'gamma': 0.03582040515010029, 'degree': 5, 'coef0': 0.3406493835805051}]",Campina_Grande,polynomial,69
"[np.float64(0.06330503782174281), np.float64(0.044437734631379865), np.float64(0.050119792232323865), np.float64(0.03418072668737476), np.float64(0.06895748075071712)]",0.0522001544247076,0.0125968985447881,"[np.float64(0.7691148512340135), np.float64(0.4718247729798323), np.float64(0.7821233465950799), np.float64(0.7291763813628649), np.float64(0.6616245217428502)]",0.6827727747829282,0.1135121958736401,"[np.float64(0.581103932067354), np.float64(0.5237790845072833), np.float64(0.8923118830974595), np.float64(0.6565589998638567), np.float64(0.5119150633150169)]",0.6331337925701941,0.1393424284472033,"[array([0.        , 0.        , 0.        , 0.        , 0.        ,
       0.        , 0.        , 0.        , 0.        , 0.        ,
       0.        , 0.        , 0.        , 0.        , 0.        ,
       0.        , 0.        , 0.        , 0.        , 0.        ,
       0.        , 0.        , 0.        , 0.        , 0.        ,
       0.        , 0.        , 0.        , 0.        , 0.        ,
       0.        , 0.        , 0.        , 0.        , 0.        ,
       0.        , 0.        , 0.        , 0.        , 0.        ,
       0.        , 0.        , 0.        , 0.        , 0.        ,
       0.074054  , 0.074054  , 0.074054  , 0.074054  , 0.074054  ,
       0.074054  , 0.074054  , 0.074054  , 0.074054  , 0.074054  ,
       0.074054  , 0.074054  , 0.074054  , 0.074054  , 0.074054  ,
       0.074054  , 0.074054  , 0.074054  , 0.074054  , 0.074054  ,
       0.074054  , 0.074054  , 0.074054  , 0.074054  , 0.074054  ,
       0.074054  , 0.074054  , 0.074054  , 0.074054  , 0.074054  ,
       0.074054  , 0.074054  , 0.074054  , 0.10439499, 0.10439499,
       0.10439499, 0.10439499, 0.10439499, 0.10439499, 0.10439499,
       0.10439499, 0.10439499, 0.10439499, 0.10439499, 0.10439499,
       0.11817907, 0.11817907, 0.11817907, 0.12794645, 0.12794645,
       0.28597504, 0.77024895, 1.        , 1.        , 1.        ,
       1.        ]), array([0.        , 0.        , 0.        , 0.        , 0.        ,
       0.        , 0.        , 0.        , 0.        , 0.        ,
       0.        , 0.        , 0.        , 0.        , 0.        ,
       0.        , 0.        , 0.        , 0.        , 0.        ,
       0.        , 0.        , 0.        , 0.        , 0.        ,
       0.        , 0.        , 0.        , 0.        , 0.        ,
       0.        , 0.        , 0.        , 0.        , 0.        ,
       0.        , 0.        , 0.        , 0.        , 0.        ,
       0.        , 0.        , 0.        , 0.        , 0.        ,
       0.        , 0.        , 0.        , 0.        , 0.        ,
       0.        , 0.        , 0.        , 0.        , 0.        ,
       0.        , 0.        , 0.        , 0.        , 0.        ,
       0.        , 0.        , 0.        , 0.        , 0.        ,
       0.        , 0.        , 0.        , 0.        , 0.        ,
       0.        , 0.        , 0.        , 0.        , 0.        ,
       0.        , 0.        , 0.        , 0.        , 0.        ,
       0.        , 0.        , 0.        , 0.        , 0.        ,
       0.        , 0.        , 0.        , 0.        , 0.        ,
       0.        , 0.        , 0.        , 0.00964378, 0.06399957,
       0.24507631, 0.96888106, 1.        , 1.        , 1.        ,
       1.        ]), array([0.        , 0.        , 0.        , 0.        , 0.        ,
       0.        , 0.        , 0.        , 0.        , 0.        ,
       0.        , 0.        , 0.        , 0.        , 0.        ,
       0.        , 0.        , 0.        , 0.        , 0.        ,
       0.        , 0.        , 0.        , 0.        , 0.        ,
       0.        , 0.        , 0.        , 0.        , 0.        ,
       0.        , 0.        , 0.        , 0.        , 0.        ,
       0.        , 0.        , 0.        , 0.        , 0.        ,
       0.        , 0.        , 0.        , 0.        , 0.        ,
       0.        , 0.        , 0.        , 0.        , 0.09686058,
       0.09686058, 0.09686058, 0.18638602, 0.18638602, 0.18638602,
       0.18638602, 0.18638602, 0.18638602, 0.26504806, 0.26504806,
       0.26504806, 0.26504806, 0.26504806, 0.26504806, 0.26504806,
       0.26504806, 0.26504806, 0.26504806, 0.26504806, 0.26504806,
       0.26504806, 0.26504806, 0.26504806, 0.31651716, 0.31651716,
       0.31651716, 0.31651716, 0.31651716, 0.31651716, 0.35648178,
       0.43301151, 0.43301151, 0.43301151, 0.49858899, 0.53024535,
       0.53024535, 0.58418926, 0.58418926, 0.58418926, 0.58418926,
       0.58418926, 0.60205863, 0.61810051, 0.67488344, 0.71019226,
       0.79110774, 0.8164156 , 0.86205776, 0.9132386 , 0.9531168 ,
       1.        ]), array([0.        , 0.        , 0.        , 0.        , 0.        ,
       0.        , 0.        , 0.        , 0.        , 0.        ,
       0.        , 0.        , 0.        , 0.        , 0.        ,
       0.        , 0.        , 0.        , 0.        , 0.        ,
       0.        , 0.        , 0.        , 0.        , 0.        ,
       0.        , 0.        , 0.        , 0.        , 0.        ,
       0.        , 0.        , 0.        , 0.        , 0.        ,
       0.        , 0.        , 0.        , 0.        , 0.        ,
       0.        , 0.        , 0.        , 0.        , 0.        ,
       0.        , 0.        , 0.        , 0.        , 0.        ,
       0.        , 0.        , 0.        , 0.        , 0.        ,
       0.        , 0.        , 0.        , 0.        , 0.        ,
       0.        , 0.        , 0.        , 0.        , 0.        ,
       0.        , 0.        , 0.        , 0.        , 0.        ,
       0.        , 0.        , 0.        , 0.        , 0.        ,
       0.        , 0.        , 0.        , 0.        , 0.        ,
       0.        , 0.        , 0.        , 0.04845716, 0.04845716,
       0.04845716, 0.06778205, 0.06778205, 0.06778205, 0.08369141,
       0.14064448, 0.19204268, 0.26185318, 0.36504184, 0.4191251 ,
       0.56707086, 0.72255987, 0.82813174, 0.97120557, 1.        ,
       1.        ]), array([0.        , 0.        , 0.        , 0.        , 0.        ,
       0.        , 0.        , 0.        , 0.        , 0.        ,
       0.        , 0.        , 0.        , 0.        , 0.        ,
       0.        , 0.        , 0.        , 0.        , 0.        ,
       0.        , 0.        , 0.        , 0.        , 0.        ,
       0.        , 0.        , 0.        , 0.        , 0.        ,
       0.        , 0.        , 0.        , 0.        , 0.        ,
       0.        , 0.        , 0.        , 0.        , 0.        ,
       0.        , 0.        , 0.        , 0.        , 0.        ,
       0.        , 0.        , 0.        , 0.        , 0.        ,
       0.        , 0.        , 0.        , 0.        , 0.        ,
       0.        , 0.        , 0.        , 0.        , 0.        ,
       0.        , 0.        , 0.        , 0.        , 0.        ,
       0.        , 0.        , 0.        , 0.        , 0.        ,
       0.        , 0.        , 0.        , 0.        , 0.        ,
       0.        , 0.        , 0.        , 0.        , 0.        ,
       0.        , 0.        , 0.        , 0.01803225, 0.01803225,
       0.01803225, 0.01803225, 0.01803225, 0.01803225, 0.01803225,
       0.01803225, 0.01803225, 0.01803225, 0.02608646, 0.71005793,
       1.        , 1.        , 1.        , 1.        , 1.        ,
       1.        ])]","[array([0.        , 0.        , 0.        , 0.        , 0.        ,
       0.        , 0.        , 0.        , 0.        , 0.        ,
       0.        , 0.        , 0.        , 0.        , 0.        ,
       0.        , 0.        , 0.        , 0.        , 0.        ,
       0.        , 0.        , 0.        , 0.        , 0.        ,
       0.        , 0.        , 0.        , 0.        , 0.        ,
       0.        , 0.        , 0.        , 0.        , 0.        ,
       0.        , 0.        , 0.        , 0.        , 0.        ,
       0.        , 0.        , 0.        , 0.        , 0.        ,
       0.00301378, 0.00301378, 0.00301378, 0.00301378, 0.00301378,
       0.00301378, 0.00301378, 0.00301378, 0.00301378, 0.00301378,
       0.00301378, 0.00301378, 0.00301378, 0.00301378, 0.00301378,
       0.00301378, 0.00301378, 0.00301378, 0.00301378, 0.00301378,
       0.00301378, 0.00301378, 0.00301378, 0.00301378, 0.00301378,
       0.00301378, 0.00301378, 0.00301378, 0.00301378, 0.00301378,
       0.00301378, 0.00301378, 0.00301378, 0.00825053, 0.00825053,
       0.00825053, 0.00825053, 0.00825053, 0.00825053, 0.00825053,
       0.00825053, 0.00825053, 0.00825053, 0.00825053, 0.00825053,
       0.01432926, 0.01432926, 0.01432926, 0.02061226, 0.02061226,
       0.16172935, 0.69981743, 1.        , 1.        , 1.        ,
       1.        ]), array([0.        , 0.        , 0.        , 0.        , 0.        ,
       0.        , 0.        , 0.        , 0.        , 0.        ,
       0.        , 0.        , 0.        , 0.        , 0.        ,
       0.        , 0.        , 0.        , 0.        , 0.        ,
       0.        , 0.        , 0.        , 0.        , 0.        ,
       0.        , 0.        , 0.        , 0.        , 0.        ,
       0.        , 0.        , 0.        , 0.        , 0.        ,
       0.        , 0.        , 0.        , 0.        , 0.        ,
       0.        , 0.        , 0.        , 0.        , 0.        ,
       0.        , 0.        , 0.        , 0.        , 0.        ,
       0.        , 0.        , 0.        , 0.        , 0.        ,
       0.        , 0.        , 0.        , 0.        , 0.        ,
       0.        , 0.        , 0.        , 0.        , 0.        ,
       0.        , 0.        , 0.        , 0.        , 0.        ,
       0.        , 0.        , 0.        , 0.        , 0.        ,
       0.        , 0.        , 0.        , 0.        , 0.        ,
       0.        , 0.        , 0.        , 0.        , 0.        ,
       0.        , 0.        , 0.        , 0.        , 0.        ,
       0.        , 0.        , 0.        , 0.00629401, 0.04423123,
       0.20454467, 0.96091556, 1.        , 1.        , 1.        ,
       1.        ]), array([0.        , 0.        , 0.        , 0.        , 0.        ,
       0.        , 0.        , 0.        , 0.        , 0.        ,
       0.        , 0.        , 0.        , 0.        , 0.        ,
       0.        , 0.        , 0.        , 0.        , 0.        ,
       0.        , 0.        , 0.        , 0.        , 0.        ,
       0.        , 0.        , 0.        , 0.        , 0.        ,
       0.        , 0.        , 0.        , 0.        , 0.        ,
       0.        , 0.        , 0.        , 0.        , 0.        ,
       0.        , 0.        , 0.        , 0.        , 0.        ,
       0.        , 0.        , 0.        , 0.        , 0.00320912,
       0.00320912, 0.00320912, 0.00668132, 0.00668132, 0.00668132,
       0.00668132, 0.00668132, 0.00668132, 0.01054312, 0.01054312,
       0.01054312, 0.01054312, 0.01054312, 0.01054312, 0.01054312,
       0.01054312, 0.01054312, 0.01054312, 0.01054312, 0.01054312,
       0.01054312, 0.01054312, 0.01054312, 0.0153802 , 0.0153802 ,
       0.0153802 , 0.0153802 , 0.0153802 , 0.0153802 , 0.02062987,
       0.03125115, 0.03125115, 0.03125115, 0.04226523, 0.04781288,
       0.04781288, 0.0592442 , 0.0592442 , 0.0592442 , 0.0592442 ,
       0.0592442 , 0.06528632, 0.07139398, 0.09608947, 0.11487212,
       0.16543409, 0.18457543, 0.22971947, 0.30139687, 0.40021162,
       1.        ]), array([0.        , 0.        , 0.        , 0.        , 0.        ,
       0.        , 0.        , 0.        , 0.        , 0.        ,
       0.        , 0.        , 0.        , 0.        , 0.        ,
       0.        , 0.        , 0.        , 0.        , 0.        ,
       0.        , 0.        , 0.        , 0.        , 0.        ,
       0.        , 0.        , 0.        , 0.        , 0.        ,
       0.        , 0.        , 0.        , 0.        , 0.        ,
       0.        , 0.        , 0.        , 0.        , 0.        ,
       0.        , 0.        , 0.        , 0.        , 0.        ,
       0.        , 0.        , 0.        , 0.        , 0.        ,
       0.        , 0.        , 0.        , 0.        , 0.        ,
       0.        , 0.        , 0.        , 0.        , 0.        ,
       0.        , 0.        , 0.        , 0.        , 0.        ,
       0.        , 0.        , 0.        , 0.        , 0.        ,
       0.        , 0.        , 0.        , 0.        , 0.        ,
       0.        , 0.        , 0.        , 0.        , 0.        ,
       0.        , 0.        , 0.        , 0.01115504, 0.01115504,
       0.01115504, 0.01697367, 0.01697367, 0.01697367, 0.02296024,
       0.04723522, 0.07178332, 0.10896377, 0.17157837, 0.20953212,
       0.3376344 , 0.50597882, 0.6497023 , 0.91342092, 1.        ,
       1.        ]), array([0.        , 0.        , 0.        , 0.        , 0.        ,
       0.        , 0.        , 0.        , 0.        , 0.        ,
       0.        , 0.        , 0.        , 0.        , 0.        ,
       0.        , 0.        , 0.        , 0.        , 0.        ,
       0.        , 0.        , 0.        , 0.        , 0.        ,
       0.        , 0.        , 0.        , 0.        , 0.        ,
       0.        , 0.        , 0.        , 0.        , 0.        ,
       0.        , 0.        , 0.        , 0.        , 0.        ,
       0.        , 0.        , 0.        , 0.        , 0.        ,
       0.        , 0.        , 0.        , 0.        , 0.        ,
       0.        , 0.        , 0.        , 0.        , 0.        ,
       0.        , 0.        , 0.        , 0.        , 0.        ,
       0.        , 0.        , 0.        , 0.        , 0.        ,
       0.        , 0.        , 0.        , 0.        , 0.        ,
       0.        , 0.        , 0.        , 0.        , 0.        ,
       0.        , 0.        , 0.        , 0.        , 0.        ,
       0.        , 0.        , 0.        , 0.00569156, 0.00569156,
       0.00569156, 0.00569156, 0.00569156, 0.00569156, 0.00569156,
       0.00569156, 0.00569156, 0.00569156, 0.01203799, 0.69590236,
       1.        , 1.        , 1.        , 1.        , 1.        ,
       1.        ])]","[{'lambda_reg': 0.3301647150911624, 'gamma': 0.0010391765357579117}, {'lambda_reg': 0.7041830285015993, 'gamma': 0.0010499980275967115}, {'lambda_reg': 0.0038743555583417694, 'gamma': 0.003770205918821814}, {'lambda_reg': 0.12951505461009774, 'gamma': 0.003770205918821814}, {'lambda_reg': 0.870529764483982, 'gamma': 0.0010550558461247955}]",Campina_Grande,cauchy,67
"[np.float64(0.14140711311139872), np.float64(0.09973736269678533), np.float64(0.11560226570938968), np.float64(0.1323035451684104), np.float64(0.09909610353108889)]",0.1176292780434146,0.0170201499843776,"[np.float64(0.0), np.float64(0.0), np.float64(0.0), np.float64(0.0), np.float64(0.0)]",0.0,0.0,"[np.float64(0.5), np.float64(0.5), np.float64(0.5), np.float64(0.5), np.float64(0.5)]",0.5,0.0,"[array([0., 0., 0., 0., 0., 0., 0., 0., 0., 0., 0., 0., 0., 0., 0., 0., 0.,
       0., 0., 0., 0., 0., 0., 0., 0., 0., 0., 0., 0., 0., 0., 0., 0., 0.,
       0., 0., 0., 0., 0., 0., 0., 0., 0., 0., 0., 0., 0., 0., 0., 0., 0.,
       0., 0., 0., 0., 0., 0., 0., 0., 0., 0., 0., 0., 0., 0., 0., 0., 0.,
       0., 0., 0., 0., 0., 0., 0., 0., 0., 0., 0., 0., 0., 0., 0., 0., 0.,
       0., 0., 0., 0., 1., 1., 1., 1., 1., 1., 1., 1., 1., 1., 1., 1.]), array([0., 0., 0., 0., 0., 0., 0., 0., 0., 0., 0., 0., 0., 0., 0., 0., 0.,
       0., 0., 0., 0., 0., 0., 0., 0., 0., 0., 0., 0., 0., 0., 0., 0., 0.,
       0., 0., 0., 0., 0., 0., 0., 0., 0., 0., 0., 0., 0., 0., 0., 0., 0.,
       0., 0., 0., 0., 0., 0., 0., 0., 0., 0., 0., 0., 0., 0., 0., 0., 0.,
       0., 0., 0., 0., 0., 0., 0., 0., 0., 0., 0., 0., 0., 0., 0., 0., 0.,
       0., 0., 1., 1., 1., 1., 1., 1., 1., 1., 1., 1., 1., 1., 1., 1.]), array([0., 0., 0., 0., 0., 0., 0., 0., 0., 0., 0., 0., 0., 0., 0., 0., 0.,
       0., 0., 0., 0., 0., 0., 0., 0., 0., 0., 0., 0., 0., 0., 0., 0., 0.,
       0., 0., 0., 0., 0., 0., 0., 0., 0., 0., 0., 0., 0., 0., 0., 0., 0.,
       0., 0., 0., 0., 0., 0., 0., 0., 0., 0., 0., 0., 0., 0., 0., 0., 0.,
       0., 0., 0., 0., 0., 0., 0., 0., 0., 0., 0., 0., 0., 0., 0., 0., 0.,
       0., 0., 0., 1., 1., 1., 1., 1., 1., 1., 1., 1., 1., 1., 1., 1.]), array([0., 0., 0., 0., 0., 0., 0., 0., 0., 0., 0., 0., 0., 0., 0., 0., 0.,
       0., 0., 0., 0., 0., 0., 0., 0., 0., 0., 0., 0., 0., 0., 0., 0., 0.,
       0., 0., 0., 0., 0., 0., 0., 0., 0., 0., 0., 0., 0., 0., 0., 0., 0.,
       0., 0., 0., 0., 0., 0., 0., 0., 0., 0., 0., 0., 0., 0., 0., 0., 0.,
       0., 0., 0., 0., 0., 0., 0., 0., 0., 0., 0., 0., 0., 0., 0., 0., 0.,
       0., 0., 0., 1., 1., 1., 1., 1., 1., 1., 1., 1., 1., 1., 1., 1.]), array([0., 0., 0., 0., 0., 0., 0., 0., 0., 0., 0., 0., 0., 0., 0., 0., 0.,
       0., 0., 0., 0., 0., 0., 0., 0., 0., 0., 0., 0., 0., 0., 0., 0., 0.,
       0., 0., 0., 0., 0., 0., 0., 0., 0., 0., 0., 0., 0., 0., 0., 0., 0.,
       0., 0., 0., 0., 0., 0., 0., 0., 0., 0., 0., 0., 0., 0., 0., 0., 0.,
       0., 0., 0., 0., 0., 0., 0., 0., 0., 0., 0., 0., 0., 0., 0., 0., 0.,
       0., 0., 1., 1., 1., 1., 1., 1., 1., 1., 1., 1., 1., 1., 1., 1.])]","[array([0., 0., 0., 0., 0., 0., 0., 0., 0., 0., 0., 0., 0., 0., 0., 0., 0.,
       0., 0., 0., 0., 0., 0., 0., 0., 0., 0., 0., 0., 0., 0., 0., 0., 0.,
       0., 0., 0., 0., 0., 0., 0., 0., 0., 0., 0., 0., 0., 0., 0., 0., 0.,
       0., 0., 0., 0., 0., 0., 0., 0., 0., 0., 0., 0., 0., 0., 0., 0., 0.,
       0., 0., 0., 0., 0., 0., 0., 0., 0., 0., 0., 0., 0., 0., 0., 0., 0.,
       0., 0., 0., 0., 1., 1., 1., 1., 1., 1., 1., 1., 1., 1., 1., 1.]), array([0., 0., 0., 0., 0., 0., 0., 0., 0., 0., 0., 0., 0., 0., 0., 0., 0.,
       0., 0., 0., 0., 0., 0., 0., 0., 0., 0., 0., 0., 0., 0., 0., 0., 0.,
       0., 0., 0., 0., 0., 0., 0., 0., 0., 0., 0., 0., 0., 0., 0., 0., 0.,
       0., 0., 0., 0., 0., 0., 0., 0., 0., 0., 0., 0., 0., 0., 0., 0., 0.,
       0., 0., 0., 0., 0., 0., 0., 0., 0., 0., 0., 0., 0., 0., 0., 0., 0.,
       0., 0., 1., 1., 1., 1., 1., 1., 1., 1., 1., 1., 1., 1., 1., 1.]), array([0., 0., 0., 0., 0., 0., 0., 0., 0., 0., 0., 0., 0., 0., 0., 0., 0.,
       0., 0., 0., 0., 0., 0., 0., 0., 0., 0., 0., 0., 0., 0., 0., 0., 0.,
       0., 0., 0., 0., 0., 0., 0., 0., 0., 0., 0., 0., 0., 0., 0., 0., 0.,
       0., 0., 0., 0., 0., 0., 0., 0., 0., 0., 0., 0., 0., 0., 0., 0., 0.,
       0., 0., 0., 0., 0., 0., 0., 0., 0., 0., 0., 0., 0., 0., 0., 0., 0.,
       0., 0., 0., 1., 1., 1., 1., 1., 1., 1., 1., 1., 1., 1., 1., 1.]), array([0., 0., 0., 0., 0., 0., 0., 0., 0., 0., 0., 0., 0., 0., 0., 0., 0.,
       0., 0., 0., 0., 0., 0., 0., 0., 0., 0., 0., 0., 0., 0., 0., 0., 0.,
       0., 0., 0., 0., 0., 0., 0., 0., 0., 0., 0., 0., 0., 0., 0., 0., 0.,
       0., 0., 0., 0., 0., 0., 0., 0., 0., 0., 0., 0., 0., 0., 0., 0., 0.,
       0., 0., 0., 0., 0., 0., 0., 0., 0., 0., 0., 0., 0., 0., 0., 0., 0.,
       0., 0., 0., 1., 1., 1., 1., 1., 1., 1., 1., 1., 1., 1., 1., 1.]), array([0., 0., 0., 0., 0., 0., 0., 0., 0., 0., 0., 0., 0., 0., 0., 0., 0.,
       0., 0., 0., 0., 0., 0., 0., 0., 0., 0., 0., 0., 0., 0., 0., 0., 0.,
       0., 0., 0., 0., 0., 0., 0., 0., 0., 0., 0., 0., 0., 0., 0., 0., 0.,
       0., 0., 0., 0., 0., 0., 0., 0., 0., 0., 0., 0., 0., 0., 0., 0., 0.,
       0., 0., 0., 0., 0., 0., 0., 0., 0., 0., 0., 0., 0., 0., 0., 0., 0.,
       0., 0., 1., 1., 1., 1., 1., 1., 1., 1., 1., 1., 1., 1., 1., 1.])]","[{'lambda_reg': 0.9858911056869908, 'gamma': 0.04920853100507526, 'coef0': -2.2551502671751917}, {'lambda_reg': 0.9858911056869908, 'gamma': 0.04920853100507526, 'coef0': -2.2551502671751917}, {'lambda_reg': 0.9858911056869908, 'gamma': 0.04920853100507526, 'coef0': -2.2551502671751917}, {'lambda_reg': 0.9858911056869908, 'gamma': 0.04920853100507526, 'coef0': -2.2551502671751917}, {'lambda_reg': 0.9858911056869908, 'gamma': 0.04920853100507526, 'coef0': -2.2551502671751917}]",Outros,sigmoid,82
"[np.float64(0.10239174337367868), np.float64(0.09759793332491358), np.float64(0.1447292022114411), np.float64(0.09503849180004154), np.float64(0.10460621645422712)]",0.1088727174328604,0.0182449999264105,"[np.float64(0.0), np.float64(0.0), np.float64(0.0), np.float64(0.0), np.float64(0.0)]",0.0,0.0,"[np.float64(0.5), np.float64(0.5), np.float64(0.5), np.float64(0.5), np.float64(0.5)]",0.5,0.0,"[array([0., 0., 0., 0., 0., 0., 0., 0., 0., 0., 0., 0., 0., 0., 0., 0., 0.,
       0., 0., 0., 0., 0., 0., 0., 0., 0., 0., 0., 0., 0., 0., 0., 0., 0.,
       0., 0., 0., 0., 0., 0., 0., 0., 0., 0., 0., 0., 0., 0., 0., 0., 0.,
       0., 0., 0., 0., 0., 0., 0., 0., 0., 0., 0., 0., 0., 0., 0., 0., 0.,
       0., 0., 0., 0., 0., 0., 0., 0., 0., 0., 0., 0., 0., 0., 0., 0., 0.,
       0., 0., 0., 1., 1., 1., 1., 1., 1., 1., 1., 1., 1., 1., 1., 1.]), array([0., 0., 0., 0., 0., 0., 0., 0., 0., 0., 0., 0., 0., 0., 0., 0., 0.,
       0., 0., 0., 0., 0., 0., 0., 0., 0., 0., 0., 0., 0., 0., 0., 0., 0.,
       0., 0., 0., 0., 0., 0., 0., 0., 0., 0., 0., 0., 0., 0., 0., 0., 0.,
       0., 0., 0., 0., 0., 0., 0., 0., 0., 0., 0., 0., 0., 0., 0., 0., 0.,
       0., 0., 0., 0., 0., 0., 0., 0., 0., 0., 0., 0., 0., 0., 0., 0., 0.,
       0., 0., 0., 1., 1., 1., 1., 1., 1., 1., 1., 1., 1., 1., 1., 1.]), array([0., 0., 0., 0., 0., 0., 0., 0., 0., 0., 0., 0., 0., 0., 0., 0., 0.,
       0., 0., 0., 0., 0., 0., 0., 0., 0., 0., 0., 0., 0., 0., 0., 0., 0.,
       0., 0., 0., 0., 0., 0., 0., 0., 0., 0., 0., 0., 0., 0., 0., 0., 0.,
       0., 0., 0., 0., 0., 0., 0., 0., 0., 0., 0., 0., 0., 0., 0., 0., 0.,
       0., 0., 0., 0., 0., 0., 0., 0., 0., 0., 0., 0., 0., 0., 0., 0., 0.,
       0., 0., 0., 0., 1., 1., 1., 1., 1., 1., 1., 1., 1., 1., 1., 1.]), array([0., 0., 0., 0., 0., 0., 0., 0., 0., 0., 0., 0., 0., 0., 0., 0., 0.,
       0., 0., 0., 0., 0., 0., 0., 0., 0., 0., 0., 0., 0., 0., 0., 0., 0.,
       0., 0., 0., 0., 0., 0., 0., 0., 0., 0., 0., 0., 0., 0., 0., 0., 0.,
       0., 0., 0., 0., 0., 0., 0., 0., 0., 0., 0., 0., 0., 0., 0., 0., 0.,
       0., 0., 0., 0., 0., 0., 0., 0., 0., 0., 0., 0., 0., 0., 0., 0., 0.,
       0., 0., 0., 1., 1., 1., 1., 1., 1., 1., 1., 1., 1., 1., 1., 1.]), array([0., 0., 0., 0., 0., 0., 0., 0., 0., 0., 0., 0., 0., 0., 0., 0., 0.,
       0., 0., 0., 0., 0., 0., 0., 0., 0., 0., 0., 0., 0., 0., 0., 0., 0.,
       0., 0., 0., 0., 0., 0., 0., 0., 0., 0., 0., 0., 0., 0., 0., 0., 0.,
       0., 0., 0., 0., 0., 0., 0., 0., 0., 0., 0., 0., 0., 0., 0., 0., 0.,
       0., 0., 0., 0., 0., 0., 0., 0., 0., 0., 0., 0., 0., 0., 0., 0., 0.,
       0., 0., 0., 1., 1., 1., 1., 1., 1., 1., 1., 1., 1., 1., 1., 1.])]","[array([0., 0., 0., 0., 0., 0., 0., 0., 0., 0., 0., 0., 0., 0., 0., 0., 0.,
       0., 0., 0., 0., 0., 0., 0., 0., 0., 0., 0., 0., 0., 0., 0., 0., 0.,
       0., 0., 0., 0., 0., 0., 0., 0., 0., 0., 0., 0., 0., 0., 0., 0., 0.,
       0., 0., 0., 0., 0., 0., 0., 0., 0., 0., 0., 0., 0., 0., 0., 0., 0.,
       0., 0., 0., 0., 0., 0., 0., 0., 0., 0., 0., 0., 0., 0., 0., 0., 0.,
       0., 0., 0., 1., 1., 1., 1., 1., 1., 1., 1., 1., 1., 1., 1., 1.]), array([0., 0., 0., 0., 0., 0., 0., 0., 0., 0., 0., 0., 0., 0., 0., 0., 0.,
       0., 0., 0., 0., 0., 0., 0., 0., 0., 0., 0., 0., 0., 0., 0., 0., 0.,
       0., 0., 0., 0., 0., 0., 0., 0., 0., 0., 0., 0., 0., 0., 0., 0., 0.,
       0., 0., 0., 0., 0., 0., 0., 0., 0., 0., 0., 0., 0., 0., 0., 0., 0.,
       0., 0., 0., 0., 0., 0., 0., 0., 0., 0., 0., 0., 0., 0., 0., 0., 0.,
       0., 0., 0., 1., 1., 1., 1., 1., 1., 1., 1., 1., 1., 1., 1., 1.]), array([0., 0., 0., 0., 0., 0., 0., 0., 0., 0., 0., 0., 0., 0., 0., 0., 0.,
       0., 0., 0., 0., 0., 0., 0., 0., 0., 0., 0., 0., 0., 0., 0., 0., 0.,
       0., 0., 0., 0., 0., 0., 0., 0., 0., 0., 0., 0., 0., 0., 0., 0., 0.,
       0., 0., 0., 0., 0., 0., 0., 0., 0., 0., 0., 0., 0., 0., 0., 0., 0.,
       0., 0., 0., 0., 0., 0., 0., 0., 0., 0., 0., 0., 0., 0., 0., 0., 0.,
       0., 0., 0., 0., 1., 1., 1., 1., 1., 1., 1., 1., 1., 1., 1., 1.]), array([0., 0., 0., 0., 0., 0., 0., 0., 0., 0., 0., 0., 0., 0., 0., 0., 0.,
       0., 0., 0., 0., 0., 0., 0., 0., 0., 0., 0., 0., 0., 0., 0., 0., 0.,
       0., 0., 0., 0., 0., 0., 0., 0., 0., 0., 0., 0., 0., 0., 0., 0., 0.,
       0., 0., 0., 0., 0., 0., 0., 0., 0., 0., 0., 0., 0., 0., 0., 0., 0.,
       0., 0., 0., 0., 0., 0., 0., 0., 0., 0., 0., 0., 0., 0., 0., 0., 0.,
       0., 0., 0., 1., 1., 1., 1., 1., 1., 1., 1., 1., 1., 1., 1., 1.]), array([0., 0., 0., 0., 0., 0., 0., 0., 0., 0., 0., 0., 0., 0., 0., 0., 0.,
       0., 0., 0., 0., 0., 0., 0., 0., 0., 0., 0., 0., 0., 0., 0., 0., 0.,
       0., 0., 0., 0., 0., 0., 0., 0., 0., 0., 0., 0., 0., 0., 0., 0., 0.,
       0., 0., 0., 0., 0., 0., 0., 0., 0., 0., 0., 0., 0., 0., 0., 0., 0.,
       0., 0., 0., 0., 0., 0., 0., 0., 0., 0., 0., 0., 0., 0., 0., 0., 0.,
       0., 0., 0., 1., 1., 1., 1., 1., 1., 1., 1., 1., 1., 1., 1., 1.])]","[{'lambda_reg': 0.9858911056869908, 'gamma': 0.04920853100507526, 'coef0': -2.2551502671751917}, {'lambda_reg': 0.9858911056869908, 'gamma': 0.04920853100507526, 'coef0': -2.2551502671751917}, {'lambda_reg': 0.9858911056869908, 'gamma': 0.04920853100507526, 'coef0': -2.2551502671751917}, {'lambda_reg': 0.9858911056869908, 'gamma': 0.04920853100507526, 'coef0': -2.2551502671751917}, {'lambda_reg': 0.9858911056869908, 'gamma': 0.04920853100507526, 'coef0': -2.2551502671751917}]",Joao_Pessoa,sigmoid,75
