test_ibs,mean_ibs,std_ibs,test_cindex,mean_cindex,std_cindex,test_auc,mean_auc,std_auc,test_tpr,test_fpr,best_params,kernel,task
"[np.float64(0.12421051821376874), np.float64(0.17637569414216764), np.float64(0.17528396926239065), np.float64(0.1804345161960448), np.float64(0.1318051844757158)]",0.1576219764580175,0.0243593603214954,"[np.float64(0.6369083687362322), np.float64(0.5984265428959771), np.float64(0.8034284306961795), np.float64(0.7091341152656663), np.float64(0.6762972791337092)]",0.6848389473455528,0.0699873200659342,"[np.float64(0.7304040284758418), np.float64(0.7426822630323042), np.float64(0.7061371985882521), np.float64(0.7172941583776622), np.float64(0.7008359242586)]",0.7194707145465321,0.0154148551094413,"[array([0.        , 0.06326265, 0.06326265, 0.06326265, 0.06326265,
       0.06326265, 0.06326265, 0.06326265, 0.06326265, 0.06326265,
       0.12058126, 0.12058126, 0.12058126, 0.12058126, 0.12058126,
       0.12058126, 0.12058126, 0.12058126, 0.12058126, 0.12058126,
       0.12058126, 0.12058126, 0.12058126, 0.12058126, 0.12058126,
       0.12058126, 0.12058126, 0.12058126, 0.12058126, 0.12058126,
       0.12058126, 0.16471826, 0.16471826, 0.16471826, 0.24858566,
       0.24858566, 0.24858566, 0.28888321, 0.28888321, 0.28888321,
       0.36548049, 0.40304677, 0.40304677, 0.40304677, 0.43862528,
       0.47372553, 0.47372553, 0.47372553, 0.47372553, 0.47372553,
       0.47372553, 0.47372553, 0.47372553, 0.53393608, 0.53393608,
       0.53393608, 0.53393608, 0.53393608, 0.5611294 , 0.5611294 ,
       0.5611294 , 0.61136292, 0.61136292, 0.63491981, 0.63491981,
       0.65743053, 0.65743053, 0.65743053, 0.67786362, 0.67786362,
       0.69702648, 0.69702648, 0.73333412, 0.785166  , 0.785166  ,
       0.80112613, 0.81677926, 0.84661016, 0.87521268, 0.90226035,
       0.92798058, 0.95248345, 1.        , 1.        , 1.        ,
       1.        , 1.        , 1.        , 1.        , 1.        ,
       1.        , 1.        , 1.        , 1.        , 1.        ,
       1.        , 1.        , 1.        , 1.        , 1.        ,
       1.        ]), array([0.        , 0.        , 0.06127643, 0.06127643, 0.06127643,
       0.06127643, 0.06127643, 0.06127643, 0.06127643, 0.06127643,
       0.06127643, 0.06127643, 0.06127643, 0.06127643, 0.06127643,
       0.06127643, 0.06127643, 0.06127643, 0.06127643, 0.06127643,
       0.06127643, 0.06127643, 0.06127643, 0.10973604, 0.10973604,
       0.10973604, 0.10973604, 0.20076832, 0.20076832, 0.20076832,
       0.24448933, 0.24448933, 0.24448933, 0.24448933, 0.24448933,
       0.28490236, 0.32488504, 0.32488504, 0.32488504, 0.36304416,
       0.40069135, 0.40069135, 0.40069135, 0.40069135, 0.40069135,
       0.40069135, 0.40069135, 0.40069135, 0.40069135, 0.40069135,
       0.43202636, 0.43202636, 0.52249031, 0.52249031, 0.52249031,
       0.55073546, 0.55073546, 0.57793078, 0.60420691, 0.62995077,
       0.6553704 , 0.6553704 , 0.70345225, 0.70345225, 0.72632357,
       0.74849215, 0.74849215, 0.76957037, 0.76957037, 0.78931764,
       0.78931764, 0.78931764, 0.78931764, 0.80629083, 0.82251913,
       0.83815802, 0.85349809, 0.86813952, 0.89609781, 0.89609781,
       0.90895754, 0.93314103, 0.93314103, 0.97707913, 0.99763915,
       0.99763915, 0.99763915, 0.99763915, 0.99763915, 0.99763915,
       0.99763915, 0.99763915, 0.99763915, 0.99763915, 0.99763915,
       0.99763915, 0.99763915, 1.        , 1.        , 1.        ,
       1.        ]), array([0.        , 0.        , 0.        , 0.        , 0.        ,
       0.        , 0.        , 0.        , 0.        , 0.        ,
       0.        , 0.        , 0.        , 0.        , 0.        ,
       0.05624017, 0.05624017, 0.05624017, 0.05624017, 0.05624017,
       0.05624017, 0.05624017, 0.05624017, 0.05624017, 0.05624017,
       0.05624017, 0.05624017, 0.05624017, 0.05624017, 0.05624017,
       0.05624017, 0.05624017, 0.05624017, 0.05624017, 0.10020572,
       0.10020572, 0.14284644, 0.14284644, 0.14284644, 0.14284644,
       0.18251045, 0.22196966, 0.22196966, 0.22196966, 0.25899978,
       0.29525427, 0.29525427, 0.29525427, 0.32974694, 0.39782765,
       0.39782765, 0.43050744, 0.43050744, 0.43050744, 0.49182588,
       0.52199726, 0.52199726, 0.52199726, 0.57807654, 0.57807654,
       0.60474113, 0.63057576, 0.65559395, 0.65559395, 0.67942537,
       0.67942537, 0.70189244, 0.74617221, 0.76732387, 0.76732387,
       0.76732387, 0.76732387, 0.82351359, 0.85949666, 0.85949666,
       0.85949666, 0.85949666, 0.87508125, 0.89005162, 0.89005162,
       0.89005162, 0.90309084, 0.93973678, 0.95133534, 0.96204457,
       0.98264886, 0.99222269, 0.99222269, 0.99222269, 1.        ,
       1.        , 1.        , 1.        , 1.        , 1.        ,
       1.        , 1.        , 1.        , 1.        , 1.        ,
       1.        ]), array([0.        , 0.        , 0.        , 0.        , 0.        ,
       0.        , 0.        , 0.        , 0.        , 0.        ,
       0.        , 0.        , 0.        , 0.05145544, 0.05145544,
       0.05145544, 0.05145544, 0.05145544, 0.05145544, 0.05145544,
       0.0984427 , 0.0984427 , 0.0984427 , 0.14417087, 0.14417087,
       0.14417087, 0.14417087, 0.14417087, 0.18675021, 0.22849663,
       0.26996685, 0.26996685, 0.26996685, 0.26996685, 0.26996685,
       0.26996685, 0.26996685, 0.30695693, 0.30695693, 0.30695693,
       0.34220449, 0.34220449, 0.37656826, 0.37656826, 0.37656826,
       0.37656826, 0.40871363, 0.40871363, 0.40871363, 0.40871363,
       0.40871363, 0.5249106 , 0.5249106 , 0.55299688, 0.58040463,
       0.6071223 , 0.65926702, 0.65926702, 0.65926702, 0.65926702,
       0.65926702, 0.65926702, 0.65926702, 0.68152795, 0.7032395 ,
       0.7032395 , 0.72334869, 0.72334869, 0.72334869, 0.72334869,
       0.75929899, 0.81141341, 0.81141341, 0.81141341, 0.82701776,
       0.85674479, 0.91351497, 0.91351497, 0.93992701, 0.96495912,
       0.97724366, 1.        , 1.        , 1.        , 1.        ,
       1.        , 1.        , 1.        , 1.        , 1.        ,
       1.        , 1.        , 1.        , 1.        , 1.        ,
       1.        , 1.        , 1.        , 1.        , 1.        ,
       1.        ]), array([0.        , 0.        , 0.        , 0.        , 0.        ,
       0.        , 0.        , 0.        , 0.        , 0.        ,
       0.        , 0.05658787, 0.05658787, 0.05658787, 0.05658787,
       0.05658787, 0.05658787, 0.05658787, 0.05658787, 0.05658787,
       0.05658787, 0.05658787, 0.05658787, 0.05658787, 0.05658787,
       0.05658787, 0.05658787, 0.05658787, 0.10266413, 0.14763422,
       0.14763422, 0.14763422, 0.14763422, 0.14763422, 0.14763422,
       0.14763422, 0.14763422, 0.18798372, 0.18798372, 0.18798372,
       0.18798372, 0.26277448, 0.30004864, 0.33672587, 0.33672587,
       0.33672587, 0.33672587, 0.33672587, 0.40355887, 0.40355887,
       0.40355887, 0.40355887, 0.40355887, 0.40355887, 0.40355887,
       0.43217715, 0.48845409, 0.51625795, 0.51625795, 0.56891785,
       0.5945431 , 0.5945431 , 0.61891856, 0.64264925, 0.66599008,
       0.68818365, 0.70981686, 0.70981686, 0.75149628, 0.77125526,
       0.77125526, 0.79006781, 0.8260077 , 0.8260077 , 0.84255902,
       0.87448524, 0.88973601, 0.88973601, 0.90425517, 0.91813269,
       0.94414172, 0.96890498, 0.98057939, 0.98057939, 0.99078634,
       0.99078634, 1.        , 1.        , 1.        , 1.        ,
       1.        , 1.        , 1.        , 1.        , 1.        ,
       1.        , 1.        , 1.        , 1.        , 1.        ,
       1.        ])]","[array([0.00000000e+00, 2.86877617e-23, 2.86877617e-23, 2.86877617e-23,
       2.86877617e-23, 2.86877617e-23, 2.86877617e-23, 2.86877617e-23,
       2.86877617e-23, 2.86877617e-23, 3.72955380e-03, 3.72955380e-03,
       3.72955380e-03, 3.72955380e-03, 3.72955380e-03, 3.72955380e-03,
       3.72955380e-03, 3.72955380e-03, 3.72955380e-03, 3.72955380e-03,
       3.72955380e-03, 3.72955380e-03, 3.72955380e-03, 3.72955380e-03,
       3.72955380e-03, 3.72955380e-03, 3.72955380e-03, 3.72955380e-03,
       3.72955380e-03, 3.72955380e-03, 3.72955380e-03, 1.57298160e-02,
       1.57298160e-02, 1.57298160e-02, 4.24952495e-02, 4.24952495e-02,
       4.24952495e-02, 5.69045516e-02, 5.69045516e-02, 5.69045516e-02,
       8.82315747e-02, 1.04354594e-01, 1.04354594e-01, 1.04354594e-01,
       1.21724833e-01, 1.39395152e-01, 1.39395152e-01, 1.39395152e-01,
       1.39395152e-01, 1.39395152e-01, 1.39395152e-01, 1.39395152e-01,
       1.39395152e-01, 1.81003918e-01, 1.81003918e-01, 1.81003918e-01,
       1.81003918e-01, 1.81003918e-01, 2.03635392e-01, 2.03635392e-01,
       2.03635392e-01, 2.51504185e-01, 2.51504185e-01, 2.76417309e-01,
       2.76417309e-01, 3.01986848e-01, 3.01986848e-01, 3.01986848e-01,
       3.28859984e-01, 3.28859984e-01, 3.56530117e-01, 3.56530117e-01,
       4.13136616e-01, 4.99696275e-01, 4.99696275e-01, 5.29375938e-01,
       5.59248227e-01, 6.19918515e-01, 6.81359539e-01, 7.43776146e-01,
       8.07025644e-01, 8.71038967e-01, 1.00000000e+00, 1.00000000e+00,
       1.00000000e+00, 1.00000000e+00, 1.00000000e+00, 1.00000000e+00,
       1.00000000e+00, 1.00000000e+00, 1.00000000e+00, 1.00000000e+00,
       1.00000000e+00, 1.00000000e+00, 1.00000000e+00, 1.00000000e+00,
       1.00000000e+00, 1.00000000e+00, 1.00000000e+00, 1.00000000e+00,
       1.00000000e+00]), array([0.00000000e+00, 0.00000000e+00, 5.74586541e-04, 5.74586541e-04,
       5.74586541e-04, 5.74586541e-04, 5.74586541e-04, 5.74586541e-04,
       5.74586541e-04, 5.74586541e-04, 5.74586541e-04, 5.74586541e-04,
       5.74586541e-04, 5.74586541e-04, 5.74586541e-04, 5.74586541e-04,
       5.74586541e-04, 5.74586541e-04, 5.74586541e-04, 5.74586541e-04,
       5.74586541e-04, 5.74586541e-04, 5.74586541e-04, 9.42438870e-03,
       9.42438870e-03, 9.42438870e-03, 9.42438870e-03, 3.09249025e-02,
       3.09249025e-02, 3.09249025e-02, 4.28341906e-02, 4.28341906e-02,
       4.28341906e-02, 4.28341906e-02, 4.28341906e-02, 5.68792858e-02,
       7.12022382e-02, 7.12022382e-02, 7.12022382e-02, 8.67025708e-02,
       1.02533439e-01, 1.02533439e-01, 1.02533439e-01, 1.02533439e-01,
       1.02533439e-01, 1.02533439e-01, 1.02533439e-01, 1.02533439e-01,
       1.02533439e-01, 1.02533439e-01, 1.22439777e-01, 1.22439777e-01,
       1.84445101e-01, 1.84445101e-01, 1.84445101e-01, 2.06346415e-01,
       2.06346415e-01, 2.28925553e-01, 2.52098170e-01, 2.75614446e-01,
       2.99340069e-01, 2.99340069e-01, 3.48571632e-01, 3.48571632e-01,
       3.73942570e-01, 3.99767242e-01, 3.99767242e-01, 4.26295901e-01,
       4.26295901e-01, 4.53683892e-01, 4.53683892e-01, 4.53683892e-01,
       4.53683892e-01, 4.82862971e-01, 5.12522997e-01, 5.42563574e-01,
       5.72797080e-01, 6.03481673e-01, 6.65706064e-01, 6.65706064e-01,
       6.97541009e-01, 7.62202609e-01, 7.62202609e-01, 8.94385326e-01,
       9.61386428e-01, 9.61386428e-01, 9.61386428e-01, 9.61386428e-01,
       9.61386428e-01, 9.61386428e-01, 9.61386428e-01, 9.61386428e-01,
       9.61386428e-01, 9.61386428e-01, 9.61386428e-01, 9.61386428e-01,
       9.61386428e-01, 1.00000000e+00, 1.00000000e+00, 1.00000000e+00,
       1.00000000e+00]), array([0.        , 0.        , 0.        , 0.        , 0.        ,
       0.        , 0.        , 0.        , 0.        , 0.        ,
       0.        , 0.        , 0.        , 0.        , 0.        ,
       0.00563694, 0.00563694, 0.00563694, 0.00563694, 0.00563694,
       0.00563694, 0.00563694, 0.00563694, 0.00563694, 0.00563694,
       0.00563694, 0.00563694, 0.00563694, 0.00563694, 0.00563694,
       0.00563694, 0.00563694, 0.00563694, 0.00563694, 0.0185012 ,
       0.0185012 , 0.03214553, 0.03214553, 0.03214553, 0.03214553,
       0.04754255, 0.06306015, 0.06306015, 0.06306015, 0.08000801,
       0.09741256, 0.09741256, 0.09741256, 0.11585448, 0.15327095,
       0.15327095, 0.17278029, 0.17278029, 0.17278029, 0.21417841,
       0.2351647 , 0.2351647 , 0.2351647 , 0.27964765, 0.27964765,
       0.30269876, 0.32623854, 0.35025905, 0.35025905, 0.37497833,
       0.37497833, 0.40050094, 0.45193146, 0.47822859, 0.47822859,
       0.47822859, 0.47822859, 0.56139778, 0.61771341, 0.61771341,
       0.61771341, 0.61771341, 0.64728844, 0.67722513, 0.67722513,
       0.67722513, 0.70829888, 0.80297549, 0.8348975 , 0.86734316,
       0.93271385, 0.96582803, 0.96582803, 0.96582803, 1.        ,
       1.        , 1.        , 1.        , 1.        , 1.        ,
       1.        , 1.        , 1.        , 1.        , 1.        ,
       1.        ]), array([0.        , 0.        , 0.        , 0.        , 0.        ,
       0.        , 0.        , 0.        , 0.        , 0.        ,
       0.        , 0.        , 0.        , 0.00515094, 0.00515094,
       0.00515094, 0.00515094, 0.00515094, 0.00515094, 0.00515094,
       0.01347809, 0.01347809, 0.01347809, 0.02270026, 0.02270026,
       0.02270026, 0.02270026, 0.02270026, 0.03416078, 0.04621338,
       0.05846231, 0.05846231, 0.05846231, 0.05846231, 0.05846231,
       0.05846231, 0.05846231, 0.07389596, 0.07389596, 0.07389596,
       0.09056828, 0.09056828, 0.10786884, 0.10786884, 0.10786884,
       0.10786884, 0.12674635, 0.12674635, 0.12674635, 0.12674635,
       0.12674635, 0.21105991, 0.21105991, 0.23282283, 0.25506808,
       0.27780388, 0.3241929 , 0.3241929 , 0.3241929 , 0.3241929 ,
       0.3241929 , 0.3241929 , 0.3241929 , 0.35009676, 0.37639116,
       0.37639116, 0.40382459, 0.40382459, 0.40382459, 0.40382459,
       0.46172542, 0.54986404, 0.54986404, 0.54986404, 0.58049974,
       0.64282439, 0.76938151, 0.76938151, 0.83406262, 0.89972465,
       0.93272023, 1.        , 1.        , 1.        , 1.        ,
       1.        , 1.        , 1.        , 1.        , 1.        ,
       1.        , 1.        , 1.        , 1.        , 1.        ,
       1.        , 1.        , 1.        , 1.        , 1.        ,
       1.        ]), array([0.        , 0.        , 0.        , 0.        , 0.        ,
       0.        , 0.        , 0.        , 0.        , 0.        ,
       0.        , 0.00418763, 0.00418763, 0.00418763, 0.00418763,
       0.00418763, 0.00418763, 0.00418763, 0.00418763, 0.00418763,
       0.00418763, 0.00418763, 0.00418763, 0.00418763, 0.00418763,
       0.00418763, 0.00418763, 0.00418763, 0.01497084, 0.02644812,
       0.02644812, 0.02644812, 0.02644812, 0.02644812, 0.02644812,
       0.02644812, 0.02644812, 0.04082462, 0.04082462, 0.04082462,
       0.04082462, 0.0732848 , 0.08959094, 0.10627164, 0.10627164,
       0.10627164, 0.10627164, 0.10627164, 0.14372496, 0.14372496,
       0.14372496, 0.14372496, 0.14372496, 0.14372496, 0.14372496,
       0.16546229, 0.20953908, 0.23178742, 0.23178742, 0.27813375,
       0.30174908, 0.30174908, 0.3261486 , 0.35095269, 0.37600139,
       0.40176996, 0.42789012, 0.42789012, 0.48112622, 0.50842238,
       0.50842238, 0.53631238, 0.59314979, 0.59314979, 0.62245862,
       0.68181443, 0.7119393 , 0.7119393 , 0.74252322, 0.77350974,
       0.83657833, 0.90042858, 0.93279746, 0.93279746, 0.96608711,
       0.96608711, 1.        , 1.        , 1.        , 1.        ,
       1.        , 1.        , 1.        , 1.        , 1.        ,
       1.        , 1.        , 1.        , 1.        , 1.        ,
       1.        ])]","[{'lambda_reg': 0.0037253938395788847, 'gamma': 0.23423849847112907, 'coef0': -4.5354958728000225}, {'lambda_reg': 0.0037253938395788847, 'gamma': 0.23423849847112907, 'coef0': -4.5354958728000225}, {'lambda_reg': 0.016541073183399986, 'gamma': 0.004798876337315295, 'coef0': -1.4390877666500634}, {'lambda_reg': 0.0005176025906267281, 'gamma': 0.0020599161373346187, 'coef0': 3.145244357757634}, {'lambda_reg': 0.016541073183399986, 'gamma': 0.004798876337315295, 'coef0': -1.4390877666500634}]",sigmoid,26
"[np.float64(0.12477172961671125), np.float64(0.1539357558658751), np.float64(0.17846936291342166), np.float64(0.18670169386314428), np.float64(0.13567866857298982)]",0.1559114421664284,0.0238321192901315,"[np.float64(0.6384606486422476), np.float64(0.6869515085897967), np.float64(0.7811303799071154), np.float64(0.7000947548058337), np.float64(0.6884924371245945)]",0.6990259458139176,0.0461891383585046,"[np.float64(0.6877453360705856), np.float64(0.7584354451703902), np.float64(0.6695142849948127), np.float64(0.7422190100609722), np.float64(0.6691588793469343)]",0.705414591128739,0.0376331965367556,"[array([0.        , 0.        , 0.        , 0.        , 0.        ,
       0.        , 0.        , 0.        , 0.        , 0.        ,
       0.        , 0.        , 0.        , 0.        , 0.        ,
       0.        , 0.        , 0.        , 0.        , 0.        ,
       0.        , 0.        , 0.        , 0.        , 0.05084419,
       0.05084419, 0.05084419, 0.09994813, 0.09994813, 0.09994813,
       0.09994813, 0.09994813, 0.14519156, 0.14519156, 0.18911125,
       0.18911125, 0.18911125, 0.18911125, 0.18911125, 0.18911125,
       0.18911125, 0.22841798, 0.22841798, 0.26639607, 0.30414453,
       0.34132089, 0.37784605, 0.37784605, 0.37784605, 0.41238576,
       0.41238576, 0.41238576, 0.44496928, 0.44496928, 0.47572526,
       0.47572526, 0.47572526, 0.47572526, 0.50417774, 0.53155618,
       0.53155618, 0.53155618, 0.53155618, 0.53155618, 0.53155618,
       0.53155618, 0.57741795, 0.59977029, 0.6212629 , 0.66332921,
       0.68341367, 0.68341367, 0.68341367, 0.72016084, 0.73752785,
       0.80539654, 0.87049189, 0.90191818, 0.90191818, 0.95893565,
       1.        , 1.        , 1.        , 1.        , 1.        ,
       1.        , 1.        , 1.        , 1.        , 1.        ,
       1.        , 1.        , 1.        , 1.        , 1.        ,
       1.        , 1.        , 1.        , 1.        , 1.        ,
       1.        ]), array([0.        , 0.        , 0.        , 0.        , 0.        ,
       0.        , 0.        , 0.        , 0.        , 0.        ,
       0.        , 0.        , 0.        , 0.        , 0.        ,
       0.        , 0.        , 0.        , 0.        , 0.04993696,
       0.04993696, 0.04993696, 0.04993696, 0.14494777, 0.14494777,
       0.23793609, 0.23793609, 0.23793609, 0.23793609, 0.28174518,
       0.28174518, 0.28174518, 0.28174518, 0.28174518, 0.32273008,
       0.32273008, 0.32273008, 0.36208883, 0.36208883, 0.40001024,
       0.40001024, 0.40001024, 0.40001024, 0.40001024, 0.40001024,
       0.40001024, 0.40001024, 0.46559694, 0.49798446, 0.52939579,
       0.52939579, 0.5599236 , 0.5599236 , 0.61853658, 0.64689164,
       0.67492266, 0.67492266, 0.70151907, 0.70151907, 0.70151907,
       0.70151907, 0.70151907, 0.70151907, 0.72480898, 0.74731318,
       0.76943216, 0.79066952, 0.79066952, 0.81068721, 0.81068721,
       0.82957422, 0.82957422, 0.84707605, 0.84707605, 0.84707605,
       0.84707605, 0.84707605, 0.84707605, 0.84707605, 0.87346865,
       0.88612427, 0.91023142, 0.9333142 , 0.94401291, 0.94401291,
       0.94401291, 0.97071842, 0.9788669 , 0.9788669 , 1.        ,
       1.        , 1.        , 1.        , 1.        , 1.        ,
       1.        , 1.        , 1.        , 1.        , 1.        ,
       1.        ]), array([0.        , 0.        , 0.        , 0.        , 0.        ,
       0.        , 0.        , 0.        , 0.        , 0.        ,
       0.        , 0.        , 0.        , 0.        , 0.        ,
       0.        , 0.        , 0.        , 0.        , 0.        ,
       0.        , 0.        , 0.        , 0.        , 0.        ,
       0.        , 0.        , 0.        , 0.        , 0.        ,
       0.        , 0.        , 0.        , 0.        , 0.04276591,
       0.04276591, 0.04276591, 0.04276591, 0.04276591, 0.08245119,
       0.08245119, 0.19734701, 0.19734701, 0.23407111, 0.23407111,
       0.26985649, 0.26985649, 0.26985649, 0.26985649, 0.33622834,
       0.36887518, 0.36887518, 0.39994603, 0.46065817, 0.52049845,
       0.52049845, 0.52049845, 0.52049845, 0.52049845, 0.52049845,
       0.57295307, 0.57295307, 0.6227267 , 0.64699745, 0.64699745,
       0.69227383, 0.71469014, 0.73650623, 0.73650623, 0.73650623,
       0.75598844, 0.77525764, 0.81195788, 0.84758556, 0.84758556,
       0.84758556, 0.86302338, 0.90815303, 0.93691598, 0.95080651,
       0.96368083, 0.98877947, 0.98877947, 1.        , 1.        ,
       1.        , 1.        , 1.        , 1.        , 1.        ,
       1.        , 1.        , 1.        , 1.        , 1.        ,
       1.        , 1.        , 1.        , 1.        , 1.        ,
       1.        ]), array([0.        , 0.        , 0.        , 0.        , 0.        ,
       0.        , 0.        , 0.        , 0.        , 0.        ,
       0.        , 0.        , 0.        , 0.        , 0.        ,
       0.        , 0.        , 0.        , 0.        , 0.        ,
       0.        , 0.04785052, 0.04785052, 0.04785052, 0.04785052,
       0.04785052, 0.04785052, 0.13647188, 0.13647188, 0.1796121 ,
       0.2224049 , 0.2224049 , 0.26372529, 0.26372529, 0.30408242,
       0.30408242, 0.30408242, 0.3421688 , 0.38010433, 0.38010433,
       0.41653243, 0.41653243, 0.45182535, 0.45182535, 0.48620479,
       0.519794  , 0.519794  , 0.55221784, 0.55221784, 0.55221784,
       0.58252599, 0.58252599, 0.58252599, 0.61098998, 0.63882962,
       0.66612161, 0.69316908, 0.69316908, 0.71878883, 0.71878883,
       0.71878883, 0.71878883, 0.71878883, 0.71878883, 0.71878883,
       0.74000048, 0.74000048, 0.74000048, 0.75955601, 0.75955601,
       0.75955601, 0.79517099, 0.81239602, 0.81239602, 0.82816781,
       0.82816781, 0.84314127, 0.84314127, 0.85653959, 0.8694948 ,
       0.89407637, 0.92925151, 0.95167098, 0.96247437, 0.98189169,
       0.99120508, 1.        , 1.        , 1.        , 1.        ,
       1.        , 1.        , 1.        , 1.        , 1.        ,
       1.        , 1.        , 1.        , 1.        , 1.        ,
       1.        ]), array([0.        , 0.        , 0.        , 0.        , 0.        ,
       0.        , 0.        , 0.        , 0.        , 0.        ,
       0.        , 0.        , 0.        , 0.        , 0.        ,
       0.        , 0.        , 0.        , 0.        , 0.        ,
       0.        , 0.        , 0.        , 0.        , 0.        ,
       0.        , 0.04548188, 0.09070674, 0.09070674, 0.09070674,
       0.09070674, 0.09070674, 0.09070674, 0.09070674, 0.13117204,
       0.17145901, 0.17145901, 0.17145901, 0.2099465 , 0.2099465 ,
       0.2099465 , 0.2461448 , 0.2461448 , 0.2461448 , 0.2461448 ,
       0.2801671 , 0.31362778, 0.31362778, 0.34585527, 0.34585527,
       0.34585527, 0.34585527, 0.34585527, 0.37468718, 0.40344572,
       0.45925248, 0.48665887, 0.48665887, 0.56418927, 0.58985418,
       0.61484092, 0.61484092, 0.61484092, 0.63810915, 0.63810915,
       0.6597979 , 0.72298505, 0.72298505, 0.7429396 , 0.76211093,
       0.79961685, 0.83566175, 0.83566175, 0.86941166, 0.86941166,
       0.91604337, 0.94599265, 0.97474249, 0.97474249, 0.97474249,
       1.        , 1.        , 1.        , 1.        , 1.        ,
       1.        , 1.        , 1.        , 1.        , 1.        ,
       1.        , 1.        , 1.        , 1.        , 1.        ,
       1.        , 1.        , 1.        , 1.        , 1.        ,
       1.        ])]","[array([0.        , 0.        , 0.        , 0.        , 0.        ,
       0.        , 0.        , 0.        , 0.        , 0.        ,
       0.        , 0.        , 0.        , 0.        , 0.        ,
       0.        , 0.        , 0.        , 0.        , 0.        ,
       0.        , 0.        , 0.        , 0.        , 0.00907266,
       0.00907266, 0.00907266, 0.01915298, 0.01915298, 0.01915298,
       0.01915298, 0.01915298, 0.03146864, 0.03146864, 0.04455078,
       0.04455078, 0.04455078, 0.04455078, 0.04455078, 0.04455078,
       0.04455078, 0.06030396, 0.06030396, 0.07682645, 0.09348192,
       0.11046864, 0.12783242, 0.12783242, 0.12783242, 0.14634584,
       0.14634584, 0.14634584, 0.16599194, 0.16599194, 0.18669624,
       0.18669624, 0.18669624, 0.18669624, 0.20873434, 0.23139434,
       0.23139434, 0.23139434, 0.23139434, 0.23139434, 0.23139434,
       0.23139434, 0.28186484, 0.30743509, 0.33350315, 0.38617133,
       0.41305475, 0.41305475, 0.41305475, 0.46880287, 0.49725976,
       0.61201341, 0.7283729 , 0.78720196, 0.78720196, 0.90823877,
       1.        , 1.        , 1.        , 1.        , 1.        ,
       1.        , 1.        , 1.        , 1.        , 1.        ,
       1.        , 1.        , 1.        , 1.        , 1.        ,
       1.        , 1.        , 1.        , 1.        , 1.        ,
       1.        ]), array([0.        , 0.        , 0.        , 0.        , 0.        ,
       0.        , 0.        , 0.        , 0.        , 0.        ,
       0.        , 0.        , 0.        , 0.        , 0.        ,
       0.        , 0.        , 0.        , 0.        , 0.00761004,
       0.00761004, 0.00761004, 0.00761004, 0.02602442, 0.02602442,
       0.04576727, 0.04576727, 0.04576727, 0.04576727, 0.05740236,
       0.05740236, 0.05740236, 0.05740236, 0.05740236, 0.07089251,
       0.07089251, 0.07089251, 0.08545078, 0.08545078, 0.10095316,
       0.10095316, 0.10095316, 0.10095316, 0.10095316, 0.10095316,
       0.10095316, 0.10095316, 0.13869459, 0.15783187, 0.17761036,
       0.17761036, 0.19796918, 0.19796918, 0.24029125, 0.26207723,
       0.28407606, 0.28407606, 0.3070172 , 0.3070172 , 0.3070172 ,
       0.3070172 , 0.3070172 , 0.3070172 , 0.33213019, 0.35775926,
       0.38364138, 0.41010257, 0.41010257, 0.4373649 , 0.4373649 ,
       0.46536991, 0.46536991, 0.49428477, 0.49428477, 0.49428477,
       0.49428477, 0.49428477, 0.49428477, 0.49428477, 0.5577706 ,
       0.58986866, 0.65485568, 0.72051555, 0.753899  , 0.753899  ,
       0.753899  , 0.85759012, 0.89264867, 0.89264867, 1.        ,
       1.        , 1.        , 1.        , 1.        , 1.        ,
       1.        , 1.        , 1.        , 1.        , 1.        ,
       1.        ]), array([0.        , 0.        , 0.        , 0.        , 0.        ,
       0.        , 0.        , 0.        , 0.        , 0.        ,
       0.        , 0.        , 0.        , 0.        , 0.        ,
       0.        , 0.        , 0.        , 0.        , 0.        ,
       0.        , 0.        , 0.        , 0.        , 0.        ,
       0.        , 0.        , 0.        , 0.        , 0.        ,
       0.        , 0.        , 0.        , 0.        , 0.01314962,
       0.01314962, 0.01314962, 0.01314962, 0.01314962, 0.0281837 ,
       0.0281837 , 0.07583068, 0.07583068, 0.09267615, 0.09267615,
       0.11009585, 0.11009585, 0.11009585, 0.11009585, 0.14811548,
       0.16745506, 0.16745506, 0.1877587 , 0.22924045, 0.27125552,
       0.27125552, 0.27125552, 0.27125552, 0.27125552, 0.27125552,
       0.31778849, 0.31778849, 0.36596147, 0.39042481, 0.39042481,
       0.4413488 , 0.46694652, 0.49291141, 0.49291141, 0.49291141,
       0.52030396, 0.54782681, 0.60399693, 0.66082316, 0.66082316,
       0.66082316, 0.69068971, 0.78101352, 0.84203898, 0.87285203,
       0.90428671, 0.96755368, 0.96755368, 1.        , 1.        ,
       1.        , 1.        , 1.        , 1.        , 1.        ,
       1.        , 1.        , 1.        , 1.        , 1.        ,
       1.        , 1.        , 1.        , 1.        , 1.        ,
       1.        ]), array([0.        , 0.        , 0.        , 0.        , 0.        ,
       0.        , 0.        , 0.        , 0.        , 0.        ,
       0.        , 0.        , 0.        , 0.        , 0.        ,
       0.        , 0.        , 0.        , 0.        , 0.        ,
       0.        , 0.00846685, 0.00846685, 0.00846685, 0.00846685,
       0.00846685, 0.00846685, 0.0302058 , 0.0302058 , 0.04186971,
       0.05376943, 0.05376943, 0.06666853, 0.06666853, 0.08022144,
       0.08022144, 0.08022144, 0.09531558, 0.11051212, 0.11051212,
       0.12673181, 0.12673181, 0.14372199, 0.14372199, 0.16133218,
       0.17947873, 0.17947873, 0.19841626, 0.19841626, 0.19841626,
       0.21878979, 0.21878979, 0.21878979, 0.24041503, 0.26246404,
       0.28488476, 0.30747143, 0.30747143, 0.33102716, 0.33102716,
       0.33102716, 0.33102716, 0.33102716, 0.33102716, 0.33102716,
       0.35757484, 0.35757484, 0.35757484, 0.3852466 , 0.3852466 ,
       0.3852466 , 0.44296302, 0.47221657, 0.47221657, 0.50245649,
       0.50245649, 0.53323827, 0.53323827, 0.56508916, 0.5972408 ,
       0.66244602, 0.76140583, 0.82807855, 0.86169072, 0.93040112,
       0.96502461, 1.        , 1.        , 1.        , 1.        ,
       1.        , 1.        , 1.        , 1.        , 1.        ,
       1.        , 1.        , 1.        , 1.        , 1.        ,
       1.        ]), array([0.        , 0.        , 0.        , 0.        , 0.        ,
       0.        , 0.        , 0.        , 0.        , 0.        ,
       0.        , 0.        , 0.        , 0.        , 0.        ,
       0.        , 0.        , 0.        , 0.        , 0.        ,
       0.        , 0.        , 0.        , 0.        , 0.        ,
       0.        , 0.01044555, 0.02106103, 0.02106103, 0.02106103,
       0.02106103, 0.02106103, 0.02106103, 0.02106103, 0.03482328,
       0.04870344, 0.04870344, 0.04870344, 0.06377331, 0.06377331,
       0.06377331, 0.08035668, 0.08035668, 0.08035668, 0.08035668,
       0.09837872, 0.11677206, 0.11677206, 0.13598072, 0.13598072,
       0.13598072, 0.13598072, 0.13598072, 0.15743436, 0.17893652,
       0.2230716 , 0.24546773, 0.24546773, 0.31575607, 0.33930357,
       0.36329945, 0.36329945, 0.36329945, 0.3884315 , 0.3884315 ,
       0.41460784, 0.49437919, 0.49437919, 0.52170209, 0.54954281,
       0.60577745, 0.66297805, 0.66297805, 0.72169598, 0.72169598,
       0.81241292, 0.87364363, 0.93566734, 0.93566734, 0.93566734,
       1.        , 1.        , 1.        , 1.        , 1.        ,
       1.        , 1.        , 1.        , 1.        , 1.        ,
       1.        , 1.        , 1.        , 1.        , 1.        ,
       1.        , 1.        , 1.        , 1.        , 1.        ,
       1.        ])]","[{'lambda_reg': 0.9162648403063466, 'gamma': 0.030714744539053682}, {'lambda_reg': 0.10833638781816698, 'gamma': 0.007583182468315394}, {'lambda_reg': 0.8192602279031006, 'gamma': 0.023739423955292542}, {'lambda_reg': 0.1452824663751603, 'gamma': 0.0070689749506246055}, {'lambda_reg': 0.8192602279031006, 'gamma': 0.023739423955292542}]",laplacian,23
"[np.float64(0.13074038554440454), np.float64(0.1470634668211884), np.float64(0.17749891311031893), np.float64(0.19453347190776077), np.float64(0.13693009370937706)]",0.1573532662186099,0.0245741577618991,"[np.float64(0.5891599149821635), np.float64(0.7108836440526972), np.float64(0.7954183315539202), np.float64(0.6988528444172577), np.float64(0.6848479240381158)]",0.6958325318088308,0.0658068363734719,"[np.float64(0.7936018255622983), np.float64(0.763110842415471), np.float64(0.7202871232198244), np.float64(0.7860049440032288), np.float64(0.748273815205383)]",0.762255710081241,0.0264733525886161,"[array([0.        , 0.        , 0.        , 0.        , 0.        ,
       0.        , 0.        , 0.        , 0.        , 0.        ,
       0.        , 0.        , 0.        , 0.        , 0.        ,
       0.        , 0.        , 0.        , 0.        , 0.        ,
       0.        , 0.        , 0.06997635, 0.06997635, 0.06997635,
       0.06997635, 0.06997635, 0.06997635, 0.06997635, 0.06997635,
       0.06997635, 0.06997635, 0.06997635, 0.18959594, 0.18959594,
       0.18959594, 0.18959594, 0.18959594, 0.18959594, 0.18959594,
       0.18959594, 0.18959594, 0.24165522, 0.39490481, 0.39490481,
       0.39490481, 0.49195128, 0.49195128, 0.49195128, 0.49195128,
       0.49195128, 0.53574386, 0.57916009, 0.57916009, 0.57916009,
       0.57916009, 0.61893149, 0.61893149, 0.61893149, 0.61893149,
       0.61893149, 0.61893149, 0.61893149, 0.61893149, 0.65184918,
       0.6838177 , 0.6838177 , 0.6838177 , 0.6838177 , 0.6838177 ,
       0.6838177 , 0.6838177 , 0.7094612 , 0.75855461, 0.75855461,
       0.78151285, 0.78151285, 0.78151285, 0.78151285, 0.78151285,
       0.80003339, 0.80003339, 0.80003339, 0.81580473, 0.83044266,
       0.83044266, 0.84337298, 0.85540076, 0.88869791, 0.90910145,
       0.91841879, 0.92684257, 0.95656364, 0.98345043, 0.9948243 ,
       1.        , 1.        , 1.        , 1.        , 1.        ,
       1.        ]), array([0.        , 0.        , 0.        , 0.        , 0.        ,
       0.        , 0.        , 0.        , 0.        , 0.        ,
       0.        , 0.        , 0.        , 0.        , 0.        ,
       0.        , 0.        , 0.        , 0.05294368, 0.05294368,
       0.05294368, 0.05294368, 0.05294368, 0.05294368, 0.05294368,
       0.05294368, 0.05294368, 0.05294368, 0.05294368, 0.09868253,
       0.09868253, 0.18799341, 0.18799341, 0.18799341, 0.23058554,
       0.23058554, 0.31350739, 0.31350739, 0.35365519, 0.35365519,
       0.35365519, 0.35365519, 0.39152924, 0.39152924, 0.39152924,
       0.39152924, 0.46143587, 0.46143587, 0.46143587, 0.49455015,
       0.49455015, 0.58962692, 0.62062343, 0.65083506, 0.68054518,
       0.68054518, 0.70944408, 0.70944408, 0.70944408, 0.73614238,
       0.73614238, 0.78653232, 0.81131945, 0.81131945, 0.81131945,
       0.83418635, 0.83418635, 0.83418635, 0.83418635, 0.85426837,
       0.85426837, 0.85426837, 0.85426837, 0.85426837, 0.85426837,
       0.85426837, 0.85426837, 0.89948458, 0.89948458, 0.89948458,
       0.89948458, 0.89948458, 0.9115283 , 0.9115283 , 0.92203934,
       0.93229976, 0.93229976, 0.94077218, 0.95732595, 0.96449456,
       0.97756873, 0.98354655, 1.        , 1.        , 1.        ,
       1.        , 1.        , 1.        , 1.        , 1.        ,
       1.        ]), array([0.        , 0.        , 0.        , 0.        , 0.        ,
       0.        , 0.        , 0.        , 0.        , 0.        ,
       0.        , 0.        , 0.        , 0.        , 0.        ,
       0.        , 0.        , 0.        , 0.        , 0.        ,
       0.        , 0.        , 0.        , 0.05096734, 0.05096734,
       0.05096734, 0.05096734, 0.05096734, 0.05096734, 0.05096734,
       0.05096734, 0.09644705, 0.09644705, 0.09644705, 0.09644705,
       0.09644705, 0.09644705, 0.09644705, 0.09644705, 0.13646022,
       0.13646022, 0.17563042, 0.17563042, 0.25041271, 0.32402634,
       0.32402634, 0.32402634, 0.35933679, 0.35933679, 0.39334796,
       0.42648165, 0.45903091, 0.52273104, 0.58542613, 0.58542613,
       0.61497185, 0.61497185, 0.64326556, 0.64326556, 0.64326556,
       0.66988952, 0.66988952, 0.69525368, 0.71959872, 0.74324028,
       0.74324028, 0.74324028, 0.74324028, 0.76441824, 0.80588751,
       0.84588381, 0.86520977, 0.86520977, 0.86520977, 0.86520977,
       0.88188895, 0.89823585, 0.89823585, 0.89823585, 0.91229366,
       0.91229366, 0.91229366, 0.93676337, 0.93676337, 0.93676337,
       0.95677464, 0.95677464, 0.96567895, 0.97358025, 0.98099638,
       0.99460273, 0.99460273, 1.        , 1.        , 1.        ,
       1.        , 1.        , 1.        , 1.        , 1.        ,
       1.        ]), array([0.        , 0.        , 0.        , 0.        , 0.        ,
       0.        , 0.        , 0.        , 0.        , 0.        ,
       0.        , 0.        , 0.        , 0.        , 0.        ,
       0.04986211, 0.04986211, 0.04986211, 0.04986211, 0.04986211,
       0.04986211, 0.14281177, 0.14281177, 0.14281177, 0.14281177,
       0.18658048, 0.22995843, 0.31579875, 0.35798041, 0.39962906,
       0.39962906, 0.39962906, 0.39962906, 0.39962906, 0.39962906,
       0.39962906, 0.4369939 , 0.474236  , 0.474236  , 0.474236  ,
       0.474236  , 0.474236  , 0.474236  , 0.54113744, 0.57382829,
       0.63871393, 0.67046396, 0.67046396, 0.73162193, 0.73162193,
       0.73162193, 0.73162193, 0.73162193, 0.75940019, 0.75940019,
       0.75940019, 0.75940019, 0.75940019, 0.75940019, 0.75940019,
       0.75940019, 0.78237324, 0.78237324, 0.78237324, 0.78237324,
       0.78237324, 0.78237324, 0.78237324, 0.78237324, 0.78237324,
       0.81769378, 0.83518617, 0.83518617, 0.85097108, 0.85097108,
       0.85097108, 0.86515204, 0.87908028, 0.87908028, 0.87908028,
       0.89100873, 0.89100873, 0.90195067, 0.91199276, 0.9218397 ,
       0.93990246, 0.94835795, 0.97967701, 0.98695767, 0.99382788,
       1.        , 1.        , 1.        , 1.        , 1.        ,
       1.        , 1.        , 1.        , 1.        , 1.        ,
       1.        ]), array([0.        , 0.        , 0.        , 0.        , 0.        ,
       0.        , 0.        , 0.        , 0.        , 0.        ,
       0.        , 0.        , 0.        , 0.06230042, 0.06230042,
       0.06230042, 0.06230042, 0.06230042, 0.06230042, 0.06230042,
       0.06230042, 0.06230042, 0.06230042, 0.06230042, 0.06230042,
       0.06230042, 0.06230042, 0.06230042, 0.06230042, 0.06230042,
       0.11259071, 0.11259071, 0.11259071, 0.1611315 , 0.1611315 ,
       0.1611315 , 0.1611315 , 0.1611315 , 0.20592521, 0.20592521,
       0.24957255, 0.24957255, 0.24957255, 0.24957255, 0.33070477,
       0.37048785, 0.37048785, 0.44682257, 0.44682257, 0.44682257,
       0.44682257, 0.44682257, 0.44682257, 0.48098341, 0.48098341,
       0.48098341, 0.51276537, 0.51276537, 0.51276537, 0.57178267,
       0.57178267, 0.65664563, 0.65664563, 0.65664563, 0.68259062,
       0.68259062, 0.73156846, 0.75520116, 0.75520116, 0.75520116,
       0.75520116, 0.75520116, 0.7961697 , 0.7961697 , 0.7961697 ,
       0.8146836 , 0.83205803, 0.86579711, 0.86579711, 0.86579711,
       0.86579711, 0.8799339 , 0.8799339 , 0.8799339 , 0.92760955,
       0.92760955, 0.93823503, 0.95814297, 0.95814297, 0.96647183,
       0.98962461, 0.98962461, 0.98962461, 0.99522174, 1.        ,
       1.        , 1.        , 1.        , 1.        , 1.        ,
       1.        ])]","[array([0.        , 0.        , 0.        , 0.        , 0.        ,
       0.        , 0.        , 0.        , 0.        , 0.        ,
       0.        , 0.        , 0.        , 0.        , 0.        ,
       0.        , 0.        , 0.        , 0.        , 0.        ,
       0.        , 0.        , 0.00719824, 0.00719824, 0.00719824,
       0.00719824, 0.00719824, 0.00719824, 0.00719824, 0.00719824,
       0.00719824, 0.00719824, 0.00719824, 0.02926301, 0.02926301,
       0.02926301, 0.02926301, 0.02926301, 0.02926301, 0.02926301,
       0.02926301, 0.02926301, 0.04321837, 0.08618876, 0.08618876,
       0.08618876, 0.11676658, 0.11676658, 0.11676658, 0.11676658,
       0.11676658, 0.13383958, 0.15105451, 0.15105451, 0.15105451,
       0.15105451, 0.16964401, 0.16964401, 0.16964401, 0.16964401,
       0.16964401, 0.16964401, 0.16964401, 0.16964401, 0.19081828,
       0.21235051, 0.21235051, 0.21235051, 0.21235051, 0.21235051,
       0.21235051, 0.21235051, 0.23626811, 0.28493059, 0.28493059,
       0.30986089, 0.30986089, 0.30986089, 0.30986089, 0.30986089,
       0.33646479, 0.33646479, 0.33646479, 0.3641055 , 0.39217366,
       0.39217366, 0.42088581, 0.44993834, 0.53814669, 0.59762905,
       0.62770377, 0.65811549, 0.78126109, 0.90547559, 0.96836333,
       1.        , 1.        , 1.        , 1.        , 1.        ,
       1.        ]), array([0.        , 0.        , 0.        , 0.        , 0.        ,
       0.        , 0.        , 0.        , 0.        , 0.        ,
       0.        , 0.        , 0.        , 0.        , 0.        ,
       0.        , 0.        , 0.        , 0.00691694, 0.00691694,
       0.00691694, 0.00691694, 0.00691694, 0.00691694, 0.00691694,
       0.00691694, 0.00691694, 0.00691694, 0.00691694, 0.01824288,
       0.01824288, 0.04222074, 0.04222074, 0.04222074, 0.05547233,
       0.05547233, 0.08335997, 0.08335997, 0.09810736, 0.09810736,
       0.09810736, 0.09810736, 0.11424617, 0.11424617, 0.11424617,
       0.11424617, 0.15009849, 0.15009849, 0.15009849, 0.16915005,
       0.16915005, 0.22891536, 0.2492629 , 0.27009074, 0.29122547,
       0.29122547, 0.31285664, 0.31285664, 0.31285664, 0.33583447,
       0.33583447, 0.38363005, 0.40777742, 0.40777742, 0.40777742,
       0.43309988, 0.43309988, 0.43309988, 0.43309988, 0.46012654,
       0.46012654, 0.46012654, 0.46012654, 0.46012654, 0.46012654,
       0.46012654, 0.46012654, 0.55040407, 0.55040407, 0.55040407,
       0.55040407, 0.55040407, 0.58234979, 0.58234979, 0.61523343,
       0.64827043, 0.64827043, 0.6824016 , 0.75090327, 0.78583231,
       0.85646332, 0.89212106, 1.        , 1.        , 1.        ,
       1.        , 1.        , 1.        , 1.        , 1.        ,
       1.        ]), array([0.        , 0.        , 0.        , 0.        , 0.        ,
       0.        , 0.        , 0.        , 0.        , 0.        ,
       0.        , 0.        , 0.        , 0.        , 0.        ,
       0.        , 0.        , 0.        , 0.        , 0.        ,
       0.        , 0.        , 0.        , 0.00858821, 0.00858821,
       0.00858821, 0.00858821, 0.00858821, 0.00858821, 0.00858821,
       0.00858821, 0.02043923, 0.02043923, 0.02043923, 0.02043923,
       0.02043923, 0.02043923, 0.02043923, 0.02043923, 0.0355405 ,
       0.0355405 , 0.05114297, 0.05114297, 0.08446348, 0.11847885,
       0.11847885, 0.11847885, 0.13637624, 0.13637624, 0.15504613,
       0.17423776, 0.19377687, 0.23368654, 0.27419378, 0.27419378,
       0.29551871, 0.29551871, 0.31758806, 0.31758806, 0.31758806,
       0.34065019, 0.34065019, 0.36446138, 0.3888785 , 0.41371389,
       0.41371389, 0.41371389, 0.41371389, 0.44001407, 0.49314161,
       0.54714494, 0.57454627, 0.57454627, 0.57454627, 0.57454627,
       0.60352131, 0.63269391, 0.63269391, 0.63269391, 0.66322754,
       0.66322754, 0.66322754, 0.72646257, 0.72646257, 0.72646257,
       0.79234846, 0.79234846, 0.82594623, 0.86014036, 0.89462295,
       0.96431704, 0.96431704, 1.        , 1.        , 1.        ,
       1.        , 1.        , 1.        , 1.        , 1.        ,
       1.        ]), array([0.        , 0.        , 0.        , 0.        , 0.        ,
       0.        , 0.        , 0.        , 0.        , 0.        ,
       0.        , 0.        , 0.        , 0.        , 0.        ,
       0.00608005, 0.00608005, 0.00608005, 0.00608005, 0.00608005,
       0.00608005, 0.02310998, 0.02310998, 0.02310998, 0.02310998,
       0.03357021, 0.04431134, 0.06645174, 0.0780528 , 0.09003702,
       0.09003702, 0.09003702, 0.09003702, 0.09003702, 0.09003702,
       0.09003702, 0.10510061, 0.12025243, 0.12025243, 0.12025243,
       0.12025243, 0.12025243, 0.12025243, 0.15600685, 0.17443029,
       0.21163375, 0.23073348, 0.23073348, 0.27061655, 0.27061655,
       0.27061655, 0.27061655, 0.27061655, 0.29257135, 0.29257135,
       0.29257135, 0.29257135, 0.29257135, 0.29257135, 0.29257135,
       0.29257135, 0.31798033, 0.31798033, 0.31798033, 0.31798033,
       0.31798033, 0.31798033, 0.31798033, 0.31798033, 0.31798033,
       0.37643637, 0.40578506, 0.40578506, 0.43636116, 0.43636116,
       0.43636116, 0.46809024, 0.50000099, 0.50000099, 0.50000099,
       0.53334927, 0.53334927, 0.56740669, 0.60211096, 0.63695551,
       0.70781712, 0.74366191, 0.88884021, 0.9255295 , 0.96251384,
       1.        , 1.        , 1.        , 1.        , 1.        ,
       1.        , 1.        , 1.        , 1.        , 1.        ,
       1.        ]), array([0.        , 0.        , 0.        , 0.        , 0.        ,
       0.        , 0.        , 0.        , 0.        , 0.        ,
       0.        , 0.        , 0.        , 0.00480531, 0.00480531,
       0.00480531, 0.00480531, 0.00480531, 0.00480531, 0.00480531,
       0.00480531, 0.00480531, 0.00480531, 0.00480531, 0.00480531,
       0.00480531, 0.00480531, 0.00480531, 0.00480531, 0.00480531,
       0.01581522, 0.01581522, 0.01581522, 0.02772896, 0.02772896,
       0.02772896, 0.02772896, 0.02772896, 0.04157848, 0.04157848,
       0.05602023, 0.05602023, 0.05602023, 0.05602023, 0.08808736,
       0.10452545, 0.10452545, 0.13907103, 0.13907103, 0.13907103,
       0.13907103, 0.13907103, 0.13907103, 0.15841365, 0.15841365,
       0.15841365, 0.17898522, 0.17898522, 0.17898522, 0.22247723,
       0.22247723, 0.28960759, 0.28960759, 0.28960759, 0.31319463,
       0.31319463, 0.36187316, 0.38665477, 0.38665477, 0.38665477,
       0.38665477, 0.38665477, 0.43947102, 0.43947102, 0.43947102,
       0.46689706, 0.49491178, 0.55146287, 0.55146287, 0.55146287,
       0.55146287, 0.58115019, 0.58115019, 0.58115019, 0.70448263,
       0.70448263, 0.73598394, 0.7996804 , 0.7996804 , 0.83236818,
       0.93137889, 0.93137889, 0.93137889, 0.96547793, 1.        ,
       1.        , 1.        , 1.        , 1.        , 1.        ,
       1.        ])]","[{'lambda_reg': 0.9012852407949292}, {'lambda_reg': 0.0457056309980145}, {'lambda_reg': 0.974217634211552}, {'lambda_reg': 0.974217634211552}, {'lambda_reg': 0.974217634211552}]",linear,21
"[np.float64(0.12314772497745041), np.float64(0.150772887631011), np.float64(0.17570082748197577), np.float64(0.19026171057880883), np.float64(0.1342606333620195)]",0.1548287568062531,0.0250372646343882,"[np.float64(0.6867897841663039), np.float64(0.7165572326326505), np.float64(0.7858320907946145), np.float64(0.7013265623854181), np.float64(0.6826653212988061)]",0.7146341982555586,0.0375426467514493,"[np.float64(0.6464252568471426), np.float64(0.752202930884478), np.float64(0.6883291167302718), np.float64(0.7495447098152588), np.float64(0.7101693956038811)]",0.7093342819762064,0.0396334691660713,"[array([0.        , 0.        , 0.        , 0.        , 0.        ,
       0.        , 0.        , 0.        , 0.        , 0.        ,
       0.        , 0.        , 0.        , 0.        , 0.        ,
       0.        , 0.        , 0.        , 0.        , 0.        ,
       0.        , 0.        , 0.        , 0.05075959, 0.05075959,
       0.05075959, 0.05075959, 0.05075959, 0.05075959, 0.05075959,
       0.05075959, 0.05075959, 0.09527301, 0.09527301, 0.09527301,
       0.09527301, 0.09527301, 0.09527301, 0.09527301, 0.09527301,
       0.09527301, 0.1732425 , 0.1732425 , 0.21082486, 0.21082486,
       0.21082486, 0.24634632, 0.24634632, 0.24634632, 0.2801559 ,
       0.31329702, 0.31329702, 0.34511237, 0.34511237, 0.34511237,
       0.40476884, 0.40476884, 0.43313593, 0.43313593, 0.43313593,
       0.48594602, 0.48594602, 0.48594602, 0.48594602, 0.50951862,
       0.55576461, 0.55576461, 0.57779742, 0.62045344, 0.6411859 ,
       0.66103755, 0.73819051, 0.81250437, 0.83028678, 0.91708611,
       0.9838721 , 1.        , 1.        , 1.        , 1.        ,
       1.        , 1.        , 1.        , 1.        , 1.        ,
       1.        , 1.        , 1.        , 1.        , 1.        ,
       1.        , 1.        , 1.        , 1.        , 1.        ,
       1.        , 1.        , 1.        , 1.        , 1.        ,
       1.        ]), array([0.        , 0.        , 0.        , 0.        , 0.        ,
       0.        , 0.        , 0.        , 0.        , 0.        ,
       0.        , 0.        , 0.        , 0.        , 0.        ,
       0.        , 0.        , 0.        , 0.05148287, 0.05148287,
       0.05148287, 0.05148287, 0.05148287, 0.05148287, 0.09881754,
       0.09881754, 0.14510628, 0.14510628, 0.14510628, 0.23403611,
       0.23403611, 0.23403611, 0.3189474 , 0.3189474 , 0.3189474 ,
       0.3189474 , 0.35884586, 0.35884586, 0.35884586, 0.35884586,
       0.35884586, 0.35884586, 0.35884586, 0.35884586, 0.39423177,
       0.39423177, 0.39423177, 0.46130087, 0.46130087, 0.49334828,
       0.52446268, 0.55515007, 0.55515007, 0.58455589, 0.64207369,
       0.64207369, 0.66962621, 0.66962621, 0.69612228, 0.69612228,
       0.69612228, 0.72055656, 0.72055656, 0.72055656, 0.74326086,
       0.78758216, 0.78758216, 0.78758216, 0.82790047, 0.82790047,
       0.82790047, 0.82790047, 0.82790047, 0.82790047, 0.84457918,
       0.84457918, 0.84457918, 0.85900629, 0.87280924, 0.88631848,
       0.89892825, 0.89892825, 0.910507  , 0.92148527, 0.93168721,
       0.95075931, 0.95983911, 0.9682186 , 1.        , 1.        ,
       1.        , 1.        , 1.        , 1.        , 1.        ,
       1.        , 1.        , 1.        , 1.        , 1.        ,
       1.        ]), array([0.        , 0.        , 0.        , 0.        , 0.        ,
       0.        , 0.        , 0.        , 0.        , 0.        ,
       0.        , 0.        , 0.        , 0.        , 0.        ,
       0.        , 0.        , 0.        , 0.        , 0.        ,
       0.        , 0.        , 0.05023288, 0.05023288, 0.05023288,
       0.05023288, 0.05023288, 0.05023288, 0.05023288, 0.05023288,
       0.05023288, 0.05023288, 0.05023288, 0.05023288, 0.05023288,
       0.09214166, 0.09214166, 0.09214166, 0.09214166, 0.09214166,
       0.13109854, 0.20791844, 0.20791844, 0.20791844, 0.24416167,
       0.24416167, 0.27933497, 0.27933497, 0.31304715, 0.34586853,
       0.37850084, 0.41059943, 0.44205796, 0.50308015, 0.53281036,
       0.53281036, 0.56135865, 0.56135865, 0.58877676, 0.58877676,
       0.61488084, 0.61488084, 0.63969693, 0.66379935, 0.66379935,
       0.66379935, 0.70812394, 0.75103747, 0.75103747, 0.77105639,
       0.77105639, 0.80910967, 0.84519871, 0.86274392, 0.86274392,
       0.86274392, 0.86274392, 0.87810513, 0.89251355, 0.91999796,
       0.91999796, 0.95795572, 0.95795572, 0.97997951, 0.99042238,
       0.99042238, 1.        , 1.        , 1.        , 1.        ,
       1.        , 1.        , 1.        , 1.        , 1.        ,
       1.        , 1.        , 1.        , 1.        , 1.        ,
       1.        ]), array([0.        , 0.        , 0.        , 0.        , 0.        ,
       0.        , 0.        , 0.        , 0.        , 0.        ,
       0.        , 0.        , 0.        , 0.05141851, 0.05141851,
       0.05141851, 0.05141851, 0.05141851, 0.05141851, 0.05141851,
       0.09880986, 0.09880986, 0.14519825, 0.14519825, 0.14519825,
       0.14519825, 0.14519825, 0.14519825, 0.18777813, 0.22958457,
       0.2713341 , 0.2713341 , 0.31149134, 0.31149134, 0.35080078,
       0.38934525, 0.42723985, 0.42723985, 0.42723985, 0.42723985,
       0.42723985, 0.42723985, 0.42723985, 0.42723985, 0.42723985,
       0.46010954, 0.49203501, 0.58617814, 0.58617814, 0.58617814,
       0.58617814, 0.58617814, 0.61468384, 0.61468384, 0.61468384,
       0.64154249, 0.69425851, 0.69425851, 0.69425851, 0.71862682,
       0.71862682, 0.71862682, 0.71862682, 0.71862682, 0.74000576,
       0.74000576, 0.76005804, 0.76005804, 0.76005804, 0.76005804,
       0.76005804, 0.76005804, 0.79317551, 0.79317551, 0.82395878,
       0.82395878, 0.85278363, 0.88061439, 0.88061439, 0.88061439,
       0.89295972, 0.9278237 , 0.9497517 , 0.98078341, 0.9907605 ,
       1.        , 1.        , 1.        , 1.        , 1.        ,
       1.        , 1.        , 1.        , 1.        , 1.        ,
       1.        , 1.        , 1.        , 1.        , 1.        ,
       1.        ]), array([0.        , 0.        , 0.        , 0.        , 0.        ,
       0.        , 0.        , 0.        , 0.        , 0.        ,
       0.        , 0.        , 0.        , 0.        , 0.        ,
       0.05417654, 0.05417654, 0.05417654, 0.05417654, 0.05417654,
       0.05417654, 0.05417654, 0.05417654, 0.05417654, 0.05417654,
       0.05417654, 0.10106951, 0.10106951, 0.10106951, 0.14603678,
       0.14603678, 0.14603678, 0.14603678, 0.14603678, 0.14603678,
       0.18721872, 0.18721872, 0.18721872, 0.18721872, 0.22618628,
       0.26428003, 0.33973921, 0.33973921, 0.33973921, 0.33973921,
       0.37511375, 0.40934574, 0.40934574, 0.40934574, 0.40934574,
       0.40934574, 0.40934574, 0.40934574, 0.40934574, 0.40934574,
       0.46711043, 0.55150596, 0.55150596, 0.57861811, 0.57861811,
       0.60395728, 0.65364332, 0.67770179, 0.67770179, 0.67770179,
       0.70042019, 0.70042019, 0.7215494 , 0.74225971, 0.76226437,
       0.76226437, 0.79993918, 0.81807351, 0.81807351, 0.83501676,
       0.83501676, 0.88142608, 0.89603444, 0.89603444, 0.90981768,
       0.92302533, 0.94755305, 0.95930168, 0.98162059, 0.98162059,
       0.99117302, 0.99117302, 1.        , 1.        , 1.        ,
       1.        , 1.        , 1.        , 1.        , 1.        ,
       1.        , 1.        , 1.        , 1.        , 1.        ,
       1.        ])]","[array([0.        , 0.        , 0.        , 0.        , 0.        ,
       0.        , 0.        , 0.        , 0.        , 0.        ,
       0.        , 0.        , 0.        , 0.        , 0.        ,
       0.        , 0.        , 0.        , 0.        , 0.        ,
       0.        , 0.        , 0.        , 0.00863585, 0.00863585,
       0.00863585, 0.00863585, 0.00863585, 0.00863585, 0.00863585,
       0.00863585, 0.00863585, 0.02100347, 0.02100347, 0.02100347,
       0.02100347, 0.02100347, 0.02100347, 0.02100347, 0.02100347,
       0.02100347, 0.05234495, 0.05234495, 0.06885355, 0.06885355,
       0.06885355, 0.08659343, 0.08659343, 0.08659343, 0.10535608,
       0.1245181 , 0.1245181 , 0.1444722 , 0.1444722 , 0.1444722 ,
       0.18675483, 0.18675483, 0.2087691 , 0.2087691 , 0.2087691 ,
       0.2551421 , 0.2551421 , 0.2551421 , 0.2551421 , 0.28002084,
       0.33031556, 0.33031556, 0.35611426, 0.40855382, 0.43512941,
       0.46223124, 0.57198502, 0.68343501, 0.71177311, 0.85472587,
       0.97067341, 1.        , 1.        , 1.        , 1.        ,
       1.        , 1.        , 1.        , 1.        , 1.        ,
       1.        , 1.        , 1.        , 1.        , 1.        ,
       1.        , 1.        , 1.        , 1.        , 1.        ,
       1.        , 1.        , 1.        , 1.        , 1.        ,
       1.        ]), array([0.        , 0.        , 0.        , 0.        , 0.        ,
       0.        , 0.        , 0.        , 0.        , 0.        ,
       0.        , 0.        , 0.        , 0.        , 0.        ,
       0.        , 0.        , 0.        , 0.00691192, 0.00691192,
       0.00691192, 0.00691192, 0.00691192, 0.00691192, 0.01649998,
       0.01649998, 0.02676279, 0.02676279, 0.02676279, 0.04964165,
       0.04964165, 0.04964165, 0.07511299, 0.07511299, 0.07511299,
       0.07511299, 0.08949839, 0.08949839, 0.08949839, 0.08949839,
       0.08949839, 0.08949839, 0.08949839, 0.08949839, 0.10679498,
       0.10679498, 0.10679498, 0.14377689, 0.14377689, 0.16322725,
       0.18327952, 0.20360728, 0.20360728, 0.22476181, 0.26790558,
       0.26790558, 0.29025574, 0.29025574, 0.31328744, 0.31328744,
       0.31328744, 0.33764928, 0.33764928, 0.33764928, 0.36312718,
       0.41478443, 0.41478443, 0.41478443, 0.46902414, 0.46902414,
       0.46902414, 0.46902414, 0.46902414, 0.46902414, 0.49838934,
       0.49838934, 0.49838934, 0.52920713, 0.56042757, 0.5918375 ,
       0.62382771, 0.62382771, 0.65648306, 0.6895258 , 0.72306938,
       0.7910157 , 0.8252832 , 0.8600025 , 1.        , 1.        ,
       1.        , 1.        , 1.        , 1.        , 1.        ,
       1.        , 1.        , 1.        , 1.        , 1.        ,
       1.        ]), array([0.        , 0.        , 0.        , 0.        , 0.        ,
       0.        , 0.        , 0.        , 0.        , 0.        ,
       0.        , 0.        , 0.        , 0.        , 0.        ,
       0.        , 0.        , 0.        , 0.        , 0.        ,
       0.        , 0.        , 0.00860614, 0.00860614, 0.00860614,
       0.00860614, 0.00860614, 0.00860614, 0.00860614, 0.00860614,
       0.00860614, 0.00860614, 0.00860614, 0.00860614, 0.00860614,
       0.02229646, 0.02229646, 0.02229646, 0.02229646, 0.02229646,
       0.03778972, 0.06944437, 0.06944437, 0.06944437, 0.08659507,
       0.08659507, 0.10439927, 0.10439927, 0.12309588, 0.14233658,
       0.16169275, 0.18137491, 0.201448  , 0.24275154, 0.26388025,
       0.26388025, 0.28573085, 0.28573085, 0.30827174, 0.30827174,
       0.33161521, 0.33161521, 0.35574536, 0.3803114 , 0.3803114 ,
       0.3803114 , 0.43181345, 0.48417734, 0.48417734, 0.51123749,
       0.51123749, 0.56656992, 0.62310206, 0.65167309, 0.65167309,
       0.65167309, 0.65167309, 0.68157807, 0.71206499, 0.77385264,
       0.77385264, 0.86853067, 0.86853067, 0.93365355, 0.96656254,
       0.96656254, 1.        , 1.        , 1.        , 1.        ,
       1.        , 1.        , 1.        , 1.        , 1.        ,
       1.        , 1.        , 1.        , 1.        , 1.        ,
       1.        ]), array([0.        , 0.        , 0.        , 0.        , 0.        ,
       0.        , 0.        , 0.        , 0.        , 0.        ,
       0.        , 0.        , 0.        , 0.00524916, 0.00524916,
       0.00524916, 0.00524916, 0.00524916, 0.00524916, 0.00524916,
       0.01335031, 0.01335031, 0.02216174, 0.02216174, 0.02216174,
       0.02216174, 0.02216174, 0.02216174, 0.03367031, 0.04572662,
       0.05782323, 0.05782323, 0.07104748, 0.07104748, 0.08487214,
       0.09923854, 0.11406516, 0.11406516, 0.11406516, 0.11406516,
       0.11406516, 0.11406516, 0.11406516, 0.11406516, 0.11406516,
       0.13245037, 0.15150427, 0.20982261, 0.20982261, 0.20982261,
       0.20982261, 0.20982261, 0.23129834, 0.23129834, 0.23129834,
       0.25394048, 0.29993388, 0.29993388, 0.29993388, 0.32433965,
       0.32433965, 0.32433965, 0.32433965, 0.32433965, 0.35086247,
       0.35086247, 0.3783248 , 0.3783248 , 0.3783248 , 0.3783248 ,
       0.3783248 , 0.3783248 , 0.43819764, 0.43819764, 0.49972353,
       0.49972353, 0.56263636, 0.62625318, 0.62625318, 0.62625318,
       0.65917348, 0.75947258, 0.82726967, 0.93028273, 0.96488019,
       1.        , 1.        , 1.        , 1.        , 1.        ,
       1.        , 1.        , 1.        , 1.        , 1.        ,
       1.        , 1.        , 1.        , 1.        , 1.        ,
       1.        ]), array([0.        , 0.        , 0.        , 0.        , 0.        ,
       0.        , 0.        , 0.        , 0.        , 0.        ,
       0.        , 0.        , 0.        , 0.        , 0.        ,
       0.00571342, 0.00571342, 0.00571342, 0.00571342, 0.00571342,
       0.00571342, 0.00571342, 0.00571342, 0.00571342, 0.00571342,
       0.00571342, 0.01599383, 0.01599383, 0.01599383, 0.02748172,
       0.02748172, 0.02748172, 0.02748172, 0.02748172, 0.02748172,
       0.04134311, 0.04134311, 0.04134311, 0.04134311, 0.05659297,
       0.07239075, 0.10444296, 0.10444296, 0.10444296, 0.10444296,
       0.12194575, 0.14016495, 0.14016495, 0.14016495, 0.14016495,
       0.14016495, 0.14016495, 0.14016495, 0.14016495, 0.14016495,
       0.1833121 , 0.24944458, 0.24944458, 0.27212811, 0.27212811,
       0.29592335, 0.34413603, 0.3687343 , 0.3687343 , 0.3687343 ,
       0.39417284, 0.39417284, 0.42060784, 0.4473055 , 0.47444563,
       0.47444563, 0.53018968, 0.55850256, 0.55850256, 0.58756227,
       0.58756227, 0.67751314, 0.7080369 , 0.7080369 , 0.73907802,
       0.77048006, 0.8344677 , 0.86678458, 0.9321572 , 0.9321572 ,
       0.96585116, 0.96585116, 1.        , 1.        , 1.        ,
       1.        , 1.        , 1.        , 1.        , 1.        ,
       1.        , 1.        , 1.        , 1.        , 1.        ,
       1.        ])]","[{'lambda_reg': 0.3784688828069829, 'gamma': 0.003005305582965333}, {'lambda_reg': 0.1452824663751603, 'gamma': 0.0070689749506246055}, {'lambda_reg': 0.8192602279031006, 'gamma': 0.023739423955292542}, {'lambda_reg': 0.8192602279031006, 'gamma': 0.023739423955292542}, {'lambda_reg': 0.1452824663751603, 'gamma': 0.0070689749506246055}]",cauchy,25
"[np.float64(0.12069603913701207), np.float64(0.15052435961472732), np.float64(0.17582807295290812), np.float64(0.19568810810392065), np.float64(0.13353133363542805)]",0.1552535826887992,0.0273740971223845,"[np.float64(0.6634258081858694), np.float64(0.7165572326326505), np.float64(0.7905750643782236), np.float64(0.7010305606377581), np.float64(0.686448859375507)]",0.7116075050420018,0.0431895365739904,"[np.float64(0.7047969889016938), np.float64(0.7521444151812883), np.float64(0.6932019942320288), np.float64(0.7663585864779554), np.float64(0.7096545245555119)]",0.7252313018696956,0.0286420770653583,"[array([0.        , 0.        , 0.        , 0.        , 0.        ,
       0.        , 0.        , 0.        , 0.        , 0.        ,
       0.        , 0.        , 0.        , 0.        , 0.        ,
       0.        , 0.        , 0.        , 0.        , 0.05646634,
       0.05646634, 0.05646634, 0.05646634, 0.05646634, 0.05646634,
       0.05646634, 0.05646634, 0.05646634, 0.10669981, 0.10669981,
       0.10669981, 0.10669981, 0.10669981, 0.15334964, 0.15334964,
       0.15334964, 0.15334964, 0.19687342, 0.24017742, 0.24017742,
       0.28171304, 0.28171304, 0.28171304, 0.32106875, 0.32106875,
       0.35958815, 0.35958815, 0.35958815, 0.39568163, 0.39568163,
       0.39568163, 0.46369079, 0.46369079, 0.46369079, 0.46369079,
       0.46369079, 0.46369079, 0.52376571, 0.52376571, 0.55228777,
       0.55228777, 0.55228777, 0.55228777, 0.55228777, 0.55228777,
       0.55228777, 0.57633138, 0.59966062, 0.62196477, 0.64392941,
       0.64392941, 0.64392941, 0.68336714, 0.70243506, 0.73868025,
       0.75626577, 0.75626577, 0.80526493, 0.82096167, 0.8655789 ,
       0.90760824, 0.98706317, 1.        , 1.        , 1.        ,
       1.        , 1.        , 1.        , 1.        , 1.        ,
       1.        , 1.        , 1.        , 1.        , 1.        ,
       1.        , 1.        , 1.        , 1.        , 1.        ,
       1.        ]), array([0.        , 0.        , 0.        , 0.        , 0.        ,
       0.        , 0.        , 0.        , 0.        , 0.        ,
       0.        , 0.        , 0.        , 0.        , 0.        ,
       0.        , 0.        , 0.05226422, 0.05226422, 0.05226422,
       0.05226422, 0.05226422, 0.05226422, 0.05226422, 0.05226422,
       0.09929764, 0.09929764, 0.14523703, 0.14523703, 0.18971901,
       0.23384307, 0.23384307, 0.23384307, 0.31825417, 0.31825417,
       0.31825417, 0.31825417, 0.35800827, 0.35800827, 0.35800827,
       0.35800827, 0.35800827, 0.35800827, 0.35800827, 0.39338439,
       0.39338439, 0.42723539, 0.46079771, 0.46079771, 0.49323974,
       0.49323974, 0.52417998, 0.55464836, 0.55464836, 0.64175448,
       0.64175448, 0.66938957, 0.66938957, 0.69576973, 0.69576973,
       0.72080269, 0.72080269, 0.72080269, 0.72080269, 0.74367284,
       0.78826456, 0.78826456, 0.78826456, 0.82895122, 0.82895122,
       0.82895122, 0.82895122, 0.82895122, 0.84583262, 0.84583262,
       0.84583262, 0.84583262, 0.86045651, 0.87453054, 0.88802902,
       0.88802902, 0.900194  , 0.91185147, 0.92273013, 0.93296154,
       0.94245505, 0.96050894, 0.96879036, 1.        , 1.        ,
       1.        , 1.        , 1.        , 1.        , 1.        ,
       1.        , 1.        , 1.        , 1.        , 1.        ,
       1.        ]), array([0.        , 0.        , 0.        , 0.        , 0.        ,
       0.        , 0.        , 0.        , 0.        , 0.        ,
       0.        , 0.        , 0.        , 0.        , 0.        ,
       0.        , 0.        , 0.        , 0.        , 0.        ,
       0.        , 0.05145663, 0.05145663, 0.05145663, 0.05145663,
       0.05145663, 0.05145663, 0.05145663, 0.05145663, 0.05145663,
       0.05145663, 0.05145663, 0.05145663, 0.05145663, 0.05145663,
       0.09358108, 0.09358108, 0.13436389, 0.13436389, 0.13436389,
       0.17325763, 0.2118616 , 0.2118616 , 0.2118616 , 0.24818433,
       0.24818433, 0.24818433, 0.31717794, 0.35074037, 0.38384906,
       0.38384906, 0.41574306, 0.4468905 , 0.4775741 , 0.50762784,
       0.53726647, 0.53726647, 0.5653316 , 0.59297424, 0.59297424,
       0.61905311, 0.61905311, 0.64387282, 0.66817169, 0.66817169,
       0.66817169, 0.71261453, 0.75563207, 0.75563207, 0.75563207,
       0.77518502, 0.8127067 , 0.83076323, 0.86581428, 0.86581428,
       0.86581428, 0.86581428, 0.88092451, 0.88092451, 0.88092451,
       0.92130809, 0.95859382, 0.95859382, 0.96960795, 0.99081969,
       0.99081969, 1.        , 1.        , 1.        , 1.        ,
       1.        , 1.        , 1.        , 1.        , 1.        ,
       1.        , 1.        , 1.        , 1.        , 1.        ,
       1.        ]), array([0.        , 0.        , 0.        , 0.        , 0.        ,
       0.        , 0.        , 0.        , 0.        , 0.05366797,
       0.05366797, 0.05366797, 0.05366797, 0.05366797, 0.05366797,
       0.05366797, 0.10353722, 0.10353722, 0.10353722, 0.15160655,
       0.15160655, 0.15160655, 0.15160655, 0.15160655, 0.15160655,
       0.19596967, 0.19596967, 0.23908335, 0.28208075, 0.28208075,
       0.32386579, 0.32386579, 0.36416993, 0.36416993, 0.40363669,
       0.44225223, 0.44225223, 0.44225223, 0.44225223, 0.44225223,
       0.44225223, 0.44225223, 0.44225223, 0.44225223, 0.44225223,
       0.47497665, 0.53905845, 0.57076013, 0.60197533, 0.60197533,
       0.60197533, 0.60197533, 0.60197533, 0.63022748, 0.63022748,
       0.6569302 , 0.7096009 , 0.7096009 , 0.7096009 , 0.73409999,
       0.73409999, 0.73409999, 0.73409999, 0.73409999, 0.73409999,
       0.75517516, 0.75517516, 0.77472939, 0.77472939, 0.77472939,
       0.77472939, 0.77472939, 0.77472939, 0.79082355, 0.80625289,
       0.82101524, 0.83566832, 0.84953337, 0.87593945, 0.88881516,
       0.88881516, 0.90042706, 0.93301822, 0.94342229, 0.97291856,
       0.99150217, 1.        , 1.        , 1.        , 1.        ,
       1.        , 1.        , 1.        , 1.        , 1.        ,
       1.        , 1.        , 1.        , 1.        , 1.        ,
       1.        ]), array([0.        , 0.        , 0.        , 0.        , 0.        ,
       0.        , 0.        , 0.        , 0.        , 0.        ,
       0.        , 0.        , 0.        , 0.        , 0.05435577,
       0.05435577, 0.05435577, 0.05435577, 0.05435577, 0.05435577,
       0.05435577, 0.05435577, 0.05435577, 0.05435577, 0.05435577,
       0.05435577, 0.05435577, 0.10057485, 0.10057485, 0.14521795,
       0.14521795, 0.14521795, 0.14521795, 0.14521795, 0.14521795,
       0.18602403, 0.18602403, 0.18602403, 0.18602403, 0.22478017,
       0.26245099, 0.33773477, 0.33773477, 0.33773477, 0.33773477,
       0.37258567, 0.40699518, 0.40699518, 0.40699518, 0.40699518,
       0.40699518, 0.40699518, 0.40699518, 0.40699518, 0.43640314,
       0.52180274, 0.54954432, 0.57670136, 0.57670136, 0.57670136,
       0.6020227 , 0.62702477, 0.67563181, 0.67563181, 0.69863052,
       0.69863052, 0.72005971, 0.74101615, 0.76137599, 0.76137599,
       0.78049511, 0.79929278, 0.81733328, 0.83463929, 0.83463929,
       0.8503768 , 0.88126602, 0.89608648, 0.89608648, 0.92312524,
       0.93568857, 0.94770078, 0.95945065, 0.9818793 , 0.9818793 ,
       0.99135976, 0.99135976, 1.        , 1.        , 1.        ,
       1.        , 1.        , 1.        , 1.        , 1.        ,
       1.        , 1.        , 1.        , 1.        , 1.        ,
       1.        ])]","[array([0.        , 0.        , 0.        , 0.        , 0.        ,
       0.        , 0.        , 0.        , 0.        , 0.        ,
       0.        , 0.        , 0.        , 0.        , 0.        ,
       0.        , 0.        , 0.        , 0.        , 0.00682921,
       0.00682921, 0.00682921, 0.00682921, 0.00682921, 0.00682921,
       0.00682921, 0.00682921, 0.00682921, 0.0170708 , 0.0170708 ,
       0.0170708 , 0.0170708 , 0.0170708 , 0.02927435, 0.02927435,
       0.02927435, 0.02927435, 0.04318937, 0.0572247 , 0.0572247 ,
       0.07222818, 0.07222818, 0.07222818, 0.08842513, 0.08842513,
       0.10507994, 0.10507994, 0.10507994, 0.12306289, 0.12306289,
       0.12306289, 0.16131606, 0.16131606, 0.16131606, 0.16131606,
       0.16131606, 0.16131606, 0.20391307, 0.20391307, 0.22604123,
       0.22604123, 0.22604123, 0.22604123, 0.22604123, 0.22604123,
       0.22604123, 0.25062124, 0.27559236, 0.30112471, 0.32684292,
       0.32684292, 0.32684292, 0.38073838, 0.40804249, 0.46368581,
       0.49180151, 0.49180151, 0.5782057 , 0.60735547, 0.69615868,
       0.78637871, 0.96933924, 1.        , 1.        , 1.        ,
       1.        , 1.        , 1.        , 1.        , 1.        ,
       1.        , 1.        , 1.        , 1.        , 1.        ,
       1.        , 1.        , 1.        , 1.        , 1.        ,
       1.        ]), array([0.        , 0.        , 0.        , 0.        , 0.        ,
       0.        , 0.        , 0.        , 0.        , 0.        ,
       0.        , 0.        , 0.        , 0.        , 0.        ,
       0.        , 0.        , 0.00651562, 0.00651562, 0.00651562,
       0.00651562, 0.00651562, 0.00651562, 0.00651562, 0.00651562,
       0.01638558, 0.01638558, 0.0269571 , 0.0269571 , 0.0384632 ,
       0.05019883, 0.05019883, 0.05019883, 0.07613064, 0.07613064,
       0.07613064, 0.07613064, 0.09066857, 0.09066857, 0.09066857,
       0.09066857, 0.09066857, 0.09066857, 0.09066857, 0.10801395,
       0.10801395, 0.12633734, 0.14484584, 0.14484584, 0.16407276,
       0.16407276, 0.18426272, 0.20475525, 0.20475525, 0.2689897 ,
       0.2689897 , 0.29129914, 0.29129914, 0.31441332, 0.31441332,
       0.33839141, 0.33839141, 0.33839141, 0.33839141, 0.36375644,
       0.41522304, 0.41522304, 0.41522304, 0.46919382, 0.46919382,
       0.46919382, 0.46919382, 0.46919382, 0.49839923, 0.49839923,
       0.49839923, 0.49839923, 0.5290523 , 0.56005798, 0.59143273,
       0.59143273, 0.62366262, 0.65621795, 0.68927271, 0.72274252,
       0.75668553, 0.82516992, 0.8598902 , 1.        , 1.        ,
       1.        , 1.        , 1.        , 1.        , 1.        ,
       1.        , 1.        , 1.        , 1.        , 1.        ,
       1.        ]), array([0.        , 0.        , 0.        , 0.        , 0.        ,
       0.        , 0.        , 0.        , 0.        , 0.        ,
       0.        , 0.        , 0.        , 0.        , 0.        ,
       0.        , 0.        , 0.        , 0.        , 0.        ,
       0.        , 0.00792114, 0.00792114, 0.00792114, 0.00792114,
       0.00792114, 0.00792114, 0.00792114, 0.00792114, 0.00792114,
       0.00792114, 0.00792114, 0.00792114, 0.00792114, 0.00792114,
       0.02152064, 0.02152064, 0.03593648, 0.03593648, 0.03593648,
       0.05150177, 0.06724338, 0.06724338, 0.06724338, 0.08437305,
       0.08437305, 0.08437305, 0.12085445, 0.13966368, 0.15874901,
       0.15874901, 0.17857343, 0.19885212, 0.21941304, 0.24035721,
       0.26155397, 0.26155397, 0.28370815, 0.30611941, 0.30611941,
       0.32948217, 0.32948217, 0.35361109, 0.37805694, 0.37805694,
       0.37805694, 0.42947676, 0.48176383, 0.48176383, 0.48176383,
       0.50909742, 0.56472857, 0.59297269, 0.65010714, 0.65010714,
       0.65010714, 0.65010714, 0.68014401, 0.68014401, 0.68014401,
       0.77326476, 0.86827047, 0.86827047, 0.90079969, 0.96635496,
       0.96635496, 1.        , 1.        , 1.        , 1.        ,
       1.        , 1.        , 1.        , 1.        , 1.        ,
       1.        , 1.        , 1.        , 1.        , 1.        ,
       1.        ]), array([0.        , 0.        , 0.        , 0.        , 0.        ,
       0.        , 0.        , 0.        , 0.        , 0.00372334,
       0.00372334, 0.00372334, 0.00372334, 0.00372334, 0.00372334,
       0.00372334, 0.01012817, 0.01012817, 0.01012817, 0.01780354,
       0.01780354, 0.01780354, 0.01780354, 0.01780354, 0.01780354,
       0.0280951 , 0.0280951 , 0.03926863, 0.05052424, 0.05052424,
       0.06263564, 0.06263564, 0.0757924 , 0.0757924 , 0.08954026,
       0.10388899, 0.10388899, 0.10388899, 0.10388899, 0.10388899,
       0.10388899, 0.10388899, 0.10388899, 0.10388899, 0.10388899,
       0.1223962 , 0.16037563, 0.17960479, 0.19917735, 0.19917735,
       0.19917735, 0.19917735, 0.19917735, 0.22084151, 0.22084151,
       0.24359939, 0.28963382, 0.28963382, 0.28963382, 0.31394723,
       0.31394723, 0.31394723, 0.31394723, 0.31394723, 0.31394723,
       0.34067755, 0.34067755, 0.3684815 , 0.3684815 , 0.3684815 ,
       0.3684815 , 0.3684815 , 0.3684815 , 0.39872788, 0.42944355,
       0.46063004, 0.49189367, 0.52371356, 0.58828795, 0.62080621,
       0.62080621, 0.65421658, 0.75603209, 0.79029506, 0.89429522,
       0.96439144, 1.        , 1.        , 1.        , 1.        ,
       1.        , 1.        , 1.        , 1.        , 1.        ,
       1.        , 1.        , 1.        , 1.        , 1.        ,
       1.        ]), array([0.        , 0.        , 0.        , 0.        , 0.        ,
       0.        , 0.        , 0.        , 0.        , 0.        ,
       0.        , 0.        , 0.        , 0.        , 0.00534306,
       0.00534306, 0.00534306, 0.00534306, 0.00534306, 0.00534306,
       0.00534306, 0.00534306, 0.00534306, 0.00534306, 0.00534306,
       0.00534306, 0.00534306, 0.0158581 , 0.0158581 , 0.02737489,
       0.02737489, 0.02737489, 0.02737489, 0.02737489, 0.02737489,
       0.04133063, 0.04133063, 0.04133063, 0.04133063, 0.05658939,
       0.07253801, 0.10447204, 0.10447204, 0.10447204, 0.10447204,
       0.12221311, 0.14023474, 0.14023474, 0.14023474, 0.14023474,
       0.14023474, 0.14023474, 0.14023474, 0.14023474, 0.16143555,
       0.22683316, 0.24909317, 0.27172474, 0.27172474, 0.27172474,
       0.29552314, 0.31952449, 0.36841523, 0.36841523, 0.39368998,
       0.39368998, 0.41996238, 0.44653528, 0.47348739, 0.47348739,
       0.50122815, 0.52917324, 0.55759961, 0.58649286, 0.58649286,
       0.61638309, 0.67653592, 0.70700907, 0.70700907, 0.76960939,
       0.80151726, 0.83377543, 0.86620035, 0.93173103, 0.93173103,
       0.96559848, 0.96559848, 1.        , 1.        , 1.        ,
       1.        , 1.        , 1.        , 1.        , 1.        ,
       1.        , 1.        , 1.        , 1.        , 1.        ,
       1.        ])]","[{'lambda_reg': 0.8192602279031006, 'gamma': 0.023739423955292542}, {'lambda_reg': 0.1452824663751603, 'gamma': 0.0070689749506246055}, {'lambda_reg': 0.8192602279031006, 'gamma': 0.023739423955292542}, {'lambda_reg': 0.8192602279031006, 'gamma': 0.026810157533840164}, {'lambda_reg': 0.1452824663751603, 'gamma': 0.0070689749506246055}]",rbf,22
"[np.float64(0.1251890590665388), np.float64(0.14953867129598006), np.float64(0.1808463350283159), np.float64(0.17933903667362083), np.float64(0.13770614316501878)]",0.1545238490458949,0.0222570615163854,"[np.float64(0.6871602271430861), np.float64(0.7195001187710718), np.float64(0.7810407508379301), np.float64(0.7057537849616462), np.float64(0.6980961937187042)]",0.7183102150864877,0.0330851275731343,"[np.float64(0.6564459957794551), np.float64(0.772477225249548), np.float64(0.6414044456894965), np.float64(0.7142728041261662), np.float64(0.6523251780419789)]",0.687385129777329,0.0495262865176683,"[array([0.        , 0.        , 0.        , 0.        , 0.        ,
       0.        , 0.        , 0.        , 0.        , 0.        ,
       0.        , 0.        , 0.        , 0.        , 0.        ,
       0.        , 0.        , 0.        , 0.        , 0.        ,
       0.        , 0.        , 0.        , 0.        , 0.        ,
       0.        , 0.        , 0.        , 0.04650057, 0.04650057,
       0.04650057, 0.04650057, 0.04650057, 0.04650057, 0.04650057,
       0.04650057, 0.08784468, 0.12889709, 0.12889709, 0.12889709,
       0.12889709, 0.16712095, 0.16712095, 0.2045036 , 0.24117049,
       0.24117049, 0.31177118, 0.3465374 , 0.3465374 , 0.3465374 ,
       0.37914399, 0.37914399, 0.37914399, 0.37914399, 0.40929336,
       0.40929336, 0.46682045, 0.46682045, 0.49452739, 0.49452739,
       0.49452739, 0.49452739, 0.51905594, 0.51905594, 0.56624399,
       0.58893907, 0.61105975, 0.63296883, 0.63296883, 0.69401606,
       0.7139094 , 0.73286286, 0.76968325, 0.8226209 , 0.83946323,
       0.92138709, 0.98468168, 1.        , 1.        , 1.        ,
       1.        , 1.        , 1.        , 1.        , 1.        ,
       1.        , 1.        , 1.        , 1.        , 1.        ,
       1.        , 1.        , 1.        , 1.        , 1.        ,
       1.        , 1.        , 1.        , 1.        , 1.        ,
       1.        ]), array([0.        , 0.        , 0.        , 0.        , 0.        ,
       0.        , 0.        , 0.        , 0.        , 0.        ,
       0.        , 0.        , 0.        , 0.        , 0.        ,
       0.05082264, 0.10116448, 0.10116448, 0.10116448, 0.14953013,
       0.14953013, 0.14953013, 0.14953013, 0.24168752, 0.24168752,
       0.3317742 , 0.37592404, 0.37592404, 0.37592404, 0.37592404,
       0.37592404, 0.37592404, 0.37592404, 0.37592404, 0.37592404,
       0.37592404, 0.37592404, 0.41396234, 0.41396234, 0.41396234,
       0.41396234, 0.41396234, 0.41396234, 0.41396234, 0.41396234,
       0.44728561, 0.44728561, 0.44728561, 0.47888903, 0.50946788,
       0.5396885 , 0.56923483, 0.59797506, 0.59797506, 0.65399202,
       0.68126939, 0.68126939, 0.68126939, 0.70674629, 0.70674629,
       0.730943  , 0.730943  , 0.730943  , 0.75300925, 0.774691  ,
       0.79608927, 0.79608927, 0.81590179, 0.81590179, 0.81590179,
       0.83387178, 0.83387178, 0.83387178, 0.83387178, 0.83387178,
       0.83387178, 0.86291689, 0.86291689, 0.87645745, 0.90190279,
       0.90190279, 0.92504135, 0.92504135, 0.93556939, 0.93556939,
       0.95371679, 0.96253374, 0.97047452, 1.        , 1.        ,
       1.        , 1.        , 1.        , 1.        , 1.        ,
       1.        , 1.        , 1.        , 1.        , 1.        ,
       1.        ]), array([0.        , 0.        , 0.        , 0.        , 0.        ,
       0.        , 0.        , 0.        , 0.        , 0.        ,
       0.        , 0.        , 0.        , 0.        , 0.        ,
       0.        , 0.        , 0.        , 0.        , 0.        ,
       0.        , 0.        , 0.        , 0.        , 0.        ,
       0.        , 0.        , 0.        , 0.        , 0.        ,
       0.        , 0.        , 0.        , 0.        , 0.        ,
       0.        , 0.04198223, 0.04198223, 0.04198223, 0.04198223,
       0.04198223, 0.04198223, 0.04198223, 0.04198223, 0.07892604,
       0.07892604, 0.11421064, 0.18383243, 0.21799493, 0.21799493,
       0.25081835, 0.25081835, 0.25081835, 0.28199779, 0.37302819,
       0.46221546, 0.49099524, 0.49099524, 0.5183713 , 0.54546695,
       0.54546695, 0.59699978, 0.59699978, 0.59699978, 0.59699978,
       0.68974402, 0.68974402, 0.71181498, 0.73321056, 0.77447704,
       0.81411878, 0.83347091, 0.83347091, 0.83347091, 0.88511238,
       0.90165291, 0.90165291, 0.93243792, 0.94740085, 0.96127482,
       0.97462539, 1.        , 1.        , 1.        , 1.        ,
       1.        , 1.        , 1.        , 1.        , 1.        ,
       1.        , 1.        , 1.        , 1.        , 1.        ,
       1.        , 1.        , 1.        , 1.        , 1.        ,
       1.        ]), array([0.        , 0.        , 0.        , 0.        , 0.        ,
       0.        , 0.        , 0.        , 0.        , 0.        ,
       0.        , 0.        , 0.        , 0.        , 0.        ,
       0.        , 0.        , 0.        , 0.        , 0.        ,
       0.        , 0.        , 0.04705182, 0.04705182, 0.04705182,
       0.04705182, 0.04705182, 0.04705182, 0.04705182, 0.0894669 ,
       0.13176878, 0.13176878, 0.13176878, 0.13176878, 0.21091164,
       0.24986126, 0.24986126, 0.28780498, 0.28780498, 0.39785685,
       0.39785685, 0.39785685, 0.39785685, 0.39785685, 0.43147136,
       0.43147136, 0.43147136, 0.46351018, 0.49487863, 0.52578525,
       0.55605961, 0.55605961, 0.58497305, 0.58497305, 0.58497305,
       0.58497305, 0.63795146, 0.6641564 , 0.6641564 , 0.6641564 ,
       0.68811789, 0.68811789, 0.68811789, 0.71029769, 0.71029769,
       0.73119428, 0.73119428, 0.73119428, 0.73119428, 0.74983284,
       0.74983284, 0.76729987, 0.78446483, 0.83333746, 0.86447522,
       0.86447522, 0.86447522, 0.87821155, 0.90524382, 0.93056499,
       0.94285913, 0.989364  , 0.989364  , 1.        , 1.        ,
       1.        , 1.        , 1.        , 1.        , 1.        ,
       1.        , 1.        , 1.        , 1.        , 1.        ,
       1.        , 1.        , 1.        , 1.        , 1.        ,
       1.        ]), array([0.        , 0.        , 0.        , 0.        , 0.        ,
       0.        , 0.        , 0.        , 0.        , 0.        ,
       0.        , 0.        , 0.        , 0.        , 0.        ,
       0.        , 0.        , 0.        , 0.        , 0.        ,
       0.        , 0.        , 0.        , 0.        , 0.        ,
       0.04617008, 0.04617008, 0.04617008, 0.04617008, 0.04617008,
       0.04617008, 0.04617008, 0.04617008, 0.0872918 , 0.0872918 ,
       0.0872918 , 0.0872918 , 0.0872918 , 0.12565912, 0.12565912,
       0.12565912, 0.16194101, 0.16194101, 0.19685671, 0.23160866,
       0.29956738, 0.33302316, 0.33302316, 0.33302316, 0.33302316,
       0.36362427, 0.36362427, 0.36362427, 0.36362427, 0.36362427,
       0.39138488, 0.44560255, 0.47207178, 0.49811057, 0.5483682 ,
       0.59778381, 0.62194298, 0.64517214, 0.64517214, 0.64517214,
       0.66676702, 0.70883677, 0.70883677, 0.74895558, 0.80627604,
       0.84345449, 0.8616415 , 0.8789412 , 0.89550715, 0.89550715,
       0.92707937, 0.95712312, 1.        , 1.        , 1.        ,
       1.        , 1.        , 1.        , 1.        , 1.        ,
       1.        , 1.        , 1.        , 1.        , 1.        ,
       1.        , 1.        , 1.        , 1.        , 1.        ,
       1.        , 1.        , 1.        , 1.        , 1.        ,
       1.        ])]","[array([0.        , 0.        , 0.        , 0.        , 0.        ,
       0.        , 0.        , 0.        , 0.        , 0.        ,
       0.        , 0.        , 0.        , 0.        , 0.        ,
       0.        , 0.        , 0.        , 0.        , 0.        ,
       0.        , 0.        , 0.        , 0.        , 0.        ,
       0.        , 0.        , 0.        , 0.01095236, 0.01095236,
       0.01095236, 0.01095236, 0.01095236, 0.01095236, 0.01095236,
       0.01095236, 0.02503864, 0.0393022 , 0.0393022 , 0.0393022 ,
       0.0393022 , 0.05528486, 0.05528486, 0.07177877, 0.0887077 ,
       0.0887077 , 0.12422663, 0.14231072, 0.14231072, 0.14231072,
       0.16170736, 0.16170736, 0.16170736, 0.16170736, 0.18259741,
       0.18259741, 0.22606202, 0.22606202, 0.24843649, 0.24843649,
       0.24843649, 0.24843649, 0.27274267, 0.27274267, 0.32249099,
       0.3479115 , 0.3736811 , 0.39957931, 0.39957931, 0.48011828,
       0.50724158, 0.53493612, 0.59098553, 0.67645323, 0.70543083,
       0.85170927, 0.97009616, 1.        , 1.        , 1.        ,
       1.        , 1.        , 1.        , 1.        , 1.        ,
       1.        , 1.        , 1.        , 1.        , 1.        ,
       1.        , 1.        , 1.        , 1.        , 1.        ,
       1.        , 1.        , 1.        , 1.        , 1.        ,
       1.        ]), array([0.        , 0.        , 0.        , 0.        , 0.        ,
       0.        , 0.        , 0.        , 0.        , 0.        ,
       0.        , 0.        , 0.        , 0.        , 0.        ,
       0.00609684, 0.01252643, 0.01252643, 0.01252643, 0.02032371,
       0.02032371, 0.02032371, 0.02032371, 0.03908379, 0.03908379,
       0.05927698, 0.06999194, 0.06999194, 0.06999194, 0.06999194,
       0.06999194, 0.06999194, 0.06999194, 0.06999194, 0.06999194,
       0.06999194, 0.06999194, 0.0849366 , 0.0849366 , 0.0849366 ,
       0.0849366 , 0.0849366 , 0.0849366 , 0.0849366 , 0.0849366 ,
       0.10314445, 0.10314445, 0.10314445, 0.12254258, 0.1426498 ,
       0.16300494, 0.18382674, 0.20520644, 0.20520644, 0.24897869,
       0.2713708 , 0.2713708 , 0.2713708 , 0.29500899, 0.29500899,
       0.31953317, 0.31953317, 0.31953317, 0.34553182, 0.37179656,
       0.3982575 , 0.3982575 , 0.42581591, 0.42581591, 0.42581591,
       0.4546495 , 0.4546495 , 0.4546495 , 0.4546495 , 0.4546495 ,
       0.4546495 , 0.5170885 , 0.5170885 , 0.54898763, 0.61391797,
       0.61391797, 0.68044479, 0.68044479, 0.71442883, 0.71442883,
       0.78440994, 0.81957819, 0.85535283, 1.        , 1.        ,
       1.        , 1.        , 1.        , 1.        , 1.        ,
       1.        , 1.        , 1.        , 1.        , 1.        ,
       1.        ]), array([0.        , 0.        , 0.        , 0.        , 0.        ,
       0.        , 0.        , 0.        , 0.        , 0.        ,
       0.        , 0.        , 0.        , 0.        , 0.        ,
       0.        , 0.        , 0.        , 0.        , 0.        ,
       0.        , 0.        , 0.        , 0.        , 0.        ,
       0.        , 0.        , 0.        , 0.        , 0.        ,
       0.        , 0.        , 0.        , 0.        , 0.        ,
       0.        , 0.0138693 , 0.0138693 , 0.0138693 , 0.0138693 ,
       0.0138693 , 0.0138693 , 0.0138693 , 0.0138693 , 0.03075184,
       0.03075184, 0.04862669, 0.08494296, 0.10348888, 0.10348888,
       0.12283564, 0.12283564, 0.12283564, 0.14316558, 0.20565528,
       0.26924727, 0.29101234, 0.29101234, 0.31361691, 0.33638918,
       0.33638918, 0.38352362, 0.38352362, 0.38352362, 0.38352362,
       0.48396525, 0.48396525, 0.50974255, 0.53592377, 0.58919803,
       0.64344397, 0.67084728, 0.67084728, 0.67084728, 0.75689365,
       0.78597844, 0.78597844, 0.84552118, 0.87554946, 0.906229  ,
       0.93722155, 1.        , 1.        , 1.        , 1.        ,
       1.        , 1.        , 1.        , 1.        , 1.        ,
       1.        , 1.        , 1.        , 1.        , 1.        ,
       1.        , 1.        , 1.        , 1.        , 1.        ,
       1.        ]), array([0.        , 0.        , 0.        , 0.        , 0.        ,
       0.        , 0.        , 0.        , 0.        , 0.        ,
       0.        , 0.        , 0.        , 0.        , 0.        ,
       0.        , 0.        , 0.        , 0.        , 0.        ,
       0.        , 0.        , 0.00870638, 0.00870638, 0.00870638,
       0.00870638, 0.00870638, 0.00870638, 0.00870638, 0.0206218 ,
       0.03261557, 0.03261557, 0.03261557, 0.03261557, 0.06038254,
       0.07469637, 0.07469637, 0.08970639, 0.08970639, 0.13735203,
       0.13735203, 0.13735203, 0.13735203, 0.13735203, 0.15535824,
       0.15535824, 0.15535824, 0.17445498, 0.19401567, 0.21389599,
       0.23421389, 0.23421389, 0.25547367, 0.25547367, 0.25547367,
       0.25547367, 0.30134882, 0.32448313, 0.32448313, 0.32448313,
       0.34917011, 0.34917011, 0.34917011, 0.37509018, 0.37509018,
       0.40189835, 0.40189835, 0.40189835, 0.40189835, 0.43026928,
       0.43026928, 0.45945101, 0.48884181, 0.57882904, 0.63981989,
       0.63981989, 0.63981989, 0.6715836 , 0.73541584, 0.8004323 ,
       0.83319414, 0.96609057, 0.96609057, 1.        , 1.        ,
       1.        , 1.        , 1.        , 1.        , 1.        ,
       1.        , 1.        , 1.        , 1.        , 1.        ,
       1.        , 1.        , 1.        , 1.        , 1.        ,
       1.        ]), array([0.        , 0.        , 0.        , 0.        , 0.        ,
       0.        , 0.        , 0.        , 0.        , 0.        ,
       0.        , 0.        , 0.        , 0.        , 0.        ,
       0.        , 0.        , 0.        , 0.        , 0.        ,
       0.        , 0.        , 0.        , 0.        , 0.        ,
       0.00988267, 0.00988267, 0.00988267, 0.00988267, 0.00988267,
       0.00988267, 0.00988267, 0.00988267, 0.02312806, 0.02312806,
       0.02312806, 0.02312806, 0.02312806, 0.03820815, 0.03820815,
       0.03820815, 0.05467735, 0.05467735, 0.07205658, 0.08954488,
       0.12555072, 0.1439024 , 0.1439024 , 0.1439024 , 0.1439024 ,
       0.16415557, 0.16415557, 0.16415557, 0.16415557, 0.16415557,
       0.18630081, 0.23145959, 0.25446502, 0.27775716, 0.32555372,
       0.37391116, 0.39845532, 0.42361896, 0.42361896, 0.42361896,
       0.4498712 , 0.50312172, 0.50312172, 0.55767177, 0.64140038,
       0.697909  , 0.72643123, 0.75554449, 0.78514651, 0.78514651,
       0.84538945, 0.9066505 , 1.        , 1.        , 1.        ,
       1.        , 1.        , 1.        , 1.        , 1.        ,
       1.        , 1.        , 1.        , 1.        , 1.        ,
       1.        , 1.        , 1.        , 1.        , 1.        ,
       1.        , 1.        , 1.        , 1.        , 1.        ,
       1.        ])]","[{'lambda_reg': 0.567005066101662, 'gamma': 0.026810157533840164}, {'lambda_reg': 0.1247117403453705, 'gamma': 0.024020392351233304}, {'lambda_reg': 0.1452824663751603, 'gamma': 0.0070689749506246055}, {'lambda_reg': 0.10833638781816698, 'gamma': 0.007583182468315394}, {'lambda_reg': 0.1452824663751603, 'gamma': 0.0070689749506246055}]",exponential,24
"[np.float64(0.13481647172383363), np.float64(0.152037939841773), np.float64(0.17710264560928796), np.float64(0.1837667136287528), np.float64(0.1421240921361527)]",0.15796957258796,0.0192556306909261,"[np.float64(0.5815405549967592), np.float64(0.6852892989198546), np.float64(0.7907217595440833), np.float64(0.7009706813675805), np.float64(0.674596402204822)]",0.6866237394066199,0.0666800506260548,"[np.float64(0.762829888205583), np.float64(0.7149232218429841), np.float64(0.6767567888172747), np.float64(0.7242488139894494), np.float64(0.7203037782781021)]",0.7198124982266787,0.0273792521100787,"[array([0.        , 0.        , 0.        , 0.        , 0.        ,
       0.        , 0.        , 0.        , 0.        , 0.        ,
       0.        , 0.        , 0.        , 0.        , 0.        ,
       0.        , 0.        , 0.        , 0.        , 0.        ,
       0.        , 0.05665077, 0.05665077, 0.05665077, 0.05665077,
       0.05665077, 0.05665077, 0.05665077, 0.05665077, 0.05665077,
       0.10708306, 0.15652384, 0.15652384, 0.15652384, 0.15652384,
       0.15652384, 0.20257549, 0.20257549, 0.29230116, 0.42459682,
       0.42459682, 0.42459682, 0.42459682, 0.42459682, 0.50580766,
       0.50580766, 0.54474469, 0.54474469, 0.54474469, 0.54474469,
       0.54474469, 0.54474469, 0.54474469, 0.57860864, 0.57860864,
       0.61096466, 0.61096466, 0.61096466, 0.61096466, 0.61096466,
       0.61096466, 0.61096466, 0.63818758, 0.69184467, 0.69184467,
       0.71706756, 0.71706756, 0.71706756, 0.71706756, 0.73943915,
       0.73943915, 0.73943915, 0.75961956, 0.75961956, 0.77822609,
       0.77822609, 0.77822609, 0.77822609, 0.77822609, 0.80896319,
       0.83803568, 0.86553614, 0.86553614, 0.89073831, 0.89073831,
       0.90178312, 0.93264176, 0.95165612, 0.97000552, 0.97825899,
       0.99334857, 1.        , 1.        , 1.        , 1.        ,
       1.        , 1.        , 1.        , 1.        , 1.        ,
       1.        ]), array([0.        , 0.        , 0.        , 0.        , 0.        ,
       0.        , 0.        , 0.04818347, 0.04818347, 0.04818347,
       0.04818347, 0.04818347, 0.04818347, 0.04818347, 0.04818347,
       0.04818347, 0.04818347, 0.04818347, 0.04818347, 0.09015775,
       0.13146134, 0.13146134, 0.13146134, 0.13146134, 0.13146134,
       0.20923434, 0.20923434, 0.20923434, 0.24638111, 0.28323822,
       0.28323822, 0.28323822, 0.28323822, 0.31827458, 0.31827458,
       0.31827458, 0.31827458, 0.35078494, 0.35078494, 0.35078494,
       0.38173898, 0.38173898, 0.41167415, 0.41167415, 0.49897439,
       0.49897439, 0.52733257, 0.52733257, 0.52733257, 0.58059899,
       0.63290833, 0.63290833, 0.63290833, 0.63290833, 0.65665635,
       0.70355961, 0.70355961, 0.72583721, 0.72583721, 0.76896858,
       0.76896858, 0.76896858, 0.76896858, 0.78845262, 0.78845262,
       0.78845262, 0.78845262, 0.82308822, 0.82308822, 0.82308822,
       0.82308822, 0.85356695, 0.88289154, 0.91135867, 0.9251188 ,
       0.9251188 , 0.9759574 , 1.        , 1.        , 1.        ,
       1.        , 1.        , 1.        , 1.        , 1.        ,
       1.        , 1.        , 1.        , 1.        , 1.        ,
       1.        , 1.        , 1.        , 1.        , 1.        ,
       1.        , 1.        , 1.        , 1.        , 1.        ,
       1.        ]), array([0.        , 0.        , 0.        , 0.        , 0.        ,
       0.        , 0.        , 0.        , 0.        , 0.        ,
       0.        , 0.        , 0.        , 0.        , 0.        ,
       0.        , 0.        , 0.        , 0.05396084, 0.05396084,
       0.05396084, 0.05396084, 0.05396084, 0.05396084, 0.05396084,
       0.05396084, 0.05396084, 0.05396084, 0.05396084, 0.05396084,
       0.05396084, 0.05396084, 0.05396084, 0.05396084, 0.05396084,
       0.05396084, 0.05396084, 0.05396084, 0.09480921, 0.13504488,
       0.13504488, 0.13504488, 0.13504488, 0.17296902, 0.21042174,
       0.21042174, 0.21042174, 0.24535144, 0.24535144, 0.24535144,
       0.3120385 , 0.34459934, 0.34459934, 0.37586392, 0.43703881,
       0.46677659, 0.49596157, 0.49596157, 0.52374135, 0.57803809,
       0.57803809, 0.60404109, 0.6291114 , 0.6291114 , 0.6291114 ,
       0.6291114 , 0.69740598, 0.74130996, 0.74130996, 0.74130996,
       0.74130996, 0.79876557, 0.81778841, 0.83611404, 0.83611404,
       0.83611404, 0.86855546, 0.86855546, 0.88355127, 0.92622595,
       0.93976396, 0.97760203, 0.98982229, 0.98982229, 0.98982229,
       1.        , 1.        , 1.        , 1.        , 1.        ,
       1.        , 1.        , 1.        , 1.        , 1.        ,
       1.        , 1.        , 1.        , 1.        , 1.        ,
       1.        ]), array([0.        , 0.        , 0.        , 0.        , 0.        ,
       0.        , 0.        , 0.        , 0.        , 0.        ,
       0.        , 0.        , 0.        , 0.        , 0.05172743,
       0.05172743, 0.05172743, 0.05172743, 0.05172743, 0.05172743,
       0.05172743, 0.05172743, 0.09817611, 0.09817611, 0.09817611,
       0.09817611, 0.14270968, 0.18636264, 0.18636264, 0.18636264,
       0.18636264, 0.26876711, 0.26876711, 0.26876711, 0.26876711,
       0.26876711, 0.26876711, 0.30660197, 0.30660197, 0.34302513,
       0.37920095, 0.37920095, 0.37920095, 0.41352061, 0.41352061,
       0.41352061, 0.41352061, 0.41352061, 0.41352061, 0.41352061,
       0.50411417, 0.5631317 , 0.5631317 , 0.5631317 , 0.5631317 ,
       0.59046455, 0.66973916, 0.66973916, 0.66973916, 0.66973916,
       0.69365747, 0.69365747, 0.69365747, 0.69365747, 0.71534374,
       0.71534374, 0.71534374, 0.73514056, 0.73514056, 0.73514056,
       0.73514056, 0.7701754 , 0.7701754 , 0.81928077, 0.81928077,
       0.81928077, 0.84879228, 0.8765997 , 0.91667099, 0.94214372,
       0.95427499, 0.98925544, 1.        , 1.        , 1.        ,
       1.        , 1.        , 1.        , 1.        , 1.        ,
       1.        , 1.        , 1.        , 1.        , 1.        ,
       1.        , 1.        , 1.        , 1.        , 1.        ,
       1.        ]), array([0.        , 0.        , 0.        , 0.        , 0.        ,
       0.        , 0.        , 0.        , 0.        , 0.        ,
       0.        , 0.        , 0.        , 0.        , 0.        ,
       0.05393155, 0.05393155, 0.05393155, 0.05393155, 0.05393155,
       0.05393155, 0.05393155, 0.05393155, 0.05393155, 0.05393155,
       0.05393155, 0.05393155, 0.05393155, 0.05393155, 0.05393155,
       0.05393155, 0.0976107 , 0.14073904, 0.14073904, 0.18262636,
       0.18262636, 0.18262636, 0.18262636, 0.18262636, 0.22151604,
       0.22151604, 0.22151604, 0.29456245, 0.36633168, 0.36633168,
       0.40087745, 0.40087745, 0.40087745, 0.43365503, 0.46621943,
       0.46621943, 0.46621943, 0.4964787 , 0.4964787 , 0.52578092,
       0.58333301, 0.63916904, 0.63916904, 0.63916904, 0.6652347 ,
       0.6652347 , 0.71480189, 0.71480189, 0.71480189, 0.71480189,
       0.71480189, 0.71480189, 0.75712233, 0.7772927 , 0.79715157,
       0.81652091, 0.81652091, 0.83435505, 0.83435505, 0.83435505,
       0.85023877, 0.86559139, 0.88031215, 0.88031215, 0.90733584,
       0.94559568, 0.94559568, 0.94559568, 0.95637521, 0.96647866,
       0.98610997, 0.98610997, 0.98610997, 0.98610997, 0.9935876 ,
       1.        , 1.        , 1.        , 1.        , 1.        ,
       1.        , 1.        , 1.        , 1.        , 1.        ,
       1.        ])]","[array([0.        , 0.        , 0.        , 0.        , 0.        ,
       0.        , 0.        , 0.        , 0.        , 0.        ,
       0.        , 0.        , 0.        , 0.        , 0.        ,
       0.        , 0.        , 0.        , 0.        , 0.        ,
       0.        , 0.00768728, 0.00768728, 0.00768728, 0.00768728,
       0.00768728, 0.00768728, 0.00768728, 0.00768728, 0.00768728,
       0.01859419, 0.03001446, 0.03001446, 0.03001446, 0.03001446,
       0.03001446, 0.04318946, 0.04318946, 0.07077048, 0.11332914,
       0.11332914, 0.11332914, 0.11332914, 0.11332914, 0.14531874,
       0.14531874, 0.16217735, 0.16217735, 0.16217735, 0.16217735,
       0.16217735, 0.16217735, 0.16217735, 0.18166256, 0.18166256,
       0.2019285 , 0.2019285 , 0.2019285 , 0.2019285 , 0.2019285 ,
       0.2019285 , 0.2019285 , 0.22485212, 0.27110774, 0.27110774,
       0.29506688, 0.29506688, 0.29506688, 0.29506688, 0.32050228,
       0.32050228, 0.32050228, 0.34707218, 0.34707218, 0.37445695,
       0.37445695, 0.37445695, 0.37445695, 0.37445695, 0.43257945,
       0.4915638 , 0.55136207, 0.55136207, 0.61235029, 0.61235029,
       0.64365016, 0.73872808, 0.80292005, 0.86745631, 0.90020141,
       0.96642544, 1.        , 1.        , 1.        , 1.        ,
       1.        , 1.        , 1.        , 1.        , 1.        ,
       1.        ]), array([0.        , 0.        , 0.        , 0.        , 0.        ,
       0.        , 0.        , 0.00304306, 0.00304306, 0.00304306,
       0.00304306, 0.00304306, 0.00304306, 0.00304306, 0.00304306,
       0.00304306, 0.00304306, 0.00304306, 0.00304306, 0.01165697,
       0.02087262, 0.02087262, 0.02087262, 0.02087262, 0.02087262,
       0.04364114, 0.04364114, 0.04364114, 0.05658628, 0.0697913 ,
       0.0697913 , 0.0697913 , 0.0697913 , 0.08462989, 0.08462989,
       0.08462989, 0.08462989, 0.1017348 , 0.1017348 , 0.1017348 ,
       0.12023602, 0.12023602, 0.13965139, 0.13965139, 0.20014518,
       0.20014518, 0.22097541, 0.22097541, 0.22097541, 0.26573113,
       0.31134554, 0.31134554, 0.31134554, 0.31134554, 0.33631199,
       0.38677672, 0.38677672, 0.41306242, 0.41306242, 0.46691128,
       0.46691128, 0.46691128, 0.46691128, 0.49570334, 0.49570334,
       0.49570334, 0.49570334, 0.55717457, 0.55717457, 0.55717457,
       0.55717457, 0.62237533, 0.68861157, 0.75561712, 0.78954467,
       0.78954467, 0.92902477, 1.        , 1.        , 1.        ,
       1.        , 1.        , 1.        , 1.        , 1.        ,
       1.        , 1.        , 1.        , 1.        , 1.        ,
       1.        , 1.        , 1.        , 1.        , 1.        ,
       1.        , 1.        , 1.        , 1.        , 1.        ,
       1.        ]), array([0.        , 0.        , 0.        , 0.        , 0.        ,
       0.        , 0.        , 0.        , 0.        , 0.        ,
       0.        , 0.        , 0.        , 0.        , 0.        ,
       0.        , 0.        , 0.        , 0.00694625, 0.00694625,
       0.00694625, 0.00694625, 0.00694625, 0.00694625, 0.00694625,
       0.00694625, 0.00694625, 0.00694625, 0.00694625, 0.00694625,
       0.00694625, 0.00694625, 0.00694625, 0.00694625, 0.00694625,
       0.00694625, 0.00694625, 0.00694625, 0.02162769, 0.03667056,
       0.03667056, 0.03667056, 0.03667056, 0.05307702, 0.06976158,
       0.06976158, 0.06976158, 0.08793449, 0.08793449, 0.08793449,
       0.12615172, 0.14572204, 0.14572204, 0.16605705, 0.20752596,
       0.22876163, 0.25032341, 0.25032341, 0.27271414, 0.31824053,
       0.31824053, 0.3416794 , 0.36566846, 0.36566846, 0.36566846,
       0.36566846, 0.44171569, 0.49337287, 0.49337287, 0.49337287,
       0.49337287, 0.57581411, 0.60337064, 0.63133846, 0.63133846,
       0.63133846, 0.68975752, 0.68975752, 0.71968964, 0.8108503 ,
       0.84164238, 0.9356562 , 0.96722564, 0.96722564, 0.96722564,
       1.        , 1.        , 1.        , 1.        , 1.        ,
       1.        , 1.        , 1.        , 1.        , 1.        ,
       1.        , 1.        , 1.        , 1.        , 1.        ,
       1.        ]), array([0.        , 0.        , 0.        , 0.        , 0.        ,
       0.        , 0.        , 0.        , 0.        , 0.        ,
       0.        , 0.        , 0.        , 0.        , 0.00537937,
       0.00537937, 0.00537937, 0.00537937, 0.00537937, 0.00537937,
       0.00537937, 0.00537937, 0.01442969, 0.01442969, 0.01442969,
       0.01442969, 0.02481182, 0.03580635, 0.03580635, 0.03580635,
       0.03580635, 0.06120399, 0.06120399, 0.06120399, 0.06120399,
       0.06120399, 0.06120399, 0.07624455, 0.07624455, 0.09226684,
       0.10846113, 0.10846113, 0.10846113, 0.12594624, 0.12594624,
       0.12594624, 0.12594624, 0.12594624, 0.12594624, 0.12594624,
       0.18700076, 0.22866218, 0.22866218, 0.22866218, 0.22866218,
       0.25100607, 0.31993203, 0.31993203, 0.31993203, 0.31993203,
       0.34465048, 0.34465048, 0.34465048, 0.34465048, 0.37092112,
       0.37092112, 0.37092112, 0.39850573, 0.39850573, 0.39850573,
       0.39850573, 0.45684524, 0.45684524, 0.54675156, 0.54675156,
       0.54675156, 0.60893211, 0.67229773, 0.76848654, 0.83347575,
       0.86639116, 0.96612025, 1.        , 1.        , 1.        ,
       1.        , 1.        , 1.        , 1.        , 1.        ,
       1.        , 1.        , 1.        , 1.        , 1.        ,
       1.        , 1.        , 1.        , 1.        , 1.        ,
       1.        ]), array([0.        , 0.        , 0.        , 0.        , 0.        ,
       0.        , 0.        , 0.        , 0.        , 0.        ,
       0.        , 0.        , 0.        , 0.        , 0.        ,
       0.00559497, 0.00559497, 0.00559497, 0.00559497, 0.00559497,
       0.00559497, 0.00559497, 0.00559497, 0.00559497, 0.00559497,
       0.00559497, 0.00559497, 0.00559497, 0.00559497, 0.00559497,
       0.00559497, 0.01771289, 0.03018126, 0.03018126, 0.04343922,
       0.04343922, 0.04343922, 0.04343922, 0.04343922, 0.05860438,
       0.05860438, 0.05860438, 0.09194599, 0.12610019, 0.12610019,
       0.14402911, 0.14402911, 0.14402911, 0.16308302, 0.18227256,
       0.18227256, 0.18227256, 0.20292872, 0.20292872, 0.22419378,
       0.26739344, 0.31168493, 0.31168493, 0.31168493, 0.33500922,
       0.33500922, 0.38328918, 0.38328918, 0.38328918, 0.38328918,
       0.38328918, 0.38328918, 0.43617979, 0.46325487, 0.49052814,
       0.51811287, 0.51811287, 0.54667435, 0.54667435, 0.54667435,
       0.57647676, 0.60661708, 0.63715941, 0.63715941, 0.69978238,
       0.79516471, 0.79516471, 0.79516471, 0.8282146 , 0.86169463,
       0.92902091, 0.92902091, 0.92902091, 0.92902091, 0.96417158,
       1.        , 1.        , 1.        , 1.        , 1.        ,
       1.        , 1.        , 1.        , 1.        , 1.        ,
       1.        ])]","[{'lambda_reg': 0.00021226430936016513, 'gamma': 0.0010294022043754695, 'degree': 4, 'coef0': 1.5346029700650003}, {'lambda_reg': 0.17455141737474106, 'gamma': 0.016131718087174805, 'degree': 5, 'coef0': 0.5191336506268003}, {'lambda_reg': 0.031306996276618315, 'gamma': 0.0010331128773434018, 'degree': 3, 'coef0': 0.5187244659040342}, {'lambda_reg': 0.031306996276618315, 'gamma': 0.0010331128773434018, 'degree': 3, 'coef0': 0.5187244659040342}, {'lambda_reg': 6.0268891286825045e-05, 'gamma': 0.004207053950287938, 'degree': 2, 'coef0': 4.330880728874676}]",polynomial,27
