test_ibs,mean_ibs,std_ibs,test_cindex,mean_cindex,std_cindex,test_auc,mean_auc,std_auc,test_tpr,test_fpr,best_params,kernel,task
"[np.float64(0.14154847115072366), np.float64(0.13642425474041195), np.float64(0.17059757599327155), np.float64(0.18309810745793922), np.float64(0.1756351620317937)]",0.161460714274828,0.0188461971086442,"[np.float64(0.6822585142126733), np.float64(0.8617475069548507), np.float64(0.6167472488292349), np.float64(0.7413589649271527), np.float64(0.6232146065256297)]",0.7050653682899083,0.0904282121385245,"[np.float64(0.7165222815832957), np.float64(0.6920125182268606), np.float64(0.7775626319308718), np.float64(0.591510872863234), np.float64(0.7212515513631981)]",0.699771971193492,0.0609491701049241,"[array([0.        , 0.        , 0.        , 0.        , 0.        ,
       0.        , 0.        , 0.        , 0.        , 0.05425923,
       0.05425923, 0.05425923, 0.05425923, 0.05425923, 0.05425923,
       0.05425923, 0.05425923, 0.05425923, 0.05425923, 0.05425923,
       0.05425923, 0.10121957, 0.10121957, 0.14725352, 0.14725352,
       0.14725352, 0.14725352, 0.14725352, 0.14725352, 0.14725352,
       0.14725352, 0.18847002, 0.18847002, 0.18847002, 0.26657802,
       0.26657802, 0.34258809, 0.34258809, 0.34258809, 0.34258809,
       0.34258809, 0.34258809, 0.3768618 , 0.3768618 , 0.3768618 ,
       0.3768618 , 0.40881645, 0.44023943, 0.47144256, 0.47144256,
       0.50144089, 0.5308826 , 0.55981867, 0.55981867, 0.58710666,
       0.58710666, 0.58710666, 0.58710666, 0.61205633, 0.63655399,
       0.63655399, 0.63655399, 0.63655399, 0.68090255, 0.70266143,
       0.70266143, 0.70266143, 0.70266143, 0.72203803, 0.72203803,
       0.73993333, 0.75726455, 0.82485775, 0.84086254, 0.84086254,
       0.8558493 , 0.8558493 , 0.8835589 , 0.93731421, 0.98774932,
       1.        , 1.        , 1.        , 1.        , 1.        ,
       1.        , 1.        , 1.        , 1.        , 1.        ,
       1.        , 1.        , 1.        , 1.        , 1.        ,
       1.        , 1.        , 1.        , 1.        , 1.        ,
       1.        ]), array([0.        , 0.        , 0.        , 0.        , 0.        ,
       0.        , 0.        , 0.        , 0.        , 0.        ,
       0.        , 0.        , 0.        , 0.05542926, 0.05542926,
       0.05542926, 0.10928502, 0.10928502, 0.10928502, 0.10928502,
       0.10928502, 0.10928502, 0.10928502, 0.10928502, 0.10928502,
       0.10928502, 0.10928502, 0.10928502, 0.10928502, 0.10928502,
       0.10928502, 0.10928502, 0.10928502, 0.10928502, 0.10928502,
       0.10928502, 0.10928502, 0.14959669, 0.14959669, 0.14959669,
       0.14959669, 0.18732168, 0.18732168, 0.22403894, 0.26020762,
       0.26020762, 0.32938944, 0.32938944, 0.32938944, 0.32938944,
       0.36156801, 0.42398237, 0.48563099, 0.51595996, 0.54577549,
       0.5746728 , 0.5746728 , 0.5746728 , 0.5746728 , 0.60070673,
       0.60070673, 0.60070673, 0.60070673, 0.6243094 , 0.6243094 ,
       0.6243094 , 0.6243094 , 0.64543901, 0.66603004, 0.72648654,
       0.72648654, 0.74548813, 0.78138963, 0.78138963, 0.79815666,
       0.83051945, 0.84598503, 0.86093077, 0.93247141, 0.97363828,
       1.        , 1.        , 1.        , 1.        , 1.        ,
       1.        , 1.        , 1.        , 1.        , 1.        ,
       1.        , 1.        , 1.        , 1.        , 1.        ,
       1.        , 1.        , 1.        , 1.        , 1.        ,
       1.        ]), array([0.        , 0.        , 0.        , 0.        , 0.        ,
       0.        , 0.        , 0.        , 0.        , 0.        ,
       0.04846493, 0.04846493, 0.04846493, 0.04846493, 0.04846493,
       0.04846493, 0.04846493, 0.04846493, 0.09253408, 0.09253408,
       0.09253408, 0.13536356, 0.13536356, 0.21846795, 0.21846795,
       0.21846795, 0.21846795, 0.21846795, 0.21846795, 0.29517789,
       0.29517789, 0.33268046, 0.33268046, 0.36866999, 0.43994221,
       0.43994221, 0.43994221, 0.47386662, 0.50714924, 0.54006893,
       0.54006893, 0.60412407, 0.60412407, 0.63476755, 0.6953881 ,
       0.6953881 , 0.72446936, 0.72446936, 0.72446936, 0.72446936,
       0.75144538, 0.75144538, 0.75144538, 0.75144538, 0.77643288,
       0.77643288, 0.77643288, 0.79955714, 0.79955714, 0.79955714,
       0.79955714, 0.82064584, 0.84141868, 0.84141868, 0.84141868,
       0.84141868, 0.84141868, 0.84141868, 0.84141868, 0.84141868,
       0.84141868, 0.84141868, 0.85651577, 0.87106599, 0.8853822 ,
       0.8853822 , 0.89840474, 0.89840474, 0.89840474, 0.90999234,
       0.93224908, 0.93224908, 0.93224908, 0.94148322, 0.95885674,
       0.96726325, 0.97488612, 0.98226191, 0.98226191, 0.99463313,
       0.99463313, 1.        , 1.        , 1.        , 1.        ,
       1.        , 1.        , 1.        , 1.        , 1.        ,
       1.        ]), array([0.        , 0.        , 0.        , 0.        , 0.        ,
       0.        , 0.        , 0.        , 0.        , 0.        ,
       0.        , 0.        , 0.        , 0.        , 0.        ,
       0.        , 0.        , 0.        , 0.        , 0.        ,
       0.        , 0.        , 0.        , 0.        , 0.        ,
       0.        , 0.        , 0.        , 0.        , 0.        ,
       0.        , 0.        , 0.        , 0.        , 0.        ,
       0.        , 0.        , 0.        , 0.        , 0.        ,
       0.        , 0.        , 0.        , 0.        , 0.04061035,
       0.04061035, 0.04061035, 0.04061035, 0.04061035, 0.04061035,
       0.04061035, 0.076377  , 0.076377  , 0.076377  , 0.076377  ,
       0.10941468, 0.10941468, 0.10941468, 0.10941468, 0.13918219,
       0.19741745, 0.28315338, 0.3386237 , 0.3386237 , 0.47001864,
       0.521376  , 0.64633997, 0.69456028, 0.71810195, 0.71810195,
       0.76168805, 0.78279315, 0.82373786, 0.86345535, 0.90143204,
       0.91957857, 0.91957857, 0.95362893, 0.97007417, 0.98550892,
       1.        , 1.        , 1.        , 1.        , 1.        ,
       1.        , 1.        , 1.        , 1.        , 1.        ,
       1.        , 1.        , 1.        , 1.        , 1.        ,
       1.        , 1.        , 1.        , 1.        , 1.        ,
       1.        ]), array([0.        , 0.        , 0.        , 0.        , 0.        ,
       0.        , 0.        , 0.        , 0.        , 0.        ,
       0.        , 0.        , 0.        , 0.        , 0.06200805,
       0.06200805, 0.12252942, 0.12252942, 0.12252942, 0.12252942,
       0.12252942, 0.12252942, 0.12252942, 0.12252942, 0.12252942,
       0.12252942, 0.12252942, 0.12252942, 0.12252942, 0.12252942,
       0.12252942, 0.12252942, 0.12252942, 0.12252942, 0.12252942,
       0.16970169, 0.16970169, 0.16970169, 0.16970169, 0.21411613,
       0.21411613, 0.21411613, 0.25596143, 0.29736933, 0.29736933,
       0.29736933, 0.29736933, 0.33582965, 0.33582965, 0.33582965,
       0.33582965, 0.37152777, 0.37152777, 0.43982567, 0.43982567,
       0.47267933, 0.47267933, 0.50417755, 0.50417755, 0.53419689,
       0.56309752, 0.56309752, 0.59080883, 0.59080883, 0.59080883,
       0.61644481, 0.64157372, 0.64157372, 0.66497249, 0.66497249,
       0.68682618, 0.68682618, 0.70743946, 0.72737989, 0.72737989,
       0.74551578, 0.76282056, 0.76282056, 0.77917114, 0.77917114,
       0.83820076, 0.85230932, 0.86574759, 0.94152599, 0.98908143,
       1.        , 1.        , 1.        , 1.        , 1.        ,
       1.        , 1.        , 1.        , 1.        , 1.        ,
       1.        , 1.        , 1.        , 1.        , 1.        ,
       1.        ])]","[array([0.        , 0.        , 0.        , 0.        , 0.        ,
       0.        , 0.        , 0.        , 0.        , 0.00337672,
       0.00337672, 0.00337672, 0.00337672, 0.00337672, 0.00337672,
       0.00337672, 0.00337672, 0.00337672, 0.00337672, 0.00337672,
       0.00337672, 0.01188837, 0.01188837, 0.02105176, 0.02105176,
       0.02105176, 0.02105176, 0.02105176, 0.02105176, 0.02105176,
       0.02105176, 0.03360435, 0.03360435, 0.03360435, 0.06175225,
       0.06175225, 0.09137609, 0.09137609, 0.09137609, 0.09137609,
       0.09137609, 0.09137609, 0.10881308, 0.10881308, 0.10881308,
       0.10881308, 0.12788159, 0.14732414, 0.16692136, 0.16692136,
       0.18736619, 0.2082026 , 0.22939476, 0.22939476, 0.25174637,
       0.25174637, 0.25174637, 0.25174637, 0.27574304, 0.30005771,
       0.30005771, 0.30005771, 0.30005771, 0.35195617, 0.37819764,
       0.37819764, 0.37819764, 0.37819764, 0.4061151 , 0.4061151 ,
       0.43507469, 0.46443112, 0.58307512, 0.61336472, 0.61336472,
       0.64437054, 0.64437054, 0.70797489, 0.83635417, 0.96706929,
       1.        , 1.        , 1.        , 1.        , 1.        ,
       1.        , 1.        , 1.        , 1.        , 1.        ,
       1.        , 1.        , 1.        , 1.        , 1.        ,
       1.        , 1.        , 1.        , 1.        , 1.        ,
       1.        ]), array([0.        , 0.        , 0.        , 0.        , 0.        ,
       0.        , 0.        , 0.        , 0.        , 0.        ,
       0.        , 0.        , 0.        , 0.00501368, 0.00501368,
       0.00501368, 0.01100964, 0.01100964, 0.01100964, 0.01100964,
       0.01100964, 0.01100964, 0.01100964, 0.01100964, 0.01100964,
       0.01100964, 0.01100964, 0.01100964, 0.01100964, 0.01100964,
       0.01100964, 0.01100964, 0.01100964, 0.01100964, 0.01100964,
       0.01100964, 0.01100964, 0.0254607 , 0.0254607 , 0.0254607 ,
       0.0254607 , 0.04152653, 0.04152653, 0.05822145, 0.07525883,
       0.07525883, 0.11130349, 0.11130349, 0.11130349, 0.11130349,
       0.13083175, 0.17110109, 0.21184846, 0.23253137, 0.25353479,
       0.27511144, 0.27511144, 0.27511144, 0.27511144, 0.29847558,
       0.29847558, 0.29847558, 0.29847558, 0.32335749, 0.32335749,
       0.32335749, 0.32335749, 0.34978323, 0.37654518, 0.45765297,
       0.45765297, 0.48540716, 0.54222754, 0.54222754, 0.57137669,
       0.63040617, 0.66036776, 0.69065388, 0.84407465, 0.93722426,
       1.        , 1.        , 1.        , 1.        , 1.        ,
       1.        , 1.        , 1.        , 1.        , 1.        ,
       1.        , 1.        , 1.        , 1.        , 1.        ,
       1.        , 1.        , 1.        , 1.        , 1.        ,
       1.        ]), array([0.        , 0.        , 0.        , 0.        , 0.        ,
       0.        , 0.        , 0.        , 0.        , 0.        ,
       0.00433709, 0.00433709, 0.00433709, 0.00433709, 0.00433709,
       0.00433709, 0.00433709, 0.00433709, 0.01233566, 0.01233566,
       0.01233566, 0.02136683, 0.02136683, 0.04155701, 0.04155701,
       0.04155701, 0.04155701, 0.04155701, 0.04155701, 0.06707348,
       0.06707348, 0.08054172, 0.08054172, 0.09527027, 0.12531613,
       0.12531613, 0.12531613, 0.14176483, 0.15874812, 0.1760337 ,
       0.1760337 , 0.21209107, 0.21209107, 0.23127264, 0.27019088,
       0.27019088, 0.29067371, 0.29067371, 0.29067371, 0.29067371,
       0.31291011, 0.31291011, 0.31291011, 0.31291011, 0.33680287,
       0.33680287, 0.33680287, 0.36224763, 0.36224763, 0.36224763,
       0.36224763, 0.38938791, 0.41679129, 0.41679129, 0.41679129,
       0.41679129, 0.41679129, 0.41679129, 0.41679129, 0.41679129,
       0.41679129, 0.41679129, 0.44892233, 0.48150888, 0.51429035,
       0.51429035, 0.5481494 , 0.5481494 , 0.5481494 , 0.58320369,
       0.6540773 , 0.6540773 , 0.6540773 , 0.69109191, 0.76603303,
       0.80373702, 0.84209376, 0.8806563 , 0.8806563 , 0.95976412,
       0.95976412, 1.        , 1.        , 1.        , 1.        ,
       1.        , 1.        , 1.        , 1.        , 1.        ,
       1.        ]), array([0.        , 0.        , 0.        , 0.        , 0.        ,
       0.        , 0.        , 0.        , 0.        , 0.        ,
       0.        , 0.        , 0.        , 0.        , 0.        ,
       0.        , 0.        , 0.        , 0.        , 0.        ,
       0.        , 0.        , 0.        , 0.        , 0.        ,
       0.        , 0.        , 0.        , 0.        , 0.        ,
       0.        , 0.        , 0.        , 0.        , 0.        ,
       0.        , 0.        , 0.        , 0.        , 0.        ,
       0.        , 0.        , 0.        , 0.        , 0.01608609,
       0.01608609, 0.01608609, 0.01608609, 0.01608609, 0.01608609,
       0.01608609, 0.034652  , 0.034652  , 0.034652  , 0.034652  ,
       0.05461504, 0.05461504, 0.05461504, 0.05461504, 0.0762523 ,
       0.12019226, 0.18693003, 0.23228555, 0.23228555, 0.3494019 ,
       0.39686311, 0.51727191, 0.56633919, 0.59116387, 0.59116387,
       0.64260371, 0.66867584, 0.72146798, 0.77488842, 0.8292001 ,
       0.85678692, 0.85678692, 0.91310874, 0.94156656, 0.97054172,
       1.        , 1.        , 1.        , 1.        , 1.        ,
       1.        , 1.        , 1.        , 1.        , 1.        ,
       1.        , 1.        , 1.        , 1.        , 1.        ,
       1.        , 1.        , 1.        , 1.        , 1.        ,
       1.        ]), array([0.        , 0.        , 0.        , 0.        , 0.        ,
       0.        , 0.        , 0.        , 0.        , 0.        ,
       0.        , 0.        , 0.        , 0.        , 0.0051216 ,
       0.0051216 , 0.01100471, 0.01100471, 0.01100471, 0.01100471,
       0.01100471, 0.01100471, 0.01100471, 0.01100471, 0.01100471,
       0.01100471, 0.01100471, 0.01100471, 0.01100471, 0.01100471,
       0.01100471, 0.01100471, 0.01100471, 0.01100471, 0.01100471,
       0.02372552, 0.02372552, 0.02372552, 0.02372552, 0.03785894,
       0.03785894, 0.03785894, 0.05330833, 0.06898177, 0.06898177,
       0.06898177, 0.06898177, 0.08616502, 0.08616502, 0.08616502,
       0.08616502, 0.10476313, 0.10476313, 0.14354638, 0.14354638,
       0.16360149, 0.16360149, 0.18435088, 0.18435088, 0.20585778,
       0.2279377 , 0.2279377 , 0.25062683, 0.25062683, 0.25062683,
       0.27437898, 0.29839086, 0.29839086, 0.32328896, 0.32328896,
       0.34897848, 0.34897848, 0.37530336, 0.4019729 , 0.4019729 ,
       0.42956676, 0.45758633, 0.45758633, 0.48609466, 0.48609466,
       0.60339221, 0.63304896, 0.66304904, 0.8455344 , 0.96870928,
       1.        , 1.        , 1.        , 1.        , 1.        ,
       1.        , 1.        , 1.        , 1.        , 1.        ,
       1.        , 1.        , 1.        , 1.        , 1.        ,
       1.        ])]","[{'lambda_reg': 0.09133602386880395, 'gamma': 0.0036779789156396944, 'coef0': -0.43456643349037255}, {'lambda_reg': 0.11466310172357008, 'gamma': 0.05615754250701848, 'coef0': -2.1458125360995046}, {'lambda_reg': 0.00040295608739941046, 'gamma': 0.0037479902879683892, 'coef0': -2.59117491533663}, {'lambda_reg': 0.019959423136551437, 'gamma': 0.030063521514446658, 'coef0': -3.009753646625463}, {'lambda_reg': 0.11466310172357008, 'gamma': 0.05615754250701848, 'coef0': -2.1458125360995046}]",sigmoid,26
"[np.float64(0.13264483391745197), np.float64(0.13814111378101188), np.float64(0.16201777929775482), np.float64(0.17758916504202013), np.float64(0.18272742118340404)]",0.1586240626443285,0.020231835477398,"[np.float64(0.6905998768474861), np.float64(0.8663791199133052), np.float64(0.6051757398648604), np.float64(0.7665761899071863), np.float64(0.6231219013396961)]",0.7103705655745067,0.0965058569549957,"[np.float64(0.7288505762776489), np.float64(0.6725894465712016), np.float64(0.7121065687245771), np.float64(0.651222990629809), np.float64(0.7025306779545695)]",0.6934600520315612,0.0279356745899159,"[array([0.        , 0.        , 0.        , 0.        , 0.        ,
       0.        , 0.        , 0.        , 0.        , 0.        ,
       0.        , 0.        , 0.        , 0.        , 0.        ,
       0.        , 0.        , 0.        , 0.        , 0.        ,
       0.        , 0.        , 0.04650405, 0.04650405, 0.04650405,
       0.09086195, 0.22272374, 0.22272374, 0.2657814 , 0.2657814 ,
       0.30765035, 0.30765035, 0.30765035, 0.30765035, 0.30765035,
       0.30765035, 0.30765035, 0.30765035, 0.34439834, 0.38082448,
       0.38082448, 0.38082448, 0.38082448, 0.38082448, 0.41432977,
       0.5127891 , 0.54528089, 0.54528089, 0.54528089, 0.54528089,
       0.54528089, 0.57437943, 0.57437943, 0.60239346, 0.60239346,
       0.60239346, 0.60239346, 0.62827454, 0.62827454, 0.62827454,
       0.65248621, 0.65248621, 0.67508034, 0.69716213, 0.69716213,
       0.71842144, 0.71842144, 0.71842144, 0.71842144, 0.71842144,
       0.75441835, 0.77207343, 0.80539215, 0.82160857, 0.85308552,
       0.85308552, 0.86753747, 0.86753747, 0.8805939 , 0.90634544,
       0.94242695, 1.        , 1.        , 1.        , 1.        ,
       1.        , 1.        , 1.        , 1.        , 1.        ,
       1.        , 1.        , 1.        , 1.        , 1.        ,
       1.        , 1.        , 1.        , 1.        , 1.        ,
       1.        ]), array([0.        , 0.        , 0.        , 0.        , 0.        ,
       0.        , 0.        , 0.        , 0.        , 0.        ,
       0.        , 0.        , 0.        , 0.        , 0.        ,
       0.        , 0.        , 0.        , 0.        , 0.        ,
       0.        , 0.        , 0.        , 0.        , 0.        ,
       0.        , 0.        , 0.        , 0.        , 0.        ,
       0.        , 0.        , 0.        , 0.        , 0.        ,
       0.04104024, 0.04104024, 0.08136022, 0.08136022, 0.1198478 ,
       0.15777467, 0.15777467, 0.19461212, 0.23108857, 0.23108857,
       0.26603739, 0.30057327, 0.334529  , 0.43394122, 0.46653362,
       0.53005063, 0.56126109, 0.56126109, 0.56126109, 0.56126109,
       0.56126109, 0.56126109, 0.56126109, 0.56126109, 0.56126109,
       0.58695595, 0.58695595, 0.58695595, 0.61064793, 0.63356825,
       0.63356825, 0.65546414, 0.65546414, 0.69634222, 0.73598979,
       0.7749532 , 0.7749532 , 0.7749532 , 0.79217228, 0.8253864 ,
       0.85770538, 0.90435369, 0.91911127, 0.93317367, 0.97384874,
       1.        , 1.        , 1.        , 1.        , 1.        ,
       1.        , 1.        , 1.        , 1.        , 1.        ,
       1.        , 1.        , 1.        , 1.        , 1.        ,
       1.        , 1.        , 1.        , 1.        , 1.        ,
       1.        ]), array([0.        , 0.        , 0.        , 0.        , 0.        ,
       0.        , 0.        , 0.        , 0.        , 0.        ,
       0.        , 0.        , 0.        , 0.        , 0.        ,
       0.        , 0.04521608, 0.04521608, 0.04521608, 0.04521608,
       0.04521608, 0.08778139, 0.08778139, 0.12944527, 0.12944527,
       0.12944527, 0.12944527, 0.12944527, 0.12944527, 0.12944527,
       0.12944527, 0.16654512, 0.20351635, 0.20351635, 0.20351635,
       0.20351635, 0.20351635, 0.20351635, 0.27074751, 0.33669958,
       0.33669958, 0.40041188, 0.46280285, 0.49349826, 0.55397684,
       0.58371173, 0.58371173, 0.58371173, 0.61191596, 0.61191596,
       0.63898228, 0.63898228, 0.63898228, 0.71555997, 0.7404131 ,
       0.7404131 , 0.7404131 , 0.7404131 , 0.76298047, 0.76298047,
       0.76298047, 0.78403422, 0.78403422, 0.78403422, 0.78403422,
       0.78403422, 0.78403422, 0.80213665, 0.80213665, 0.80213665,
       0.81840374, 0.83449661, 0.84952961, 0.87913818, 0.89324707,
       0.90685761, 0.919782  , 0.93241608, 0.95642271, 0.95642271,
       0.98937748, 1.        , 1.        , 1.        , 1.        ,
       1.        , 1.        , 1.        , 1.        , 1.        ,
       1.        , 1.        , 1.        , 1.        , 1.        ,
       1.        , 1.        , 1.        , 1.        , 1.        ,
       1.        ]), array([0.        , 0.        , 0.        , 0.        , 0.        ,
       0.        , 0.        , 0.        , 0.        , 0.        ,
       0.        , 0.        , 0.        , 0.        , 0.        ,
       0.        , 0.        , 0.        , 0.        , 0.        ,
       0.        , 0.        , 0.        , 0.        , 0.        ,
       0.        , 0.        , 0.        , 0.        , 0.        ,
       0.05191014, 0.05191014, 0.05191014, 0.05191014, 0.05191014,
       0.05191014, 0.05191014, 0.05191014, 0.09759163, 0.09759163,
       0.09759163, 0.09759163, 0.09759163, 0.09759163, 0.09759163,
       0.09759163, 0.13781454, 0.13781454, 0.13781454, 0.13781454,
       0.13781454, 0.13781454, 0.13781454, 0.13781454, 0.13781454,
       0.20424148, 0.23673658, 0.26891271, 0.30033591, 0.33098517,
       0.36078069, 0.38950917, 0.44571339, 0.4730012 , 0.49976302,
       0.60401133, 0.62919763, 0.65401355, 0.65401355, 0.72337395,
       0.74605738, 0.78975937, 0.78975937, 0.83000004, 0.83000004,
       0.83000004, 0.83000004, 0.88123773, 0.89740657, 0.89740657,
       0.92765774, 0.94212046, 0.94212046, 0.95470907, 0.99076665,
       0.99076665, 0.99076665, 0.99076665, 1.        , 1.        ,
       1.        , 1.        , 1.        , 1.        , 1.        ,
       1.        , 1.        , 1.        , 1.        , 1.        ,
       1.        ]), array([0.        , 0.        , 0.        , 0.        , 0.        ,
       0.        , 0.        , 0.        , 0.        , 0.        ,
       0.        , 0.        , 0.        , 0.        , 0.        ,
       0.        , 0.        , 0.        , 0.        , 0.        ,
       0.        , 0.        , 0.        , 0.        , 0.        ,
       0.        , 0.        , 0.        , 0.        , 0.        ,
       0.        , 0.        , 0.        , 0.04706592, 0.0939383 ,
       0.0939383 , 0.13938254, 0.13938254, 0.13938254, 0.18224766,
       0.18224766, 0.18224766, 0.18224766, 0.22262064, 0.30160583,
       0.30160583, 0.30160583, 0.37665946, 0.37665946, 0.44866624,
       0.44866624, 0.44866624, 0.48288908, 0.51589526, 0.51589526,
       0.51589526, 0.51589526, 0.51589526, 0.54581899, 0.57510303,
       0.57510303, 0.57510303, 0.602118  , 0.602118  , 0.602118  ,
       0.62671222, 0.62671222, 0.65021333, 0.65021333, 0.65021333,
       0.65021333, 0.71282507, 0.73284917, 0.73284917, 0.7511025 ,
       0.7511025 , 0.76814498, 0.78475569, 0.81639655, 0.81639655,
       0.87405112, 0.8877133 , 0.93996687, 0.98867921, 1.        ,
       1.        , 1.        , 1.        , 1.        , 1.        ,
       1.        , 1.        , 1.        , 1.        , 1.        ,
       1.        , 1.        , 1.        , 1.        , 1.        ,
       1.        ])]","[array([0.        , 0.        , 0.        , 0.        , 0.        ,
       0.        , 0.        , 0.        , 0.        , 0.        ,
       0.        , 0.        , 0.        , 0.        , 0.        ,
       0.        , 0.        , 0.        , 0.        , 0.        ,
       0.        , 0.        , 0.00886821, 0.00886821, 0.00886821,
       0.01924283, 0.05121737, 0.05121737, 0.06250465, 0.06250465,
       0.07462631, 0.07462631, 0.07462631, 0.07462631, 0.07462631,
       0.07462631, 0.07462631, 0.07462631, 0.09034246, 0.10628451,
       0.10628451, 0.10628451, 0.10628451, 0.10628451, 0.12427676,
       0.17969702, 0.19840066, 0.19840066, 0.19840066, 0.19840066,
       0.19840066, 0.21948607, 0.21948607, 0.24133272, 0.24133272,
       0.24133272, 0.24133272, 0.26467652, 0.26467652, 0.26467652,
       0.28919212, 0.28919212, 0.31484308, 0.34085366, 0.34085366,
       0.36744156, 0.36744156, 0.36744156, 0.36744156, 0.36744156,
       0.42519504, 0.45431281, 0.51394616, 0.54407375, 0.60499986,
       0.60499986, 0.63636595, 0.63636595, 0.66871158, 0.73365646,
       0.83286071, 1.        , 1.        , 1.        , 1.        ,
       1.        , 1.        , 1.        , 1.        , 1.        ,
       1.        , 1.        , 1.        , 1.        , 1.        ,
       1.        , 1.        , 1.        , 1.        , 1.        ,
       1.        ]), array([0.        , 0.        , 0.        , 0.        , 0.        ,
       0.        , 0.        , 0.        , 0.        , 0.        ,
       0.        , 0.        , 0.        , 0.        , 0.        ,
       0.        , 0.        , 0.        , 0.        , 0.        ,
       0.        , 0.        , 0.        , 0.        , 0.        ,
       0.        , 0.        , 0.        , 0.        , 0.        ,
       0.        , 0.        , 0.        , 0.        , 0.        ,
       0.01388667, 0.01388667, 0.02822771, 0.02822771, 0.04372473,
       0.05957545, 0.05957545, 0.07611343, 0.09287915, 0.09287915,
       0.11060857, 0.12859849, 0.14695438, 0.2035708 , 0.22278675,
       0.26227077, 0.28235851, 0.28235851, 0.28235851, 0.28235851,
       0.28235851, 0.28235851, 0.28235851, 0.28235851, 0.28235851,
       0.30592575, 0.30592575, 0.30592575, 0.33075649, 0.35607403,
       0.35607403, 0.38203783, 0.38203783, 0.43580351, 0.49034545,
       0.545319  , 0.545319  , 0.545319  , 0.57423314, 0.63283359,
       0.69199875, 0.78190102, 0.81236799, 0.8432735 , 0.93694397,
       1.        , 1.        , 1.        , 1.        , 1.        ,
       1.        , 1.        , 1.        , 1.        , 1.        ,
       1.        , 1.        , 1.        , 1.        , 1.        ,
       1.        , 1.        , 1.        , 1.        , 1.        ,
       1.        ]), array([0.        , 0.        , 0.        , 0.        , 0.        ,
       0.        , 0.        , 0.        , 0.        , 0.        ,
       0.        , 0.        , 0.        , 0.        , 0.        ,
       0.        , 0.00703879, 0.00703879, 0.00703879, 0.00703879,
       0.00703879, 0.01628613, 0.01628613, 0.02628451, 0.02628451,
       0.02628451, 0.02628451, 0.02628451, 0.02628451, 0.02628451,
       0.02628451, 0.0400855 , 0.05399365, 0.05399365, 0.05399365,
       0.05399365, 0.05399365, 0.05399365, 0.0874016 , 0.12187526,
       0.12187526, 0.15821502, 0.19565567, 0.21479264, 0.25382663,
       0.27376388, 0.27376388, 0.27376388, 0.29497643, 0.29497643,
       0.31713705, 0.31713705, 0.31713705, 0.38746921, 0.41147379,
       0.41147379, 0.41147379, 0.41147379, 0.4373828 , 0.4373828 ,
       0.4373828 , 0.4645529 , 0.4645529 , 0.4645529 , 0.4645529 ,
       0.4645529 , 0.4645529 , 0.49418196, 0.49418196, 0.49418196,
       0.52534017, 0.55664353, 0.58882994, 0.65358388, 0.68654024,
       0.7199118 , 0.75385505, 0.78804016, 0.85746147, 0.85746147,
       0.96413891, 1.        , 1.        , 1.        , 1.        ,
       1.        , 1.        , 1.        , 1.        , 1.        ,
       1.        , 1.        , 1.        , 1.        , 1.        ,
       1.        , 1.        , 1.        , 1.        , 1.        ,
       1.        ]), array([0.        , 0.        , 0.        , 0.        , 0.        ,
       0.        , 0.        , 0.        , 0.        , 0.        ,
       0.        , 0.        , 0.        , 0.        , 0.        ,
       0.        , 0.        , 0.        , 0.        , 0.        ,
       0.        , 0.        , 0.        , 0.        , 0.        ,
       0.        , 0.        , 0.        , 0.        , 0.        ,
       0.01065925, 0.01065925, 0.01065925, 0.01065925, 0.01065925,
       0.01065925, 0.01065925, 0.01065925, 0.02442626, 0.02442626,
       0.02442626, 0.02442626, 0.02442626, 0.02442626, 0.02442626,
       0.02442626, 0.04091683, 0.04091683, 0.04091683, 0.04091683,
       0.04091683, 0.04091683, 0.04091683, 0.04091683, 0.04091683,
       0.08089265, 0.101239  , 0.12174449, 0.14262565, 0.16389297,
       0.18558626, 0.20781195, 0.25288838, 0.27583289, 0.29903984,
       0.39326419, 0.41725724, 0.44143509, 0.44143509, 0.51650698,
       0.54174884, 0.59306323, 0.59306323, 0.64610464, 0.64610464,
       0.64610464, 0.64610464, 0.73021882, 0.75871112, 0.75871112,
       0.81673678, 0.84608034, 0.84608034, 0.87635898, 0.96804725,
       0.96804725, 0.96804725, 0.96804725, 1.        , 1.        ,
       1.        , 1.        , 1.        , 1.        , 1.        ,
       1.        , 1.        , 1.        , 1.        , 1.        ,
       1.        ]), array([0.        , 0.        , 0.        , 0.        , 0.        ,
       0.        , 0.        , 0.        , 0.        , 0.        ,
       0.        , 0.        , 0.        , 0.        , 0.        ,
       0.        , 0.        , 0.        , 0.        , 0.        ,
       0.        , 0.        , 0.        , 0.        , 0.        ,
       0.        , 0.        , 0.        , 0.        , 0.        ,
       0.        , 0.        , 0.        , 0.01229405, 0.02469134,
       0.02469134, 0.03785047, 0.03785047, 0.03785047, 0.05238541,
       0.05238541, 0.05238541, 0.05238541, 0.06824977, 0.10091776,
       0.10091776, 0.10091776, 0.13568301, 0.13568301, 0.17207358,
       0.17207358, 0.17207358, 0.19121869, 0.21101282, 0.21101282,
       0.21101282, 0.21101282, 0.21101282, 0.23245126, 0.25423094,
       0.25423094, 0.25423094, 0.27722104, 0.27722104, 0.27722104,
       0.30150247, 0.30150247, 0.32636702, 0.32636702, 0.32636702,
       0.32636702, 0.40517038, 0.43188972, 0.43188972, 0.45955365,
       0.45955365, 0.48786351, 0.5164037 , 0.57432721, 0.57432721,
       0.693176  , 0.72328906, 0.84501898, 0.96863794, 1.        ,
       1.        , 1.        , 1.        , 1.        , 1.        ,
       1.        , 1.        , 1.        , 1.        , 1.        ,
       1.        , 1.        , 1.        , 1.        , 1.        ,
       1.        ])]","[{'lambda_reg': 0.1452824663751603, 'gamma': 0.0070689749506246055}, {'lambda_reg': 0.8192602279031006, 'gamma': 0.023739423955292542}, {'lambda_reg': 0.8192602279031006, 'gamma': 0.023739423955292542}, {'lambda_reg': 0.1452824663751603, 'gamma': 0.0070689749506246055}, {'lambda_reg': 0.8192602279031006, 'gamma': 0.023739423955292542}]",laplacian,23
"[np.float64(0.15150187789744865), np.float64(0.12518501993869524), np.float64(0.17177645811831252), np.float64(0.19576534430942533), np.float64(0.20163613967419466)]",0.1691729679876153,0.028337244586526,"[np.float64(0.6425129261201064), np.float64(0.8640820844072198), np.float64(0.6570844847988926), np.float64(0.7248721358677733), np.float64(0.6292275454137565)]",0.7035558353215496,0.0867566472130911,"[np.float64(0.7750932535228681), np.float64(0.7494204031549406), np.float64(0.7706778773400005), np.float64(0.7011208284466927), np.float64(0.8138220404225115)]",0.7620268805774028,0.0368694423322855,"[array([0.        , 0.        , 0.        , 0.        , 0.        ,
       0.        , 0.        , 0.        , 0.        , 0.        ,
       0.        , 0.        , 0.        , 0.        , 0.05982179,
       0.05982179, 0.05982179, 0.05982179, 0.05982179, 0.05982179,
       0.05982179, 0.05982179, 0.1139892 , 0.1139892 , 0.1139892 ,
       0.16631262, 0.16631262, 0.16631262, 0.16631262, 0.16631262,
       0.16631262, 0.16631262, 0.16631262, 0.16631262, 0.16631262,
       0.21191263, 0.25627762, 0.34448875, 0.34448875, 0.34448875,
       0.3862271 , 0.3862271 , 0.3862271 , 0.42632958, 0.42632958,
       0.42632958, 0.42632958, 0.50019258, 0.53652581, 0.53652581,
       0.53652581, 0.53652581, 0.56998162, 0.56998162, 0.56998162,
       0.63312653, 0.63312653, 0.63312653, 0.63312653, 0.661729  ,
       0.661729  , 0.68889817, 0.71542023, 0.74162775, 0.74162775,
       0.74162775, 0.74162775, 0.74162775, 0.74162775, 0.76343878,
       0.76343878, 0.7841796 , 0.7841796 , 0.80297495, 0.82116633,
       0.82116633, 0.82116633, 0.83756238, 0.83756238, 0.85258888,
       0.86694127, 0.8801378 , 0.8801378 , 0.8920578 , 0.90343716,
       0.91415603, 0.93373612, 0.93373612, 0.94266656, 0.95848578,
       0.98736119, 0.99423522, 1.        , 1.        , 1.        ,
       1.        , 1.        , 1.        , 1.        , 1.        ,
       1.        ]), array([0.        , 0.        , 0.        , 0.        , 0.        ,
       0.        , 0.        , 0.        , 0.        , 0.        ,
       0.        , 0.        , 0.        , 0.        , 0.        ,
       0.        , 0.        , 0.        , 0.        , 0.        ,
       0.05328451, 0.05328451, 0.05328451, 0.05328451, 0.05328451,
       0.05328451, 0.05328451, 0.05328451, 0.05328451, 0.14838355,
       0.14838355, 0.14838355, 0.14838355, 0.14838355, 0.14838355,
       0.14838355, 0.14838355, 0.23336711, 0.27467328, 0.31524194,
       0.3557059 , 0.3557059 , 0.3557059 , 0.39402028, 0.39402028,
       0.46742456, 0.50392711, 0.50392711, 0.53890815, 0.60700309,
       0.60700309, 0.60700309, 0.60700309, 0.60700309, 0.63761978,
       0.63761978, 0.63761978, 0.66620918, 0.66620918, 0.66620918,
       0.66620918, 0.69235944, 0.69235944, 0.69235944, 0.69235944,
       0.69235944, 0.69235944, 0.69235944, 0.71402298, 0.73519917,
       0.75546297, 0.75546297, 0.79382899, 0.81228043, 0.81228043,
       0.81228043, 0.81228043, 0.84311479, 0.84311479, 0.84311479,
       0.87072662, 0.88381018, 0.89579056, 0.9187266 , 0.92982339,
       0.94031148, 0.94965358, 0.96790178, 0.98444673, 1.        ,
       1.        , 1.        , 1.        , 1.        , 1.        ,
       1.        , 1.        , 1.        , 1.        , 1.        ,
       1.        ]), array([0.        , 0.        , 0.        , 0.        , 0.        ,
       0.        , 0.        , 0.        , 0.        , 0.        ,
       0.        , 0.        , 0.        , 0.        , 0.04762135,
       0.04762135, 0.04762135, 0.04762135, 0.04762135, 0.04762135,
       0.04762135, 0.04762135, 0.09079507, 0.13382791, 0.17608358,
       0.17608358, 0.21703644, 0.21703644, 0.21703644, 0.21703644,
       0.21703644, 0.25528769, 0.25528769, 0.29251342, 0.29251342,
       0.29251342, 0.32822515, 0.32822515, 0.39726179, 0.49883791,
       0.5323305 , 0.5323305 , 0.59688901, 0.66016227, 0.66016227,
       0.66016227, 0.66016227, 0.71937586, 0.71937586, 0.74773147,
       0.77579203, 0.80301009, 0.80301009, 0.80301009, 0.80301009,
       0.80301009, 0.80301009, 0.80301009, 0.82622832, 0.82622832,
       0.82622832, 0.82622832, 0.82622832, 0.82622832, 0.84638913,
       0.84638913, 0.84638913, 0.84638913, 0.84638913, 0.84638913,
       0.84638913, 0.84638913, 0.86223021, 0.89265145, 0.89265145,
       0.90652275, 0.90652275, 0.90652275, 0.91870973, 0.91870973,
       0.91870973, 0.92956144, 0.92956144, 0.92956144, 0.93859597,
       0.94731248, 0.9630399 , 0.97062614, 0.97062614, 0.98345881,
       0.9947883 , 1.        , 1.        , 1.        , 1.        ,
       1.        , 1.        , 1.        , 1.        , 1.        ,
       1.        ]), array([0.        , 0.        , 0.        , 0.        , 0.        ,
       0.        , 0.        , 0.        , 0.        , 0.        ,
       0.        , 0.        , 0.        , 0.        , 0.        ,
       0.        , 0.        , 0.        , 0.        , 0.        ,
       0.        , 0.        , 0.        , 0.        , 0.        ,
       0.        , 0.        , 0.        , 0.        , 0.        ,
       0.        , 0.        , 0.        , 0.        , 0.        ,
       0.        , 0.        , 0.        , 0.        , 0.05106039,
       0.05106039, 0.05106039, 0.05106039, 0.05106039, 0.05106039,
       0.05106039, 0.09596509, 0.13972828, 0.13972828, 0.18217877,
       0.18217877, 0.18217877, 0.18217877, 0.18217877, 0.25921824,
       0.25921824, 0.25921824, 0.3305469 , 0.3305469 , 0.36473881,
       0.36473881, 0.49578816, 0.49578816, 0.49578816, 0.49578816,
       0.55394572, 0.58211952, 0.66511819, 0.69225856, 0.7179234 ,
       0.7179234 , 0.74251275, 0.76605363, 0.81135292, 0.81135292,
       0.85342312, 0.8736367 , 0.89317908, 0.89317908, 0.89317908,
       0.89317908, 0.89317908, 0.89317908, 0.90735646, 0.92079333,
       0.92079333, 0.92079333, 0.931766  , 0.94245224, 0.96198439,
       0.97103546, 0.97103546, 0.98496075, 0.99117411, 0.99646265,
       0.99646265, 1.        , 1.        , 1.        , 1.        ,
       1.        ]), array([0.        , 0.        , 0.        , 0.        , 0.        ,
       0.        , 0.        , 0.        , 0.        , 0.        ,
       0.        , 0.        , 0.        , 0.        , 0.        ,
       0.        , 0.        , 0.        , 0.        , 0.06045334,
       0.06045334, 0.06045334, 0.06045334, 0.06045334, 0.17367618,
       0.17367618, 0.17367618, 0.17367618, 0.17367618, 0.17367618,
       0.17367618, 0.22503805, 0.22503805, 0.22503805, 0.22503805,
       0.32225032, 0.32225032, 0.36938814, 0.41553521, 0.41553521,
       0.41553521, 0.41553521, 0.45921081, 0.45921081, 0.50094156,
       0.54207028, 0.62320002, 0.62320002, 0.62320002, 0.66122827,
       0.66122827, 0.66122827, 0.66122827, 0.66122827, 0.66122827,
       0.6948892 , 0.6948892 , 0.6948892 , 0.6948892 , 0.6948892 ,
       0.6948892 , 0.72451301, 0.75338229, 0.75338229, 0.78025754,
       0.78025754, 0.78025754, 0.78025754, 0.78025754, 0.78025754,
       0.78025754, 0.78025754, 0.80158956, 0.80158956, 0.80158956,
       0.80158956, 0.85569455, 0.85569455, 0.85569455, 0.87132234,
       0.87132234, 0.88567769, 0.89968015, 0.89968015, 0.89968015,
       0.89968015, 0.92124967, 0.92124967, 0.92124967, 0.92124967,
       0.93694312, 0.94362973, 0.96217537, 0.97297542, 0.987569  ,
       1.        , 1.        , 1.        , 1.        , 1.        ,
       1.        ])]","[array([0.        , 0.        , 0.        , 0.        , 0.        ,
       0.        , 0.        , 0.        , 0.        , 0.        ,
       0.        , 0.        , 0.        , 0.        , 0.00512702,
       0.00512702, 0.00512702, 0.00512702, 0.00512702, 0.00512702,
       0.00512702, 0.00512702, 0.01332818, 0.01332818, 0.01332818,
       0.02253186, 0.02253186, 0.02253186, 0.02253186, 0.02253186,
       0.02253186, 0.02253186, 0.02253186, 0.02253186, 0.02253186,
       0.0353909 , 0.04892138, 0.07626444, 0.07626444, 0.07626444,
       0.09122296, 0.09122296, 0.09122296, 0.10707086, 0.10707086,
       0.10707086, 0.10707086, 0.14221463, 0.16011178, 0.16011178,
       0.16011178, 0.16011178, 0.1795733 , 0.1795733 , 0.1795733 ,
       0.22054422, 0.22054422, 0.22054422, 0.22054422, 0.24264439,
       0.24264439, 0.2655238 , 0.28875503, 0.31215726, 0.31215726,
       0.31215726, 0.31215726, 0.31215726, 0.31215726, 0.33794976,
       0.33794976, 0.3643241 , 0.3643241 , 0.39175615, 0.41951656,
       0.41951656, 0.41951656, 0.44825304, 0.44825304, 0.47773411,
       0.50758168, 0.53805766, 0.53805766, 0.56922766, 0.60069159,
       0.63251461, 0.69717061, 0.69717061, 0.72996596, 0.79666664,
       0.93157021, 0.96548357, 1.        , 1.        , 1.        ,
       1.        , 1.        , 1.        , 1.        , 1.        ,
       1.        ]), array([0.        , 0.        , 0.        , 0.        , 0.        ,
       0.        , 0.        , 0.        , 0.        , 0.        ,
       0.        , 0.        , 0.        , 0.        , 0.        ,
       0.        , 0.        , 0.        , 0.        , 0.        ,
       0.00763166, 0.00763166, 0.00763166, 0.00763166, 0.00763166,
       0.00763166, 0.00763166, 0.00763166, 0.00763166, 0.02954752,
       0.02954752, 0.02954752, 0.02954752, 0.02954752, 0.02954752,
       0.02954752, 0.02954752, 0.05733033, 0.07190939, 0.0869162 ,
       0.10198374, 0.10198374, 0.10198374, 0.11829802, 0.11829802,
       0.15279678, 0.17016192, 0.17016192, 0.18840954, 0.2259877 ,
       0.2259877 , 0.2259877 , 0.2259877 , 0.2259877 , 0.24676662,
       0.24676662, 0.24676662, 0.26872137, 0.26872137, 0.26872137,
       0.26872137, 0.29209081, 0.29209081, 0.29209081, 0.29209081,
       0.29209081, 0.29209081, 0.29209081, 0.31806253, 0.34431692,
       0.37110049, 0.37110049, 0.42592133, 0.45375607, 0.45375607,
       0.45375607, 0.45375607, 0.51294526, 0.51294526, 0.51294526,
       0.5740035 , 0.60495159, 0.63653952, 0.70030971, 0.73241012,
       0.76486357, 0.7979817 , 0.86447082, 0.93194783, 1.        ,
       1.        , 1.        , 1.        , 1.        , 1.        ,
       1.        , 1.        , 1.        , 1.        , 1.        ,
       1.        ]), array([0.        , 0.        , 0.        , 0.        , 0.        ,
       0.        , 0.        , 0.        , 0.        , 0.        ,
       0.        , 0.        , 0.        , 0.        , 0.00599432,
       0.00599432, 0.00599432, 0.00599432, 0.00599432, 0.00599432,
       0.00599432, 0.00599432, 0.01551055, 0.02513836, 0.03538157,
       0.03538157, 0.04665644, 0.04665644, 0.04665644, 0.04665644,
       0.04665644, 0.06007062, 0.06007062, 0.07429687, 0.07429687,
       0.07429687, 0.08972201, 0.08972201, 0.12246234, 0.1731398 ,
       0.1903222 , 0.1903222 , 0.2266086 , 0.26391275, 0.26391275,
       0.26391275, 0.26391275, 0.30443161, 0.30443161, 0.32568182,
       0.34716567, 0.36931666, 0.36931666, 0.36931666, 0.36931666,
       0.36931666, 0.36931666, 0.36931666, 0.39463498, 0.39463498,
       0.39463498, 0.39463498, 0.39463498, 0.39463498, 0.42237437,
       0.42237437, 0.42237437, 0.42237437, 0.42237437, 0.42237437,
       0.42237437, 0.42237437, 0.45353441, 0.51685296, 0.51685296,
       0.54957281, 0.54957281, 0.54957281, 0.5836264 , 0.5836264 ,
       0.5836264 , 0.61873736, 0.61873736, 0.61873736, 0.65528728,
       0.69208902, 0.76704312, 0.80473989, 0.80473989, 0.88198624,
       0.96042291, 1.        , 1.        , 1.        , 1.        ,
       1.        , 1.        , 1.        , 1.        , 1.        ,
       1.        ]), array([0.        , 0.        , 0.        , 0.        , 0.        ,
       0.        , 0.        , 0.        , 0.        , 0.        ,
       0.        , 0.        , 0.        , 0.        , 0.        ,
       0.        , 0.        , 0.        , 0.        , 0.        ,
       0.        , 0.        , 0.        , 0.        , 0.        ,
       0.        , 0.        , 0.        , 0.        , 0.        ,
       0.        , 0.        , 0.        , 0.        , 0.        ,
       0.        , 0.        , 0.        , 0.        , 0.01319861,
       0.01319861, 0.01319861, 0.01319861, 0.01319861, 0.01319861,
       0.01319861, 0.02898035, 0.04524109, 0.04524109, 0.06205269,
       0.06205269, 0.06205269, 0.06205269, 0.06205269, 0.09897482,
       0.09897482, 0.09897482, 0.13829339, 0.13829339, 0.15857054,
       0.15857054, 0.24207875, 0.24207875, 0.24207875, 0.24207875,
       0.28692432, 0.30972686, 0.37877348, 0.40200969, 0.42586507,
       0.42586507, 0.45017177, 0.47491843, 0.52515974, 0.52515974,
       0.57675607, 0.60289897, 0.62932354, 0.62932354, 0.62932354,
       0.62932354, 0.62932354, 0.62932354, 0.65799942, 0.68698604,
       0.68698604, 0.68698604, 0.71700672, 0.74714759, 0.8082016 ,
       0.83902865, 0.83902865, 0.90243547, 0.93445331, 0.96685923,
       0.96685923, 1.        , 1.        , 1.        , 1.        ,
       1.        ]), array([0.        , 0.        , 0.        , 0.        , 0.        ,
       0.        , 0.        , 0.        , 0.        , 0.        ,
       0.        , 0.        , 0.        , 0.        , 0.        ,
       0.        , 0.        , 0.        , 0.        , 0.00672463,
       0.00672463, 0.00672463, 0.00672463, 0.00672463, 0.02393785,
       0.02393785, 0.02393785, 0.02393785, 0.02393785, 0.02393785,
       0.02393785, 0.03511596, 0.03511596, 0.03511596, 0.03511596,
       0.060172  , 0.060172  , 0.07341928, 0.08715188, 0.08715188,
       0.08715188, 0.08715188, 0.10209513, 0.10209513, 0.11799108,
       0.13418193, 0.16711605, 0.16711605, 0.16711605, 0.18482567,
       0.18482567, 0.18482567, 0.18482567, 0.18482567, 0.18482567,
       0.20467465, 0.20467465, 0.20467465, 0.20467465, 0.20467465,
       0.20467465, 0.22650121, 0.24869739, 0.24869739, 0.27187034,
       0.27187034, 0.27187034, 0.27187034, 0.27187034, 0.27187034,
       0.27187034, 0.27187034, 0.29775867, 0.29775867, 0.29775867,
       0.29775867, 0.38026881, 0.38026881, 0.38026881, 0.40895136,
       0.40895136, 0.43825723, 0.46773596, 0.46773596, 0.46773596,
       0.46773596, 0.52984582, 0.52984582, 0.52984582, 0.52984582,
       0.59483409, 0.62789651, 0.7278255 , 0.79521081, 0.89707574,
       1.        , 1.        , 1.        , 1.        , 1.        ,
       1.        ])]","[{'lambda_reg': 0.973931121510424}, {'lambda_reg': 0.974217634211552}, {'lambda_reg': 0.566984951147885}, {'lambda_reg': 0.07735407036699839}, {'lambda_reg': 0.7897219752341905}]",linear,21
"[np.float64(0.14097836485369805), np.float64(0.13255958511770105), np.float64(0.1685642318180236), np.float64(0.1879094987306256), np.float64(0.17890392864279256)]",0.1617831218325681,0.0214874198514491,"[np.float64(0.6877688310159327), np.float64(0.8686797011451103), np.float64(0.6121064338802432), np.float64(0.7410478365114056), np.float64(0.637632575395007)]",0.7094470755895397,0.0910561435450928,"[np.float64(0.7160765436319909), np.float64(0.7114605721914963), np.float64(0.7750250814921742), np.float64(0.658946417769295), np.float64(0.7178383014033152)]",0.7158693832976544,0.0367776502857499,"[array([0.        , 0.        , 0.        , 0.        , 0.        ,
       0.        , 0.        , 0.        , 0.        , 0.        ,
       0.        , 0.        , 0.        , 0.        , 0.        ,
       0.        , 0.        , 0.04865594, 0.04865594, 0.04865594,
       0.04865594, 0.04865594, 0.09468191, 0.14005256, 0.14005256,
       0.14005256, 0.14005256, 0.14005256, 0.14005256, 0.14005256,
       0.14005256, 0.14005256, 0.29927567, 0.29927567, 0.29927567,
       0.29927567, 0.3367633 , 0.3367633 , 0.3367633 , 0.3367633 ,
       0.3367633 , 0.3367633 , 0.37056399, 0.37056399, 0.37056399,
       0.40300002, 0.46689225, 0.46689225, 0.46689225, 0.52730569,
       0.55650743, 0.55650743, 0.55650743, 0.58405499, 0.58405499,
       0.58405499, 0.60970606, 0.63482724, 0.63482724, 0.63482724,
       0.65839824, 0.65839824, 0.70296945, 0.70296945, 0.70296945,
       0.70296945, 0.72297512, 0.74238692, 0.74238692, 0.76088053,
       0.76088053, 0.79531655, 0.82831505, 0.82831505, 0.84355474,
       0.84355474, 0.85759277, 0.8849588 , 0.96336066, 0.97593086,
       1.        , 1.        , 1.        , 1.        , 1.        ,
       1.        , 1.        , 1.        , 1.        , 1.        ,
       1.        , 1.        , 1.        , 1.        , 1.        ,
       1.        , 1.        , 1.        , 1.        , 1.        ,
       1.        ]), array([0.        , 0.        , 0.        , 0.        , 0.        ,
       0.        , 0.        , 0.        , 0.        , 0.        ,
       0.        , 0.        , 0.        , 0.        , 0.        ,
       0.        , 0.        , 0.        , 0.05205073, 0.05205073,
       0.05205073, 0.05205073, 0.10175818, 0.10175818, 0.10175818,
       0.10175818, 0.10175818, 0.10175818, 0.10175818, 0.10175818,
       0.10175818, 0.10175818, 0.10175818, 0.14419593, 0.14419593,
       0.14419593, 0.14419593, 0.18414485, 0.22371107, 0.26250246,
       0.26250246, 0.26250246, 0.3361136 , 0.3361136 , 0.3361136 ,
       0.3361136 , 0.3361136 , 0.40338084, 0.43682529, 0.53484082,
       0.56694105, 0.56694105, 0.5974791 , 0.5974791 , 0.5974791 ,
       0.5974791 , 0.5974791 , 0.5974791 , 0.6240275 , 0.6240275 ,
       0.6240275 , 0.6240275 , 0.6240275 , 0.64762808, 0.64762808,
       0.64762808, 0.66911676, 0.66911676, 0.66911676, 0.66911676,
       0.74606295, 0.74606295, 0.76434614, 0.76434614, 0.7980588 ,
       0.83011951, 0.84571028, 0.86082994, 0.87496271, 0.91529159,
       0.92799386, 0.97684816, 1.        , 1.        , 1.        ,
       1.        , 1.        , 1.        , 1.        , 1.        ,
       1.        , 1.        , 1.        , 1.        , 1.        ,
       1.        , 1.        , 1.        , 1.        , 1.        ,
       1.        ]), array([0.        , 0.        , 0.        , 0.        , 0.        ,
       0.        , 0.05047775, 0.05047775, 0.05047775, 0.05047775,
       0.05047775, 0.05047775, 0.05047775, 0.05047775, 0.09654508,
       0.09654508, 0.09654508, 0.09654508, 0.1405038 , 0.18380616,
       0.18380616, 0.18380616, 0.18380616, 0.18380616, 0.22446126,
       0.22446126, 0.22446126, 0.22446126, 0.22446126, 0.22446126,
       0.2622765 , 0.29952907, 0.29952907, 0.3358138 , 0.37129693,
       0.37129693, 0.37129693, 0.4054086 , 0.50541039, 0.50541039,
       0.56977523, 0.63328618, 0.63328618, 0.66375074, 0.66375074,
       0.66375074, 0.66375074, 0.72123351, 0.74926836, 0.74926836,
       0.74926836, 0.74926836, 0.74926836, 0.74926836, 0.77392891,
       0.77392891, 0.77392891, 0.79720858, 0.79720858, 0.79720858,
       0.79720858, 0.79720858, 0.79720858, 0.81704305, 0.83670172,
       0.83670172, 0.83670172, 0.83670172, 0.83670172, 0.83670172,
       0.83670172, 0.83670172, 0.83670172, 0.83670172, 0.85064396,
       0.87789876, 0.89085491, 0.89085491, 0.90262011, 0.90262011,
       0.92447946, 0.93481608, 0.94466766, 0.94466766, 0.9624537 ,
       0.97886892, 0.97886892, 0.99327041, 1.        , 1.        ,
       1.        , 1.        , 1.        , 1.        , 1.        ,
       1.        , 1.        , 1.        , 1.        , 1.        ,
       1.        ]), array([0.        , 0.        , 0.        , 0.        , 0.        ,
       0.        , 0.        , 0.        , 0.        , 0.        ,
       0.        , 0.        , 0.        , 0.        , 0.        ,
       0.        , 0.        , 0.        , 0.        , 0.        ,
       0.        , 0.        , 0.        , 0.        , 0.        ,
       0.        , 0.        , 0.        , 0.        , 0.        ,
       0.        , 0.05279381, 0.05279381, 0.05279381, 0.05279381,
       0.05279381, 0.05279381, 0.05279381, 0.05279381, 0.05279381,
       0.05279381, 0.05279381, 0.05279381, 0.09688043, 0.09688043,
       0.1388023 , 0.1388023 , 0.1388023 , 0.1388023 , 0.1388023 ,
       0.1388023 , 0.1388023 , 0.1388023 , 0.17515256, 0.17515256,
       0.17515256, 0.17515256, 0.17515256, 0.17515256, 0.26998038,
       0.36198845, 0.36198845, 0.39168027, 0.42002003, 0.58690113,
       0.64100999, 0.66743722, 0.69272499, 0.69272499, 0.71643535,
       0.76242929, 0.76242929, 0.7839505 , 0.80451358, 0.82495177,
       0.82495177, 0.82495177, 0.84265334, 0.85979167, 0.89278082,
       0.90823419, 0.92270403, 0.92270403, 0.94935607, 0.94935607,
       0.94935607, 0.97173063, 0.98212178, 0.99198789, 0.99198789,
       1.        , 1.        , 1.        , 1.        , 1.        ,
       1.        , 1.        , 1.        , 1.        , 1.        ,
       1.        ]), array([0.        , 0.        , 0.        , 0.        , 0.        ,
       0.        , 0.        , 0.        , 0.        , 0.        ,
       0.        , 0.        , 0.        , 0.        , 0.        ,
       0.        , 0.        , 0.        , 0.        , 0.        ,
       0.        , 0.        , 0.        , 0.        , 0.        ,
       0.05384379, 0.05384379, 0.05384379, 0.05384379, 0.10502484,
       0.10502484, 0.10502484, 0.10502484, 0.10502484, 0.10502484,
       0.10502484, 0.15081661, 0.1965162 , 0.1965162 , 0.1965162 ,
       0.23977797, 0.28259069, 0.28259069, 0.28259069, 0.32285722,
       0.32285722, 0.32285722, 0.36118524, 0.36118524, 0.36118524,
       0.36118524, 0.43180762, 0.46635568, 0.50042476, 0.50042476,
       0.50042476, 0.50042476, 0.53178848, 0.56248048, 0.56248048,
       0.56248048, 0.59093249, 0.59093249, 0.61737694, 0.61737694,
       0.64250847, 0.64250847, 0.64250847, 0.66572158, 0.68818279,
       0.68818279, 0.68818279, 0.70849733, 0.72790775, 0.72790775,
       0.72790775, 0.76291795, 0.77974421, 0.79566875, 0.81110317,
       0.8402723 , 0.86806188, 0.88098202, 0.9183787 , 0.97744734,
       1.        , 1.        , 1.        , 1.        , 1.        ,
       1.        , 1.        , 1.        , 1.        , 1.        ,
       1.        , 1.        , 1.        , 1.        , 1.        ,
       1.        ])]","[array([0.        , 0.        , 0.        , 0.        , 0.        ,
       0.        , 0.        , 0.        , 0.        , 0.        ,
       0.        , 0.        , 0.        , 0.        , 0.        ,
       0.        , 0.        , 0.00691846, 0.00691846, 0.00691846,
       0.00691846, 0.00691846, 0.01573055, 0.02501449, 0.02501449,
       0.02501449, 0.02501449, 0.02501449, 0.02501449, 0.02501449,
       0.02501449, 0.02501449, 0.0781775 , 0.0781775 , 0.0781775 ,
       0.0781775 , 0.09313736, 0.09313736, 0.09313736, 0.09313736,
       0.09313736, 0.09313736, 0.1107519 , 0.1107519 , 0.1107519 ,
       0.12934902, 0.16724875, 0.16724875, 0.16724875, 0.20765328,
       0.22857916, 0.22857916, 0.22857916, 0.25069606, 0.25069606,
       0.25069606, 0.27417849, 0.29804245, 0.29804245, 0.29804245,
       0.32302256, 0.32302256, 0.37483381, 0.37483381, 0.37483381,
       0.37483381, 0.40238103, 0.43035586, 0.43035586, 0.4589918 ,
       0.4589918 , 0.51810058, 0.57824442, 0.57824442, 0.60922324,
       0.60922324, 0.64106728, 0.70526661, 0.90052594, 0.93342685,
       1.        , 1.        , 1.        , 1.        , 1.        ,
       1.        , 1.        , 1.        , 1.        , 1.        ,
       1.        , 1.        , 1.        , 1.        , 1.        ,
       1.        , 1.        , 1.        , 1.        , 1.        ,
       1.        ]), array([0.        , 0.        , 0.        , 0.        , 0.        ,
       0.        , 0.        , 0.        , 0.        , 0.        ,
       0.        , 0.        , 0.        , 0.        , 0.        ,
       0.        , 0.        , 0.        , 0.00697022, 0.00697022,
       0.00697022, 0.00697022, 0.01541619, 0.01541619, 0.01541619,
       0.01541619, 0.01541619, 0.01541619, 0.01541619, 0.01541619,
       0.01541619, 0.01541619, 0.01541619, 0.02844046, 0.02844046,
       0.02844046, 0.02844046, 0.04303216, 0.05786488, 0.07318556,
       0.07318556, 0.07318556, 0.1063282 , 0.1063282 , 0.1063282 ,
       0.1063282 , 0.1063282 , 0.1434661 , 0.16215418, 0.21967815,
       0.2392128 , 0.2392128 , 0.25973127, 0.25973127, 0.25973127,
       0.25973127, 0.25973127, 0.25973127, 0.28276235, 0.28276235,
       0.28276235, 0.28276235, 0.28276235, 0.30764991, 0.30764991,
       0.30764991, 0.3338675 , 0.3338675 , 0.3338675 , 0.3338675 ,
       0.44441127, 0.44441127, 0.47264761, 0.47264761, 0.53091752,
       0.59022779, 0.62015977, 0.65038844, 0.68123864, 0.77509252,
       0.80684362, 0.9350791 , 1.        , 1.        , 1.        ,
       1.        , 1.        , 1.        , 1.        , 1.        ,
       1.        , 1.        , 1.        , 1.        , 1.        ,
       1.        , 1.        , 1.        , 1.        , 1.        ,
       1.        ]), array([0.        , 0.        , 0.        , 0.        , 0.        ,
       0.        , 0.00248121, 0.00248121, 0.00248121, 0.00248121,
       0.00248121, 0.00248121, 0.00248121, 0.00248121, 0.00866642,
       0.00866642, 0.00866642, 0.00866642, 0.01662249, 0.0251298 ,
       0.0251298 , 0.0251298 , 0.0251298 , 0.0251298 , 0.03586035,
       0.03586035, 0.03586035, 0.03586035, 0.03586035, 0.03586035,
       0.0489759 , 0.06256399, 0.06256399, 0.07696491, 0.09203903,
       0.09203903, 0.09203903, 0.10826494, 0.15890218, 0.15890218,
       0.19459448, 0.2310039 , 0.2310039 , 0.25029277, 0.25029277,
       0.25029277, 0.25029277, 0.29176483, 0.31309422, 0.31309422,
       0.31309422, 0.31309422, 0.31309422, 0.31309422, 0.33725746,
       0.33725746, 0.33725746, 0.3625804 , 0.3625804 , 0.3625804 ,
       0.3625804 , 0.3625804 , 0.3625804 , 0.39079671, 0.41916066,
       0.41916066, 0.41916066, 0.41916066, 0.41916066, 0.41916066,
       0.41916066, 0.41916066, 0.41916066, 0.41916066, 0.45232544,
       0.51918382, 0.55317674, 0.55317674, 0.58816986, 0.58816986,
       0.65955949, 0.69575237, 0.7323526 , 0.7323526 , 0.80716311,
       0.88312488, 0.88312488, 0.96077783, 1.        , 1.        ,
       1.        , 1.        , 1.        , 1.        , 1.        ,
       1.        , 1.        , 1.        , 1.        , 1.        ,
       1.        ]), array([0.        , 0.        , 0.        , 0.        , 0.        ,
       0.        , 0.        , 0.        , 0.        , 0.        ,
       0.        , 0.        , 0.        , 0.        , 0.        ,
       0.        , 0.        , 0.        , 0.        , 0.        ,
       0.        , 0.        , 0.        , 0.        , 0.        ,
       0.        , 0.        , 0.        , 0.        , 0.        ,
       0.        , 0.01100725, 0.01100725, 0.01100725, 0.01100725,
       0.01100725, 0.01100725, 0.01100725, 0.01100725, 0.01100725,
       0.01100725, 0.01100725, 0.01100725, 0.0261171 , 0.0261171 ,
       0.04224691, 0.04224691, 0.04224691, 0.04224691, 0.04224691,
       0.04224691, 0.04224691, 0.04224691, 0.06100191, 0.06100191,
       0.06100191, 0.06100191, 0.06100191, 0.06100191, 0.12396841,
       0.1882635 , 0.1882635 , 0.21015578, 0.23268512, 0.36934886,
       0.41561876, 0.43904924, 0.46301659, 0.46301659, 0.48772718,
       0.53782061, 0.53782061, 0.56356267, 0.58975617, 0.61600851,
       0.61600851, 0.61600851, 0.64355028, 0.67135743, 0.72757837,
       0.75617942, 0.78524389, 0.78524389, 0.84445071, 0.84445071,
       0.84445071, 0.90567296, 0.9366592 , 0.96789282, 0.96789282,
       1.        , 1.        , 1.        , 1.        , 1.        ,
       1.        , 1.        , 1.        , 1.        , 1.        ,
       1.        ]), array([0.        , 0.        , 0.        , 0.        , 0.        ,
       0.        , 0.        , 0.        , 0.        , 0.        ,
       0.        , 0.        , 0.        , 0.        , 0.        ,
       0.        , 0.        , 0.        , 0.        , 0.        ,
       0.        , 0.        , 0.        , 0.        , 0.        ,
       0.00912594, 0.00912594, 0.00912594, 0.00912594, 0.01963184,
       0.01963184, 0.01963184, 0.01963184, 0.01963184, 0.01963184,
       0.01963184, 0.03293075, 0.04627741, 0.04627741, 0.04627741,
       0.06088749, 0.07573028, 0.07573028, 0.07573028, 0.09189264,
       0.09189264, 0.09189264, 0.10905963, 0.10905963, 0.10905963,
       0.10905963, 0.14652055, 0.16564651, 0.18502069, 0.18502069,
       0.18502069, 0.18502069, 0.20579693, 0.22692129, 0.22692129,
       0.22692129, 0.24920652, 0.24920652, 0.27253217, 0.27253217,
       0.29653825, 0.29653825, 0.29653825, 0.32153854, 0.34692851,
       0.34692851, 0.34692851, 0.37343098, 0.40040202, 0.40040202,
       0.40040202, 0.45631896, 0.48462924, 0.51340684, 0.54243844,
       0.60138252, 0.66104155, 0.69137617, 0.78308681, 0.93762694,
       1.        , 1.        , 1.        , 1.        , 1.        ,
       1.        , 1.        , 1.        , 1.        , 1.        ,
       1.        , 1.        , 1.        , 1.        , 1.        ,
       1.        ])]","[{'lambda_reg': 0.8192602279031006, 'gamma': 0.023739423955292542}, {'lambda_reg': 0.8192602279031006, 'gamma': 0.023739423955292542}, {'lambda_reg': 0.1452824663751603, 'gamma': 0.0070689749506246055}, {'lambda_reg': 0.1452824663751603, 'gamma': 0.0070689749506246055}, {'lambda_reg': 0.9447069412831869, 'gamma': 0.019089405616582653}]",cauchy,25
"[np.float64(0.14208543934496545), np.float64(0.1317516802689608), np.float64(0.1681983978750964), np.float64(0.18799351568693046), np.float64(0.17653414698618491)]",0.1613126360324276,0.0211400692956071,"[np.float64(0.6849575750886961), np.float64(0.8686797011451103), np.float64(0.6167472488292349), np.float64(0.7380482525977415), np.float64(0.6420260173301978)]",0.7100917589981961,0.0893415590831825,"[np.float64(0.7192546558437101), np.float64(0.7215513030859049), np.float64(0.7724622350477308), np.float64(0.6589077633953065), np.float64(0.5970382384831233)]",0.6938428391711551,0.0603094006618302,"[array([0.        , 0.        , 0.        , 0.        , 0.        ,
       0.        , 0.        , 0.        , 0.        , 0.        ,
       0.        , 0.        , 0.        , 0.        , 0.        ,
       0.        , 0.        , 0.        , 0.        , 0.05168965,
       0.05168965, 0.05168965, 0.05168965, 0.05168965, 0.05168965,
       0.14711388, 0.14711388, 0.14711388, 0.14711388, 0.14711388,
       0.14711388, 0.14711388, 0.14711388, 0.14711388, 0.14711388,
       0.18829349, 0.31000616, 0.31000616, 0.31000616, 0.31000616,
       0.34841109, 0.34841109, 0.34841109, 0.34841109, 0.34841109,
       0.34841109, 0.3829852 , 0.3829852 , 0.4162671 , 0.44846144,
       0.48062243, 0.48062243, 0.51103449, 0.57118729, 0.57118729,
       0.57118729, 0.57118729, 0.59857475, 0.59857475, 0.59857475,
       0.59857475, 0.64862003, 0.64862003, 0.67216091, 0.67216091,
       0.67216091, 0.71554272, 0.71554272, 0.71554272, 0.71554272,
       0.73484382, 0.75337212, 0.77139236, 0.77139236, 0.80460482,
       0.83686604, 0.83686604, 0.85166525, 0.85166525, 0.86525885,
       0.89136087, 0.97716029, 1.        , 1.        , 1.        ,
       1.        , 1.        , 1.        , 1.        , 1.        ,
       1.        , 1.        , 1.        , 1.        , 1.        ,
       1.        , 1.        , 1.        , 1.        , 1.        ,
       1.        ]), array([0.        , 0.        , 0.        , 0.        , 0.        ,
       0.        , 0.        , 0.        , 0.        , 0.        ,
       0.        , 0.        , 0.        , 0.        , 0.        ,
       0.05442649, 0.05442649, 0.10710635, 0.10710635, 0.10710635,
       0.10710635, 0.10710635, 0.10710635, 0.10710635, 0.10710635,
       0.10710635, 0.10710635, 0.10710635, 0.10710635, 0.10710635,
       0.10710635, 0.10710635, 0.15085425, 0.15085425, 0.15085425,
       0.15085425, 0.15085425, 0.23141678, 0.27095175, 0.27095175,
       0.27095175, 0.27095175, 0.30824184, 0.34475968, 0.34475968,
       0.34475968, 0.37909844, 0.41295506, 0.47962673, 0.54497528,
       0.5769298 , 0.5769298 , 0.60758327, 0.60758327, 0.60758327,
       0.60758327, 0.60758327, 0.60758327, 0.60758327, 0.63413906,
       0.63413906, 0.63413906, 0.63413906, 0.63413906, 0.65751245,
       0.65751245, 0.65751245, 0.67902496, 0.67902496, 0.67902496,
       0.71729158, 0.75519456, 0.77328493, 0.77328493, 0.80656962,
       0.80656962, 0.80656962, 0.85093225, 0.86529749, 0.87902941,
       0.90509576, 0.94225266, 0.97788798, 1.        , 1.        ,
       1.        , 1.        , 1.        , 1.        , 1.        ,
       1.        , 1.        , 1.        , 1.        , 1.        ,
       1.        , 1.        , 1.        , 1.        , 1.        ,
       1.        ]), array([0.        , 0.        , 0.        , 0.        , 0.        ,
       0.        , 0.        , 0.04985835, 0.04985835, 0.04985835,
       0.04985835, 0.04985835, 0.04985835, 0.04985835, 0.04985835,
       0.04985835, 0.0951771 , 0.0951771 , 0.0951771 , 0.1386542 ,
       0.18156698, 0.18156698, 0.18156698, 0.18156698, 0.2224242 ,
       0.2224242 , 0.2224242 , 0.2224242 , 0.2224242 , 0.26034187,
       0.26034187, 0.29763737, 0.29763737, 0.33341047, 0.36892824,
       0.36892824, 0.36892824, 0.43653266, 0.47013215, 0.47013215,
       0.53486589, 0.63017165, 0.63017165, 0.63017165, 0.66048946,
       0.66048946, 0.6897271 , 0.7185345 , 0.7185345 , 0.74621591,
       0.74621591, 0.74621591, 0.74621591, 0.74621591, 0.77127177,
       0.77127177, 0.77127177, 0.79472297, 0.79472297, 0.79472297,
       0.79472297, 0.79472297, 0.79472297, 0.83481597, 0.83481597,
       0.83481597, 0.83481597, 0.83481597, 0.83481597, 0.83481597,
       0.83481597, 0.83481597, 0.83481597, 0.83481597, 0.8771749 ,
       0.8771749 , 0.89035362, 0.89035362, 0.89035362, 0.91329991,
       0.9243543 , 0.934702  , 0.94453841, 0.95372082, 0.96249283,
       0.97903204, 0.97903204, 0.99340972, 1.        , 1.        ,
       1.        , 1.        , 1.        , 1.        , 1.        ,
       1.        , 1.        , 1.        , 1.        , 1.        ,
       1.        ]), array([0.        , 0.        , 0.        , 0.        , 0.        ,
       0.        , 0.        , 0.        , 0.        , 0.        ,
       0.        , 0.        , 0.        , 0.        , 0.        ,
       0.        , 0.        , 0.        , 0.        , 0.        ,
       0.        , 0.        , 0.        , 0.        , 0.        ,
       0.        , 0.        , 0.        , 0.        , 0.        ,
       0.        , 0.        , 0.05268436, 0.05268436, 0.05268436,
       0.05268436, 0.05268436, 0.05268436, 0.05268436, 0.05268436,
       0.05268436, 0.05268436, 0.05268436, 0.09660837, 0.09660837,
       0.09660837, 0.13854566, 0.13854566, 0.13854566, 0.13854566,
       0.13854566, 0.13854566, 0.17554183, 0.17554183, 0.17554183,
       0.17554183, 0.17554183, 0.17554183, 0.17554183, 0.20701385,
       0.33162659, 0.361965  , 0.39165391, 0.42012584, 0.55937676,
       0.64085932, 0.66736859, 0.69294387, 0.69294387, 0.69294387,
       0.76276032, 0.76276032, 0.78459734, 0.78459734, 0.82545843,
       0.82545843, 0.82545843, 0.84317275, 0.86040055, 0.89363512,
       0.89363512, 0.90891572, 0.92317547, 0.93691973, 0.94986195,
       0.94986195, 0.97204966, 0.98231306, 0.99208094, 0.99208094,
       1.        , 1.        , 1.        , 1.        , 1.        ,
       1.        , 1.        , 1.        , 1.        , 1.        ,
       1.        ]), array([0.        , 0.        , 0.        , 0.        , 0.        ,
       0.        , 0.        , 0.        , 0.        , 0.        ,
       0.        , 0.        , 0.        , 0.        , 0.        ,
       0.        , 0.        , 0.        , 0.        , 0.        ,
       0.        , 0.        , 0.        , 0.        , 0.        ,
       0.        , 0.        , 0.        , 0.        , 0.        ,
       0.        , 0.        , 0.        , 0.        , 0.        ,
       0.        , 0.        , 0.        , 0.        , 0.        ,
       0.        , 0.        , 0.        , 0.        , 0.03847124,
       0.07619743, 0.07619743, 0.07619743, 0.07619743, 0.07619743,
       0.07619743, 0.07619743, 0.20756072, 0.20756072, 0.23926712,
       0.23926712, 0.23926712, 0.29805711, 0.3265057 , 0.3543278 ,
       0.38204475, 0.40878152, 0.43494897, 0.48587842, 0.51067552,
       0.53494572, 0.55845013, 0.60395435, 0.62613708, 0.66885719,
       0.73086507, 0.81020983, 0.92544591, 0.98196471, 1.        ,
       1.        , 1.        , 1.        , 1.        , 1.        ,
       1.        , 1.        , 1.        , 1.        , 1.        ,
       1.        , 1.        , 1.        , 1.        , 1.        ,
       1.        , 1.        , 1.        , 1.        , 1.        ,
       1.        , 1.        , 1.        , 1.        , 1.        ,
       1.        ])]","[array([0.        , 0.        , 0.        , 0.        , 0.        ,
       0.        , 0.        , 0.        , 0.        , 0.        ,
       0.        , 0.        , 0.        , 0.        , 0.        ,
       0.        , 0.        , 0.        , 0.        , 0.00719121,
       0.00719121, 0.00719121, 0.00719121, 0.00719121, 0.00719121,
       0.02658545, 0.02658545, 0.02658545, 0.02658545, 0.02658545,
       0.02658545, 0.02658545, 0.02658545, 0.02658545, 0.02658545,
       0.04039814, 0.08298673, 0.08298673, 0.08298673, 0.08298673,
       0.09854751, 0.09854751, 0.09854751, 0.09854751, 0.09854751,
       0.09854751, 0.11652177, 0.11652177, 0.13531014, 0.15478368,
       0.17427824, 0.17427824, 0.19487465, 0.23649042, 0.23649042,
       0.23649042, 0.23649042, 0.25899237, 0.25899237, 0.25899237,
       0.25899237, 0.30697602, 0.30697602, 0.33190138, 0.33190138,
       0.33190138, 0.38408311, 0.38408311, 0.38408311, 0.38408311,
       0.41167959, 0.43976295, 0.46816639, 0.46816639, 0.52675497,
       0.58594284, 0.58594284, 0.61637557, 0.61637557, 0.64756786,
       0.71063612, 0.93487643, 1.        , 1.        , 1.        ,
       1.        , 1.        , 1.        , 1.        , 1.        ,
       1.        , 1.        , 1.        , 1.        , 1.        ,
       1.        , 1.        , 1.        , 1.        , 1.        ,
       1.        ]), array([0.        , 0.        , 0.        , 0.        , 0.        ,
       0.        , 0.        , 0.        , 0.        , 0.        ,
       0.        , 0.        , 0.        , 0.        , 0.        ,
       0.00564012, 0.00564012, 0.01237058, 0.01237058, 0.01237058,
       0.01237058, 0.01237058, 0.01237058, 0.01237058, 0.01237058,
       0.01237058, 0.01237058, 0.01237058, 0.01237058, 0.01237058,
       0.01237058, 0.01237058, 0.02467682, 0.02467682, 0.02467682,
       0.02467682, 0.02467682, 0.05361737, 0.06855353, 0.06855353,
       0.06855353, 0.06855353, 0.08489105, 0.10171064, 0.10171064,
       0.10171064, 0.11989053, 0.13837139, 0.17598332, 0.21442119,
       0.23408944, 0.23408944, 0.25456987, 0.25456987, 0.25456987,
       0.25456987, 0.25456987, 0.25456987, 0.25456987, 0.27760827,
       0.27760827, 0.27760827, 0.27760827, 0.27760827, 0.30263328,
       0.30263328, 0.30263328, 0.32881995, 0.32881995, 0.32881995,
       0.38416372, 0.43973449, 0.46805743, 0.46805743, 0.52651116,
       0.52651116, 0.52651116, 0.61766534, 0.64831369, 0.67935739,
       0.74231718, 0.83796953, 0.93457173, 1.        , 1.        ,
       1.        , 1.        , 1.        , 1.        , 1.        ,
       1.        , 1.        , 1.        , 1.        , 1.        ,
       1.        , 1.        , 1.        , 1.        , 1.        ,
       1.        ]), array([0.        , 0.        , 0.        , 0.        , 0.        ,
       0.        , 0.        , 0.00294469, 0.00294469, 0.00294469,
       0.00294469, 0.00294469, 0.00294469, 0.00294469, 0.00294469,
       0.00294469, 0.00971196, 0.00971196, 0.00971196, 0.01803002,
       0.02682326, 0.02682326, 0.02682326, 0.02682326, 0.0373474 ,
       0.0373474 , 0.0373474 , 0.0373474 , 0.0373474 , 0.0503468 ,
       0.0503468 , 0.0638701 , 0.0638701 , 0.07867535, 0.0936956 ,
       0.0936956 , 0.0936956 , 0.12662529, 0.14326083, 0.14326083,
       0.1786078 , 0.23313961, 0.23313961, 0.23313961, 0.25253852,
       0.25253852, 0.27284698, 0.29351774, 0.29351774, 0.31513664,
       0.31513664, 0.31513664, 0.31513664, 0.31513664, 0.3389664 ,
       0.3389664 , 0.3389664 , 0.36414736, 0.36414736, 0.36414736,
       0.36414736, 0.36414736, 0.36414736, 0.4202432 , 0.4202432 ,
       0.4202432 , 0.4202432 , 0.4202432 , 0.4202432 , 0.4202432 ,
       0.4202432 , 0.4202432 , 0.4202432 , 0.4202432 , 0.51935918,
       0.51935918, 0.55319015, 0.55319015, 0.55319015, 0.62372447,
       0.65934424, 0.69555908, 0.73220446, 0.76940054, 0.80694221,
       0.88287164, 0.88287164, 0.9606212 , 1.        , 1.        ,
       1.        , 1.        , 1.        , 1.        , 1.        ,
       1.        , 1.        , 1.        , 1.        , 1.        ,
       1.        ]), array([0.        , 0.        , 0.        , 0.        , 0.        ,
       0.        , 0.        , 0.        , 0.        , 0.        ,
       0.        , 0.        , 0.        , 0.        , 0.        ,
       0.        , 0.        , 0.        , 0.        , 0.        ,
       0.        , 0.        , 0.        , 0.        , 0.        ,
       0.        , 0.        , 0.        , 0.        , 0.        ,
       0.        , 0.        , 0.01114301, 0.01114301, 0.01114301,
       0.01114301, 0.01114301, 0.01114301, 0.01114301, 0.01114301,
       0.01114301, 0.01114301, 0.01114301, 0.0263876 , 0.0263876 ,
       0.0263876 , 0.04256235, 0.04256235, 0.04256235, 0.04256235,
       0.04256235, 0.04256235, 0.06105054, 0.06105054, 0.06105054,
       0.06105054, 0.06105054, 0.06105054, 0.06105054, 0.08212511,
       0.16702052, 0.18862585, 0.21053527, 0.23301447, 0.34686602,
       0.41614518, 0.4395433 , 0.46337871, 0.46337871, 0.46337871,
       0.53811991, 0.53811991, 0.56370556, 0.56370556, 0.6161939 ,
       0.6161939 , 0.6161939 , 0.64370979, 0.67145347, 0.72751252,
       0.72751252, 0.75616787, 0.78530119, 0.81467586, 0.84442603,
       0.84442603, 0.90565719, 0.93666159, 0.96789799, 0.96789799,
       1.        , 1.        , 1.        , 1.        , 1.        ,
       1.        , 1.        , 1.        , 1.        , 1.        ,
       1.        ]), array([0.        , 0.        , 0.        , 0.        , 0.        ,
       0.        , 0.        , 0.        , 0.        , 0.        ,
       0.        , 0.        , 0.        , 0.        , 0.        ,
       0.        , 0.        , 0.        , 0.        , 0.        ,
       0.        , 0.        , 0.        , 0.        , 0.        ,
       0.        , 0.        , 0.        , 0.        , 0.        ,
       0.        , 0.        , 0.        , 0.        , 0.        ,
       0.        , 0.        , 0.        , 0.        , 0.        ,
       0.        , 0.        , 0.        , 0.        , 0.01645724,
       0.03333422, 0.03333422, 0.03333422, 0.03333422, 0.03333422,
       0.03333422, 0.03333422, 0.1118515 , 0.1118515 , 0.13211994,
       0.13211994, 0.13211994, 0.17526123, 0.19736507, 0.21982186,
       0.24233789, 0.26540614, 0.28879513, 0.33636493, 0.36052595,
       0.38498383, 0.40987314, 0.46049943, 0.48613335, 0.53832815,
       0.61778786, 0.72561156, 0.88947731, 0.97202947, 1.        ,
       1.        , 1.        , 1.        , 1.        , 1.        ,
       1.        , 1.        , 1.        , 1.        , 1.        ,
       1.        , 1.        , 1.        , 1.        , 1.        ,
       1.        , 1.        , 1.        , 1.        , 1.        ,
       1.        , 1.        , 1.        , 1.        , 1.        ,
       1.        ])]","[{'lambda_reg': 0.8192602279031006, 'gamma': 0.023739423955292542}, {'lambda_reg': 0.8192602279031006, 'gamma': 0.023739423955292542}, {'lambda_reg': 0.1452824663751603, 'gamma': 0.0070689749506246055}, {'lambda_reg': 0.1452824663751603, 'gamma': 0.0070689749506246055}, {'lambda_reg': 0.6834542260131526, 'gamma': 0.0020297824209706793}]",rbf,22
"[np.float64(0.1383445006593853), np.float64(0.13982482596911402), np.float64(0.17078492187988034), np.float64(0.1834341999367045), np.float64(0.17774260811357215)]",0.1620262113117312,0.0191611432162557,"[np.float64(0.6904319944485252), np.float64(0.8708629897494478), np.float64(0.6167045255347189), np.float64(0.758639591357699), np.float64(0.6377399517973514)]",0.7148758105775485,0.0921219958944092,"[np.float64(0.7044925997072922), np.float64(0.6557302034719645), np.float64(0.8110494407697468), np.float64(0.6271312282923114), np.float64(0.6745428542888484)]",0.6945892653060326,0.0634405557042822,"[array([0.        , 0.        , 0.        , 0.        , 0.        ,
       0.        , 0.        , 0.        , 0.        , 0.        ,
       0.        , 0.        , 0.        , 0.        , 0.        ,
       0.        , 0.        , 0.04901151, 0.04901151, 0.04901151,
       0.04901151, 0.04901151, 0.09474578, 0.09474578, 0.09474578,
       0.09474578, 0.13827485, 0.13827485, 0.13827485, 0.13827485,
       0.13827485, 0.13827485, 0.1782607 , 0.25711701, 0.25711701,
       0.25711701, 0.29517486, 0.29517486, 0.33180001, 0.33180001,
       0.33180001, 0.33180001, 0.33180001, 0.33180001, 0.33180001,
       0.36434198, 0.39643858, 0.39643858, 0.45831467, 0.45831467,
       0.48806415, 0.51724401, 0.51724401, 0.54514861, 0.57221363,
       0.57221363, 0.59833908, 0.62373826, 0.62373826, 0.62373826,
       0.62373826, 0.62373826, 0.69166705, 0.69166705, 0.69166705,
       0.71224614, 0.71224614, 0.73183717, 0.75063352, 0.75063352,
       0.76831274, 0.80282462, 0.81937413, 0.83546216, 0.83546216,
       0.85056257, 0.90808816, 0.93581016, 0.9621252 , 1.        ,
       1.        , 1.        , 1.        , 1.        , 1.        ,
       1.        , 1.        , 1.        , 1.        , 1.        ,
       1.        , 1.        , 1.        , 1.        , 1.        ,
       1.        , 1.        , 1.        , 1.        , 1.        ,
       1.        ]), array([0.        , 0.        , 0.        , 0.        , 0.        ,
       0.        , 0.        , 0.        , 0.        , 0.        ,
       0.        , 0.        , 0.        , 0.        , 0.        ,
       0.        , 0.        , 0.        , 0.        , 0.        ,
       0.        , 0.        , 0.        , 0.        , 0.        ,
       0.        , 0.        , 0.        , 0.        , 0.        ,
       0.        , 0.        , 0.        , 0.        , 0.        ,
       0.0414321 , 0.0821803 , 0.0821803 , 0.0821803 , 0.0821803 ,
       0.0821803 , 0.0821803 , 0.11906194, 0.11906194, 0.15480434,
       0.22511614, 0.29395419, 0.29395419, 0.29395419, 0.29395419,
       0.32606671, 0.45125733, 0.51258964, 0.51258964, 0.5420565 ,
       0.5420565 , 0.5420565 , 0.5420565 , 0.56900913, 0.56900913,
       0.56900913, 0.56900913, 0.59358427, 0.59358427, 0.61651683,
       0.61651683, 0.61651683, 0.658801  , 0.72023797, 0.72023797,
       0.72023797, 0.81385355, 0.83166323, 0.84877928, 0.84877928,
       0.89681715, 0.91227329, 0.95706134, 1.        , 1.        ,
       1.        , 1.        , 1.        , 1.        , 1.        ,
       1.        , 1.        , 1.        , 1.        , 1.        ,
       1.        , 1.        , 1.        , 1.        , 1.        ,
       1.        , 1.        , 1.        , 1.        , 1.        ,
       1.        ]), array([0.        , 0.05008769, 0.05008769, 0.05008769, 0.09858864,
       0.09858864, 0.09858864, 0.09858864, 0.09858864, 0.14481878,
       0.14481878, 0.14481878, 0.18932509, 0.18932509, 0.18932509,
       0.18932509, 0.18932509, 0.18932509, 0.18932509, 0.18932509,
       0.27042845, 0.27042845, 0.27042845, 0.27042845, 0.30923947,
       0.34719585, 0.34719585, 0.38431378, 0.38431378, 0.38431378,
       0.38431378, 0.38431378, 0.45342279, 0.52180349, 0.52180349,
       0.52180349, 0.58719362, 0.58719362, 0.61887106, 0.71230497,
       0.71230497, 0.71230497, 0.71230497, 0.71230497, 0.71230497,
       0.71230497, 0.71230497, 0.71230497, 0.71230497, 0.73815936,
       0.73815936, 0.76298508, 0.76298508, 0.76298508, 0.76298508,
       0.76298508, 0.80819318, 0.83012491, 0.83012491, 0.83012491,
       0.83012491, 0.83012491, 0.83012491, 0.84896926, 0.84896926,
       0.84896926, 0.84896926, 0.84896926, 0.84896926, 0.86464664,
       0.86464664, 0.8796806 , 0.8796806 , 0.89366827, 0.89366827,
       0.89366827, 0.90589128, 0.91790158, 0.91790158, 0.92879777,
       0.93891937, 0.93891937, 0.9482539 , 0.9482539 , 0.95676466,
       0.95676466, 0.95676466, 0.96375703, 0.97644879, 0.99450368,
       1.        , 1.        , 1.        , 1.        , 1.        ,
       1.        , 1.        , 1.        , 1.        , 1.        ,
       1.        ]), array([0.        , 0.        , 0.        , 0.        , 0.        ,
       0.        , 0.        , 0.        , 0.        , 0.        ,
       0.        , 0.        , 0.        , 0.        , 0.        ,
       0.        , 0.        , 0.        , 0.        , 0.        ,
       0.        , 0.        , 0.        , 0.        , 0.        ,
       0.        , 0.        , 0.        , 0.        , 0.        ,
       0.        , 0.        , 0.        , 0.        , 0.        ,
       0.        , 0.0455574 , 0.0455574 , 0.0455574 , 0.0455574 ,
       0.0455574 , 0.0455574 , 0.0455574 , 0.08634351, 0.08634351,
       0.08634351, 0.08634351, 0.08634351, 0.12325058, 0.12325058,
       0.12325058, 0.12325058, 0.12325058, 0.12325058, 0.12325058,
       0.12325058, 0.18619646, 0.27835902, 0.30802035, 0.30802035,
       0.33672874, 0.39279811, 0.44733417, 0.57948624, 0.63046783,
       0.6553709 , 0.6553709 , 0.72666893, 0.72666893, 0.72666893,
       0.74793631, 0.76857919, 0.82899811, 0.82899811, 0.82899811,
       0.90120161, 0.91860729, 0.91860729, 0.91860729, 0.91860729,
       0.94790175, 0.97581932, 0.98879159, 0.98879159, 0.98879159,
       1.        , 1.        , 1.        , 1.        , 1.        ,
       1.        , 1.        , 1.        , 1.        , 1.        ,
       1.        , 1.        , 1.        , 1.        , 1.        ,
       1.        ]), array([0.        , 0.        , 0.        , 0.        , 0.        ,
       0.        , 0.        , 0.        , 0.        , 0.        ,
       0.        , 0.        , 0.        , 0.        , 0.        ,
       0.        , 0.        , 0.        , 0.        , 0.        ,
       0.        , 0.        , 0.        , 0.        , 0.        ,
       0.        , 0.        , 0.        , 0.        , 0.        ,
       0.        , 0.        , 0.        , 0.        , 0.        ,
       0.        , 0.04584864, 0.04584864, 0.04584864, 0.04584864,
       0.04584864, 0.08845221, 0.13038101, 0.13038101, 0.13038101,
       0.17028817, 0.20900418, 0.2471003 , 0.28448662, 0.28448662,
       0.32072104, 0.32072104, 0.39031866, 0.42444336, 0.42444336,
       0.42444336, 0.45631139, 0.48732909, 0.48732909, 0.48732909,
       0.54515811, 0.54515811, 0.54515811, 0.57206056, 0.57206056,
       0.5973927 , 0.62203564, 0.62203564, 0.64550469, 0.64550469,
       0.66726461, 0.66726461, 0.68793774, 0.70752041, 0.72677772,
       0.76343166, 0.78107182, 0.81446384, 0.83034385, 0.86093951,
       0.88966768, 0.95949369, 1.        , 1.        , 1.        ,
       1.        , 1.        , 1.        , 1.        , 1.        ,
       1.        , 1.        , 1.        , 1.        , 1.        ,
       1.        , 1.        , 1.        , 1.        , 1.        ,
       1.        ])]","[array([0.        , 0.        , 0.        , 0.        , 0.        ,
       0.        , 0.        , 0.        , 0.        , 0.        ,
       0.        , 0.        , 0.        , 0.        , 0.        ,
       0.        , 0.        , 0.00683336, 0.00683336, 0.00683336,
       0.00683336, 0.00683336, 0.01600364, 0.01600364, 0.01600364,
       0.01600364, 0.02674641, 0.02674641, 0.02674641, 0.02674641,
       0.02674641, 0.02674641, 0.04001577, 0.06734984, 0.06734984,
       0.06734984, 0.08199401, 0.08199401, 0.09765982, 0.09765982,
       0.09765982, 0.09765982, 0.09765982, 0.09765982, 0.09765982,
       0.11623724, 0.13513225, 0.13513225, 0.17457455, 0.17457455,
       0.19514324, 0.21611812, 0.21611812, 0.23800235, 0.26048527,
       0.26048527, 0.28363818, 0.30730897, 0.30730897, 0.30730897,
       0.30730897, 0.30730897, 0.38421761, 0.38421761, 0.38421761,
       0.41132551, 0.41132551, 0.43913797, 0.4675171 , 0.4675171 ,
       0.49669282, 0.55564794, 0.58562924, 0.61593961, 0.61593961,
       0.64695424, 0.77306357, 0.8368604 , 0.90166051, 1.        ,
       1.        , 1.        , 1.        , 1.        , 1.        ,
       1.        , 1.        , 1.        , 1.        , 1.        ,
       1.        , 1.        , 1.        , 1.        , 1.        ,
       1.        , 1.        , 1.        , 1.        , 1.        ,
       1.        ]), array([0.        , 0.        , 0.        , 0.        , 0.        ,
       0.        , 0.        , 0.        , 0.        , 0.        ,
       0.        , 0.        , 0.        , 0.        , 0.        ,
       0.        , 0.        , 0.        , 0.        , 0.        ,
       0.        , 0.        , 0.        , 0.        , 0.        ,
       0.        , 0.        , 0.        , 0.        , 0.        ,
       0.        , 0.        , 0.        , 0.        , 0.        ,
       0.01368401, 0.02779767, 0.02779767, 0.02779767, 0.02779767,
       0.02779767, 0.02779767, 0.04434043, 0.04434043, 0.06159889,
       0.09685272, 0.13303242, 0.13303242, 0.13303242, 0.13303242,
       0.15257129, 0.23277445, 0.27366948, 0.27366948, 0.29487044,
       0.29487044, 0.29487044, 0.29487044, 0.31765091, 0.31765091,
       0.31765091, 0.31765091, 0.341925  , 0.341925  , 0.367231  ,
       0.367231  , 0.367231  , 0.42009268, 0.50063493, 0.50063493,
       0.50063493, 0.64038749, 0.66891186, 0.69787198, 0.69787198,
       0.78683197, 0.8168349 , 0.90783653, 1.        , 1.        ,
       1.        , 1.        , 1.        , 1.        , 1.        ,
       1.        , 1.        , 1.        , 1.        , 1.        ,
       1.        , 1.        , 1.        , 1.        , 1.        ,
       1.        , 1.        , 1.        , 1.        , 1.        ,
       1.        ]), array([0.00000000e+00, 3.87447673e-04, 3.87447673e-04, 3.87447673e-04,
       2.25699796e-03, 2.25699796e-03, 2.25699796e-03, 2.25699796e-03,
       2.25699796e-03, 6.24760740e-03, 6.24760740e-03, 6.24760740e-03,
       1.18483619e-02, 1.18483619e-02, 1.18483619e-02, 1.18483619e-02,
       1.18483619e-02, 1.18483619e-02, 1.18483619e-02, 1.18483619e-02,
       3.04375497e-02, 3.04375497e-02, 3.04375497e-02, 3.04375497e-02,
       4.13580186e-02, 5.30767631e-02, 5.30767631e-02, 6.55786649e-02,
       6.55786649e-02, 6.55786649e-02, 6.55786649e-02, 6.55786649e-02,
       9.53712203e-02, 1.25844059e-01, 1.25844059e-01, 1.25844059e-01,
       1.59110250e-01, 1.59110250e-01, 1.76693855e-01, 2.30937693e-01,
       2.30937693e-01, 2.30937693e-01, 2.30937693e-01, 2.30937693e-01,
       2.30937693e-01, 2.30937693e-01, 2.30937693e-01, 2.30937693e-01,
       2.30937693e-01, 2.53960347e-01, 2.53960347e-01, 2.77943833e-01,
       2.77943833e-01, 2.77943833e-01, 2.77943833e-01, 2.77943833e-01,
       3.30061118e-01, 3.56747745e-01, 3.56747745e-01, 3.56747745e-01,
       3.56747745e-01, 3.56747745e-01, 3.56747745e-01, 3.86318152e-01,
       3.86318152e-01, 3.86318152e-01, 3.86318152e-01, 3.86318152e-01,
       3.86318152e-01, 4.18846678e-01, 4.18846678e-01, 4.51976194e-01,
       4.51976194e-01, 4.86083000e-01, 4.86083000e-01, 4.86083000e-01,
       5.21838097e-01, 5.57791871e-01, 5.57791871e-01, 5.94786288e-01,
       6.32504210e-01, 6.32504210e-01, 6.70957299e-01, 6.70957299e-01,
       7.10179842e-01, 7.10179842e-01, 7.10179842e-01, 7.50820626e-01,
       8.33309930e-01, 9.57961818e-01, 1.00000000e+00, 1.00000000e+00,
       1.00000000e+00, 1.00000000e+00, 1.00000000e+00, 1.00000000e+00,
       1.00000000e+00, 1.00000000e+00, 1.00000000e+00, 1.00000000e+00,
       1.00000000e+00]), array([0.        , 0.        , 0.        , 0.        , 0.        ,
       0.        , 0.        , 0.        , 0.        , 0.        ,
       0.        , 0.        , 0.        , 0.        , 0.        ,
       0.        , 0.        , 0.        , 0.        , 0.        ,
       0.        , 0.        , 0.        , 0.        , 0.        ,
       0.        , 0.        , 0.        , 0.        , 0.        ,
       0.        , 0.        , 0.        , 0.        , 0.        ,
       0.        , 0.01317537, 0.01317537, 0.01317537, 0.01317537,
       0.01317537, 0.01317537, 0.01317537, 0.02887868, 0.02887868,
       0.02887868, 0.02887868, 0.02887868, 0.04663721, 0.04663721,
       0.04663721, 0.04663721, 0.04663721, 0.04663721, 0.04663721,
       0.04663721, 0.08791252, 0.15102092, 0.17261841, 0.17261841,
       0.1947208 , 0.23963946, 0.2853705 , 0.40191706, 0.44953135,
       0.47364989, 0.47364989, 0.54781283, 0.54781283, 0.54781283,
       0.57385764, 0.60023333, 0.68016028, 0.68016028, 0.68016028,
       0.79115626, 0.8192471 , 0.8192471 , 0.8192471 , 0.8192471 ,
       0.87835176, 0.93818593, 0.9686257 , 0.9686257 , 0.9686257 ,
       1.        , 1.        , 1.        , 1.        , 1.        ,
       1.        , 1.        , 1.        , 1.        , 1.        ,
       1.        , 1.        , 1.        , 1.        , 1.        ,
       1.        ]), array([0.        , 0.        , 0.        , 0.        , 0.        ,
       0.        , 0.        , 0.        , 0.        , 0.        ,
       0.        , 0.        , 0.        , 0.        , 0.        ,
       0.        , 0.        , 0.        , 0.        , 0.        ,
       0.        , 0.        , 0.        , 0.        , 0.        ,
       0.        , 0.        , 0.        , 0.        , 0.        ,
       0.        , 0.        , 0.        , 0.        , 0.        ,
       0.        , 0.01330848, 0.01330848, 0.01330848, 0.01330848,
       0.01330848, 0.02829281, 0.04362561, 0.04362561, 0.04362561,
       0.06000245, 0.07699443, 0.09430654, 0.11198522, 0.11198522,
       0.13025877, 0.13025877, 0.16828866, 0.18765174, 0.18765174,
       0.18765174, 0.20818023, 0.22914785, 0.22914785, 0.22914785,
       0.2732554 , 0.2732554 , 0.2732554 , 0.29634827, 0.29634827,
       0.32025208, 0.34451183, 0.34451183, 0.3693778 , 0.3693778 ,
       0.39512643, 0.39512643, 0.4214363 , 0.44830932, 0.47535037,
       0.53039337, 0.55826957, 0.61499713, 0.64378231, 0.701954  ,
       0.76109011, 0.90996037, 1.        , 1.        , 1.        ,
       1.        , 1.        , 1.        , 1.        , 1.        ,
       1.        , 1.        , 1.        , 1.        , 1.        ,
       1.        , 1.        , 1.        , 1.        , 1.        ,
       1.        ])]","[{'lambda_reg': 0.10833638781816698, 'gamma': 0.007583182468315394}, {'lambda_reg': 0.1452824663751603, 'gamma': 0.0070689749506246055}, {'lambda_reg': 0.10928586138285316, 'gamma': 0.03713740624438136}, {'lambda_reg': 0.10833638781816698, 'gamma': 0.007583182468315394}, {'lambda_reg': 0.1452824663751603, 'gamma': 0.0070689749506246055}]",exponential,24
"[np.float64(0.14744928634012314), np.float64(0.14102501409251966), np.float64(0.16951688710023985), np.float64(0.18747740674678998), np.float64(0.1691652083513501)]",0.1629267605262045,0.0167590031529531,"[np.float64(0.6629813486811355), np.float64(0.8497760217960181), np.float64(0.6059336233800258), np.float64(0.7472242523447621), np.float64(0.6299675932950285)]",0.699176567899394,0.0891997738306668,"[np.float64(0.7426234442429775), np.float64(0.6619579045670163), np.float64(0.7712444828800089), np.float64(0.6628579371808054), np.float64(0.6803938383514205)]",0.7038155214444458,0.044790353315187,"[array([0.        , 0.        , 0.        , 0.        , 0.        ,
       0.        , 0.        , 0.        , 0.        , 0.        ,
       0.        , 0.0527542 , 0.0527542 , 0.0527542 , 0.0527542 ,
       0.0527542 , 0.0527542 , 0.0527542 , 0.0527542 , 0.10089794,
       0.10089794, 0.14751674, 0.14751674, 0.14751674, 0.14751674,
       0.14751674, 0.14751674, 0.14751674, 0.14751674, 0.14751674,
       0.18873324, 0.22938519, 0.31028732, 0.31028732, 0.31028732,
       0.34903112, 0.34903112, 0.34903112, 0.34903112, 0.38489394,
       0.42014107, 0.42014107, 0.42014107, 0.48741291, 0.48741291,
       0.48741291, 0.48741291, 0.51887674, 0.5496812 , 0.57999523,
       0.57999523, 0.57999523, 0.57999523, 0.57999523, 0.60745435,
       0.63409876, 0.63409876, 0.65994059, 0.68471862, 0.68471862,
       0.68471862, 0.68471862, 0.68471862, 0.72878809, 0.72878809,
       0.72878809, 0.72878809, 0.72878809, 0.72878809, 0.76617297,
       0.78432837, 0.78432837, 0.81779031, 0.8340479 , 0.8340479 ,
       0.84906859, 0.86366034, 0.86366034, 0.88984354, 0.88984354,
       0.90212543, 0.94781044, 0.95856121, 0.99001527, 1.        ,
       1.        , 1.        , 1.        , 1.        , 1.        ,
       1.        , 1.        , 1.        , 1.        , 1.        ,
       1.        , 1.        , 1.        , 1.        , 1.        ,
       1.        ]), array([0.        , 0.        , 0.        , 0.        , 0.        ,
       0.        , 0.03898897, 0.07754451, 0.07754451, 0.07754451,
       0.07754451, 0.07754451, 0.07754451, 0.07754451, 0.07754451,
       0.07754451, 0.07754451, 0.07754451, 0.07754451, 0.07754451,
       0.07754451, 0.07754451, 0.1422892 , 0.1422892 , 0.20507984,
       0.20507984, 0.26608081, 0.26608081, 0.29564132, 0.32478926,
       0.35364926, 0.35364926, 0.35364926, 0.46460839, 0.46460839,
       0.46460839, 0.49122523, 0.51713152, 0.51713152, 0.51713152,
       0.54186738, 0.54186738, 0.54186738, 0.56532562, 0.56532562,
       0.56532562, 0.63254252, 0.67644327, 0.67644327, 0.67644327,
       0.71803665, 0.77901923, 0.77901923, 0.79860289, 0.83669721,
       0.89291645, 0.92947614, 0.96534727, 1.        , 1.        ,
       1.        , 1.        , 1.        , 1.        , 1.        ,
       1.        , 1.        , 1.        , 1.        , 1.        ,
       1.        , 1.        , 1.        , 1.        , 1.        ,
       1.        , 1.        , 1.        , 1.        , 1.        ,
       1.        , 1.        , 1.        , 1.        , 1.        ,
       1.        , 1.        , 1.        , 1.        , 1.        ,
       1.        , 1.        , 1.        , 1.        , 1.        ,
       1.        , 1.        , 1.        , 1.        , 1.        ,
       1.        ]), array([0.        , 0.        , 0.        , 0.        , 0.        ,
       0.        , 0.        , 0.        , 0.04876279, 0.04876279,
       0.04876279, 0.04876279, 0.04876279, 0.04876279, 0.04876279,
       0.04876279, 0.04876279, 0.09300772, 0.09300772, 0.09300772,
       0.17792236, 0.17792236, 0.21951338, 0.21951338, 0.21951338,
       0.21951338, 0.21951338, 0.21951338, 0.21951338, 0.29494564,
       0.29494564, 0.29494564, 0.33093854, 0.33093854, 0.33093854,
       0.36552626, 0.43383478, 0.43383478, 0.50002978, 0.53269607,
       0.53269607, 0.53269607, 0.59476985, 0.68577702, 0.71561495,
       0.71561495, 0.71561495, 0.71561495, 0.71561495, 0.71561495,
       0.71561495, 0.74187582, 0.7675723 , 0.7675723 , 0.79194258,
       0.79194258, 0.79194258, 0.79194258, 0.79194258, 0.79194258,
       0.79194258, 0.81270134, 0.83322674, 0.83322674, 0.83322674,
       0.83322674, 0.83322674, 0.83322674, 0.83322674, 0.83322674,
       0.83322674, 0.83322674, 0.83322674, 0.86219136, 0.89038072,
       0.89038072, 0.89038072, 0.89038072, 0.89038072, 0.92484475,
       0.92484475, 0.93511853, 0.94479781, 0.95408997, 0.9627976 ,
       0.97930977, 0.97930977, 0.99356077, 1.        , 1.        ,
       1.        , 1.        , 1.        , 1.        , 1.        ,
       1.        , 1.        , 1.        , 1.        , 1.        ,
       1.        ]), array([0.        , 0.        , 0.        , 0.        , 0.        ,
       0.        , 0.        , 0.        , 0.        , 0.        ,
       0.        , 0.        , 0.        , 0.        , 0.        ,
       0.        , 0.        , 0.        , 0.        , 0.        ,
       0.        , 0.        , 0.        , 0.        , 0.        ,
       0.        , 0.        , 0.        , 0.        , 0.        ,
       0.        , 0.        , 0.05242843, 0.05242843, 0.05242843,
       0.05242843, 0.05242843, 0.05242843, 0.05242843, 0.05242843,
       0.05242843, 0.05242843, 0.09671502, 0.09671502, 0.09671502,
       0.13868501, 0.13868501, 0.13868501, 0.13868501, 0.13868501,
       0.13868501, 0.17629543, 0.17629543, 0.17629543, 0.17629543,
       0.17629543, 0.17629543, 0.17629543, 0.20868057, 0.30294371,
       0.33349999, 0.39356809, 0.39356809, 0.45107217, 0.59000395,
       0.64429886, 0.67076518, 0.69660458, 0.69660458, 0.69660458,
       0.76653482, 0.76653482, 0.78860007, 0.78860007, 0.82957586,
       0.82957586, 0.82957586, 0.84722853, 0.86447763, 0.89722075,
       0.89722075, 0.91198271, 0.91198271, 0.93921679, 0.95198464,
       0.95198464, 0.96287692, 0.97335628, 0.99251443, 0.99251443,
       0.99251443, 1.        , 1.        , 1.        , 1.        ,
       1.        , 1.        , 1.        , 1.        , 1.        ,
       1.        ]), array([0.        , 0.        , 0.        , 0.        , 0.04189216,
       0.08305189, 0.08305189, 0.08305189, 0.08305189, 0.08305189,
       0.08305189, 0.08305189, 0.08305189, 0.08305189, 0.08305189,
       0.08305189, 0.08305189, 0.08305189, 0.08305189, 0.11819809,
       0.15292408, 0.18724111, 0.22137829, 0.22137829, 0.22137829,
       0.25417106, 0.25417106, 0.25417106, 0.25417106, 0.34737452,
       0.34737452, 0.34737452, 0.37693482, 0.37693482, 0.37693482,
       0.40519132, 0.40519132, 0.43249864, 0.45938222, 0.48600797,
       0.51231827, 0.51231827, 0.51231827, 0.56223666, 0.56223666,
       0.56223666, 0.56223666, 0.58548513, 0.63082545, 0.63082545,
       0.65281018, 0.65281018, 0.65281018, 0.65281018, 0.69302615,
       0.7322028 , 0.7322028 , 0.76964148, 0.82465243, 0.87852577,
       0.98363058, 0.98363058, 0.98363058, 1.        , 1.        ,
       1.        , 1.        , 1.        , 1.        , 1.        ,
       1.        , 1.        , 1.        , 1.        , 1.        ,
       1.        , 1.        , 1.        , 1.        , 1.        ,
       1.        , 1.        , 1.        , 1.        , 1.        ,
       1.        , 1.        , 1.        , 1.        , 1.        ,
       1.        , 1.        , 1.        , 1.        , 1.        ,
       1.        , 1.        , 1.        , 1.        , 1.        ,
       1.        ])]","[array([0.        , 0.        , 0.        , 0.        , 0.        ,
       0.        , 0.        , 0.        , 0.        , 0.        ,
       0.        , 0.00425086, 0.00425086, 0.00425086, 0.00425086,
       0.00425086, 0.00425086, 0.00425086, 0.00425086, 0.01177531,
       0.01177531, 0.02038251, 0.02038251, 0.02038251, 0.02038251,
       0.02038251, 0.02038251, 0.02038251, 0.02038251, 0.02038251,
       0.03282553, 0.0456694 , 0.07164242, 0.07164242, 0.07164242,
       0.08584115, 0.08584115, 0.08584115, 0.08584115, 0.10208547,
       0.11876695, 0.11876695, 0.11876695, 0.15441794, 0.15441794,
       0.15441794, 0.15441794, 0.1737857 , 0.19362163, 0.21380578,
       0.21380578, 0.21380578, 0.21380578, 0.21380578, 0.23601701,
       0.25880672, 0.25880672, 0.28216629, 0.30628119, 0.30628119,
       0.30628119, 0.30628119, 0.30628119, 0.35840666, 0.35840666,
       0.35840666, 0.35840666, 0.35840666, 0.35840666, 0.41527842,
       0.44409562, 0.44409562, 0.50375281, 0.53391751, 0.53391751,
       0.56496047, 0.59630797, 0.59630797, 0.66113332, 0.66113332,
       0.69412091, 0.82851561, 0.86259035, 0.96538135, 1.        ,
       1.        , 1.        , 1.        , 1.        , 1.        ,
       1.        , 1.        , 1.        , 1.        , 1.        ,
       1.        , 1.        , 1.        , 1.        , 1.        ,
       1.        ]), array([0.        , 0.        , 0.        , 0.        , 0.        ,
       0.        , 0.0030198 , 0.00667408, 0.00667408, 0.00667408,
       0.00667408, 0.00667408, 0.00667408, 0.00667408, 0.00667408,
       0.00667408, 0.00667408, 0.00667408, 0.00667408, 0.00667408,
       0.00667408, 0.00667408, 0.03208527, 0.03208527, 0.0603569 ,
       0.0603569 , 0.09124836, 0.09124836, 0.10807008, 0.12549574,
       0.1433429 , 0.1433429 , 0.1433429 , 0.2212909 , 0.2212909 ,
       0.2212909 , 0.24242173, 0.26459269, 0.26459269, 0.26459269,
       0.28847701, 0.28847701, 0.28847701, 0.31423157, 0.31423157,
       0.31423157, 0.39611785, 0.45204158, 0.45204158, 0.45204158,
       0.51134296, 0.6023554 , 0.6023554 , 0.6337818 , 0.6982053 ,
       0.79619059, 0.86286056, 0.9305385 , 1.        , 1.        ,
       1.        , 1.        , 1.        , 1.        , 1.        ,
       1.        , 1.        , 1.        , 1.        , 1.        ,
       1.        , 1.        , 1.        , 1.        , 1.        ,
       1.        , 1.        , 1.        , 1.        , 1.        ,
       1.        , 1.        , 1.        , 1.        , 1.        ,
       1.        , 1.        , 1.        , 1.        , 1.        ,
       1.        , 1.        , 1.        , 1.        , 1.        ,
       1.        , 1.        , 1.        , 1.        , 1.        ,
       1.        ]), array([0.        , 0.        , 0.        , 0.        , 0.        ,
       0.        , 0.        , 0.        , 0.00349799, 0.00349799,
       0.00349799, 0.00349799, 0.00349799, 0.00349799, 0.00349799,
       0.00349799, 0.00349799, 0.01086872, 0.01086872, 0.01086872,
       0.02867486, 0.02867486, 0.03832053, 0.03832053, 0.03832053,
       0.03832053, 0.03832053, 0.03832053, 0.03832053, 0.064255  ,
       0.064255  , 0.064255  , 0.07869941, 0.07869941, 0.07869941,
       0.09434833, 0.12638931, 0.12638931, 0.160242  , 0.17753799,
       0.17753799, 0.17753799, 0.21492341, 0.27280467, 0.29252514,
       0.29252514, 0.29252514, 0.29252514, 0.29252514, 0.29252514,
       0.29252514, 0.31531187, 0.33858241, 0.33858241, 0.36298976,
       0.36298976, 0.36298976, 0.36298976, 0.36298976, 0.36298976,
       0.36298976, 0.39049293, 0.41819613, 0.41819613, 0.41819613,
       0.41819613, 0.41819613, 0.41819613, 0.41819613, 0.41819613,
       0.41819613, 0.41819613, 0.41819613, 0.48396286, 0.55039415,
       0.55039415, 0.55039415, 0.55039415, 0.55039415, 0.65674443,
       0.65674443, 0.69323536, 0.73023591, 0.7675683 , 0.80540174,
       0.88184276, 0.88184276, 0.96022208, 1.        , 1.        ,
       1.        , 1.        , 1.        , 1.        , 1.        ,
       1.        , 1.        , 1.        , 1.        , 1.        ,
       1.        ]), array([0.        , 0.        , 0.        , 0.        , 0.        ,
       0.        , 0.        , 0.        , 0.        , 0.        ,
       0.        , 0.        , 0.        , 0.        , 0.        ,
       0.        , 0.        , 0.        , 0.        , 0.        ,
       0.        , 0.        , 0.        , 0.        , 0.        ,
       0.        , 0.        , 0.        , 0.        , 0.        ,
       0.        , 0.        , 0.01118713, 0.01118713, 0.01118713,
       0.01118713, 0.01118713, 0.01118713, 0.01118713, 0.01118713,
       0.01118713, 0.01118713, 0.02620823, 0.02620823, 0.02620823,
       0.04232021, 0.04232021, 0.04232021, 0.04232021, 0.04232021,
       0.04232021, 0.06048511, 0.06048511, 0.06048511, 0.06048511,
       0.06048511, 0.06048511, 0.06048511, 0.08111057, 0.14434894,
       0.16583561, 0.20930079, 0.20930079, 0.25397336, 0.36792847,
       0.41411223, 0.43752485, 0.4612327 , 0.4612327 , 0.4612327 ,
       0.53592937, 0.53592937, 0.56141445, 0.56141445, 0.61387015,
       0.61387015, 0.61387015, 0.6414331 , 0.66918609, 0.72551854,
       0.72551854, 0.75444271, 0.75444271, 0.81336936, 0.84323256,
       0.84323256, 0.87397896, 0.90491981, 0.96764939, 0.96764939,
       0.96764939, 1.        , 1.        , 1.        , 1.        ,
       1.        , 1.        , 1.        , 1.        , 1.        ,
       1.        ]), array([0.        , 0.        , 0.        , 0.        , 0.00178967,
       0.00452512, 0.00452512, 0.00452512, 0.00452512, 0.00452512,
       0.00452512, 0.00452512, 0.00452512, 0.00452512, 0.00452512,
       0.00452512, 0.00452512, 0.00452512, 0.00452512, 0.01502598,
       0.02606946, 0.03764104, 0.04944486, 0.04944486, 0.04944486,
       0.06298475, 0.06298475, 0.06298475, 0.06298475, 0.1102868 ,
       0.1102868 , 0.1102868 , 0.12800085, 0.12800085, 0.12800085,
       0.14739851, 0.14739851, 0.16802189, 0.18919243, 0.21069592,
       0.23260676, 0.23260676, 0.23260676, 0.27991784, 0.27991784,
       0.27991784, 0.27991784, 0.30578249, 0.35900533, 0.35900533,
       0.38650186, 0.38650186, 0.38650186, 0.38650186, 0.4463419 ,
       0.50752401, 0.50752401, 0.57095041, 0.66757124, 0.7656611 ,
       0.9652523 , 0.9652523 , 0.9652523 , 1.        , 1.        ,
       1.        , 1.        , 1.        , 1.        , 1.        ,
       1.        , 1.        , 1.        , 1.        , 1.        ,
       1.        , 1.        , 1.        , 1.        , 1.        ,
       1.        , 1.        , 1.        , 1.        , 1.        ,
       1.        , 1.        , 1.        , 1.        , 1.        ,
       1.        , 1.        , 1.        , 1.        , 1.        ,
       1.        , 1.        , 1.        , 1.        , 1.        ,
       1.        ])]","[{'lambda_reg': 0.1452824663751603, 'gamma': 0.0070689749506246055, 'degree': 3, 'coef0': 0.9170225492671691}, {'lambda_reg': 0.17455141737474106, 'gamma': 0.016131718087174805, 'degree': 7, 'coef0': 0.5191336506268003}, {'lambda_reg': 0.1452824663751603, 'gamma': 0.0070689749506246055, 'degree': 3, 'coef0': 0.9170225492671691}, {'lambda_reg': 0.1452824663751603, 'gamma': 0.0070689749506246055, 'degree': 3, 'coef0': 0.9170225492671691}, {'lambda_reg': 0.17455141737474106, 'gamma': 0.016131718087174805, 'degree': 7, 'coef0': 0.5191336506268003}]",polynomial,27
