test_ibs,mean_ibs,std_ibs,test_cindex,mean_cindex,std_cindex,test_auc,mean_auc,std_auc,test_tpr,test_fpr,best_params,kernel,task
"[np.float64(0.1347172933058807), np.float64(0.13393969627744118), np.float64(0.17250106384168573), np.float64(0.18989728382619964), np.float64(0.18859829827480085)]",0.1639307271052016,0.0249362725826766,"[np.float64(0.7070078477435788), np.float64(0.873282103529142), np.float64(0.6021024526391313), np.float64(0.6862167463113037), np.float64(0.6235771579342234)]",0.6984372616314759,0.0955802754007021,"[np.float64(0.7347710276728141), np.float64(0.7299191749338831), np.float64(0.799383410012712), np.float64(0.6433621060661967), np.float64(0.7813282229871845)]",0.737752788334558,0.054179349069997,"[array([0.        , 0.        , 0.        , 0.        , 0.        ,
       0.        , 0.        , 0.        , 0.        , 0.        ,
       0.        , 0.        , 0.        , 0.        , 0.05688043,
       0.05688043, 0.05688043, 0.05688043, 0.05688043, 0.05688043,
       0.05688043, 0.05688043, 0.05688043, 0.05688043, 0.05688043,
       0.05688043, 0.05688043, 0.10497306, 0.1529151 , 0.1529151 ,
       0.1529151 , 0.1984052 , 0.1984052 , 0.1984052 , 0.1984052 ,
       0.1984052 , 0.1984052 , 0.28199296, 0.28199296, 0.32281587,
       0.32281587, 0.32281587, 0.36113507, 0.39929251, 0.39929251,
       0.39929251, 0.39929251, 0.39929251, 0.39929251, 0.39929251,
       0.46623173, 0.53187057, 0.53187057, 0.53187057, 0.5628204 ,
       0.59267002, 0.59267002, 0.62113321, 0.62113321, 0.62113321,
       0.62113321, 0.64727718, 0.64727718, 0.64727718, 0.67121538,
       0.67121538, 0.69404539, 0.73862291, 0.73862291, 0.73862291,
       0.73862291, 0.73862291, 0.73862291, 0.75687659, 0.75687659,
       0.75687659, 0.7731183 , 0.83524442, 0.83524442, 0.83524442,
       0.87620308, 0.87620308, 0.900436  , 0.94674231, 0.97983068,
       0.99018925, 1.        , 1.        , 1.        , 1.        ,
       1.        , 1.        , 1.        , 1.        , 1.        ,
       1.        , 1.        , 1.        , 1.        , 1.        ,
       1.        ]), array([0.        , 0.        , 0.        , 0.        , 0.        ,
       0.        , 0.        , 0.        , 0.        , 0.        ,
       0.        , 0.        , 0.        , 0.        , 0.        ,
       0.        , 0.        , 0.        , 0.        , 0.        ,
       0.        , 0.        , 0.        , 0.10792979, 0.10792979,
       0.10792979, 0.10792979, 0.10792979, 0.10792979, 0.10792979,
       0.10792979, 0.10792979, 0.10792979, 0.10792979, 0.10792979,
       0.10792979, 0.15304852, 0.15304852, 0.15304852, 0.15304852,
       0.15304852, 0.15304852, 0.23457842, 0.23457842, 0.27424773,
       0.31312167, 0.31312167, 0.35044885, 0.35044885, 0.42235484,
       0.45740433, 0.52657204, 0.59418351, 0.59418351, 0.59418351,
       0.62612234, 0.62612234, 0.62612234, 0.62612234, 0.62612234,
       0.65446016, 0.65446016, 0.65446016, 0.65446016, 0.65446016,
       0.67894683, 0.67894683, 0.67894683, 0.67894683, 0.70066326,
       0.70066326, 0.70066326, 0.76039377, 0.77972196, 0.77972196,
       0.79759493, 0.83132092, 0.83132092, 0.83132092, 0.83132092,
       0.84541447, 0.84541447, 0.88378291, 0.88378291, 0.9179533 ,
       0.95063676, 0.98164934, 0.99098639, 1.        , 1.        ,
       1.        , 1.        , 1.        , 1.        , 1.        ,
       1.        , 1.        , 1.        , 1.        , 1.        ,
       1.        ]), array([0.        , 0.        , 0.        , 0.        , 0.        ,
       0.        , 0.        , 0.        , 0.        , 0.        ,
       0.        , 0.        , 0.        , 0.05355782, 0.05355782,
       0.05355782, 0.05355782, 0.05355782, 0.05355782, 0.05355782,
       0.05355782, 0.05355782, 0.14910508, 0.14910508, 0.14910508,
       0.14910508, 0.14910508, 0.14910508, 0.14910508, 0.19274202,
       0.19274202, 0.19274202, 0.27624944, 0.31730517, 0.3577623 ,
       0.43783258, 0.51662915, 0.59433625, 0.59433625, 0.59433625,
       0.59433625, 0.59433625, 0.59433625, 0.59433625, 0.59433625,
       0.59433625, 0.62741598, 0.62741598, 0.62741598, 0.62741598,
       0.65825131, 0.68836194, 0.68836194, 0.68836194, 0.71664235,
       0.74413904, 0.79854268, 0.79854268, 0.79854268, 0.82372734,
       0.82372734, 0.82372734, 0.82372734, 0.82372734, 0.82372734,
       0.82372734, 0.82372734, 0.84408909, 0.84408909, 0.84408909,
       0.86292936, 0.86292936, 0.86292936, 0.87972537, 0.87972537,
       0.87972537, 0.87972537, 0.87972537, 0.87972537, 0.87972537,
       0.89204169, 0.90423216, 0.9157593 , 0.92660229, 0.92660229,
       0.92660229, 0.92660229, 0.93466198, 0.95004311, 0.97091094,
       0.97754951, 0.98361485, 0.98895235, 0.98895235, 0.99690152,
       1.        , 1.        , 1.        , 1.        , 1.        ,
       1.        ]), array([0.        , 0.        , 0.        , 0.        , 0.        ,
       0.        , 0.        , 0.        , 0.        , 0.        ,
       0.        , 0.        , 0.        , 0.        , 0.        ,
       0.        , 0.        , 0.        , 0.        , 0.        ,
       0.        , 0.        , 0.        , 0.        , 0.        ,
       0.        , 0.        , 0.        , 0.        , 0.        ,
       0.        , 0.        , 0.        , 0.        , 0.        ,
       0.        , 0.        , 0.        , 0.        , 0.05103394,
       0.05103394, 0.05103394, 0.05103394, 0.05103394, 0.05103394,
       0.05103394, 0.05103394, 0.05103394, 0.05103394, 0.05103394,
       0.09285586, 0.1339376 , 0.1339376 , 0.1339376 , 0.1339376 ,
       0.1339376 , 0.1339376 , 0.16988675, 0.16988675, 0.16988675,
       0.16988675, 0.20294569, 0.20294569, 0.20294569, 0.26415857,
       0.32338522, 0.46545489, 0.54916239, 0.630252  , 0.68262101,
       0.68262101, 0.68262101, 0.68262101, 0.77448721, 0.79612787,
       0.81745214, 0.81745214, 0.81745214, 0.81745214, 0.87096843,
       0.88764644, 0.90367727, 0.91902344, 0.91902344, 0.94695542,
       0.94695542, 0.97084338, 0.98189626, 0.98189626, 0.99169343,
       1.        , 1.        , 1.        , 1.        , 1.        ,
       1.        , 1.        , 1.        , 1.        , 1.        ,
       1.        ]), array([0.        , 0.        , 0.        , 0.        , 0.        ,
       0.        , 0.        , 0.        , 0.        , 0.        ,
       0.        , 0.        , 0.        , 0.        , 0.        ,
       0.        , 0.        , 0.        , 0.        , 0.        ,
       0.        , 0.        , 0.06431613, 0.12836356, 0.12836356,
       0.12836356, 0.12836356, 0.12836356, 0.12836356, 0.12836356,
       0.12836356, 0.12836356, 0.12836356, 0.12836356, 0.12836356,
       0.23575512, 0.23575512, 0.23575512, 0.23575512, 0.23575512,
       0.23575512, 0.33406547, 0.33406547, 0.33406547, 0.38047986,
       0.38047986, 0.38047986, 0.38047986, 0.38047986, 0.42280589,
       0.46442715, 0.46442715, 0.46442715, 0.50363289, 0.50363289,
       0.5414414 , 0.5414414 , 0.57751317, 0.57751317, 0.61205957,
       0.6456877 , 0.6456877 , 0.6456877 , 0.6456877 , 0.6456877 ,
       0.67517296, 0.67517296, 0.67517296, 0.70213205, 0.70213205,
       0.72748245, 0.72748245, 0.72748245, 0.7728604 , 0.7728604 ,
       0.7728604 , 0.7728604 , 0.79213989, 0.81044213, 0.81044213,
       0.81044213, 0.81044213, 0.84081113, 0.85488295, 0.85488295,
       0.86789162, 0.87954904, 0.87954904, 0.91078343, 0.91078343,
       0.93650301, 0.95967814, 0.9878112 , 0.99424997, 1.        ,
       1.        , 1.        , 1.        , 1.        , 1.        ,
       1.        ])]","[array([0.        , 0.        , 0.        , 0.        , 0.        ,
       0.        , 0.        , 0.        , 0.        , 0.        ,
       0.        , 0.        , 0.        , 0.        , 0.00528148,
       0.00528148, 0.00528148, 0.00528148, 0.00528148, 0.00528148,
       0.00528148, 0.00528148, 0.00528148, 0.00528148, 0.00528148,
       0.00528148, 0.00528148, 0.01573141, 0.02626991, 0.02626991,
       0.02626991, 0.03825049, 0.03825049, 0.03825049, 0.03825049,
       0.03825049, 0.03825049, 0.06655944, 0.06655944, 0.08128499,
       0.08128499, 0.08128499, 0.09748306, 0.11377627, 0.11377627,
       0.11377627, 0.11377627, 0.11377627, 0.11377627, 0.11377627,
       0.15187689, 0.19074231, 0.19074231, 0.19074231, 0.2112746 ,
       0.23245397, 0.23245397, 0.25444875, 0.25444875, 0.25444875,
       0.25444875, 0.27780756, 0.27780756, 0.27780756, 0.30246367,
       0.30246367, 0.32777155, 0.37902397, 0.37902397, 0.37902397,
       0.37902397, 0.37902397, 0.37902397, 0.40702337, 0.40702337,
       0.40702337, 0.43620609, 0.55460771, 0.55460771, 0.55460771,
       0.64672363, 0.64672363, 0.70994152, 0.83764739, 0.93439215,
       0.96703498, 1.        , 1.        , 1.        , 1.        ,
       1.        , 1.        , 1.        , 1.        , 1.        ,
       1.        , 1.        , 1.        , 1.        , 1.        ,
       1.        ]), array([0.        , 0.        , 0.        , 0.        , 0.        ,
       0.        , 0.        , 0.        , 0.        , 0.        ,
       0.        , 0.        , 0.        , 0.        , 0.        ,
       0.        , 0.        , 0.        , 0.        , 0.        ,
       0.        , 0.        , 0.        , 0.01693178, 0.01693178,
       0.01693178, 0.01693178, 0.01693178, 0.01693178, 0.01693178,
       0.01693178, 0.01693178, 0.01693178, 0.01693178, 0.01693178,
       0.01693178, 0.03016085, 0.03016085, 0.03016085, 0.03016085,
       0.03016085, 0.03016085, 0.06130756, 0.06130756, 0.07747085,
       0.0940624 , 0.0940624 , 0.1114868 , 0.1114868 , 0.14781546,
       0.16646627, 0.20426934, 0.24291036, 0.24291036, 0.24291036,
       0.2632361 , 0.2632361 , 0.2632361 , 0.2632361 , 0.2632361 ,
       0.28550079, 0.28550079, 0.28550079, 0.28550079, 0.28550079,
       0.30983911, 0.30983911, 0.30983911, 0.30983911, 0.33566906,
       0.33566906, 0.33566906, 0.41607662, 0.44319251, 0.44319251,
       0.47109196, 0.52797848, 0.52797848, 0.52797848, 0.52797848,
       0.55791294, 0.55791294, 0.64982282, 0.64982282, 0.74399313,
       0.83896407, 0.93483469, 0.96733027, 1.        , 1.        ,
       1.        , 1.        , 1.        , 1.        , 1.        ,
       1.        , 1.        , 1.        , 1.        , 1.        ,
       1.        ]), array([0.        , 0.        , 0.        , 0.        , 0.        ,
       0.        , 0.        , 0.        , 0.        , 0.        ,
       0.        , 0.        , 0.        , 0.0050091 , 0.0050091 ,
       0.0050091 , 0.0050091 , 0.0050091 , 0.0050091 , 0.0050091 ,
       0.0050091 , 0.0050091 , 0.0227142 , 0.0227142 , 0.0227142 ,
       0.0227142 , 0.0227142 , 0.0227142 , 0.0227142 , 0.03431549,
       0.03431549, 0.03431549, 0.06002078, 0.07333721, 0.0870514 ,
       0.11504058, 0.14387612, 0.17343557, 0.17343557, 0.17343557,
       0.17343557, 0.17343557, 0.17343557, 0.17343557, 0.17343557,
       0.17343557, 0.19205187, 0.19205187, 0.19205187, 0.19205187,
       0.21215951, 0.2327487 , 0.2327487 , 0.2327487 , 0.25455402,
       0.2768801 , 0.32192414, 0.32192414, 0.32192414, 0.34578652,
       0.34578652, 0.34578652, 0.34578652, 0.34578652, 0.34578652,
       0.34578652, 0.34578652, 0.3728536 , 0.3728536 , 0.3728536 ,
       0.40093167, 0.40093167, 0.40093167, 0.43036809, 0.43036809,
       0.43036809, 0.43036809, 0.43036809, 0.43036809, 0.43036809,
       0.46278116, 0.49527786, 0.52821533, 0.56160739, 0.56160739,
       0.56160739, 0.56160739, 0.59684889, 0.66782244, 0.77574717,
       0.81193297, 0.84849967, 0.88554999, 0.88554999, 0.9614619 ,
       1.        , 1.        , 1.        , 1.        , 1.        ,
       1.        ]), array([0.        , 0.        , 0.        , 0.        , 0.        ,
       0.        , 0.        , 0.        , 0.        , 0.        ,
       0.        , 0.        , 0.        , 0.        , 0.        ,
       0.        , 0.        , 0.        , 0.        , 0.        ,
       0.        , 0.        , 0.        , 0.        , 0.        ,
       0.        , 0.        , 0.        , 0.        , 0.        ,
       0.        , 0.        , 0.        , 0.        , 0.        ,
       0.        , 0.        , 0.        , 0.        , 0.01327816,
       0.01327816, 0.01327816, 0.01327816, 0.01327816, 0.01327816,
       0.01327816, 0.01327816, 0.01327816, 0.01327816, 0.01327816,
       0.03039831, 0.04782716, 0.04782716, 0.04782716, 0.04782716,
       0.04782716, 0.04782716, 0.06739661, 0.06739661, 0.06739661,
       0.06739661, 0.08817147, 0.08817147, 0.08817147, 0.13176688,
       0.17619066, 0.28975123, 0.35852748, 0.42839554, 0.47567939,
       0.47567939, 0.47567939, 0.47567939, 0.57561544, 0.60115244,
       0.62682138, 0.62682138, 0.62682138, 0.62682138, 0.70818924,
       0.73579597, 0.76367261, 0.7918348 , 0.7918348 , 0.84931041,
       0.84931041, 0.90847264, 0.93842539, 0.93842539, 0.96890186,
       1.        , 1.        , 1.        , 1.        , 1.        ,
       1.        , 1.        , 1.        , 1.        , 1.        ,
       1.        ]), array([0.        , 0.        , 0.        , 0.        , 0.        ,
       0.        , 0.        , 0.        , 0.        , 0.        ,
       0.        , 0.        , 0.        , 0.        , 0.        ,
       0.        , 0.        , 0.        , 0.        , 0.        ,
       0.        , 0.        , 0.00760659, 0.01532613, 0.01532613,
       0.01532613, 0.01532613, 0.01532613, 0.01532613, 0.01532613,
       0.01532613, 0.01532613, 0.01532613, 0.01532613, 0.01532613,
       0.03946828, 0.03946828, 0.03946828, 0.03946828, 0.03946828,
       0.03946828, 0.06742789, 0.06742789, 0.06742789, 0.08255984,
       0.08255984, 0.08255984, 0.08255984, 0.08255984, 0.09941041,
       0.11655725, 0.11655725, 0.11655725, 0.1347195 , 0.1347195 ,
       0.1534691 , 0.1534691 , 0.17294878, 0.17294878, 0.19306968,
       0.21357659, 0.21357659, 0.21357659, 0.21357659, 0.21357659,
       0.23582504, 0.23582504, 0.23582504, 0.25913542, 0.25913542,
       0.28312204, 0.28312204, 0.28312204, 0.33333286, 0.33333286,
       0.33333286, 0.33333286, 0.35987151, 0.38682097, 0.38682097,
       0.38682097, 0.38682097, 0.4433411 , 0.4720689 , 0.4720689 ,
       0.50124362, 0.53098636, 0.53098636, 0.62178588, 0.62178588,
       0.71490366, 0.80909106, 0.93583746, 0.96777397, 1.        ,
       1.        , 1.        , 1.        , 1.        , 1.        ,
       1.        ])]","[{'lambda_reg': 0.06432654209764616, 'K_bin': 1, 'gamma': 0.0010389259903582674, 'degree': 6, 'coef0': 0.9963544365826207}, {'lambda_reg': 0.1452824663751603, 'K_bin': 1, 'gamma': 0.0070689749506246055, 'degree': 3, 'coef0': 0.9170225492671691}, {'lambda_reg': 0.009163741808778781, 'K_bin': 1, 'gamma': 0.0015339162591163618, 'degree': 7, 'coef0': 0.8526206184364576}, {'lambda_reg': 0.06432654209764616, 'K_bin': 1, 'gamma': 0.0010389259903582674, 'degree': 6, 'coef0': 0.9963544365826207}, {'lambda_reg': 0.1452824663751603, 'K_bin': 1, 'gamma': 0.0070689749506246055, 'degree': 3, 'coef0': 0.9170225492671691}]",polynomial,6
"[np.float64(0.13467014266607108), np.float64(0.12437864316389234), np.float64(0.16981163360269327), np.float64(0.20691884416690096), np.float64(0.2013062506581432)]",0.1674171028515401,0.0335835319679025,"[np.float64(0.6932455017362229), np.float64(0.855489775182533), np.float64(0.5856546906433242), np.float64(0.6789554085389924), np.float64(0.6313581785228858)]",0.6889407109247916,0.0914774052060896,"[np.float64(0.8519440331887796), np.float64(0.8183010028449047), np.float64(0.8673973907599125), np.float64(0.7551692852888834), np.float64(0.9061751851776145)]",0.839797379452019,0.0508710594406307,"[array([0.        , 0.05086309, 0.05086309, 0.15030419, 0.15030419,
       0.15030419, 0.19850611, 0.19850611, 0.19850611, 0.29168097,
       0.29168097, 0.33726236, 0.38261294, 0.38261294, 0.38261294,
       0.38261294, 0.42570077, 0.42570077, 0.42570077, 0.42570077,
       0.42570077, 0.42570077, 0.50553886, 0.50553886, 0.50553886,
       0.50553886, 0.58159134, 0.61917268, 0.61917268, 0.61917268,
       0.61917268, 0.61917268, 0.65422215, 0.65422215, 0.65422215,
       0.65422215, 0.68697844, 0.68697844, 0.68697844, 0.68697844,
       0.68697844, 0.68697844, 0.68697844, 0.68697844, 0.68697844,
       0.68697844, 0.68697844, 0.68697844, 0.71384222, 0.71384222,
       0.71384222, 0.71384222, 0.71384222, 0.71384222, 0.73760179,
       0.73760179, 0.73760179, 0.76004701, 0.76004701, 0.76004701,
       0.76004701, 0.76004701, 0.76004701, 0.77909915, 0.81667973,
       0.81667973, 0.81667973, 0.81667973, 0.81667973, 0.81667973,
       0.83199474, 0.84683664, 0.87598894, 0.87598894, 0.88942375,
       0.88942375, 0.88942375, 0.90137716, 0.9128396 , 0.9128396 ,
       0.92326406, 0.92326406, 0.92326406, 0.92326406, 0.93149237,
       0.93959405, 0.96182681, 0.98226436, 0.99485952, 0.99485952,
       1.        , 1.        , 1.        , 1.        , 1.        ,
       1.        , 1.        , 1.        , 1.        , 1.        ,
       1.        ]), array([0.        , 0.        , 0.        , 0.        , 0.        ,
       0.        , 0.        , 0.04726662, 0.09373793, 0.09373793,
       0.09373793, 0.09373793, 0.09373793, 0.09373793, 0.18058861,
       0.22373056, 0.22373056, 0.2655565 , 0.34873602, 0.34873602,
       0.38935934, 0.38935934, 0.42869716, 0.42869716, 0.42869716,
       0.46680552, 0.46680552, 0.46680552, 0.46680552, 0.57498986,
       0.61044084, 0.61044084, 0.64507973, 0.64507973, 0.64507973,
       0.64507973, 0.64507973, 0.64507973, 0.67660685, 0.67660685,
       0.67660685, 0.67660685, 0.67660685, 0.67660685, 0.67660685,
       0.70454287, 0.73191108, 0.73191108, 0.73191108, 0.73191108,
       0.73191108, 0.73191108, 0.73191108, 0.73191108, 0.73191108,
       0.73191108, 0.73191108, 0.75373261, 0.75373261, 0.75373261,
       0.75373261, 0.79355881, 0.81270659, 0.81270659, 0.81270659,
       0.83048385, 0.83048385, 0.83048385, 0.83048385, 0.83048385,
       0.84583356, 0.84583356, 0.84583356, 0.8738614 , 0.88719501,
       0.88719501, 0.89967585, 0.89967585, 0.89967585, 0.91053407,
       0.9307513 , 0.94048334, 0.94996361, 0.95865966, 0.96696027,
       0.96696027, 0.98159865, 0.9883192 , 0.99450057, 0.99450057,
       1.        , 1.        , 1.        , 1.        , 1.        ,
       1.        , 1.        , 1.        , 1.        , 1.        ,
       1.        ]), array([0.        , 0.        , 0.04370815, 0.04370815, 0.04370815,
       0.12858921, 0.12858921, 0.12858921, 0.12858921, 0.12858921,
       0.16894824, 0.16894824, 0.24757712, 0.28657733, 0.44064103,
       0.47890528, 0.55440298, 0.5917109 , 0.5917109 , 0.5917109 ,
       0.5917109 , 0.5917109 , 0.62649094, 0.62649094, 0.66064195,
       0.69434624, 0.72760868, 0.72760868, 0.72760868, 0.75962603,
       0.75962603, 0.75962603, 0.75962603, 0.75962603, 0.75962603,
       0.75962603, 0.78814912, 0.78814912, 0.81583076, 0.81583076,
       0.81583076, 0.81583076, 0.81583076, 0.81583076, 0.81583076,
       0.81583076, 0.81583076, 0.81583076, 0.81583076, 0.81583076,
       0.81583076, 0.81583076, 0.85935006, 0.85935006, 0.85935006,
       0.87938341, 0.87938341, 0.87938341, 0.87938341, 0.87938341,
       0.87938341, 0.87938341, 0.87938341, 0.87938341, 0.87938341,
       0.87938341, 0.87938341, 0.89411714, 0.89411714, 0.89411714,
       0.89411714, 0.89411714, 0.89411714, 0.89411714, 0.89411714,
       0.89411714, 0.90504914, 0.92585094, 0.93585785, 0.93585785,
       0.93585785, 0.95338484, 0.95338484, 0.95338484, 0.96093407,
       0.96093407, 0.96727913, 0.97330687, 0.97895716, 0.98415492,
       0.98902716, 0.99309376, 0.99704663, 0.99704663, 1.        ,
       1.        , 1.        , 1.        , 1.        , 1.        ,
       1.        ]), array([0.        , 0.        , 0.        , 0.        , 0.        ,
       0.        , 0.        , 0.        , 0.        , 0.04975349,
       0.04975349, 0.04975349, 0.04975349, 0.04975349, 0.04975349,
       0.04975349, 0.04975349, 0.04975349, 0.09485644, 0.09485644,
       0.09485644, 0.09485644, 0.09485644, 0.13695439, 0.13695439,
       0.13695439, 0.13695439, 0.17709485, 0.21672825, 0.25575218,
       0.25575218, 0.25575218, 0.25575218, 0.25575218, 0.25575218,
       0.2913887 , 0.32684021, 0.36171776, 0.42975915, 0.42975915,
       0.46293352, 0.46293352, 0.52735134, 0.52735134, 0.55841096,
       0.58860961, 0.58860961, 0.61790685, 0.61790685, 0.64604145,
       0.67368929, 0.67368929, 0.70029705, 0.70029705, 0.70029705,
       0.70029705, 0.70029705, 0.72425573, 0.74734462, 0.7701909 ,
       0.79208094, 0.79208094, 0.81295826, 0.81295826, 0.83271511,
       0.8523202 , 0.8523202 , 0.8523202 , 0.8523202 , 0.86931776,
       0.86931776, 0.86931776, 0.86931776, 0.86931776, 0.89846947,
       0.92594913, 0.92594913, 0.92594913, 0.93851214, 0.93851214,
       0.94945263, 0.95993314, 0.95993314, 0.95993314, 0.96878345,
       0.96878345, 0.98458917, 0.98458917, 0.9912157 , 0.9912157 ,
       0.9912157 , 0.99646587, 0.99646587, 0.99646587, 1.        ,
       1.        , 1.        , 1.        , 1.        , 1.        ,
       1.        ]), array([0.        , 0.        , 0.11061005, 0.11061005, 0.16507271,
       0.27253798, 0.32585508, 0.3784095 , 0.3784095 , 0.3784095 ,
       0.3784095 , 0.3784095 , 0.3784095 , 0.3784095 , 0.42716923,
       0.42716923, 0.47472543, 0.47472543, 0.52109838, 0.52109838,
       0.56664912, 0.61168035, 0.61168035, 0.61168035, 0.61168035,
       0.61168035, 0.61168035, 0.61168035, 0.61168035, 0.61168035,
       0.61168035, 0.61168035, 0.65052869, 0.65052869, 0.68818748,
       0.68818748, 0.68818748, 0.68818748, 0.68818748, 0.72275224,
       0.72275224, 0.72275224, 0.75582373, 0.75582373, 0.75582373,
       0.78707969, 0.78707969, 0.81723484, 0.81723484, 0.81723484,
       0.81723484, 0.81723484, 0.81723484, 0.81723484, 0.81723484,
       0.81723484, 0.8675614 , 0.8675614 , 0.8675614 , 0.8675614 ,
       0.8675614 , 0.88979075, 0.88979075, 0.88979075, 0.88979075,
       0.88979075, 0.88979075, 0.88979075, 0.88979075, 0.88979075,
       0.90681096, 0.90681096, 0.90681096, 0.90681096, 0.90681096,
       0.90681096, 0.90681096, 0.90681096, 0.90681096, 0.90681096,
       0.90681096, 0.90681096, 0.91737066, 0.91737066, 0.92646304,
       0.92646304, 0.92646304, 0.93383226, 0.94085619, 0.95357568,
       0.95357568, 0.95357568, 0.96820276, 0.97219551, 0.98696435,
       0.99025413, 0.99830948, 1.        , 1.        , 1.        ,
       1.        ])]","[array([0.00000000e+00, 1.44772510e-04, 1.44772510e-04, 2.52713200e-03,
       2.52713200e-03, 2.52713200e-03, 5.10916571e-03, 5.10916571e-03,
       5.10916571e-03, 1.32305423e-02, 1.32305423e-02, 1.82126177e-02,
       2.34060868e-02, 2.34060868e-02, 2.34060868e-02, 2.34060868e-02,
       3.06719265e-02, 3.06719265e-02, 3.06719265e-02, 3.06719265e-02,
       3.06719265e-02, 3.06719265e-02, 5.10079356e-02, 5.10079356e-02,
       5.10079356e-02, 5.10079356e-02, 7.48110421e-02, 8.71200635e-02,
       8.71200635e-02, 8.71200635e-02, 8.71200635e-02, 8.71200635e-02,
       1.01747929e-01, 1.01747929e-01, 1.01747929e-01, 1.01747929e-01,
       1.18476026e-01, 1.18476026e-01, 1.18476026e-01, 1.18476026e-01,
       1.18476026e-01, 1.18476026e-01, 1.18476026e-01, 1.18476026e-01,
       1.18476026e-01, 1.18476026e-01, 1.18476026e-01, 1.18476026e-01,
       1.40600855e-01, 1.40600855e-01, 1.40600855e-01, 1.40600855e-01,
       1.40600855e-01, 1.40600855e-01, 1.65568705e-01, 1.65568705e-01,
       1.65568705e-01, 1.91740328e-01, 1.91740328e-01, 1.91740328e-01,
       1.91740328e-01, 1.91740328e-01, 1.91740328e-01, 2.21019531e-01,
       2.80057591e-01, 2.80057591e-01, 2.80057591e-01, 2.80057591e-01,
       2.80057591e-01, 2.80057591e-01, 3.12759494e-01, 3.45894710e-01,
       4.12651909e-01, 4.12651909e-01, 4.47075813e-01, 4.47075813e-01,
       4.47075813e-01, 4.82856485e-01, 5.19086813e-01, 5.19086813e-01,
       5.56267782e-01, 5.56267782e-01, 5.56267782e-01, 5.56267782e-01,
       5.95460129e-01, 6.34768444e-01, 7.54591326e-01, 8.76058376e-01,
       9.57979634e-01, 9.57979634e-01, 1.00000000e+00, 1.00000000e+00,
       1.00000000e+00, 1.00000000e+00, 1.00000000e+00, 1.00000000e+00,
       1.00000000e+00, 1.00000000e+00, 1.00000000e+00, 1.00000000e+00,
       1.00000000e+00]), array([0.        , 0.        , 0.        , 0.        , 0.        ,
       0.        , 0.        , 0.00284953, 0.00644793, 0.00644793,
       0.00644793, 0.00644793, 0.00644793, 0.00644793, 0.019381  ,
       0.02611437, 0.02611437, 0.03408692, 0.05047679, 0.05047679,
       0.05958175, 0.05958175, 0.06989715, 0.06989715, 0.06989715,
       0.08137022, 0.08137022, 0.08137022, 0.08137022, 0.12157165,
       0.13554695, 0.13554695, 0.15028692, 0.15028692, 0.15028692,
       0.15028692, 0.15028692, 0.15028692, 0.16795698, 0.16795698,
       0.16795698, 0.16795698, 0.16795698, 0.16795698, 0.16795698,
       0.18900848, 0.21059463, 0.21059463, 0.21059463, 0.21059463,
       0.21059463, 0.21059463, 0.21059463, 0.21059463, 0.21059463,
       0.21059463, 0.21059463, 0.2374036 , 0.2374036 , 0.2374036 ,
       0.2374036 , 0.29461558, 0.3239422 , 0.3239422 , 0.3239422 ,
       0.35455932, 0.35455932, 0.35455932, 0.35455932, 0.35455932,
       0.38746226, 0.38746226, 0.38746226, 0.45578373, 0.49058505,
       0.49058505, 0.52618936, 0.52618936, 0.52618936, 0.56332154,
       0.6389976 , 0.67719021, 0.7156199 , 0.75478801, 0.79432848,
       0.79432848, 0.87525765, 0.91628593, 0.9578219 , 0.9578219 ,
       1.        , 1.        , 1.        , 1.        , 1.        ,
       1.        , 1.        , 1.        , 1.        , 1.        ,
       1.        ]), array([0.00000000e+00, 0.00000000e+00, 9.78795800e-04, 9.78795800e-04,
       9.78795800e-04, 6.00884496e-03, 6.00884496e-03, 6.00884496e-03,
       6.00884496e-03, 6.00884496e-03, 1.10464490e-02, 1.10464490e-02,
       2.36535418e-02, 3.03379114e-02, 5.94229940e-02, 6.69992684e-02,
       8.34010543e-02, 9.21363100e-02, 9.21363100e-02, 9.21363100e-02,
       9.21363100e-02, 9.21363100e-02, 1.03935122e-01, 1.03935122e-01,
       1.16496252e-01, 1.29598765e-01, 1.43236760e-01, 1.43236760e-01,
       1.43236760e-01, 1.58383671e-01, 1.58383671e-01, 1.58383671e-01,
       1.58383671e-01, 1.58383671e-01, 1.58383671e-01, 1.58383671e-01,
       1.77765306e-01, 1.77765306e-01, 1.98166699e-01, 1.98166699e-01,
       1.98166699e-01, 1.98166699e-01, 1.98166699e-01, 1.98166699e-01,
       1.98166699e-01, 1.98166699e-01, 1.98166699e-01, 1.98166699e-01,
       1.98166699e-01, 1.98166699e-01, 1.98166699e-01, 1.98166699e-01,
       2.53323240e-01, 2.53323240e-01, 2.53323240e-01, 2.82993614e-01,
       2.82993614e-01, 2.82993614e-01, 2.82993614e-01, 2.82993614e-01,
       2.82993614e-01, 2.82993614e-01, 2.82993614e-01, 2.82993614e-01,
       2.82993614e-01, 2.82993614e-01, 2.82993614e-01, 3.19086639e-01,
       3.19086639e-01, 3.19086639e-01, 3.19086639e-01, 3.19086639e-01,
       3.19086639e-01, 3.19086639e-01, 3.19086639e-01, 3.19086639e-01,
       3.59786979e-01, 4.42474953e-01, 4.84296421e-01, 4.84296421e-01,
       4.84296421e-01, 5.70953164e-01, 5.70953164e-01, 5.70953164e-01,
       6.15753100e-01, 6.15753100e-01, 6.62012382e-01, 7.08656219e-01,
       7.55757485e-01, 8.03407190e-01, 8.51451386e-01, 9.00471933e-01,
       9.49630316e-01, 9.49630316e-01, 1.00000000e+00, 1.00000000e+00,
       1.00000000e+00, 1.00000000e+00, 1.00000000e+00, 1.00000000e+00,
       1.00000000e+00]), array([0.        , 0.        , 0.        , 0.        , 0.        ,
       0.        , 0.        , 0.        , 0.        , 0.00395877,
       0.00395877, 0.00395877, 0.00395877, 0.00395877, 0.00395877,
       0.00395877, 0.00395877, 0.00395877, 0.01166381, 0.01166381,
       0.01166381, 0.01166381, 0.01166381, 0.02178954, 0.02178954,
       0.02178954, 0.02178954, 0.03349213, 0.04560318, 0.05820519,
       0.05820519, 0.05820519, 0.05820519, 0.05820519, 0.05820519,
       0.07353595, 0.08901575, 0.10495789, 0.13822269, 0.13822269,
       0.15553684, 0.15553684, 0.19172061, 0.19172061, 0.2107383 ,
       0.23044956, 0.23044956, 0.25088696, 0.25088696, 0.27226091,
       0.29402699, 0.29402699, 0.31663091, 0.31663091, 0.31663091,
       0.31663091, 0.31663091, 0.3413688 , 0.36680735, 0.39244135,
       0.41884564, 0.41884564, 0.44606573, 0.44606573, 0.47418842,
       0.50243337, 0.50243337, 0.50243337, 0.50243337, 0.53277883,
       0.53277883, 0.53277883, 0.53277883, 0.53277883, 0.59737136,
       0.66331082, 0.66331082, 0.66331082, 0.69722854, 0.69722854,
       0.73245329, 0.76804858, 0.76804858, 0.76804858, 0.80495708,
       0.80495708, 0.88030053, 0.88030053, 0.91900041, 0.91900041,
       0.91900041, 0.95880903, 0.95880903, 0.95880903, 1.        ,
       1.        , 1.        , 1.        , 1.        , 1.        ,
       1.        ]), array([0.        , 0.        , 0.00154072, 0.00154072, 0.00295467,
       0.0068981 , 0.0091873 , 0.01205921, 0.01205921, 0.01205921,
       0.01205921, 0.01205921, 0.01205921, 0.01205921, 0.01783038,
       0.01783038, 0.02452109, 0.02452109, 0.03211585, 0.03211585,
       0.04033879, 0.04895866, 0.04895866, 0.04895866, 0.04895866,
       0.04895866, 0.04895866, 0.04895866, 0.04895866, 0.04895866,
       0.04895866, 0.04895866, 0.06230245, 0.06230245, 0.0765551 ,
       0.0765551 , 0.0765551 , 0.0765551 , 0.0765551 , 0.09317169,
       0.09317169, 0.09317169, 0.11092918, 0.11092918, 0.11092918,
       0.1300738 , 0.1300738 , 0.15005946, 0.15005946, 0.15005946,
       0.15005946, 0.15005946, 0.15005946, 0.15005946, 0.15005946,
       0.15005946, 0.19765871, 0.19765871, 0.19765871, 0.19765871,
       0.19765871, 0.22369994, 0.22369994, 0.22369994, 0.22369994,
       0.22369994, 0.22369994, 0.22369994, 0.22369994, 0.22369994,
       0.25372113, 0.25372113, 0.25372113, 0.25372113, 0.25372113,
       0.25372113, 0.25372113, 0.25372113, 0.25372113, 0.25372113,
       0.25372113, 0.25372113, 0.28867836, 0.28867836, 0.32475665,
       0.32475665, 0.32475665, 0.36215151, 0.39981017, 0.47614242,
       0.47614242, 0.47614242, 0.59404238, 0.63401696, 0.79483379,
       0.83534547, 0.95826644, 1.        , 1.        , 1.        ,
       1.        ])]","[{'lambda_reg': 0.974217634211552, 'K_bin': 1}, {'lambda_reg': 0.8306850087213151, 'K_bin': 1}, {'lambda_reg': 0.7897219752341905, 'K_bin': 1}, {'lambda_reg': 0.9012852407949292, 'K_bin': 1}, {'lambda_reg': 0.974217634211552, 'K_bin': 1}]",linear,0
"[np.float64(0.1629217387770705), np.float64(0.16759857957076313), np.float64(0.23431930640303464), np.float64(0.17980891385653355), np.float64(0.17826797054931323)]",0.184583301831343,0.0256673038892454,"[np.float64(0.5305642310874551), np.float64(0.5279713097633679), np.float64(0.4347881432195541), np.float64(0.527592914747563), np.float64(0.6071751556402109)]",0.5256183508916302,0.0546544345416458,"[np.float64(0.5099685291706386), np.float64(0.5204421783781611), np.float64(0.509936939724572), np.float64(0.5139198610275957), np.float64(0.5082212258612544)]",0.5124977468324444,0.004390437518293,"[array([0.        , 0.        , 0.        , 0.        , 0.        ,
       0.        , 0.        , 0.        , 0.        , 0.        ,
       0.        , 0.        , 0.        , 0.        , 0.        ,
       0.        , 0.        , 0.        , 0.        , 0.        ,
       0.        , 0.        , 0.        , 0.        , 0.        ,
       0.        , 0.        , 0.        , 0.        , 0.        ,
       0.        , 0.        , 0.        , 0.        , 0.        ,
       0.        , 0.        , 0.        , 0.        , 0.        ,
       0.        , 0.        , 0.        , 0.        , 0.        ,
       0.        , 0.        , 0.        , 0.        , 0.27326094,
       0.59416667, 0.78660209, 1.        , 1.        , 1.        ,
       1.        , 1.        , 1.        , 1.        , 1.        ,
       1.        , 1.        , 1.        , 1.        , 1.        ,
       1.        , 1.        , 1.        , 1.        , 1.        ,
       1.        , 1.        , 1.        , 1.        , 1.        ,
       1.        , 1.        , 1.        , 1.        , 1.        ,
       1.        , 1.        , 1.        , 1.        , 1.        ,
       1.        , 1.        , 1.        , 1.        , 1.        ,
       1.        , 1.        , 1.        , 1.        , 1.        ,
       1.        , 1.        , 1.        , 1.        , 1.        ,
       1.        ]), array([0.        , 0.        , 0.        , 0.        , 0.        ,
       0.        , 0.        , 0.        , 0.        , 0.        ,
       0.        , 0.        , 0.        , 0.        , 0.        ,
       0.        , 0.        , 0.        , 0.        , 0.        ,
       0.        , 0.        , 0.        , 0.        , 0.        ,
       0.        , 0.        , 0.        , 0.        , 0.        ,
       0.        , 0.        , 0.        , 0.        , 0.        ,
       0.        , 0.        , 0.        , 0.        , 0.        ,
       0.        , 0.        , 0.        , 0.        , 0.        ,
       0.        , 0.        , 0.        , 0.36114966, 0.38634613,
       0.38634613, 0.38634613, 0.38634613, 1.        , 1.        ,
       1.        , 1.        , 1.        , 1.        , 1.        ,
       1.        , 1.        , 1.        , 1.        , 1.        ,
       1.        , 1.        , 1.        , 1.        , 1.        ,
       1.        , 1.        , 1.        , 1.        , 1.        ,
       1.        , 1.        , 1.        , 1.        , 1.        ,
       1.        , 1.        , 1.        , 1.        , 1.        ,
       1.        , 1.        , 1.        , 1.        , 1.        ,
       1.        , 1.        , 1.        , 1.        , 1.        ,
       1.        , 1.        , 1.        , 1.        , 1.        ,
       1.        ]), array([0.        , 0.        , 0.        , 0.        , 0.        ,
       0.        , 0.        , 0.        , 0.        , 0.        ,
       0.        , 0.        , 0.        , 0.        , 0.        ,
       0.        , 0.        , 0.        , 0.        , 0.        ,
       0.        , 0.        , 0.        , 0.        , 0.        ,
       0.        , 0.        , 0.        , 0.        , 0.        ,
       0.        , 0.        , 0.        , 0.        , 0.        ,
       0.        , 0.        , 0.        , 0.        , 0.        ,
       0.        , 0.        , 0.        , 0.        , 0.        ,
       0.        , 0.        , 0.        , 0.        , 0.        ,
       0.10303364, 0.1789579 , 0.32620939, 1.        , 1.        ,
       1.        , 1.        , 1.        , 1.        , 1.        ,
       1.        , 1.        , 1.        , 1.        , 1.        ,
       1.        , 1.        , 1.        , 1.        , 1.        ,
       1.        , 1.        , 1.        , 1.        , 1.        ,
       1.        , 1.        , 1.        , 1.        , 1.        ,
       1.        , 1.        , 1.        , 1.        , 1.        ,
       1.        , 1.        , 1.        , 1.        , 1.        ,
       1.        , 1.        , 1.        , 1.        , 1.        ,
       1.        , 1.        , 1.        , 1.        , 1.        ,
       1.        ]), array([0.        , 0.        , 0.        , 0.        , 0.        ,
       0.        , 0.        , 0.        , 0.        , 0.        ,
       0.        , 0.        , 0.        , 0.        , 0.        ,
       0.        , 0.        , 0.        , 0.        , 0.        ,
       0.        , 0.        , 0.        , 0.        , 0.        ,
       0.        , 0.        , 0.        , 0.        , 0.        ,
       0.        , 0.        , 0.        , 0.        , 0.        ,
       0.        , 0.        , 0.        , 0.        , 0.        ,
       0.        , 0.        , 0.        , 0.        , 0.        ,
       0.        , 0.        , 0.        , 0.        , 0.35153303,
       0.50058057, 0.59704399, 1.        , 1.        , 1.        ,
       1.        , 1.        , 1.        , 1.        , 1.        ,
       1.        , 1.        , 1.        , 1.        , 1.        ,
       1.        , 1.        , 1.        , 1.        , 1.        ,
       1.        , 1.        , 1.        , 1.        , 1.        ,
       1.        , 1.        , 1.        , 1.        , 1.        ,
       1.        , 1.        , 1.        , 1.        , 1.        ,
       1.        , 1.        , 1.        , 1.        , 1.        ,
       1.        , 1.        , 1.        , 1.        , 1.        ,
       1.        , 1.        , 1.        , 1.        , 1.        ,
       1.        ]), array([0.        , 0.        , 0.        , 0.        , 0.        ,
       0.        , 0.        , 0.        , 0.        , 0.        ,
       0.        , 0.        , 0.        , 0.        , 0.        ,
       0.        , 0.        , 0.        , 0.        , 0.        ,
       0.        , 0.        , 0.        , 0.        , 0.        ,
       0.        , 0.        , 0.        , 0.        , 0.        ,
       0.        , 0.        , 0.        , 0.        , 0.        ,
       0.        , 0.        , 0.        , 0.        , 0.        ,
       0.        , 0.        , 0.        , 0.        , 0.        ,
       0.        , 0.        , 0.        , 0.        , 0.02481613,
       0.64182605, 0.88180407, 1.        , 1.        , 1.        ,
       1.        , 1.        , 1.        , 1.        , 1.        ,
       1.        , 1.        , 1.        , 1.        , 1.        ,
       1.        , 1.        , 1.        , 1.        , 1.        ,
       1.        , 1.        , 1.        , 1.        , 1.        ,
       1.        , 1.        , 1.        , 1.        , 1.        ,
       1.        , 1.        , 1.        , 1.        , 1.        ,
       1.        , 1.        , 1.        , 1.        , 1.        ,
       1.        , 1.        , 1.        , 1.        , 1.        ,
       1.        , 1.        , 1.        , 1.        , 1.        ,
       1.        ])]","[array([0.        , 0.        , 0.        , 0.        , 0.        ,
       0.        , 0.        , 0.        , 0.        , 0.        ,
       0.        , 0.        , 0.        , 0.        , 0.        ,
       0.        , 0.        , 0.        , 0.        , 0.        ,
       0.        , 0.        , 0.        , 0.        , 0.        ,
       0.        , 0.        , 0.        , 0.        , 0.        ,
       0.        , 0.        , 0.        , 0.        , 0.        ,
       0.        , 0.        , 0.        , 0.        , 0.        ,
       0.        , 0.        , 0.        , 0.        , 0.        ,
       0.        , 0.        , 0.        , 0.        , 0.2633071 ,
       0.57653434, 0.77435219, 1.        , 1.        , 1.        ,
       1.        , 1.        , 1.        , 1.        , 1.        ,
       1.        , 1.        , 1.        , 1.        , 1.        ,
       1.        , 1.        , 1.        , 1.        , 1.        ,
       1.        , 1.        , 1.        , 1.        , 1.        ,
       1.        , 1.        , 1.        , 1.        , 1.        ,
       1.        , 1.        , 1.        , 1.        , 1.        ,
       1.        , 1.        , 1.        , 1.        , 1.        ,
       1.        , 1.        , 1.        , 1.        , 1.        ,
       1.        , 1.        , 1.        , 1.        , 1.        ,
       1.        ]), array([0.        , 0.        , 0.        , 0.        , 0.        ,
       0.        , 0.        , 0.        , 0.        , 0.        ,
       0.        , 0.        , 0.        , 0.        , 0.        ,
       0.        , 0.        , 0.        , 0.        , 0.        ,
       0.        , 0.        , 0.        , 0.        , 0.        ,
       0.        , 0.        , 0.        , 0.        , 0.        ,
       0.        , 0.        , 0.        , 0.        , 0.        ,
       0.        , 0.        , 0.        , 0.        , 0.        ,
       0.        , 0.        , 0.        , 0.        , 0.        ,
       0.        , 0.        , 0.        , 0.32226254, 0.34586644,
       0.34586644, 0.34586644, 0.34586644, 1.        , 1.        ,
       1.        , 1.        , 1.        , 1.        , 1.        ,
       1.        , 1.        , 1.        , 1.        , 1.        ,
       1.        , 1.        , 1.        , 1.        , 1.        ,
       1.        , 1.        , 1.        , 1.        , 1.        ,
       1.        , 1.        , 1.        , 1.        , 1.        ,
       1.        , 1.        , 1.        , 1.        , 1.        ,
       1.        , 1.        , 1.        , 1.        , 1.        ,
       1.        , 1.        , 1.        , 1.        , 1.        ,
       1.        , 1.        , 1.        , 1.        , 1.        ,
       1.        ]), array([0.       , 0.       , 0.       , 0.       , 0.       , 0.       ,
       0.       , 0.       , 0.       , 0.       , 0.       , 0.       ,
       0.       , 0.       , 0.       , 0.       , 0.       , 0.       ,
       0.       , 0.       , 0.       , 0.       , 0.       , 0.       ,
       0.       , 0.       , 0.       , 0.       , 0.       , 0.       ,
       0.       , 0.       , 0.       , 0.       , 0.       , 0.       ,
       0.       , 0.       , 0.       , 0.       , 0.       , 0.       ,
       0.       , 0.       , 0.       , 0.       , 0.       , 0.       ,
       0.       , 0.       , 0.092491 , 0.1631108, 0.3086092, 1.       ,
       1.       , 1.       , 1.       , 1.       , 1.       , 1.       ,
       1.       , 1.       , 1.       , 1.       , 1.       , 1.       ,
       1.       , 1.       , 1.       , 1.       , 1.       , 1.       ,
       1.       , 1.       , 1.       , 1.       , 1.       , 1.       ,
       1.       , 1.       , 1.       , 1.       , 1.       , 1.       ,
       1.       , 1.       , 1.       , 1.       , 1.       , 1.       ,
       1.       , 1.       , 1.       , 1.       , 1.       , 1.       ,
       1.       , 1.       , 1.       , 1.       , 1.       ]), array([0.        , 0.        , 0.        , 0.        , 0.        ,
       0.        , 0.        , 0.        , 0.        , 0.        ,
       0.        , 0.        , 0.        , 0.        , 0.        ,
       0.        , 0.        , 0.        , 0.        , 0.        ,
       0.        , 0.        , 0.        , 0.        , 0.        ,
       0.        , 0.        , 0.        , 0.        , 0.        ,
       0.        , 0.        , 0.        , 0.        , 0.        ,
       0.        , 0.        , 0.        , 0.        , 0.        ,
       0.        , 0.        , 0.        , 0.        , 0.        ,
       0.        , 0.        , 0.        , 0.        , 0.33152268,
       0.47519271, 0.57383719, 1.        , 1.        , 1.        ,
       1.        , 1.        , 1.        , 1.        , 1.        ,
       1.        , 1.        , 1.        , 1.        , 1.        ,
       1.        , 1.        , 1.        , 1.        , 1.        ,
       1.        , 1.        , 1.        , 1.        , 1.        ,
       1.        , 1.        , 1.        , 1.        , 1.        ,
       1.        , 1.        , 1.        , 1.        , 1.        ,
       1.        , 1.        , 1.        , 1.        , 1.        ,
       1.        , 1.        , 1.        , 1.        , 1.        ,
       1.        , 1.        , 1.        , 1.        , 1.        ,
       1.        ]), array([0.        , 0.        , 0.        , 0.        , 0.        ,
       0.        , 0.        , 0.        , 0.        , 0.        ,
       0.        , 0.        , 0.        , 0.        , 0.        ,
       0.        , 0.        , 0.        , 0.        , 0.        ,
       0.        , 0.        , 0.        , 0.        , 0.        ,
       0.        , 0.        , 0.        , 0.        , 0.        ,
       0.        , 0.        , 0.        , 0.        , 0.        ,
       0.        , 0.        , 0.        , 0.        , 0.        ,
       0.        , 0.        , 0.        , 0.        , 0.        ,
       0.        , 0.        , 0.        , 0.        , 0.02396213,
       0.62642652, 0.87427387, 1.        , 1.        , 1.        ,
       1.        , 1.        , 1.        , 1.        , 1.        ,
       1.        , 1.        , 1.        , 1.        , 1.        ,
       1.        , 1.        , 1.        , 1.        , 1.        ,
       1.        , 1.        , 1.        , 1.        , 1.        ,
       1.        , 1.        , 1.        , 1.        , 1.        ,
       1.        , 1.        , 1.        , 1.        , 1.        ,
       1.        , 1.        , 1.        , 1.        , 1.        ,
       1.        , 1.        , 1.        , 1.        , 1.        ,
       1.        , 1.        , 1.        , 1.        , 1.        ,
       1.        ])]","[{'K_bin': 1, 'n_estimators': 852, 'lambda_reg_range_low': 0.23848855625977156, 'lambda_reg_range_high': 0.7480024310250671, 'gamma_range_low': 0.0012246651174215777, 'gamma_range_high': 0.0012489715160378717, 'degree_range_low': 10, 'degree_range_high': 10, 'coef0_poly_range_low': 2.9170125050989926, 'coef0_poly_range_high': 3.524550021249664, 'coef0_sigmoid_range_low': -2.5986642016708905, 'coef0_sigmoid_range_high': -0.9027824430853115}, {'K_bin': 1, 'n_estimators': 958, 'lambda_reg_range_low': 0.9748869263158089, 'lambda_reg_range_high': 0.9995177962627233, 'gamma_range_low': 1.9075278731185084, 'gamma_range_high': 3.785075930663421, 'degree_range_low': 10, 'degree_range_high': 10, 'coef0_poly_range_low': 3.3368804800958483, 'coef0_poly_range_high': 3.7545735884532205, 'coef0_sigmoid_range_low': 3.227070312765743, 'coef0_sigmoid_range_high': 4.887357261114939}, {'K_bin': 1, 'n_estimators': 52, 'lambda_reg_range_low': 0.6090209704260959, 'lambda_reg_range_high': 0.8827542008883683, 'gamma_range_low': 0.0010929048816412437, 'gamma_range_high': 0.001168509623516016, 'degree_range_low': 5, 'degree_range_high': 6, 'coef0_poly_range_low': 3.633205484865849, 'coef0_poly_range_high': 4.331116583248182, 'coef0_sigmoid_range_low': 2.673868398471212, 'coef0_sigmoid_range_high': 4.243463872123092}, {'K_bin': 1, 'n_estimators': 830, 'lambda_reg_range_low': 0.8526652856805439, 'lambda_reg_range_high': 0.9537651780279983, 'gamma_range_low': 0.0010402446216738203, 'gamma_range_high': 0.001383927173773764, 'degree_range_low': 7, 'degree_range_high': 8, 'coef0_poly_range_low': 2.9863210571578542, 'coef0_poly_range_high': 3.459099281291812, 'coef0_sigmoid_range_low': -1.6458131255052224, 'coef0_sigmoid_range_high': 0.4800002225941076}, {'K_bin': 1, 'n_estimators': 850, 'lambda_reg_range_low': 0.37184814378982606, 'lambda_reg_range_high': 0.7861522281812774, 'gamma_range_low': 0.001060009282305649, 'gamma_range_high': 0.0010869858930172096, 'degree_range_low': 9, 'degree_range_high': 10, 'coef0_poly_range_low': 2.934534486566594, 'coef0_poly_range_high': 3.498785635110025, 'coef0_sigmoid_range_low': -2.42340020932283, 'coef0_sigmoid_range_high': -0.32618722560969937}]",bernoulli,ing
"[np.float64(0.14700691629009266), np.float64(0.13832161358534167), np.float64(0.1773367042796164), np.float64(0.19195278602643895), np.float64(0.1762733626833155)]",0.166178276572961,0.0201706784116394,"[np.float64(0.6878451286237157), np.float64(0.873312271811108), np.float64(0.5912399187648312), np.float64(0.674984528649784), np.float64(0.6295105554344173)]",0.6913784806567712,0.097197245178957,"[np.float64(0.5588601784233085), np.float64(0.692965592226434), np.float64(0.8165117401986207), np.float64(0.6089130830659746), np.float64(0.6261183240802266)]",0.6606737835989129,0.0889578436369394,"[array([0.        , 0.        , 0.        , 0.        , 0.        ,
       0.        , 0.        , 0.        , 0.        , 0.        ,
       0.        , 0.        , 0.        , 0.        , 0.        ,
       0.        , 0.05544579, 0.05544579, 0.05544579, 0.05544579,
       0.05544579, 0.05544579, 0.05544579, 0.05544579, 0.05544579,
       0.05544579, 0.05544579, 0.05544579, 0.05544579, 0.05544579,
       0.05544579, 0.05544579, 0.05544579, 0.05544579, 0.05544579,
       0.05544579, 0.05544579, 0.05544579, 0.05544579, 0.05544579,
       0.05544579, 0.05544579, 0.05544579, 0.05544579, 0.05544579,
       0.05544579, 0.05544579, 0.05544579, 0.05544579, 0.05544579,
       0.05544579, 0.05544579, 0.05544579, 0.05544579, 0.08608105,
       0.08608105, 0.08608105, 0.08608105, 0.11422172, 0.14150838,
       0.14150838, 0.24547936, 0.27083272, 0.41863019, 0.49030675,
       0.58330967, 0.67362337, 0.89291192, 1.        , 1.        ,
       1.        , 1.        , 1.        , 1.        , 1.        ,
       1.        , 1.        , 1.        , 1.        , 1.        ,
       1.        , 1.        , 1.        , 1.        , 1.        ,
       1.        , 1.        , 1.        , 1.        , 1.        ,
       1.        , 1.        , 1.        , 1.        , 1.        ,
       1.        , 1.        , 1.        , 1.        , 1.        ,
       1.        ]), array([0.        , 0.        , 0.        , 0.        , 0.        ,
       0.        , 0.        , 0.        , 0.        , 0.        ,
       0.        , 0.        , 0.        , 0.        , 0.        ,
       0.        , 0.        , 0.        , 0.        , 0.        ,
       0.        , 0.        , 0.        , 0.        , 0.        ,
       0.        , 0.        , 0.        , 0.0507962 , 0.0507962 ,
       0.0507962 , 0.0507962 , 0.09900879, 0.09900879, 0.09900879,
       0.09900879, 0.09900879, 0.09900879, 0.09900879, 0.09900879,
       0.14115688, 0.14115688, 0.14115688, 0.14115688, 0.14115688,
       0.14115688, 0.21759457, 0.21759457, 0.29102019, 0.29102019,
       0.32638199, 0.36083623, 0.36083623, 0.42755833, 0.52506727,
       0.55692874, 0.55692874, 0.58730282, 0.58730282, 0.58730282,
       0.58730282, 0.61472969, 0.61472969, 0.61472969, 0.61472969,
       0.63920921, 0.63920921, 0.63920921, 0.66187063, 0.66187063,
       0.66187063, 0.72401708, 0.74408767, 0.76332744, 0.78153208,
       0.79937655, 0.79937655, 0.79937655, 0.81541083, 0.8599805 ,
       0.8599805 , 0.92687046, 0.95229758, 0.97710761, 1.        ,
       1.        , 1.        , 1.        , 1.        , 1.        ,
       1.        , 1.        , 1.        , 1.        , 1.        ,
       1.        , 1.        , 1.        , 1.        , 1.        ,
       1.        ]), array([0.        , 0.        , 0.        , 0.        , 0.        ,
       0.        , 0.        , 0.        , 0.        , 0.        ,
       0.        , 0.        , 0.05392038, 0.05392038, 0.05392038,
       0.05392038, 0.05392038, 0.05392038, 0.05392038, 0.05392038,
       0.05392038, 0.15081129, 0.15081129, 0.15081129, 0.15081129,
       0.15081129, 0.15081129, 0.24012739, 0.28424816, 0.28424816,
       0.32717043, 0.41132161, 0.4530219 , 0.49403031, 0.53478956,
       0.53478956, 0.61303935, 0.61303935, 0.61303935, 0.61303935,
       0.61303935, 0.61303935, 0.61303935, 0.61303935, 0.61303935,
       0.61303935, 0.6462621 , 0.6462621 , 0.6462621 , 0.6462621 ,
       0.6462621 , 0.67658377, 0.70631325, 0.7353707 , 0.7353707 ,
       0.7353707 , 0.7353707 , 0.7353707 , 0.78732518, 0.78732518,
       0.81175896, 0.81175896, 0.81175896, 0.83444602, 0.83444602,
       0.83444602, 0.85543062, 0.85543062, 0.85543062, 0.85543062,
       0.85543062, 0.85543062, 0.87308312, 0.87308312, 0.88950174,
       0.88950174, 0.88950174, 0.88950174, 0.90340663, 0.90340663,
       0.91601739, 0.91601739, 0.91601739, 0.92691672, 0.93698701,
       0.93698701, 0.93698701, 0.93698701, 0.93698701, 0.95763097,
       0.96411563, 0.9818557 , 0.98713744, 0.99156291, 0.99156291,
       0.99479968, 0.99776633, 1.        , 1.        , 1.        ,
       1.        ]), array([0.        , 0.        , 0.        , 0.        , 0.        ,
       0.        , 0.        , 0.        , 0.        , 0.        ,
       0.        , 0.        , 0.        , 0.        , 0.        ,
       0.        , 0.        , 0.        , 0.        , 0.        ,
       0.        , 0.        , 0.        , 0.        , 0.        ,
       0.        , 0.        , 0.        , 0.        , 0.        ,
       0.        , 0.        , 0.        , 0.        , 0.        ,
       0.        , 0.        , 0.        , 0.        , 0.        ,
       0.        , 0.        , 0.        , 0.        , 0.        ,
       0.        , 0.        , 0.        , 0.        , 0.        ,
       0.04029733, 0.04029733, 0.04029733, 0.04029733, 0.04029733,
       0.04029733, 0.07608619, 0.14600694, 0.14600694, 0.14600694,
       0.17862406, 0.17862406, 0.17862406, 0.20885734, 0.29637907,
       0.40893169, 0.46409521, 0.46409521, 0.56844822, 0.5937312 ,
       0.66651142, 0.73726278, 0.80525941, 0.80525941, 0.80525941,
       0.82563804, 0.84474687, 0.8819386 , 0.89976659, 0.91669687,
       0.91669687, 0.94784752, 0.96268611, 0.97677627, 0.97677627,
       0.98904611, 0.98904611, 1.        , 1.        , 1.        ,
       1.        , 1.        , 1.        , 1.        , 1.        ,
       1.        , 1.        , 1.        , 1.        , 1.        ,
       1.        ]), array([0.        , 0.        , 0.        , 0.        , 0.        ,
       0.        , 0.        , 0.        , 0.        , 0.        ,
       0.        , 0.        , 0.        , 0.        , 0.        ,
       0.        , 0.        , 0.        , 0.        , 0.        ,
       0.        , 0.        , 0.        , 0.        , 0.        ,
       0.        , 0.        , 0.        , 0.        , 0.        ,
       0.        , 0.        , 0.        , 0.        , 0.        ,
       0.        , 0.04887535, 0.04887535, 0.04887535, 0.04887535,
       0.04887535, 0.09445333, 0.09445333, 0.09445333, 0.09445333,
       0.09445333, 0.09445333, 0.09445333, 0.09445333, 0.09445333,
       0.09445333, 0.09445333, 0.09445333, 0.13060408, 0.13060408,
       0.16532057, 0.23368155, 0.23368155, 0.26618793, 0.26618793,
       0.29721885, 0.32708975, 0.38595881, 0.4144033 , 0.44203423,
       0.46885529, 0.4952337 , 0.52063275, 0.5456677 , 0.57005723,
       0.59328103, 0.63840333, 0.63840333, 0.65975913, 0.70016061,
       0.71940329, 0.77599585, 0.83001256, 0.9674523 , 0.98424318,
       1.        , 1.        , 1.        , 1.        , 1.        ,
       1.        , 1.        , 1.        , 1.        , 1.        ,
       1.        , 1.        , 1.        , 1.        , 1.        ,
       1.        , 1.        , 1.        , 1.        , 1.        ,
       1.        ])]","[array([0.        , 0.        , 0.        , 0.        , 0.        ,
       0.        , 0.        , 0.        , 0.        , 0.        ,
       0.        , 0.        , 0.        , 0.        , 0.        ,
       0.        , 0.00602532, 0.00602532, 0.00602532, 0.00602532,
       0.00602532, 0.00602532, 0.00602532, 0.00602532, 0.00602532,
       0.00602532, 0.00602532, 0.00602532, 0.00602532, 0.00602532,
       0.00602532, 0.00602532, 0.00602532, 0.00602532, 0.00602532,
       0.00602532, 0.00602532, 0.00602532, 0.00602532, 0.00602532,
       0.00602532, 0.00602532, 0.00602532, 0.00602532, 0.00602532,
       0.00602532, 0.00602532, 0.00602532, 0.00602532, 0.00602532,
       0.00602532, 0.00602532, 0.00602532, 0.00602532, 0.02672253,
       0.02672253, 0.02672253, 0.02672253, 0.04889493, 0.07157235,
       0.07157235, 0.16534272, 0.18916342, 0.33464387, 0.40869819,
       0.5089546 , 0.61080131, 0.86925935, 1.        , 1.        ,
       1.        , 1.        , 1.        , 1.        , 1.        ,
       1.        , 1.        , 1.        , 1.        , 1.        ,
       1.        , 1.        , 1.        , 1.        , 1.        ,
       1.        , 1.        , 1.        , 1.        , 1.        ,
       1.        , 1.        , 1.        , 1.        , 1.        ,
       1.        , 1.        , 1.        , 1.        , 1.        ,
       1.        ]), array([0.        , 0.        , 0.        , 0.        , 0.        ,
       0.        , 0.        , 0.        , 0.        , 0.        ,
       0.        , 0.        , 0.        , 0.        , 0.        ,
       0.        , 0.        , 0.        , 0.        , 0.        ,
       0.        , 0.        , 0.        , 0.        , 0.        ,
       0.        , 0.        , 0.        , 0.0102447 , 0.0102447 ,
       0.0102447 , 0.0102447 , 0.02187343, 0.02187343, 0.02187343,
       0.02187343, 0.02187343, 0.02187343, 0.02187343, 0.02187343,
       0.03675088, 0.03675088, 0.03675088, 0.03675088, 0.03675088,
       0.03675088, 0.07071554, 0.07071554, 0.10629375, 0.10629375,
       0.12480658, 0.14380559, 0.14380559, 0.18297485, 0.24310771,
       0.26349566, 0.26349566, 0.28468039, 0.28468039, 0.28468039,
       0.28468039, 0.30744393, 0.30744393, 0.30744393, 0.30744393,
       0.33178635, 0.33178635, 0.33178635, 0.35710271, 0.35710271,
       0.35710271, 0.4361791 , 0.46288336, 0.49003269, 0.51773653,
       0.54563332, 0.54563332, 0.54563332, 0.57449981, 0.66299199,
       0.66299199, 0.81443926, 0.87573003, 0.93735138, 1.        ,
       1.        , 1.        , 1.        , 1.        , 1.        ,
       1.        , 1.        , 1.        , 1.        , 1.        ,
       1.        , 1.        , 1.        , 1.        , 1.        ,
       1.        ]), array([0.        , 0.        , 0.        , 0.        , 0.        ,
       0.        , 0.        , 0.        , 0.        , 0.        ,
       0.        , 0.        , 0.00466234, 0.00466234, 0.00466234,
       0.00466234, 0.00466234, 0.00466234, 0.00466234, 0.00466234,
       0.00466234, 0.02130218, 0.02130218, 0.02130218, 0.02130218,
       0.02130218, 0.02130218, 0.04300245, 0.05421152, 0.05421152,
       0.06622126, 0.09137201, 0.1041981 , 0.11748641, 0.13094118,
       0.13094118, 0.1600344 , 0.1600344 , 0.1600344 , 0.1600344 ,
       0.1600344 , 0.1600344 , 0.1600344 , 0.1600344 , 0.1600344 ,
       0.1600344 , 0.178524  , 0.178524  , 0.178524  , 0.178524  ,
       0.178524  , 0.1989517 , 0.21977502, 0.24104728, 0.24104728,
       0.24104728, 0.24104728, 0.24104728, 0.28770735, 0.28770735,
       0.31206852, 0.31206852, 0.31206852, 0.33759659, 0.33759659,
       0.33759659, 0.364262  , 0.364262  , 0.364262  , 0.364262  ,
       0.364262  , 0.364262  , 0.39315347, 0.39315347, 0.42286924,
       0.42286924, 0.42286924, 0.42286924, 0.45426432, 0.45426432,
       0.48652397, 0.48652397, 0.48652397, 0.51992695, 0.55388378,
       0.55388378, 0.55388378, 0.55388378, 0.55388378, 0.66214555,
       0.69849779, 0.80869953, 0.8458554 , 0.88358331, 0.88358331,
       0.92210535, 0.96080784, 1.        , 1.        , 1.        ,
       1.        ]), array([0.        , 0.        , 0.        , 0.        , 0.        ,
       0.        , 0.        , 0.        , 0.        , 0.        ,
       0.        , 0.        , 0.        , 0.        , 0.        ,
       0.        , 0.        , 0.        , 0.        , 0.        ,
       0.        , 0.        , 0.        , 0.        , 0.        ,
       0.        , 0.        , 0.        , 0.        , 0.        ,
       0.        , 0.        , 0.        , 0.        , 0.        ,
       0.        , 0.        , 0.        , 0.        , 0.        ,
       0.        , 0.        , 0.        , 0.        , 0.        ,
       0.        , 0.        , 0.        , 0.        , 0.        ,
       0.01736427, 0.01736427, 0.01736427, 0.01736427, 0.01736427,
       0.01736427, 0.03671987, 0.07616295, 0.07616295, 0.07616295,
       0.09691948, 0.09691948, 0.09691948, 0.11872892, 0.18556098,
       0.27650031, 0.32246149, 0.32246149, 0.4170225 , 0.44101843,
       0.51436165, 0.58860099, 0.66405707, 0.66405707, 0.66405707,
       0.69021919, 0.71694217, 0.77084129, 0.79813   , 0.82581523,
       0.82581523, 0.88238261, 0.91099171, 0.93993139, 0.93993139,
       0.96967507, 0.96967507, 1.        , 1.        , 1.        ,
       1.        , 1.        , 1.        , 1.        , 1.        ,
       1.        , 1.        , 1.        , 1.        , 1.        ,
       1.        ]), array([0.        , 0.        , 0.        , 0.        , 0.        ,
       0.        , 0.        , 0.        , 0.        , 0.        ,
       0.        , 0.        , 0.        , 0.        , 0.        ,
       0.        , 0.        , 0.        , 0.        , 0.        ,
       0.        , 0.        , 0.        , 0.        , 0.        ,
       0.        , 0.        , 0.        , 0.        , 0.        ,
       0.        , 0.        , 0.        , 0.        , 0.        ,
       0.        , 0.01290026, 0.01290026, 0.01290026, 0.01290026,
       0.01290026, 0.02734786, 0.02734786, 0.02734786, 0.02734786,
       0.02734786, 0.02734786, 0.02734786, 0.02734786, 0.02734786,
       0.02734786, 0.02734786, 0.02734786, 0.04621932, 0.04621932,
       0.06576383, 0.1053559 , 0.1053559 , 0.12593753, 0.12593753,
       0.14721154, 0.16902991, 0.21307619, 0.23556393, 0.25843343,
       0.28168298, 0.30514025, 0.3290571 , 0.3531448 , 0.37753538,
       0.402473  , 0.45297014, 0.45297014, 0.47878434, 0.53149679,
       0.5583026 , 0.63925288, 0.7214119 , 0.94360205, 0.9715584 ,
       1.        , 1.        , 1.        , 1.        , 1.        ,
       1.        , 1.        , 1.        , 1.        , 1.        ,
       1.        , 1.        , 1.        , 1.        , 1.        ,
       1.        , 1.        , 1.        , 1.        , 1.        ,
       1.        ])]","[{'lambda_reg': 0.015812151458626886, 'K_bin': 1, 'gamma': 0.12171946854203902, 'coef0': -4.612748000388171}, {'lambda_reg': 0.016541073183399986, 'K_bin': 1, 'gamma': 0.004798876337315295, 'coef0': -1.4390877666500634}, {'lambda_reg': 3.7347911784051405e-05, 'K_bin': 1, 'gamma': 0.0011896064642049286, 'coef0': -1.800339630243448}, {'lambda_reg': 0.0037253938395788847, 'K_bin': 1, 'gamma': 0.23423849847112907, 'coef0': -4.5354958728000225}, {'lambda_reg': 0.2554042032854797, 'K_bin': 1, 'gamma': 0.07552732332199008, 'coef0': -2.2443238157698455}]",sigmoid,5
"[np.float64(0.12944994995019143), np.float64(0.14203393068130174), np.float64(0.16633570151963123), np.float64(0.17434077704552361), np.float64(0.18525795670095097)]",0.1594836631795197,0.0206809843236319,"[np.float64(0.7068817965137133), np.float64(0.8525147315327858), np.float64(0.5838830640771884), np.float64(0.7748574451336898), np.float64(0.6231219013396961)]",0.7082517877194147,0.0979435188346953,"[np.float64(0.7489412871920419), np.float64(0.6674522668306591), np.float64(0.7644886985269896), np.float64(0.6237360193089808), np.float64(0.7068448332232345)]",0.7022926210163811,0.0518655236187812,"[array([0.        , 0.        , 0.        , 0.        , 0.        ,
       0.        , 0.        , 0.        , 0.        , 0.        ,
       0.        , 0.        , 0.        , 0.        , 0.        ,
       0.        , 0.        , 0.        , 0.        , 0.        ,
       0.        , 0.        , 0.        , 0.        , 0.        ,
       0.        , 0.        , 0.        , 0.        , 0.        ,
       0.        , 0.        , 0.09654252, 0.19265227, 0.23948827,
       0.23948827, 0.23948827, 0.23948827, 0.23948827, 0.28274712,
       0.28274712, 0.32472064, 0.36594169, 0.36594169, 0.36594169,
       0.36594169, 0.36594169, 0.48051426, 0.51776901, 0.51776901,
       0.51776901, 0.51776901, 0.58587606, 0.58587606, 0.58587606,
       0.61792353, 0.61792353, 0.61792353, 0.64836388, 0.64836388,
       0.64836388, 0.67613684, 0.67613684, 0.67613684, 0.67613684,
       0.70094609, 0.70094609, 0.70094609, 0.7240185 , 0.7240185 ,
       0.7240185 , 0.74460251, 0.74460251, 0.74460251, 0.74460251,
       0.78110737, 0.78110737, 0.81469465, 0.83030528, 0.86061742,
       0.87482383, 0.88881778, 0.88881778, 0.90139945, 0.90139945,
       0.91230622, 0.93248028, 0.95176181, 0.96048714, 0.98495979,
       1.        , 1.        , 1.        , 1.        , 1.        ,
       1.        , 1.        , 1.        , 1.        , 1.        ,
       1.        ]), array([0.        , 0.        , 0.        , 0.        , 0.        ,
       0.        , 0.        , 0.        , 0.        , 0.        ,
       0.        , 0.        , 0.        , 0.        , 0.        ,
       0.        , 0.        , 0.        , 0.        , 0.        ,
       0.        , 0.        , 0.        , 0.        , 0.        ,
       0.        , 0.        , 0.        , 0.        , 0.        ,
       0.        , 0.        , 0.        , 0.        , 0.        ,
       0.        , 0.        , 0.        , 0.        , 0.        ,
       0.        , 0.        , 0.        , 0.04013717, 0.07977788,
       0.11850148, 0.15640952, 0.23065022, 0.23065022, 0.23065022,
       0.26596608, 0.30083842, 0.40189612, 0.43482436, 0.53276826,
       0.56489776, 0.56489776, 0.56489776, 0.56489776, 0.56489776,
       0.56489776, 0.56489776, 0.56489776, 0.59138924, 0.59138924,
       0.59138924, 0.61571163, 0.63898105, 0.63898105, 0.66129918,
       0.68257837, 0.72368447, 0.76313712, 0.78219824, 0.78219824,
       0.78219824, 0.81643514, 0.83285088, 0.84847007, 0.90828271,
       0.92281738, 0.93654381, 0.96284073, 1.        , 1.        ,
       1.        , 1.        , 1.        , 1.        , 1.        ,
       1.        , 1.        , 1.        , 1.        , 1.        ,
       1.        , 1.        , 1.        , 1.        , 1.        ,
       1.        ]), array([0.        , 0.        , 0.        , 0.        , 0.        ,
       0.        , 0.        , 0.        , 0.        , 0.        ,
       0.        , 0.        , 0.        , 0.        , 0.        ,
       0.        , 0.        , 0.        , 0.        , 0.        ,
       0.        , 0.        , 0.        , 0.099628  , 0.099628  ,
       0.099628  , 0.099628  , 0.099628  , 0.099628  , 0.099628  ,
       0.14499341, 0.14499341, 0.14499341, 0.14499341, 0.14499341,
       0.18724123, 0.26982517, 0.26982517, 0.35060143, 0.35060143,
       0.38966797, 0.38966797, 0.42743351, 0.46477382, 0.46477382,
       0.50062679, 0.50062679, 0.50062679, 0.50062679, 0.5335016 ,
       0.56627151, 0.59800213, 0.62911721, 0.62911721, 0.62911721,
       0.65868601, 0.68738142, 0.68738142, 0.71448317, 0.74091215,
       0.76672308, 0.76672308, 0.76672308, 0.79113735, 0.79113735,
       0.81404427, 0.81404427, 0.83586372, 0.83586372, 0.83586372,
       0.83586372, 0.83586372, 0.83586372, 0.85355363, 0.85355363,
       0.85355363, 0.85355363, 0.86882145, 0.88349322, 0.88349322,
       0.88349322, 0.88349322, 0.90726256, 0.92984507, 0.92984507,
       0.92984507, 0.93906305, 0.94791045, 0.96368298, 0.97834701,
       0.97834701, 0.97834701, 0.99490511, 1.        , 1.        ,
       1.        , 1.        , 1.        , 1.        , 1.        ,
       1.        ]), array([0.        , 0.        , 0.        , 0.        , 0.        ,
       0.        , 0.        , 0.        , 0.        , 0.        ,
       0.        , 0.        , 0.        , 0.        , 0.        ,
       0.        , 0.        , 0.        , 0.        , 0.        ,
       0.        , 0.        , 0.        , 0.        , 0.        ,
       0.        , 0.        , 0.        , 0.        , 0.        ,
       0.        , 0.        , 0.        , 0.        , 0.        ,
       0.        , 0.        , 0.        , 0.        , 0.        ,
       0.        , 0.        , 0.        , 0.04576334, 0.04576334,
       0.04576334, 0.04576334, 0.04576334, 0.08696924, 0.08696924,
       0.08696924, 0.08696924, 0.08696924, 0.08696924, 0.12389271,
       0.12389271, 0.12389271, 0.12389271, 0.12389271, 0.15691296,
       0.18885894, 0.22023955, 0.31208574, 0.34153106, 0.34153106,
       0.39813222, 0.45286011, 0.50561176, 0.55726691, 0.63165842,
       0.68012779, 0.72662011, 0.7490473 , 0.77075766, 0.79158501,
       0.81182546, 0.81182546, 0.86792538, 0.88542586, 0.91936105,
       0.91936105, 0.93508584, 0.93508584, 0.97620346, 0.98931882,
       0.98931882, 0.98931882, 1.        , 1.        , 1.        ,
       1.        , 1.        , 1.        , 1.        , 1.        ,
       1.        , 1.        , 1.        , 1.        , 1.        ,
       1.        ]), array([0.        , 0.        , 0.        , 0.        , 0.        ,
       0.        , 0.        , 0.        , 0.        , 0.        ,
       0.        , 0.        , 0.        , 0.        , 0.        ,
       0.        , 0.        , 0.        , 0.        , 0.        ,
       0.        , 0.        , 0.        , 0.        , 0.        ,
       0.        , 0.        , 0.        , 0.        , 0.        ,
       0.        , 0.        , 0.        , 0.        , 0.        ,
       0.        , 0.        , 0.        , 0.        , 0.        ,
       0.04855694, 0.09613579, 0.09613579, 0.14248021, 0.14248021,
       0.18679148, 0.18679148, 0.18679148, 0.18679148, 0.22818474,
       0.26868948, 0.30871272, 0.34749963, 0.42412914, 0.42412914,
       0.46050244, 0.49648225, 0.53155496, 0.53155496, 0.53155496,
       0.53155496, 0.53155496, 0.56292082, 0.59330274, 0.59330274,
       0.59330274, 0.59330274, 0.62062076, 0.62062076, 0.64625206,
       0.64625206, 0.67032851, 0.67032851, 0.67032851, 0.69144785,
       0.73294322, 0.75289608, 0.75289608, 0.77063206, 0.78783817,
       0.78783817, 0.80340115, 0.81862331, 0.86136   , 0.88774132,
       0.92454267, 0.93636141, 0.98002775, 0.99047921, 1.        ,
       1.        , 1.        , 1.        , 1.        , 1.        ,
       1.        , 1.        , 1.        , 1.        , 1.        ,
       1.        ])]","[array([0.        , 0.        , 0.        , 0.        , 0.        ,
       0.        , 0.        , 0.        , 0.        , 0.        ,
       0.        , 0.        , 0.        , 0.        , 0.        ,
       0.        , 0.        , 0.        , 0.        , 0.        ,
       0.        , 0.        , 0.        , 0.        , 0.        ,
       0.        , 0.        , 0.        , 0.        , 0.        ,
       0.        , 0.        , 0.02369412, 0.04761555, 0.06021647,
       0.06021647, 0.06021647, 0.06021647, 0.06021647, 0.07469623,
       0.07469623, 0.08985109, 0.10540118, 0.10540118, 0.10540118,
       0.10540118, 0.10540118, 0.15682616, 0.17445949, 0.17445949,
       0.17445949, 0.17445949, 0.21308896, 0.21308896, 0.21308896,
       0.23345735, 0.23345735, 0.23345735, 0.25466986, 0.25466986,
       0.25466986, 0.27728338, 0.27728338, 0.27728338, 0.27728338,
       0.30145354, 0.30145354, 0.30145354, 0.32653596, 0.32653596,
       0.32653596, 0.35292538, 0.35292538, 0.35292538, 0.35292538,
       0.40815347, 0.40815347, 0.46491399, 0.49391561, 0.55239635,
       0.58213551, 0.61198627, 0.61198627, 0.64257881, 0.64257881,
       0.67405107, 0.73785669, 0.80213111, 0.83474914, 0.93349789,
       1.        , 1.        , 1.        , 1.        , 1.        ,
       1.        , 1.        , 1.        , 1.        , 1.        ,
       1.        ]), array([0.        , 0.        , 0.        , 0.        , 0.        ,
       0.        , 0.        , 0.        , 0.        , 0.        ,
       0.        , 0.        , 0.        , 0.        , 0.        ,
       0.        , 0.        , 0.        , 0.        , 0.        ,
       0.        , 0.        , 0.        , 0.        , 0.        ,
       0.        , 0.        , 0.        , 0.        , 0.        ,
       0.        , 0.        , 0.        , 0.        , 0.        ,
       0.        , 0.        , 0.        , 0.        , 0.        ,
       0.        , 0.        , 0.        , 0.01595806, 0.03218197,
       0.04889698, 0.0660487 , 0.10119573, 0.10119573, 0.10119573,
       0.11973551, 0.1385128 , 0.19675058, 0.21656889, 0.27647407,
       0.29672008, 0.29672008, 0.29672008, 0.29672008, 0.29672008,
       0.29672008, 0.29672008, 0.29672008, 0.31998516, 0.31998516,
       0.31998516, 0.34441174, 0.36940216, 0.36940216, 0.39490198,
       0.42095813, 0.47384811, 0.52762348, 0.55486737, 0.55486737,
       0.55486737, 0.61143567, 0.64009611, 0.66918309, 0.78695758,
       0.81662529, 0.84672581, 0.90754581, 1.        , 1.        ,
       1.        , 1.        , 1.        , 1.        , 1.        ,
       1.        , 1.        , 1.        , 1.        , 1.        ,
       1.        , 1.        , 1.        , 1.        , 1.        ,
       1.        ]), array([0.        , 0.        , 0.        , 0.        , 0.        ,
       0.        , 0.        , 0.        , 0.        , 0.        ,
       0.        , 0.        , 0.        , 0.        , 0.        ,
       0.        , 0.        , 0.        , 0.        , 0.        ,
       0.        , 0.        , 0.        , 0.01782337, 0.01782337,
       0.01782337, 0.01782337, 0.01782337, 0.01782337, 0.01782337,
       0.02944346, 0.02944346, 0.02944346, 0.02944346, 0.02944346,
       0.04296161, 0.07116179, 0.07116179, 0.10046252, 0.10046252,
       0.1159175 , 0.1159175 , 0.13216456, 0.14867051, 0.14867051,
       0.16608199, 0.16608199, 0.16608199, 0.16608199, 0.18530664,
       0.20459515, 0.22451641, 0.24481242, 0.24481242, 0.24481242,
       0.26604984, 0.28781901, 0.28781901, 0.31055842, 0.33370744,
       0.35723274, 0.35723274, 0.35723274, 0.38160835, 0.38160835,
       0.40690168, 0.40690168, 0.43285708, 0.43285708, 0.43285708,
       0.43285708, 0.43285708, 0.43285708, 0.46132663, 0.46132663,
       0.46132663, 0.46132663, 0.49127082, 0.52157789, 0.52157789,
       0.52157789, 0.52157789, 0.58558573, 0.65031614, 0.65031614,
       0.65031614, 0.6839436 , 0.71779668, 0.78667316, 0.85622452,
       0.85622452, 0.85622452, 0.96386231, 1.        , 1.        ,
       1.        , 1.        , 1.        , 1.        , 1.        ,
       1.        ]), array([0.        , 0.        , 0.        , 0.        , 0.        ,
       0.        , 0.        , 0.        , 0.        , 0.        ,
       0.        , 0.        , 0.        , 0.        , 0.        ,
       0.        , 0.        , 0.        , 0.        , 0.        ,
       0.        , 0.        , 0.        , 0.        , 0.        ,
       0.        , 0.        , 0.        , 0.        , 0.        ,
       0.        , 0.        , 0.        , 0.        , 0.        ,
       0.        , 0.        , 0.        , 0.        , 0.        ,
       0.        , 0.        , 0.        , 0.01482786, 0.01482786,
       0.01482786, 0.01482786, 0.01482786, 0.03169474, 0.03169474,
       0.03169474, 0.03169474, 0.03169474, 0.03169474, 0.05047758,
       0.05047758, 0.05047758, 0.05047758, 0.05047758, 0.07100674,
       0.09201653, 0.11327926, 0.17809454, 0.20022313, 0.20022313,
       0.24550463, 0.29162424, 0.33862802, 0.38612237, 0.45874693,
       0.50766661, 0.55747083, 0.58273935, 0.60832858, 0.63431287,
       0.66055974, 0.66055974, 0.741368  , 0.76884074, 0.82426306,
       0.82426306, 0.85253025, 0.85253025, 0.94004163, 0.96947628,
       0.96947628, 0.96947628, 1.        , 1.        , 1.        ,
       1.        , 1.        , 1.        , 1.        , 1.        ,
       1.        , 1.        , 1.        , 1.        , 1.        ,
       1.        ]), array([0.        , 0.        , 0.        , 0.        , 0.        ,
       0.        , 0.        , 0.        , 0.        , 0.        ,
       0.        , 0.        , 0.        , 0.        , 0.        ,
       0.        , 0.        , 0.        , 0.        , 0.        ,
       0.        , 0.        , 0.        , 0.        , 0.        ,
       0.        , 0.        , 0.        , 0.        , 0.        ,
       0.        , 0.        , 0.        , 0.        , 0.        ,
       0.        , 0.        , 0.        , 0.        , 0.        ,
       0.01388359, 0.02819241, 0.02819241, 0.0430379 , 0.0430379 ,
       0.05876733, 0.05876733, 0.05876733, 0.05876733, 0.07576538,
       0.09314972, 0.1107434 , 0.12887459, 0.16554749, 0.16554749,
       0.18472801, 0.20407961, 0.22382556, 0.22382556, 0.22382556,
       0.22382556, 0.22382556, 0.2451831 , 0.26696842, 0.26696842,
       0.26696842, 0.26696842, 0.29008579, 0.29008579, 0.31393647,
       0.31393647, 0.33846314, 0.33846314, 0.33846314, 0.36427544,
       0.41622319, 0.44254262, 0.44254262, 0.46982586, 0.49733946,
       0.49733946, 0.52556742, 0.55394356, 0.64034573, 0.69886443,
       0.78784702, 0.81770283, 0.93869491, 0.96914515, 1.        ,
       1.        , 1.        , 1.        , 1.        , 1.        ,
       1.        , 1.        , 1.        , 1.        , 1.        ,
       1.        ])]","[{'lambda_reg': 0.2700934013350814, 'K_bin': 1, 'gamma': 0.05913867509758197}, {'lambda_reg': 0.1452824663751603, 'K_bin': 1, 'gamma': 0.0070689749506246055}, {'lambda_reg': 0.1862455022749636, 'K_bin': 1, 'gamma': 0.03299263281612611}, {'lambda_reg': 0.11718351250872044, 'K_bin': 1, 'gamma': 0.005817461174486112}, {'lambda_reg': 0.1452824663751603, 'K_bin': 1, 'gamma': 0.0070689749506246055}]",laplacian,2
"[np.float64(0.13494748564636477), np.float64(0.1359638104774865), np.float64(0.15690301215896235), np.float64(0.18366695685748605), np.float64(0.18593765318417516)]",0.1594837836648949,0.0221201831771906,"[np.float64(0.7040843967651289), np.float64(0.8847256878797689), np.float64(0.6183770612306431), np.float64(0.7513224970005281), np.float64(0.6212328625738177)]",0.7159485010899773,0.0983555320198454,"[np.float64(0.7239398464830755), np.float64(0.698953769600064), np.float64(0.711306736225733), np.float64(0.6393626899493624), np.float64(0.7365186212017965)]",0.7020163326920063,0.0337408304841314,"[array([0.        , 0.        , 0.        , 0.        , 0.        ,
       0.        , 0.        , 0.        , 0.        , 0.        ,
       0.        , 0.        , 0.        , 0.        , 0.        ,
       0.        , 0.        , 0.        , 0.        , 0.        ,
       0.        , 0.        , 0.        , 0.        , 0.        ,
       0.        , 0.        , 0.        , 0.        , 0.        ,
       0.        , 0.0500386 , 0.0500386 , 0.09812347, 0.09812347,
       0.09812347, 0.09812347, 0.14367683, 0.14367683, 0.18800567,
       0.18800567, 0.23091531, 0.27307822, 0.31433779, 0.31433779,
       0.31433779, 0.35321031, 0.35321031, 0.35321031, 0.39017683,
       0.39017683, 0.42586835, 0.46058352, 0.46058352, 0.46058352,
       0.52582728, 0.52582728, 0.52582728, 0.52582728, 0.6449467 ,
       0.6449467 , 0.6449467 , 0.6449467 , 0.6449467 , 0.67108041,
       0.67108041, 0.67108041, 0.67108041, 0.69450247, 0.7173252 ,
       0.73946668, 0.73946668, 0.73946668, 0.75946813, 0.75946813,
       0.77776897, 0.77776897, 0.79437114, 0.81037204, 0.84096889,
       0.85532443, 0.86947971, 0.90860258, 0.90860258, 0.93205774,
       0.95463846, 0.95463846, 0.96446331, 0.99146884, 1.        ,
       1.        , 1.        , 1.        , 1.        , 1.        ,
       1.        , 1.        , 1.        , 1.        , 1.        ,
       1.        ]), array([0.        , 0.        , 0.        , 0.        , 0.        ,
       0.        , 0.        , 0.        , 0.        , 0.        ,
       0.        , 0.        , 0.        , 0.        , 0.        ,
       0.        , 0.        , 0.        , 0.        , 0.        ,
       0.        , 0.        , 0.        , 0.        , 0.        ,
       0.        , 0.        , 0.        , 0.        , 0.        ,
       0.        , 0.        , 0.        , 0.        , 0.        ,
       0.        , 0.04565585, 0.04565585, 0.08962567, 0.08962567,
       0.08962567, 0.08962567, 0.08962567, 0.08962567, 0.12925016,
       0.1681101 , 0.20622813, 0.31915019, 0.31915019, 0.39186615,
       0.4629827 , 0.4629827 , 0.4629827 , 0.5293186 , 0.59459595,
       0.59459595, 0.59459595, 0.62482701, 0.62482701, 0.62482701,
       0.62482701, 0.62482701, 0.62482701, 0.62482701, 0.65060162,
       0.65060162, 0.65060162, 0.65060162, 0.65060162, 0.69475671,
       0.69475671, 0.7152221 , 0.73501924, 0.77319005, 0.77319005,
       0.77319005, 0.82423661, 0.85711377, 0.87280708, 0.87280708,
       0.88721776, 0.90062216, 0.90062216, 0.9251854 , 0.93707968,
       0.97007691, 0.99020416, 1.        , 1.        , 1.        ,
       1.        , 1.        , 1.        , 1.        , 1.        ,
       1.        , 1.        , 1.        , 1.        , 1.        ,
       1.        ]), array([0.        , 0.        , 0.        , 0.        , 0.        ,
       0.        , 0.        , 0.        , 0.        , 0.        ,
       0.        , 0.        , 0.        , 0.        , 0.        ,
       0.        , 0.        , 0.        , 0.        , 0.        ,
       0.        , 0.        , 0.        , 0.        , 0.        ,
       0.        , 0.        , 0.        , 0.        , 0.        ,
       0.04551163, 0.04551163, 0.04551163, 0.04551163, 0.08853712,
       0.08853712, 0.08853712, 0.08853712, 0.12898792, 0.12898792,
       0.16839123, 0.16839123, 0.20620573, 0.20620573, 0.20620573,
       0.20620573, 0.27720554, 0.31179893, 0.41342388, 0.44658153,
       0.51208808, 0.5758978 , 0.60729951, 0.60729951, 0.63720191,
       0.63720191, 0.63720191, 0.69346751, 0.69346751, 0.69346751,
       0.7195743 , 0.74524664, 0.74524664, 0.74524664, 0.74524664,
       0.76817601, 0.79062559, 0.79062559, 0.81150001, 0.81150001,
       0.81150001, 0.81150001, 0.81150001, 0.81150001, 0.81150001,
       0.82775752, 0.87574041, 0.87574041, 0.87574041, 0.90379973,
       0.90379973, 0.90379973, 0.91575315, 0.93869995, 0.93869995,
       0.94884467, 0.94884467, 0.98367125, 1.        , 1.        ,
       1.        , 1.        , 1.        , 1.        , 1.        ,
       1.        , 1.        , 1.        , 1.        , 1.        ,
       1.        ]), array([0.        , 0.        , 0.        , 0.        , 0.        ,
       0.        , 0.        , 0.        , 0.        , 0.        ,
       0.        , 0.        , 0.        , 0.        , 0.        ,
       0.        , 0.        , 0.        , 0.        , 0.        ,
       0.        , 0.        , 0.        , 0.        , 0.        ,
       0.        , 0.        , 0.        , 0.        , 0.        ,
       0.        , 0.        , 0.        , 0.        , 0.        ,
       0.        , 0.        , 0.        , 0.        , 0.        ,
       0.        , 0.04692427, 0.04692427, 0.04692427, 0.04692427,
       0.04692427, 0.04692427, 0.08912224, 0.08912224, 0.08912224,
       0.08912224, 0.12825616, 0.12825616, 0.12825616, 0.12825616,
       0.12825616, 0.12825616, 0.12825616, 0.12825616, 0.16076861,
       0.28747049, 0.31852016, 0.31852016, 0.34800565, 0.43328791,
       0.54530573, 0.59939601, 0.59939601, 0.65068795, 0.65068795,
       0.74666399, 0.74666399, 0.74666399, 0.74666399, 0.7677055 ,
       0.80846113, 0.82806559, 0.84688432, 0.88185309, 0.89865806,
       0.93146987, 0.93146987, 0.93146987, 0.93146987, 0.95697186,
       0.980931  , 0.980931  , 0.99151403, 0.99151403, 0.99151403,
       1.        , 1.        , 1.        , 1.        , 1.        ,
       1.        , 1.        , 1.        , 1.        , 1.        ,
       1.        ]), array([0.        , 0.        , 0.        , 0.        , 0.        ,
       0.        , 0.        , 0.        , 0.        , 0.        ,
       0.        , 0.        , 0.        , 0.        , 0.        ,
       0.        , 0.        , 0.        , 0.        , 0.        ,
       0.        , 0.        , 0.        , 0.        , 0.        ,
       0.        , 0.        , 0.        , 0.        , 0.        ,
       0.        , 0.        , 0.        , 0.        , 0.        ,
       0.        , 0.        , 0.        , 0.        , 0.05275993,
       0.05275993, 0.05275993, 0.10333521, 0.15324187, 0.15324187,
       0.15324187, 0.20035648, 0.20035648, 0.24553407, 0.29008427,
       0.29008427, 0.33233119, 0.33233119, 0.37367798, 0.37367798,
       0.45167097, 0.48987907, 0.48987907, 0.56336136, 0.56336136,
       0.56336136, 0.56336136, 0.59613629, 0.62851289, 0.62851289,
       0.62851289, 0.62851289, 0.62851289, 0.65642637, 0.68399386,
       0.71057796, 0.73589974, 0.73589974, 0.73589974, 0.73589974,
       0.75749448, 0.75749448, 0.75749448, 0.77686241, 0.77686241,
       0.77686241, 0.81078943, 0.84238655, 0.84238655, 0.84238655,
       0.85575362, 0.8806606 , 0.89249738, 0.91398224, 0.92359767,
       0.95012415, 1.        , 1.        , 1.        , 1.        ,
       1.        , 1.        , 1.        , 1.        , 1.        ,
       1.        ])]","[array([0.        , 0.        , 0.        , 0.        , 0.        ,
       0.        , 0.        , 0.        , 0.        , 0.        ,
       0.        , 0.        , 0.        , 0.        , 0.        ,
       0.        , 0.        , 0.        , 0.        , 0.        ,
       0.        , 0.        , 0.        , 0.        , 0.        ,
       0.        , 0.        , 0.        , 0.        , 0.        ,
       0.        , 0.01113293, 0.01113293, 0.02327572, 0.02327572,
       0.02327572, 0.02327572, 0.03672702, 0.03672702, 0.05081125,
       0.05081125, 0.06562905, 0.08083283, 0.09650353, 0.09650353,
       0.09650353, 0.11340807, 0.11340807, 0.11340807, 0.13129779,
       0.13129779, 0.14984655, 0.16889997, 0.16889997, 0.16889997,
       0.2091708 , 0.2091708 , 0.2091708 , 0.2091708 , 0.29558848,
       0.29558848, 0.29558848, 0.29558848, 0.29558848, 0.31907755,
       0.31907755, 0.31907755, 0.31907755, 0.34396824, 0.36916871,
       0.39472131, 0.39472131, 0.39472131, 0.42138007, 0.42138007,
       0.44891784, 0.44891784, 0.47733365, 0.50606024, 0.56423962,
       0.59381668, 0.62349724, 0.71426689, 0.71426689, 0.77613772,
       0.83846054, 0.83846054, 0.87037945, 0.9674124 , 1.        ,
       1.        , 1.        , 1.        , 1.        , 1.        ,
       1.        , 1.        , 1.        , 1.        , 1.        ,
       1.        ]), array([0.        , 0.        , 0.        , 0.        , 0.        ,
       0.        , 0.        , 0.        , 0.        , 0.        ,
       0.        , 0.        , 0.        , 0.        , 0.        ,
       0.        , 0.        , 0.        , 0.        , 0.        ,
       0.        , 0.        , 0.        , 0.        , 0.        ,
       0.        , 0.        , 0.        , 0.        , 0.        ,
       0.        , 0.        , 0.        , 0.        , 0.        ,
       0.        , 0.01308898, 0.01308898, 0.02707398, 0.02707398,
       0.02707398, 0.02707398, 0.02707398, 0.02707398, 0.04336822,
       0.06006878, 0.07716362, 0.12920915, 0.12920915, 0.16526951,
       0.20217986, 0.20217986, 0.20217986, 0.24163081, 0.28164431,
       0.28164431, 0.28164431, 0.30293054, 0.30293054, 0.30293054,
       0.30293054, 0.30293054, 0.30293054, 0.30293054, 0.32658509,
       0.32658509, 0.32658509, 0.32658509, 0.32658509, 0.37782367,
       0.37782367, 0.40429971, 0.43113089, 0.48554972, 0.48554972,
       0.48554972, 0.57047798, 0.62771004, 0.65672213, 0.65672213,
       0.68641585, 0.71664434, 0.71664434, 0.77829469, 0.80932572,
       0.90384601, 0.9678538 , 1.        , 1.        , 1.        ,
       1.        , 1.        , 1.        , 1.        , 1.        ,
       1.        , 1.        , 1.        , 1.        , 1.        ,
       1.        ]), array([0.        , 0.        , 0.        , 0.        , 0.        ,
       0.        , 0.        , 0.        , 0.        , 0.        ,
       0.        , 0.        , 0.        , 0.        , 0.        ,
       0.        , 0.        , 0.        , 0.        , 0.        ,
       0.        , 0.        , 0.        , 0.        , 0.        ,
       0.        , 0.        , 0.        , 0.        , 0.        ,
       0.0116796 , 0.0116796 , 0.0116796 , 0.0116796 , 0.02485533,
       0.02485533, 0.02485533, 0.02485533, 0.03958048, 0.03958048,
       0.054936  , 0.054936  , 0.07124766, 0.07124766, 0.07124766,
       0.07124766, 0.10665677, 0.12490686, 0.18095411, 0.20006821,
       0.23878312, 0.27851916, 0.29868996, 0.29868996, 0.31976304,
       0.31976304, 0.31976304, 0.36403906, 0.36403906, 0.36403906,
       0.3873963 , 0.41101499, 0.41101499, 0.41101499, 0.41101499,
       0.43628438, 0.4618425 , 0.4618425 , 0.48834853, 0.48834853,
       0.48834853, 0.48834853, 0.48834853, 0.48834853, 0.48834853,
       0.51763297, 0.60596151, 0.60596151, 0.60596151, 0.6672118 ,
       0.6672118 , 0.6672118 , 0.69908641, 0.76341336, 0.76341336,
       0.79637643, 0.79637643, 0.93169036, 1.        , 1.        ,
       1.        , 1.        , 1.        , 1.        , 1.        ,
       1.        , 1.        , 1.        , 1.        , 1.        ,
       1.        ]), array([0.        , 0.        , 0.        , 0.        , 0.        ,
       0.        , 0.        , 0.        , 0.        , 0.        ,
       0.        , 0.        , 0.        , 0.        , 0.        ,
       0.        , 0.        , 0.        , 0.        , 0.        ,
       0.        , 0.        , 0.        , 0.        , 0.        ,
       0.        , 0.        , 0.        , 0.        , 0.        ,
       0.        , 0.        , 0.        , 0.        , 0.        ,
       0.        , 0.        , 0.        , 0.        , 0.        ,
       0.        , 0.0142663 , 0.0142663 , 0.0142663 , 0.0142663 ,
       0.0142663 , 0.0142663 , 0.030656  , 0.030656  , 0.030656  ,
       0.030656  , 0.0484223 , 0.0484223 , 0.0484223 , 0.0484223 ,
       0.0484223 , 0.0484223 , 0.0484223 , 0.0484223 , 0.06916345,
       0.15363219, 0.17503053, 0.17503053, 0.19713162, 0.26486096,
       0.35592686, 0.40232179, 0.40232179, 0.44997395, 0.44997395,
       0.548247  , 0.548247  , 0.548247  , 0.548247  , 0.57414174,
       0.62652758, 0.65306795, 0.67996133, 0.73494706, 0.76274517,
       0.81869996, 0.81869996, 0.81869996, 0.81869996, 0.87793886,
       0.93787093, 0.93787093, 0.96846439, 0.96846439, 0.96846439,
       1.        , 1.        , 1.        , 1.        , 1.        ,
       1.        , 1.        , 1.        , 1.        , 1.        ,
       1.        ]), array([0.        , 0.        , 0.        , 0.        , 0.        ,
       0.        , 0.        , 0.        , 0.        , 0.        ,
       0.        , 0.        , 0.        , 0.        , 0.        ,
       0.        , 0.        , 0.        , 0.        , 0.        ,
       0.        , 0.        , 0.        , 0.        , 0.        ,
       0.        , 0.        , 0.        , 0.        , 0.        ,
       0.        , 0.        , 0.        , 0.        , 0.        ,
       0.        , 0.        , 0.        , 0.        , 0.01318804,
       0.01318804, 0.01318804, 0.02723873, 0.04155344, 0.04155344,
       0.04155344, 0.05697062, 0.05697062, 0.07315267, 0.08958245,
       0.08958245, 0.10692171, 0.10692171, 0.12461641, 0.12461641,
       0.1618619 , 0.18079596, 0.18079596, 0.21982257, 0.21982257,
       0.21982257, 0.21982257, 0.24090199, 0.2621387 , 0.2621387 ,
       0.2621387 , 0.2621387 , 0.2621387 , 0.28513774, 0.3082734 ,
       0.33179737, 0.35581978, 0.35581978, 0.35581978, 0.35581978,
       0.38131387, 0.38131387, 0.38131387, 0.40768725, 0.40768725,
       0.40768725, 0.46233286, 0.51789846, 0.51789846, 0.51789846,
       0.54664137, 0.60484867, 0.63419584, 0.69375441, 0.72397872,
       0.81556764, 1.        , 1.        , 1.        , 1.        ,
       1.        , 1.        , 1.        , 1.        , 1.        ,
       1.        ])]","[{'lambda_reg': 0.14879655658186847, 'K_bin': 1, 'gamma': 0.04255007010130248}, {'lambda_reg': 0.1247117403453705, 'K_bin': 1, 'gamma': 0.024020392351233304}, {'lambda_reg': 0.2901334665319461, 'K_bin': 1, 'gamma': 0.054629230988272014}, {'lambda_reg': 0.1862455022749636, 'K_bin': 1, 'gamma': 0.03299263281612611}, {'lambda_reg': 0.1247117403453705, 'K_bin': 1, 'gamma': 0.024020392351233304}]",exponential,3
"[np.float64(0.13513792750313822), np.float64(0.14161650612120386), np.float64(0.17102461409228398), np.float64(0.18854570166305393), np.float64(0.18258692165874488)]",0.1637823342076849,0.0215921905561986,"[np.float64(0.7124463696599777), np.float64(0.8640780313037334), np.float64(0.6116210031548218), np.float64(0.7059968103236144), np.float64(0.639737036374735)]",0.7067758501633764,0.0875504258691601,"[np.float64(0.7275787169982771), np.float64(0.663771566356568), np.float64(0.7952085744500699), np.float64(0.6419171878539491), np.float64(0.6996505753599342)]",0.7056253242037597,0.0535784872625713,"[array([0.        , 0.        , 0.        , 0.        , 0.        ,
       0.        , 0.        , 0.        , 0.        , 0.        ,
       0.        , 0.        , 0.        , 0.        , 0.        ,
       0.        , 0.        , 0.        , 0.        , 0.        ,
       0.05322716, 0.05322716, 0.05322716, 0.05322716, 0.05322716,
       0.05322716, 0.05322716, 0.05322716, 0.05322716, 0.10067215,
       0.14766977, 0.14766977, 0.14766977, 0.14766977, 0.19180993,
       0.19180993, 0.19180993, 0.19180993, 0.27513705, 0.27513705,
       0.31531495, 0.35456215, 0.35456215, 0.35456215, 0.39211663,
       0.39211663, 0.39211663, 0.39211663, 0.39211663, 0.39211663,
       0.4589254 , 0.5247172 , 0.5247172 , 0.55602847, 0.55602847,
       0.58603392, 0.58603392, 0.61489608, 0.61489608, 0.61489608,
       0.61489608, 0.64122333, 0.64122333, 0.64122333, 0.66576209,
       0.6893266 , 0.6893266 , 0.73418413, 0.73418413, 0.73418413,
       0.73418413, 0.73418413, 0.7528253 , 0.7528253 , 0.7528253 ,
       0.7528253 , 0.80138536, 0.8325248 , 0.84761207, 0.84761207,
       0.87462043, 0.87462043, 0.89954865, 0.94644093, 0.9795559 ,
       0.99014065, 1.        , 1.        , 1.        , 1.        ,
       1.        , 1.        , 1.        , 1.        , 1.        ,
       1.        , 1.        , 1.        , 1.        , 1.        ,
       1.        ]), array([0.        , 0.        , 0.        , 0.        , 0.        ,
       0.        , 0.        , 0.        , 0.        , 0.        ,
       0.        , 0.        , 0.        , 0.        , 0.        ,
       0.        , 0.        , 0.        , 0.        , 0.        ,
       0.        , 0.        , 0.        , 0.        , 0.        ,
       0.        , 0.        , 0.        , 0.        , 0.        ,
       0.        , 0.        , 0.        , 0.        , 0.        ,
       0.        , 0.        , 0.        , 0.04316009, 0.08549728,
       0.08549728, 0.08549728, 0.08549728, 0.08549728, 0.08549728,
       0.12394927, 0.12394927, 0.16067351, 0.23311128, 0.26817971,
       0.30285869, 0.30285869, 0.30285869, 0.4004555 , 0.49614958,
       0.52762096, 0.52762096, 0.55784284, 0.55784284, 0.55784284,
       0.55784284, 0.58516444, 0.58516444, 0.58516444, 0.61008591,
       0.61008591, 0.61008591, 0.63291029, 0.63291029, 0.63291029,
       0.7167857 , 0.7167857 , 0.73641051, 0.73641051, 0.77323942,
       0.82509551, 0.84190465, 0.85781469, 0.87320297, 0.90323088,
       0.97365203, 1.        , 1.        , 1.        , 1.        ,
       1.        , 1.        , 1.        , 1.        , 1.        ,
       1.        , 1.        , 1.        , 1.        , 1.        ,
       1.        , 1.        , 1.        , 1.        , 1.        ,
       1.        ]), array([0.        , 0.        , 0.        , 0.        , 0.        ,
       0.        , 0.        , 0.        , 0.        , 0.        ,
       0.        , 0.        , 0.        , 0.        , 0.05299464,
       0.05299464, 0.05299464, 0.05299464, 0.05299464, 0.05299464,
       0.05299464, 0.05299464, 0.05299464, 0.14803757, 0.14803757,
       0.14803757, 0.14803757, 0.14803757, 0.14803757, 0.14803757,
       0.14803757, 0.19049811, 0.23232741, 0.31504081, 0.35593214,
       0.39567312, 0.47462617, 0.55220924, 0.59032389, 0.59032389,
       0.59032389, 0.59032389, 0.59032389, 0.59032389, 0.59032389,
       0.62413901, 0.62413901, 0.62413901, 0.62413901, 0.62413901,
       0.62413901, 0.68473394, 0.68473394, 0.68473394, 0.71311055,
       0.7684335 , 0.7684335 , 0.79504349, 0.79504349, 0.79504349,
       0.79504349, 0.8190836 , 0.8190836 , 0.8190836 , 0.8190836 ,
       0.8190836 , 0.8190836 , 0.83928182, 0.83928182, 0.83928182,
       0.85814832, 0.85814832, 0.87555003, 0.87555003, 0.87555003,
       0.87555003, 0.87555003, 0.87555003, 0.87555003, 0.88879034,
       0.90102378, 0.90102378, 0.92388213, 0.92388213, 0.92388213,
       0.92388213, 0.92388213, 0.93225804, 0.95504059, 0.97624004,
       0.98257869, 0.98822375, 0.98822375, 0.9925564 , 0.99670875,
       1.        , 1.        , 1.        , 1.        , 1.        ,
       1.        ]), array([0.        , 0.        , 0.        , 0.        , 0.        ,
       0.        , 0.        , 0.        , 0.        , 0.        ,
       0.        , 0.        , 0.        , 0.        , 0.        ,
       0.        , 0.        , 0.        , 0.        , 0.        ,
       0.        , 0.        , 0.        , 0.        , 0.        ,
       0.        , 0.        , 0.        , 0.        , 0.        ,
       0.        , 0.        , 0.        , 0.        , 0.        ,
       0.        , 0.        , 0.        , 0.        , 0.05033093,
       0.05033093, 0.05033093, 0.05033093, 0.05033093, 0.05033093,
       0.05033093, 0.05033093, 0.05033093, 0.05033093, 0.05033093,
       0.09201365, 0.13262377, 0.13262377, 0.13262377, 0.13262377,
       0.13262377, 0.13262377, 0.13262377, 0.16770573, 0.16770573,
       0.16770573, 0.19990874, 0.19990874, 0.26117628, 0.29128585,
       0.37885052, 0.51989141, 0.57439737, 0.65493583, 0.68103925,
       0.68103925, 0.68103925, 0.75081471, 0.77334585, 0.79473526,
       0.81586879, 0.81586879, 0.81586879, 0.81586879, 0.86926183,
       0.90295582, 0.90295582, 0.91842894, 0.93284376, 0.94648275,
       0.94648275, 0.97031537, 0.98144801, 0.99154593, 0.99154593,
       1.        , 1.        , 1.        , 1.        , 1.        ,
       1.        , 1.        , 1.        , 1.        , 1.        ,
       1.        ]), array([0.        , 0.        , 0.        , 0.        , 0.        ,
       0.        , 0.        , 0.        , 0.        , 0.        ,
       0.        , 0.        , 0.        , 0.        , 0.        ,
       0.        , 0.        , 0.        , 0.        , 0.        ,
       0.        , 0.        , 0.        , 0.        , 0.        ,
       0.        , 0.        , 0.        , 0.        , 0.        ,
       0.        , 0.        , 0.        , 0.        , 0.        ,
       0.        , 0.        , 0.        , 0.04949866, 0.04949866,
       0.04949866, 0.09689961, 0.09689961, 0.09689961, 0.14155082,
       0.14155082, 0.18523348, 0.18523348, 0.22700177, 0.26840314,
       0.26840314, 0.30787405, 0.34664656, 0.34664656, 0.34664656,
       0.38252185, 0.45304942, 0.48779862, 0.48779862, 0.48779862,
       0.52023521, 0.55202744, 0.55202744, 0.55202744, 0.58142156,
       0.58142156, 0.58142156, 0.6348876 , 0.6348876 , 0.6348876 ,
       0.65919706, 0.68289731, 0.68289731, 0.68289731, 0.70430875,
       0.7246813 , 0.7246813 , 0.7246813 , 0.77879934, 0.79564364,
       0.79564364, 0.81098835, 0.85540698, 0.86926783, 0.88242003,
       0.91968203, 0.97801974, 1.        , 1.        , 1.        ,
       1.        , 1.        , 1.        , 1.        , 1.        ,
       1.        , 1.        , 1.        , 1.        , 1.        ,
       1.        ])]","[array([0.        , 0.        , 0.        , 0.        , 0.        ,
       0.        , 0.        , 0.        , 0.        , 0.        ,
       0.        , 0.        , 0.        , 0.        , 0.        ,
       0.        , 0.        , 0.        , 0.        , 0.        ,
       0.00764674, 0.00764674, 0.00764674, 0.00764674, 0.00764674,
       0.00764674, 0.00764674, 0.00764674, 0.00764674, 0.01865077,
       0.02991455, 0.02991455, 0.02991455, 0.02991455, 0.04283746,
       0.04283746, 0.04283746, 0.04283746, 0.07155923, 0.07155923,
       0.08678273, 0.10254662, 0.10254662, 0.10254662, 0.11929335,
       0.11929335, 0.11929335, 0.11929335, 0.11929335, 0.11929335,
       0.15760612, 0.19650938, 0.19650938, 0.21688109, 0.21688109,
       0.23801099, 0.23801099, 0.25980472, 0.25980472, 0.25980472,
       0.25980472, 0.28307028, 0.28307028, 0.28307028, 0.3073743 ,
       0.33224398, 0.33224398, 0.38330225, 0.38330225, 0.38330225,
       0.38330225, 0.38330225, 0.41103056, 0.41103056, 0.41103056,
       0.41103056, 0.49849092, 0.55751428, 0.58730609, 0.58730609,
       0.64872806, 0.64872806, 0.71135783, 0.83833843, 0.93476663,
       0.96717272, 1.        , 1.        , 1.        , 1.        ,
       1.        , 1.        , 1.        , 1.        , 1.        ,
       1.        , 1.        , 1.        , 1.        , 1.        ,
       1.        ]), array([0.        , 0.        , 0.        , 0.        , 0.        ,
       0.        , 0.        , 0.        , 0.        , 0.        ,
       0.        , 0.        , 0.        , 0.        , 0.        ,
       0.        , 0.        , 0.        , 0.        , 0.        ,
       0.        , 0.        , 0.        , 0.        , 0.        ,
       0.        , 0.        , 0.        , 0.        , 0.        ,
       0.        , 0.        , 0.        , 0.        , 0.        ,
       0.        , 0.        , 0.        , 0.01406883, 0.02859017,
       0.02859017, 0.02859017, 0.02859017, 0.02859017, 0.02859017,
       0.04524795, 0.04524795, 0.06285581, 0.09862731, 0.11714569,
       0.13587823, 0.13587823, 0.13587823, 0.19561722, 0.25640251,
       0.27689888, 0.27689888, 0.29808235, 0.29808235, 0.29808235,
       0.29808235, 0.32086066, 0.32086066, 0.32086066, 0.34495878,
       0.34495878, 0.34495878, 0.37021009, 0.37021009, 0.37021009,
       0.47529666, 0.47529666, 0.50230739, 0.50230739, 0.55765997,
       0.64255149, 0.67111053, 0.70016398, 0.72950435, 0.78859676,
       0.93888402, 1.        , 1.        , 1.        , 1.        ,
       1.        , 1.        , 1.        , 1.        , 1.        ,
       1.        , 1.        , 1.        , 1.        , 1.        ,
       1.        , 1.        , 1.        , 1.        , 1.        ,
       1.        ]), array([0.        , 0.        , 0.        , 0.        , 0.        ,
       0.        , 0.        , 0.        , 0.        , 0.        ,
       0.        , 0.        , 0.        , 0.        , 0.00538206,
       0.00538206, 0.00538206, 0.00538206, 0.00538206, 0.00538206,
       0.00538206, 0.00538206, 0.00538206, 0.02342024, 0.02342024,
       0.02342024, 0.02342024, 0.02342024, 0.02342024, 0.02342024,
       0.02342024, 0.03580242, 0.04860408, 0.07483547, 0.08826042,
       0.1024498 , 0.13118003, 0.16082063, 0.17609074, 0.17609074,
       0.17609074, 0.17609074, 0.17609074, 0.17609074, 0.17609074,
       0.19421797, 0.19421797, 0.19421797, 0.19421797, 0.19421797,
       0.19421797, 0.23514753, 0.23514753, 0.23514753, 0.25688875,
       0.30132164, 0.30132164, 0.32423683, 0.32423683, 0.32423683,
       0.32423683, 0.34885974, 0.34885974, 0.34885974, 0.34885974,
       0.34885974, 0.34885974, 0.37603566, 0.37603566, 0.37603566,
       0.40409654, 0.40409654, 0.43313081, 0.43313081, 0.43313081,
       0.43313081, 0.43313081, 0.43313081, 0.43313081, 0.4649304 ,
       0.49739908, 0.49739908, 0.56340534, 0.56340534, 0.56340534,
       0.56340534, 0.56340534, 0.59843742, 0.70509209, 0.81279876,
       0.84918464, 0.88603143, 0.88603143, 0.92375034, 0.96158906,
       1.        , 1.        , 1.        , 1.        , 1.        ,
       1.        ]), array([0.        , 0.        , 0.        , 0.        , 0.        ,
       0.        , 0.        , 0.        , 0.        , 0.        ,
       0.        , 0.        , 0.        , 0.        , 0.        ,
       0.        , 0.        , 0.        , 0.        , 0.        ,
       0.        , 0.        , 0.        , 0.        , 0.        ,
       0.        , 0.        , 0.        , 0.        , 0.        ,
       0.        , 0.        , 0.        , 0.        , 0.        ,
       0.        , 0.        , 0.        , 0.        , 0.01341164,
       0.01341164, 0.01341164, 0.01341164, 0.01341164, 0.01341164,
       0.01341164, 0.01341164, 0.01341164, 0.01341164, 0.01341164,
       0.03048336, 0.04800904, 0.04800904, 0.04800904, 0.04800904,
       0.04800904, 0.04800904, 0.04800904, 0.06787434, 0.06787434,
       0.06787434, 0.08895806, 0.08895806, 0.13245378, 0.1544235 ,
       0.22150243, 0.33537453, 0.38173188, 0.45178445, 0.47544964,
       0.47544964, 0.47544964, 0.55005732, 0.57523437, 0.60089463,
       0.62666318, 0.62666318, 0.62666318, 0.62666318, 0.70820421,
       0.76336961, 0.76336961, 0.79153375, 0.82014579, 0.84908618,
       0.84908618, 0.90842509, 0.93842622, 0.96886525, 0.96886525,
       1.        , 1.        , 1.        , 1.        , 1.        ,
       1.        , 1.        , 1.        , 1.        , 1.        ,
       1.        ]), array([0.        , 0.        , 0.        , 0.        , 0.        ,
       0.        , 0.        , 0.        , 0.        , 0.        ,
       0.        , 0.        , 0.        , 0.        , 0.        ,
       0.        , 0.        , 0.        , 0.        , 0.        ,
       0.        , 0.        , 0.        , 0.        , 0.        ,
       0.        , 0.        , 0.        , 0.        , 0.        ,
       0.        , 0.        , 0.        , 0.        , 0.        ,
       0.        , 0.        , 0.        , 0.0133056 , 0.0133056 ,
       0.0133056 , 0.02753728, 0.02753728, 0.02753728, 0.04298289,
       0.04298289, 0.05885609, 0.05885609, 0.07557443, 0.09245475,
       0.09245475, 0.11018731, 0.1282282 , 0.1282282 , 0.1282282 ,
       0.14754813, 0.1867279 , 0.20654496, 0.20654496, 0.20654496,
       0.22738298, 0.24850546, 0.24850546, 0.24850546, 0.27068664,
       0.27068664, 0.27068664, 0.31739859, 0.31739859, 0.31739859,
       0.3418245 , 0.36651935, 0.36651935, 0.36651935, 0.39222465,
       0.41838859, 0.41838859, 0.41838859, 0.49997054, 0.5276921 ,
       0.5276921 , 0.55607569, 0.64193964, 0.67097831, 0.70032983,
       0.78935323, 0.93938798, 1.        , 1.        , 1.        ,
       1.        , 1.        , 1.        , 1.        , 1.        ,
       1.        , 1.        , 1.        , 1.        , 1.        ,
       1.        ])]","[{'lambda_reg': 0.1452824663751603, 'K_bin': 1, 'gamma': 0.0070689749506246055}, {'lambda_reg': 0.8192602279031006, 'K_bin': 1, 'gamma': 0.023739423955292542}, {'lambda_reg': 0.005648386470929094, 'K_bin': 1, 'gamma': 0.001032903680930135}, {'lambda_reg': 0.1452824663751603, 'K_bin': 1, 'gamma': 0.0070689749506246055}, {'lambda_reg': 0.8192602279031006, 'K_bin': 1, 'gamma': 0.023739423955292542}]",cauchy,4
"[np.float64(0.13482020007854145), np.float64(0.14006743963114168), np.float64(0.17108184799620255), np.float64(0.18940165841581175), np.float64(0.18282824063170544)]",0.1636398773506805,0.0222417588974115,"[np.float64(0.7071779815030007), np.float64(0.8710696043503817), np.float64(0.6116210031548218), np.float64(0.6958849763291469), np.float64(0.637632575395007)]",0.7046772281464715,0.0904703562393937,"[np.float64(0.7292986575545741), np.float64(0.6753321989517176), np.float64(0.7955250664432704), np.float64(0.6430720023626539), np.float64(0.7149471869510289)]",0.711635022452649,0.0517287089292348,"[array([0.        , 0.        , 0.        , 0.        , 0.        ,
       0.        , 0.        , 0.        , 0.        , 0.        ,
       0.        , 0.        , 0.        , 0.        , 0.        ,
       0.        , 0.05603497, 0.05603497, 0.05603497, 0.05603497,
       0.05603497, 0.05603497, 0.05603497, 0.05603497, 0.05603497,
       0.05603497, 0.05603497, 0.05603497, 0.05603497, 0.15102117,
       0.15102117, 0.15102117, 0.19609622, 0.19609622, 0.19609622,
       0.19609622, 0.19609622, 0.19609622, 0.27906258, 0.31959035,
       0.31959035, 0.31959035, 0.31959035, 0.39536656, 0.39536656,
       0.39536656, 0.39536656, 0.39536656, 0.39536656, 0.39536656,
       0.46193631, 0.52717275, 0.52717275, 0.52717275, 0.5579502 ,
       0.5579502 , 0.5876493 , 0.5876493 , 0.61602113, 0.61602113,
       0.61602113, 0.64209196, 0.64209196, 0.64209196, 0.66601201,
       0.66601201, 0.68895647, 0.73369933, 0.73369933, 0.73369933,
       0.73369933, 0.73369933, 0.73369933, 0.75216211, 0.75216211,
       0.75216211, 0.78440329, 0.83139364, 0.83139364, 0.859455  ,
       0.87306928, 0.88565581, 0.92194122, 0.97922194, 0.98985167,
       1.        , 1.        , 1.        , 1.        , 1.        ,
       1.        , 1.        , 1.        , 1.        , 1.        ,
       1.        , 1.        , 1.        , 1.        , 1.        ,
       1.        ]), array([0.        , 0.        , 0.        , 0.        , 0.        ,
       0.        , 0.        , 0.        , 0.        , 0.        ,
       0.        , 0.        , 0.        , 0.        , 0.        ,
       0.        , 0.        , 0.        , 0.        , 0.        ,
       0.        , 0.        , 0.        , 0.        , 0.        ,
       0.        , 0.        , 0.        , 0.        , 0.        ,
       0.        , 0.        , 0.        , 0.        , 0.04543381,
       0.09070978, 0.09070978, 0.09070978, 0.09070978, 0.09070978,
       0.09070978, 0.09070978, 0.09070978, 0.13062328, 0.13062328,
       0.13062328, 0.16819508, 0.24195864, 0.24195864, 0.27752617,
       0.31250441, 0.31250441, 0.34597782, 0.44384585, 0.50786942,
       0.53932084, 0.53932084, 0.56960034, 0.56960034, 0.56960034,
       0.56960034, 0.59685033, 0.59685033, 0.59685033, 0.59685033,
       0.62154347, 0.62154347, 0.64427954, 0.64427954, 0.64427954,
       0.70647558, 0.72701422, 0.74635854, 0.74635854, 0.78263574,
       0.78263574, 0.78263574, 0.84734527, 0.86274268, 0.87776625,
       0.93424119, 0.97486981, 1.        , 1.        , 1.        ,
       1.        , 1.        , 1.        , 1.        , 1.        ,
       1.        , 1.        , 1.        , 1.        , 1.        ,
       1.        , 1.        , 1.        , 1.        , 1.        ,
       1.        ]), array([0.        , 0.        , 0.        , 0.        , 0.        ,
       0.        , 0.        , 0.        , 0.        , 0.        ,
       0.        , 0.        , 0.        , 0.        , 0.05313045,
       0.05313045, 0.05313045, 0.05313045, 0.05313045, 0.05313045,
       0.05313045, 0.05313045, 0.05313045, 0.14820519, 0.14820519,
       0.14820519, 0.14820519, 0.14820519, 0.14820519, 0.14820519,
       0.14820519, 0.19063471, 0.23252019, 0.35628015, 0.35628015,
       0.39607396, 0.47504902, 0.55267172, 0.59080211, 0.59080211,
       0.59080211, 0.59080211, 0.59080211, 0.59080211, 0.59080211,
       0.62463572, 0.62463572, 0.62463572, 0.62463572, 0.62463572,
       0.62463572, 0.6851406 , 0.6851406 , 0.6851406 , 0.7134951 ,
       0.76885569, 0.76885569, 0.79531002, 0.79531002, 0.79531002,
       0.79531002, 0.81921723, 0.81921723, 0.81921723, 0.81921723,
       0.81921723, 0.81921723, 0.8394249 , 0.8394249 , 0.8394249 ,
       0.85826325, 0.85826325, 0.87557578, 0.87557578, 0.87557578,
       0.87557578, 0.87557578, 0.87557578, 0.87557578, 0.88876119,
       0.90098841, 0.90098841, 0.92389486, 0.92389486, 0.92389486,
       0.92389486, 0.92389486, 0.93229496, 0.95507277, 0.97622381,
       0.98258222, 0.98823999, 0.98823999, 0.99257392, 0.99672412,
       1.        , 1.        , 1.        , 1.        , 1.        ,
       1.        ]), array([0.        , 0.        , 0.        , 0.        , 0.        ,
       0.        , 0.        , 0.        , 0.        , 0.        ,
       0.        , 0.        , 0.        , 0.        , 0.        ,
       0.        , 0.        , 0.        , 0.        , 0.        ,
       0.        , 0.        , 0.        , 0.        , 0.        ,
       0.        , 0.        , 0.        , 0.        , 0.        ,
       0.        , 0.        , 0.        , 0.        , 0.        ,
       0.        , 0.        , 0.        , 0.        , 0.05073493,
       0.05073493, 0.05073493, 0.05073493, 0.05073493, 0.05073493,
       0.05073493, 0.05073493, 0.05073493, 0.05073493, 0.05073493,
       0.09247471, 0.13337014, 0.13337014, 0.13337014, 0.13337014,
       0.13337014, 0.13337014, 0.16899791, 0.16899791, 0.16899791,
       0.16899791, 0.20172045, 0.20172045, 0.26314264, 0.29299651,
       0.32248132, 0.49346592, 0.54880699, 0.62979173, 0.68235312,
       0.68235312, 0.68235312, 0.70566185, 0.7742615 , 0.79574539,
       0.81695698, 0.81695698, 0.81695698, 0.81695698, 0.87030975,
       0.90359649, 0.90359649, 0.91898706, 0.933165  , 0.94687209,
       0.94687209, 0.97064401, 0.98170328, 0.99164618, 0.99164618,
       1.        , 1.        , 1.        , 1.        , 1.        ,
       1.        , 1.        , 1.        , 1.        , 1.        ,
       1.        ]), array([0.        , 0.        , 0.        , 0.        , 0.        ,
       0.        , 0.        , 0.        , 0.        , 0.        ,
       0.        , 0.        , 0.        , 0.        , 0.        ,
       0.        , 0.        , 0.        , 0.        , 0.        ,
       0.        , 0.        , 0.        , 0.        , 0.        ,
       0.        , 0.        , 0.        , 0.        , 0.        ,
       0.        , 0.        , 0.        , 0.        , 0.05306376,
       0.05306376, 0.10445732, 0.10445732, 0.10445732, 0.10445732,
       0.10445732, 0.10445732, 0.10445732, 0.19620295, 0.19620295,
       0.19620295, 0.28266859, 0.28266859, 0.28266859, 0.32363369,
       0.32363369, 0.32363369, 0.36241299, 0.36241299, 0.36241299,
       0.39888448, 0.46996523, 0.5046124 , 0.5046124 , 0.5046124 ,
       0.56880781, 0.56880781, 0.56880781, 0.56880781, 0.59774143,
       0.59774143, 0.59774143, 0.65062402, 0.65062402, 0.65062402,
       0.67451285, 0.69789678, 0.69789678, 0.69789678, 0.7188209 ,
       0.73872563, 0.73872563, 0.73872563, 0.75630096, 0.79090479,
       0.8071701 , 0.8071701 , 0.8071701 , 0.86338539, 0.87668583,
       0.90107176, 0.94701263, 0.990027  , 1.        , 1.        ,
       1.        , 1.        , 1.        , 1.        , 1.        ,
       1.        , 1.        , 1.        , 1.        , 1.        ,
       1.        ])]","[array([0.        , 0.        , 0.        , 0.        , 0.        ,
       0.        , 0.        , 0.        , 0.        , 0.        ,
       0.        , 0.        , 0.        , 0.        , 0.        ,
       0.        , 0.00585251, 0.00585251, 0.00585251, 0.00585251,
       0.00585251, 0.00585251, 0.00585251, 0.00585251, 0.00585251,
       0.00585251, 0.00585251, 0.00585251, 0.00585251, 0.02756532,
       0.02756532, 0.02756532, 0.03983823, 0.03983823, 0.03983823,
       0.03983823, 0.03983823, 0.03983823, 0.06859236, 0.08352911,
       0.08352911, 0.08352911, 0.08352911, 0.11649529, 0.11649529,
       0.11649529, 0.11649529, 0.11649529, 0.11649529, 0.11649529,
       0.15485468, 0.19399514, 0.19399514, 0.19399514, 0.21464371,
       0.21464371, 0.23592398, 0.23592398, 0.25798178, 0.25798178,
       0.25798178, 0.28138752, 0.28138752, 0.28138752, 0.30605321,
       0.30605321, 0.3312904 , 0.38243617, 0.38243617, 0.38243617,
       0.38243617, 0.38243617, 0.38243617, 0.41029877, 0.41029877,
       0.41029877, 0.46876812, 0.55727553, 0.55727553, 0.61819345,
       0.64889634, 0.68020129, 0.77497974, 0.93481546, 0.96726673,
       1.        , 1.        , 1.        , 1.        , 1.        ,
       1.        , 1.        , 1.        , 1.        , 1.        ,
       1.        , 1.        , 1.        , 1.        , 1.        ,
       1.        ]), array([0.        , 0.        , 0.        , 0.        , 0.        ,
       0.        , 0.        , 0.        , 0.        , 0.        ,
       0.        , 0.        , 0.        , 0.        , 0.        ,
       0.        , 0.        , 0.        , 0.        , 0.        ,
       0.        , 0.        , 0.        , 0.        , 0.        ,
       0.        , 0.        , 0.        , 0.        , 0.        ,
       0.        , 0.        , 0.        , 0.        , 0.01284023,
       0.02576709, 0.02576709, 0.02576709, 0.02576709, 0.02576709,
       0.02576709, 0.02576709, 0.02576709, 0.04163721, 0.04163721,
       0.04163721, 0.0587926 , 0.09386083, 0.09386083, 0.11211629,
       0.13069518, 0.13069518, 0.15010002, 0.20971535, 0.25012949,
       0.27064412, 0.27064412, 0.29180197, 0.29180197, 0.29180197,
       0.29180197, 0.31462261, 0.31462261, 0.31462261, 0.31462261,
       0.3388466 , 0.3388466 , 0.36414476, 0.36414476, 0.36414476,
       0.44333909, 0.46984333, 0.49700309, 0.49700309, 0.55264615,
       0.55264615, 0.55264615, 0.66823804, 0.69756411, 0.72709537,
       0.8472069 , 0.93823876, 1.        , 1.        , 1.        ,
       1.        , 1.        , 1.        , 1.        , 1.        ,
       1.        , 1.        , 1.        , 1.        , 1.        ,
       1.        , 1.        , 1.        , 1.        , 1.        ,
       1.        ]), array([0.        , 0.        , 0.        , 0.        , 0.        ,
       0.        , 0.        , 0.        , 0.        , 0.        ,
       0.        , 0.        , 0.        , 0.        , 0.00528792,
       0.00528792, 0.00528792, 0.00528792, 0.00528792, 0.00528792,
       0.00528792, 0.00528792, 0.00528792, 0.0232987 , 0.0232987 ,
       0.0232987 , 0.0232987 , 0.0232987 , 0.0232987 , 0.0232987 ,
       0.0232987 , 0.03569904, 0.04846099, 0.08800733, 0.08800733,
       0.10215952, 0.13087103, 0.16048139, 0.17573918, 0.17573918,
       0.17573918, 0.17573918, 0.17573918, 0.17573918, 0.17573918,
       0.19385284, 0.19385284, 0.19385284, 0.19385284, 0.19385284,
       0.19385284, 0.23484065, 0.23484065, 0.23484065, 0.25659603,
       0.30100302, 0.30100302, 0.32402136, 0.32402136, 0.32402136,
       0.32402136, 0.34873265, 0.34873265, 0.34873265, 0.34873265,
       0.34873265, 0.34873265, 0.37590287, 0.37590287, 0.37590287,
       0.4039832 , 0.4039832 , 0.43307769, 0.43307769, 0.43307769,
       0.43307769, 0.43307769, 0.43307769, 0.43307769, 0.46491529,
       0.49738974, 0.49738974, 0.56336754, 0.56336754, 0.56336754,
       0.56336754, 0.56336754, 0.59838572, 0.70505036, 0.81279625,
       0.84917144, 0.88601232, 0.88601232, 0.92373309, 0.96157598,
       1.        , 1.        , 1.        , 1.        , 1.        ,
       1.        ]), array([0.        , 0.        , 0.        , 0.        , 0.        ,
       0.        , 0.        , 0.        , 0.        , 0.        ,
       0.        , 0.        , 0.        , 0.        , 0.        ,
       0.        , 0.        , 0.        , 0.        , 0.        ,
       0.        , 0.        , 0.        , 0.        , 0.        ,
       0.        , 0.        , 0.        , 0.        , 0.        ,
       0.        , 0.        , 0.        , 0.        , 0.        ,
       0.        , 0.        , 0.        , 0.        , 0.01332496,
       0.01332496, 0.01332496, 0.01332496, 0.01332496, 0.01332496,
       0.01332496, 0.01332496, 0.01332496, 0.01332496, 0.01332496,
       0.03042805, 0.04788579, 0.04788579, 0.04788579, 0.04788579,
       0.04788579, 0.04788579, 0.06755605, 0.06755605, 0.06755605,
       0.06755605, 0.08844656, 0.08844656, 0.13191728, 0.15401269,
       0.17626312, 0.31225398, 0.35827889, 0.42816758, 0.47536002,
       0.47536002, 0.47536002, 0.50020452, 0.57529519, 0.60090616,
       0.62663151, 0.62663151, 0.62663151, 0.62663151, 0.70812617,
       0.76341435, 0.76341435, 0.79158463, 0.82026424, 0.84914163,
       0.84914163, 0.90842621, 0.93841573, 0.96887414, 0.96887414,
       1.        , 1.        , 1.        , 1.        , 1.        ,
       1.        , 1.        , 1.        , 1.        , 1.        ,
       1.        ]), array([0.        , 0.        , 0.        , 0.        , 0.        ,
       0.        , 0.        , 0.        , 0.        , 0.        ,
       0.        , 0.        , 0.        , 0.        , 0.        ,
       0.        , 0.        , 0.        , 0.        , 0.        ,
       0.        , 0.        , 0.        , 0.        , 0.        ,
       0.        , 0.        , 0.        , 0.        , 0.        ,
       0.        , 0.        , 0.        , 0.        , 0.01168363,
       0.01168363, 0.02410741, 0.02410741, 0.02410741, 0.02410741,
       0.02410741, 0.02410741, 0.02410741, 0.05384797, 0.05384797,
       0.05384797, 0.08592836, 0.08592836, 0.08592836, 0.10297349,
       0.10297349, 0.10297349, 0.12098725, 0.12098725, 0.12098725,
       0.14002371, 0.17892188, 0.19876678, 0.19876678, 0.19876678,
       0.24071618, 0.24071618, 0.24071618, 0.24071618, 0.26309303,
       0.26309303, 0.26309303, 0.31005568, 0.31005568, 0.31005568,
       0.33466813, 0.35950432, 0.35950432, 0.35950432, 0.38543057,
       0.41180856, 0.41180856, 0.41180856, 0.43921882, 0.49428167,
       0.52227246, 0.52227246, 0.52227246, 0.6381557 , 0.66746036,
       0.72705126, 0.84748758, 0.96922078, 1.        , 1.        ,
       1.        , 1.        , 1.        , 1.        , 1.        ,
       1.        , 1.        , 1.        , 1.        , 1.        ,
       1.        ])]","[{'lambda_reg': 0.025952064580118995, 'K_bin': 1, 'gamma': 0.0011273349212989527}, {'lambda_reg': 0.8192602279031006, 'K_bin': 1, 'gamma': 0.023739423955292542}, {'lambda_reg': 0.005648386470929094, 'K_bin': 1, 'gamma': 0.001032903680930135}, {'lambda_reg': 0.1452824663751603, 'K_bin': 1, 'gamma': 0.0070689749506246055}, {'lambda_reg': 0.8192602279031006, 'K_bin': 1, 'gamma': 0.023739423955292542}]",rbf,1
