test_ibs,mean_ibs,std_ibs,test_cindex,mean_cindex,std_cindex,test_auc,mean_auc,std_auc,test_tpr,test_fpr,best_params,kernel,task
"[np.float64(0.14939694958605412), np.float64(0.12293962177891972), np.float64(0.17767491418321327), np.float64(0.19586936316856918), np.float64(0.180083226334039)]",0.165192815010159,0.0258975653635952,"[np.float64(0.656001376835236), np.float64(0.8647645379972435), np.float64(0.5974946679802102), np.float64(0.681614719952554), np.float64(0.6282710439204711)]",0.6856292693371431,0.0938520613285477,"[np.float64(0.8113748311351334), np.float64(0.8189015727724804), np.float64(0.8698438658579721), np.float64(0.7180255527971275), np.float64(0.8357748332602278)]",0.8107841311645883,0.050562798772914,"[array([0.        , 0.11857883, 0.11857883, 0.27288064, 0.31117958,
       0.31117958, 0.31117958, 0.31117958, 0.31117958, 0.31117958,
       0.31117958, 0.34656844, 0.38140225, 0.41596459, 0.41596459,
       0.44994313, 0.44994313, 0.44994313, 0.44994313, 0.48209343,
       0.48209343, 0.48209343, 0.5131979 , 0.5131979 , 0.5131979 ,
       0.57281681, 0.57281681, 0.57281681, 0.57281681, 0.60101043,
       0.60101043, 0.62835102, 0.62835102, 0.6816087 , 0.6816087 ,
       0.6816087 , 0.6816087 , 0.6816087 , 0.6816087 , 0.6816087 ,
       0.6816087 , 0.6816087 , 0.6816087 , 0.6816087 , 0.6816087 ,
       0.70351905, 0.72499075, 0.72499075, 0.72499075, 0.72499075,
       0.72499075, 0.72499075, 0.72499075, 0.74387976, 0.76209416,
       0.76209416, 0.77962395, 0.77962395, 0.79651708, 0.84613113,
       0.84613113, 0.84613113, 0.8615199 , 0.8615199 , 0.87612398,
       0.91785871, 0.91785871, 0.91785871, 0.94357775, 0.96838227,
       0.96838227, 0.96838227, 0.97970619, 0.97970619, 0.99034646,
       0.99034646, 1.        , 1.        , 1.        , 1.        ,
       1.        , 1.        , 1.        , 1.        , 1.        ,
       1.        , 1.        , 1.        , 1.        , 1.        ,
       1.        , 1.        , 1.        , 1.        , 1.        ,
       1.        , 1.        , 1.        , 1.        , 1.        ,
       1.        ]), array([0.        , 0.08031928, 0.08031928, 0.08031928, 0.11894559,
       0.15717931, 0.23322176, 0.23322176, 0.30735998, 0.30735998,
       0.30735998, 0.34326261, 0.3789917 , 0.3789917 , 0.48339073,
       0.51771304, 0.55170601, 0.55170601, 0.55170601, 0.55170601,
       0.55170601, 0.55170601, 0.58323804, 0.58323804, 0.61396475,
       0.61396475, 0.61396475, 0.61396475, 0.61396475, 0.61396475,
       0.61396475, 0.61396475, 0.61396475, 0.6412641 , 0.6680684 ,
       0.6680684 , 0.6680684 , 0.6680684 , 0.6680684 , 0.6680684 ,
       0.6680684 , 0.6680684 , 0.6680684 , 0.6680684 , 0.69061121,
       0.69061121, 0.71264761, 0.71264761, 0.73389064, 0.75473776,
       0.75473776, 0.75473776, 0.77418697, 0.77418697, 0.81126196,
       0.81126196, 0.81126196, 0.82883309, 0.84591026, 0.84591026,
       0.84591026, 0.84591026, 0.84591026, 0.84591026, 0.84591026,
       0.84591026, 0.8599429 , 0.91394528, 0.9270299 , 0.9270299 ,
       0.93922142, 0.93922142, 0.95071591, 0.95071591, 0.95071591,
       0.9711427 , 0.99103397, 0.99103397, 1.        , 1.        ,
       1.        , 1.        , 1.        , 1.        , 1.        ,
       1.        , 1.        , 1.        , 1.        , 1.        ,
       1.        , 1.        , 1.        , 1.        , 1.        ,
       1.        , 1.        , 1.        , 1.        , 1.        ,
       1.        ]), array([0.        , 0.11052287, 0.146709  , 0.146709  , 0.32475686,
       0.46557929, 0.50062544, 0.53498813, 0.53498813, 0.53498813,
       0.53498813, 0.53498813, 0.53498813, 0.56710119, 0.6310081 ,
       0.66247432, 0.66247432, 0.66247432, 0.66247432, 0.66247432,
       0.66247432, 0.66247432, 0.66247432, 0.69103271, 0.7194093 ,
       0.7194093 , 0.7194093 , 0.7194093 , 0.7194093 , 0.74571329,
       0.74571329, 0.74571329, 0.74571329, 0.74571329, 0.74571329,
       0.74571329, 0.76942554, 0.76942554, 0.79266299, 0.79266299,
       0.79266299, 0.79266299, 0.81413672, 0.81413672, 0.81413672,
       0.81413672, 0.81413672, 0.81413672, 0.81413672, 0.81413672,
       0.81413672, 0.81413672, 0.81413672, 0.83166684, 0.83166684,
       0.83166684, 0.83166684, 0.83166684, 0.84738911, 0.84738911,
       0.87737401, 0.87737401, 0.87737401, 0.89128963, 0.89128963,
       0.89128963, 0.89128963, 0.89128963, 0.92759376, 0.92759376,
       0.92759376, 0.92759376, 0.94868467, 0.95887241, 0.9685113 ,
       0.97807452, 0.97807452, 0.97807452, 0.97807452, 0.98585118,
       0.99358659, 0.99358659, 0.99358659, 1.        , 1.        ,
       1.        , 1.        , 1.        , 1.        , 1.        ,
       1.        , 1.        , 1.        , 1.        , 1.        ,
       1.        , 1.        , 1.        , 1.        , 1.        ,
       1.        ]), array([0.        , 0.        , 0.04054108, 0.04054108, 0.04054108,
       0.04054108, 0.04054108, 0.04054108, 0.04054108, 0.0781866 ,
       0.11568094, 0.11568094, 0.11568094, 0.11568094, 0.11568094,
       0.11568094, 0.11568094, 0.15034907, 0.15034907, 0.18396356,
       0.18396356, 0.18396356, 0.18396356, 0.18396356, 0.18396356,
       0.21533741, 0.21533741, 0.21533741, 0.27511567, 0.27511567,
       0.39120622, 0.44853433, 0.47673432, 0.53235983, 0.53235983,
       0.58672399, 0.61353452, 0.6399708 , 0.6399708 , 0.69061929,
       0.69061929, 0.71524375, 0.73947423, 0.73947423, 0.73947423,
       0.78566593, 0.78566593, 0.80787799, 0.80787799, 0.80787799,
       0.80787799, 0.82821704, 0.82821704, 0.84774677, 0.86703438,
       0.86703438, 0.86703438, 0.88488762, 0.88488762, 0.88488762,
       0.88488762, 0.90124891, 0.90124891, 0.90124891, 0.91624587,
       0.93081942, 0.93081942, 0.93081942, 0.94406642, 0.97039829,
       0.97039829, 0.98268157, 0.98268157, 0.98268157, 0.98268157,
       0.98268157, 0.98268157, 0.98268157, 0.98268157, 0.99167648,
       1.        , 1.        , 1.        , 1.        , 1.        ,
       1.        , 1.        , 1.        , 1.        , 1.        ,
       1.        , 1.        , 1.        , 1.        , 1.        ,
       1.        , 1.        , 1.        , 1.        , 1.        ,
       1.        ]), array([0.        , 0.1299335 , 0.21546432, 0.25796798, 0.29997483,
       0.29997483, 0.29997483, 0.29997483, 0.29997483, 0.3796586 ,
       0.3796586 , 0.3796586 , 0.45663658, 0.4947594 , 0.4947594 ,
       0.4947594 , 0.4947594 , 0.4947594 , 0.4947594 , 0.53017427,
       0.53017427, 0.5646449 , 0.5646449 , 0.5646449 , 0.5980039 ,
       0.5980039 , 0.5980039 , 0.5980039 , 0.62946705, 0.62946705,
       0.62946705, 0.62946705, 0.62946705, 0.62946705, 0.62946705,
       0.62946705, 0.62946705, 0.62946705, 0.62946705, 0.65620253,
       0.65620253, 0.68225218, 0.68225218, 0.68225218, 0.68225218,
       0.68225218, 0.68225218, 0.68225218, 0.72802093, 0.72802093,
       0.72802093, 0.74959462, 0.74959462, 0.74959462, 0.74959462,
       0.74959462, 0.76883634, 0.76883634, 0.76883634, 0.76883634,
       0.76883634, 0.76883634, 0.7855755 , 0.7855755 , 0.80125357,
       0.80125357, 0.80125357, 0.83061797, 0.83061797, 0.85802455,
       0.85802455, 0.85802455, 0.89543254, 0.89543254, 0.91837804,
       0.94080233, 0.96188313, 0.97197769, 0.99173876, 0.99173876,
       0.99173876, 0.99173876, 1.        , 1.        , 1.        ,
       1.        , 1.        , 1.        , 1.        , 1.        ,
       1.        , 1.        , 1.        , 1.        , 1.        ,
       1.        , 1.        , 1.        , 1.        , 1.        ,
       1.        ])]","[array([0.00000000e+00, 1.99773354e-04, 1.99773354e-04, 6.57804415e-03,
       8.61696178e-03, 8.61696178e-03, 8.61696178e-03, 8.61696178e-03,
       8.61696178e-03, 8.61696178e-03, 8.61696178e-03, 1.53323963e-02,
       2.29397889e-02, 3.09834350e-02, 3.09834350e-02, 3.99652563e-02,
       3.99652563e-02, 3.99652563e-02, 3.99652563e-02, 5.18850742e-02,
       5.18850742e-02, 5.18850742e-02, 6.54855293e-02, 6.54855293e-02,
       6.54855293e-02, 9.68486424e-02, 9.68486424e-02, 9.68486424e-02,
       9.68486424e-02, 1.15126844e-01, 1.15126844e-01, 1.34775873e-01,
       1.34775873e-01, 1.76361503e-01, 1.76361503e-01, 1.76361503e-01,
       1.76361503e-01, 1.76361503e-01, 1.76361503e-01, 1.76361503e-01,
       1.76361503e-01, 1.76361503e-01, 1.76361503e-01, 1.76361503e-01,
       1.76361503e-01, 2.04736935e-01, 2.33817293e-01, 2.33817293e-01,
       2.33817293e-01, 2.33817293e-01, 2.33817293e-01, 2.33817293e-01,
       2.33817293e-01, 2.67048038e-01, 3.01362887e-01, 3.01362887e-01,
       3.36777895e-01, 3.36777895e-01, 3.73216024e-01, 4.84242421e-01,
       4.84242421e-01, 4.84242421e-01, 5.23098063e-01, 5.23098063e-01,
       5.63214708e-01, 6.86903198e-01, 6.86903198e-01, 6.86903198e-01,
       7.72743518e-01, 8.60053463e-01, 8.60053463e-01, 8.60053463e-01,
       9.05441334e-01, 9.05441334e-01, 9.51927824e-01, 9.51927824e-01,
       1.00000000e+00, 1.00000000e+00, 1.00000000e+00, 1.00000000e+00,
       1.00000000e+00, 1.00000000e+00, 1.00000000e+00, 1.00000000e+00,
       1.00000000e+00, 1.00000000e+00, 1.00000000e+00, 1.00000000e+00,
       1.00000000e+00, 1.00000000e+00, 1.00000000e+00, 1.00000000e+00,
       1.00000000e+00, 1.00000000e+00, 1.00000000e+00, 1.00000000e+00,
       1.00000000e+00, 1.00000000e+00, 1.00000000e+00, 1.00000000e+00,
       1.00000000e+00]), array([0.00000000e+00, 2.06401521e-04, 2.06401521e-04, 2.06401521e-04,
       2.67115102e-03, 5.74052606e-03, 1.25338469e-02, 1.25338469e-02,
       2.22599291e-02, 2.22599291e-02, 2.22599291e-02, 2.89195138e-02,
       3.58463754e-02, 3.58463754e-02, 6.09212238e-02, 7.00147153e-02,
       7.96154452e-02, 7.96154452e-02, 7.96154452e-02, 7.96154452e-02,
       7.96154452e-02, 7.96154452e-02, 9.30063508e-02, 9.30063508e-02,
       1.07637569e-01, 1.07637569e-01, 1.07637569e-01, 1.07637569e-01,
       1.07637569e-01, 1.07637569e-01, 1.07637569e-01, 1.07637569e-01,
       1.07637569e-01, 1.27547387e-01, 1.48219653e-01, 1.48219653e-01,
       1.48219653e-01, 1.48219653e-01, 1.48219653e-01, 1.48219653e-01,
       1.48219653e-01, 1.48219653e-01, 1.48219653e-01, 1.48219653e-01,
       1.75455190e-01, 1.75455190e-01, 2.03470678e-01, 2.03470678e-01,
       2.32708061e-01, 2.62555203e-01, 2.62555203e-01, 2.62555203e-01,
       2.94555321e-01, 2.94555321e-01, 3.61363893e-01, 3.61363893e-01,
       3.61363893e-01, 3.96256509e-01, 4.31909890e-01, 4.31909890e-01,
       4.31909890e-01, 4.31909890e-01, 4.31909890e-01, 4.31909890e-01,
       4.31909890e-01, 4.31909890e-01, 4.72252282e-01, 6.36899494e-01,
       6.78701949e-01, 6.78701949e-01, 7.21879908e-01, 7.21879908e-01,
       7.66131396e-01, 7.66131396e-01, 7.66131396e-01, 8.58580486e-01,
       9.51854349e-01, 9.51854349e-01, 1.00000000e+00, 1.00000000e+00,
       1.00000000e+00, 1.00000000e+00, 1.00000000e+00, 1.00000000e+00,
       1.00000000e+00, 1.00000000e+00, 1.00000000e+00, 1.00000000e+00,
       1.00000000e+00, 1.00000000e+00, 1.00000000e+00, 1.00000000e+00,
       1.00000000e+00, 1.00000000e+00, 1.00000000e+00, 1.00000000e+00,
       1.00000000e+00, 1.00000000e+00, 1.00000000e+00, 1.00000000e+00,
       1.00000000e+00]), array([0.00000000e+00, 3.82366029e-04, 1.78588867e-03, 1.78588867e-03,
       1.44212084e-02, 2.76783083e-02, 3.13033042e-02, 3.62601939e-02,
       3.62601939e-02, 3.62601939e-02, 3.62601939e-02, 3.62601939e-02,
       3.62601939e-02, 4.56009153e-02, 6.49044599e-02, 7.55057015e-02,
       7.55057015e-02, 7.55057015e-02, 7.55057015e-02, 7.55057015e-02,
       7.55057015e-02, 7.55057015e-02, 7.55057015e-02, 9.17734524e-02,
       1.08395477e-01, 1.08395477e-01, 1.08395477e-01, 1.08395477e-01,
       1.08395477e-01, 1.29056379e-01, 1.29056379e-01, 1.29056379e-01,
       1.29056379e-01, 1.29056379e-01, 1.29056379e-01, 1.29056379e-01,
       1.54767829e-01, 1.54767829e-01, 1.81404549e-01, 1.81404549e-01,
       1.81404549e-01, 1.81404549e-01, 2.11478217e-01, 2.11478217e-01,
       2.11478217e-01, 2.11478217e-01, 2.11478217e-01, 2.11478217e-01,
       2.11478217e-01, 2.11478217e-01, 2.11478217e-01, 2.11478217e-01,
       2.11478217e-01, 2.49236819e-01, 2.49236819e-01, 2.49236819e-01,
       2.49236819e-01, 2.49236819e-01, 2.90518401e-01, 2.90518401e-01,
       3.75925988e-01, 3.75925988e-01, 3.75925988e-01, 4.20728205e-01,
       4.20728205e-01, 4.20728205e-01, 4.20728205e-01, 4.20728205e-01,
       5.65741120e-01, 5.65741120e-01, 5.65741120e-01, 5.65741120e-01,
       6.68480466e-01, 7.20547238e-01, 7.73683537e-01, 8.26967309e-01,
       8.26967309e-01, 8.26967309e-01, 8.26967309e-01, 8.83732553e-01,
       9.40578184e-01, 9.40578184e-01, 9.40578184e-01, 1.00000000e+00,
       1.00000000e+00, 1.00000000e+00, 1.00000000e+00, 1.00000000e+00,
       1.00000000e+00, 1.00000000e+00, 1.00000000e+00, 1.00000000e+00,
       1.00000000e+00, 1.00000000e+00, 1.00000000e+00, 1.00000000e+00,
       1.00000000e+00, 1.00000000e+00, 1.00000000e+00, 1.00000000e+00,
       1.00000000e+00]), array([0.        , 0.        , 0.00115846, 0.00115846, 0.00115846,
       0.00115846, 0.00115846, 0.00115846, 0.00115846, 0.00648196,
       0.01202293, 0.01202293, 0.01202293, 0.01202293, 0.01202293,
       0.01202293, 0.01202293, 0.02162918, 0.02162918, 0.03275103,
       0.03275103, 0.03275103, 0.03275103, 0.03275103, 0.03275103,
       0.04709587, 0.04709587, 0.04709587, 0.08005688, 0.08005688,
       0.15096443, 0.18744978, 0.20635999, 0.24529442, 0.24529442,
       0.28604321, 0.30695205, 0.32839922, 0.32839922, 0.37449271,
       0.37449271, 0.39854606, 0.42316611, 0.42316611, 0.42316611,
       0.47567038, 0.47567038, 0.50319378, 0.50319378, 0.50319378,
       0.50319378, 0.53341138, 0.53341138, 0.56479311, 0.59652312,
       0.59652312, 0.59652312, 0.63031636, 0.63031636, 0.63031636,
       0.63031636, 0.66625567, 0.66625567, 0.66625567, 0.70415746,
       0.74266828, 0.74266828, 0.74266828, 0.78308726, 0.86415844,
       0.86415844, 0.90596366, 0.90596366, 0.90596366, 0.90596366,
       0.90596366, 0.90596366, 0.90596366, 0.90596366, 0.95249896,
       1.        , 1.        , 1.        , 1.        , 1.        ,
       1.        , 1.        , 1.        , 1.        , 1.        ,
       1.        , 1.        , 1.        , 1.        , 1.        ,
       1.        , 1.        , 1.        , 1.        , 1.        ,
       1.        ]), array([0.00000000e+00, 6.93403416e-04, 2.54937466e-03, 3.81157238e-03,
       5.70811334e-03, 5.70811334e-03, 5.70811334e-03, 5.70811334e-03,
       5.70811334e-03, 1.50298599e-02, 1.50298599e-02, 1.50298599e-02,
       2.78064866e-02, 3.46623404e-02, 3.46623404e-02, 3.46623404e-02,
       3.46623404e-02, 3.46623404e-02, 3.46623404e-02, 4.49758429e-02,
       4.49758429e-02, 5.64949781e-02, 5.64949781e-02, 5.64949781e-02,
       6.94335033e-02, 6.94335033e-02, 6.94335033e-02, 6.94335033e-02,
       8.47927292e-02, 8.47927292e-02, 8.47927292e-02, 8.47927292e-02,
       8.47927292e-02, 8.47927292e-02, 8.47927292e-02, 8.47927292e-02,
       8.47927292e-02, 8.47927292e-02, 8.47927292e-02, 1.06188474e-01,
       1.06188474e-01, 1.28459904e-01, 1.28459904e-01, 1.28459904e-01,
       1.28459904e-01, 1.28459904e-01, 1.28459904e-01, 1.28459904e-01,
       1.81085918e-01, 1.81085918e-01, 1.81085918e-01, 2.09072465e-01,
       2.09072465e-01, 2.09072465e-01, 2.09072465e-01, 2.09072465e-01,
       2.40036594e-01, 2.40036594e-01, 2.40036594e-01, 2.40036594e-01,
       2.40036594e-01, 2.40036594e-01, 2.74196093e-01, 2.74196093e-01,
       3.09710441e-01, 3.09710441e-01, 3.09710441e-01, 3.83282280e-01,
       3.83282280e-01, 4.59353966e-01, 4.59353966e-01, 4.59353966e-01,
       5.78188225e-01, 5.78188225e-01, 6.59956010e-01, 7.42389316e-01,
       8.26538043e-01, 8.69181680e-01, 9.55015492e-01, 9.55015492e-01,
       9.55015492e-01, 9.55015492e-01, 1.00000000e+00, 1.00000000e+00,
       1.00000000e+00, 1.00000000e+00, 1.00000000e+00, 1.00000000e+00,
       1.00000000e+00, 1.00000000e+00, 1.00000000e+00, 1.00000000e+00,
       1.00000000e+00, 1.00000000e+00, 1.00000000e+00, 1.00000000e+00,
       1.00000000e+00, 1.00000000e+00, 1.00000000e+00, 1.00000000e+00,
       1.00000000e+00])]","[{'lambda_reg': 0.974217634211552}, {'lambda_reg': 0.9733718384908422}, {'lambda_reg': 0.7857977684064092}, {'lambda_reg': 0.974217634211552}, {'lambda_reg': 0.0007459343285726547}]",linear,14
"[np.float64(0.1498643317047398), np.float64(0.1406163587285572), np.float64(0.17240471651234487), np.float64(0.201537202565184), np.float64(0.21369222656228673)]",0.1756229672146225,0.028355398708868,"[np.float64(0.6713455729364453), np.float64(0.852047167288512), np.float64(0.6100229470234547), np.float64(0.6765469232873784), np.float64(0.439651986618481)]",0.6499229194308543,0.1325351668203526,"[np.float64(0.7815620972648705), np.float64(0.6619986535520136), np.float64(0.7956736431103272), np.float64(0.6888501840677874), np.float64(0.6815936926679378)]",0.7219356541325872,0.0553302267515838,"[array([0.        , 0.05941271, 0.05941271, 0.05941271, 0.05941271,
       0.05941271, 0.05941271, 0.11509536, 0.11509536, 0.16951063,
       0.16951063, 0.16951063, 0.16951063, 0.16951063, 0.16951063,
       0.16951063, 0.16951063, 0.16951063, 0.16951063, 0.16951063,
       0.16951063, 0.21686581, 0.21686581, 0.21686581, 0.26242988,
       0.30704858, 0.35133515, 0.35133515, 0.39412942, 0.39412942,
       0.39412942, 0.39412942, 0.39412942, 0.39412942, 0.39412942,
       0.39412942, 0.39412942, 0.39412942, 0.39412942, 0.4308218 ,
       0.4308218 , 0.4308218 , 0.4308218 , 0.4308218 , 0.49774836,
       0.49774836, 0.52998536, 0.56175531, 0.59311472, 0.59311472,
       0.59311472, 0.59311472, 0.59311472, 0.59311472, 0.64845473,
       0.64845473, 0.64845473, 0.67406853, 0.6991378 , 0.6991378 ,
       0.6991378 , 0.6991378 , 0.6991378 , 0.6991378 , 0.72073214,
       0.74200548, 0.74200548, 0.76221255, 0.76221255, 0.76221255,
       0.76221255, 0.76221255, 0.76221255, 0.77873571, 0.77873571,
       0.79394354, 0.80821497, 0.86441632, 0.86441632, 0.87740485,
       0.88933808, 0.88933808, 0.91082684, 0.94245958, 0.98146113,
       1.        , 1.        , 1.        , 1.        , 1.        ,
       1.        , 1.        , 1.        , 1.        , 1.        ,
       1.        , 1.        , 1.        , 1.        , 1.        ,
       1.        ]), array([0.        , 0.        , 0.        , 0.        , 0.        ,
       0.        , 0.03896064, 0.07739641, 0.07739641, 0.07739641,
       0.07739641, 0.07739641, 0.07739641, 0.07739641, 0.07739641,
       0.07739641, 0.07739641, 0.07739641, 0.07739641, 0.07739641,
       0.07739641, 0.10992751, 0.14206252, 0.14206252, 0.20502335,
       0.20502335, 0.26611379, 0.26611379, 0.29583595, 0.3251099 ,
       0.35408064, 0.35408064, 0.35408064, 0.4649494 , 0.4649494 ,
       0.4649494 , 0.4649494 , 0.51713899, 0.51713899, 0.51713899,
       0.54194275, 0.54194275, 0.54194275, 0.56552833, 0.56552833,
       0.56552833, 0.63256816, 0.65472968, 0.67640279, 0.69739005,
       0.71819626, 0.7589807 , 0.79874548, 0.79874548, 0.85589206,
       0.89343853, 0.92999017, 0.96577588, 0.96577588, 1.        ,
       1.        , 1.        , 1.        , 1.        , 1.        ,
       1.        , 1.        , 1.        , 1.        , 1.        ,
       1.        , 1.        , 1.        , 1.        , 1.        ,
       1.        , 1.        , 1.        , 1.        , 1.        ,
       1.        , 1.        , 1.        , 1.        , 1.        ,
       1.        , 1.        , 1.        , 1.        , 1.        ,
       1.        , 1.        , 1.        , 1.        , 1.        ,
       1.        , 1.        , 1.        , 1.        , 1.        ,
       1.        ]), array([0.        , 0.        , 0.0526724 , 0.0526724 , 0.0526724 ,
       0.0526724 , 0.0526724 , 0.0526724 , 0.0526724 , 0.0526724 ,
       0.0526724 , 0.10051752, 0.10051752, 0.10051752, 0.14706681,
       0.14706681, 0.14706681, 0.14706681, 0.14706681, 0.14706681,
       0.14706681, 0.18987871, 0.18987871, 0.2315498 , 0.2315498 ,
       0.2315498 , 0.2315498 , 0.27121269, 0.27121269, 0.38639126,
       0.38639126, 0.38639126, 0.38639126, 0.42259704, 0.49402115,
       0.52901014, 0.52901014, 0.56318615, 0.56318615, 0.59591838,
       0.59591838, 0.59591838, 0.6271335 , 0.6271335 , 0.6271335 ,
       0.6271335 , 0.65654536, 0.65654536, 0.74108969, 0.74108969,
       0.74108969, 0.74108969, 0.74108969, 0.74108969, 0.7908232 ,
       0.7908232 , 0.7908232 , 0.7908232 , 0.7908232 , 0.7908232 ,
       0.7908232 , 0.7908232 , 0.7908232 , 0.8109489 , 0.83056091,
       0.84950803, 0.84950803, 0.84950803, 0.84950803, 0.84950803,
       0.84950803, 0.84950803, 0.84950803, 0.84950803, 0.84950803,
       0.84950803, 0.8754407 , 0.88814263, 0.88814263, 0.89989837,
       0.910961  , 0.910961  , 0.9211414 , 0.94927819, 0.95791281,
       0.96602866, 0.98163265, 0.98163265, 0.98807272, 0.99443326,
       1.        , 1.        , 1.        , 1.        , 1.        ,
       1.        , 1.        , 1.        , 1.        , 1.        ,
       1.        ]), array([0.        , 0.        , 0.        , 0.        , 0.        ,
       0.        , 0.        , 0.        , 0.        , 0.        ,
       0.        , 0.        , 0.        , 0.        , 0.        ,
       0.        , 0.        , 0.        , 0.        , 0.        ,
       0.        , 0.        , 0.        , 0.        , 0.06359881,
       0.06359881, 0.06359881, 0.06359881, 0.06359881, 0.06359881,
       0.06359881, 0.06359881, 0.06359881, 0.06359881, 0.06359881,
       0.06359881, 0.06359881, 0.06359881, 0.06359881, 0.06359881,
       0.06359881, 0.1129899 , 0.1129899 , 0.16059709, 0.16059709,
       0.16059709, 0.16059709, 0.16059709, 0.16059709, 0.16059709,
       0.16059709, 0.16059709, 0.20073232, 0.20073232, 0.20073232,
       0.20073232, 0.20073232, 0.20073232, 0.20073232, 0.23528611,
       0.23528611, 0.26779441, 0.36337962, 0.42538275, 0.45522465,
       0.51367349, 0.51367349, 0.59694191, 0.62403011, 0.65025908,
       0.70097227, 0.70097227, 0.72465184, 0.72465184, 0.7901404 ,
       0.83232738, 0.85291874, 0.85291874, 0.85291874, 0.85291874,
       0.86974961, 0.86974961, 0.88479994, 0.89911484, 0.91292472,
       0.92560575, 0.93798013, 0.960332  , 0.960332  , 0.96978111,
       0.97863646, 0.98684255, 0.99413486, 1.        , 1.        ,
       1.        , 1.        , 1.        , 1.        , 1.        ,
       1.        ]), array([0.        , 0.        , 0.        , 0.        , 0.        ,
       0.        , 0.        , 0.        , 0.        , 0.        ,
       0.        , 0.        , 0.        , 0.        , 0.        ,
       0.        , 0.        , 0.        , 0.        , 0.        ,
       0.        , 0.        , 0.        , 0.        , 0.        ,
       0.        , 0.        , 0.        , 0.        , 0.        ,
       0.        , 0.        , 0.        , 0.        , 0.        ,
       0.        , 0.        , 0.        , 0.        , 0.        ,
       0.        , 0.        , 0.        , 0.        , 0.        ,
       0.        , 0.        , 0.        , 0.        , 0.        ,
       0.        , 0.        , 0.04688415, 0.13772788, 0.13772788,
       0.13772788, 0.18054428, 0.18054428, 0.18054428, 0.29968751,
       0.29968751, 0.33723421, 0.33723421, 0.33723421, 0.33723421,
       0.33723421, 0.33723421, 0.36970284, 0.4620465 , 0.52279273,
       0.58143377, 0.58143377, 0.63528891, 0.63528891, 0.63528891,
       0.65940248, 0.70664803, 0.72915825, 0.7511616 , 0.79191264,
       0.79191264, 0.82923146, 0.88238305, 0.89895335, 0.96143452,
       0.96143452, 0.96143452, 0.96143452, 0.96143452, 0.96143452,
       0.98154054, 0.98154054, 0.99012383, 0.99734594, 0.99734594,
       0.99734594, 0.99734594, 0.99734594, 0.99937765, 0.99937765,
       1.        ])]","[array([0.00000000e+00, 1.48868870e-05, 1.48868870e-05, 1.48868870e-05,
       1.48868870e-05, 1.48868870e-05, 1.48868870e-05, 2.62586339e-03,
       2.62586339e-03, 6.11892183e-03, 6.11892183e-03, 6.11892183e-03,
       6.11892183e-03, 6.11892183e-03, 6.11892183e-03, 6.11892183e-03,
       6.11892183e-03, 6.11892183e-03, 6.11892183e-03, 6.11892183e-03,
       6.11892183e-03, 1.45257528e-02, 1.45257528e-02, 1.45257528e-02,
       2.41791796e-02, 3.44905798e-02, 4.50331408e-02, 4.50331408e-02,
       5.66143238e-02, 5.66143238e-02, 5.66143238e-02, 5.66143238e-02,
       5.66143238e-02, 5.66143238e-02, 5.66143238e-02, 5.66143238e-02,
       5.66143238e-02, 5.66143238e-02, 5.66143238e-02, 7.24423773e-02,
       7.24423773e-02, 7.24423773e-02, 7.24423773e-02, 7.24423773e-02,
       1.08593345e-01, 1.08593345e-01, 1.27522308e-01, 1.46776337e-01,
       1.66316092e-01, 1.66316092e-01, 1.66316092e-01, 1.66316092e-01,
       1.66316092e-01, 1.66316092e-01, 2.10531206e-01, 2.10531206e-01,
       2.10531206e-01, 2.34069867e-01, 2.57987511e-01, 2.57987511e-01,
       2.57987511e-01, 2.57987511e-01, 2.57987511e-01, 2.57987511e-01,
       2.84323683e-01, 3.10883266e-01, 3.10883266e-01, 3.38184964e-01,
       3.38184964e-01, 3.38184964e-01, 3.38184964e-01, 3.38184964e-01,
       3.38184964e-01, 3.68050637e-01, 3.68050637e-01, 3.98831771e-01,
       4.30264629e-01, 5.56611576e-01, 5.56611576e-01, 5.88937327e-01,
       6.21997551e-01, 6.21997551e-01, 6.89772869e-01, 7.91853709e-01,
       9.30171587e-01, 1.00000000e+00, 1.00000000e+00, 1.00000000e+00,
       1.00000000e+00, 1.00000000e+00, 1.00000000e+00, 1.00000000e+00,
       1.00000000e+00, 1.00000000e+00, 1.00000000e+00, 1.00000000e+00,
       1.00000000e+00, 1.00000000e+00, 1.00000000e+00, 1.00000000e+00,
       1.00000000e+00]), array([0.        , 0.        , 0.        , 0.        , 0.        ,
       0.        , 0.00314716, 0.00705958, 0.00705958, 0.00705958,
       0.00705958, 0.00705958, 0.00705958, 0.00705958, 0.00705958,
       0.00705958, 0.00705958, 0.00705958, 0.00705958, 0.00705958,
       0.00705958, 0.01958077, 0.03267944, 0.03267944, 0.06078554,
       0.06078554, 0.09161859, 0.09161859, 0.10823511, 0.1255051 ,
       0.14321716, 0.14321716, 0.14321716, 0.22137589, 0.22137589,
       0.22137589, 0.22137589, 0.26518605, 0.26518605, 0.26518605,
       0.28897339, 0.28897339, 0.28897339, 0.3145368 , 0.3145368 ,
       0.3145368 , 0.39664616, 0.4242858 , 0.45263751, 0.48198918,
       0.51160481, 0.57204322, 0.63396827, 0.63396827, 0.73050159,
       0.79566084, 0.86227052, 0.92999689, 0.92999689, 1.        ,
       1.        , 1.        , 1.        , 1.        , 1.        ,
       1.        , 1.        , 1.        , 1.        , 1.        ,
       1.        , 1.        , 1.        , 1.        , 1.        ,
       1.        , 1.        , 1.        , 1.        , 1.        ,
       1.        , 1.        , 1.        , 1.        , 1.        ,
       1.        , 1.        , 1.        , 1.        , 1.        ,
       1.        , 1.        , 1.        , 1.        , 1.        ,
       1.        , 1.        , 1.        , 1.        , 1.        ,
       1.        ]), array([0.00000000e+00, 0.00000000e+00, 8.01900547e-04, 8.01900547e-04,
       8.01900547e-04, 8.01900547e-04, 8.01900547e-04, 8.01900547e-04,
       8.01900547e-04, 8.01900547e-04, 8.01900547e-04, 5.62991906e-03,
       5.62991906e-03, 5.62991906e-03, 1.15387158e-02, 1.15387158e-02,
       1.15387158e-02, 1.15387158e-02, 1.15387158e-02, 1.15387158e-02,
       1.15387158e-02, 2.05646270e-02, 2.05646270e-02, 3.05420181e-02,
       3.05420181e-02, 3.05420181e-02, 3.05420181e-02, 4.21943222e-02,
       4.21943222e-02, 8.03289867e-02, 8.03289867e-02, 8.03289867e-02,
       8.03289867e-02, 9.48646453e-02, 1.24759529e-01, 1.40310032e-01,
       1.40310032e-01, 1.56538586e-01, 1.56538586e-01, 1.73971311e-01,
       1.73971311e-01, 1.73971311e-01, 1.92669363e-01, 1.92669363e-01,
       1.92669363e-01, 1.92669363e-01, 2.12871391e-01, 2.12871391e-01,
       2.76556129e-01, 2.76556129e-01, 2.76556129e-01, 2.76556129e-01,
       2.76556129e-01, 2.76556129e-01, 3.24541765e-01, 3.24541765e-01,
       3.24541765e-01, 3.24541765e-01, 3.24541765e-01, 3.24541765e-01,
       3.24541765e-01, 3.24541765e-01, 3.24541765e-01, 3.52488796e-01,
       3.80864262e-01, 4.09794269e-01, 4.09794269e-01, 4.09794269e-01,
       4.09794269e-01, 4.09794269e-01, 4.09794269e-01, 4.09794269e-01,
       4.09794269e-01, 4.09794269e-01, 4.09794269e-01, 4.09794269e-01,
       4.77630665e-01, 5.11769385e-01, 5.11769385e-01, 5.46697268e-01,
       5.82203223e-01, 5.82203223e-01, 6.18444999e-01, 7.29175677e-01,
       7.66706680e-01, 8.04670363e-01, 8.81121258e-01, 8.81121258e-01,
       9.20482599e-01, 9.59910266e-01, 1.00000000e+00, 1.00000000e+00,
       1.00000000e+00, 1.00000000e+00, 1.00000000e+00, 1.00000000e+00,
       1.00000000e+00, 1.00000000e+00, 1.00000000e+00, 1.00000000e+00,
       1.00000000e+00]), array([0.        , 0.        , 0.        , 0.        , 0.        ,
       0.        , 0.        , 0.        , 0.        , 0.        ,
       0.        , 0.        , 0.        , 0.        , 0.        ,
       0.        , 0.        , 0.        , 0.        , 0.        ,
       0.        , 0.        , 0.        , 0.        , 0.00801952,
       0.00801952, 0.00801952, 0.00801952, 0.00801952, 0.00801952,
       0.00801952, 0.00801952, 0.00801952, 0.00801952, 0.00801952,
       0.00801952, 0.00801952, 0.00801952, 0.00801952, 0.00801952,
       0.00801952, 0.02197118, 0.02197118, 0.03666767, 0.03666767,
       0.03666767, 0.03666767, 0.03666767, 0.03666767, 0.03666767,
       0.03666767, 0.03666767, 0.05448391, 0.05448391, 0.05448391,
       0.05448391, 0.05448391, 0.05448391, 0.05448391, 0.07463058,
       0.07463058, 0.0956313 , 0.15944333, 0.20270298, 0.22481699,
       0.26956066, 0.26956066, 0.33851531, 0.36177908, 0.3854016 ,
       0.43337513, 0.43337513, 0.4580621 , 0.4580621 , 0.53444036,
       0.58597384, 0.61195022, 0.61195022, 0.61195022, 0.61195022,
       0.63949673, 0.63949673, 0.66778666, 0.69638365, 0.72519151,
       0.7544707 , 0.78387791, 0.84369313, 0.84369313, 0.87432173,
       0.90519825, 0.93634585, 0.96787498, 1.        , 1.        ,
       1.        , 1.        , 1.        , 1.        , 1.        ,
       1.        ]), array([0.        , 0.        , 0.        , 0.        , 0.        ,
       0.        , 0.        , 0.        , 0.        , 0.        ,
       0.        , 0.        , 0.        , 0.        , 0.        ,
       0.        , 0.        , 0.        , 0.        , 0.        ,
       0.        , 0.        , 0.        , 0.        , 0.        ,
       0.        , 0.        , 0.        , 0.        , 0.        ,
       0.        , 0.        , 0.        , 0.        , 0.        ,
       0.        , 0.        , 0.        , 0.        , 0.        ,
       0.        , 0.        , 0.        , 0.        , 0.        ,
       0.        , 0.        , 0.        , 0.        , 0.        ,
       0.        , 0.        , 0.01669772, 0.0510933 , 0.0510933 ,
       0.0510933 , 0.06918212, 0.06918212, 0.06918212, 0.12663105,
       0.12663105, 0.14652201, 0.14652201, 0.14652201, 0.14652201,
       0.14652201, 0.14652201, 0.16814958, 0.23476351, 0.27945192,
       0.32486027, 0.32486027, 0.37190531, 0.37190531, 0.37190531,
       0.39639017, 0.44569558, 0.47072876, 0.49593528, 0.5474617 ,
       0.5474617 , 0.60016188, 0.68017882, 0.70724335, 0.81680101,
       0.81680101, 0.81680101, 0.81680101, 0.81680101, 0.81680101,
       0.87538767, 0.87538767, 0.90518362, 0.93544507, 0.93544507,
       0.93544507, 0.93544507, 0.93544507, 0.96748155, 0.96748155,
       1.        ])]","[{'lambda_reg': 0.1452824663751603, 'gamma': 0.0070689749506246055, 'degree': 3, 'coef0': 0.9170225492671691}, {'lambda_reg': 0.17455141737474106, 'gamma': 0.016131718087174805, 'degree': 7, 'coef0': 0.5191336506268003}, {'lambda_reg': 0.1452824663751603, 'gamma': 0.0070689749506246055, 'degree': 3, 'coef0': 0.9170225492671691}, {'lambda_reg': 0.009163741808778781, 'gamma': 0.0015339162591163618, 'degree': 7, 'coef0': 0.8526206184364576}, {'lambda_reg': 0.8400930770986594, 'gamma': 0.057459208025248086, 'degree': 10, 'coef0': 0.6685683266947899}]",polynomial,20
"[np.float64(0.13255767968906762), np.float64(0.13820798043185284), np.float64(0.1690405292006612), np.float64(0.17756345111029825), np.float64(0.18272102817691613)]",0.1600181337217592,0.0206611835154477,"[np.float64(0.6960383987638848), np.float64(0.8663791199133052), np.float64(0.5982805780215141), np.float64(0.7665761899071863), np.float64(0.6231219013396961)]",0.7100792375891174,0.0978562441537677,"[np.float64(0.7345842482809046), np.float64(0.6725382077480471), np.float64(0.7524872947170507), np.float64(0.6515970496364295), np.float64(0.702551278528837)]",0.7027516157822538,0.0374610038534031,"[array([0.        , 0.        , 0.        , 0.        , 0.        ,
       0.        , 0.        , 0.        , 0.        , 0.        ,
       0.        , 0.        , 0.        , 0.        , 0.        ,
       0.        , 0.        , 0.        , 0.        , 0.04807421,
       0.04807421, 0.04807421, 0.04807421, 0.04807421, 0.09319426,
       0.22712578, 0.22712578, 0.27100745, 0.31375993, 0.31375993,
       0.31375993, 0.31375993, 0.31375993, 0.31375993, 0.31375993,
       0.31375993, 0.31375993, 0.31375993, 0.35072865, 0.3871165 ,
       0.3871165 , 0.3871165 , 0.3871165 , 0.3871165 , 0.4538207 ,
       0.48663275, 0.55177656, 0.55177656, 0.55177656, 0.55177656,
       0.55177656, 0.55177656, 0.58059998, 0.60856708, 0.60856708,
       0.60856708, 0.60856708, 0.63444188, 0.63444188, 0.63444188,
       0.65851372, 0.65851372, 0.65851372, 0.68062217, 0.70233207,
       0.72311711, 0.72311711, 0.72311711, 0.72311711, 0.72311711,
       0.72311711, 0.77593982, 0.77593982, 0.80846084, 0.85526362,
       0.85526362, 0.86964855, 0.86964855, 0.86964855, 0.90801473,
       0.92011646, 0.96631049, 1.        , 1.        , 1.        ,
       1.        , 1.        , 1.        , 1.        , 1.        ,
       1.        , 1.        , 1.        , 1.        , 1.        ,
       1.        , 1.        , 1.        , 1.        , 1.        ,
       1.        ]), array([0.        , 0.        , 0.        , 0.        , 0.        ,
       0.        , 0.        , 0.        , 0.        , 0.        ,
       0.        , 0.        , 0.        , 0.        , 0.        ,
       0.        , 0.        , 0.        , 0.        , 0.        ,
       0.        , 0.        , 0.        , 0.        , 0.        ,
       0.        , 0.        , 0.        , 0.        , 0.        ,
       0.        , 0.        , 0.        , 0.        , 0.        ,
       0.04106802, 0.04106802, 0.08141052, 0.08141052, 0.08141052,
       0.15784019, 0.15784019, 0.19464383, 0.23111547, 0.23111547,
       0.26606885, 0.30058776, 0.33455392, 0.43394011, 0.4665094 ,
       0.53001988, 0.56121769, 0.56121769, 0.56121769, 0.56121769,
       0.56121769, 0.56121769, 0.56121769, 0.56121769, 0.56121769,
       0.58689271, 0.58689271, 0.58689271, 0.61058861, 0.63351098,
       0.63351098, 0.65539608, 0.65539608, 0.69629076, 0.73594479,
       0.77491126, 0.77491126, 0.77491126, 0.79212269, 0.825355  ,
       0.85769109, 0.90434758, 0.91911984, 0.93318018, 0.97383213,
       1.        , 1.        , 1.        , 1.        , 1.        ,
       1.        , 1.        , 1.        , 1.        , 1.        ,
       1.        , 1.        , 1.        , 1.        , 1.        ,
       1.        , 1.        , 1.        , 1.        , 1.        ,
       1.        ]), array([0.        , 0.        , 0.        , 0.        , 0.        ,
       0.        , 0.        , 0.        , 0.        , 0.04940898,
       0.04940898, 0.04940898, 0.04940898, 0.04940898, 0.09614831,
       0.09614831, 0.09614831, 0.09614831, 0.14104807, 0.14104807,
       0.14104807, 0.14104807, 0.14104807, 0.14104807, 0.14104807,
       0.14104807, 0.14104807, 0.22088182, 0.22088182, 0.22088182,
       0.22088182, 0.22088182, 0.22088182, 0.22088182, 0.25667248,
       0.25667248, 0.39579445, 0.4301599 , 0.4301599 , 0.4301599 ,
       0.46307226, 0.49534066, 0.49534066, 0.58909576, 0.58909576,
       0.61902768, 0.61902768, 0.61902768, 0.61902768, 0.61902768,
       0.64664528, 0.64664528, 0.69914131, 0.72497667, 0.77567481,
       0.77567481, 0.77567481, 0.77567481, 0.77567481, 0.77567481,
       0.77567481, 0.79726569, 0.79726569, 0.81781352, 0.81781352,
       0.81781352, 0.81781352, 0.81781352, 0.81781352, 0.81781352,
       0.83431627, 0.83431627, 0.83431627, 0.84912784, 0.84912784,
       0.86303804, 0.86303804, 0.90166586, 0.90166586, 0.92494636,
       0.93619299, 0.94649577, 0.95669357, 0.96626079, 0.97504885,
       0.99192145, 1.        , 1.        , 1.        , 1.        ,
       1.        , 1.        , 1.        , 1.        , 1.        ,
       1.        , 1.        , 1.        , 1.        , 1.        ,
       1.        ]), array([0.        , 0.        , 0.        , 0.        , 0.        ,
       0.        , 0.        , 0.        , 0.        , 0.        ,
       0.        , 0.        , 0.        , 0.        , 0.        ,
       0.        , 0.        , 0.        , 0.        , 0.        ,
       0.        , 0.        , 0.        , 0.        , 0.        ,
       0.        , 0.        , 0.        , 0.        , 0.        ,
       0.05199845, 0.05199845, 0.05199845, 0.05199845, 0.05199845,
       0.05199845, 0.05199845, 0.05199845, 0.09784412, 0.09784412,
       0.09784412, 0.09784412, 0.09784412, 0.09784412, 0.09784412,
       0.09784412, 0.13802888, 0.13802888, 0.13802888, 0.13802888,
       0.13802888, 0.13802888, 0.13802888, 0.13802888, 0.13802888,
       0.20444177, 0.26919899, 0.26919899, 0.30069328, 0.33131362,
       0.36117594, 0.38987645, 0.44606308, 0.47332876, 0.50007869,
       0.60429604, 0.62944217, 0.65430775, 0.65430775, 0.74643325,
       0.76841468, 0.79017784, 0.79017784, 0.83032574, 0.83032574,
       0.83032574, 0.83032574, 0.88149558, 0.88149558, 0.89759797,
       0.92781529, 0.94222595, 0.94222595, 0.95478938, 0.99078604,
       0.99078604, 0.99078604, 0.99078604, 1.        , 1.        ,
       1.        , 1.        , 1.        , 1.        , 1.        ,
       1.        , 1.        , 1.        , 1.        , 1.        ,
       1.        ]), array([0.        , 0.        , 0.        , 0.        , 0.        ,
       0.        , 0.        , 0.        , 0.        , 0.        ,
       0.        , 0.        , 0.        , 0.        , 0.        ,
       0.        , 0.        , 0.        , 0.        , 0.        ,
       0.        , 0.        , 0.        , 0.        , 0.        ,
       0.        , 0.        , 0.        , 0.        , 0.        ,
       0.        , 0.        , 0.        , 0.04706904, 0.09392581,
       0.09392581, 0.13937791, 0.13937791, 0.13937791, 0.18225961,
       0.18225961, 0.18225961, 0.18225961, 0.22264069, 0.30161955,
       0.30161955, 0.30161955, 0.37666185, 0.37666185, 0.44866722,
       0.44866722, 0.44866722, 0.48289612, 0.51590223, 0.51590223,
       0.51590223, 0.51590223, 0.51590223, 0.54582931, 0.57511354,
       0.57511354, 0.57511354, 0.60212725, 0.60212725, 0.60212725,
       0.62671222, 0.62671222, 0.65022011, 0.65022011, 0.65022011,
       0.65022011, 0.71284637, 0.73286524, 0.73286524, 0.75111179,
       0.75111179, 0.76814702, 0.78475846, 0.81639488, 0.81639488,
       0.87405767, 0.88771691, 0.93996044, 0.98867435, 1.        ,
       1.        , 1.        , 1.        , 1.        , 1.        ,
       1.        , 1.        , 1.        , 1.        , 1.        ,
       1.        , 1.        , 1.        , 1.        , 1.        ,
       1.        ])]","[array([0.        , 0.        , 0.        , 0.        , 0.        ,
       0.        , 0.        , 0.        , 0.        , 0.        ,
       0.        , 0.        , 0.        , 0.        , 0.        ,
       0.        , 0.        , 0.        , 0.        , 0.00785522,
       0.00785522, 0.00785522, 0.00785522, 0.00785522, 0.01777289,
       0.04852331, 0.04852331, 0.05930556, 0.07087616, 0.07087616,
       0.07087616, 0.07087616, 0.07087616, 0.07087616, 0.07087616,
       0.07087616, 0.07087616, 0.07087616, 0.08648471, 0.10249879,
       0.10249879, 0.10249879, 0.10249879, 0.10249879, 0.13876579,
       0.15727633, 0.19463272, 0.19463272, 0.19463272, 0.19463272,
       0.19463272, 0.19463272, 0.21592793, 0.23782098, 0.23782098,
       0.23782098, 0.23782098, 0.26117478, 0.26117478, 0.26117478,
       0.28578732, 0.28578732, 0.28578732, 0.3117706 , 0.33803213,
       0.36493936, 0.36493936, 0.36493936, 0.36493936, 0.36493936,
       0.36493936, 0.45231612, 0.45231612, 0.5124482 , 0.60402779,
       0.60402779, 0.63540327, 0.63540327, 0.63540327, 0.73287289,
       0.7658424 , 0.89926535, 1.        , 1.        , 1.        ,
       1.        , 1.        , 1.        , 1.        , 1.        ,
       1.        , 1.        , 1.        , 1.        , 1.        ,
       1.        , 1.        , 1.        , 1.        , 1.        ,
       1.        ]), array([0.        , 0.        , 0.        , 0.        , 0.        ,
       0.        , 0.        , 0.        , 0.        , 0.        ,
       0.        , 0.        , 0.        , 0.        , 0.        ,
       0.        , 0.        , 0.        , 0.        , 0.        ,
       0.        , 0.        , 0.        , 0.        , 0.        ,
       0.        , 0.        , 0.        , 0.        , 0.        ,
       0.        , 0.        , 0.        , 0.        , 0.        ,
       0.01387224, 0.01387224, 0.02820203, 0.02820203, 0.02820203,
       0.05954528, 0.05954528, 0.0761069 , 0.09287789, 0.09287789,
       0.11060638, 0.12860888, 0.14695998, 0.20359767, 0.22282972,
       0.26232059, 0.28241757, 0.28241757, 0.28241757, 0.28241757,
       0.28241757, 0.28241757, 0.28241757, 0.28241757, 0.28241757,
       0.30599756, 0.30599756, 0.30599756, 0.3308257 , 0.35614167,
       0.35614167, 0.38211181, 0.38211181, 0.43586556, 0.49040174,
       0.54537154, 0.54537154, 0.54537154, 0.57428917, 0.63287527,
       0.69202658, 0.78191879, 0.81237471, 0.84327961, 0.93695864,
       1.        , 1.        , 1.        , 1.        , 1.        ,
       1.        , 1.        , 1.        , 1.        , 1.        ,
       1.        , 1.        , 1.        , 1.        , 1.        ,
       1.        , 1.        , 1.        , 1.        , 1.        ,
       1.        ]), array([0.        , 0.        , 0.        , 0.        , 0.        ,
       0.        , 0.        , 0.        , 0.        , 0.0039132 ,
       0.0039132 , 0.0039132 , 0.0039132 , 0.0039132 , 0.01001142,
       0.01001142, 0.01001142, 0.01001142, 0.01761528, 0.01761528,
       0.01761528, 0.01761528, 0.01761528, 0.01761528, 0.01761528,
       0.01761528, 0.01761528, 0.04097965, 0.04097965, 0.04097965,
       0.04097965, 0.04097965, 0.04097965, 0.04097965, 0.05603902,
       0.05603902, 0.11958363, 0.13580949, 0.13580949, 0.13580949,
       0.15322465, 0.17116687, 0.17116687, 0.22748995, 0.22748995,
       0.24734451, 0.24734451, 0.24734451, 0.24734451, 0.24734451,
       0.26909327, 0.26909327, 0.3148327 , 0.33804016, 0.38525111,
       0.38525111, 0.38525111, 0.38525111, 0.38525111, 0.38525111,
       0.38525111, 0.41193255, 0.41193255, 0.43946769, 0.43946769,
       0.43946769, 0.43946769, 0.43946769, 0.43946769, 0.43946769,
       0.4703136 , 0.4703136 , 0.4703136 , 0.50254368, 0.50254368,
       0.53551151, 0.53551151, 0.63695452, 0.63695452, 0.70660594,
       0.74175381, 0.7776742 , 0.81368051, 0.85020293, 0.88736307,
       0.96225915, 1.        , 1.        , 1.        , 1.        ,
       1.        , 1.        , 1.        , 1.        , 1.        ,
       1.        , 1.        , 1.        , 1.        , 1.        ,
       1.        ]), array([0.        , 0.        , 0.        , 0.        , 0.        ,
       0.        , 0.        , 0.        , 0.        , 0.        ,
       0.        , 0.        , 0.        , 0.        , 0.        ,
       0.        , 0.        , 0.        , 0.        , 0.        ,
       0.        , 0.        , 0.        , 0.        , 0.        ,
       0.        , 0.        , 0.        , 0.        , 0.        ,
       0.01061162, 0.01061162, 0.01061162, 0.01061162, 0.01061162,
       0.01061162, 0.01061162, 0.01061162, 0.02429396, 0.02429396,
       0.02429396, 0.02429396, 0.02429396, 0.02429396, 0.02429396,
       0.02429396, 0.04080152, 0.04080152, 0.04080152, 0.04080152,
       0.04080152, 0.04080152, 0.04080152, 0.04080152, 0.04080152,
       0.08078208, 0.12158895, 0.12158895, 0.14243373, 0.16371467,
       0.18537393, 0.20761302, 0.25269727, 0.27565245, 0.29886503,
       0.39310396, 0.41711696, 0.44126998, 0.44126998, 0.54154367,
       0.5671361 , 0.59283746, 0.59283746, 0.64592627, 0.64592627,
       0.64592627, 0.64592627, 0.73007714, 0.73007714, 0.75860367,
       0.8166486 , 0.84601943, 0.84601943, 0.87631216, 0.96803562,
       0.96803562, 0.96803562, 0.96803562, 1.        , 1.        ,
       1.        , 1.        , 1.        , 1.        , 1.        ,
       1.        , 1.        , 1.        , 1.        , 1.        ,
       1.        ]), array([0.        , 0.        , 0.        , 0.        , 0.        ,
       0.        , 0.        , 0.        , 0.        , 0.        ,
       0.        , 0.        , 0.        , 0.        , 0.        ,
       0.        , 0.        , 0.        , 0.        , 0.        ,
       0.        , 0.        , 0.        , 0.        , 0.        ,
       0.        , 0.        , 0.        , 0.        , 0.        ,
       0.        , 0.        , 0.        , 0.01228998, 0.02469322,
       0.02469322, 0.03784592, 0.03784592, 0.03784592, 0.05237005,
       0.05237005, 0.05237005, 0.05237005, 0.06822839, 0.10089655,
       0.10089655, 0.10089655, 0.13566505, 0.13566505, 0.17205391,
       0.17205391, 0.17205391, 0.19119475, 0.210988  , 0.210988  ,
       0.210988  , 0.210988  , 0.210988  , 0.23242407, 0.25420313,
       0.25420313, 0.25420313, 0.27719362, 0.27719362, 0.27719362,
       0.30147997, 0.30147997, 0.32634099, 0.32634099, 0.32634099,
       0.32634099, 0.40513772, 0.43186031, 0.43186031, 0.45952852,
       0.45952852, 0.48784303, 0.51638365, 0.57431135, 0.57431135,
       0.69315999, 0.72327576, 0.84501584, 0.96863914, 1.        ,
       1.        , 1.        , 1.        , 1.        , 1.        ,
       1.        , 1.        , 1.        , 1.        , 1.        ,
       1.        , 1.        , 1.        , 1.        , 1.        ,
       1.        ])]","[{'lambda_reg': 0.1452824663751603, 'gamma': 0.0070689749506246055}, {'lambda_reg': 0.8192602279031006, 'gamma': 0.023739423955292542}, {'lambda_reg': 0.1452824663751603, 'gamma': 0.0070689749506246055}, {'lambda_reg': 0.1452824663751603, 'gamma': 0.0070689749506246055}, {'lambda_reg': 0.8192602279031006, 'gamma': 0.023739423955292542}]",laplacian,16
"[np.float64(0.15430595331690652), np.float64(0.13631531464675015), np.float64(0.16476240447834922), np.float64(0.1826396433912862), np.float64(0.1726717956231026)]",0.1621390222912789,0.0159142562484864,"[np.float64(0.6796716483878636), np.float64(0.8617475069548507), np.float64(0.6144268413547391), np.float64(0.7587496020771112), np.float64(0.63992155635047)]",0.710903431025007,0.0898496237731537,"[np.float64(0.7211953737861436), np.float64(0.6919081248029609), np.float64(0.7660159437788978), np.float64(0.5842034149241685), np.float64(0.6568933731719264)]",0.6840432460928195,0.0614276282508202,"[array([0.        , 0.05833871, 0.05833871, 0.05833871, 0.05833871,
       0.05833871, 0.05833871, 0.05833871, 0.05833871, 0.11161524,
       0.11161524, 0.11161524, 0.11161524, 0.11161524, 0.11161524,
       0.11161524, 0.11161524, 0.1601349 , 0.1601349 , 0.1601349 ,
       0.1601349 , 0.1601349 , 0.1601349 , 0.1601349 , 0.1601349 ,
       0.1601349 , 0.1601349 , 0.1601349 , 0.1601349 , 0.1601349 ,
       0.1601349 , 0.20080937, 0.20080937, 0.20080937, 0.20080937,
       0.27714921, 0.31500771, 0.35186133, 0.35186133, 0.35186133,
       0.35186133, 0.35186133, 0.35186133, 0.35186133, 0.35186133,
       0.38407082, 0.44735541, 0.44735541, 0.44735541, 0.44735541,
       0.44735541, 0.50462244, 0.50462244, 0.53245858, 0.53245858,
       0.53245858, 0.58428135, 0.60977089, 0.63460623, 0.63460623,
       0.65797052, 0.68110401, 0.68110401, 0.68110401, 0.68110401,
       0.68110401, 0.70130086, 0.70130086, 0.72006391, 0.7383155 ,
       0.77356994, 0.79092271, 0.79092271, 0.82290382, 0.82290382,
       0.852786  , 0.852786  , 0.9215767 , 0.97466683, 1.        ,
       1.        , 1.        , 1.        , 1.        , 1.        ,
       1.        , 1.        , 1.        , 1.        , 1.        ,
       1.        , 1.        , 1.        , 1.        , 1.        ,
       1.        , 1.        , 1.        , 1.        , 1.        ,
       1.        ]), array([0.        , 0.        , 0.        , 0.        , 0.        ,
       0.        , 0.        , 0.        , 0.        , 0.        ,
       0.        , 0.        , 0.        , 0.05543714, 0.05543714,
       0.05543714, 0.10918474, 0.10918474, 0.10918474, 0.10918474,
       0.10918474, 0.10918474, 0.10918474, 0.10918474, 0.10918474,
       0.10918474, 0.10918474, 0.10918474, 0.10918474, 0.10918474,
       0.10918474, 0.10918474, 0.10918474, 0.10918474, 0.10918474,
       0.10918474, 0.10918474, 0.14939008, 0.14939008, 0.14939008,
       0.14939008, 0.18712678, 0.18712678, 0.26006162, 0.26006162,
       0.26006162, 0.32922901, 0.32922901, 0.32922901, 0.32922901,
       0.36146661, 0.42395804, 0.48551573, 0.54549643, 0.54549643,
       0.57444942, 0.57444942, 0.57444942, 0.57444942, 0.60049344,
       0.60049344, 0.60049344, 0.60049344, 0.62410237, 0.62410237,
       0.62410237, 0.62410237, 0.64527069, 0.66583464, 0.72620477,
       0.74525026, 0.74525026, 0.78106717, 0.78106717, 0.7978715 ,
       0.83034564, 0.84579513, 0.8608255 , 0.9324756 , 0.98690609,
       1.        , 1.        , 1.        , 1.        , 1.        ,
       1.        , 1.        , 1.        , 1.        , 1.        ,
       1.        , 1.        , 1.        , 1.        , 1.        ,
       1.        , 1.        , 1.        , 1.        , 1.        ,
       1.        ]), array([0.        , 0.        , 0.        , 0.        , 0.05218713,
       0.05218713, 0.05218713, 0.05218713, 0.05218713, 0.05218713,
       0.05218713, 0.05218713, 0.05218713, 0.05218713, 0.05218713,
       0.05218713, 0.09827341, 0.09827341, 0.14285271, 0.14285271,
       0.18638648, 0.18638648, 0.18638648, 0.18638648, 0.18638648,
       0.18638648, 0.18638648, 0.22619679, 0.22619679, 0.22619679,
       0.26430461, 0.26430461, 0.26430461, 0.26430461, 0.30047161,
       0.37180036, 0.37180036, 0.37180036, 0.439766  , 0.47339571,
       0.47339571, 0.5377609 , 0.56974574, 0.56974574, 0.60028748,
       0.60028748, 0.63011986, 0.65937933, 0.65937933, 0.71529221,
       0.71529221, 0.71529221, 0.74145814, 0.74145814, 0.74145814,
       0.74145814, 0.76577159, 0.76577159, 0.76577159, 0.76577159,
       0.76577159, 0.78745637, 0.78745637, 0.80785422, 0.80785422,
       0.82687745, 0.82687745, 0.82687745, 0.82687745, 0.82687745,
       0.82687745, 0.82687745, 0.82687745, 0.84178724, 0.87044407,
       0.87044407, 0.87044407, 0.88297151, 0.90759026, 0.90759026,
       0.91860614, 0.93989786, 0.94986601, 0.9684974 , 0.97751813,
       0.97751813, 0.99309306, 0.99309306, 1.        , 1.        ,
       1.        , 1.        , 1.        , 1.        , 1.        ,
       1.        , 1.        , 1.        , 1.        , 1.        ,
       1.        ]), array([0.        , 0.        , 0.        , 0.        , 0.        ,
       0.        , 0.        , 0.        , 0.        , 0.        ,
       0.        , 0.        , 0.        , 0.        , 0.        ,
       0.        , 0.        , 0.        , 0.        , 0.        ,
       0.        , 0.        , 0.        , 0.        , 0.        ,
       0.        , 0.        , 0.        , 0.        , 0.        ,
       0.        , 0.        , 0.        , 0.        , 0.        ,
       0.        , 0.        , 0.        , 0.        , 0.        ,
       0.        , 0.        , 0.        , 0.        , 0.        ,
       0.04048909, 0.04048909, 0.04048909, 0.04048909, 0.04048909,
       0.04048909, 0.04048909, 0.07590025, 0.07590025, 0.07590025,
       0.07590025, 0.10838456, 0.10838456, 0.10838456, 0.10838456,
       0.1378559 , 0.16650073, 0.27915857, 0.30681829, 0.38634189,
       0.43846834, 0.58965152, 0.68755339, 0.7111404 , 0.7111404 ,
       0.75533281, 0.79765602, 0.81829567, 0.85839414, 0.89742425,
       0.91610448, 0.95140624, 0.96853592, 0.98458283, 1.        ,
       1.        , 1.        , 1.        , 1.        , 1.        ,
       1.        , 1.        , 1.        , 1.        , 1.        ,
       1.        , 1.        , 1.        , 1.        , 1.        ,
       1.        , 1.        , 1.        , 1.        , 1.        ,
       1.        ]), array([0.        , 0.        , 0.        , 0.        , 0.        ,
       0.        , 0.        , 0.        , 0.        , 0.        ,
       0.        , 0.        , 0.        , 0.        , 0.        ,
       0.        , 0.        , 0.        , 0.        , 0.        ,
       0.        , 0.        , 0.        , 0.        , 0.        ,
       0.        , 0.        , 0.        , 0.        , 0.05006076,
       0.09928237, 0.09928237, 0.09928237, 0.09928237, 0.09928237,
       0.09928237, 0.09928237, 0.09928237, 0.09928237, 0.09928237,
       0.09928237, 0.09928237, 0.09928237, 0.09928237, 0.09928237,
       0.13825179, 0.2521584 , 0.2521584 , 0.2521584 , 0.2880523 ,
       0.2880523 , 0.2880523 , 0.2880523 , 0.2880523 , 0.32040371,
       0.32040371, 0.35178983, 0.38209954, 0.44103244, 0.44103244,
       0.44103244, 0.46856822, 0.49545003, 0.52130603, 0.52130603,
       0.57100183, 0.5947486 , 0.5947486 , 0.61761603, 0.63939798,
       0.66076761, 0.68133558, 0.68133558, 0.71999302, 0.7568535 ,
       0.79214182, 0.82622149, 0.89124224, 0.98560163, 0.98560163,
       1.        , 1.        , 1.        , 1.        , 1.        ,
       1.        , 1.        , 1.        , 1.        , 1.        ,
       1.        , 1.        , 1.        , 1.        , 1.        ,
       1.        , 1.        , 1.        , 1.        , 1.        ,
       1.        ])]","[array([0.00000000e+00, 9.27904788e-11, 9.27904788e-11, 9.27904788e-11,
       9.27904788e-11, 9.27904788e-11, 9.27904788e-11, 9.27904788e-11,
       9.27904788e-11, 3.63692431e-03, 3.63692431e-03, 3.63692431e-03,
       3.63692431e-03, 3.63692431e-03, 3.63692431e-03, 3.63692431e-03,
       3.63692431e-03, 1.06914130e-02, 1.06914130e-02, 1.06914130e-02,
       1.06914130e-02, 1.06914130e-02, 1.06914130e-02, 1.06914130e-02,
       1.06914130e-02, 1.06914130e-02, 1.06914130e-02, 1.06914130e-02,
       1.06914130e-02, 1.06914130e-02, 1.06914130e-02, 2.33822677e-02,
       2.33822677e-02, 2.33822677e-02, 2.33822677e-02, 5.23627689e-02,
       6.70767527e-02, 8.25127008e-02, 8.25127008e-02, 8.25127008e-02,
       8.25127008e-02, 8.25127008e-02, 8.25127008e-02, 8.25127008e-02,
       8.25127008e-02, 1.01285215e-01, 1.39645245e-01, 1.39645245e-01,
       1.39645245e-01, 1.39645245e-01, 1.39645245e-01, 1.82328584e-01,
       1.82328584e-01, 2.04243124e-01, 2.04243124e-01, 2.04243124e-01,
       2.50837889e-01, 2.74438348e-01, 2.98508813e-01, 2.98508813e-01,
       3.23636149e-01, 3.48929305e-01, 3.48929305e-01, 3.48929305e-01,
       3.48929305e-01, 3.48929305e-01, 3.76332289e-01, 3.76332289e-01,
       4.04765383e-01, 4.33565938e-01, 4.92064206e-01, 5.21510516e-01,
       5.21510516e-01, 5.82360496e-01, 5.82360496e-01, 6.44718460e-01,
       6.44718460e-01, 8.04862798e-01, 9.34373809e-01, 1.00000000e+00,
       1.00000000e+00, 1.00000000e+00, 1.00000000e+00, 1.00000000e+00,
       1.00000000e+00, 1.00000000e+00, 1.00000000e+00, 1.00000000e+00,
       1.00000000e+00, 1.00000000e+00, 1.00000000e+00, 1.00000000e+00,
       1.00000000e+00, 1.00000000e+00, 1.00000000e+00, 1.00000000e+00,
       1.00000000e+00, 1.00000000e+00, 1.00000000e+00, 1.00000000e+00,
       1.00000000e+00]), array([0.        , 0.        , 0.        , 0.        , 0.        ,
       0.        , 0.        , 0.        , 0.        , 0.        ,
       0.        , 0.        , 0.        , 0.00496451, 0.00496451,
       0.00496451, 0.01098615, 0.01098615, 0.01098615, 0.01098615,
       0.01098615, 0.01098615, 0.01098615, 0.01098615, 0.01098615,
       0.01098615, 0.01098615, 0.01098615, 0.01098615, 0.01098615,
       0.01098615, 0.01098615, 0.01098615, 0.01098615, 0.01098615,
       0.01098615, 0.01098615, 0.02548105, 0.02548105, 0.02548105,
       0.02548105, 0.04152055, 0.04152055, 0.0751879 , 0.0751879 ,
       0.0751879 , 0.11121251, 0.11121251, 0.11121251, 0.11121251,
       0.13069274, 0.17089444, 0.21168036, 0.25345298, 0.25345298,
       0.27498836, 0.27498836, 0.27498836, 0.27498836, 0.29834385,
       0.29834385, 0.29834385, 0.29834385, 0.32322296, 0.32322296,
       0.32322296, 0.32322296, 0.34962913, 0.37641345, 0.45759338,
       0.48532779, 0.48532779, 0.54221946, 0.54221946, 0.57135613,
       0.63033933, 0.66032372, 0.69057034, 0.84399447, 0.96854175,
       1.        , 1.        , 1.        , 1.        , 1.        ,
       1.        , 1.        , 1.        , 1.        , 1.        ,
       1.        , 1.        , 1.        , 1.        , 1.        ,
       1.        , 1.        , 1.        , 1.        , 1.        ,
       1.        ]), array([0.        , 0.        , 0.        , 0.        , 0.00172489,
       0.00172489, 0.00172489, 0.00172489, 0.00172489, 0.00172489,
       0.00172489, 0.00172489, 0.00172489, 0.00172489, 0.00172489,
       0.00172489, 0.00842437, 0.00842437, 0.01635262, 0.01635262,
       0.02513339, 0.02513339, 0.02513339, 0.02513339, 0.02513339,
       0.02513339, 0.02513339, 0.03695025, 0.03695025, 0.03695025,
       0.05015529, 0.05015529, 0.05015529, 0.05015529, 0.06494286,
       0.09533768, 0.09533768, 0.09533768, 0.12847476, 0.14533122,
       0.14533122, 0.18140407, 0.19960174, 0.19960174, 0.21897611,
       0.21897611, 0.23892887, 0.25934879, 0.25934879, 0.30231359,
       0.30231359, 0.30231359, 0.32525595, 0.32525595, 0.32525595,
       0.32525595, 0.34970881, 0.34970881, 0.34970881, 0.34970881,
       0.34970881, 0.37630507, 0.37630507, 0.40395068, 0.40395068,
       0.43271714, 0.43271714, 0.43271714, 0.43271714, 0.43271714,
       0.43271714, 0.43271714, 0.43271714, 0.46483767, 0.53002682,
       0.53002682, 0.53002682, 0.5640899 , 0.63257166, 0.63257166,
       0.66786726, 0.73906185, 0.77521175, 0.84857557, 0.88549799,
       0.88549799, 0.96135402, 0.96135402, 1.        , 1.        ,
       1.        , 1.        , 1.        , 1.        , 1.        ,
       1.        , 1.        , 1.        , 1.        , 1.        ,
       1.        ]), array([0.        , 0.        , 0.        , 0.        , 0.        ,
       0.        , 0.        , 0.        , 0.        , 0.        ,
       0.        , 0.        , 0.        , 0.        , 0.        ,
       0.        , 0.        , 0.        , 0.        , 0.        ,
       0.        , 0.        , 0.        , 0.        , 0.        ,
       0.        , 0.        , 0.        , 0.        , 0.        ,
       0.        , 0.        , 0.        , 0.        , 0.        ,
       0.        , 0.        , 0.        , 0.        , 0.        ,
       0.        , 0.        , 0.        , 0.        , 0.        ,
       0.01628126, 0.01628126, 0.01628126, 0.01628126, 0.01628126,
       0.01628126, 0.01628126, 0.03512027, 0.03512027, 0.03512027,
       0.03512027, 0.05543353, 0.05543353, 0.05543353, 0.05543353,
       0.07726443, 0.09951164, 0.18946833, 0.21221174, 0.28218253,
       0.32927766, 0.47318035, 0.57056962, 0.59536445, 0.59536445,
       0.64645595, 0.69848897, 0.72476838, 0.777922  , 0.83161376,
       0.85888013, 0.91444985, 0.94249724, 0.97109002, 1.        ,
       1.        , 1.        , 1.        , 1.        , 1.        ,
       1.        , 1.        , 1.        , 1.        , 1.        ,
       1.        , 1.        , 1.        , 1.        , 1.        ,
       1.        , 1.        , 1.        , 1.        , 1.        ,
       1.        ]), array([0.        , 0.        , 0.        , 0.        , 0.        ,
       0.        , 0.        , 0.        , 0.        , 0.        ,
       0.        , 0.        , 0.        , 0.        , 0.        ,
       0.        , 0.        , 0.        , 0.        , 0.        ,
       0.        , 0.        , 0.        , 0.        , 0.        ,
       0.        , 0.        , 0.        , 0.        , 0.01059947,
       0.02164975, 0.02164975, 0.02164975, 0.02164975, 0.02164975,
       0.02164975, 0.02164975, 0.02164975, 0.02164975, 0.02164975,
       0.02164975, 0.02164975, 0.02164975, 0.02164975, 0.02164975,
       0.03820773, 0.08949424, 0.08949424, 0.08949424, 0.10770446,
       0.10770446, 0.10770446, 0.10770446, 0.10770446, 0.12781779,
       0.12781779, 0.14844969, 0.16965987, 0.21298625, 0.21298625,
       0.21298625, 0.23568665, 0.25873837, 0.28234117, 0.28234117,
       0.33062993, 0.35536587, 0.35536587, 0.3805742 , 0.40636568,
       0.43237866, 0.45882232, 0.45882232, 0.51304113, 0.56822532,
       0.6242541 , 0.68093219, 0.79597451, 0.9702419 , 0.9702419 ,
       1.        , 1.        , 1.        , 1.        , 1.        ,
       1.        , 1.        , 1.        , 1.        , 1.        ,
       1.        , 1.        , 1.        , 1.        , 1.        ,
       1.        , 1.        , 1.        , 1.        , 1.        ,
       1.        ])]","[{'lambda_reg': 0.004989999866609144, 'gamma': 0.07890976148310079, 'coef0': -3.8375179018369003}, {'lambda_reg': 0.11466310172357008, 'gamma': 0.05615754250701848, 'coef0': -2.1458125360995046}, {'lambda_reg': 0.016541073183399986, 'gamma': 0.004798876337315295, 'coef0': -1.4390877666500634}, {'lambda_reg': 0.2554042032854797, 'gamma': 0.07552732332199008, 'coef0': -2.2443238157698455}, {'lambda_reg': 0.00583215183416258, 'gamma': 0.03735379515115416, 'coef0': -3.844318820535709}]",sigmoid,19
"[np.float64(0.14335907792188204), np.float64(0.13176041362710839), np.float64(0.16988074504754622), np.float64(0.19368263516371406), np.float64(0.179468806276)]",0.1636303356072501,0.0228896539733328,"[np.float64(0.6822944116561035), np.float64(0.8686797011451103), np.float64(0.6098190566958182), np.float64(0.6816852498435176), np.float64(0.6441013511734875)]",0.6973159541028074,0.089803118514083,"[np.float64(0.7475932366751366), np.float64(0.7215470910950963), np.float64(0.7863643570887933), np.float64(0.6621723261909854), np.float64(0.5599663324891431)]",0.6955286687078309,0.0789032222560743,"[array([0.        , 0.        , 0.        , 0.        , 0.05519353,
       0.05519353, 0.05519353, 0.05519353, 0.05519353, 0.05519353,
       0.05519353, 0.05519353, 0.05519353, 0.05519353, 0.15508845,
       0.15508845, 0.15508845, 0.15508845, 0.15508845, 0.15508845,
       0.15508845, 0.15508845, 0.15508845, 0.15508845, 0.15508845,
       0.15508845, 0.19804711, 0.24050068, 0.28196733, 0.32324296,
       0.32324296, 0.32324296, 0.36285988, 0.36285988, 0.36285988,
       0.36285988, 0.36285988, 0.36285988, 0.36285988, 0.36285988,
       0.39758332, 0.39758332, 0.39758332, 0.39758332, 0.42982815,
       0.46193919, 0.49333979, 0.55457809, 0.55457809, 0.55457809,
       0.55457809, 0.55457809, 0.60990395, 0.60990395, 0.60990395,
       0.60990395, 0.63546435, 0.63546435, 0.66008708, 0.66008708,
       0.66008708, 0.66008708, 0.72635179, 0.72635179, 0.72635179,
       0.72635179, 0.72635179, 0.72635179, 0.74508423, 0.7629322 ,
       0.7629322 , 0.78014033, 0.79640469, 0.8121841 , 0.84259502,
       0.84259502, 0.85674391, 0.85674391, 0.88253035, 0.91888158,
       0.96634981, 1.        , 1.        , 1.        , 1.        ,
       1.        , 1.        , 1.        , 1.        , 1.        ,
       1.        , 1.        , 1.        , 1.        , 1.        ,
       1.        , 1.        , 1.        , 1.        , 1.        ,
       1.        ]), array([0.        , 0.        , 0.        , 0.        , 0.        ,
       0.        , 0.        , 0.        , 0.        , 0.        ,
       0.        , 0.        , 0.        , 0.        , 0.        ,
       0.05442224, 0.05442224, 0.10710159, 0.10710159, 0.10710159,
       0.10710159, 0.10710159, 0.10710159, 0.10710159, 0.10710159,
       0.10710159, 0.10710159, 0.10710159, 0.10710159, 0.10710159,
       0.10710159, 0.10710159, 0.15085111, 0.15085111, 0.15085111,
       0.15085111, 0.15085111, 0.23140184, 0.27094146, 0.27094146,
       0.27094146, 0.27094146, 0.30823556, 0.34475157, 0.34475157,
       0.34475157, 0.37909381, 0.4129468 , 0.47962019, 0.54497281,
       0.57693052, 0.57693052, 0.60758219, 0.60758219, 0.60758219,
       0.60758219, 0.60758219, 0.60758219, 0.60758219, 0.63413911,
       0.63413911, 0.63413911, 0.63413911, 0.63413911, 0.65750932,
       0.65750932, 0.65750932, 0.67902133, 0.67902133, 0.67902133,
       0.71729129, 0.75519843, 0.77328574, 0.77328574, 0.80657461,
       0.80657461, 0.80657461, 0.85092674, 0.86530084, 0.87902922,
       0.90510107, 0.94225985, 0.97789012, 1.        , 1.        ,
       1.        , 1.        , 1.        , 1.        , 1.        ,
       1.        , 1.        , 1.        , 1.        , 1.        ,
       1.        , 1.        , 1.        , 1.        , 1.        ,
       1.        ]), array([0.        , 0.        , 0.        , 0.0523481 , 0.0523481 ,
       0.0523481 , 0.0523481 , 0.0523481 , 0.0523481 , 0.0523481 ,
       0.0523481 , 0.0523481 , 0.09977686, 0.09977686, 0.09977686,
       0.14572738, 0.14572738, 0.14572738, 0.14572738, 0.14572738,
       0.18904227, 0.18904227, 0.18904227, 0.18904227, 0.18904227,
       0.22977077, 0.22977077, 0.22977077, 0.26879699, 0.26879699,
       0.30655568, 0.34398347, 0.38099201, 0.38099201, 0.38099201,
       0.45144931, 0.48594672, 0.52005788, 0.55361529, 0.55361529,
       0.55361529, 0.58583467, 0.61710132, 0.61710132, 0.64755212,
       0.67727251, 0.67727251, 0.67727251, 0.67727251, 0.73284566,
       0.73284566, 0.75967665, 0.75967665, 0.75967665, 0.75967665,
       0.78430037, 0.78430037, 0.78430037, 0.78430037, 0.78430037,
       0.78430037, 0.78430037, 0.80516354, 0.80516354, 0.82477239,
       0.84364379, 0.84364379, 0.84364379, 0.84364379, 0.84364379,
       0.84364379, 0.84364379, 0.84364379, 0.84364379, 0.84364379,
       0.84364379, 0.88355949, 0.88355949, 0.88355949, 0.90680834,
       0.90680834, 0.91738525, 0.93729861, 0.94690629, 0.95572749,
       0.97235401, 0.98026698, 0.98026698, 0.99388066, 1.        ,
       1.        , 1.        , 1.        , 1.        , 1.        ,
       1.        , 1.        , 1.        , 1.        , 1.        ,
       1.        ]), array([0.        , 0.        , 0.        , 0.        , 0.        ,
       0.        , 0.        , 0.        , 0.        , 0.        ,
       0.        , 0.        , 0.        , 0.        , 0.        ,
       0.        , 0.        , 0.        , 0.        , 0.        ,
       0.        , 0.        , 0.        , 0.        , 0.        ,
       0.        , 0.        , 0.        , 0.        , 0.0568854 ,
       0.0568854 , 0.0568854 , 0.0568854 , 0.0568854 , 0.0568854 ,
       0.0568854 , 0.0568854 , 0.0568854 , 0.0568854 , 0.0568854 ,
       0.0568854 , 0.0568854 , 0.0568854 , 0.0568854 , 0.10130125,
       0.14555123, 0.14555123, 0.14555123, 0.14555123, 0.14555123,
       0.14555123, 0.14555123, 0.14555123, 0.18308937, 0.18308937,
       0.18308937, 0.18308937, 0.18308937, 0.18308937, 0.18308937,
       0.24757321, 0.27864025, 0.27864025, 0.3674573 , 0.48271293,
       0.51111206, 0.62001803, 0.64647529, 0.69739792, 0.69739792,
       0.69739792, 0.69739792, 0.76478422, 0.786257  , 0.82814166,
       0.82814166, 0.82814166, 0.82814166, 0.82814166, 0.84538335,
       0.87815287, 0.90972487, 0.92423202, 0.92423202, 0.95017225,
       0.95017225, 0.9614503 , 0.98280321, 0.98280321, 0.99216395,
       0.99216395, 1.        , 1.        , 1.        , 1.        ,
       1.        , 1.        , 1.        , 1.        , 1.        ,
       1.        ]), array([0.        , 0.        , 0.        , 0.        , 0.        ,
       0.        , 0.        , 0.        , 0.        , 0.        ,
       0.        , 0.        , 0.        , 0.        , 0.        ,
       0.        , 0.        , 0.        , 0.        , 0.        ,
       0.        , 0.        , 0.        , 0.        , 0.        ,
       0.        , 0.        , 0.        , 0.        , 0.        ,
       0.        , 0.        , 0.        , 0.        , 0.        ,
       0.        , 0.        , 0.        , 0.        , 0.        ,
       0.        , 0.        , 0.        , 0.        , 0.        ,
       0.        , 0.        , 0.        , 0.        , 0.        ,
       0.        , 0.03292783, 0.0654898 , 0.0654898 , 0.0654898 ,
       0.0654898 , 0.15425275, 0.21252285, 0.21252285, 0.24019363,
       0.29446381, 0.34733849, 0.39866104, 0.44888464, 0.49796115,
       0.54534197, 0.59176694, 0.68122694, 0.81105973, 0.97959971,
       1.        , 1.        , 1.        , 1.        , 1.        ,
       1.        , 1.        , 1.        , 1.        , 1.        ,
       1.        , 1.        , 1.        , 1.        , 1.        ,
       1.        , 1.        , 1.        , 1.        , 1.        ,
       1.        , 1.        , 1.        , 1.        , 1.        ,
       1.        , 1.        , 1.        , 1.        , 1.        ,
       1.        ])]","[array([0.        , 0.        , 0.        , 0.        , 0.00165219,
       0.00165219, 0.00165219, 0.00165219, 0.00165219, 0.00165219,
       0.00165219, 0.00165219, 0.00165219, 0.00165219, 0.01270156,
       0.01270156, 0.01270156, 0.01270156, 0.01270156, 0.01270156,
       0.01270156, 0.01270156, 0.01270156, 0.01270156, 0.01270156,
       0.01270156, 0.02338517, 0.03444161, 0.04622657, 0.05815253,
       0.05815253, 0.05815253, 0.07130291, 0.07130291, 0.07130291,
       0.07130291, 0.07130291, 0.07130291, 0.07130291, 0.07130291,
       0.08806551, 0.08806551, 0.08806551, 0.08806551, 0.10665773,
       0.12534872, 0.14456413, 0.18414864, 0.18414864, 0.18414864,
       0.18414864, 0.18414864, 0.22809753, 0.22809753, 0.22809753,
       0.22809753, 0.251624  , 0.251624  , 0.27584264, 0.27584264,
       0.27584264, 0.27584264, 0.35411118, 0.35411118, 0.35411118,
       0.35411118, 0.35411118, 0.35411118, 0.38267785, 0.4118974 ,
       0.4118974 , 0.44158926, 0.47197778, 0.50272428, 0.56506463,
       0.56506463, 0.59701473, 0.59701473, 0.66276872, 0.76311849,
       0.8976564 , 1.        , 1.        , 1.        , 1.        ,
       1.        , 1.        , 1.        , 1.        , 1.        ,
       1.        , 1.        , 1.        , 1.        , 1.        ,
       1.        , 1.        , 1.        , 1.        , 1.        ,
       1.        ]), array([0.        , 0.        , 0.        , 0.        , 0.        ,
       0.        , 0.        , 0.        , 0.        , 0.        ,
       0.        , 0.        , 0.        , 0.        , 0.        ,
       0.00564325, 0.00564325, 0.01237447, 0.01237447, 0.01237447,
       0.01237447, 0.01237447, 0.01237447, 0.01237447, 0.01237447,
       0.01237447, 0.01237447, 0.01237447, 0.01237447, 0.01237447,
       0.01237447, 0.01237447, 0.02468   , 0.02468   , 0.02468   ,
       0.02468   , 0.02468   , 0.05362842, 0.06856191, 0.06856191,
       0.06856191, 0.06856191, 0.08489712, 0.10171805, 0.10171805,
       0.10171805, 0.11989592, 0.1383792 , 0.17599033, 0.21442592,
       0.2340923 , 0.2340923 , 0.25457395, 0.25457395, 0.25457395,
       0.25457395, 0.25457395, 0.25457395, 0.25457395, 0.27761168,
       0.27761168, 0.27761168, 0.27761168, 0.27761168, 0.30263866,
       0.30263866, 0.30263866, 0.3288256 , 0.3288256 , 0.3288256 ,
       0.38416712, 0.43973511, 0.46805987, 0.46805987, 0.52651075,
       0.52651075, 0.52651075, 0.61767103, 0.64831369, 0.67935944,
       0.74231543, 0.83796604, 0.93457081, 1.        , 1.        ,
       1.        , 1.        , 1.        , 1.        , 1.        ,
       1.        , 1.        , 1.        , 1.        , 1.        ,
       1.        , 1.        , 1.        , 1.        , 1.        ,
       1.        ]), array([0.        , 0.        , 0.        , 0.00123878, 0.00123878,
       0.00123878, 0.00123878, 0.00123878, 0.00123878, 0.00123878,
       0.00123878, 0.00123878, 0.00655119, 0.00655119, 0.00655119,
       0.0130877 , 0.0130877 , 0.0130877 , 0.0130877 , 0.0130877 ,
       0.02180674, 0.02180674, 0.02180674, 0.02180674, 0.02180674,
       0.03266753, 0.03266753, 0.03266753, 0.04493795, 0.04493795,
       0.05825799, 0.07185204, 0.08579327, 0.08579327, 0.08579327,
       0.11662353, 0.13264418, 0.14898469, 0.16578375, 0.16578375,
       0.16578375, 0.1836908 , 0.2023868 , 0.2023868 , 0.2217584 ,
       0.24173483, 0.24173483, 0.24173483, 0.24173483, 0.28489042,
       0.28489042, 0.30725952, 0.30725952, 0.30725952, 0.30725952,
       0.33145643, 0.33145643, 0.33145643, 0.33145643, 0.33145643,
       0.33145643, 0.33145643, 0.35876738, 0.35876738, 0.38711702,
       0.41607734, 0.41607734, 0.41607734, 0.41607734, 0.41607734,
       0.41607734, 0.41607734, 0.41607734, 0.41607734, 0.41607734,
       0.41607734, 0.51678604, 0.51678604, 0.51678604, 0.58670889,
       0.58670889, 0.62253774, 0.69522264, 0.7318541 , 0.76913683,
       0.84454352, 0.88257833, 0.88257833, 0.9604799 , 1.        ,
       1.        , 1.        , 1.        , 1.        , 1.        ,
       1.        , 1.        , 1.        , 1.        , 1.        ,
       1.        ]), array([0.        , 0.        , 0.        , 0.        , 0.        ,
       0.        , 0.        , 0.        , 0.        , 0.        ,
       0.        , 0.        , 0.        , 0.        , 0.        ,
       0.        , 0.        , 0.        , 0.        , 0.        ,
       0.        , 0.        , 0.        , 0.        , 0.        ,
       0.        , 0.        , 0.        , 0.        , 0.00992769,
       0.00992769, 0.00992769, 0.00992769, 0.00992769, 0.00992769,
       0.00992769, 0.00992769, 0.00992769, 0.00992769, 0.00992769,
       0.00992769, 0.00992769, 0.00992769, 0.00992769, 0.02540518,
       0.0409565 , 0.0409565 , 0.0409565 , 0.0409565 , 0.0409565 ,
       0.0409565 , 0.0409565 , 0.0409565 , 0.05949503, 0.05949503,
       0.05949503, 0.05949503, 0.05949503, 0.05949503, 0.05949503,
       0.10128647, 0.12270508, 0.12270508, 0.18891214, 0.2785978 ,
       0.30120381, 0.39371549, 0.41718577, 0.46501286, 0.46501286,
       0.46501286, 0.46501286, 0.54075806, 0.56644677, 0.61829637,
       0.61829637, 0.61829637, 0.61829637, 0.61829637, 0.64586821,
       0.70177467, 0.7582141 , 0.78700299, 0.78700299, 0.84594894,
       0.84594894, 0.876175  , 0.93716262, 0.93716262, 0.96824201,
       0.96824201, 1.        , 1.        , 1.        , 1.        ,
       1.        , 1.        , 1.        , 1.        , 1.        ,
       1.        ]), array([0.        , 0.        , 0.        , 0.        , 0.        ,
       0.        , 0.        , 0.        , 0.        , 0.        ,
       0.        , 0.        , 0.        , 0.        , 0.        ,
       0.        , 0.        , 0.        , 0.        , 0.        ,
       0.        , 0.        , 0.        , 0.        , 0.        ,
       0.        , 0.        , 0.        , 0.        , 0.        ,
       0.        , 0.        , 0.        , 0.        , 0.        ,
       0.        , 0.        , 0.        , 0.        , 0.        ,
       0.        , 0.        , 0.        , 0.        , 0.        ,
       0.        , 0.        , 0.        , 0.        , 0.        ,
       0.        , 0.01948062, 0.03917163, 0.03917163, 0.03917163,
       0.03917163, 0.10337589, 0.14669928, 0.14669928, 0.16920301,
       0.2148266 , 0.26125268, 0.30857133, 0.35652194, 0.4051322 ,
       0.45471758, 0.50485263, 0.60707215, 0.76290711, 0.97331529,
       1.        , 1.        , 1.        , 1.        , 1.        ,
       1.        , 1.        , 1.        , 1.        , 1.        ,
       1.        , 1.        , 1.        , 1.        , 1.        ,
       1.        , 1.        , 1.        , 1.        , 1.        ,
       1.        , 1.        , 1.        , 1.        , 1.        ,
       1.        , 1.        , 1.        , 1.        , 1.        ,
       1.        ])]","[{'lambda_reg': 0.8192602279031006, 'gamma': 0.023739423955292542}, {'lambda_reg': 0.8192602279031006, 'gamma': 0.023739423955292542}, {'lambda_reg': 0.1452824663751603, 'gamma': 0.0070689749506246055}, {'lambda_reg': 0.1452824663751603, 'gamma': 0.0070689749506246055}, {'lambda_reg': 0.9008292046338945, 'gamma': 0.0014285676124002407}]",rbf,15
"[np.float64(0.14165069871823857), np.float64(0.13255939498218833), np.float64(0.1785149835832809), np.float64(0.19279402104239712), np.float64(0.18268651360920948)]",0.1656411223870629,0.0239311624678053,"[np.float64(0.6878069798198243), np.float64(0.8686797011451103), np.float64(0.5995123027720942), np.float64(0.6953816799686454), np.float64(0.6294458126186646)]",0.6961652952648677,0.0934076935253296,"[np.float64(0.7362653355678364), np.float64(0.7114450440517788), np.float64(0.8149138662184625), np.float64(0.6613314926233946), np.float64(0.7612075265341686)]",0.7370326529991281,0.0510605289296262,"[array([0.        , 0.        , 0.        , 0.        , 0.        ,
       0.        , 0.        , 0.        , 0.05307687, 0.05307687,
       0.05307687, 0.05307687, 0.05307687, 0.05307687, 0.05307687,
       0.05307687, 0.10196762, 0.15004083, 0.15004083, 0.15004083,
       0.15004083, 0.15004083, 0.15004083, 0.15004083, 0.15004083,
       0.15004083, 0.15004083, 0.19242981, 0.19242981, 0.23361146,
       0.31515498, 0.31515498, 0.31515498, 0.31515498, 0.35364495,
       0.35364495, 0.35364495, 0.35364495, 0.35364495, 0.35364495,
       0.35364495, 0.35364495, 0.38758328, 0.38758328, 0.38758328,
       0.45174836, 0.48337231, 0.51404136, 0.54431369, 0.54431369,
       0.54431369, 0.54431369, 0.57215641, 0.59973973, 0.59973973,
       0.59973973, 0.62550625, 0.65037232, 0.65037232, 0.65037232,
       0.65037232, 0.67310623, 0.71725958, 0.71725958, 0.71725958,
       0.71725958, 0.71725958, 0.73656073, 0.7553258 , 0.7553258 ,
       0.77302095, 0.77302095, 0.80598301, 0.82182083, 0.83717024,
       0.85158921, 0.85158921, 0.87817691, 0.89101068, 0.96535675,
       0.98867074, 1.        , 1.        , 1.        , 1.        ,
       1.        , 1.        , 1.        , 1.        , 1.        ,
       1.        , 1.        , 1.        , 1.        , 1.        ,
       1.        , 1.        , 1.        , 1.        , 1.        ,
       1.        ]), array([0.        , 0.        , 0.        , 0.        , 0.        ,
       0.        , 0.        , 0.        , 0.        , 0.        ,
       0.        , 0.        , 0.        , 0.        , 0.        ,
       0.        , 0.        , 0.        , 0.05205171, 0.05205171,
       0.05205171, 0.05205171, 0.10175119, 0.10175119, 0.10175119,
       0.10175119, 0.10175119, 0.10175119, 0.10175119, 0.10175119,
       0.10175119, 0.10175119, 0.10175119, 0.14418271, 0.14418271,
       0.14418271, 0.14418271, 0.18412491, 0.22369217, 0.26248477,
       0.26248477, 0.26248477, 0.33609408, 0.33609408, 0.33609408,
       0.33609408, 0.33609408, 0.40336103, 0.4368081 , 0.53481936,
       0.56692386, 0.56692386, 0.5974625 , 0.5974625 , 0.5974625 ,
       0.5974625 , 0.5974625 , 0.5974625 , 0.62401257, 0.62401257,
       0.62401257, 0.62401257, 0.62401257, 0.64761392, 0.64761392,
       0.64761392, 0.66910539, 0.66910539, 0.66910539, 0.66910539,
       0.7460545 , 0.7460545 , 0.76433784, 0.76433784, 0.79804836,
       0.83010825, 0.8457001 , 0.86082057, 0.87495429, 0.9152916 ,
       0.9279955 , 0.97684761, 1.        , 1.        , 1.        ,
       1.        , 1.        , 1.        , 1.        , 1.        ,
       1.        , 1.        , 1.        , 1.        , 1.        ,
       1.        , 1.        , 1.        , 1.        , 1.        ,
       1.        ]), array([0.        , 0.        , 0.05345837, 0.05345837, 0.05345837,
       0.05345837, 0.05345837, 0.05345837, 0.05345837, 0.10289146,
       0.10289146, 0.10289146, 0.15089451, 0.15089451, 0.15089451,
       0.15089451, 0.15089451, 0.15089451, 0.15089451, 0.15089451,
       0.15089451, 0.19385097, 0.23625251, 0.23625251, 0.23625251,
       0.2773837 , 0.35802367, 0.39773577, 0.39773577, 0.39773577,
       0.39773577, 0.43532043, 0.50959354, 0.54623434, 0.58218266,
       0.58218266, 0.58218266, 0.58218266, 0.58218266, 0.58218266,
       0.61473667, 0.64693545, 0.64693545, 0.64693545, 0.64693545,
       0.67678536, 0.67678536, 0.70560019, 0.73395519, 0.73395519,
       0.76128977, 0.76128977, 0.76128977, 0.78680332, 0.81217526,
       0.81217526, 0.81217526, 0.81217526, 0.81217526, 0.81217526,
       0.81217526, 0.81217526, 0.81217526, 0.81217526, 0.81217526,
       0.83115013, 0.86840739, 0.86840739, 0.86840739, 0.86840739,
       0.86840739, 0.86840739, 0.86840739, 0.86840739, 0.86840739,
       0.86840739, 0.86840739, 0.86840739, 0.88035633, 0.89192071,
       0.91384996, 0.91384996, 0.92380167, 0.92380167, 0.93263177,
       0.94917005, 0.95711995, 0.97166241, 0.97846761, 0.98484621,
       0.98484621, 0.99539573, 1.        , 1.        , 1.        ,
       1.        , 1.        , 1.        , 1.        , 1.        ,
       1.        ]), array([0.        , 0.        , 0.        , 0.        , 0.        ,
       0.        , 0.        , 0.        , 0.        , 0.        ,
       0.        , 0.        , 0.        , 0.        , 0.        ,
       0.        , 0.        , 0.        , 0.        , 0.        ,
       0.        , 0.        , 0.        , 0.        , 0.        ,
       0.        , 0.        , 0.        , 0.05670649, 0.05670649,
       0.05670649, 0.05670649, 0.05670649, 0.05670649, 0.05670649,
       0.05670649, 0.05670649, 0.05670649, 0.05670649, 0.05670649,
       0.05670649, 0.05670649, 0.05670649, 0.05670649, 0.14539879,
       0.14539879, 0.14539879, 0.14539879, 0.14539879, 0.14539879,
       0.14539879, 0.14539879, 0.14539879, 0.14539879, 0.18221776,
       0.18221776, 0.18221776, 0.18221776, 0.18221776, 0.18221776,
       0.24536549, 0.27666435, 0.30711858, 0.33626483, 0.51009448,
       0.51009448, 0.61877215, 0.67134996, 0.67134996, 0.69649129,
       0.69649129, 0.71942425, 0.76429521, 0.78556046, 0.82745171,
       0.82745171, 0.82745171, 0.82745171, 0.82745171, 0.861271  ,
       0.90916775, 0.90916775, 0.92369402, 0.92369402, 0.94976757,
       0.94976757, 0.97210375, 0.9825131 , 0.99202669, 0.99202669,
       1.        , 1.        , 1.        , 1.        , 1.        ,
       1.        , 1.        , 1.        , 1.        , 1.        ,
       1.        ]), array([0.        , 0.        , 0.        , 0.        , 0.        ,
       0.        , 0.        , 0.        , 0.        , 0.        ,
       0.        , 0.        , 0.        , 0.        , 0.        ,
       0.        , 0.        , 0.        , 0.        , 0.0611392 ,
       0.0611392 , 0.0611392 , 0.120011  , 0.120011  , 0.120011  ,
       0.120011  , 0.120011  , 0.120011  , 0.120011  , 0.120011  ,
       0.120011  , 0.120011  , 0.22281256, 0.22281256, 0.22281256,
       0.22281256, 0.22281256, 0.22281256, 0.26990233, 0.31642703,
       0.31642703, 0.31642703, 0.31642703, 0.35974262, 0.35974262,
       0.40120996, 0.40120996, 0.40120996, 0.40120996, 0.40120996,
       0.40120996, 0.54981215, 0.54981215, 0.54981215, 0.54981215,
       0.54981215, 0.54981215, 0.61524016, 0.61524016, 0.61524016,
       0.61524016, 0.61524016, 0.64449096, 0.64449096, 0.64449096,
       0.64449096, 0.67063885, 0.69603445, 0.69603445, 0.69603445,
       0.69603445, 0.74024105, 0.74024105, 0.74024105, 0.74024105,
       0.75920168, 0.77723664, 0.77723664, 0.77723664, 0.77723664,
       0.80819353, 0.83750219, 0.83750219, 0.83750219, 0.84982351,
       0.89689075, 0.89689075, 0.92718361, 0.96509684, 1.        ,
       1.        , 1.        , 1.        , 1.        , 1.        ,
       1.        , 1.        , 1.        , 1.        , 1.        ,
       1.        ])]","[array([0.        , 0.        , 0.        , 0.        , 0.        ,
       0.        , 0.        , 0.        , 0.0033247 , 0.0033247 ,
       0.0033247 , 0.0033247 , 0.0033247 , 0.0033247 , 0.0033247 ,
       0.0033247 , 0.0097234 , 0.01672245, 0.01672245, 0.01672245,
       0.01672245, 0.01672245, 0.01672245, 0.01672245, 0.01672245,
       0.01672245, 0.01672245, 0.02789562, 0.02789562, 0.03995537,
       0.06467687, 0.06467687, 0.06467687, 0.06467687, 0.07871321,
       0.07871321, 0.07871321, 0.07871321, 0.07871321, 0.07871321,
       0.07871321, 0.07871321, 0.09609198, 0.09609198, 0.09609198,
       0.13357505, 0.15265333, 0.17243284, 0.19250367, 0.19250367,
       0.19250367, 0.19250367, 0.21435865, 0.23640411, 0.23640411,
       0.23640411, 0.25978371, 0.28382454, 0.28382454, 0.28382454,
       0.28382454, 0.30943108, 0.36160943, 0.36160943, 0.36160943,
       0.36160943, 0.36160943, 0.38973677, 0.41825776, 0.41825776,
       0.44756444, 0.44756444, 0.50796093, 0.5386315 , 0.56966073,
       0.60137322, 0.60137322, 0.66645061, 0.69932716, 0.89853725,
       0.96601864, 1.        , 1.        , 1.        , 1.        ,
       1.        , 1.        , 1.        , 1.        , 1.        ,
       1.        , 1.        , 1.        , 1.        , 1.        ,
       1.        , 1.        , 1.        , 1.        , 1.        ,
       1.        ]), array([0.        , 0.        , 0.        , 0.        , 0.        ,
       0.        , 0.        , 0.        , 0.        , 0.        ,
       0.        , 0.        , 0.        , 0.        , 0.        ,
       0.        , 0.        , 0.        , 0.00696929, 0.00696929,
       0.00696929, 0.00696929, 0.01541999, 0.01541999, 0.01541999,
       0.01541999, 0.01541999, 0.01541999, 0.01541999, 0.01541999,
       0.01541999, 0.01541999, 0.01541999, 0.02844799, 0.02844799,
       0.02844799, 0.02844799, 0.04304375, 0.05787564, 0.0731954 ,
       0.0731954 , 0.0731954 , 0.10633891, 0.10633891, 0.10633891,
       0.10633891, 0.10633891, 0.14347678, 0.16216311, 0.21968949,
       0.23922136, 0.23922136, 0.2597394 , 0.2597394 , 0.2597394 ,
       0.2597394 , 0.2597394 , 0.2597394 , 0.28276941, 0.28276941,
       0.28276941, 0.28276941, 0.28276941, 0.30765649, 0.30765649,
       0.30765649, 0.33387236, 0.33387236, 0.33387236, 0.33387236,
       0.44441451, 0.44441451, 0.47265083, 0.47265083, 0.53092225,
       0.59023323, 0.62016462, 0.6503929 , 0.68124261, 0.77509155,
       0.80684175, 0.93507916, 1.        , 1.        , 1.        ,
       1.        , 1.        , 1.        , 1.        , 1.        ,
       1.        , 1.        , 1.        , 1.        , 1.        ,
       1.        , 1.        , 1.        , 1.        , 1.        ,
       1.        ]), array([0.00000000e+00, 0.00000000e+00, 5.90948076e-04, 5.90948076e-04,
       5.90948076e-04, 5.90948076e-04, 5.90948076e-04, 5.90948076e-04,
       5.90948076e-04, 4.47757145e-03, 4.47757145e-03, 4.47757145e-03,
       9.53501656e-03, 9.53501656e-03, 9.53501656e-03, 9.53501656e-03,
       9.53501656e-03, 9.53501656e-03, 9.53501656e-03, 9.53501656e-03,
       9.53501656e-03, 1.87243242e-02, 2.83679658e-02, 2.83679658e-02,
       2.83679658e-02, 3.90516963e-02, 6.17474913e-02, 7.35930915e-02,
       7.35930915e-02, 7.35930915e-02, 7.35930915e-02, 8.71805134e-02,
       1.15089126e-01, 1.29449319e-01, 1.44376483e-01, 1.44376483e-01,
       1.44376483e-01, 1.44376483e-01, 1.44376483e-01, 1.44376483e-01,
       1.62082714e-01, 1.80079779e-01, 1.80079779e-01, 1.80079779e-01,
       1.80079779e-01, 1.99999966e-01, 1.99999966e-01, 2.20767616e-01,
       2.41911750e-01, 2.41911750e-01, 2.63891342e-01, 2.63891342e-01,
       2.63891342e-01, 2.87361886e-01, 3.10948373e-01, 3.10948373e-01,
       3.10948373e-01, 3.10948373e-01, 3.10948373e-01, 3.10948373e-01,
       3.10948373e-01, 3.10948373e-01, 3.10948373e-01, 3.10948373e-01,
       3.10948373e-01, 3.39772412e-01, 3.97987450e-01, 3.97987450e-01,
       3.97987450e-01, 3.97987450e-01, 3.97987450e-01, 3.97987450e-01,
       3.97987450e-01, 3.97987450e-01, 3.97987450e-01, 3.97987450e-01,
       3.97987450e-01, 3.97987450e-01, 4.32563908e-01, 4.67455230e-01,
       5.38219948e-01, 5.38219948e-01, 5.74431627e-01, 5.74431627e-01,
       6.11561608e-01, 6.86740142e-01, 7.24590789e-01, 8.01403384e-01,
       8.40191239e-01, 8.79328367e-01, 8.79328367e-01, 9.59410151e-01,
       1.00000000e+00, 1.00000000e+00, 1.00000000e+00, 1.00000000e+00,
       1.00000000e+00, 1.00000000e+00, 1.00000000e+00, 1.00000000e+00,
       1.00000000e+00]), array([0.        , 0.        , 0.        , 0.        , 0.        ,
       0.        , 0.        , 0.        , 0.        , 0.        ,
       0.        , 0.        , 0.        , 0.        , 0.        ,
       0.        , 0.        , 0.        , 0.        , 0.        ,
       0.        , 0.        , 0.        , 0.        , 0.        ,
       0.        , 0.        , 0.        , 0.00986712, 0.00986712,
       0.00986712, 0.00986712, 0.00986712, 0.00986712, 0.00986712,
       0.00986712, 0.00986712, 0.00986712, 0.00986712, 0.00986712,
       0.00986712, 0.00986712, 0.00986712, 0.00986712, 0.04071099,
       0.04071099, 0.04071099, 0.04071099, 0.04071099, 0.04071099,
       0.04071099, 0.04071099, 0.04071099, 0.04071099, 0.05951568,
       0.05951568, 0.05951568, 0.05951568, 0.05951568, 0.05951568,
       0.10183944, 0.12312491, 0.14478996, 0.16704282, 0.30103092,
       0.30103092, 0.39359599, 0.44066993, 0.44066993, 0.46472264,
       0.46472264, 0.48976779, 0.54030524, 0.56609988, 0.61797644,
       0.61797644, 0.61797644, 0.61797644, 0.61797644, 0.67348058,
       0.7580096 , 0.7580096 , 0.78683277, 0.78683277, 0.8458179 ,
       0.8458179 , 0.90648263, 0.93715598, 0.96823188, 0.96823188,
       1.        , 1.        , 1.        , 1.        , 1.        ,
       1.        , 1.        , 1.        , 1.        , 1.        ,
       1.        ]), array([0.        , 0.        , 0.        , 0.        , 0.        ,
       0.        , 0.        , 0.        , 0.        , 0.        ,
       0.        , 0.        , 0.        , 0.        , 0.        ,
       0.        , 0.        , 0.        , 0.        , 0.00672864,
       0.00672864, 0.00672864, 0.01454699, 0.01454699, 0.01454699,
       0.01454699, 0.01454699, 0.01454699, 0.01454699, 0.01454699,
       0.01454699, 0.01454699, 0.03736487, 0.03736487, 0.03736487,
       0.03736487, 0.03736487, 0.03736487, 0.05084569, 0.06459808,
       0.06459808, 0.06459808, 0.06459808, 0.07989277, 0.07989277,
       0.09607574, 0.09607574, 0.09607574, 0.09607574, 0.09607574,
       0.09607574, 0.16910622, 0.16910622, 0.16910622, 0.16910622,
       0.16910622, 0.16910622, 0.20988589, 0.20988589, 0.20988589,
       0.20988589, 0.20988589, 0.23194014, 0.23194014, 0.23194014,
       0.23194014, 0.25548565, 0.27939273, 0.27939273, 0.27939273,
       0.27939273, 0.33037143, 0.33037143, 0.33037143, 0.33037143,
       0.35737116, 0.38481576, 0.38481576, 0.38481576, 0.38481576,
       0.44216229, 0.50030097, 0.50030097, 0.50030097, 0.53049156,
       0.6523199 , 0.6523199 , 0.74609781, 0.87232558, 1.        ,
       1.        , 1.        , 1.        , 1.        , 1.        ,
       1.        , 1.        , 1.        , 1.        , 1.        ,
       1.        ])]","[{'lambda_reg': 0.8192602279031006, 'gamma': 0.023739423955292542}, {'lambda_reg': 0.8192602279031006, 'gamma': 0.023739423955292542}, {'lambda_reg': 0.017272019412666945, 'gamma': 0.0031443829036335853}, {'lambda_reg': 0.1452824663751603, 'gamma': 0.0070689749506246055}, {'lambda_reg': 0.3708059888336652, 'gamma': 0.01324683205408713}]",cauchy,18
"[np.float64(0.1383710881799337), np.float64(0.1397776499761194), np.float64(0.17071427924098176), np.float64(0.18352013280667515), np.float64(0.17777945168034312)]",0.1620325203768106,0.019184362906017,"[np.float64(0.6904319944485252), np.float64(0.8708629897494478), np.float64(0.6192618536269219), np.float64(0.7579278941533691), np.float64(0.6377399517973514)]",0.7152449367551231,0.0915142287472446,"[np.float64(0.7040033593364197), np.float64(0.6552981477372242), np.float64(0.8112550732817048), np.float64(0.6275253746032757), np.float64(0.6739603421351121)]",0.6944084594187473,0.0635079243722765,"[array([0.        , 0.        , 0.        , 0.        , 0.        ,
       0.        , 0.        , 0.        , 0.        , 0.        ,
       0.        , 0.        , 0.        , 0.        , 0.        ,
       0.        , 0.        , 0.04894695, 0.04894695, 0.04894695,
       0.04894695, 0.04894695, 0.04894695, 0.09464589, 0.09464589,
       0.09464589, 0.13815159, 0.13815159, 0.13815159, 0.13815159,
       0.13815159, 0.13815159, 0.17812515, 0.21762858, 0.25691238,
       0.25691238, 0.29495159, 0.29495159, 0.33153366, 0.33153366,
       0.33153366, 0.33153366, 0.33153366, 0.33153366, 0.33153366,
       0.36406058, 0.39607085, 0.39607085, 0.45792175, 0.45792175,
       0.487685  , 0.51688312, 0.51688312, 0.54482134, 0.5719045 ,
       0.5719045 , 0.59803172, 0.62344228, 0.62344228, 0.62344228,
       0.62344228, 0.62344228, 0.69138742, 0.69138742, 0.69138742,
       0.71195838, 0.71195838, 0.73153697, 0.75033356, 0.75033356,
       0.76801633, 0.80256963, 0.81914088, 0.83524149, 0.83524149,
       0.85036428, 0.90798132, 0.93574449, 0.96208084, 1.        ,
       1.        , 1.        , 1.        , 1.        , 1.        ,
       1.        , 1.        , 1.        , 1.        , 1.        ,
       1.        , 1.        , 1.        , 1.        , 1.        ,
       1.        , 1.        , 1.        , 1.        , 1.        ,
       1.        ]), array([0.        , 0.        , 0.        , 0.        , 0.        ,
       0.        , 0.        , 0.        , 0.        , 0.        ,
       0.        , 0.        , 0.        , 0.        , 0.        ,
       0.        , 0.        , 0.        , 0.        , 0.        ,
       0.        , 0.        , 0.        , 0.        , 0.        ,
       0.        , 0.        , 0.        , 0.        , 0.        ,
       0.        , 0.        , 0.        , 0.        , 0.        ,
       0.04136298, 0.0820149 , 0.0820149 , 0.0820149 , 0.0820149 ,
       0.0820149 , 0.0820149 , 0.11886375, 0.11886375, 0.15454854,
       0.22486951, 0.29373128, 0.29373128, 0.29373128, 0.29373128,
       0.32585223, 0.45092971, 0.51220506, 0.51220506, 0.54166419,
       0.54166419, 0.54166419, 0.54166419, 0.56863269, 0.56863269,
       0.56863269, 0.56863269, 0.59319708, 0.59319708, 0.61612618,
       0.61612618, 0.61612618, 0.65829604, 0.71971676, 0.71971676,
       0.71971676, 0.81328214, 0.83117874, 0.84838875, 0.84838875,
       0.89641962, 0.91196774, 0.95692205, 1.        , 1.        ,
       1.        , 1.        , 1.        , 1.        , 1.        ,
       1.        , 1.        , 1.        , 1.        , 1.        ,
       1.        , 1.        , 1.        , 1.        , 1.        ,
       1.        , 1.        , 1.        , 1.        , 1.        ,
       1.        ]), array([0.        , 0.05006044, 0.05006044, 0.05006044, 0.0985626 ,
       0.0985626 , 0.0985626 , 0.0985626 , 0.0985626 , 0.14481253,
       0.14481253, 0.14481253, 0.18932455, 0.18932455, 0.18932455,
       0.18932455, 0.18932455, 0.18932455, 0.18932455, 0.18932455,
       0.27043978, 0.27043978, 0.27043978, 0.27043978, 0.30920702,
       0.34707881, 0.34707881, 0.38422622, 0.38422622, 0.38422622,
       0.38422622, 0.38422622, 0.45328875, 0.52162921, 0.52162921,
       0.52162921, 0.58703755, 0.58703755, 0.65004009, 0.71222209,
       0.71222209, 0.71222209, 0.71222209, 0.71222209, 0.71222209,
       0.71222209, 0.71222209, 0.71222209, 0.71222209, 0.73809691,
       0.73809691, 0.76294672, 0.76294672, 0.76294672, 0.76294672,
       0.76294672, 0.80821426, 0.83017772, 0.83017772, 0.83017772,
       0.83017772, 0.83017772, 0.83017772, 0.84901711, 0.84901711,
       0.84901711, 0.84901711, 0.84901711, 0.84901711, 0.86469733,
       0.86469733, 0.87974117, 0.87974117, 0.89373546, 0.89373546,
       0.89373546, 0.90597479, 0.91797917, 0.91797917, 0.92887763,
       0.93900331, 0.93900331, 0.94833869, 0.94833869, 0.95684173,
       0.95684173, 0.95684173, 0.96383534, 0.97650657, 0.99451856,
       1.        , 1.        , 1.        , 1.        , 1.        ,
       1.        , 1.        , 1.        , 1.        , 1.        ,
       1.        ]), array([0.        , 0.        , 0.        , 0.        , 0.        ,
       0.        , 0.        , 0.        , 0.        , 0.        ,
       0.        , 0.        , 0.        , 0.        , 0.        ,
       0.        , 0.        , 0.        , 0.        , 0.        ,
       0.        , 0.        , 0.        , 0.        , 0.        ,
       0.        , 0.        , 0.        , 0.        , 0.        ,
       0.        , 0.        , 0.        , 0.        , 0.        ,
       0.        , 0.04564524, 0.04564524, 0.04564524, 0.04564524,
       0.04564524, 0.04564524, 0.08654589, 0.08654589, 0.08654589,
       0.08654589, 0.08654589, 0.08654589, 0.12339345, 0.12339345,
       0.12339345, 0.12339345, 0.12339345, 0.12339345, 0.12339345,
       0.12339345, 0.18642685, 0.27856812, 0.30820518, 0.30820518,
       0.36522094, 0.39322147, 0.44771677, 0.57994638, 0.63087466,
       0.65571821, 0.65571821, 0.72695438, 0.72695438, 0.72695438,
       0.74826242, 0.76886388, 0.82938677, 0.82938677, 0.82938677,
       0.9013689 , 0.91883493, 0.91883493, 0.91883493, 0.91883493,
       0.94801989, 0.97582716, 0.98881661, 0.98881661, 0.98881661,
       1.        , 1.        , 1.        , 1.        , 1.        ,
       1.        , 1.        , 1.        , 1.        , 1.        ,
       1.        , 1.        , 1.        , 1.        , 1.        ,
       1.        ]), array([0.        , 0.        , 0.        , 0.        , 0.        ,
       0.        , 0.        , 0.        , 0.        , 0.        ,
       0.        , 0.        , 0.        , 0.        , 0.        ,
       0.        , 0.        , 0.        , 0.        , 0.        ,
       0.        , 0.        , 0.        , 0.        , 0.        ,
       0.        , 0.        , 0.        , 0.        , 0.        ,
       0.        , 0.        , 0.        , 0.        , 0.        ,
       0.        , 0.        , 0.04579394, 0.04579394, 0.04579394,
       0.04579394, 0.08845069, 0.13034901, 0.13034901, 0.13034901,
       0.17019289, 0.17019289, 0.24674914, 0.28409218, 0.28409218,
       0.32019518, 0.32019518, 0.38973515, 0.42376974, 0.42376974,
       0.42376974, 0.45565275, 0.48668538, 0.48668538, 0.48668538,
       0.54454375, 0.54454375, 0.54454375, 0.57142759, 0.57142759,
       0.59677342, 0.62144351, 0.62144351, 0.644933  , 0.644933  ,
       0.66671047, 0.66671047, 0.68738752, 0.7069786 , 0.72623271,
       0.76287097, 0.78054123, 0.81399596, 0.82990428, 0.86056632,
       0.88936611, 0.95939974, 1.        , 1.        , 1.        ,
       1.        , 1.        , 1.        , 1.        , 1.        ,
       1.        , 1.        , 1.        , 1.        , 1.        ,
       1.        , 1.        , 1.        , 1.        , 1.        ,
       1.        ])]","[array([0.        , 0.        , 0.        , 0.        , 0.        ,
       0.        , 0.        , 0.        , 0.        , 0.        ,
       0.        , 0.        , 0.        , 0.        , 0.        ,
       0.        , 0.        , 0.00690563, 0.00690563, 0.00690563,
       0.00690563, 0.00690563, 0.00690563, 0.01612387, 0.01612387,
       0.01612387, 0.02690372, 0.02690372, 0.02690372, 0.02690372,
       0.02690372, 0.02690372, 0.04019849, 0.05382799, 0.06761388,
       0.06761388, 0.08228593, 0.08228593, 0.09799547, 0.09799547,
       0.09799547, 0.09799547, 0.09799547, 0.09799547, 0.09799547,
       0.11659232, 0.13555703, 0.13555703, 0.17503126, 0.17503126,
       0.19559586, 0.21656286, 0.21656286, 0.23842691, 0.26089977,
       0.26089977, 0.28405327, 0.30771703, 0.30771703, 0.30771703,
       0.30771703, 0.30771703, 0.38460844, 0.38460844, 0.38460844,
       0.41171805, 0.41171805, 0.43953424, 0.46790722, 0.46790722,
       0.49707325, 0.55598364, 0.58594109, 0.61623363, 0.61623363,
       0.64722239, 0.77322384, 0.83696887, 0.9017298 , 1.        ,
       1.        , 1.        , 1.        , 1.        , 1.        ,
       1.        , 1.        , 1.        , 1.        , 1.        ,
       1.        , 1.        , 1.        , 1.        , 1.        ,
       1.        , 1.        , 1.        , 1.        , 1.        ,
       1.        ]), array([0.        , 0.        , 0.        , 0.        , 0.        ,
       0.        , 0.        , 0.        , 0.        , 0.        ,
       0.        , 0.        , 0.        , 0.        , 0.        ,
       0.        , 0.        , 0.        , 0.        , 0.        ,
       0.        , 0.        , 0.        , 0.        , 0.        ,
       0.        , 0.        , 0.        , 0.        , 0.        ,
       0.        , 0.        , 0.        , 0.        , 0.        ,
       0.01370797, 0.02786345, 0.02786345, 0.02786345, 0.02786345,
       0.02786345, 0.02786345, 0.04441251, 0.04441251, 0.06169421,
       0.09691757, 0.13305933, 0.13305933, 0.13305933, 0.13305933,
       0.15258402, 0.2328267 , 0.27374318, 0.27374318, 0.29494317,
       0.29494317, 0.29494317, 0.29494317, 0.31771072, 0.31771072,
       0.31771072, 0.31771072, 0.34199136, 0.34199136, 0.36730122,
       0.36730122, 0.36730122, 0.4202423 , 0.50080824, 0.50080824,
       0.50080824, 0.6406249 , 0.66910211, 0.69801144, 0.69801144,
       0.78700467, 0.81695996, 0.90788951, 1.        , 1.        ,
       1.        , 1.        , 1.        , 1.        , 1.        ,
       1.        , 1.        , 1.        , 1.        , 1.        ,
       1.        , 1.        , 1.        , 1.        , 1.        ,
       1.        , 1.        , 1.        , 1.        , 1.        ,
       1.        ]), array([0.00000000e+00, 3.75367030e-04, 3.75367030e-04, 3.75367030e-04,
       2.20852460e-03, 2.20852460e-03, 2.20852460e-03, 2.20852460e-03,
       2.20852460e-03, 6.14868103e-03, 6.14868103e-03, 6.14868103e-03,
       1.17146869e-02, 1.17146869e-02, 1.17146869e-02, 1.17146869e-02,
       1.17146869e-02, 1.17146869e-02, 1.17146869e-02, 1.17146869e-02,
       3.02455010e-02, 3.02455010e-02, 3.02455010e-02, 3.02455010e-02,
       4.11858359e-02, 5.29638809e-02, 5.29638809e-02, 6.54195884e-02,
       6.54195884e-02, 6.54195884e-02, 6.54195884e-02, 6.54195884e-02,
       9.52259090e-02, 1.25707730e-01, 1.25707730e-01, 1.25707730e-01,
       1.58932596e-01, 1.58932596e-01, 1.94408127e-01, 2.30651286e-01,
       2.30651286e-01, 2.30651286e-01, 2.30651286e-01, 2.30651286e-01,
       2.30651286e-01, 2.30651286e-01, 2.30651286e-01, 2.30651286e-01,
       2.30651286e-01, 2.53652684e-01, 2.53652684e-01, 2.77612996e-01,
       2.77612996e-01, 2.77612996e-01, 2.77612996e-01, 2.77612996e-01,
       3.29679906e-01, 3.56340441e-01, 3.56340441e-01, 3.56340441e-01,
       3.56340441e-01, 3.56340441e-01, 3.56340441e-01, 3.85923592e-01,
       3.85923592e-01, 3.85923592e-01, 3.85923592e-01, 3.85923592e-01,
       3.85923592e-01, 4.18462206e-01, 4.18462206e-01, 4.51596165e-01,
       4.51596165e-01, 4.85711981e-01, 4.85711981e-01, 4.85711981e-01,
       5.21469603e-01, 5.57447024e-01, 5.57447024e-01, 5.94459049e-01,
       6.32194018e-01, 6.32194018e-01, 6.70668328e-01, 6.70668328e-01,
       7.09921300e-01, 7.09921300e-01, 7.09921300e-01, 7.50586375e-01,
       8.33147649e-01, 9.57920270e-01, 1.00000000e+00, 1.00000000e+00,
       1.00000000e+00, 1.00000000e+00, 1.00000000e+00, 1.00000000e+00,
       1.00000000e+00, 1.00000000e+00, 1.00000000e+00, 1.00000000e+00,
       1.00000000e+00]), array([0.        , 0.        , 0.        , 0.        , 0.        ,
       0.        , 0.        , 0.        , 0.        , 0.        ,
       0.        , 0.        , 0.        , 0.        , 0.        ,
       0.        , 0.        , 0.        , 0.        , 0.        ,
       0.        , 0.        , 0.        , 0.        , 0.        ,
       0.        , 0.        , 0.        , 0.        , 0.        ,
       0.        , 0.        , 0.        , 0.        , 0.        ,
       0.        , 0.01313179, 0.01313179, 0.01313179, 0.01313179,
       0.01313179, 0.01313179, 0.02877671, 0.02877671, 0.02877671,
       0.02877671, 0.02877671, 0.02877671, 0.0465685 , 0.0465685 ,
       0.0465685 , 0.0465685 , 0.0465685 , 0.0465685 , 0.0465685 ,
       0.0465685 , 0.08779943, 0.15092175, 0.17253284, 0.17253284,
       0.21695122, 0.23942915, 0.28518259, 0.40168949, 0.44933233,
       0.47348246, 0.47348246, 0.5476779 , 0.5476779 , 0.5476779 ,
       0.57370074, 0.60009785, 0.67996796, 0.67996796, 0.67996796,
       0.79107767, 0.81913557, 0.81913557, 0.81913557, 0.81913557,
       0.87829551, 0.9381852 , 0.96861428, 0.96861428, 0.96861428,
       1.        , 1.        , 1.        , 1.        , 1.        ,
       1.        , 1.        , 1.        , 1.        , 1.        ,
       1.        , 1.        , 1.        , 1.        , 1.        ,
       1.        ]), array([0.        , 0.        , 0.        , 0.        , 0.        ,
       0.        , 0.        , 0.        , 0.        , 0.        ,
       0.        , 0.        , 0.        , 0.        , 0.        ,
       0.        , 0.        , 0.        , 0.        , 0.        ,
       0.        , 0.        , 0.        , 0.        , 0.        ,
       0.        , 0.        , 0.        , 0.        , 0.        ,
       0.        , 0.        , 0.        , 0.        , 0.        ,
       0.        , 0.        , 0.01333223, 0.01333223, 0.01333223,
       0.01333223, 0.02828526, 0.04363012, 0.04363012, 0.04363012,
       0.06003639, 0.06003639, 0.09446679, 0.11216509, 0.11216509,
       0.13050406, 0.13050406, 0.16855936, 0.18796694, 0.18796694,
       0.18796694, 0.20848612, 0.22944463, 0.22944463, 0.22944463,
       0.27353512, 0.27353512, 0.27353512, 0.29663707, 0.29663707,
       0.32053362, 0.34477929, 0.34477929, 0.3696349 , 0.3696349 ,
       0.39537501, 0.39537501, 0.42168364, 0.44855332, 0.4755971 ,
       0.53065075, 0.55851281, 0.61521121, 0.64398356, 0.70212477,
       0.76122809, 0.91000204, 1.        , 1.        , 1.        ,
       1.        , 1.        , 1.        , 1.        , 1.        ,
       1.        , 1.        , 1.        , 1.        , 1.        ,
       1.        , 1.        , 1.        , 1.        , 1.        ,
       1.        ])]","[{'lambda_reg': 0.10833638781816698, 'gamma': 0.007583182468315394}, {'lambda_reg': 0.1452824663751603, 'gamma': 0.0070689749506246055}, {'lambda_reg': 0.10928586138285316, 'gamma': 0.03713740624438136}, {'lambda_reg': 0.10833638781816698, 'gamma': 0.007583182468315394}, {'lambda_reg': 0.1452824663751603, 'gamma': 0.0070689749506246055}]",exponential,17
