test_ibs,mean_ibs,std_ibs,test_cindex,mean_cindex,std_cindex,test_auc,mean_auc,std_auc,test_tpr,test_fpr,best_params,kernel,task
"[np.float64(0.1137097719501803), np.float64(0.15089858390380625), np.float64(0.1643262322419516), np.float64(0.19794729737310932), np.float64(0.12943050643754614)]",0.1512624783813187,0.0291105038351284,"[np.float64(0.682107216235514), np.float64(0.6866750656753818), np.float64(0.7953593993300864), np.float64(0.6874184443246321), np.float64(0.6801601702711428)]",0.7063440591673513,0.0445910295451474,"[np.float64(0.7738771486238201), np.float64(0.857151404654769), np.float64(0.8050805114939104), np.float64(0.8461416555109718), np.float64(0.7734872305557241)]",0.8111475901678391,0.0351713903598447,"[array([0.        , 0.0934268 , 0.0934268 , 0.13886166, 0.13886166,
       0.13886166, 0.1830396 , 0.1830396 , 0.22649156, 0.22649156,
       0.22649156, 0.22649156, 0.22649156, 0.22649156, 0.30733023,
       0.30733023, 0.30733023, 0.34658235, 0.38525538, 0.38525538,
       0.38525538, 0.38525538, 0.38525538, 0.38525538, 0.45658088,
       0.49211188, 0.49211188, 0.49211188, 0.49211188, 0.49211188,
       0.49211188, 0.49211188, 0.49211188, 0.49211188, 0.49211188,
       0.49211188, 0.52244441, 0.55215055, 0.55215055, 0.55215055,
       0.55215055, 0.55215055, 0.55215055, 0.55215055, 0.55215055,
       0.55215055, 0.55215055, 0.55215055, 0.5767904 , 0.5767904 ,
       0.60053051, 0.60053051, 0.64561227, 0.64561227, 0.64561227,
       0.64561227, 0.64561227, 0.64561227, 0.66553162, 0.7041898 ,
       0.7041898 , 0.7041898 , 0.77622374, 0.77622374, 0.77622374,
       0.80926874, 0.84139612, 0.84139612, 0.84139612, 0.87097496,
       0.88535742, 0.92676019, 0.92676019, 0.93973035, 0.976654  ,
       0.98880502, 0.98880502, 1.        , 1.        , 1.        ,
       1.        , 1.        , 1.        , 1.        , 1.        ,
       1.        , 1.        , 1.        , 1.        , 1.        ,
       1.        , 1.        , 1.        , 1.        , 1.        ,
       1.        , 1.        , 1.        , 1.        , 1.        ,
       1.        ]), array([0.        , 0.22258998, 0.25927256, 0.25927256, 0.2953525 ,
       0.2953525 , 0.2953525 , 0.36493401, 0.36493401, 0.36493401,
       0.43253033, 0.49946369, 0.53226002, 0.53226002, 0.53226002,
       0.56403562, 0.56403562, 0.56403562, 0.56403562, 0.62497675,
       0.62497675, 0.62497675, 0.62497675, 0.62497675, 0.6533933 ,
       0.6533933 , 0.6533933 , 0.6533933 , 0.68048035, 0.68048035,
       0.68048035, 0.73238632, 0.73238632, 0.73238632, 0.75723974,
       0.75723974, 0.78108477, 0.78108477, 0.80429929, 0.80429929,
       0.80429929, 0.80429929, 0.82611948, 0.82611948, 0.82611948,
       0.82611948, 0.82611948, 0.82611948, 0.82611948, 0.82611948,
       0.82611948, 0.82611948, 0.82611948, 0.82611948, 0.82611948,
       0.82611948, 0.82611948, 0.82611948, 0.85770349, 0.85770349,
       0.85770349, 0.8724846 , 0.88664496, 0.88664496, 0.90037401,
       0.91340825, 0.91340825, 0.92590173, 0.94979395, 0.94979395,
       0.94979395, 0.94979395, 0.94979395, 0.94979395, 0.95960455,
       0.95960455, 0.95960455, 0.96841749, 0.99338357, 0.99338357,
       0.99338357, 0.99338357, 0.99338357, 1.        , 1.        ,
       1.        , 1.        , 1.        , 1.        , 1.        ,
       1.        , 1.        , 1.        , 1.        , 1.        ,
       1.        , 1.        , 1.        , 1.        , 1.        ,
       1.        ]), array([0.        , 0.03637324, 0.07232929, 0.14332612, 0.14332612,
       0.14332612, 0.17780903, 0.24595348, 0.31298897, 0.31298897,
       0.31298897, 0.34547474, 0.40973104, 0.40973104, 0.40973104,
       0.40973104, 0.44066594, 0.47101465, 0.50089978, 0.53043903,
       0.55967703, 0.55967703, 0.58821849, 0.61637607, 0.61637607,
       0.61637607, 0.61637607, 0.66966443, 0.66966443, 0.66966443,
       0.69532522, 0.7205918 , 0.7205918 , 0.7205918 , 0.7205918 ,
       0.7205918 , 0.7205918 , 0.7205918 , 0.74320044, 0.74320044,
       0.74320044, 0.76471236, 0.76471236, 0.76471236, 0.78521139,
       0.78521139, 0.78521139, 0.78521139, 0.78521139, 0.80383448,
       0.82238902, 0.84057687, 0.84057687, 0.84057687, 0.84057687,
       0.84057687, 0.87306451, 0.87306451, 0.88851446, 0.90374317,
       0.90374317, 0.90374317, 0.91772984, 0.93120859, 0.93120859,
       0.94414653, 0.94414653, 0.95619291, 0.98006947, 0.98006947,
       0.99127479, 0.99127479, 0.99127479, 0.99127479, 0.99127479,
       0.99127479, 0.99127479, 1.        , 1.        , 1.        ,
       1.        , 1.        , 1.        , 1.        , 1.        ,
       1.        , 1.        , 1.        , 1.        , 1.        ,
       1.        , 1.        , 1.        , 1.        , 1.        ,
       1.        , 1.        , 1.        , 1.        , 1.        ,
       1.        ]), array([0.        , 0.11770366, 0.19538156, 0.2721523 , 0.31009835,
       0.34788464, 0.34788464, 0.34788464, 0.38422726, 0.38422726,
       0.45576743, 0.49093379, 0.49093379, 0.49093379, 0.49093379,
       0.52474123, 0.55815156, 0.55815156, 0.55815156, 0.55815156,
       0.62144013, 0.65274873, 0.65274873, 0.65274873, 0.65274873,
       0.65274873, 0.65274873, 0.68156436, 0.68156436, 0.68156436,
       0.68156436, 0.70886529, 0.70886529, 0.70886529, 0.70886529,
       0.70886529, 0.70886529, 0.70886529, 0.70886529, 0.73318888,
       0.73318888, 0.73318888, 0.73318888, 0.73318888, 0.75527598,
       0.75527598, 0.75527598, 0.75527598, 0.75527598, 0.75527598,
       0.75527598, 0.75527598, 0.77423675, 0.77423675, 0.77423675,
       0.77423675, 0.77423675, 0.79136415, 0.80812438, 0.82429772,
       0.82429772, 0.82429772, 0.83935477, 0.83935477, 0.85366905,
       0.85366905, 0.8808355 , 0.8808355 , 0.8808355 , 0.90550576,
       0.92942928, 0.92942928, 0.95167597, 0.96266286, 0.96266286,
       0.97265316, 0.97265316, 0.99131748, 1.        , 1.        ,
       1.        , 1.        , 1.        , 1.        , 1.        ,
       1.        , 1.        , 1.        , 1.        , 1.        ,
       1.        , 1.        , 1.        , 1.        , 1.        ,
       1.        , 1.        , 1.        , 1.        , 1.        ,
       1.        ]), array([0.        , 0.04233458, 0.12599453, 0.12599453, 0.12599453,
       0.12599453, 0.16589072, 0.16589072, 0.20484186, 0.20484186,
       0.24322796, 0.24322796, 0.24322796, 0.24322796, 0.27975625,
       0.27975625, 0.27975625, 0.27975625, 0.3145554 , 0.3145554 ,
       0.34865772, 0.34865772, 0.34865772, 0.34865772, 0.38102307,
       0.41300925, 0.41300925, 0.4443154 , 0.4443154 , 0.4443154 ,
       0.47406408, 0.50332281, 0.50332281, 0.53174646, 0.53174646,
       0.5593093 , 0.58669094, 0.58669094, 0.58669094, 0.58669094,
       0.58669094, 0.58669094, 0.58669094, 0.61097526, 0.61097526,
       0.65831059, 0.70436912, 0.70436912, 0.70436912, 0.72609788,
       0.72609788, 0.72609788, 0.78776289, 0.78776289, 0.78776289,
       0.78776289, 0.78776289, 0.84310182, 0.84310182, 0.86074044,
       0.8778145 , 0.8778145 , 0.89404601, 0.89404601, 0.89404601,
       0.89404601, 0.89404601, 0.90839836, 0.93587788, 0.93587788,
       0.94896958, 0.96133127, 0.97342611, 0.97342611, 0.97342611,
       0.97342611, 0.97342611, 0.98343712, 0.98343712, 0.99247633,
       0.99247633, 0.99247633, 0.99247633, 1.        , 1.        ,
       1.        , 1.        , 1.        , 1.        , 1.        ,
       1.        , 1.        , 1.        , 1.        , 1.        ,
       1.        , 1.        , 1.        , 1.        , 1.        ,
       1.        ])]","[array([0.00000000e+00, 2.07128853e-04, 2.07128853e-04, 1.70169876e-03,
       1.70169876e-03, 1.70169876e-03, 4.56373898e-03, 4.56373898e-03,
       8.21561416e-03, 8.21561416e-03, 8.21561416e-03, 8.21561416e-03,
       8.21561416e-03, 8.21561416e-03, 2.21181144e-02, 2.21181144e-02,
       2.21181144e-02, 3.03392388e-02, 3.91904036e-02, 3.91904036e-02,
       3.91904036e-02, 3.91904036e-02, 3.91904036e-02, 3.91904036e-02,
       6.34428418e-02, 7.57123984e-02, 7.57123984e-02, 7.57123984e-02,
       7.57123984e-02, 7.57123984e-02, 7.57123984e-02, 7.57123984e-02,
       7.57123984e-02, 7.57123984e-02, 7.57123984e-02, 7.57123984e-02,
       9.36376745e-02, 1.12244445e-01, 1.12244445e-01, 1.12244445e-01,
       1.12244445e-01, 1.12244445e-01, 1.12244445e-01, 1.12244445e-01,
       1.12244445e-01, 1.12244445e-01, 1.12244445e-01, 1.12244445e-01,
       1.36363123e-01, 1.36363123e-01, 1.61460687e-01, 1.61460687e-01,
       2.14265238e-01, 2.14265238e-01, 2.14265238e-01, 2.14265238e-01,
       2.14265238e-01, 2.14265238e-01, 2.43519635e-01, 3.03312778e-01,
       3.03312778e-01, 3.03312778e-01, 4.28646125e-01, 4.28646125e-01,
       4.28646125e-01, 4.94546175e-01, 5.61444568e-01, 5.61444568e-01,
       5.61444568e-01, 6.31115659e-01, 6.66393961e-01, 7.74126938e-01,
       7.74126938e-01, 8.10941763e-01, 9.23547836e-01, 9.61253845e-01,
       9.61253845e-01, 1.00000000e+00, 1.00000000e+00, 1.00000000e+00,
       1.00000000e+00, 1.00000000e+00, 1.00000000e+00, 1.00000000e+00,
       1.00000000e+00, 1.00000000e+00, 1.00000000e+00, 1.00000000e+00,
       1.00000000e+00, 1.00000000e+00, 1.00000000e+00, 1.00000000e+00,
       1.00000000e+00, 1.00000000e+00, 1.00000000e+00, 1.00000000e+00,
       1.00000000e+00, 1.00000000e+00, 1.00000000e+00, 1.00000000e+00,
       1.00000000e+00]), array([0.        , 0.00158311, 0.00263626, 0.00263626, 0.00483353,
       0.00483353, 0.00483353, 0.01412314, 0.01412314, 0.01412314,
       0.02718163, 0.04149877, 0.04993   , 0.04993   , 0.04993   ,
       0.06029909, 0.06029909, 0.06029909, 0.06029909, 0.08599252,
       0.08599252, 0.08599252, 0.08599252, 0.08599252, 0.10273878,
       0.10273878, 0.10273878, 0.10273878, 0.12200912, 0.12200912,
       0.12200912, 0.16485585, 0.16485585, 0.16485585, 0.18836676,
       0.18836676, 0.21379209, 0.21379209, 0.24041446, 0.24041446,
       0.24041446, 0.24041446, 0.26968398, 0.26968398, 0.26968398,
       0.26968398, 0.26968398, 0.26968398, 0.26968398, 0.26968398,
       0.26968398, 0.26968398, 0.26968398, 0.26968398, 0.26968398,
       0.26968398, 0.26968398, 0.26968398, 0.35111209, 0.35111209,
       0.35111209, 0.39374535, 0.43755709, 0.43755709, 0.4821877 ,
       0.5281374 , 0.5281374 , 0.57511374, 0.67114477, 0.67114477,
       0.67114477, 0.67114477, 0.67114477, 0.67114477, 0.72321456,
       0.72321456, 0.72321456, 0.77717843, 0.94186604, 0.94186604,
       0.94186604, 0.94186604, 0.94186604, 1.        , 1.        ,
       1.        , 1.        , 1.        , 1.        , 1.        ,
       1.        , 1.        , 1.        , 1.        , 1.        ,
       1.        , 1.        , 1.        , 1.        , 1.        ,
       1.        ]), array([0.00000000e+00, 5.88741708e-05, 9.64836841e-04, 4.63523505e-03,
       4.63523505e-03, 4.63523505e-03, 8.53240868e-03, 1.79945217e-02,
       2.97083868e-02, 2.97083868e-02, 2.97083868e-02, 3.76607240e-02,
       5.50176967e-02, 5.50176967e-02, 5.50176967e-02, 5.50176967e-02,
       6.61190900e-02, 7.84106990e-02, 9.16436280e-02, 1.05578865e-01,
       1.20125776e-01, 1.20125776e-01, 1.36087008e-01, 1.52827709e-01,
       1.52827709e-01, 1.52827709e-01, 1.52827709e-01, 1.92455010e-01,
       1.92455010e-01, 1.92455010e-01, 2.14265406e-01, 2.36876260e-01,
       2.36876260e-01, 2.36876260e-01, 2.36876260e-01, 2.36876260e-01,
       2.36876260e-01, 2.36876260e-01, 2.64884037e-01, 2.64884037e-01,
       2.64884037e-01, 2.95118696e-01, 2.95118696e-01, 2.95118696e-01,
       3.27410020e-01, 3.27410020e-01, 3.27410020e-01, 3.27410020e-01,
       3.27410020e-01, 3.63510417e-01, 3.99750006e-01, 4.36734167e-01,
       4.36734167e-01, 4.36734167e-01, 4.36734167e-01, 4.36734167e-01,
       5.18597140e-01, 5.18597140e-01, 5.61140584e-01, 6.04133235e-01,
       6.04133235e-01, 6.04133235e-01, 6.49647865e-01, 6.96193807e-01,
       6.96193807e-01, 7.43837853e-01, 7.43837853e-01, 7.93292212e-01,
       8.92639923e-01, 8.92639923e-01, 9.43802040e-01, 9.43802040e-01,
       9.43802040e-01, 9.43802040e-01, 9.43802040e-01, 9.43802040e-01,
       9.43802040e-01, 1.00000000e+00, 1.00000000e+00, 1.00000000e+00,
       1.00000000e+00, 1.00000000e+00, 1.00000000e+00, 1.00000000e+00,
       1.00000000e+00, 1.00000000e+00, 1.00000000e+00, 1.00000000e+00,
       1.00000000e+00, 1.00000000e+00, 1.00000000e+00, 1.00000000e+00,
       1.00000000e+00, 1.00000000e+00, 1.00000000e+00, 1.00000000e+00,
       1.00000000e+00, 1.00000000e+00, 1.00000000e+00, 1.00000000e+00,
       1.00000000e+00]), array([0.00000000e+00, 9.57683963e-04, 2.87914174e-03, 6.27161215e-03,
       8.68024068e-03, 1.13479144e-02, 1.13479144e-02, 1.13479144e-02,
       1.63566052e-02, 1.63566052e-02, 2.82307898e-02, 3.51468663e-02,
       3.51468663e-02, 3.51468663e-02, 3.51468663e-02, 4.42665082e-02,
       5.40300982e-02, 5.40300982e-02, 5.40300982e-02, 5.40300982e-02,
       7.92847911e-02, 9.24564668e-02, 9.24564668e-02, 9.24564668e-02,
       9.24564668e-02, 9.24564668e-02, 9.24564668e-02, 1.09670653e-01,
       1.09670653e-01, 1.09670653e-01, 1.09670653e-01, 1.29341038e-01,
       1.29341038e-01, 1.29341038e-01, 1.29341038e-01, 1.29341038e-01,
       1.29341038e-01, 1.29341038e-01, 1.29341038e-01, 1.53839361e-01,
       1.53839361e-01, 1.53839361e-01, 1.53839361e-01, 1.53839361e-01,
       1.81964302e-01, 1.81964302e-01, 1.81964302e-01, 1.81964302e-01,
       1.81964302e-01, 1.81964302e-01, 1.81964302e-01, 1.81964302e-01,
       2.15158795e-01, 2.15158795e-01, 2.15158795e-01, 2.15158795e-01,
       2.15158795e-01, 2.51326213e-01, 2.88089011e-01, 3.25803512e-01,
       3.25803512e-01, 3.25803512e-01, 3.65328131e-01, 3.65328131e-01,
       4.06057206e-01, 4.06057206e-01, 4.89886268e-01, 4.89886268e-01,
       4.89886268e-01, 5.77763050e-01, 6.66850726e-01, 6.66850726e-01,
       7.58657498e-01, 8.04782158e-01, 8.04782158e-01, 8.52522840e-01,
       8.52522840e-01, 9.50138656e-01, 1.00000000e+00, 1.00000000e+00,
       1.00000000e+00, 1.00000000e+00, 1.00000000e+00, 1.00000000e+00,
       1.00000000e+00, 1.00000000e+00, 1.00000000e+00, 1.00000000e+00,
       1.00000000e+00, 1.00000000e+00, 1.00000000e+00, 1.00000000e+00,
       1.00000000e+00, 1.00000000e+00, 1.00000000e+00, 1.00000000e+00,
       1.00000000e+00, 1.00000000e+00, 1.00000000e+00, 1.00000000e+00,
       1.00000000e+00]), array([0.00000000e+00, 4.32972718e-07, 1.37298667e-03, 1.37298667e-03,
       1.37298667e-03, 1.37298667e-03, 4.68766048e-03, 4.68766048e-03,
       9.28684239e-03, 9.28684239e-03, 1.46540096e-02, 1.46540096e-02,
       1.46540096e-02, 1.46540096e-02, 2.25463041e-02, 2.25463041e-02,
       2.25463041e-02, 2.25463041e-02, 3.27888415e-02, 3.27888415e-02,
       4.39784948e-02, 4.39784948e-02, 4.39784948e-02, 4.39784948e-02,
       5.75290400e-02, 7.15949382e-02, 7.15949382e-02, 8.65851265e-02,
       8.65851265e-02, 8.65851265e-02, 1.03692223e-01, 1.21465258e-01,
       1.21465258e-01, 1.40373322e-01, 1.40373322e-01, 1.60451397e-01,
       1.80775756e-01, 1.80775756e-01, 1.80775756e-01, 1.80775756e-01,
       1.80775756e-01, 1.80775756e-01, 1.80775756e-01, 2.05309961e-01,
       2.05309961e-01, 2.56054705e-01, 3.08534863e-01, 3.08534863e-01,
       3.08534863e-01, 3.36542569e-01, 3.36542569e-01, 3.36542569e-01,
       4.25351802e-01, 4.25351802e-01, 4.25351802e-01, 4.25351802e-01,
       4.25351802e-01, 5.22759386e-01, 5.22759386e-01, 5.56326395e-01,
       5.90660747e-01, 5.90660747e-01, 6.26140287e-01, 6.26140287e-01,
       6.26140287e-01, 6.26140287e-01, 6.26140287e-01, 6.64173967e-01,
       7.41906580e-01, 7.41906580e-01, 7.81653728e-01, 8.22393099e-01,
       8.63495170e-01, 8.63495170e-01, 8.63495170e-01, 8.63495170e-01,
       8.63495170e-01, 9.07429564e-01, 9.07429564e-01, 9.52684831e-01,
       9.52684831e-01, 9.52684831e-01, 9.52684831e-01, 1.00000000e+00,
       1.00000000e+00, 1.00000000e+00, 1.00000000e+00, 1.00000000e+00,
       1.00000000e+00, 1.00000000e+00, 1.00000000e+00, 1.00000000e+00,
       1.00000000e+00, 1.00000000e+00, 1.00000000e+00, 1.00000000e+00,
       1.00000000e+00, 1.00000000e+00, 1.00000000e+00, 1.00000000e+00,
       1.00000000e+00])]","[{'lambda_reg': 0.7897219752341905}, {'lambda_reg': 0.566984951147885}, {'lambda_reg': 0.9724175504919988}, {'lambda_reg': 0.974217634211552}, {'lambda_reg': 0.974217634211552}]",linear,14
"[np.float64(0.11694001773321451), np.float64(0.15299302538303755), np.float64(0.2029270928386848), np.float64(0.1837819037239856), np.float64(0.1347818629169975)]",0.158284780519184,0.0314096117741587,"[np.float64(0.6625976984700668), np.float64(0.6586101216636252), np.float64(0.7839452731064694), np.float64(0.7009706813675805), np.float64(0.6777407670381234)]",0.696772908329173,0.0460504248329253,"[np.float64(0.740302061275718), np.float64(0.7577431163725643), np.float64(0.5492404206244155), np.float64(0.724239869878869), np.float64(0.6482931910943481)]",0.683963731849183,0.0770225035985145,"[array([0.        , 0.        , 0.        , 0.        , 0.        ,
       0.        , 0.        , 0.        , 0.06899981, 0.06899981,
       0.06899981, 0.06899981, 0.06899981, 0.06899981, 0.06899981,
       0.13292391, 0.13292391, 0.13292391, 0.13292391, 0.13292391,
       0.13292391, 0.13292391, 0.13292391, 0.13292391, 0.13292391,
       0.13292391, 0.13292391, 0.13292391, 0.13292391, 0.13292391,
       0.13292391, 0.18479462, 0.18479462, 0.23542174, 0.23542174,
       0.23542174, 0.23542174, 0.28311889, 0.28311889, 0.28311889,
       0.28311889, 0.28311889, 0.28311889, 0.28311889, 0.32528409,
       0.32528409, 0.36588364, 0.36588364, 0.36588364, 0.44356014,
       0.44356014, 0.44356014, 0.44356014, 0.44356014, 0.47864199,
       0.51286798, 0.51286798, 0.51286798, 0.54446947, 0.54446947,
       0.54446947, 0.54446947, 0.54446947, 0.54446947, 0.57216151,
       0.59901108, 0.59901108, 0.59901108, 0.59901108, 0.62224452,
       0.62224452, 0.64444892, 0.64444892, 0.66537811, 0.66537811,
       0.68413288, 0.70258017, 0.7198481 , 0.75419166, 0.78585585,
       0.80143052, 0.84501923, 0.85882007, 0.88470892, 0.90968867,
       0.95661444, 0.98960765, 1.        , 1.        , 1.        ,
       1.        , 1.        , 1.        , 1.        , 1.        ,
       1.        , 1.        , 1.        , 1.        , 1.        ,
       1.        ]), array([0.        , 0.04217961, 0.04217961, 0.04217961, 0.08300882,
       0.08300882, 0.12286124, 0.12286124, 0.12286124, 0.16132588,
       0.16132588, 0.19921627, 0.19921627, 0.23621089, 0.27277304,
       0.27277304, 0.27277304, 0.27277304, 0.3075829 , 0.3075829 ,
       0.3075829 , 0.3075829 , 0.3075829 , 0.3075829 , 0.3075829 ,
       0.33966319, 0.37093562, 0.37093562, 0.40134977, 0.4614142 ,
       0.49137144, 0.52064407, 0.52064407, 0.52064407, 0.52064407,
       0.548231  , 0.548231  , 0.60171538, 0.62811812, 0.62811812,
       0.62811812, 0.62811812, 0.62811812, 0.67664806, 0.70031072,
       0.70031072, 0.70031072, 0.72309601, 0.74508671, 0.74508671,
       0.7664368 , 0.7664368 , 0.7664368 , 0.78648463, 0.78648463,
       0.78648463, 0.78648463, 0.78648463, 0.80429939, 0.82186915,
       0.82186915, 0.82186915, 0.82186915, 0.83760582, 0.83760582,
       0.88254126, 0.89698998, 0.91097589, 0.92490047, 0.92490047,
       0.96374975, 0.97636749, 0.98843995, 1.        , 1.        ,
       1.        , 1.        , 1.        , 1.        , 1.        ,
       1.        , 1.        , 1.        , 1.        , 1.        ,
       1.        , 1.        , 1.        , 1.        , 1.        ,
       1.        , 1.        , 1.        , 1.        , 1.        ,
       1.        , 1.        , 1.        , 1.        , 1.        ,
       1.        ]), array([0.        , 0.        , 0.        , 0.        , 0.        ,
       0.        , 0.        , 0.        , 0.        , 0.        ,
       0.        , 0.        , 0.        , 0.        , 0.        ,
       0.        , 0.03201206, 0.03201206, 0.03201206, 0.03201206,
       0.03201206, 0.03201206, 0.03201206, 0.03201206, 0.03201206,
       0.03201206, 0.03201206, 0.03201206, 0.05953644, 0.05953644,
       0.08608816, 0.1384202 , 0.16421739, 0.26606799, 0.34131862,
       0.44023871, 0.48882415, 0.58496015, 0.63234128, 0.79503687,
       0.93245546, 1.        , 1.        , 1.        , 1.        ,
       1.        , 1.        , 1.        , 1.        , 1.        ,
       1.        , 1.        , 1.        , 1.        , 1.        ,
       1.        , 1.        , 1.        , 1.        , 1.        ,
       1.        , 1.        , 1.        , 1.        , 1.        ,
       1.        , 1.        , 1.        , 1.        , 1.        ,
       1.        , 1.        , 1.        , 1.        , 1.        ,
       1.        , 1.        , 1.        , 1.        , 1.        ,
       1.        , 1.        , 1.        , 1.        , 1.        ,
       1.        , 1.        , 1.        , 1.        , 1.        ,
       1.        , 1.        , 1.        , 1.        , 1.        ,
       1.        , 1.        , 1.        , 1.        , 1.        ,
       1.        ]), array([0.        , 0.        , 0.        , 0.        , 0.        ,
       0.        , 0.        , 0.        , 0.        , 0.        ,
       0.        , 0.        , 0.        , 0.        , 0.05172692,
       0.05172692, 0.05172692, 0.05172692, 0.05172692, 0.05172692,
       0.05172692, 0.05172692, 0.09818441, 0.09818441, 0.09818441,
       0.09818441, 0.14270817, 0.18635773, 0.18635773, 0.18635773,
       0.18635773, 0.26873779, 0.26873779, 0.26873779, 0.26873779,
       0.26873779, 0.26873779, 0.30656687, 0.30656687, 0.34299684,
       0.37917563, 0.37917563, 0.37917563, 0.41350238, 0.41350238,
       0.41350238, 0.41350238, 0.41350238, 0.41350238, 0.41350238,
       0.50410802, 0.56313156, 0.56313156, 0.56313156, 0.56313156,
       0.59046925, 0.66973931, 0.66973931, 0.66973931, 0.66973931,
       0.69366495, 0.69366495, 0.69366495, 0.69366495, 0.7153571 ,
       0.7153571 , 0.7153571 , 0.73515558, 0.73515558, 0.73515558,
       0.73515558, 0.77019516, 0.77019516, 0.81930593, 0.81930593,
       0.81930593, 0.84880999, 0.8766135 , 0.91667825, 0.92966168,
       0.9542798 , 0.98925564, 1.        , 1.        , 1.        ,
       1.        , 1.        , 1.        , 1.        , 1.        ,
       1.        , 1.        , 1.        , 1.        , 1.        ,
       1.        , 1.        , 1.        , 1.        , 1.        ,
       1.        ]), array([0.        , 0.        , 0.        , 0.        , 0.        ,
       0.        , 0.        , 0.        , 0.        , 0.        ,
       0.        , 0.        , 0.        , 0.05271194, 0.05271194,
       0.05271194, 0.05271194, 0.05271194, 0.05271194, 0.05271194,
       0.05271194, 0.05271194, 0.05271194, 0.05271194, 0.05271194,
       0.05271194, 0.05271194, 0.05271194, 0.05271194, 0.05271194,
       0.05271194, 0.05271194, 0.05271194, 0.05271194, 0.092651  ,
       0.092651  , 0.13129438, 0.13129438, 0.13129438, 0.13129438,
       0.13129438, 0.16680821, 0.20217552, 0.20217552, 0.20217552,
       0.20217552, 0.23485577, 0.29947395, 0.29947395, 0.33020274,
       0.33020274, 0.33020274, 0.35940069, 0.35940069, 0.35940069,
       0.41412156, 0.44064659, 0.46667799, 0.49209401, 0.54231823,
       0.56661799, 0.56661799, 0.61278283, 0.63514402, 0.67885039,
       0.72107853, 0.74150147, 0.76159721, 0.78129038, 0.83849469,
       0.83849469, 0.87418386, 0.89099638, 0.94060833, 0.9565087 ,
       0.97177745, 0.98631711, 0.98631711, 1.        , 1.        ,
       1.        , 1.        , 1.        , 1.        , 1.        ,
       1.        , 1.        , 1.        , 1.        , 1.        ,
       1.        , 1.        , 1.        , 1.        , 1.        ,
       1.        , 1.        , 1.        , 1.        , 1.        ,
       1.        ])]","[array([0.        , 0.        , 0.        , 0.        , 0.        ,
       0.        , 0.        , 0.        , 0.00285392, 0.00285392,
       0.00285392, 0.00285392, 0.00285392, 0.00285392, 0.00285392,
       0.00815826, 0.00815826, 0.00815826, 0.00815826, 0.00815826,
       0.00815826, 0.00815826, 0.00815826, 0.00815826, 0.00815826,
       0.00815826, 0.00815826, 0.00815826, 0.00815826, 0.00815826,
       0.00815826, 0.01928166, 0.01928166, 0.03100543, 0.03100543,
       0.03100543, 0.03100543, 0.04414371, 0.04414371, 0.04414371,
       0.04414371, 0.04414371, 0.04414371, 0.04414371, 0.05995267,
       0.05995267, 0.07651749, 0.07651749, 0.07651749, 0.11134774,
       0.11134774, 0.11134774, 0.11134774, 0.11134774, 0.13057636,
       0.15021816, 0.15021816, 0.15021816, 0.17112701, 0.17112701,
       0.17112701, 0.17112701, 0.17112701, 0.17112701, 0.19392323,
       0.21712618, 0.21712618, 0.21712618, 0.21712618, 0.2420749 ,
       0.2420749 , 0.26752041, 0.26752041, 0.29358156, 0.29358156,
       0.32069246, 0.34795181, 0.37578052, 0.43153077, 0.48857456,
       0.51722073, 0.60467289, 0.63417541, 0.69400738, 0.75427824,
       0.87628456, 0.96885194, 1.        , 1.        , 1.        ,
       1.        , 1.        , 1.        , 1.        , 1.        ,
       1.        , 1.        , 1.        , 1.        , 1.        ,
       1.        ]), array([0.00000000e+00, 4.80290443e-05, 4.80290443e-05, 4.80290443e-05,
       1.94389161e-03, 1.94389161e-03, 5.17633564e-03, 5.17633564e-03,
       5.17633564e-03, 1.03077828e-02, 1.03077828e-02, 1.62249916e-02,
       1.62249916e-02, 2.33679334e-02, 3.11026561e-02, 3.11026561e-02,
       3.11026561e-02, 3.11026561e-02, 4.12351426e-02, 4.12351426e-02,
       4.12351426e-02, 4.12351426e-02, 4.12351426e-02, 4.12351426e-02,
       4.12351426e-02, 5.51026551e-02, 7.00756110e-02, 7.00756110e-02,
       8.62229864e-02, 1.19563015e-01, 1.36335614e-01, 1.54045008e-01,
       1.54045008e-01, 1.54045008e-01, 1.54045008e-01, 1.74061045e-01,
       1.74061045e-01, 2.16404920e-01, 2.38041354e-01, 2.38041354e-01,
       2.38041354e-01, 2.38041354e-01, 2.38041354e-01, 2.87164672e-01,
       3.12550519e-01, 3.12550519e-01, 3.12550519e-01, 3.39136912e-01,
       3.66810592e-01, 3.66810592e-01, 3.95360851e-01, 3.95360851e-01,
       3.95360851e-01, 4.25693075e-01, 4.25693075e-01, 4.25693075e-01,
       4.25693075e-01, 4.25693075e-01, 4.59080931e-01, 4.92804039e-01,
       4.92804039e-01, 4.92804039e-01, 4.92804039e-01, 5.29035458e-01,
       5.29035458e-01, 6.40842172e-01, 6.78835974e-01, 7.17463074e-01,
       7.56174092e-01, 7.56174092e-01, 8.76308843e-01, 9.16808077e-01,
       9.58053459e-01, 1.00000000e+00, 1.00000000e+00, 1.00000000e+00,
       1.00000000e+00, 1.00000000e+00, 1.00000000e+00, 1.00000000e+00,
       1.00000000e+00, 1.00000000e+00, 1.00000000e+00, 1.00000000e+00,
       1.00000000e+00, 1.00000000e+00, 1.00000000e+00, 1.00000000e+00,
       1.00000000e+00, 1.00000000e+00, 1.00000000e+00, 1.00000000e+00,
       1.00000000e+00, 1.00000000e+00, 1.00000000e+00, 1.00000000e+00,
       1.00000000e+00, 1.00000000e+00, 1.00000000e+00, 1.00000000e+00,
       1.00000000e+00]), array([0.        , 0.        , 0.        , 0.        , 0.        ,
       0.        , 0.        , 0.        , 0.        , 0.        ,
       0.        , 0.        , 0.        , 0.        , 0.        ,
       0.        , 0.01052439, 0.01052439, 0.01052439, 0.01052439,
       0.01052439, 0.01052439, 0.01052439, 0.01052439, 0.01052439,
       0.01052439, 0.01052439, 0.01052439, 0.02921291, 0.02921291,
       0.04967092, 0.09199032, 0.11382099, 0.20357814, 0.27296505,
       0.36805348, 0.41718881, 0.51734215, 0.56866839, 0.75401966,
       0.91659392, 1.        , 1.        , 1.        , 1.        ,
       1.        , 1.        , 1.        , 1.        , 1.        ,
       1.        , 1.        , 1.        , 1.        , 1.        ,
       1.        , 1.        , 1.        , 1.        , 1.        ,
       1.        , 1.        , 1.        , 1.        , 1.        ,
       1.        , 1.        , 1.        , 1.        , 1.        ,
       1.        , 1.        , 1.        , 1.        , 1.        ,
       1.        , 1.        , 1.        , 1.        , 1.        ,
       1.        , 1.        , 1.        , 1.        , 1.        ,
       1.        , 1.        , 1.        , 1.        , 1.        ,
       1.        , 1.        , 1.        , 1.        , 1.        ,
       1.        , 1.        , 1.        , 1.        , 1.        ,
       1.        ]), array([0.        , 0.        , 0.        , 0.        , 0.        ,
       0.        , 0.        , 0.        , 0.        , 0.        ,
       0.        , 0.        , 0.        , 0.        , 0.0053829 ,
       0.0053829 , 0.0053829 , 0.0053829 , 0.0053829 , 0.0053829 ,
       0.0053829 , 0.0053829 , 0.01442966, 0.01442966, 0.01442966,
       0.01442966, 0.02482096, 0.03582008, 0.03582008, 0.03582008,
       0.03582008, 0.0612386 , 0.0612386 , 0.0612386 , 0.0612386 ,
       0.0612386 , 0.0612386 , 0.07628474, 0.07628474, 0.09230369,
       0.1084973 , 0.1084973 , 0.1084973 , 0.12597863, 0.12597863,
       0.12597863, 0.12597863, 0.12597863, 0.12597863, 0.12597863,
       0.18702677, 0.22868521, 0.22868521, 0.22868521, 0.22868521,
       0.25102607, 0.3199559 , 0.3199559 , 0.3199559 , 0.3199559 ,
       0.34466919, 0.34466919, 0.34466919, 0.34466919, 0.37093544,
       0.37093544, 0.37093544, 0.39851836, 0.39851836, 0.39851836,
       0.39851836, 0.45685298, 0.45685298, 0.54675274, 0.54675274,
       0.54675274, 0.60893624, 0.67230214, 0.76849165, 0.80081312,
       0.86639384, 0.9661217 , 1.        , 1.        , 1.        ,
       1.        , 1.        , 1.        , 1.        , 1.        ,
       1.        , 1.        , 1.        , 1.        , 1.        ,
       1.        , 1.        , 1.        , 1.        , 1.        ,
       1.        ]), array([0.        , 0.        , 0.        , 0.        , 0.        ,
       0.        , 0.        , 0.        , 0.        , 0.        ,
       0.        , 0.        , 0.        , 0.00499496, 0.00499496,
       0.00499496, 0.00499496, 0.00499496, 0.00499496, 0.00499496,
       0.00499496, 0.00499496, 0.00499496, 0.00499496, 0.00499496,
       0.00499496, 0.00499496, 0.00499496, 0.00499496, 0.00499496,
       0.00499496, 0.00499496, 0.00499496, 0.00499496, 0.01873706,
       0.01873706, 0.03336646, 0.03336646, 0.03336646, 0.03336646,
       0.03336646, 0.05013904, 0.06701196, 0.06701196, 0.06701196,
       0.06701196, 0.08572504, 0.12365955, 0.12365955, 0.14370903,
       0.14370903, 0.14370903, 0.16480686, 0.16480686, 0.16480686,
       0.20951925, 0.23244755, 0.25571389, 0.27940166, 0.32719346,
       0.35164566, 0.35164566, 0.4022174 , 0.42799719, 0.48025253,
       0.5335202 , 0.56062734, 0.58795855, 0.61556544, 0.69967031,
       0.69967031, 0.757416  , 0.78699563, 0.8762999 , 0.90650418,
       0.93714102, 0.96827714, 0.96827714, 1.        , 1.        ,
       1.        , 1.        , 1.        , 1.        , 1.        ,
       1.        , 1.        , 1.        , 1.        , 1.        ,
       1.        , 1.        , 1.        , 1.        , 1.        ,
       1.        , 1.        , 1.        , 1.        , 1.        ,
       1.        ])]","[{'lambda_reg': 0.1452824663751603, 'gamma': 0.0070689749506246055, 'degree': 2, 'coef0': 0.9170225492671691}, {'lambda_reg': 0.17455141737474106, 'gamma': 0.016131718087174805, 'degree': 5, 'coef0': 0.5191336506268003}, {'lambda_reg': 0.5317196633982109, 'gamma': 0.028504320627871515, 'degree': 3, 'coef0': 0.08980937807409806}, {'lambda_reg': 0.031306996276618315, 'gamma': 0.0010331128773434018, 'degree': 3, 'coef0': 0.5187244659040342}, {'lambda_reg': 0.044311096087544695, 'gamma': 0.0010331128773434018, 'degree': 6, 'coef0': 0.6445812087177805}]",polynomial,20
"[np.float64(0.12462252572835855), np.float64(0.15391698220087122), np.float64(0.17846090448615834), np.float64(0.18659646266489946), np.float64(0.135676869143008)]",0.1558547488446591,0.0238430064006186,"[np.float64(0.6314313234931005), np.float64(0.6869515085897967), np.float64(0.7794953252717849), np.float64(0.7000947548058337), np.float64(0.6884924371245945)]",0.697293069857022,0.0475125854776746,"[np.float64(0.710437881310507), np.float64(0.7579157362400772), np.float64(0.6695589931596988), np.float64(0.7421034976219794), np.float64(0.6691158876859085)]",0.7098263992036342,0.0364241103304424,"[array([0.        , 0.        , 0.        , 0.        , 0.        ,
       0.        , 0.        , 0.        , 0.        , 0.        ,
       0.        , 0.        , 0.        , 0.        , 0.        ,
       0.        , 0.        , 0.        , 0.        , 0.        ,
       0.        , 0.05476144, 0.05476144, 0.05476144, 0.10731723,
       0.10731723, 0.10731723, 0.10731723, 0.10731723, 0.10731723,
       0.15567381, 0.15567381, 0.15567381, 0.20220239, 0.20220239,
       0.20220239, 0.20220239, 0.20220239, 0.20220239, 0.20220239,
       0.2436386 , 0.2842492 , 0.32419599, 0.32419599, 0.36315547,
       0.40135627, 0.40135627, 0.40135627, 0.40135627, 0.43663865,
       0.43663865, 0.47041358, 0.47041358, 0.47041358, 0.50227761,
       0.50227761, 0.50227761, 0.50227761, 0.50227761, 0.53060778,
       0.53060778, 0.55802338, 0.55802338, 0.55802338, 0.55802338,
       0.55802338, 0.55802338, 0.58097141, 0.62543955, 0.62543955,
       0.66756104, 0.68781206, 0.68781206, 0.70681162, 0.70681162,
       0.74183277, 0.74183277, 0.8221386 , 0.86771486, 0.91182232,
       0.91182232, 0.9250496 , 0.9757123 , 1.        , 1.        ,
       1.        , 1.        , 1.        , 1.        , 1.        ,
       1.        , 1.        , 1.        , 1.        , 1.        ,
       1.        , 1.        , 1.        , 1.        , 1.        ,
       1.        ]), array([0.        , 0.        , 0.        , 0.        , 0.        ,
       0.        , 0.        , 0.        , 0.        , 0.        ,
       0.        , 0.        , 0.        , 0.        , 0.        ,
       0.        , 0.        , 0.        , 0.        , 0.        ,
       0.0497907 , 0.0497907 , 0.0497907 , 0.0972542 , 0.14448683,
       0.23748049, 0.23748049, 0.23748049, 0.23748049, 0.28123105,
       0.28123105, 0.28123105, 0.28123105, 0.28123105, 0.32233591,
       0.32233591, 0.36178948, 0.36178948, 0.36178948, 0.39968554,
       0.39968554, 0.39968554, 0.39968554, 0.39968554, 0.39968554,
       0.39968554, 0.39968554, 0.46524648, 0.49768688, 0.49768688,
       0.52908974, 0.55957357, 0.55957357, 0.61829169, 0.6466258 ,
       0.67461513, 0.67461513, 0.70124885, 0.70124885, 0.70124885,
       0.70124885, 0.70124885, 0.70124885, 0.72455262, 0.74709926,
       0.76922961, 0.79051396, 0.79051396, 0.8104944 , 0.8104944 ,
       0.82938023, 0.82938023, 0.84688001, 0.84688001, 0.84688001,
       0.84688001, 0.84688001, 0.84688001, 0.84688001, 0.87329987,
       0.88597382, 0.91004944, 0.93320015, 0.94391838, 0.94391838,
       0.94391838, 0.97067578, 0.97882781, 0.97882781, 1.        ,
       1.        , 1.        , 1.        , 1.        , 1.        ,
       1.        , 1.        , 1.        , 1.        , 1.        ,
       1.        ]), array([0.        , 0.        , 0.        , 0.        , 0.        ,
       0.        , 0.        , 0.        , 0.        , 0.        ,
       0.        , 0.        , 0.        , 0.        , 0.        ,
       0.        , 0.        , 0.        , 0.        , 0.        ,
       0.        , 0.        , 0.        , 0.        , 0.        ,
       0.        , 0.        , 0.        , 0.        , 0.        ,
       0.        , 0.        , 0.        , 0.        , 0.04278783,
       0.04278783, 0.04278783, 0.04278783, 0.04278783, 0.08249051,
       0.08249051, 0.19737706, 0.19737706, 0.23411425, 0.23411425,
       0.26989048, 0.26989048, 0.26989048, 0.30331875, 0.33625004,
       0.36888683, 0.36888683, 0.39994077, 0.49085446, 0.52049098,
       0.52049098, 0.52049098, 0.52049098, 0.52049098, 0.52049098,
       0.57295568, 0.57295568, 0.6227131 , 0.64696744, 0.64696744,
       0.69226426, 0.71468314, 0.7364893 , 0.7364893 , 0.7364893 ,
       0.75596858, 0.77523752, 0.8119528 , 0.84760909, 0.84760909,
       0.84760909, 0.86305567, 0.90817173, 0.93692535, 0.95080645,
       0.96368637, 0.98877932, 0.98877932, 1.        , 1.        ,
       1.        , 1.        , 1.        , 1.        , 1.        ,
       1.        , 1.        , 1.        , 1.        , 1.        ,
       1.        , 1.        , 1.        , 1.        , 1.        ,
       1.        ]), array([0.        , 0.        , 0.        , 0.        , 0.        ,
       0.        , 0.        , 0.        , 0.        , 0.        ,
       0.        , 0.        , 0.        , 0.        , 0.        ,
       0.        , 0.        , 0.        , 0.        , 0.        ,
       0.        , 0.04782031, 0.04782031, 0.04782031, 0.04782031,
       0.04782031, 0.04782031, 0.13640214, 0.13640214, 0.17947691,
       0.22217855, 0.22217855, 0.26338234, 0.30381319, 0.30381319,
       0.30381319, 0.30381319, 0.34200052, 0.37979555, 0.37979555,
       0.41621836, 0.41621836, 0.45148173, 0.48586167, 0.48586167,
       0.51942393, 0.51942393, 0.55181168, 0.55181168, 0.55181168,
       0.58226608, 0.58226608, 0.58226608, 0.61079005, 0.63871803,
       0.69304003, 0.69304003, 0.69304003, 0.71861264, 0.71861264,
       0.71861264, 0.71861264, 0.71861264, 0.71861264, 0.71861264,
       0.73971842, 0.73971842, 0.73971842, 0.75921248, 0.75921248,
       0.75921248, 0.79483374, 0.81206314, 0.81206314, 0.82774215,
       0.82774215, 0.84276594, 0.84276594, 0.8561621 , 0.86912469,
       0.8937385 , 0.92896643, 0.95145074, 0.96227105, 0.98179105,
       0.99115916, 1.        , 1.        , 1.        , 1.        ,
       1.        , 1.        , 1.        , 1.        , 1.        ,
       1.        , 1.        , 1.        , 1.        , 1.        ,
       1.        ]), array([0.        , 0.        , 0.        , 0.        , 0.        ,
       0.        , 0.        , 0.        , 0.        , 0.        ,
       0.        , 0.        , 0.        , 0.        , 0.        ,
       0.        , 0.        , 0.        , 0.        , 0.        ,
       0.        , 0.        , 0.        , 0.        , 0.        ,
       0.        , 0.0454653 , 0.09068715, 0.09068715, 0.09068715,
       0.09068715, 0.09068715, 0.09068715, 0.09068715, 0.13115423,
       0.17143617, 0.17143617, 0.17143617, 0.20992005, 0.20992005,
       0.20992005, 0.24611918, 0.24611918, 0.24611918, 0.24611918,
       0.28014121, 0.31360493, 0.31360493, 0.34582594, 0.34582594,
       0.34582594, 0.34582594, 0.34582594, 0.37466401, 0.40342082,
       0.45922037, 0.48662792, 0.48662792, 0.56414214, 0.5898034 ,
       0.6147951 , 0.6147951 , 0.6147951 , 0.63806667, 0.63806667,
       0.65974919, 0.7229447 , 0.7229447 , 0.74289507, 0.76206911,
       0.79958008, 0.83563671, 0.83563671, 0.86938911, 0.86938911,
       0.9160331 , 0.94599084, 0.97473929, 0.97473929, 0.97473929,
       1.        , 1.        , 1.        , 1.        , 1.        ,
       1.        , 1.        , 1.        , 1.        , 1.        ,
       1.        , 1.        , 1.        , 1.        , 1.        ,
       1.        , 1.        , 1.        , 1.        , 1.        ,
       1.        ])]","[array([0.        , 0.        , 0.        , 0.        , 0.        ,
       0.        , 0.        , 0.        , 0.        , 0.        ,
       0.        , 0.        , 0.        , 0.        , 0.        ,
       0.        , 0.        , 0.        , 0.        , 0.        ,
       0.        , 0.00761253, 0.00761253, 0.00761253, 0.01644352,
       0.01644352, 0.01644352, 0.01644352, 0.01644352, 0.01644352,
       0.02759424, 0.02759424, 0.02759424, 0.03975479, 0.03975479,
       0.03975479, 0.03975479, 0.03975479, 0.03975479, 0.03975479,
       0.05472846, 0.07015823, 0.0859547 , 0.0859547 , 0.10229659,
       0.11905757, 0.11905757, 0.11905757, 0.11905757, 0.13743077,
       0.13743077, 0.1566367 , 0.1566367 , 0.1566367 , 0.17689827,
       0.17689827, 0.17689827, 0.17689827, 0.17689827, 0.19911201,
       0.19911201, 0.22183098, 0.22183098, 0.22183098, 0.22183098,
       0.22183098, 0.22183098, 0.24701793, 0.29818066, 0.29818066,
       0.35063972, 0.37731656, 0.37731656, 0.40468474, 0.40468474,
       0.46106618, 0.46106618, 0.60602322, 0.69443774, 0.78366366,
       0.78366366, 0.81422056, 0.93768916, 1.        , 1.        ,
       1.        , 1.        , 1.        , 1.        , 1.        ,
       1.        , 1.        , 1.        , 1.        , 1.        ,
       1.        , 1.        , 1.        , 1.        , 1.        ,
       1.        ]), array([0.        , 0.        , 0.        , 0.        , 0.        ,
       0.        , 0.        , 0.        , 0.        , 0.        ,
       0.        , 0.        , 0.        , 0.        , 0.        ,
       0.        , 0.        , 0.        , 0.        , 0.        ,
       0.0077306 , 0.0077306 , 0.0077306 , 0.01698756, 0.02639594,
       0.0461779 , 0.0461779 , 0.0461779 , 0.0461779 , 0.0578701 ,
       0.0578701 , 0.0578701 , 0.0578701 , 0.0578701 , 0.07129757,
       0.07129757, 0.08580808, 0.08580808, 0.08580808, 0.10134013,
       0.10134013, 0.10134013, 0.10134013, 0.10134013, 0.10134013,
       0.10134013, 0.10134013, 0.13911466, 0.15822497, 0.15822497,
       0.17801578, 0.19840936, 0.19840936, 0.24067196, 0.2624755 ,
       0.28450517, 0.28450517, 0.30742396, 0.30742396, 0.30742396,
       0.30742396, 0.30742396, 0.30742396, 0.33252681, 0.35812623,
       0.38399869, 0.41042604, 0.41042604, 0.43770858, 0.43770858,
       0.46570906, 0.46570906, 0.49461862, 0.49461862, 0.49461862,
       0.49461862, 0.49461862, 0.49461862, 0.49461862, 0.55806499,
       0.59013972, 0.65512363, 0.72071417, 0.75407161, 0.75407161,
       0.75407161, 0.85768391, 0.89272447, 0.89272447, 1.        ,
       1.        , 1.        , 1.        , 1.        , 1.        ,
       1.        , 1.        , 1.        , 1.        , 1.        ,
       1.        ]), array([0.        , 0.        , 0.        , 0.        , 0.        ,
       0.        , 0.        , 0.        , 0.        , 0.        ,
       0.        , 0.        , 0.        , 0.        , 0.        ,
       0.        , 0.        , 0.        , 0.        , 0.        ,
       0.        , 0.        , 0.        , 0.        , 0.        ,
       0.        , 0.        , 0.        , 0.        , 0.        ,
       0.        , 0.        , 0.        , 0.        , 0.01313288,
       0.01313288, 0.01313288, 0.01313288, 0.01313288, 0.02815353,
       0.02815353, 0.07579862, 0.07579862, 0.09263385, 0.09263385,
       0.11005707, 0.11005707, 0.11005707, 0.12891701, 0.14808104,
       0.16742527, 0.16742527, 0.18773805, 0.25005197, 0.27123206,
       0.27123206, 0.27123206, 0.27123206, 0.27123206, 0.27123206,
       0.31775819, 0.31775819, 0.36594091, 0.39041431, 0.39041431,
       0.44132643, 0.46692294, 0.49289437, 0.49289437, 0.49289437,
       0.5202896 , 0.54781354, 0.60397665, 0.66078775, 0.66078775,
       0.66078775, 0.69065057, 0.78098778, 0.84202258, 0.8728433 ,
       0.90427664, 0.96755138, 0.96755138, 1.        , 1.        ,
       1.        , 1.        , 1.        , 1.        , 1.        ,
       1.        , 1.        , 1.        , 1.        , 1.        ,
       1.        , 1.        , 1.        , 1.        , 1.        ,
       1.        ]), array([0.        , 0.        , 0.        , 0.        , 0.        ,
       0.        , 0.        , 0.        , 0.        , 0.        ,
       0.        , 0.        , 0.        , 0.        , 0.        ,
       0.        , 0.        , 0.        , 0.        , 0.        ,
       0.        , 0.00843783, 0.00843783, 0.00843783, 0.00843783,
       0.00843783, 0.00843783, 0.03011949, 0.03011949, 0.04178833,
       0.05371123, 0.05371123, 0.06665393, 0.0801229 , 0.0801229 ,
       0.0801229 , 0.0801229 , 0.09511936, 0.11038293, 0.11038293,
       0.12658078, 0.12658078, 0.14356803, 0.16115677, 0.16115677,
       0.17930223, 0.17930223, 0.19824735, 0.19824735, 0.19824735,
       0.2185088 , 0.2185088 , 0.2185088 , 0.24008459, 0.26206616,
       0.30707369, 0.30707369, 0.30707369, 0.33065892, 0.33065892,
       0.33065892, 0.33065892, 0.33065892, 0.33065892, 0.33065892,
       0.3572854 , 0.3572854 , 0.3572854 , 0.38500922, 0.38500922,
       0.38500922, 0.4427492 , 0.47201492, 0.47201492, 0.50233622,
       0.50233622, 0.53310364, 0.53310364, 0.56497923, 0.59715001,
       0.66238444, 0.7613886 , 0.8280729 , 0.86170226, 0.93040482,
       0.96502291, 1.        , 1.        , 1.        , 1.        ,
       1.        , 1.        , 1.        , 1.        , 1.        ,
       1.        , 1.        , 1.        , 1.        , 1.        ,
       1.        ]), array([0.        , 0.        , 0.        , 0.        , 0.        ,
       0.        , 0.        , 0.        , 0.        , 0.        ,
       0.        , 0.        , 0.        , 0.        , 0.        ,
       0.        , 0.        , 0.        , 0.        , 0.        ,
       0.        , 0.        , 0.        , 0.        , 0.        ,
       0.        , 0.01045608, 0.02107313, 0.02107313, 0.02107313,
       0.02107313, 0.02107313, 0.02107313, 0.02107313, 0.03483388,
       0.04871704, 0.04871704, 0.04871704, 0.06378902, 0.06378902,
       0.06378902, 0.08037161, 0.08037161, 0.08037161, 0.08037161,
       0.09839362, 0.11678477, 0.11678477, 0.13599756, 0.13599756,
       0.13599756, 0.13599756, 0.13599756, 0.15744704, 0.17895025,
       0.22308996, 0.24548525, 0.24548525, 0.31578421, 0.33933409,
       0.36332667, 0.36332667, 0.36332667, 0.38845655, 0.38845655,
       0.41463706, 0.49440309, 0.49440309, 0.52172884, 0.54956787,
       0.6057994 , 0.6629925 , 0.6629925 , 0.72170908, 0.72170908,
       0.81241846, 0.87364394, 0.93566898, 0.93566898, 0.93566898,
       1.        , 1.        , 1.        , 1.        , 1.        ,
       1.        , 1.        , 1.        , 1.        , 1.        ,
       1.        , 1.        , 1.        , 1.        , 1.        ,
       1.        , 1.        , 1.        , 1.        , 1.        ,
       1.        ])]","[{'lambda_reg': 0.6940420245381972, 'gamma': 0.03299263281612611}, {'lambda_reg': 0.10833638781816698, 'gamma': 0.007583182468315394}, {'lambda_reg': 0.8192602279031006, 'gamma': 0.023739423955292542}, {'lambda_reg': 0.1452824663751603, 'gamma': 0.0070689749506246055}, {'lambda_reg': 0.8192602279031006, 'gamma': 0.023739423955292542}]",laplacian,16
"[np.float64(0.12447701289811448), np.float64(0.17619751667993575), np.float64(0.17454091746551048), np.float64(0.19140803378580729), np.float64(0.13087910239716785)]",0.1595005166453071,0.0267167523675812,"[np.float64(0.6435695835909293), np.float64(0.5984016862622649), np.float64(0.7859518753852555), np.float64(0.7007946059764597), np.float64(0.689466825097809)]",0.6836369152625437,0.0627170799611189,"[np.float64(0.7237461316614506), np.float64(0.7429301847858983), np.float64(0.712651260585776), np.float64(0.7629069326331321), np.float64(0.7152848549031225)]",0.731503872913876,0.0189492630405208,"[array([0.        , 0.06413277, 0.06413277, 0.06413277, 0.06413277,
       0.06413277, 0.06413277, 0.06413277, 0.06413277, 0.06413277,
       0.06413277, 0.06413277, 0.06413277, 0.06413277, 0.06413277,
       0.11891691, 0.11891691, 0.11891691, 0.11891691, 0.11891691,
       0.11891691, 0.11891691, 0.11891691, 0.11891691, 0.11891691,
       0.11891691, 0.11891691, 0.11891691, 0.11891691, 0.11891691,
       0.11891691, 0.11891691, 0.16313444, 0.16313444, 0.16313444,
       0.20487851, 0.20487851, 0.24552943, 0.24552943, 0.24552943,
       0.28438872, 0.28438872, 0.35958591, 0.39626546, 0.39626546,
       0.43216083, 0.46707528, 0.46707528, 0.46707528, 0.46707528,
       0.46707528, 0.46707528, 0.46707528, 0.49726804, 0.52731621,
       0.52731621, 0.52731621, 0.55535463, 0.55535463, 0.55535463,
       0.55535463, 0.58057873, 0.60503891, 0.60503891, 0.62860688,
       0.6512738 , 0.6512738 , 0.6512738 , 0.67227973, 0.67227973,
       0.67227973, 0.72928496, 0.74732665, 0.78274342, 0.78274342,
       0.81551325, 0.81551325, 0.86059449, 0.87492208, 0.90252465,
       0.91550425, 0.94065658, 1.        , 1.        , 1.        ,
       1.        , 1.        , 1.        , 1.        , 1.        ,
       1.        , 1.        , 1.        , 1.        , 1.        ,
       1.        , 1.        , 1.        , 1.        , 1.        ,
       1.        ]), array([0.        , 0.        , 0.0611585 , 0.0611585 , 0.0611585 ,
       0.0611585 , 0.0611585 , 0.0611585 , 0.0611585 , 0.0611585 ,
       0.0611585 , 0.0611585 , 0.0611585 , 0.0611585 , 0.0611585 ,
       0.0611585 , 0.0611585 , 0.0611585 , 0.0611585 , 0.0611585 ,
       0.0611585 , 0.0611585 , 0.0611585 , 0.10910212, 0.10910212,
       0.10910212, 0.10910212, 0.19974315, 0.19974315, 0.19974315,
       0.19974315, 0.24292886, 0.24292886, 0.24292886, 0.24292886,
       0.28348577, 0.32348254, 0.36283806, 0.36283806, 0.36283806,
       0.40018606, 0.40018606, 0.40018606, 0.40018606, 0.40018606,
       0.40018606, 0.40018606, 0.40018606, 0.40018606, 0.43201897,
       0.43201897, 0.52337207, 0.52337207, 0.52337207, 0.52337207,
       0.55180358, 0.57919442, 0.57919442, 0.60548754, 0.65689396,
       0.65689396, 0.65689396, 0.68074973, 0.70407767, 0.72670427,
       0.74849168, 0.76957906, 0.76957906, 0.76957906, 0.7893526 ,
       0.7893526 , 0.7893526 , 0.7893526 , 0.80632707, 0.82242863,
       0.82242863, 0.85308253, 0.86758049, 0.89533284, 0.89533284,
       0.90798394, 0.9203189 , 0.93187994, 0.97554761, 0.99583386,
       0.99583386, 0.99583386, 0.99583386, 0.99583386, 0.99583386,
       0.99583386, 0.99583386, 0.99583386, 0.99583386, 1.        ,
       1.        , 1.        , 1.        , 1.        , 1.        ,
       1.        ]), array([0.        , 0.        , 0.        , 0.        , 0.        ,
       0.        , 0.        , 0.        , 0.        , 0.        ,
       0.        , 0.05907496, 0.05907496, 0.05907496, 0.05907496,
       0.05907496, 0.05907496, 0.05907496, 0.05907496, 0.05907496,
       0.05907496, 0.05907496, 0.05907496, 0.05907496, 0.05907496,
       0.05907496, 0.05907496, 0.05907496, 0.05907496, 0.05907496,
       0.05907496, 0.05907496, 0.05907496, 0.1032265 , 0.14734678,
       0.14734678, 0.14734678, 0.14734678, 0.14734678, 0.22856418,
       0.22856418, 0.22856418, 0.22856418, 0.22856418, 0.26580524,
       0.30220364, 0.30220364, 0.33722306, 0.37149443, 0.37149443,
       0.4375162 , 0.4375162 , 0.4375162 , 0.46880975, 0.46880975,
       0.52925787, 0.52925787, 0.52925787, 0.52925787, 0.58419597,
       0.61088162, 0.63687298, 0.63687298, 0.66186215, 0.66186215,
       0.66186215, 0.68474195, 0.72931391, 0.77230592, 0.77230592,
       0.77230592, 0.77230592, 0.77230592, 0.84510528, 0.86224569,
       0.86224569, 0.86224569, 0.86224569, 0.89160733, 0.89160733,
       0.89160733, 0.90441729, 0.92857126, 0.95196114, 0.95196114,
       0.98296482, 0.99231811, 0.99231811, 0.99231811, 1.        ,
       1.        , 1.        , 1.        , 1.        , 1.        ,
       1.        , 1.        , 1.        , 1.        , 1.        ,
       1.        ]), array([0.        , 0.        , 0.        , 0.        , 0.        ,
       0.        , 0.        , 0.        , 0.        , 0.055936  ,
       0.055936  , 0.055936  , 0.055936  , 0.055936  , 0.055936  ,
       0.055936  , 0.055936  , 0.055936  , 0.10650948, 0.10650948,
       0.10650948, 0.10650948, 0.15468157, 0.15468157, 0.20171285,
       0.20171285, 0.20171285, 0.20171285, 0.24631493, 0.28990836,
       0.28990836, 0.28990836, 0.28990836, 0.33112071, 0.33112071,
       0.37108103, 0.37108103, 0.41028323, 0.41028323, 0.44806965,
       0.44806965, 0.44806965, 0.44806965, 0.44806965, 0.44806965,
       0.44806965, 0.44806965, 0.44806965, 0.44806965, 0.57419997,
       0.57419997, 0.57419997, 0.6041431 , 0.6041431 , 0.6041431 ,
       0.63180449, 0.63180449, 0.68506641, 0.71104047, 0.71104047,
       0.73585776, 0.73585776, 0.73585776, 0.73585776, 0.73585776,
       0.73585776, 0.75694026, 0.75694026, 0.75694026, 0.75694026,
       0.77571081, 0.77571081, 0.77571081, 0.77571081, 0.79200766,
       0.80780218, 0.80780218, 0.83653323, 0.85058702, 0.85058702,
       0.87604989, 0.89958452, 0.91078985, 0.94336198, 0.96347431,
       0.98239147, 0.99158585, 1.        , 1.        , 1.        ,
       1.        , 1.        , 1.        , 1.        , 1.        ,
       1.        , 1.        , 1.        , 1.        , 1.        ,
       1.        ]), array([0.        , 0.        , 0.        , 0.0635328 , 0.0635328 ,
       0.0635328 , 0.0635328 , 0.0635328 , 0.0635328 , 0.0635328 ,
       0.0635328 , 0.0635328 , 0.0635328 , 0.0635328 , 0.0635328 ,
       0.0635328 , 0.0635328 , 0.0635328 , 0.0635328 , 0.0635328 ,
       0.0635328 , 0.0635328 , 0.0635328 , 0.0635328 , 0.163667  ,
       0.163667  , 0.163667  , 0.163667  , 0.163667  , 0.163667  ,
       0.163667  , 0.163667  , 0.163667  , 0.163667  , 0.163667  ,
       0.163667  , 0.20587143, 0.20587143, 0.20587143, 0.20587143,
       0.24532215, 0.28409522, 0.28409522, 0.28409522, 0.32091454,
       0.35722844, 0.35722844, 0.35722844, 0.35722844, 0.35722844,
       0.39024712, 0.4223833 , 0.4223833 , 0.4223833 , 0.4223833 ,
       0.4223833 , 0.4223833 , 0.50736218, 0.50736218, 0.50736218,
       0.50736218, 0.58548976, 0.58548976, 0.63443861, 0.63443861,
       0.6576636 , 0.68019365, 0.68019365, 0.7012377 , 0.7217642 ,
       0.7617677 , 0.78109642, 0.79959945, 0.79959945, 0.81698123,
       0.83390301, 0.84982261, 0.88103989, 0.88103989, 0.90915065,
       0.92256708, 0.93532954, 0.97151455, 0.97151455, 0.98225815,
       0.98225815, 0.99167111, 0.99167111, 1.        , 1.        ,
       1.        , 1.        , 1.        , 1.        , 1.        ,
       1.        , 1.        , 1.        , 1.        , 1.        ,
       1.        ])]","[array([0.00000000e+00, 3.94811466e-22, 3.94811466e-22, 3.94811466e-22,
       3.94811466e-22, 3.94811466e-22, 3.94811466e-22, 3.94811466e-22,
       3.94811466e-22, 3.94811466e-22, 3.94811466e-22, 3.94811466e-22,
       3.94811466e-22, 3.94811466e-22, 3.94811466e-22, 5.73731155e-03,
       5.73731155e-03, 5.73731155e-03, 5.73731155e-03, 5.73731155e-03,
       5.73731155e-03, 5.73731155e-03, 5.73731155e-03, 5.73731155e-03,
       5.73731155e-03, 5.73731155e-03, 5.73731155e-03, 5.73731155e-03,
       5.73731155e-03, 5.73731155e-03, 5.73731155e-03, 5.73731155e-03,
       1.79594236e-02, 1.79594236e-02, 1.79594236e-02, 3.16995120e-02,
       3.16995120e-02, 4.61104713e-02, 4.61104713e-02, 4.61104713e-02,
       6.16209697e-02, 6.16209697e-02, 9.41893535e-02, 1.11037575e-01,
       1.11037575e-01, 1.28367043e-01, 1.46298516e-01, 1.46298516e-01,
       1.46298516e-01, 1.46298516e-01, 1.46298516e-01, 1.46298516e-01,
       1.46298516e-01, 1.67127717e-01, 1.88045656e-01, 1.88045656e-01,
       1.88045656e-01, 2.10196990e-01, 2.10196990e-01, 2.10196990e-01,
       2.10196990e-01, 2.34075493e-01, 2.58422817e-01, 2.58422817e-01,
       2.83317696e-01, 3.08765553e-01, 3.08765553e-01, 3.08765553e-01,
       3.35232772e-01, 3.35232772e-01, 3.35232772e-01, 4.18324381e-01,
       4.46610771e-01, 5.03592660e-01, 5.03592660e-01, 5.62198990e-01,
       5.62198990e-01, 6.52608422e-01, 6.83174186e-01, 7.44951699e-01,
       7.76344727e-01, 8.39625969e-01, 1.00000000e+00, 1.00000000e+00,
       1.00000000e+00, 1.00000000e+00, 1.00000000e+00, 1.00000000e+00,
       1.00000000e+00, 1.00000000e+00, 1.00000000e+00, 1.00000000e+00,
       1.00000000e+00, 1.00000000e+00, 1.00000000e+00, 1.00000000e+00,
       1.00000000e+00, 1.00000000e+00, 1.00000000e+00, 1.00000000e+00,
       1.00000000e+00]), array([0.00000000e+00, 0.00000000e+00, 4.66423811e-04, 4.66423811e-04,
       4.66423811e-04, 4.66423811e-04, 4.66423811e-04, 4.66423811e-04,
       4.66423811e-04, 4.66423811e-04, 4.66423811e-04, 4.66423811e-04,
       4.66423811e-04, 4.66423811e-04, 4.66423811e-04, 4.66423811e-04,
       4.66423811e-04, 4.66423811e-04, 4.66423811e-04, 4.66423811e-04,
       4.66423811e-04, 4.66423811e-04, 4.66423811e-04, 9.53131084e-03,
       9.53131084e-03, 9.53131084e-03, 9.53131084e-03, 3.10746141e-02,
       3.10746141e-02, 3.10746141e-02, 3.10746141e-02, 4.32353031e-02,
       4.32353031e-02, 4.32353031e-02, 4.32353031e-02, 5.71064609e-02,
       7.13420899e-02, 8.59949502e-02, 8.59949502e-02, 8.59949502e-02,
       1.01954035e-01, 1.01954035e-01, 1.01954035e-01, 1.01954035e-01,
       1.01954035e-01, 1.01954035e-01, 1.01954035e-01, 1.01954035e-01,
       1.01954035e-01, 1.21501599e-01, 1.21501599e-01, 1.82841697e-01,
       1.82841697e-01, 1.82841697e-01, 1.82841697e-01, 2.04602434e-01,
       2.27040291e-01, 2.27040291e-01, 2.50192401e-01, 2.97264287e-01,
       2.97264287e-01, 2.97264287e-01, 3.22002296e-01, 3.47083741e-01,
       3.72621528e-01, 3.98705344e-01, 4.25244647e-01, 4.25244647e-01,
       4.25244647e-01, 4.52638816e-01, 4.52638816e-01, 4.52638816e-01,
       4.52638816e-01, 4.81854248e-01, 5.11637644e-01, 5.11637644e-01,
       5.72212469e-01, 6.03039279e-01, 6.65502037e-01, 6.65502037e-01,
       6.97530535e-01, 7.29764731e-01, 7.62502488e-01, 8.95129951e-01,
       9.62450642e-01, 9.62450642e-01, 9.62450642e-01, 9.62450642e-01,
       9.62450642e-01, 9.62450642e-01, 9.62450642e-01, 9.62450642e-01,
       9.62450642e-01, 9.62450642e-01, 1.00000000e+00, 1.00000000e+00,
       1.00000000e+00, 1.00000000e+00, 1.00000000e+00, 1.00000000e+00,
       1.00000000e+00]), array([0.        , 0.        , 0.        , 0.        , 0.        ,
       0.        , 0.        , 0.        , 0.        , 0.        ,
       0.        , 0.00399875, 0.00399875, 0.00399875, 0.00399875,
       0.00399875, 0.00399875, 0.00399875, 0.00399875, 0.00399875,
       0.00399875, 0.00399875, 0.00399875, 0.00399875, 0.00399875,
       0.00399875, 0.00399875, 0.00399875, 0.00399875, 0.00399875,
       0.00399875, 0.00399875, 0.00399875, 0.01677113, 0.02956188,
       0.02956188, 0.02956188, 0.02956188, 0.02956188, 0.05927239,
       0.05927239, 0.05927239, 0.05927239, 0.05927239, 0.0761075 ,
       0.09343803, 0.09343803, 0.11157927, 0.1301603 , 0.1301603 ,
       0.16880447, 0.16880447, 0.16880447, 0.18913619, 0.18913619,
       0.23105716, 0.23105716, 0.23105716, 0.23105716, 0.27621752,
       0.29925828, 0.32270721, 0.32270721, 0.34674534, 0.34674534,
       0.34674534, 0.37202358, 0.42327831, 0.4754619 , 0.4754619 ,
       0.4754619 , 0.4754619 , 0.4754619 , 0.58758048, 0.61623298,
       0.61623298, 0.61623298, 0.61623298, 0.67643   , 0.67643   ,
       0.67643   , 0.70762841, 0.77088707, 0.83459496, 0.83459496,
       0.93255612, 0.96578675, 0.96578675, 0.96578675, 1.        ,
       1.        , 1.        , 1.        , 1.        , 1.        ,
       1.        , 1.        , 1.        , 1.        , 1.        ,
       1.        ]), array([0.        , 0.        , 0.        , 0.        , 0.        ,
       0.        , 0.        , 0.        , 0.        , 0.0035435 ,
       0.0035435 , 0.0035435 , 0.0035435 , 0.0035435 , 0.0035435 ,
       0.0035435 , 0.0035435 , 0.0035435 , 0.01063079, 0.01063079,
       0.01063079, 0.01063079, 0.019305  , 0.019305  , 0.02873312,
       0.02873312, 0.02873312, 0.02873312, 0.03976654, 0.05146653,
       0.05146653, 0.05146653, 0.05146653, 0.06474003, 0.06474003,
       0.07884092, 0.07884092, 0.09344281, 0.09344281, 0.10898031,
       0.10898031, 0.10898031, 0.10898031, 0.10898031, 0.10898031,
       0.10898031, 0.10898031, 0.10898031, 0.10898031, 0.18766148,
       0.18766148, 0.18766148, 0.20838215, 0.20838215, 0.20838215,
       0.23061068, 0.23061068, 0.27642966, 0.29977325, 0.29977325,
       0.32388128, 0.32388128, 0.32388128, 0.32388128, 0.32388128,
       0.32388128, 0.35045742, 0.35045742, 0.35045742, 0.35045742,
       0.37856139, 0.37856139, 0.37856139, 0.37856139, 0.40830009,
       0.43837074, 0.43837074, 0.50040072, 0.53162172, 0.53162172,
       0.59581146, 0.66127545, 0.69437883, 0.79437879, 0.86210438,
       0.93061979, 0.9650521 , 1.        , 1.        , 1.        ,
       1.        , 1.        , 1.        , 1.        , 1.        ,
       1.        , 1.        , 1.        , 1.        , 1.        ,
       1.        ]), array([0.        , 0.        , 0.        , 0.00109414, 0.00109414,
       0.00109414, 0.00109414, 0.00109414, 0.00109414, 0.00109414,
       0.00109414, 0.00109414, 0.00109414, 0.00109414, 0.00109414,
       0.00109414, 0.00109414, 0.00109414, 0.00109414, 0.00109414,
       0.00109414, 0.00109414, 0.00109414, 0.00109414, 0.01931093,
       0.01931093, 0.01931093, 0.01931093, 0.01931093, 0.01931093,
       0.01931093, 0.01931093, 0.01931093, 0.01931093, 0.01931093,
       0.01931093, 0.03309887, 0.03309887, 0.03309887, 0.03309887,
       0.04852571, 0.06435586, 0.06435586, 0.06435586, 0.08134882,
       0.09864257, 0.09864257, 0.09864257, 0.09864257, 0.09864257,
       0.11789751, 0.13767768, 0.13767768, 0.13767768, 0.13767768,
       0.13767768, 0.13767768, 0.20382066, 0.20382066, 0.20382066,
       0.20382066, 0.27404128, 0.27404128, 0.32272156, 0.32272156,
       0.34780532, 0.37330268, 0.37330268, 0.39968444, 0.42637424,
       0.48037844, 0.5077811 , 0.53567518, 0.53567518, 0.56423659,
       0.59307177, 0.62250341, 0.68173682, 0.68173682, 0.74281911,
       0.77374054, 0.80505118, 0.90023435, 0.90023435, 0.93274654,
       0.93274654, 0.96605067, 0.96605067, 1.        , 1.        ,
       1.        , 1.        , 1.        , 1.        , 1.        ,
       1.        , 1.        , 1.        , 1.        , 1.        ,
       1.        ])]","[{'lambda_reg': 0.0037253938395788847, 'gamma': 0.23423849847112907, 'coef0': -4.5354958728000225}, {'lambda_reg': 0.0037253938395788847, 'gamma': 0.23423849847112907, 'coef0': -4.5354958728000225}, {'lambda_reg': 0.016541073183399986, 'gamma': 0.004798876337315295, 'coef0': -1.4390877666500634}, {'lambda_reg': 0.00583215183416258, 'gamma': 0.002715875319811944, 'coef0': 1.761342106085986}, {'lambda_reg': 0.016541073183399986, 'gamma': 0.004798876337315295, 'coef0': -1.4390877666500634}]",sigmoid,19
"[np.float64(0.11904944281054845), np.float64(0.1515035893119977), np.float64(0.17428967785742142), np.float64(0.20009751847555837), np.float64(0.13353542272736807)]",0.1556951302365788,0.0288751011831695,"[np.float64(0.6662753764782456), np.float64(0.7127665547014442), np.float64(0.7874239303573934), np.float64(0.6942400285979716), np.float64(0.6873157457361864)]",0.7096043271742483,0.041656045957807,"[np.float64(0.7188455753056282), np.float64(0.7490530614909441), np.float64(0.7125949935039919), np.float64(0.7886269330842144), np.float64(0.7085888633859867)]",0.7355418853541529,0.0301076939706055,"[array([0.        , 0.        , 0.        , 0.        , 0.        ,
       0.        , 0.        , 0.        , 0.        , 0.        ,
       0.        , 0.        , 0.06181786, 0.06181786, 0.06181786,
       0.06181786, 0.06181786, 0.06181786, 0.06181786, 0.06181786,
       0.06181786, 0.11737874, 0.11737874, 0.11737874, 0.11737874,
       0.11737874, 0.11737874, 0.11737874, 0.11737874, 0.11737874,
       0.11737874, 0.11737874, 0.11737874, 0.16489003, 0.16489003,
       0.25637515, 0.25637515, 0.25637515, 0.25637515, 0.25637515,
       0.25637515, 0.2983441 , 0.2983441 , 0.2983441 , 0.33785197,
       0.33785197, 0.37625361, 0.37625361, 0.41317835, 0.41317835,
       0.41317835, 0.41317835, 0.48070777, 0.48070777, 0.48070777,
       0.48070777, 0.48070777, 0.51149212, 0.54108054, 0.54108054,
       0.56951974, 0.56951974, 0.56951974, 0.56951974, 0.56951974,
       0.56951974, 0.56951974, 0.59309374, 0.59309374, 0.61531918,
       0.63642141, 0.65719078, 0.65719078, 0.69517844, 0.71343297,
       0.74865787, 0.76582266, 0.78209927, 0.8135308 , 0.84368166,
       0.85802264, 0.89866504, 0.95026585, 1.        , 1.        ,
       1.        , 1.        , 1.        , 1.        , 1.        ,
       1.        , 1.        , 1.        , 1.        , 1.        ,
       1.        , 1.        , 1.        , 1.        , 1.        ,
       1.        ]), array([0.        , 0.        , 0.        , 0.        , 0.        ,
       0.        , 0.        , 0.        , 0.        , 0.        ,
       0.        , 0.        , 0.        , 0.05251084, 0.05251084,
       0.05251084, 0.05251084, 0.05251084, 0.05251084, 0.05251084,
       0.10097917, 0.14914376, 0.14914376, 0.14914376, 0.14914376,
       0.19436033, 0.19436033, 0.23841134, 0.23841134, 0.23841134,
       0.28088973, 0.32269952, 0.32269952, 0.32269952, 0.32269952,
       0.32269952, 0.32269952, 0.36112265, 0.36112265, 0.36112265,
       0.36112265, 0.36112265, 0.36112265, 0.36112265, 0.36112265,
       0.36112265, 0.42685826, 0.45918249, 0.45918249, 0.52159235,
       0.55212927, 0.55212927, 0.58157798, 0.58157798, 0.58157798,
       0.58157798, 0.63544565, 0.68821436, 0.68821436, 0.68821436,
       0.68821436, 0.68821436, 0.68821436, 0.71084509, 0.75464423,
       0.75464423, 0.77562339, 0.77562339, 0.79542661, 0.81457143,
       0.81457143, 0.81457143, 0.83144999, 0.83144999, 0.83144999,
       0.83144999, 0.83144999, 0.87432696, 0.88773834, 0.88773834,
       0.88773834, 0.91166611, 0.92266432, 0.94389815, 0.95413295,
       0.99097226, 1.        , 1.        , 1.        , 1.        ,
       1.        , 1.        , 1.        , 1.        , 1.        ,
       1.        , 1.        , 1.        , 1.        , 1.        ,
       1.        ]), array([0.        , 0.        , 0.        , 0.        , 0.        ,
       0.        , 0.        , 0.        , 0.        , 0.        ,
       0.        , 0.        , 0.        , 0.        , 0.05667148,
       0.05667148, 0.05667148, 0.05667148, 0.05667148, 0.05667148,
       0.05667148, 0.05667148, 0.05667148, 0.05667148, 0.05667148,
       0.05667148, 0.05667148, 0.05667148, 0.05667148, 0.05667148,
       0.05667148, 0.05667148, 0.10105225, 0.10105225, 0.10105225,
       0.14398497, 0.14398497, 0.14398497, 0.18471665, 0.225076  ,
       0.225076  , 0.225076  , 0.225076  , 0.26237156, 0.26237156,
       0.29829653, 0.33393059, 0.33393059, 0.36781901, 0.43466767,
       0.43466767, 0.43466767, 0.46643201, 0.46643201, 0.52707906,
       0.52707906, 0.55591815, 0.55591815, 0.58330834, 0.61065447,
       0.63725527, 0.63725527, 0.66212549, 0.66212549, 0.6857146 ,
       0.6857146 , 0.6857146 , 0.75125422, 0.7724096 , 0.7724096 ,
       0.7724096 , 0.79133746, 0.80976861, 0.84537601, 0.84537601,
       0.86223711, 0.87791227, 0.87791227, 0.89252799, 0.89252799,
       0.89252799, 0.89252799, 0.92858294, 0.9516126 , 0.96235793,
       0.98238274, 0.99210978, 0.99210978, 1.        , 1.        ,
       1.        , 1.        , 1.        , 1.        , 1.        ,
       1.        , 1.        , 1.        , 1.        , 1.        ,
       1.        ]), array([0.        , 0.        , 0.        , 0.        , 0.        ,
       0.        , 0.        , 0.0577529 , 0.0577529 , 0.0577529 ,
       0.0577529 , 0.0577529 , 0.0577529 , 0.0577529 , 0.1110709 ,
       0.1110709 , 0.1110709 , 0.16225705, 0.16225705, 0.16225705,
       0.16225705, 0.16225705, 0.16225705, 0.16225705, 0.20963672,
       0.20963672, 0.25559615, 0.25559615, 0.30044606, 0.30044606,
       0.30044606, 0.38602045, 0.42829248, 0.42829248, 0.46894375,
       0.46894375, 0.46894375, 0.46894375, 0.46894375, 0.46894375,
       0.46894375, 0.46894375, 0.46894375, 0.46894375, 0.46894375,
       0.46894375, 0.46894375, 0.60006348, 0.60006348, 0.60006348,
       0.63085309, 0.63085309, 0.63085309, 0.63085309, 0.63085309,
       0.65871793, 0.65871793, 0.65871793, 0.71155652, 0.73735342,
       0.76223764, 0.76223764, 0.76223764, 0.76223764, 0.76223764,
       0.76223764, 0.76223764, 0.78284729, 0.78284729, 0.78284729,
       0.80137141, 0.80137141, 0.80137141, 0.80137141, 0.80137141,
       0.80137141, 0.8166114 , 0.83098715, 0.83098715, 0.85746568,
       0.86998839, 0.86998839, 0.89298151, 0.89298151, 0.92385949,
       0.94265493, 0.96048561, 0.97734716, 0.99295988, 1.        ,
       1.        , 1.        , 1.        , 1.        , 1.        ,
       1.        , 1.        , 1.        , 1.        , 1.        ,
       1.        ]), array([0.        , 0.        , 0.        , 0.        , 0.        ,
       0.        , 0.        , 0.        , 0.0585249 , 0.0585249 ,
       0.0585249 , 0.0585249 , 0.0585249 , 0.0585249 , 0.0585249 ,
       0.0585249 , 0.0585249 , 0.0585249 , 0.0585249 , 0.0585249 ,
       0.0585249 , 0.0585249 , 0.0585249 , 0.10718068, 0.10718068,
       0.10718068, 0.15425803, 0.15425803, 0.15425803, 0.15425803,
       0.15425803, 0.15425803, 0.15425803, 0.15425803, 0.15425803,
       0.19540179, 0.23586296, 0.23586296, 0.23586296, 0.23586296,
       0.23586296, 0.31084337, 0.34789366, 0.34789366, 0.34789366,
       0.34789366, 0.38240787, 0.38240787, 0.38240787, 0.38240787,
       0.41419893, 0.41419893, 0.41419893, 0.41419893, 0.41419893,
       0.44255325, 0.44255325, 0.49729301, 0.52407544, 0.52407544,
       0.60078124, 0.62548022, 0.64998804, 0.67344725, 0.67344725,
       0.67344725, 0.69530804, 0.69530804, 0.71559083, 0.75495588,
       0.75495588, 0.79213966, 0.80987272, 0.80987272, 0.82641655,
       0.85884221, 0.87422128, 0.88882346, 0.90322981, 0.93017688,
       0.95548088, 0.95548088, 0.97906398, 0.97906398, 1.        ,
       1.        , 1.        , 1.        , 1.        , 1.        ,
       1.        , 1.        , 1.        , 1.        , 1.        ,
       1.        , 1.        , 1.        , 1.        , 1.        ,
       1.        ])]","[array([0.        , 0.        , 0.        , 0.        , 0.        ,
       0.        , 0.        , 0.        , 0.        , 0.        ,
       0.        , 0.        , 0.00438214, 0.00438214, 0.00438214,
       0.00438214, 0.00438214, 0.00438214, 0.00438214, 0.00438214,
       0.00438214, 0.01210915, 0.01210915, 0.01210915, 0.01210915,
       0.01210915, 0.01210915, 0.01210915, 0.01210915, 0.01210915,
       0.01210915, 0.01210915, 0.01210915, 0.02413932, 0.02413932,
       0.05009072, 0.05009072, 0.05009072, 0.05009072, 0.05009072,
       0.05009072, 0.06508371, 0.06508371, 0.06508371, 0.08139236,
       0.08139236, 0.09829237, 0.09829237, 0.11598191, 0.11598191,
       0.11598191, 0.11598191, 0.15473957, 0.15473957, 0.15473957,
       0.15473957, 0.15473957, 0.17571165, 0.19732305, 0.19732305,
       0.2195488 , 0.2195488 , 0.2195488 , 0.2195488 , 0.2195488 ,
       0.2195488 , 0.2195488 , 0.24437538, 0.24437538, 0.26992289,
       0.29607085, 0.32239674, 0.32239674, 0.37694687, 0.40461716,
       0.4606442 , 0.48889704, 0.51762468, 0.57567959, 0.63441913,
       0.66418152, 0.75474129, 0.8768717 , 1.        , 1.        ,
       1.        , 1.        , 1.        , 1.        , 1.        ,
       1.        , 1.        , 1.        , 1.        , 1.        ,
       1.        , 1.        , 1.        , 1.        , 1.        ,
       1.        ]), array([0.        , 0.        , 0.        , 0.        , 0.        ,
       0.        , 0.        , 0.        , 0.        , 0.        ,
       0.        , 0.        , 0.        , 0.00525953, 0.00525953,
       0.00525953, 0.00525953, 0.00525953, 0.00525953, 0.00525953,
       0.01326921, 0.02148554, 0.02148554, 0.02148554, 0.02148554,
       0.03170743, 0.03170743, 0.04272226, 0.04272226, 0.04272226,
       0.05480696, 0.06734652, 0.06734652, 0.06734652, 0.06734652,
       0.06734652, 0.06734652, 0.08219005, 0.08219005, 0.08219005,
       0.08219005, 0.08219005, 0.08219005, 0.08219005, 0.08219005,
       0.08219005, 0.1194358 , 0.13842848, 0.13842848, 0.17793677,
       0.19814537, 0.19814537, 0.21909429, 0.21909429, 0.21909429,
       0.21909429, 0.26441392, 0.31048118, 0.31048118, 0.31048118,
       0.31048118, 0.31048118, 0.31048118, 0.33606844, 0.38823779,
       0.38823779, 0.41494862, 0.41494862, 0.44245947, 0.47041822,
       0.47041822, 0.47041822, 0.49991874, 0.49991874, 0.49991874,
       0.49991874, 0.49991874, 0.59369861, 0.62555788, 0.62555788,
       0.62555788, 0.69124592, 0.72474689, 0.79226764, 0.82628798,
       0.9651585 , 1.        , 1.        , 1.        , 1.        ,
       1.        , 1.        , 1.        , 1.        , 1.        ,
       1.        , 1.        , 1.        , 1.        , 1.        ,
       1.        ]), array([0.        , 0.        , 0.        , 0.        , 0.        ,
       0.        , 0.        , 0.        , 0.        , 0.        ,
       0.        , 0.        , 0.        , 0.        , 0.00507185,
       0.00507185, 0.00507185, 0.00507185, 0.00507185, 0.00507185,
       0.00507185, 0.00507185, 0.00507185, 0.00507185, 0.00507185,
       0.00507185, 0.00507185, 0.00507185, 0.00507185, 0.00507185,
       0.00507185, 0.00507185, 0.01749896, 0.01749896, 0.01749896,
       0.03079264, 0.03079264, 0.03079264, 0.04540351, 0.06023719,
       0.06023719, 0.06023719, 0.06023719, 0.07690438, 0.07690438,
       0.09439178, 0.11205327, 0.11205327, 0.13075942, 0.16872719,
       0.16872719, 0.16872719, 0.18870447, 0.18870447, 0.23038353,
       0.23038353, 0.2521114 , 0.2521114 , 0.27470636, 0.29732768,
       0.32039504, 0.32039504, 0.34449805, 0.34449805, 0.36936773,
       0.36936773, 0.36936773, 0.44710522, 0.47343133, 0.47343133,
       0.47343133, 0.50109049, 0.5290469 , 0.58571069, 0.58571069,
       0.61460668, 0.64421238, 0.64421238, 0.67445209, 0.67445209,
       0.67445209, 0.67445209, 0.7698344 , 0.83402523, 0.86658114,
       0.93257018, 0.96573548, 0.96573548, 1.        , 1.        ,
       1.        , 1.        , 1.        , 1.        , 1.        ,
       1.        , 1.        , 1.        , 1.        , 1.        ,
       1.        ]), array([0.        , 0.        , 0.        , 0.        , 0.        ,
       0.        , 0.        , 0.00248681, 0.00248681, 0.00248681,
       0.00248681, 0.00248681, 0.00248681, 0.00248681, 0.00788524,
       0.00788524, 0.00788524, 0.01468329, 0.01468329, 0.01468329,
       0.01468329, 0.01468329, 0.01468329, 0.01468329, 0.02398039,
       0.02398039, 0.0342099 , 0.0342099 , 0.04516786, 0.04516786,
       0.04516786, 0.06979221, 0.0824426 , 0.0824426 , 0.09615707,
       0.09615707, 0.09615707, 0.09615707, 0.09615707, 0.09615707,
       0.09615707, 0.09615707, 0.09615707, 0.09615707, 0.09615707,
       0.09615707, 0.09615707, 0.17168586, 0.17168586, 0.17168586,
       0.19187475, 0.19187475, 0.19187475, 0.19187475, 0.19187475,
       0.21398384, 0.21398384, 0.21398384, 0.26010008, 0.28356682,
       0.30763275, 0.30763275, 0.30763275, 0.30763275, 0.30763275,
       0.30763275, 0.30763275, 0.33450505, 0.33450505, 0.33450505,
       0.36274656, 0.36274656, 0.36274656, 0.36274656, 0.36274656,
       0.36274656, 0.39314418, 0.42410919, 0.42410919, 0.48753149,
       0.51971307, 0.51971307, 0.58542363, 0.58542363, 0.68636063,
       0.75482706, 0.82392689, 0.89366298, 0.96421896, 1.        ,
       1.        , 1.        , 1.        , 1.        , 1.        ,
       1.        , 1.        , 1.        , 1.        , 1.        ,
       1.        ]), array([0.        , 0.        , 0.        , 0.        , 0.        ,
       0.        , 0.        , 0.        , 0.0028166 , 0.0028166 ,
       0.0028166 , 0.0028166 , 0.0028166 , 0.0028166 , 0.0028166 ,
       0.0028166 , 0.0028166 , 0.0028166 , 0.0028166 , 0.0028166 ,
       0.0028166 , 0.0028166 , 0.0028166 , 0.01187064, 0.01187064,
       0.01187064, 0.02192227, 0.02192227, 0.02192227, 0.02192227,
       0.02192227, 0.02192227, 0.02192227, 0.02192227, 0.02192227,
       0.03572403, 0.04995719, 0.04995719, 0.04995719, 0.04995719,
       0.04995719, 0.08217891, 0.09856781, 0.09856781, 0.09856781,
       0.09856781, 0.11655954, 0.11655954, 0.11655954, 0.11655954,
       0.13627235, 0.13627235, 0.13627235, 0.13627235, 0.13627235,
       0.15815724, 0.15815724, 0.20317137, 0.22604971, 0.22604971,
       0.29698623, 0.32118134, 0.34549728, 0.37047595, 0.37047595,
       0.37047595, 0.39646485, 0.39646485, 0.42345107, 0.47818227,
       0.47818227, 0.53429206, 0.56288975, 0.56288975, 0.59223905,
       0.65135604, 0.6814415 , 0.71201795, 0.74271817, 0.80529773,
       0.86891573, 0.86891573, 0.93362136, 0.93362136, 1.        ,
       1.        , 1.        , 1.        , 1.        , 1.        ,
       1.        , 1.        , 1.        , 1.        , 1.        ,
       1.        , 1.        , 1.        , 1.        , 1.        ,
       1.        ])]","[{'lambda_reg': 0.8192602279031006, 'gamma': 0.023739423955292542}, {'lambda_reg': 0.8192602279031006, 'gamma': 0.023739423955292542}, {'lambda_reg': 0.3708059888336652, 'gamma': 0.01324683205408713}, {'lambda_reg': 0.1452824663751603, 'gamma': 0.0070689749506246055}, {'lambda_reg': 0.8192602279031006, 'gamma': 0.023739423955292542}]",rbf,15
"[np.float64(0.1203044693069947), np.float64(0.15159908619961007), np.float64(0.1776437839071149), np.float64(0.19027378642454354), np.float64(0.13478749129329565)]",0.1549217234263117,0.0260032378568979,"[np.float64(0.6662753764782456), np.float64(0.7147935665621638), np.float64(0.7841970361592839), np.float64(0.7013265623854181), np.float64(0.6905291175653021)]",0.7114243318300827,0.0397094984464827,"[np.float64(0.7132571285459299), np.float64(0.7799930978647144), np.float64(0.6746410585453607), np.float64(0.7495333132271507), np.float64(0.7009951031433355)]",0.7236839402652983,0.0370610774048751,"[array([0.        , 0.        , 0.        , 0.        , 0.        ,
       0.        , 0.        , 0.        , 0.        , 0.        ,
       0.        , 0.        , 0.        , 0.        , 0.        ,
       0.05909399, 0.05909399, 0.05909399, 0.05909399, 0.05909399,
       0.05909399, 0.05909399, 0.05909399, 0.05909399, 0.05909399,
       0.11143438, 0.11143438, 0.11143438, 0.11143438, 0.11143438,
       0.11143438, 0.11143438, 0.15852647, 0.15852647, 0.15852647,
       0.20366968, 0.20366968, 0.20366968, 0.2471358 , 0.2471358 ,
       0.28913914, 0.28913914, 0.28913914, 0.28913914, 0.36733969,
       0.36733969, 0.36733969, 0.40449302, 0.40449302, 0.40449302,
       0.40449302, 0.43881165, 0.47235279, 0.47235279, 0.47235279,
       0.47235279, 0.5028179 , 0.53295649, 0.53295649, 0.56172562,
       0.56172562, 0.56172562, 0.56172562, 0.56172562, 0.56172562,
       0.56172562, 0.58559611, 0.58559611, 0.60808684, 0.62974267,
       0.65111085, 0.67140183, 0.67140183, 0.69068034, 0.72730674,
       0.76251209, 0.76251209, 0.79482212, 0.82628893, 0.84111087,
       0.86971852, 0.92351179, 1.        , 1.        , 1.        ,
       1.        , 1.        , 1.        , 1.        , 1.        ,
       1.        , 1.        , 1.        , 1.        , 1.        ,
       1.        , 1.        , 1.        , 1.        , 1.        ,
       1.        ]), array([0.        , 0.        , 0.        , 0.        , 0.        ,
       0.        , 0.        , 0.        , 0.05599943, 0.05599943,
       0.05599943, 0.05599943, 0.05599943, 0.05599943, 0.05599943,
       0.10816793, 0.10816793, 0.15900043, 0.15900043, 0.15900043,
       0.15900043, 0.15900043, 0.2070326 , 0.2070326 , 0.2070326 ,
       0.25296697, 0.29808769, 0.34275963, 0.34275963, 0.34275963,
       0.34275963, 0.34275963, 0.34275963, 0.34275963, 0.38308442,
       0.38308442, 0.38308442, 0.38308442, 0.38308442, 0.38308442,
       0.38308442, 0.38308442, 0.38308442, 0.41796939, 0.41796939,
       0.41796939, 0.51683379, 0.51683379, 0.54869805, 0.58003787,
       0.58003787, 0.58003787, 0.60983679, 0.60983679, 0.60983679,
       0.6652014 , 0.69255047, 0.71876866, 0.71876866, 0.71876866,
       0.71876866, 0.71876866, 0.71876866, 0.74153718, 0.76348087,
       0.76348087, 0.76348087, 0.80420202, 0.80420202, 0.82313728,
       0.84190785, 0.84190785, 0.84190785, 0.84190785, 0.85776733,
       0.85776733, 0.85776733, 0.85776733, 0.85776733, 0.87114521,
       0.88339476, 0.8955518 , 0.9177098 , 0.92845825, 0.92845825,
       0.93798131, 0.94692142, 0.95539591, 0.98560751, 1.        ,
       1.        , 1.        , 1.        , 1.        , 1.        ,
       1.        , 1.        , 1.        , 1.        , 1.        ,
       1.        ]), array([0.        , 0.        , 0.        , 0.        , 0.        ,
       0.        , 0.        , 0.        , 0.        , 0.        ,
       0.        , 0.        , 0.        , 0.        , 0.        ,
       0.        , 0.        , 0.        , 0.        , 0.        ,
       0.        , 0.        , 0.        , 0.        , 0.0492309 ,
       0.0492309 , 0.0492309 , 0.0492309 , 0.0492309 , 0.0492309 ,
       0.0492309 , 0.0492309 , 0.0492309 , 0.0492309 , 0.0492309 ,
       0.0492309 , 0.0492309 , 0.08992646, 0.08992646, 0.08992646,
       0.08992646, 0.12830476, 0.1659191 , 0.20325173, 0.20325173,
       0.20325173, 0.23844277, 0.23844277, 0.27245699, 0.30539807,
       0.33766935, 0.3696674 , 0.40074854, 0.43144836, 0.46160719,
       0.52036136, 0.52036136, 0.54858168, 0.57591155, 0.57591155,
       0.60177047, 0.60177047, 0.62659613, 0.65064722, 0.65064722,
       0.67333565, 0.69559306, 0.73921195, 0.73921195, 0.75921867,
       0.75921867, 0.79770007, 0.85268458, 0.85268458, 0.85268458,
       0.85268458, 0.86859224, 0.88365673, 0.91302708, 0.94028497,
       0.95371799, 0.95371799, 0.97785526, 0.98942191, 1.        ,
       1.        , 1.        , 1.        , 1.        , 1.        ,
       1.        , 1.        , 1.        , 1.        , 1.        ,
       1.        , 1.        , 1.        , 1.        , 1.        ,
       1.        ]), array([0.        , 0.        , 0.        , 0.        , 0.        ,
       0.        , 0.        , 0.        , 0.        , 0.        ,
       0.        , 0.        , 0.        , 0.05141932, 0.05141932,
       0.05141932, 0.05141932, 0.05141932, 0.05141932, 0.05141932,
       0.09881461, 0.09881461, 0.14520852, 0.14520852, 0.14520852,
       0.14520852, 0.14520852, 0.14520852, 0.18778434, 0.22959115,
       0.27133865, 0.27133865, 0.31149879, 0.31149879, 0.35080871,
       0.38935742, 0.42725178, 0.42725178, 0.42725178, 0.42725178,
       0.42725178, 0.42725178, 0.42725178, 0.42725178, 0.42725178,
       0.46011683, 0.4920404 , 0.58617323, 0.58617323, 0.58617323,
       0.58617323, 0.58617323, 0.61467418, 0.61467418, 0.61467418,
       0.64152964, 0.69424727, 0.69424727, 0.69424727, 0.71861896,
       0.71861896, 0.71861896, 0.71861896, 0.71861896, 0.73999908,
       0.73999908, 0.76004862, 0.76004862, 0.76004862, 0.76004862,
       0.76004862, 0.76004862, 0.79317219, 0.79317219, 0.82395324,
       0.82395324, 0.85278477, 0.88061245, 0.88061245, 0.88061245,
       0.89295584, 0.9278175 , 0.94975274, 0.98078215, 0.99075971,
       1.        , 1.        , 1.        , 1.        , 1.        ,
       1.        , 1.        , 1.        , 1.        , 1.        ,
       1.        , 1.        , 1.        , 1.        , 1.        ,
       1.        ]), array([0.        , 0.        , 0.        , 0.        , 0.        ,
       0.        , 0.        , 0.        , 0.        , 0.        ,
       0.        , 0.        , 0.05576367, 0.05576367, 0.05576367,
       0.05576367, 0.05576367, 0.05576367, 0.05576367, 0.05576367,
       0.05576367, 0.05576367, 0.05576367, 0.05576367, 0.05576367,
       0.10350178, 0.10350178, 0.10350178, 0.14894527, 0.14894527,
       0.14894527, 0.14894527, 0.14894527, 0.14894527, 0.14894527,
       0.14894527, 0.18950089, 0.22922406, 0.22922406, 0.22922406,
       0.22922406, 0.26664965, 0.34074767, 0.34074767, 0.37603315,
       0.37603315, 0.37603315, 0.37603315, 0.37603315, 0.37603315,
       0.40794126, 0.40794126, 0.40794126, 0.40794126, 0.40794126,
       0.40794126, 0.43619386, 0.46340236, 0.51720377, 0.54345618,
       0.59467216, 0.59467216, 0.6434474 , 0.66731555, 0.66731555,
       0.68963306, 0.68963306, 0.68963306, 0.70994699, 0.74961191,
       0.76861421, 0.7870174 , 0.80503796, 0.80503796, 0.85474768,
       0.85474768, 0.87037424, 0.90023911, 0.91408852, 0.92772121,
       0.95359697, 0.97781738, 0.97781738, 1.        , 1.        ,
       1.        , 1.        , 1.        , 1.        , 1.        ,
       1.        , 1.        , 1.        , 1.        , 1.        ,
       1.        , 1.        , 1.        , 1.        , 1.        ,
       1.        ])]","[array([0.        , 0.        , 0.        , 0.        , 0.        ,
       0.        , 0.        , 0.        , 0.        , 0.        ,
       0.        , 0.        , 0.        , 0.        , 0.        ,
       0.00545339, 0.00545339, 0.00545339, 0.00545339, 0.00545339,
       0.00545339, 0.00545339, 0.00545339, 0.00545339, 0.00545339,
       0.01459202, 0.01459202, 0.01459202, 0.01459202, 0.01459202,
       0.01459202, 0.01459202, 0.02659451, 0.02659451, 0.02659451,
       0.03966045, 0.03966045, 0.03966045, 0.05364152, 0.05364152,
       0.0684208 , 0.0684208 , 0.0684208 , 0.0684208 , 0.10114759,
       0.10114759, 0.10114759, 0.11857337, 0.11857337, 0.11857337,
       0.11857337, 0.13754598, 0.15694283, 0.15694283, 0.15694283,
       0.15694283, 0.1780182 , 0.19927173, 0.19927173, 0.22127254,
       0.22127254, 0.22127254, 0.22127254, 0.22127254, 0.22127254,
       0.22127254, 0.2459464 , 0.2459464 , 0.27137315, 0.29725549,
       0.32329479, 0.34992189, 0.34992189, 0.37710146, 0.43251409,
       0.48870215, 0.48870215, 0.5464701 , 0.60469817, 0.63430957,
       0.69409781, 0.81554159, 1.        , 1.        , 1.        ,
       1.        , 1.        , 1.        , 1.        , 1.        ,
       1.        , 1.        , 1.        , 1.        , 1.        ,
       1.        , 1.        , 1.        , 1.        , 1.        ,
       1.        ]), array([0.        , 0.        , 0.        , 0.        , 0.        ,
       0.        , 0.        , 0.        , 0.00324444, 0.00324444,
       0.00324444, 0.00324444, 0.00324444, 0.00324444, 0.00324444,
       0.00905168, 0.00905168, 0.01575267, 0.01575267, 0.01575267,
       0.01575267, 0.01575267, 0.02432703, 0.02432703, 0.02432703,
       0.03430475, 0.0448268 , 0.05564907, 0.05564907, 0.05564907,
       0.05564907, 0.05564907, 0.05564907, 0.05564907, 0.06937947,
       0.06937947, 0.06937947, 0.06937947, 0.06937947, 0.06937947,
       0.06937947, 0.06937947, 0.06937947, 0.08674899, 0.08674899,
       0.08674899, 0.14273126, 0.14273126, 0.16212156, 0.1818627 ,
       0.1818627 , 0.1818627 , 0.20263467, 0.20263467, 0.20263467,
       0.24701053, 0.26942139, 0.29258878, 0.29258878, 0.29258878,
       0.29258878, 0.29258878, 0.29258878, 0.31806392, 0.34409085,
       0.34409085, 0.34409085, 0.39826285, 0.39826285, 0.42630235,
       0.45445202, 0.45445202, 0.45445202, 0.45445202, 0.48454915,
       0.48454915, 0.48454915, 0.48454915, 0.48454915, 0.51630641,
       0.54881849, 0.58139246, 0.64798277, 0.68149905, 0.68149905,
       0.71583509, 0.75056111, 0.78559862, 0.92821475, 1.        ,
       1.        , 1.        , 1.        , 1.        , 1.        ,
       1.        , 1.        , 1.        , 1.        , 1.        ,
       1.        ]), array([0.        , 0.        , 0.        , 0.        , 0.        ,
       0.        , 0.        , 0.        , 0.        , 0.        ,
       0.        , 0.        , 0.        , 0.        , 0.        ,
       0.        , 0.        , 0.        , 0.        , 0.        ,
       0.        , 0.        , 0.        , 0.        , 0.00926328,
       0.00926328, 0.00926328, 0.00926328, 0.00926328, 0.00926328,
       0.00926328, 0.00926328, 0.00926328, 0.00926328, 0.00926328,
       0.00926328, 0.00926328, 0.02372424, 0.02372424, 0.02372424,
       0.02372424, 0.03959631, 0.05593361, 0.07244246, 0.07244246,
       0.07244246, 0.09025544, 0.09025544, 0.10878508, 0.1279682 ,
       0.14755921, 0.1673166 , 0.18763236, 0.20818032, 0.22905773,
       0.27176464, 0.27176464, 0.29382252, 0.31642265, 0.31642265,
       0.33991853, 0.33991853, 0.36404362, 0.3886404 , 0.3886404 ,
       0.41406698, 0.43975603, 0.49167972, 0.49167972, 0.51873936,
       0.51873936, 0.57379158, 0.65803699, 0.65803699, 0.65803699,
       0.65803699, 0.6875928 , 0.71766205, 0.77826254, 0.84014943,
       0.87121218, 0.87121218, 0.93499941, 0.96719871, 1.        ,
       1.        , 1.        , 1.        , 1.        , 1.        ,
       1.        , 1.        , 1.        , 1.        , 1.        ,
       1.        , 1.        , 1.        , 1.        , 1.        ,
       1.        ]), array([0.        , 0.        , 0.        , 0.        , 0.        ,
       0.        , 0.        , 0.        , 0.        , 0.        ,
       0.        , 0.        , 0.        , 0.00525042, 0.00525042,
       0.00525042, 0.00525042, 0.00525042, 0.00525042, 0.00525042,
       0.01335033, 0.01335033, 0.02215935, 0.02215935, 0.02215935,
       0.02215935, 0.02215935, 0.02215935, 0.03367203, 0.04572926,
       0.05782848, 0.05782848, 0.07105175, 0.07105175, 0.08487708,
       0.09924143, 0.11406914, 0.11406914, 0.11406914, 0.11406914,
       0.11406914, 0.11406914, 0.11406914, 0.11406914, 0.11406914,
       0.13245821, 0.15151396, 0.20984101, 0.20984101, 0.20984101,
       0.20984101, 0.20984101, 0.23132039, 0.23132039, 0.23132039,
       0.25396496, 0.29995748, 0.29995748, 0.29995748, 0.32436086,
       0.32436086, 0.32436086, 0.32436086, 0.32436086, 0.35088264,
       0.35088264, 0.37834661, 0.37834661, 0.37834661, 0.37834661,
       0.37834661, 0.37834661, 0.43821408, 0.43821408, 0.49974032,
       0.49974032, 0.56264706, 0.62626465, 0.62626465, 0.62626465,
       0.65918551, 0.75948365, 0.82727379, 0.93028562, 0.96488177,
       1.        , 1.        , 1.        , 1.        , 1.        ,
       1.        , 1.        , 1.        , 1.        , 1.        ,
       1.        , 1.        , 1.        , 1.        , 1.        ,
       1.        ]), array([0.        , 0.        , 0.        , 0.        , 0.        ,
       0.        , 0.        , 0.        , 0.        , 0.        ,
       0.        , 0.        , 0.0045136 , 0.0045136 , 0.0045136 ,
       0.0045136 , 0.0045136 , 0.0045136 , 0.0045136 , 0.0045136 ,
       0.0045136 , 0.0045136 , 0.0045136 , 0.0045136 , 0.0045136 ,
       0.01411181, 0.01411181, 0.01411181, 0.02516376, 0.02516376,
       0.02516376, 0.02516376, 0.02516376, 0.02516376, 0.02516376,
       0.02516376, 0.03931243, 0.0539885 , 0.0539885 , 0.0539885 ,
       0.0539885 , 0.0701202 , 0.10286076, 0.10286076, 0.12034832,
       0.12034832, 0.12034832, 0.12034832, 0.12034832, 0.12034832,
       0.13997562, 0.13997562, 0.13997562, 0.13997562, 0.13997562,
       0.13997562, 0.16191887, 0.18452361, 0.23012309, 0.25333356,
       0.30057104, 0.30057104, 0.34935485, 0.37407587, 0.37407587,
       0.39977929, 0.39977929, 0.39977929, 0.42675209, 0.48130775,
       0.50911152, 0.53729486, 0.56572062, 0.56572062, 0.65375508,
       0.65375508, 0.68369756, 0.74446204, 0.77553043, 0.80673612,
       0.8700279 , 0.93436843, 0.93436843, 1.        , 1.        ,
       1.        , 1.        , 1.        , 1.        , 1.        ,
       1.        , 1.        , 1.        , 1.        , 1.        ,
       1.        , 1.        , 1.        , 1.        , 1.        ,
       1.        ])]","[{'lambda_reg': 0.8192602279031006, 'gamma': 0.023739423955292542}, {'lambda_reg': 0.1452824663751603, 'gamma': 0.0070689749506246055}, {'lambda_reg': 0.9447069412831869, 'gamma': 0.019089405616582653}, {'lambda_reg': 0.8192602279031006, 'gamma': 0.023739423955292542}, {'lambda_reg': 0.8192602279031006, 'gamma': 0.023739423955292542}]",cauchy,18
"[np.float64(0.13103767043421108), np.float64(0.14957406276715862), np.float64(0.18102898930931507), np.float64(0.17929172790207026), np.float64(0.13769907684233165)]",0.1557263054510173,0.0208226545189297,"[np.float64(0.657791901707589), np.float64(0.7195001187710718), np.float64(0.7826533307626965), np.float64(0.7057537849616462), np.float64(0.6980961937187042)]",0.7127590659843416,0.0405366820928726,"[np.float64(0.7806220509334574), np.float64(0.7722532139043171), np.float64(0.6408536573469785), np.float64(0.7135478844417187), np.float64(0.652577242968865)]",0.7119708099190674,0.0581974114065851,"[array([0.        , 0.        , 0.        , 0.        , 0.        ,
       0.        , 0.05279828, 0.05279828, 0.05279828, 0.05279828,
       0.05279828, 0.05279828, 0.10185987, 0.10185987, 0.10185987,
       0.10185987, 0.10185987, 0.10185987, 0.14777582, 0.19325368,
       0.23778229, 0.23778229, 0.2812366 , 0.3244598 , 0.40947779,
       0.40947779, 0.40947779, 0.45016327, 0.45016327, 0.45016327,
       0.48928384, 0.48928384, 0.48928384, 0.48928384, 0.48928384,
       0.48928384, 0.48928384, 0.48928384, 0.52424482, 0.52424482,
       0.52424482, 0.52424482, 0.52424482, 0.52424482, 0.52424482,
       0.52424482, 0.52424482, 0.52424482, 0.52424482, 0.58136058,
       0.58136058, 0.60869261, 0.60869261, 0.63536664, 0.66148033,
       0.66148033, 0.66148033, 0.68555351, 0.68555351, 0.68555351,
       0.68555351, 0.70728006, 0.70728006, 0.70728006, 0.72742634,
       0.72742634, 0.76589524, 0.76589524, 0.78416255, 0.81905205,
       0.81905205, 0.83571791, 0.83571791, 0.83571791, 0.83571791,
       0.83571791, 0.84929613, 0.88820521, 0.91294544, 0.91294544,
       0.93577647, 0.94652805, 0.95680056, 0.95680056, 0.97512705,
       0.98375097, 1.        , 1.        , 1.        , 1.        ,
       1.        , 1.        , 1.        , 1.        , 1.        ,
       1.        , 1.        , 1.        , 1.        , 1.        ,
       1.        ]), array([0.        , 0.        , 0.        , 0.        , 0.        ,
       0.        , 0.        , 0.        , 0.        , 0.        ,
       0.        , 0.        , 0.        , 0.        , 0.        ,
       0.05077872, 0.1010654 , 0.1010654 , 0.1010654 , 0.1010654 ,
       0.14934902, 0.14934902, 0.14934902, 0.24149293, 0.24149293,
       0.3315882 , 0.3315882 , 0.37572816, 0.37572816, 0.37572816,
       0.37572816, 0.37572816, 0.37572816, 0.37572816, 0.37572816,
       0.37572816, 0.37572816, 0.41373997, 0.41373997, 0.41373997,
       0.41373997, 0.41373997, 0.41373997, 0.41373997, 0.41373997,
       0.44707852, 0.44707852, 0.47871664, 0.47871664, 0.50932982,
       0.5395701 , 0.56914723, 0.59793391, 0.59793391, 0.65401524,
       0.6813221 , 0.6813221 , 0.6813221 , 0.70684059, 0.70684059,
       0.73103557, 0.73103557, 0.73103557, 0.73103557, 0.77473416,
       0.7961409 , 0.7961409 , 0.81593496, 0.81593496, 0.81593496,
       0.83391966, 0.83391966, 0.83391966, 0.83391966, 0.83391966,
       0.83391966, 0.8629581 , 0.8629581 , 0.87649399, 0.90193737,
       0.90193737, 0.92506679, 0.92506679, 0.93558881, 0.93558881,
       0.95372165, 0.96253102, 0.97046951, 1.        , 1.        ,
       1.        , 1.        , 1.        , 1.        , 1.        ,
       1.        , 1.        , 1.        , 1.        , 1.        ,
       1.        ]), array([0.        , 0.        , 0.        , 0.        , 0.        ,
       0.        , 0.        , 0.        , 0.        , 0.        ,
       0.        , 0.        , 0.        , 0.        , 0.        ,
       0.        , 0.        , 0.        , 0.        , 0.        ,
       0.        , 0.        , 0.        , 0.        , 0.        ,
       0.        , 0.        , 0.        , 0.        , 0.        ,
       0.        , 0.        , 0.        , 0.        , 0.        ,
       0.        , 0.04205871, 0.04205871, 0.04205871, 0.04205871,
       0.04205871, 0.04205871, 0.04205871, 0.04205871, 0.07893702,
       0.07893702, 0.07893702, 0.14902546, 0.21775923, 0.21775923,
       0.25053636, 0.25053636, 0.25053636, 0.2815843 , 0.37257112,
       0.46181479, 0.49060889, 0.49060889, 0.49060889, 0.54504256,
       0.54504256, 0.59651854, 0.59651854, 0.59651854, 0.59651854,
       0.68932422, 0.68932422, 0.7114232 , 0.73283974, 0.77414124,
       0.81386233, 0.83323788, 0.83323788, 0.83323788, 0.88497932,
       0.90153463, 0.90153463, 0.93235914, 0.94734204, 0.96123798,
       0.97459903, 1.        , 1.        , 1.        , 1.        ,
       1.        , 1.        , 1.        , 1.        , 1.        ,
       1.        , 1.        , 1.        , 1.        , 1.        ,
       1.        , 1.        , 1.        , 1.        , 1.        ,
       1.        ]), array([0.        , 0.        , 0.        , 0.        , 0.        ,
       0.        , 0.        , 0.        , 0.        , 0.        ,
       0.        , 0.        , 0.        , 0.        , 0.        ,
       0.        , 0.        , 0.        , 0.        , 0.        ,
       0.        , 0.        , 0.04692518, 0.04692518, 0.04692518,
       0.04692518, 0.04692518, 0.04692518, 0.04692518, 0.04692518,
       0.1315329 , 0.1315329 , 0.1315329 , 0.1315329 , 0.21053862,
       0.24943523, 0.24943523, 0.28734716, 0.28734716, 0.39734262,
       0.39734262, 0.39734262, 0.39734262, 0.39734262, 0.43095753,
       0.43095753, 0.43095753, 0.4629692 , 0.49428571, 0.52518186,
       0.5553751 , 0.5553751 , 0.58429239, 0.58429239, 0.58429239,
       0.58429239, 0.63731374, 0.66350758, 0.66350758, 0.66350758,
       0.68750432, 0.68750432, 0.68750432, 0.70968147, 0.70968147,
       0.70968147, 0.73053297, 0.73053297, 0.73053297, 0.74923456,
       0.74923456, 0.7667235 , 0.78390494, 0.83290076, 0.86403527,
       0.86403527, 0.86403527, 0.87779346, 0.90491498, 0.93030173,
       0.94262756, 0.98931289, 0.98931289, 1.        , 1.        ,
       1.        , 1.        , 1.        , 1.        , 1.        ,
       1.        , 1.        , 1.        , 1.        , 1.        ,
       1.        , 1.        , 1.        , 1.        , 1.        ,
       1.        ]), array([0.        , 0.        , 0.        , 0.        , 0.        ,
       0.        , 0.        , 0.        , 0.        , 0.        ,
       0.        , 0.        , 0.        , 0.        , 0.        ,
       0.        , 0.        , 0.        , 0.        , 0.        ,
       0.        , 0.        , 0.        , 0.        , 0.        ,
       0.04619212, 0.04619212, 0.04619212, 0.04619212, 0.04619212,
       0.04619212, 0.04619212, 0.04619212, 0.08736488, 0.08736488,
       0.08736488, 0.08736488, 0.08736488, 0.12575224, 0.12575224,
       0.12575224, 0.16205991, 0.16205991, 0.19700302, 0.23175096,
       0.29973525, 0.33320506, 0.33320506, 0.33320506, 0.33320506,
       0.36386146, 0.36386146, 0.36386146, 0.36386146, 0.36386146,
       0.39158276, 0.44581725, 0.47230662, 0.49837801, 0.54864434,
       0.59803816, 0.62219948, 0.64544967, 0.64544967, 0.64544967,
       0.66707435, 0.70916524, 0.70916524, 0.74926674, 0.80653955,
       0.84367631, 0.86188084, 0.87913695, 0.89565849, 0.89565849,
       0.92717437, 0.9572    , 1.        , 1.        , 1.        ,
       1.        , 1.        , 1.        , 1.        , 1.        ,
       1.        , 1.        , 1.        , 1.        , 1.        ,
       1.        , 1.        , 1.        , 1.        , 1.        ,
       1.        , 1.        , 1.        , 1.        , 1.        ,
       1.        ])]","[array([0.        , 0.        , 0.        , 0.        , 0.        ,
       0.        , 0.00221088, 0.00221088, 0.00221088, 0.00221088,
       0.00221088, 0.00221088, 0.00733914, 0.00733914, 0.00733914,
       0.00733914, 0.00733914, 0.00733914, 0.01492335, 0.02284959,
       0.03151695, 0.03151695, 0.04102306, 0.05070961, 0.07119793,
       0.07119793, 0.07119793, 0.08286579, 0.08286579, 0.08286579,
       0.09575544, 0.09575544, 0.09575544, 0.09575544, 0.09575544,
       0.09575544, 0.09575544, 0.09575544, 0.11189265, 0.11189265,
       0.11189265, 0.11189265, 0.11189265, 0.11189265, 0.11189265,
       0.11189265, 0.11189265, 0.11189265, 0.11189265, 0.15416544,
       0.15416544, 0.17625891, 0.17625891, 0.1988661 , 0.22191078,
       0.22191078, 0.22191078, 0.24654856, 0.24654856, 0.24654856,
       0.24654856, 0.27301847, 0.27301847, 0.27301847, 0.30072216,
       0.30072216, 0.35755334, 0.35755334, 0.38672402, 0.4463498 ,
       0.4463498 , 0.4767708 , 0.4767708 , 0.4767708 , 0.4767708 ,
       0.4767708 , 0.50960245, 0.60952272, 0.67707246, 0.67707246,
       0.74611281, 0.78115134, 0.8165639 , 0.8165639 , 0.88912112,
       0.92582082, 1.        , 1.        , 1.        , 1.        ,
       1.        , 1.        , 1.        , 1.        , 1.        ,
       1.        , 1.        , 1.        , 1.        , 1.        ,
       1.        ]), array([0.        , 0.        , 0.        , 0.        , 0.        ,
       0.        , 0.        , 0.        , 0.        , 0.        ,
       0.        , 0.        , 0.        , 0.        , 0.        ,
       0.00615251, 0.01264508, 0.01264508, 0.01264508, 0.01264508,
       0.02052202, 0.02052202, 0.02052202, 0.03933297, 0.03933297,
       0.05955978, 0.05955978, 0.07030051, 0.07030051, 0.07030051,
       0.07030051, 0.07030051, 0.07030051, 0.07030051, 0.07030051,
       0.07030051, 0.07030051, 0.08527654, 0.08527654, 0.08527654,
       0.08527654, 0.08527654, 0.08527654, 0.08527654, 0.08527654,
       0.10348239, 0.10348239, 0.12286345, 0.12286345, 0.14295287,
       0.1633    , 0.18410546, 0.20545722, 0.20545722, 0.24919191,
       0.27156641, 0.27156641, 0.27156641, 0.29517689, 0.29517689,
       0.3197021 , 0.3197021 , 0.3197021 , 0.3197021 , 0.37199481,
       0.39844702, 0.39844702, 0.4260138 , 0.4260138 , 0.4260138 ,
       0.45483108, 0.45483108, 0.45483108, 0.45483108, 0.45483108,
       0.45483108, 0.51725579, 0.51725579, 0.54914775, 0.61405709,
       0.61405709, 0.68056567, 0.68056567, 0.71454059, 0.71454059,
       0.78450243, 0.819661  , 0.85542146, 1.        , 1.        ,
       1.        , 1.        , 1.        , 1.        , 1.        ,
       1.        , 1.        , 1.        , 1.        , 1.        ,
       1.        ]), array([0.        , 0.        , 0.        , 0.        , 0.        ,
       0.        , 0.        , 0.        , 0.        , 0.        ,
       0.        , 0.        , 0.        , 0.        , 0.        ,
       0.        , 0.        , 0.        , 0.        , 0.        ,
       0.        , 0.        , 0.        , 0.        , 0.        ,
       0.        , 0.        , 0.        , 0.        , 0.        ,
       0.        , 0.        , 0.        , 0.        , 0.        ,
       0.        , 0.01384548, 0.01384548, 0.01384548, 0.01384548,
       0.01384548, 0.01384548, 0.01384548, 0.01384548, 0.03078268,
       0.03078268, 0.03078268, 0.06684631, 0.10371842, 0.10371842,
       0.12310326, 0.12310326, 0.12310326, 0.14352011, 0.20605796,
       0.26963616, 0.29139812, 0.29139812, 0.29139812, 0.33680472,
       0.33680472, 0.3839765 , 0.3839765 , 0.3839765 , 0.3839765 ,
       0.4843755 , 0.4843755 , 0.5101332 , 0.53629819, 0.58954223,
       0.64372949, 0.67111257, 0.67111257, 0.67111257, 0.75707258,
       0.78613881, 0.78613881, 0.84563566, 0.87564032, 0.9062937 ,
       0.93726632, 1.        , 1.        , 1.        , 1.        ,
       1.        , 1.        , 1.        , 1.        , 1.        ,
       1.        , 1.        , 1.        , 1.        , 1.        ,
       1.        , 1.        , 1.        , 1.        , 1.        ,
       1.        ]), array([0.        , 0.        , 0.        , 0.        , 0.        ,
       0.        , 0.        , 0.        , 0.        , 0.        ,
       0.        , 0.        , 0.        , 0.        , 0.        ,
       0.        , 0.        , 0.        , 0.        , 0.        ,
       0.        , 0.        , 0.00879426, 0.00879426, 0.00879426,
       0.00879426, 0.00879426, 0.00879426, 0.00879426, 0.00879426,
       0.03277942, 0.03277942, 0.03277942, 0.03277942, 0.06064162,
       0.07499229, 0.07499229, 0.09002444, 0.09002444, 0.1377095 ,
       0.1377095 , 0.1377095 , 0.1377095 , 0.1377095 , 0.15571553,
       0.15571553, 0.15571553, 0.17483114, 0.19442785, 0.21431549,
       0.23468959, 0.23468959, 0.25594675, 0.25594675, 0.25594675,
       0.25594675, 0.30179222, 0.32493423, 0.32493423, 0.32493423,
       0.34959681, 0.34959681, 0.34959681, 0.37551869, 0.37551869,
       0.37551869, 0.40235803, 0.40235803, 0.40235803, 0.43068528,
       0.43068528, 0.45985179, 0.4892311 , 0.57913282, 0.64012573,
       0.64012573, 0.64012573, 0.67187422, 0.73564445, 0.80061528,
       0.83335507, 0.96612609, 0.96612609, 1.        , 1.        ,
       1.        , 1.        , 1.        , 1.        , 1.        ,
       1.        , 1.        , 1.        , 1.        , 1.        ,
       1.        , 1.        , 1.        , 1.        , 1.        ,
       1.        ]), array([0.        , 0.        , 0.        , 0.        , 0.        ,
       0.        , 0.        , 0.        , 0.        , 0.        ,
       0.        , 0.        , 0.        , 0.        , 0.        ,
       0.        , 0.        , 0.        , 0.        , 0.        ,
       0.        , 0.        , 0.        , 0.        , 0.        ,
       0.00988529, 0.00988529, 0.00988529, 0.00988529, 0.00988529,
       0.00988529, 0.00988529, 0.00988529, 0.02310999, 0.02310999,
       0.02310999, 0.02310999, 0.02310999, 0.03818785, 0.03818785,
       0.03818785, 0.05464934, 0.05464934, 0.07201868, 0.08951787,
       0.12552192, 0.14387146, 0.14387146, 0.14387146, 0.14387146,
       0.16409279, 0.16409279, 0.16409279, 0.16409279, 0.16409279,
       0.18626685, 0.23141875, 0.25441243, 0.27768419, 0.32547614,
       0.37384857, 0.39839112, 0.42353985, 0.42353985, 0.42353985,
       0.44977005, 0.50300117, 0.50300117, 0.55755586, 0.6413036 ,
       0.69783075, 0.72633639, 0.75547303, 0.78509839, 0.78509839,
       0.84536515, 0.90662339, 1.        , 1.        , 1.        ,
       1.        , 1.        , 1.        , 1.        , 1.        ,
       1.        , 1.        , 1.        , 1.        , 1.        ,
       1.        , 1.        , 1.        , 1.        , 1.        ,
       1.        , 1.        , 1.        , 1.        , 1.        ,
       1.        ])]","[{'lambda_reg': 0.5317196633982109, 'gamma': 1.1971999089592371}, {'lambda_reg': 0.1247117403453705, 'gamma': 0.024020392351233304}, {'lambda_reg': 0.1452824663751603, 'gamma': 0.0070689749506246055}, {'lambda_reg': 0.10833638781816698, 'gamma': 0.007583182468315394}, {'lambda_reg': 0.1452824663751603, 'gamma': 0.0070689749506246055}]",exponential,17
